{"type":"FeatureCollection","schemaVersion":1,"generatedAt":"2026-07-25T14:43:46.140Z","dataAsOf":"Fri, 24 Jul 2026 23:14:01 GMT","sourceId":"parks","features":[{"type":"Feature","id":"cairo:osm:relation:13298373","geometry":{"type":"MultiPolygon","coordinates":[[[[31.60253833,30.01592817],[31.60262392,30.01561245],[31.60288068,30.0153311],[31.60476802,30.01515741],[31.6048418,30.01558893],[31.60492444,30.01570834],[31.60530663,30.01595712],[31.60509266,30.01621494],[31.60523432,30.01631446],[31.60513398,30.01642663],[31.60516792,30.01654876],[31.60532729,30.01656233],[31.605466,30.0166528],[31.60550732,30.0167505],[31.60565636,30.01673421],[31.60574342,30.01661299],[31.60613446,30.01685725],[31.60605183,30.01697304],[31.60735777,30.0178397],[31.60766912,30.01747693],[31.60836267,30.01793468],[31.60878766,30.01813642],[31.60925396,30.01826669],[31.60980142,30.01831283],[31.61038577,30.01825312],[31.61083584,30.0181129],[31.61160613,30.0175674],[31.6124679,30.01668084],[31.61277778,30.01687986],[31.6136971,30.0159535],[31.61380335,30.01605482],[31.61463561,30.01518545],[31.61453231,30.01510856],[31.61547082,30.01414872],[31.61869066,30.01385471],[31.62082148,30.01439208],[31.62069015,30.01471684],[31.6222558,30.01509227],[31.62227941,30.01504161],[31.62326366,30.01528768],[31.62325628,30.01533563],[31.62471421,30.01568211],[31.62483226,30.01534467],[31.62596998,30.01555546],[31.62633741,30.0155247],[31.62670042,30.01543785],[31.63257789,30.01292111],[31.63371413,30.01308938],[31.63485184,30.01339425],[31.63580953,30.01383933],[31.63628911,30.0141252],[31.63672295,30.01446897],[31.63208207,30.01584404],[31.63191237,30.01540076],[31.63110225,30.01563959],[31.63115242,30.01580876],[31.62989813,30.01616248],[31.62986566,30.01599692],[31.62891683,30.01620138],[31.62904668,30.0166926],[31.62656614,30.01725167],[31.62446778,30.0178207],[31.62199019,30.01761172],[31.62199019,30.01729962],[31.62067687,30.0172182],[31.62067392,30.01726524],[31.61929567,30.0171793],[31.61929715,30.01713316],[31.61782151,30.01702551],[31.61784069,30.01742356],[31.61722683,30.01749412],[31.61667494,30.01765334],[31.61594745,30.01797177],[31.61519783,30.018463],[31.614733,30.01894427],[31.61321309,30.02103763],[31.61309504,30.02153429],[31.61327212,30.02194771],[31.61295043,30.02212412],[31.61285304,30.02201285],[31.61271876,30.02200289],[31.61267596,30.02210512],[31.61252102,30.02218021],[31.61239707,30.02217026],[31.61237051,30.02229148],[31.6124679,30.02240727],[31.6122318,30.02254659],[31.6121772,30.02248145],[31.60918903,30.02430251],[31.60805279,30.02508232],[31.60819445,30.02524878],[31.60747286,30.02580695],[31.60736957,30.02604306],[31.60729431,30.02601773],[31.60707739,30.02617695],[31.60676308,30.02498553],[31.60659043,30.02382757],[31.60655207,30.02307491],[31.60684277,30.02135426],[31.60678079,30.02046589],[31.60654912,30.01969242],[31.60278476,30.01651348],[31.60259146,30.01623485],[31.60253833,30.01592817]]],[[[31.63772491,30.01255925],[31.637871,30.01234938],[31.6381012,30.01230414],[31.64128415,30.01201466],[31.6430859,30.01201466],[31.64395062,30.01206351],[31.64392554,30.01226705],[31.64446119,30.01232857],[31.64501308,30.01244889],[31.64502341,30.01242537],[31.64586157,30.01266872],[31.64643265,30.01288583],[31.64641789,30.01293378],[31.64721473,30.01330921],[31.64776515,30.01350371],[31.64841,30.01363941],[31.64886597,30.01369188],[31.6488704,30.01344038],[31.64924226,30.01344943],[31.64925702,30.0135987],[31.64937949,30.01368193],[31.64946065,30.01361679],[31.64963773,30.01361227],[31.64969823,30.01366383],[31.6498089,30.01354532],[31.649803,30.01339606],[31.649924,30.01338249],[31.64995942,30.01354532],[31.65052459,30.01340601],[31.65106615,30.01318256],[31.65098204,30.01306495],[31.65129487,30.01289307],[31.65415613,30.01065587],[31.65584279,30.01050299],[31.65627515,30.01049484],[31.65629138,30.01059255],[31.65769176,30.01059616],[31.65769176,30.01073096],[31.65778768,30.01080423],[31.6579013,30.01074634],[31.65805624,30.01075086],[31.65818315,30.01080695],[31.65827168,30.01072553],[31.65827316,30.01059616],[31.65938432,30.01059255],[31.65938727,30.0103311],[31.66091898,30.01028225],[31.66128936,30.01032115],[31.66162138,30.01047494],[31.66186781,30.01074905],[31.66202423,30.0110693],[31.66232379,30.01132441],[31.66353086,30.01190067],[31.66382008,30.01195676],[31.66433508,30.01193776],[31.66468481,30.01197033],[31.66506552,30.01213769],[31.66538131,30.0124118],[31.66567201,30.01283879],[31.66581662,30.01278813],[31.66697499,30.01440926],[31.66782201,30.01547766],[31.66645705,30.01615705],[31.66636851,30.01600235],[31.66623422,30.01597702],[31.66617815,30.01610005],[31.66601731,30.01618057],[31.66588597,30.01615976],[31.66584908,30.01625113],[31.6659391,30.01639226],[31.6648427,30.0169269],[31.66473498,30.0171006],[31.66470104,30.017296],[31.66496665,30.01734485],[31.66496075,30.01755202],[31.66348511,30.01742265],[31.66349397,30.0170427],[31.66310735,30.01703546],[31.66301291,30.01694952],[31.66288158,30.01701827],[31.66273696,30.01702099],[31.66261596,30.01695947],[31.66253333,30.01703003],[31.66200947,30.0170427],[31.66201243,30.01729781],[31.66137495,30.01717749],[31.65928545,30.01544871],[31.6580651,30.01463633],[31.65721218,30.01431156],[31.65649354,30.0141632],[31.65594313,30.01415325],[31.65592099,30.0138909],[31.65578966,30.01378234],[31.65570703,30.01386286],[31.655527,30.01387281],[31.65543403,30.01382124],[31.6553455,30.01392618],[31.6553632,30.01419034],[31.65475967,30.01430704],[31.65387576,30.01462276],[31.65277494,30.01514746],[31.65288856,30.01531934],[31.65187922,30.01579338],[31.65168591,30.01548218],[31.65082857,30.01590013],[31.65017339,30.01583047],[31.65019552,30.01568663],[31.65013354,30.01560521],[31.64999336,30.01565135],[31.64981923,30.0156233],[31.6497307,30.01555636],[31.64962445,30.01562873],[31.64961264,30.01578433],[31.64828605,30.01562783],[31.64819308,30.01592998],[31.64794665,30.01590284],[31.64670711,30.01548489],[31.64670269,30.01542157],[31.64659939,30.01541795],[31.64659644,30.01544961],[31.64564908,30.01512213],[31.64571106,30.01495024],[31.64206033,30.01374163],[31.64198655,30.01391894],[31.6409359,30.01355889],[31.64036925,30.01348471],[31.63999887,30.01351456],[31.63867374,30.01388728],[31.63807316,30.01351185],[31.63772638,30.01297811],[31.63772491,30.01255925]]],[[[31.66717125,30.01209788],[31.66725389,30.0117315],[31.66747081,30.01136421],[31.66765379,30.01146825],[31.66790317,30.01121314],[31.66830602,30.01097159],[31.66864394,30.01088294],[31.66889775,30.01089289],[31.66885348,30.01104578],[31.66893464,30.01114348],[31.66903351,30.01110367],[31.66922829,30.01111996],[31.66932273,30.011186],[31.66941717,30.01112629],[31.66944521,30.01097069],[31.66956179,30.01098878],[31.6708087,30.01153429],[31.67124549,30.01160666],[31.67124697,30.01141125],[31.67171474,30.01137597],[31.67212202,30.01127103],[31.67244961,30.01111091],[31.6727772,30.01088294],[31.67289968,30.01102045],[31.67391639,30.01048399],[31.67467782,30.0102144],[31.67466454,30.01017279],[31.67478849,30.01016826],[31.67503198,30.01029582],[31.67502755,30.01049122],[31.67513675,30.01057626],[31.67523119,30.01052289],[31.67540531,30.01052832],[31.6754909,30.01058169],[31.67559862,30.01047946],[31.67559862,30.01035643],[31.67667879,30.01082052],[31.67677913,30.01064682],[31.67741218,30.01091098],[31.67840676,30.01115705],[31.67855432,30.01137597],[31.67875796,30.01236023],[31.67883322,30.01312918],[31.67871221,30.01326126],[31.67859416,30.01325945],[31.6778593,30.01305048],[31.67792422,30.01286684],[31.67560157,30.01222544],[31.67560305,30.0120427],[31.6754968,30.01195404],[31.67543925,30.01201827],[31.67533153,30.01204903],[31.67520758,30.01202551],[31.67512789,30.01196038],[31.6750364,30.01204722],[31.6750423,30.01222544],[31.67385147,30.01273928],[31.67396214,30.01290845],[31.66943488,30.01503528],[31.66933601,30.01489687],[31.6691796,30.01493396],[31.6685554,30.01419758],[31.66720077,30.01237471],[31.66717125,30.01209788]]],[[[31.6911297,30.00864936],[31.69119021,30.00836982],[31.69143664,30.00813823],[31.69181292,30.00800796],[31.6931956,30.00779627],[31.69376519,30.00767143],[31.6937888,30.00770581],[31.6938862,30.007685],[31.69387734,30.00765696],[31.69512425,30.00740094],[31.69515082,30.0075285],[31.69526887,30.00759001],[31.69533527,30.0075095],[31.69552415,30.00746608],[31.69563778,30.00749141],[31.69569828,30.00739461],[31.69566877,30.0072761],[31.69631214,30.00714221],[31.69636379,30.00731409],[31.69737608,30.0070626],[31.69742182,30.00721277],[31.69753545,30.00726886],[31.69760185,30.00719197],[31.6977804,30.00714131],[31.69790583,30.00717749],[31.69796191,30.00706893],[31.69791764,30.00691062],[31.69892992,30.00667722],[31.69886647,30.00649267],[31.70261459,30.00543966],[31.7033288,30.00671341],[31.70370066,30.00654967],[31.70381576,30.00674869],[31.70364459,30.00680568],[31.70360917,30.00687715],[31.70372132,30.00693957],[31.70378772,30.0070626],[31.7037892,30.00724534],[31.70385265,30.00726705],[31.70403711,30.00720011],[31.70411236,30.00740004],[31.70371099,30.00750588],[31.70382314,30.0077827],[31.70399284,30.00879048],[31.70319599,30.00897141],[31.70242423,30.00903745],[31.70192694,30.00903383],[31.70016798,30.00883029],[31.69968545,30.00881129],[31.69969135,30.00862493],[31.69872776,30.00865931],[31.69872924,30.00853809],[31.69847838,30.00855166],[31.69846953,30.00837163],[31.69836033,30.00829383],[31.69827474,30.0083852],[31.69814784,30.00843405],[31.69804897,30.00843767],[31.697956,30.00839425],[31.6978955,30.00848833],[31.6979383,30.00865569],[31.69776417,30.00865207],[31.69776712,30.0086973],[31.69686698,30.00868735],[31.6968596,30.008871],[31.69620295,30.00883843],[31.6961454,30.00863941],[31.69602292,30.00858784],[31.69596242,30.00864393],[31.6957514,30.00868193],[31.69567172,30.00866021],[31.69559203,30.00875611],[31.69563335,30.0088909],[31.69439972,30.00903383],[31.69435545,30.00894699],[31.69425363,30.00904559],[31.69351581,30.00906188],[31.6917052,30.0089696],[31.69126399,30.00902026],[31.6911297,30.00864936]]],[[[31.70706806,30.00148996],[31.70721415,30.00063054],[31.70828694,30.00097883],[31.70937006,30.00150443],[31.71012116,30.00234485],[31.71030414,30.00305591],[31.71018018,30.00381762],[31.70992195,30.00450063],[31.70885506,30.00421295],[31.70805527,30.00370635],[31.7071389,30.00206622],[31.70706806,30.00148996]]]]},"properties":{"id":"cairo:osm:relation:13298373","name":"النهر الأخضر","nameAddon":null,"objectNumber":"cairo:osm:relation:13298373","district":"Kairo","locality":null,"type":"Park","areaM2":2843845.2,"areaHa":284.38,"designation":null,"dedicated":null,"builtYear":null,"renovatedYear":null,"planningAreaId":null,"planningAreaName":null,"centroid":[31.646921,30.014346],"bounds":[31.60254,30.00063,31.7103,30.02618],"amenities":{},"sourceId":"parks"}},{"type":"Feature","id":"cairo:osm:relation:16764503","geometry":{"type":"MultiPolygon","coordinates":[[[[31.23703769,29.96550208],[31.23725313,29.96527954],[31.2374789,29.96489958],[31.23738889,29.96459834],[31.23789503,29.96421024],[31.23909768,29.96353628],[31.23927918,29.96347295],[31.23939428,29.96336982],[31.23964662,29.96332187],[31.23996093,29.963112],[31.24080647,29.96271666],[31.24086254,29.96275918],[31.24085221,29.9628406],[31.24074597,29.96313552],[31.24077105,29.96320246],[31.24085221,29.96321603],[31.24100125,29.96309571],[31.24130671,29.96269043],[31.24135688,29.96268319],[31.24137606,29.96273023],[31.24152953,29.9627239],[31.24260527,29.9618862],[31.24260379,29.96182649],[31.24296532,29.9615759],[31.24318519,29.96153881],[31.2433239,29.96158314],[31.24341982,29.96168446],[31.2434213,29.96192148],[31.24305976,29.96240185],[31.24247984,29.96285327],[31.24206961,29.96346662],[31.24160921,29.96403655],[31.24151035,29.96409083],[31.24136721,29.96410802],[31.24118718,29.96408359],[31.24108979,29.96423014],[31.24089943,29.96425095],[31.24082417,29.9643776],[31.24075039,29.96477565],[31.24067661,29.96475665],[31.24066776,29.96458296],[31.24090386,29.96390176],[31.2408832,29.96382667],[31.24107798,29.96374254],[31.24116357,29.96328659],[31.24150002,29.96278813],[31.2413982,29.96277185],[31.24124916,29.96287407],[31.24100125,29.96324317],[31.24092747,29.96372625],[31.24087582,29.96378596],[31.24080647,29.96376244],[31.24079171,29.9636973],[31.24087435,29.96335716],[31.24084188,29.96323865],[31.24061021,29.96325493],[31.24055266,29.96329473],[31.24046855,29.96357789],[31.24038443,29.96446083],[31.24033131,29.96454587],[31.24029294,29.96451601],[31.24000815,29.9645323],[31.23984583,29.96486611],[31.23982517,29.96526506],[31.23973073,29.96555274],[31.23977204,29.96574453],[31.23967318,29.96581599],[31.23958169,29.96577257],[31.23940609,29.96599421],[31.23913162,29.96621223],[31.23885862,29.9663624],[31.23856055,29.96645558],[31.23810162,29.96620409],[31.23709376,29.96553284],[31.23703769,29.96550208]]],[[[31.23994912,29.96556902],[31.24010997,29.96474308],[31.24022949,29.96463181],[31.24034459,29.96459381],[31.24027081,29.96545052],[31.23998454,29.96558531],[31.23994912,29.96556902]]],[[[31.24028999,29.96662385],[31.24040657,29.96649358],[31.24047002,29.96655962],[31.24041247,29.96668808],[31.24057184,29.96685182],[31.24052757,29.96688529],[31.24028999,29.96662385]]],[[[31.2407017,29.96514384],[31.24073416,29.96485254],[31.24078876,29.9648245],[31.24083303,29.96488149],[31.24092009,29.96487516],[31.24098945,29.9647675],[31.24098059,29.96467342],[31.24110012,29.96463633],[31.24125801,29.96442464],[31.24127424,29.96434413],[31.24115914,29.96426904],[31.24119013,29.96422019],[31.24136131,29.96415868],[31.24149559,29.96416139],[31.24140705,29.96437308],[31.2414646,29.96441469],[31.24218766,29.96364574],[31.24225259,29.96363488],[31.24230276,29.96370273],[31.2419796,29.96405826],[31.24095403,29.9649991],[31.24074892,29.9651547],[31.2407017,29.96514384]]]]},"properties":{"id":"cairo:osm:relation:16764503","name":"جزيرة المعادى","nameAddon":null,"objectNumber":"cairo:osm:relation:16764503","district":"Kairo","locality":null,"type":"Park","areaM2":106521.9,"areaHa":10.65,"designation":null,"dedicated":null,"builtYear":null,"renovatedYear":null,"planningAreaId":null,"planningAreaName":null,"centroid":[31.239866,29.964274],"bounds":[31.23704,29.96154,31.24342,29.96689],"amenities":{},"sourceId":"parks"}},{"type":"Feature","id":"cairo:osm:relation:16886724","geometry":{"type":"MultiPolygon","coordinates":[[[[31.22436639,30.04705175],[31.22438705,30.04665099],[31.22674512,30.04677945],[31.22683366,30.04690429],[31.22665068,30.04774561],[31.2258435,30.04780713],[31.22585531,30.04799077],[31.22552624,30.04801882],[31.22516618,30.04789759],[31.22517799,30.04771666],[31.2246143,30.04767324],[31.22465119,30.04706441],[31.22436639,30.04705175]]],[[[31.2246807,30.046575],[31.22469546,30.04632441],[31.2248017,30.04632893],[31.22484302,30.04560792],[31.22680267,30.04574181],[31.22694728,30.04585399],[31.22678643,30.04665913],[31.2267156,30.04667993],[31.22585826,30.04663108],[31.2246807,30.046575]]]]},"properties":{"id":"cairo:osm:relation:16886724","name":"حديقة الزهرية","nameAddon":null,"objectNumber":"cairo:osm:relation:16886724","district":"Kairo","locality":null,"type":"Park","areaM2":47539.6,"areaHa":4.75,"designation":null,"dedicated":null,"builtYear":null,"renovatedYear":null,"planningAreaId":null,"planningAreaName":null,"centroid":[31.225713,30.046759],"bounds":[31.22437,30.04561,31.22695,30.04802],"amenities":{},"sourceId":"parks"}},{"type":"Feature","id":"cairo:osm:relation:18510024","geometry":{"type":"Polygon","coordinates":[[[31.3430947,30.08064592],[31.3442885,30.08056541],[31.34432539,30.08098245],[31.3431316,30.08106387],[31.3430947,30.08064592]],[[31.34383252,30.08067939],[31.34383695,30.0807201],[31.34385908,30.08088113],[31.34414979,30.08083952],[31.34421176,30.08076624],[31.34415716,30.08063778],[31.34404059,30.08067849],[31.34390335,30.08065044],[31.34383252,30.08067939]]]},"properties":{"id":"cairo:osm:relation:18510024","name":"Unbenannter Park 18510024","nameAddon":null,"objectNumber":"cairo:osm:relation:18510024","district":"Kairo","locality":null,"type":"Park","areaM2":4597.1,"areaHa":0.46,"designation":null,"dedicated":null,"builtYear":null,"renovatedYear":null,"planningAreaId":null,"planningAreaName":null,"centroid":[31.343663,30.080823],"bounds":[31.34309,30.08057,31.34433,30.08106],"amenities":{},"sourceId":"parks"}},{"type":"Feature","id":"cairo:osm:relation:7238022","geometry":{"type":"Polygon","coordinates":[[[31.32139988,30.06996562],[31.32156073,30.06934775],[31.32199309,30.06940112],[31.32197391,30.06946988],[31.32242102,30.06954134],[31.32222034,30.06970327],[31.32256564,30.07004614],[31.32239151,30.07014927],[31.32139988,30.06996562]],[[31.32155925,30.06956577],[31.32189422,30.07002804],[31.32213918,30.0698842],[31.32178945,30.06942917],[31.32155925,30.06956577]]]},"properties":{"id":"cairo:osm:relation:7238022","name":"Unbenannter Park 7238022","nameAddon":null,"objectNumber":"cairo:osm:relation:7238022","district":"Kairo","locality":null,"type":"Park","areaM2":4526.6,"areaHa":0.45,"designation":null,"dedicated":null,"builtYear":null,"renovatedYear":null,"planningAreaId":null,"planningAreaName":null,"centroid":[31.321961,30.069782],"bounds":[31.3214,30.06935,31.32257,30.07015],"amenities":{},"sourceId":"parks"}},{"type":"Feature","id":"cairo:osm:way:1001834524","geometry":{"type":"Polygon","coordinates":[[[31.7272784,29.95447892],[31.72732266,29.95422652],[31.72869796,29.95458748],[31.72858729,29.95479555],[31.72843087,29.95493306],[31.72820952,29.95501809],[31.72795866,29.95503347],[31.72771371,29.95497738],[31.72745252,29.95481183],[31.72733152,29.95465623],[31.7272784,29.95447892]]]},"properties":{"id":"cairo:osm:way:1001834524","name":"Catalan clubhouse","nameAddon":null,"objectNumber":"cairo:osm:way:1001834524","district":"Kairo","locality":null,"type":"Park","areaM2":7731.5,"areaHa":0.77,"designation":null,"dedicated":null,"builtYear":null,"renovatedYear":null,"planningAreaId":null,"planningAreaName":null,"centroid":[31.727922,29.954661],"bounds":[31.72728,29.95423,31.7287,29.95503],"amenities":{},"sourceId":"parks"}},{"type":"Feature","id":"cairo:osm:way:1006213047","geometry":{"type":"Polygon","coordinates":[[[31.44202292,29.98789398],[31.44218966,29.98763344],[31.44233132,29.98771666],[31.44213949,29.98801158],[31.44202292,29.98789398]]]},"properties":{"id":"cairo:osm:way:1006213047","name":"Unbenannter Park 1006213047","nameAddon":null,"objectNumber":"cairo:osm:way:1006213047","district":"Kairo","locality":null,"type":"Park","areaM2":585.3,"areaHa":0.06,"designation":null,"dedicated":null,"builtYear":null,"renovatedYear":null,"planningAreaId":null,"planningAreaName":null,"centroid":[31.442172,29.987815],"bounds":[31.44202,29.98763,31.44233,29.98801],"amenities":{},"sourceId":"parks"}},{"type":"Feature","id":"cairo:osm:way:1006213048","geometry":{"type":"Polygon","coordinates":[[[31.44222803,29.98757825],[31.44259399,29.98708884],[31.44270909,29.98714764],[31.44235936,29.98763977],[31.44222803,29.98757825]]]},"properties":{"id":"cairo:osm:way:1006213048","name":"Unbenannter Park 1006213048","nameAddon":null,"objectNumber":"cairo:osm:way:1006213048","district":"Kairo","locality":null,"type":"Park","areaM2":1031,"areaHa":0.1,"designation":null,"dedicated":null,"builtYear":null,"renovatedYear":null,"planningAreaId":null,"planningAreaName":null,"centroid":[31.442469,29.987368],"bounds":[31.44223,29.98709,31.44271,29.98764],"amenities":{},"sourceId":"parks"}},{"type":"Feature","id":"cairo:osm:way:1006213059","geometry":{"type":"Polygon","coordinates":[[[31.44262645,29.98699023],[31.44267957,29.98689072],[31.44279763,29.98683011],[31.44308095,29.98682196],[31.44322851,29.98691243],[31.44338936,29.98716935],[31.44324474,29.98716302],[31.44298651,29.98705356],[31.44281386,29.98709788],[31.44262645,29.98699023]]]},"properties":{"id":"cairo:osm:way:1006213059","name":"Unbenannter Park 1006213059","nameAddon":null,"objectNumber":"cairo:osm:way:1006213059","district":"Kairo","locality":null,"type":"Park","areaM2":1730.4,"areaHa":0.17,"designation":null,"dedicated":null,"builtYear":null,"renovatedYear":null,"planningAreaId":null,"planningAreaName":null,"centroid":[31.443001,29.98698],"bounds":[31.44263,29.98682,31.44339,29.98717],"amenities":{},"sourceId":"parks"}},{"type":"Feature","id":"cairo:osm:way:1014623054","geometry":{"type":"Polygon","coordinates":[[[31.63989852,30.07720554],[31.64003281,30.07699656],[31.64016266,30.07699294],[31.64028662,30.07707255],[31.64009921,30.07732947],[31.64002838,30.07735752],[31.63993836,30.07733852],[31.63989852,30.07720554]]]},"properties":{"id":"cairo:osm:way:1014623054","name":"Unbenannter Park 1014623054","nameAddon":null,"objectNumber":"cairo:osm:way:1014623054","district":"Kairo","locality":null,"type":"Park","areaM2":966.8,"areaHa":0.1,"designation":null,"dedicated":null,"builtYear":null,"renovatedYear":null,"planningAreaId":null,"planningAreaName":null,"centroid":[31.640075,30.077165],"bounds":[31.6399,30.07699,31.64029,30.07736],"amenities":{},"sourceId":"parks"}},{"type":"Feature","id":"cairo:osm:way:1014623055","geometry":{"type":"Polygon","coordinates":[[[31.64038401,30.07656595],[31.64057732,30.07629003],[31.64075292,30.07636512],[31.64059945,30.07666184],[31.64042385,30.07664465],[31.64038401,30.07656595]]]},"properties":{"id":"cairo:osm:way:1014623055","name":"Unbenannter Park 1014623055","nameAddon":null,"objectNumber":"cairo:osm:way:1014623055","district":"Kairo","locality":null,"type":"Park","areaM2":778.3,"areaHa":0.08,"designation":null,"dedicated":null,"builtYear":null,"renovatedYear":null,"planningAreaId":null,"planningAreaName":null,"centroid":[31.640566,30.076488],"bounds":[31.64038,30.07629,31.64075,30.07666],"amenities":{},"sourceId":"parks"}},{"type":"Feature","id":"cairo:osm:way:1022195574","geometry":{"type":"Polygon","coordinates":[[[31.77011763,30.16098245],[31.77042456,30.16082414],[31.77058098,30.1608567],[31.77114319,30.16179392],[31.7715667,30.16281708],[31.7713188,30.16296092],[31.77105613,30.16298625],[31.77053818,30.16160304],[31.77011763,30.16098245]]]},"properties":{"id":"cairo:osm:way:1022195574","name":"Unbenannter Park 1022195574","nameAddon":null,"objectNumber":"cairo:osm:way:1022195574","district":"Kairo","locality":null,"type":"Park","areaM2":11951.2,"areaHa":1.2,"designation":null,"dedicated":null,"builtYear":null,"renovatedYear":null,"planningAreaId":null,"planningAreaName":null,"centroid":[31.770892,30.161929],"bounds":[31.77012,30.16082,31.77157,30.16299],"amenities":{},"sourceId":"parks"}},{"type":"Feature","id":"cairo:osm:way:1022227319","geometry":{"type":"Polygon","coordinates":[[[31.65272771,29.93794464],[31.6528561,29.93746246],[31.65301251,29.93725348],[31.65322058,29.9370816],[31.65346848,29.93695585],[31.65374295,29.93688258],[31.6540307,29.93686629],[31.65431403,29.93690791],[31.65457816,29.93700561],[31.65480984,29.93715307],[31.6551271,29.93756468],[31.65519646,29.93805591],[31.65500462,29.9385218],[31.65482164,29.93871268],[31.65459144,29.93886286],[31.65432878,29.93896327],[31.65404546,29.9390076],[31.65375919,29.93899493],[31.65348324,29.93892528],[31.65323386,29.93880224],[31.65302284,29.93863217],[31.65276313,29.9381916],[31.65272771,29.93794464]]]},"properties":{"id":"cairo:osm:way:1022227319","name":"Unbenannter Park 1022227319","nameAddon":null,"objectNumber":"cairo:osm:way:1022227319","district":"Kairo","locality":null,"type":"Park","areaM2":44212.2,"areaHa":4.42,"designation":null,"dedicated":null,"builtYear":null,"renovatedYear":null,"planningAreaId":null,"planningAreaName":null,"centroid":[31.653964,29.937938],"bounds":[31.65273,29.93687,31.6552,29.93901],"amenities":{},"sourceId":"parks"}},{"type":"Feature","id":"cairo:osm:way:1022227320","geometry":{"type":"Polygon","coordinates":[[[31.67270194,29.94175321],[31.67276835,29.94145377],[31.672941,29.94118781],[31.67320071,29.94098245],[31.6735224,29.94085851],[31.67387212,29.94082866],[31.67436204,29.94095893],[31.6743886,29.94106387],[31.67401821,29.94259635],[31.67391787,29.94275737],[31.67376588,29.9427619],[31.67347665,29.94269314],[31.67314759,29.9425484],[31.67290115,29.94232947],[31.67274769,29.94205536],[31.67270194,29.94175321]]]},"properties":{"id":"cairo:osm:way:1022227320","name":"Unbenannter Park 1022227320","nameAddon":null,"objectNumber":"cairo:osm:way:1022227320","district":"Kairo","locality":null,"type":"Park","areaM2":25409.3,"areaHa":2.54,"designation":null,"dedicated":null,"builtYear":null,"renovatedYear":null,"planningAreaId":null,"planningAreaName":null,"centroid":[31.673552,29.941741],"bounds":[31.6727,29.94083,31.67439,29.94276],"amenities":{},"sourceId":"parks"}},{"type":"Feature","id":"cairo:osm:way:1022227321","geometry":{"type":"Polygon","coordinates":[[[31.66776446,29.95175773],[31.66780725,29.95143387],[31.66791793,29.95129908],[31.66807287,29.95120409],[31.66825732,29.95115886],[31.6684403,29.951167],[31.66861148,29.95122671],[31.66875166,29.95132984],[31.66888595,29.95162204],[31.66879003,29.95192509],[31.66866312,29.95204089],[31.6685008,29.95211507],[31.6683193,29.95214131],[31.66813042,29.95211417],[31.66796367,29.95203365],[31.66783677,29.95191062],[31.66776446,29.95175773]]]},"properties":{"id":"cairo:osm:way:1022227321","name":"Unbenannter Park 1022227321","nameAddon":null,"objectNumber":"cairo:osm:way:1022227321","district":"Kairo","locality":null,"type":"Park","areaM2":9246.8,"areaHa":0.92,"designation":null,"dedicated":null,"builtYear":null,"renovatedYear":null,"planningAreaId":null,"planningAreaName":null,"centroid":[31.668316,29.951649],"bounds":[31.66776,29.95116,31.66889,29.95214],"amenities":{},"sourceId":"parks"}},{"type":"Feature","id":"cairo:osm:way:1085091741","geometry":{"type":"Polygon","coordinates":[[[31.24250492,30.00019269],[31.24262298,30.00012303],[31.2430332,30.00002804],[31.24356443,30.00022073],[31.24297123,30.00119142],[31.2429609,30.0008757],[31.24281038,30.00060792],[31.24250492,30.00019269]]]},"properties":{"id":"cairo:osm:way:1085091741","name":"Unbenannter Park 1085091741","nameAddon":null,"objectNumber":"cairo:osm:way:1085091741","district":"Kairo","locality":null,"type":"Park","areaM2":5925.3,"areaHa":0.59,"designation":null,"dedicated":null,"builtYear":null,"renovatedYear":null,"planningAreaId":null,"planningAreaName":null,"centroid":[31.243042,30.000434],"bounds":[31.2425,30.00003,31.24356,30.00119],"amenities":{},"sourceId":"parks"}},{"type":"Feature","id":"cairo:osm:way:1090730759","geometry":{"type":"Polygon","coordinates":[[[31.71498929,30.01679302],[31.7150306,30.01621042],[31.71528441,30.01553736],[31.71544969,30.01528677],[31.7159514,30.01479012],[31.71651805,30.01446535],[31.71692827,30.01415596],[31.7175082,30.01337344],[31.71765871,30.01282522],[31.7176897,30.01232314],[31.71754509,30.01169622],[31.7172175,30.01118961],[31.71748607,30.01099511],[31.71808665,30.01124118],[31.71841424,30.01289217],[31.71845703,30.01363398],[31.71839948,30.01505609],[31.71830947,30.01574272],[31.71814568,30.01582775],[31.71812059,30.01588927],[31.71810436,30.01609553],[31.71818552,30.01622128],[31.71791695,30.01793107],[31.71541575,30.01786955],[31.71507192,30.01724263],[31.71498929,30.01679302]]]},"properties":{"id":"cairo:osm:way:1090730759","name":"Unbenannter Park 1090730759","nameAddon":null,"objectNumber":"cairo:osm:way:1090730759","district":"Kairo","locality":null,"type":"Park","areaM2":138714.7,"areaHa":13.87,"designation":null,"dedicated":null,"builtYear":null,"renovatedYear":null,"planningAreaId":null,"planningAreaName":null,"centroid":[31.717004,30.015461],"bounds":[31.71499,30.011,31.71846,30.01793],"amenities":{},"sourceId":"parks"}},{"type":"Feature","id":"cairo:osm:way:1090730808","geometry":{"type":"Polygon","coordinates":[[[31.73375792,30.01366474],[31.73383908,30.0132884],[31.73409732,30.01295821],[31.73434522,30.01278089],[31.73435703,30.01253935],[31.73518486,30.01251493],[31.7354549,30.01266238],[31.74958118,30.0125095],[31.74961955,30.0145712],[31.7355641,30.01460829],[31.73524241,30.01479917],[31.73419618,30.01477384],[31.73422275,30.01444635],[31.73388925,30.01411435],[31.7337771,30.01382576],[31.73375792,30.01366474]]]},"properties":{"id":"cairo:osm:way:1090730808","name":"Unbenannter Park 1090730808","nameAddon":null,"objectNumber":"cairo:osm:way:1090730808","district":"Kairo","locality":null,"type":"Park","areaM2":337582.4,"areaHa":33.76,"designation":null,"dedicated":null,"builtYear":null,"renovatedYear":null,"planningAreaId":null,"planningAreaName":null,"centroid":[31.741793,30.013596],"bounds":[31.73376,30.01251,31.74962,30.0148],"amenities":{},"sourceId":"parks"}},{"type":"Feature","id":"cairo:osm:way:1110723708","geometry":{"type":"Polygon","coordinates":[[[31.75334553,30.00851004],[31.7534503,30.00834449],[31.75632484,30.00831283],[31.75645322,30.01870454],[31.75636173,30.01881491],[31.75362148,30.0188321],[31.753499,30.01880315],[31.75342669,30.01871268],[31.75335734,30.00958477],[31.75334553,30.00851004]]]},"properties":{"id":"cairo:osm:way:1110723708","name":"Unbenannter Park 1110723708","nameAddon":null,"objectNumber":"cairo:osm:way:1110723708","district":"Kairo","locality":null,"type":"Park","areaM2":337557.4,"areaHa":33.76,"designation":null,"dedicated":null,"builtYear":null,"renovatedYear":null,"planningAreaId":null,"planningAreaName":null,"centroid":[31.75489,30.01359],"bounds":[31.75335,30.00831,31.75645,30.01883],"amenities":{},"sourceId":"parks"}},{"type":"Feature","id":"cairo:osm:way:1112451649","geometry":{"type":"Polygon","coordinates":[[[31.40464502,29.97317623],[31.40479849,29.97290031],[31.4049549,29.97278813],[31.40830165,29.97270943],[31.41042214,29.97270943],[31.41128686,29.97259273],[31.41136212,29.97356884],[31.41134146,29.97402479],[31.40491801,29.97434232],[31.40479996,29.9740076],[31.40464502,29.97317623]]]},"properties":{"id":"cairo:osm:way:1112451649","name":"GREEN BELT","nameAddon":null,"objectNumber":"cairo:osm:way:1112451649","district":"Kairo","locality":null,"type":"Park","areaM2":102992.1,"areaHa":10.3,"designation":null,"dedicated":null,"builtYear":null,"renovatedYear":null,"planningAreaId":null,"planningAreaName":null,"centroid":[31.407976,29.973456],"bounds":[31.40465,29.97259,31.41136,29.97434],"amenities":{},"sourceId":"parks"}},{"type":"Feature","id":"cairo:osm:way:1112451650","geometry":{"type":"Polygon","coordinates":[[[31.41158494,29.97251945],[31.41274774,29.97234033],[31.41378364,29.97231409],[31.41562376,29.97240637],[31.41579198,29.97251855],[31.4159366,29.97274109],[31.41608711,29.97380767],[31.41165282,29.97398317],[31.41158494,29.97271485],[31.41158494,29.97251945]]]},"properties":{"id":"cairo:osm:way:1112451650","name":"GREEN BELT","nameAddon":null,"objectNumber":"cairo:osm:way:1112451650","district":"Kairo","locality":null,"type":"Park","areaM2":71347.4,"areaHa":7.13,"designation":null,"dedicated":null,"builtYear":null,"renovatedYear":null,"planningAreaId":null,"planningAreaName":null,"centroid":[31.41376,29.973142],"bounds":[31.41158,29.97231,31.41609,29.97398],"amenities":{},"sourceId":"parks"}},{"type":"Feature","id":"cairo:osm:way:1115084823","geometry":{"type":"Polygon","coordinates":[[[31.73368856,30.02249412],[31.7337166,30.02207165],[31.73423307,30.02206532],[31.73423307,30.02119595],[31.73389958,30.02091731],[31.73386269,30.02008685],[31.73480415,30.02007147],[31.7348071,30.02034829],[31.7371209,30.02032748],[31.7371209,30.02006333],[31.7378292,30.02004704],[31.73783806,30.02032206],[31.74036435,30.02031934],[31.7403673,30.02002533],[31.74079376,30.02003347],[31.74078638,30.02029492],[31.74334071,30.0202922],[31.7433289,30.02002262],[31.74403721,30.02000724],[31.74405639,30.02029763],[31.74656645,30.02027139],[31.74657973,30.01999095],[31.7497494,30.01998281],[31.75068643,30.02083137],[31.7511306,30.02112448],[31.75197171,30.02155147],[31.75248819,30.02174869],[31.75332487,30.02197395],[31.75422944,30.02211326],[31.75442422,30.02232224],[31.7554734,30.02232857],[31.75565933,30.02211055],[31.75657127,30.02195947],[31.75723384,30.02177311],[31.75828449,30.02135155],[31.75906953,30.02088746],[31.75945762,30.0205835],[31.76014822,30.01991587],[31.76287225,30.0199032],[31.7628752,30.01996743],[31.7632323,30.019962],[31.7632264,30.02001538],[31.76377829,30.02002262],[31.76377829,30.02018817],[31.76600207,30.0201755],[31.76600798,30.01990049],[31.76670153,30.01990049],[31.76669857,30.02017279],[31.76896073,30.02016193],[31.76894154,30.01986883],[31.7695318,30.01986159],[31.76953327,30.02015922],[31.77205661,30.02012484],[31.77205661,30.01984169],[31.77275016,30.01983626],[31.77275902,30.02012665],[31.77528826,30.02011399],[31.77530892,30.01982088],[31.7760246,30.01981997],[31.7760187,30.02059888],[31.77568668,30.02092455],[31.77570144,30.02183192],[31.77617659,30.02181835],[31.77617217,30.02218925],[31.77570144,30.02220282],[31.77570439,30.02308576],[31.77590213,30.02322689],[31.77599362,30.02335716],[31.77605264,30.02382938],[31.77568963,30.02417405],[31.77535909,30.02417948],[31.77534729,30.02391804],[31.77278115,30.02394156],[31.7727841,30.02420029],[31.77204481,30.02421115],[31.77205366,30.02393161],[31.76953918,30.02393613],[31.76955393,30.02421115],[31.76910239,30.02422833],[31.76909501,30.02393613],[31.76670448,30.02393613],[31.76669857,30.02420572],[31.76599617,30.02421115],[31.76599322,30.02393885],[31.7636263,30.02394699],[31.76363958,30.024241],[31.76261253,30.024241],[31.75837008,30.02358422],[31.75689149,30.0234431],[31.7559279,30.02338972],[31.75568147,30.02330197],[31.75553833,30.02318165],[31.7543652,30.02316266],[31.75412762,30.02333906],[31.7539712,30.02338158],[31.7518271,30.02358151],[31.74807013,30.024222],[31.74710358,30.02434775],[31.74658859,30.02436584],[31.74658859,30.02408902],[31.74409033,30.02410711],[31.74409033,30.02437398],[31.74336284,30.02437941],[31.74336284,30.02410711],[31.74095903,30.02411797],[31.74096641,30.02439569],[31.74038943,30.02440112],[31.74038648,30.02411797],[31.73786905,30.02413696],[31.73786905,30.02440836],[31.73713565,30.02440836],[31.73714451,30.02414149],[31.73462559,30.02416863],[31.73461822,30.02442736],[31.7342862,30.02443369],[31.73388335,30.02411706],[31.73392024,30.0235996],[31.73422127,30.02331826],[31.73421684,30.02249412],[31.73368856,30.02249412]]]},"properties":{"id":"cairo:osm:way:1115084823","name":"Unbenannter Park 1115084823","nameAddon":null,"objectNumber":"cairo:osm:way:1115084823","district":"Kairo","locality":null,"type":"Park","areaM2":1560044.3,"areaHa":156,"designation":null,"dedicated":null,"builtYear":null,"renovatedYear":null,"planningAreaId":null,"planningAreaName":null,"centroid":[31.754921,30.022155],"bounds":[31.73369,30.01982,31.77618,30.02443],"amenities":{},"sourceId":"parks"}},{"type":"Feature","id":"cairo:osm:way:1115329131","geometry":{"type":"Polygon","coordinates":[[[31.7218997,30.00252126],[31.72485983,29.99904107],[31.72527743,29.99935046],[31.72537777,29.99925005],[31.72503248,29.99897232],[31.72695671,29.99715849],[31.72729758,29.9978596],[31.72739792,29.99866655],[31.72658632,29.99923286],[31.72553272,29.99989054],[31.72511216,30.00022164],[31.72419136,30.00103401],[31.72256668,30.00291297],[31.72235419,30.00285327],[31.7218997,30.00252126]]]},"properties":{"id":"cairo:osm:way:1115329131","name":"Unbenannter Park 1115329131","nameAddon":null,"objectNumber":"cairo:osm:way:1115329131","district":"Kairo","locality":null,"type":"Park","areaM2":72695.8,"areaHa":7.27,"designation":null,"dedicated":null,"builtYear":null,"renovatedYear":null,"planningAreaId":null,"planningAreaName":null,"centroid":[31.724932,29.999885],"bounds":[31.7219,29.99716,31.7274,30.00291],"amenities":{},"sourceId":"parks"}},{"type":"Feature","id":"cairo:osm:way:1121167347","geometry":{"type":"Polygon","coordinates":[[[31.65881324,29.96426542],[31.65889145,29.96367197],[31.65916149,29.96302063],[31.65924856,29.9629184],[31.65939612,29.96291207],[31.65970748,29.96309843],[31.65981963,29.96323231],[31.66000556,29.96326488],[31.66029626,29.96318889],[31.66046891,29.96300796],[31.6605058,29.96282974],[31.66044973,29.96263525],[31.66028445,29.96248417],[31.65994506,29.96234666],[31.65992292,29.96224625],[31.66000113,29.96215669],[31.66040398,29.9620047],[31.66077289,29.96195585],[31.66111229,29.96196852],[31.66146054,29.96210512],[31.66149743,29.96215669],[31.66141479,29.96247965],[31.66125542,29.96273385],[31.66123624,29.96294735],[31.66136905,29.9631717],[31.66151071,29.96326307],[31.66167746,29.96329926],[31.6619416,29.9632676],[31.66214818,29.96308486],[31.66220426,29.96289126],[31.66218212,29.96273023],[31.66231641,29.96233219],[31.66262039,29.96230686],[31.66268384,29.96233581],[31.66290371,29.96284784],[31.66284469,29.96320156],[31.66263957,29.96357789],[31.66220869,29.96395422],[31.66191503,29.96407726],[31.66120968,29.96422381],[31.66107982,29.96421929],[31.66094111,29.96411163],[31.66092931,29.96371902],[31.66084962,29.96357608],[31.66067255,29.96345124],[31.66039513,29.96341234],[31.66016493,29.96350733],[31.6599849,29.96373168],[31.6599967,29.96401845],[31.66013246,29.96424733],[31.66001441,29.96444816],[31.65919101,29.9645712],[31.6589372,29.96448073],[31.65881324,29.96426542]]]},"properties":{"id":"cairo:osm:way:1121167347","name":"Unbenannter Park 1121167347","nameAddon":null,"objectNumber":"cairo:osm:way:1121167347","district":"Kairo","locality":null,"type":"Park","areaM2":55324.7,"areaHa":5.53,"designation":null,"dedicated":null,"builtYear":null,"renovatedYear":null,"planningAreaId":null,"planningAreaName":null,"centroid":[31.660804,29.963312],"bounds":[31.65881,29.96196,31.6629,29.96457],"amenities":{},"sourceId":"parks"}},{"type":"Feature","id":"cairo:osm:way:1134882755","geometry":{"type":"Polygon","coordinates":[[[31.2267584,30.04860503],[31.22678348,30.04811923],[31.22689563,30.04833816],[31.22678791,30.04868735],[31.22683366,30.04881491],[31.22680267,30.0488131],[31.2267584,30.04860503]]]},"properties":{"id":"cairo:osm:way:1134882755","name":"Unbenannter Park 1134882755","nameAddon":null,"objectNumber":"cairo:osm:way:1134882755","district":"Kairo","locality":null,"type":"Park","areaM2":547,"areaHa":0.05,"designation":null,"dedicated":null,"builtYear":null,"renovatedYear":null,"planningAreaId":null,"planningAreaName":null,"centroid":[31.226812,30.048426],"bounds":[31.22676,30.04812,31.2269,30.04881],"amenities":{},"sourceId":"parks"}},{"type":"Feature","id":"cairo:osm:way:1134882756","geometry":{"type":"Polygon","coordinates":[[[31.22683661,30.04812557],[31.22716862,30.04817261],[31.22721289,30.0483065],[31.22711403,30.04851728],[31.22723798,30.04871449],[31.22713764,30.04881219],[31.2269458,30.04873349],[31.22694875,30.04865569],[31.2268794,30.04860774],[31.22693695,30.04831645],[31.22684251,30.04815904],[31.22683661,30.04812557]]]},"properties":{"id":"cairo:osm:way:1134882756","name":"Unbenannter Park 1134882756","nameAddon":null,"objectNumber":"cairo:osm:way:1134882756","district":"Kairo","locality":null,"type":"Park","areaM2":1838.4,"areaHa":0.18,"designation":null,"dedicated":null,"builtYear":null,"renovatedYear":null,"planningAreaId":null,"planningAreaName":null,"centroid":[31.227044,30.048454],"bounds":[31.22684,30.04813,31.22724,30.04881],"amenities":{},"sourceId":"parks"}},{"type":"Feature","id":"cairo:osm:way:1134882757","geometry":{"type":"Polygon","coordinates":[[[31.22686317,30.04884567],[31.22691777,30.04875611],[31.22711403,30.04884838],[31.2272188,30.04882757],[31.22728963,30.0487543],[31.22742243,30.04876244],[31.22733685,30.04911254],[31.22708009,30.0494545],[31.2269886,30.04944545],[31.22696794,30.04940565],[31.22686317,30.04884567]]]},"properties":{"id":"cairo:osm:way:1134882757","name":"Unbenannter Park 1134882757","nameAddon":null,"objectNumber":"cairo:osm:way:1134882757","district":"Kairo","locality":null,"type":"Park","areaM2":2736.2,"areaHa":0.27,"designation":null,"dedicated":null,"builtYear":null,"renovatedYear":null,"planningAreaId":null,"planningAreaName":null,"centroid":[31.227118,30.049056],"bounds":[31.22686,30.04875,31.22742,30.04945],"amenities":{},"sourceId":"parks"}},{"type":"Feature","id":"cairo:osm:way:1134882758","geometry":{"type":"Polygon","coordinates":[[[31.22675102,30.04950425],[31.22691629,30.0493188],[31.22696351,30.04950154],[31.22690153,30.04953591],[31.22675102,30.04950425]]]},"properties":{"id":"cairo:osm:way:1134882758","name":"Unbenannter Park 1134882758","nameAddon":null,"objectNumber":"cairo:osm:way:1134882758","district":"Kairo","locality":null,"type":"Park","areaM2":294,"areaHa":0.03,"designation":null,"dedicated":null,"builtYear":null,"renovatedYear":null,"planningAreaId":null,"planningAreaName":null,"centroid":[31.226876,30.049453],"bounds":[31.22675,30.04932,31.22696,30.04954],"amenities":{},"sourceId":"parks"}},{"type":"Feature","id":"cairo:osm:way:1137678600","geometry":{"type":"Polygon","coordinates":[[[31.22477809,30.02729962],[31.22478252,30.0272182],[31.22484597,30.02722182],[31.22484597,30.02730143],[31.22477809,30.02729962]]]},"properties":{"id":"cairo:osm:way:1137678600","name":"حديقة الفنون","nameAddon":null,"objectNumber":"cairo:osm:way:1137678600","district":"Kairo","locality":null,"type":"Park","areaM2":52.3,"areaHa":0.01,"designation":null,"dedicated":null,"builtYear":null,"renovatedYear":null,"planningAreaId":null,"planningAreaName":null,"centroid":[31.224813,30.027261],"bounds":[31.22478,30.02722,31.22485,30.0273],"amenities":{},"sourceId":"parks"}},{"type":"Feature","id":"cairo:osm:way:1160160834","geometry":{"type":"Polygon","coordinates":[[[31.48604708,30.02166094],[31.48606922,30.01998191],[31.48611349,30.01997919],[31.48613562,30.02170798],[31.48604708,30.02166094]]]},"properties":{"id":"cairo:osm:way:1160160834","name":"Unbenannter Park 1160160834","nameAddon":null,"objectNumber":"cairo:osm:way:1160160834","district":"Kairo","locality":null,"type":"Park","areaM2":1213,"areaHa":0.12,"designation":null,"dedicated":null,"builtYear":null,"renovatedYear":null,"planningAreaId":null,"planningAreaName":null,"centroid":[31.486091,30.020927],"bounds":[31.48605,30.01998,31.48614,30.02171],"amenities":{},"sourceId":"parks"}},{"type":"Feature","id":"cairo:osm:way:1172330852","geometry":{"type":"Polygon","coordinates":[[[31.45114236,30.03538267],[31.45115416,30.03403383],[31.4519392,30.03401212],[31.45204987,30.03406459],[31.45206315,30.0342211],[31.45209119,30.03562692],[31.45203069,30.03570291],[31.45142568,30.03568482],[31.45123532,30.0355844],[31.45114236,30.03538267]]]},"properties":{"id":"cairo:osm:way:1172330852","name":"Unbenannter Park 1172330852","nameAddon":null,"objectNumber":"cairo:osm:way:1172330852","district":"Kairo","locality":null,"type":"Park","areaM2":16434.5,"areaHa":1.64,"designation":null,"dedicated":null,"builtYear":null,"renovatedYear":null,"planningAreaId":null,"planningAreaName":null,"centroid":[31.451619,30.034851],"bounds":[31.45114,30.03401,31.45209,30.0357],"amenities":{},"sourceId":"parks"}},{"type":"Feature","id":"cairo:osm:way:1210522355","geometry":{"type":"Polygon","coordinates":[[[31.26535222,29.96043152],[31.26558094,29.96010675],[31.2659351,29.96029673],[31.26535222,29.96043152]]]},"properties":{"id":"cairo:osm:way:1210522355","name":"Unbenannter Park 1210522355","nameAddon":null,"objectNumber":"cairo:osm:way:1210522355","district":"Kairo","locality":null,"type":"Park","areaM2":847.9,"areaHa":0.08,"designation":null,"dedicated":null,"builtYear":null,"renovatedYear":null,"planningAreaId":null,"planningAreaName":null,"centroid":[31.265623,29.960278],"bounds":[31.26535,29.96011,31.26594,29.96043],"amenities":{},"sourceId":"parks"}},{"type":"Feature","id":"cairo:osm:way:1211525876","geometry":{"type":"Polygon","coordinates":[[[31.27696401,29.96196309],[31.27713371,29.96196761],[31.27713223,29.96213769],[31.27696696,29.96213769],[31.27696401,29.96196309]]]},"properties":{"id":"cairo:osm:way:1211525876","name":"Unbenannter Park 1211525876","nameAddon":null,"objectNumber":"cairo:osm:way:1211525876","district":"Kairo","locality":null,"type":"Park","areaM2":308.5,"areaHa":0.03,"designation":null,"dedicated":null,"builtYear":null,"renovatedYear":null,"planningAreaId":null,"planningAreaName":null,"centroid":[31.277049,29.962051],"bounds":[31.27696,29.96196,31.27713,29.96214],"amenities":{},"sourceId":"parks"}},{"type":"Feature","id":"cairo:osm:way:1211565651","geometry":{"type":"Polygon","coordinates":[[[31.27572448,29.96017912],[31.27573923,29.96005428],[31.27614503,29.96010946],[31.27613765,29.96020536],[31.27572448,29.96017912]]]},"properties":{"id":"cairo:osm:way:1211565651","name":"Cactus and Succulent Garden","nameAddon":null,"objectNumber":"cairo:osm:way:1211565651","district":"Kairo","locality":null,"type":"Park","areaM2":514,"areaHa":0.05,"designation":null,"dedicated":null,"builtYear":null,"renovatedYear":null,"planningAreaId":null,"planningAreaName":null,"centroid":[31.275928,29.960136],"bounds":[31.27572,29.96005,31.27615,29.96021],"amenities":{},"sourceId":"parks"}},{"type":"Feature","id":"cairo:osm:way:1211565652","geometry":{"type":"Polygon","coordinates":[[[31.27579088,29.96002533],[31.27608748,29.95987516],[31.27610519,29.96005518],[31.27579088,29.96002533]]]},"properties":{"id":"cairo:osm:way:1211565652","name":"Cactus and Succulent Garden","nameAddon":null,"objectNumber":"cairo:osm:way:1211565652","district":"Kairo","locality":null,"type":"Park","areaM2":315.4,"areaHa":0.03,"designation":null,"dedicated":null,"builtYear":null,"renovatedYear":null,"planningAreaId":null,"planningAreaName":null,"centroid":[31.275995,29.959985],"bounds":[31.27579,29.95988,31.27611,29.96006],"amenities":{},"sourceId":"parks"}},{"type":"Feature","id":"cairo:osm:way:1214400733","geometry":{"type":"Polygon","coordinates":[[[31.46981212,30.05187805],[31.47091442,30.05186991],[31.47092918,30.05312557],[31.47015742,30.05299711],[31.46991837,30.05281256],[31.46981212,30.05255111],[31.46981212,30.05187805]]]},"properties":{"id":"cairo:osm:way:1214400733","name":"Unbenannter Park 1214400733","nameAddon":null,"objectNumber":"cairo:osm:way:1214400733","district":"Kairo","locality":null,"type":"Park","areaM2":13316.5,"areaHa":1.33,"designation":null,"dedicated":null,"builtYear":null,"renovatedYear":null,"planningAreaId":null,"planningAreaName":null,"centroid":[31.4704,30.052441],"bounds":[31.46981,30.05187,31.47093,30.05313],"amenities":{},"sourceId":"parks"}},{"type":"Feature","id":"cairo:osm:way:1214400735","geometry":{"type":"Polygon","coordinates":[[[31.47186326,30.05244075],[31.4724358,30.05243532],[31.47244318,30.05337253],[31.47186916,30.05327845],[31.47186326,30.05244075]]]},"properties":{"id":"cairo:osm:way:1214400735","name":"Unbenannter Park 1214400735","nameAddon":null,"objectNumber":"cairo:osm:way:1214400735","district":"Kairo","locality":null,"type":"Park","areaM2":5440.7,"areaHa":0.54,"designation":null,"dedicated":null,"builtYear":null,"renovatedYear":null,"planningAreaId":null,"planningAreaName":null,"centroid":[31.472158,30.052882],"bounds":[31.47186,30.05244,31.47244,30.05337],"amenities":{},"sourceId":"parks"}},{"type":"Feature","id":"cairo:osm:way:1214400736","geometry":{"type":"Polygon","coordinates":[[[31.47316772,30.05242808],[31.47378896,30.05242175],[31.47379192,30.05313461],[31.47373289,30.05328388],[31.47359566,30.0534232],[31.4734053,30.05350461],[31.4731751,30.05349104],[31.47316772,30.05242808]]]},"properties":{"id":"cairo:osm:way:1214400736","name":"Unbenannter Park 1214400736","nameAddon":null,"objectNumber":"cairo:osm:way:1214400736","district":"Kairo","locality":null,"type":"Park","areaM2":6666,"areaHa":0.67,"designation":null,"dedicated":null,"builtYear":null,"renovatedYear":null,"planningAreaId":null,"planningAreaName":null,"centroid":[31.473467,30.05293],"bounds":[31.47317,30.05242,31.47379,30.0535],"amenities":{},"sourceId":"parks"}},{"type":"Feature","id":"cairo:osm:way:1214400737","geometry":{"type":"Polygon","coordinates":[[[31.46533356,30.05251221],[31.46536307,30.05136602],[31.46543538,30.05122218],[31.46557999,30.05114076],[31.46646095,30.05111724],[31.46645505,30.05209517],[31.46615549,30.05250045],[31.46606548,30.05255111],[31.46533356,30.05251221]]]},"properties":{"id":"cairo:osm:way:1214400737","name":"Unbenannter Park 1214400737","nameAddon":null,"objectNumber":"cairo:osm:way:1214400737","district":"Kairo","locality":null,"type":"Park","areaM2":15916.9,"areaHa":1.59,"designation":null,"dedicated":null,"builtYear":null,"renovatedYear":null,"planningAreaId":null,"planningAreaName":null,"centroid":[31.465891,30.051815],"bounds":[31.46533,30.05112,31.46646,30.05255],"amenities":{},"sourceId":"parks"}},{"type":"Feature","id":"cairo:osm:way:1214400738","geometry":{"type":"Polygon","coordinates":[[[31.46393023,30.05242175],[31.46393613,30.05129365],[31.4642106,30.05149358],[31.46437145,30.0517116],[31.46440834,30.05245251],[31.46393023,30.05242175]]]},"properties":{"id":"cairo:osm:way:1214400738","name":"Unbenannter Park 1214400738","nameAddon":null,"objectNumber":"cairo:osm:way:1214400738","district":"Kairo","locality":null,"type":"Park","areaM2":4709.1,"areaHa":0.47,"designation":null,"dedicated":null,"builtYear":null,"renovatedYear":null,"planningAreaId":null,"planningAreaName":null,"centroid":[31.464146,30.051955],"bounds":[31.46393,30.05129,31.46441,30.05245],"amenities":{},"sourceId":"parks"}},{"type":"Feature","id":"cairo:osm:way:1214400739","geometry":{"type":"Polygon","coordinates":[[[31.46267594,30.05111181],[31.46317913,30.05111362],[31.46318503,30.05236747],[31.4629814,30.05234395],[31.46280875,30.05225348],[31.46268627,30.05201556],[31.46267594,30.05111181]]]},"properties":{"id":"cairo:osm:way:1214400739","name":"Unbenannter Park 1214400739","nameAddon":null,"objectNumber":"cairo:osm:way:1214400739","district":"Kairo","locality":null,"type":"Park","areaM2":6278.1,"areaHa":0.63,"designation":null,"dedicated":null,"builtYear":null,"renovatedYear":null,"planningAreaId":null,"planningAreaName":null,"centroid":[31.462942,30.0517],"bounds":[31.46268,30.05111,31.46319,30.05237],"amenities":{},"sourceId":"parks"}},{"type":"Feature","id":"cairo:osm:way:1214400740","geometry":{"type":"Polygon","coordinates":[[[31.46264495,30.04944907],[31.4627143,30.0492989],[31.4628663,30.0491822],[31.46309207,30.04911797],[31.46379004,30.04910892],[31.46372954,30.05019993],[31.46348311,30.05030939],[31.46266708,30.0503311],[31.46264495,30.04944907]]]},"properties":{"id":"cairo:osm:way:1214400740","name":"Unbenannter Park 1214400740","nameAddon":null,"objectNumber":"cairo:osm:way:1214400740","district":"Kairo","locality":null,"type":"Park","areaM2":13869.1,"areaHa":1.39,"designation":null,"dedicated":null,"builtYear":null,"renovatedYear":null,"planningAreaId":null,"planningAreaName":null,"centroid":[31.463214,30.04972],"bounds":[31.46264,30.04911,31.46379,30.05033],"amenities":{},"sourceId":"parks"}},{"type":"Feature","id":"cairo:osm:way:1214400741","geometry":{"type":"Polygon","coordinates":[[[31.46474183,30.04909625],[31.46519338,30.04909083],[31.46518157,30.0501556],[31.46487021,30.04998462],[31.46475511,30.04983445],[31.46474183,30.04909625]]]},"properties":{"id":"cairo:osm:way:1214400741","name":"Unbenannter Park 1214400741","nameAddon":null,"objectNumber":"cairo:osm:way:1214400741","district":"Kairo","locality":null,"type":"Park","areaM2":4458.4,"areaHa":0.45,"designation":null,"dedicated":null,"builtYear":null,"renovatedYear":null,"planningAreaId":null,"planningAreaName":null,"centroid":[31.46498,30.04956],"bounds":[31.46474,30.04909,31.46519,30.05016],"amenities":{},"sourceId":"parks"}},{"type":"Feature","id":"cairo:osm:way:1214400742","geometry":{"type":"Polygon","coordinates":[[[31.46594743,30.04909083],[31.46606843,30.04910259],[31.46628387,30.04920029],[31.46641963,30.04937489],[31.46645505,30.05031391],[31.46595333,30.0503121],[31.46594743,30.04909083]]]},"properties":{"id":"cairo:osm:way:1214400742","name":"Unbenannter Park 1214400742","nameAddon":null,"objectNumber":"cairo:osm:way:1214400742","district":"Kairo","locality":null,"type":"Park","areaM2":5987.6,"areaHa":0.6,"designation":null,"dedicated":null,"builtYear":null,"renovatedYear":null,"planningAreaId":null,"planningAreaName":null,"centroid":[31.466184,30.049749],"bounds":[31.46595,30.04909,31.46646,30.05031],"amenities":{},"sourceId":"parks"}},{"type":"Feature","id":"cairo:osm:way:1214400743","geometry":{"type":"Polygon","coordinates":[[[31.47186473,30.05168627],[31.47192376,30.0515171],[31.47204771,30.05139407],[31.47251696,30.05113443],[31.47265863,30.05109915],[31.47378749,30.05110186],[31.47378896,30.05168174],[31.47186473,30.05168627]]]},"properties":{"id":"cairo:osm:way:1214400743","name":"Unbenannter Park 1214400743","nameAddon":null,"objectNumber":"cairo:osm:way:1214400743","district":"Kairo","locality":null,"type":"Park","areaM2":10386.1,"areaHa":1.04,"designation":null,"dedicated":null,"builtYear":null,"renovatedYear":null,"planningAreaId":null,"planningAreaName":null,"centroid":[31.47294,30.051415],"bounds":[31.47186,30.0511,31.47379,30.05169],"amenities":{},"sourceId":"parks"}},{"type":"Feature","id":"cairo:osm:way:1214400744","geometry":{"type":"Polygon","coordinates":[[[31.47244171,30.05003166],[31.4724786,30.04905826],[31.47348646,30.04907726],[31.47371371,30.04922381],[31.47378159,30.04939931],[31.47379634,30.0502524],[31.47269994,30.05022797],[31.47250516,30.05014474],[31.47244171,30.05003166]]]},"properties":{"id":"cairo:osm:way:1214400744","name":"Unbenannter Park 1214400744","nameAddon":null,"objectNumber":"cairo:osm:way:1214400744","district":"Kairo","locality":null,"type":"Park","areaM2":16333,"areaHa":1.63,"designation":null,"dedicated":null,"builtYear":null,"renovatedYear":null,"planningAreaId":null,"planningAreaName":null,"centroid":[31.473117,30.049663],"bounds":[31.47244,30.04906,31.4738,30.05025],"amenities":{},"sourceId":"parks"}},{"type":"Feature","id":"cairo:osm:way:1214400745","geometry":{"type":"Polygon","coordinates":[[[31.47100591,30.04907002],[31.47148845,30.04907454],[31.47144565,30.04981364],[31.47112691,30.05011489],[31.47101477,30.04982812],[31.47100591,30.04907002]]]},"properties":{"id":"cairo:osm:way:1214400745","name":"Unbenannter Park 1214400745","nameAddon":null,"objectNumber":"cairo:osm:way:1214400745","district":"Kairo","locality":null,"type":"Park","areaM2":4381.7,"areaHa":0.44,"designation":null,"dedicated":null,"builtYear":null,"renovatedYear":null,"planningAreaId":null,"planningAreaName":null,"centroid":[31.471231,30.049514],"bounds":[31.47101,30.04907,31.47149,30.05011],"amenities":{},"sourceId":"parks"}},{"type":"Feature","id":"cairo:osm:way:1214400746","geometry":{"type":"Polygon","coordinates":[[[31.46979589,30.0493776],[31.46989328,30.0492211],[31.4700615,30.04910892],[31.47027842,30.04906821],[31.47022382,30.05028225],[31.46979589,30.05028406],[31.46979589,30.0493776]]]},"properties":{"id":"cairo:osm:way:1214400746","name":"Unbenannter Park 1214400746","nameAddon":null,"objectNumber":"cairo:osm:way:1214400746","district":"Kairo","locality":null,"type":"Park","areaM2":5457.5,"areaHa":0.55,"designation":null,"dedicated":null,"builtYear":null,"renovatedYear":null,"planningAreaId":null,"planningAreaName":null,"centroid":[31.470033,30.049707],"bounds":[31.4698,30.04907,31.47028,30.05028],"amenities":{},"sourceId":"parks"}},{"type":"Feature","id":"cairo:osm:way:1223390171","geometry":{"type":"Polygon","coordinates":[[[31.49868592,30.07622309],[31.49929093,30.07603944],[31.50093627,30.07573548],[31.50131403,30.0757391],[31.5017095,30.07594807],[31.50194708,30.07628641],[31.5030302,30.08082685],[31.503042,30.08100868],[31.50297855,30.08114529],[31.50328991,30.08109644],[31.50336517,30.08148634],[31.50318071,30.08195585],[31.50327958,30.08204179],[31.50327663,30.08214583],[31.50335484,30.08216935],[31.50334893,30.08225891],[31.50362635,30.08251312],[31.50372817,30.0831518],[31.50363078,30.08358332],[31.50344633,30.08380677],[31.50218761,30.08430432],[31.5003224,30.08478288],[31.50024862,30.08473856],[31.50028551,30.08462638],[31.50021173,30.08459653],[31.50015123,30.08467071],[31.50011876,30.0846499],[31.5000922,30.08388909],[31.50008925,30.08371721],[31.50021025,30.08371268],[31.50027518,30.0832685],[31.50008925,30.08225891],[31.49926289,30.07875249],[31.49868592,30.07622309]]]},"properties":{"id":"cairo:osm:way:1223390171","name":"حديقة الأسرة","nameAddon":null,"objectNumber":"cairo:osm:way:1223390171","district":"Kairo","locality":null,"type":"Park","areaM2":299681.7,"areaHa":29.97,"designation":null,"dedicated":null,"builtYear":null,"renovatedYear":null,"planningAreaId":null,"planningAreaName":null,"centroid":[31.501196,30.080188],"bounds":[31.49869,30.07574,31.50373,30.08478],"amenities":{},"sourceId":"parks"}},{"type":"Feature","id":"cairo:osm:way:1226200386","geometry":{"type":"Polygon","coordinates":[[[31.44005442,29.98507237],[31.44006622,29.98502352],[31.44012525,29.98502352],[31.44012525,29.98508685],[31.44005442,29.98507237]]]},"properties":{"id":"cairo:osm:way:1226200386","name":"Unbenannter Park 1226200386","nameAddon":null,"objectNumber":"cairo:osm:way:1226200386","district":"Kairo","locality":null,"type":"Park","areaM2":61.3,"areaHa":0.01,"designation":null,"dedicated":null,"builtYear":null,"renovatedYear":null,"planningAreaId":null,"planningAreaName":null,"centroid":[31.440094,29.985053],"bounds":[31.44005,29.98502,31.44013,29.98509],"amenities":{},"sourceId":"parks"}},{"type":"Feature","id":"cairo:osm:way:1232450754","geometry":{"type":"Polygon","coordinates":[[[31.33345141,30.10100688],[31.33360193,30.10089108],[31.33373916,30.10088113],[31.33384984,30.10082052],[31.33687047,30.10136512],[31.33680701,30.1016935],[31.33759205,30.1018292],[31.33676274,30.10325945],[31.33642335,30.10363941],[31.3362507,30.10346933],[31.33375244,30.10127284],[31.33345141,30.10100688]]]},"properties":{"id":"cairo:osm:way:1232450754","name":"مركز الطفل للحضارة والابداع(متحف الطفل)","nameAddon":null,"objectNumber":"cairo:osm:way:1232450754","district":"Kairo","locality":null,"type":"Park","areaM2":55996.2,"areaHa":5.6,"designation":null,"dedicated":null,"builtYear":null,"renovatedYear":null,"planningAreaId":null,"planningAreaName":null,"centroid":[31.335744,30.102002],"bounds":[31.33345,30.10082,31.33759,30.10364],"amenities":{},"sourceId":"parks"}},{"type":"Feature","id":"cairo:osm:way:1236604414","geometry":{"type":"Polygon","coordinates":[[[31.24935336,30.00843948],[31.24941386,30.00805772],[31.24946403,30.00804596],[31.24976211,30.00741632],[31.24993476,30.007296],[31.25033761,30.00717026],[31.25051616,30.00697123],[31.25063716,30.00691333],[31.25091016,30.00689253],[31.25132186,30.00699747],[31.25139269,30.00679483],[31.25159042,30.00684006],[31.25140154,30.00750498],[31.25219544,30.00768952],[31.25228397,30.00757644],[31.25241235,30.00752759],[31.2526883,30.00758911],[31.25276503,30.00737471],[31.2524035,30.00729419],[31.25246695,30.00706441],[31.25283144,30.00716845],[31.25281373,30.0072173],[31.25303655,30.00728062],[31.25304393,30.0073159],[31.25340251,30.00740818],[31.25347481,30.00736475],[31.25376551,30.00746698],[31.25403113,30.00760449],[31.2542451,30.00779808],[31.25430265,30.00787317],[31.25423772,30.00790483],[31.25429084,30.00798896],[31.25435429,30.00796001],[31.25443545,30.00814185],[31.25454318,30.00867288],[31.25452694,30.00936403],[31.25443398,30.00988059],[31.25410048,30.01073819],[31.25361057,30.01170346],[31.2535058,30.0118672],[31.25343645,30.0118491],[31.25345563,30.01189343],[31.25321805,30.01206532],[31.25317821,30.01202551],[31.25312361,30.01248055],[31.25296277,30.01272571],[31.25242711,30.01247422],[31.25259976,30.01160485],[31.25208476,30.01135517],[31.25102821,30.01049756],[31.25048665,30.01028044],[31.25032285,30.0100977],[31.2502594,30.0097268],[31.25016201,30.00959019],[31.2499746,30.00948254],[31.24982999,30.00945359],[31.24980048,30.00947892],[31.24943452,30.00924914],[31.24935336,30.00843948]]]},"properties":{"id":"cairo:osm:way:1236604414","name":"بحيرة القاهرة","nameAddon":null,"objectNumber":"cairo:osm:way:1236604414","district":"Kairo","locality":null,"type":"Park","areaM2":192836.2,"areaHa":19.28,"designation":null,"dedicated":null,"builtYear":null,"renovatedYear":null,"planningAreaId":null,"planningAreaName":null,"centroid":[31.252164,30.009264],"bounds":[31.24935,30.00679,31.25454,30.01273],"amenities":{},"sourceId":"parks"}},{"type":"Feature","id":"cairo:osm:way:1239592394","geometry":{"type":"Polygon","coordinates":[[[31.68422372,29.89527411],[31.68428275,29.89501447],[31.6844067,29.89494663],[31.6845218,29.89495567],[31.68462214,29.89503709],[31.68467231,29.89518274],[31.68459706,29.89541252],[31.6844672,29.89547313],[31.6843462,29.89545232],[31.68422372,29.89527411]]]},"properties":{"id":"cairo:osm:way:1239592394","name":"Unbenannter Park 1239592394","nameAddon":null,"objectNumber":"cairo:osm:way:1239592394","district":"Kairo","locality":null,"type":"Park","areaM2":2056.1,"areaHa":0.21,"designation":null,"dedicated":null,"builtYear":null,"renovatedYear":null,"planningAreaId":null,"planningAreaName":null,"centroid":[31.684448,29.895207],"bounds":[31.68422,29.89495,31.68467,29.89547],"amenities":{},"sourceId":"parks"}},{"type":"Feature","id":"cairo:osm:way:1258237282","geometry":{"type":"Polygon","coordinates":[[[31.32626063,29.96695133],[31.32805206,29.96691333],[31.32807271,29.96763886],[31.32628277,29.96767776],[31.32626063,29.96695133]]]},"properties":{"id":"cairo:osm:way:1258237282","name":"Unbenannter Park 1258237282","nameAddon":null,"objectNumber":"cairo:osm:way:1258237282","district":"Kairo","locality":null,"type":"Park","areaM2":13912.1,"areaHa":1.39,"designation":null,"dedicated":null,"builtYear":null,"renovatedYear":null,"planningAreaId":null,"planningAreaName":null,"centroid":[31.327167,29.967295],"bounds":[31.32626,29.96691,31.32807,29.96768],"amenities":{},"sourceId":"parks"}},{"type":"Feature","id":"cairo:osm:way:1294732286","geometry":{"type":"Polygon","coordinates":[[[31.53529944,30.00934322],[31.53543077,30.00921748],[31.53593839,30.00898136],[31.5362099,30.00868645],[31.53635747,30.0085797],[31.53647109,30.00858784],[31.5368341,30.00828388],[31.53678835,30.00811109],[31.53681049,30.00796997],[31.53691231,30.0078216],[31.53690641,30.00764339],[31.53680754,30.00752397],[31.5370584,30.0073349],[31.53847648,30.00862041],[31.53873915,30.00918491],[31.53873767,30.00964266],[31.53857092,30.01003257],[31.53842926,30.01020536],[31.53827285,30.010351],[31.5378818,30.01057264],[31.53760438,30.01065678],[31.5371248,30.01066311],[31.53669539,30.01054008],[31.5363737,30.01036548],[31.53529944,30.00934322]]]},"properties":{"id":"cairo:osm:way:1294732286","name":"Mivida Central Park","nameAddon":null,"objectNumber":"cairo:osm:way:1294732286","district":"Kairo","locality":null,"type":"Park","areaM2":69733.1,"areaHa":6.97,"designation":null,"dedicated":null,"builtYear":null,"renovatedYear":null,"planningAreaId":null,"planningAreaName":null,"centroid":[31.537248,30.009286],"bounds":[31.5353,30.00733,31.53874,30.01066],"amenities":{},"sourceId":"parks"}},{"type":"Feature","id":"cairo:osm:way:1294732287","geometry":{"type":"Polygon","coordinates":[[[31.54316901,30.00532206],[31.54324427,30.00503438],[31.54354677,30.00487787],[31.54367958,30.00499186],[31.54538394,30.00403383],[31.54557135,30.00427176],[31.54513899,30.00444002],[31.54394815,30.00519902],[31.54381829,30.0052343],[31.54369876,30.00535553],[31.54335642,30.00555907],[31.54316901,30.00532206]]]},"properties":{"id":"cairo:osm:way:1294732287","name":"Green Pocket","nameAddon":null,"objectNumber":"cairo:osm:way:1294732287","district":"Kairo","locality":null,"type":"Park","areaM2":8736,"areaHa":0.87,"designation":null,"dedicated":null,"builtYear":null,"renovatedYear":null,"planningAreaId":null,"planningAreaName":null,"centroid":[31.544215,30.004831],"bounds":[31.54317,30.00403,31.54557,30.00556],"amenities":{},"sourceId":"parks"}},{"type":"Feature","id":"cairo:osm:way:1294732288","geometry":{"type":"Polygon","coordinates":[[[31.53779031,30.01187624],[31.53797329,30.01202189],[31.53819464,30.01209517],[31.5383968,30.01211236],[31.53931022,30.01191786],[31.53987686,30.01168446],[31.54031218,30.01136874],[31.54068699,30.01058983],[31.54110017,30.01063235],[31.54209917,30.01059255],[31.54213754,30.00991949],[31.54204753,30.00902117],[31.54169632,30.00816899],[31.54143219,30.00773928],[31.541171,30.00746969],[31.540535,30.00782613],[31.53994179,30.00800887],[31.53944598,30.008074],[31.53907559,30.00816808],[31.53892213,30.00802244],[31.53882178,30.00809209],[31.538869,30.00816808],[31.53882326,30.00822327],[31.5385119,30.00840963],[31.5381725,30.008112],[31.53819021,30.00805953],[31.53867569,30.00780803],[31.53905493,30.00768319],[31.53977652,30.00752126],[31.54039776,30.00726434],[31.54098802,30.00681292],[31.5415281,30.00613443],[31.54192948,30.00576443],[31.5425035,30.00545052],[31.54285175,30.00549484],[31.5429816,30.00558712],[31.54229396,30.00606749],[31.54194276,30.00636964],[31.54170813,30.00676859],[31.54163582,30.00716211],[31.54174502,30.00776913],[31.54246218,30.00907816],[31.54288864,30.00965442],[31.54310851,30.00979374],[31.54351136,30.00994029],[31.54410309,30.01011218],[31.54445134,30.01015017],[31.54423147,30.01047404],[31.54361613,30.01012032],[31.54319262,30.01006513],[31.54281781,30.0100769],[31.5425758,30.0101746],[31.54235593,30.01033201],[31.54223051,30.01057174],[31.54224526,30.01094717],[31.54266877,30.01172155],[31.54304801,30.01272028],[31.54262598,30.01277366],[31.54253449,30.01208884],[31.54231462,30.01139316],[31.54183651,30.01093903],[31.54144547,30.01088022],[31.54116657,30.01090827],[31.54080061,30.01100235],[31.54032103,30.01146915],[31.53970717,30.01194681],[31.53931612,30.01211688],[31.53855174,30.01226705],[31.53822858,30.01246517],[31.53786409,30.01204722],[31.53779031,30.01187624]]]},"properties":{"id":"cairo:osm:way:1294732288","name":"Mivida Main Green Spin","nameAddon":null,"objectNumber":"cairo:osm:way:1294732288","district":"Kairo","locality":null,"type":"Park","areaM2":64744.4,"areaHa":6.47,"designation":null,"dedicated":null,"builtYear":null,"renovatedYear":null,"planningAreaId":null,"planningAreaName":null,"centroid":[31.541297,30.008908],"bounds":[31.53779,30.00545,31.54445,30.01277],"amenities":{},"sourceId":"parks"}},{"type":"Feature","id":"cairo:osm:way:1294732289","geometry":{"type":"Polygon","coordinates":[[[31.535326,30.00130631],[31.53553701,30.00120771],[31.53573032,30.00122761],[31.53580853,30.00108648],[31.53593248,30.00110005],[31.53649175,30.0012448],[31.53740517,30.00138502],[31.53838057,30.00188439],[31.53855174,30.0016528],[31.53864913,30.00104578],[31.53863143,30.00065859],[31.53852518,30.00026778],[31.53815775,29.99973675],[31.53814447,29.99941469],[31.53850747,29.99944816],[31.53849419,29.99982902],[31.53859601,29.99992853],[31.53865799,29.99993125],[31.53866389,30.00025602],[31.53888524,30.00034105],[31.53881293,30.00062602],[31.53925267,30.0008359],[31.53905346,30.00108196],[31.53899001,30.00133888],[31.538627,30.00168989],[31.53887343,30.00297087],[31.53908002,30.00318075],[31.53939728,30.00333454],[31.53966585,30.00335716],[31.53994769,30.00331826],[31.54041547,30.00312285],[31.54086702,30.00285598],[31.54128315,30.00248869],[31.54134365,30.00268952],[31.54079471,30.00308033],[31.53962305,30.00357789],[31.53975734,30.00420843],[31.53973225,30.00476841],[31.53978685,30.00499095],[31.54033579,30.00594717],[31.54060878,30.00612086],[31.54110902,30.00635155],[31.54090243,30.00658404],[31.54053205,30.00628732],[31.54046417,30.00635517],[31.53990785,30.00589018],[31.53959059,30.00517007],[31.53959354,30.00412882],[31.53937367,30.00367197],[31.53904903,30.0033454],[31.53868602,30.00315361],[31.53835991,30.00306586],[31.53824186,30.00308576],[31.53819021,30.00333544],[31.53792017,30.00368012],[31.53765898,30.00514384],[31.53758372,30.00525602],[31.53673671,30.00588294],[31.53643863,30.00626741],[31.53634419,30.00632531],[31.53615235,30.00617333],[31.53712628,30.00538629],[31.53718825,30.00505971],[31.53712923,30.00493215],[31.53732844,30.00492853],[31.53741845,30.0048824],[31.53766931,30.00457843],[31.53760586,30.00412158],[31.53825219,30.0026651],[31.53817545,30.00261625],[31.53825809,30.00251221],[31.53848534,30.00250317],[31.53852518,30.00243351],[31.53843664,30.00222815],[31.53830383,30.00211598],[31.53717645,30.00146282],[31.53571852,30.00133526],[31.53543815,30.00143297],[31.535326,30.00130631]]]},"properties":{"id":"cairo:osm:way:1294732289","name":"Avenues Green Sprin","nameAddon":null,"objectNumber":"cairo:osm:way:1294732289","district":"Kairo","locality":null,"type":"Park","areaM2":42747.6,"areaHa":4.27,"designation":null,"dedicated":null,"builtYear":null,"renovatedYear":null,"planningAreaId":null,"planningAreaName":null,"centroid":[31.538576,30.003129],"bounds":[31.53533,29.99941,31.54134,30.00658],"amenities":{},"sourceId":"parks"}},{"type":"Feature","id":"cairo:osm:way:1296400044","geometry":{"type":"Polygon","coordinates":[[[31.54296832,30.01304957],[31.54389798,30.01280803],[31.54388322,30.01296001],[31.54377992,30.01310838],[31.54378583,30.01341053],[31.54430968,30.01415777],[31.54482615,30.01506604],[31.54452955,30.01514927],[31.54393487,30.01388909],[31.54370467,30.01361046],[31.54325607,30.01326217],[31.54311441,30.013093],[31.54296832,30.01304957]]]},"properties":{"id":"cairo:osm:way:1296400044","name":"Parcel Park Greens 4,5","nameAddon":null,"objectNumber":"cairo:osm:way:1296400044","district":"Kairo","locality":null,"type":"Park","areaM2":7902,"areaHa":0.79,"designation":null,"dedicated":null,"builtYear":null,"renovatedYear":null,"planningAreaId":null,"planningAreaName":null,"centroid":[31.543953,30.013835],"bounds":[31.54297,30.01281,31.54483,30.01515],"amenities":{},"sourceId":"parks"}},{"type":"Feature","id":"cairo:osm:way:1296400045","geometry":{"type":"Polygon","coordinates":[[[31.54566727,30.01153881],[31.54614832,30.01061426],[31.54631064,30.0110114],[31.54662791,30.011186],[31.54757231,30.01144111],[31.54792351,30.01158223],[31.54855804,30.01214402],[31.54897122,30.01241361],[31.54967657,30.01269857],[31.54984775,30.01272571],[31.55000121,30.01270762],[31.55004843,30.01264881],[31.54994514,30.01239823],[31.55002187,30.01237832],[31.55011336,30.01272119],[31.55008532,30.01306405],[31.54994219,30.01336439],[31.54973412,30.01363941],[31.54938144,30.01384024],[31.54967215,30.01356251],[31.54964853,30.01326398],[31.54943014,30.01291569],[31.54861411,30.01240094],[31.54778185,30.01162385],[31.54743508,30.01155328],[31.54693779,30.01150896],[31.54603027,30.01150534],[31.54566727,30.01153881]]]},"properties":{"id":"cairo:osm:way:1296400045","name":"Parcel Park Greens 3,4","nameAddon":null,"objectNumber":"cairo:osm:way:1296400045","district":"Kairo","locality":null,"type":"Park","areaM2":15769.3,"areaHa":1.58,"designation":null,"dedicated":null,"builtYear":null,"renovatedYear":null,"planningAreaId":null,"planningAreaName":null,"centroid":[31.54801,30.012058],"bounds":[31.54567,30.01061,31.55011,30.01384],"amenities":{},"sourceId":"parks"}},{"type":"Feature","id":"cairo:osm:way:1296400046","geometry":{"type":"Polygon","coordinates":[[[31.53037523,30.01080423],[31.53163248,30.01014022],[31.531752,30.0101176],[31.53207517,30.01017098],[31.53238063,30.01046228],[31.53230094,30.01050932],[31.53224339,30.01047313],[31.53184202,30.01043966],[31.53052132,30.0110114],[31.53037523,30.01080423]]]},"properties":{"id":"cairo:osm:way:1296400046","name":"Parcel Park Greens Villa","nameAddon":null,"objectNumber":"cairo:osm:way:1296400046","district":"Kairo","locality":null,"type":"Park","areaM2":6128.9,"areaHa":0.61,"designation":null,"dedicated":null,"builtYear":null,"renovatedYear":null,"planningAreaId":null,"planningAreaName":null,"centroid":[31.531353,30.01051],"bounds":[31.53038,30.01012,31.53238,30.01101],"amenities":{},"sourceId":"parks"}},{"type":"Feature","id":"cairo:osm:way:1296400047","geometry":{"type":"Polygon","coordinates":[[[31.53085334,30.01310114],[31.53188924,30.01286322],[31.53223306,30.01266962],[31.53329109,30.01232676],[31.53323945,30.01222453],[31.53345489,30.01216573],[31.53357884,30.01249593],[31.53102747,30.01339153],[31.53085334,30.01310114]]]},"properties":{"id":"cairo:osm:way:1296400047","name":"Parcel Park Greens","nameAddon":null,"objectNumber":"cairo:osm:way:1296400047","district":"Kairo","locality":null,"type":"Park","areaM2":8144.5,"areaHa":0.81,"designation":null,"dedicated":null,"builtYear":null,"renovatedYear":null,"planningAreaId":null,"planningAreaName":null,"centroid":[31.532255,30.012812],"bounds":[31.53085,30.01217,31.53358,30.01339],"amenities":{},"sourceId":"parks"}},{"type":"Feature","id":"cairo:osm:way:1296400048","geometry":{"type":"Polygon","coordinates":[[[31.53327339,30.01116971],[31.53340472,30.01110639],[31.53345636,30.01117514],[31.53355523,30.01112538],[31.533539,30.01105754],[31.53368656,30.01123485],[31.5337574,30.01123394],[31.53403186,30.0110114],[31.53447751,30.01033472],[31.53459851,30.01006061],[31.53489068,30.00970508],[31.53517548,30.00952144],[31.53515777,30.00946445],[31.53531272,30.00962457],[31.53487888,30.01006152],[31.53452178,30.01075086],[31.53454391,30.01091822],[31.53480952,30.01123666],[31.53563441,30.01193414],[31.53593396,30.0120626],[31.53641797,30.01220735],[31.53696691,30.01226343],[31.53697133,30.01213678],[31.53710267,30.0122562],[31.53723695,30.01224806],[31.53727236,30.01228062],[31.53767079,30.01222001],[31.53783753,30.01243894],[31.53761914,30.01237923],[31.53757782,30.01268681],[31.53752027,30.01266148],[31.53755864,30.01236385],[31.53672785,30.01234666],[31.53647847,30.01248326],[31.53636042,30.01261172],[31.53593986,30.01361679],[31.53594872,30.01382938],[31.53599151,30.01384748],[31.53595905,30.01394246],[31.53580853,30.01388728],[31.53575984,30.01369459],[31.53605349,30.01304505],[31.53603135,30.01272028],[31.53568458,30.01218925],[31.53540863,30.0123539],[31.53536584,30.0122951],[31.53564326,30.0121214],[31.53545733,30.01192509],[31.53469738,30.01134341],[31.53438602,30.01127556],[31.53411155,30.01134341],[31.53418828,30.01160847],[31.53408204,30.01174055],[31.53396841,30.01169441],[31.53374264,30.01174236],[31.53368361,30.01187082],[31.53327339,30.01116971]]]},"properties":{"id":"cairo:osm:way:1296400048","name":"Park Side Sipne Park","nameAddon":null,"objectNumber":"cairo:osm:way:1296400048","district":"Kairo","locality":null,"type":"Park","areaM2":21401.9,"areaHa":2.14,"designation":null,"dedicated":null,"builtYear":null,"renovatedYear":null,"planningAreaId":null,"planningAreaName":null,"centroid":[31.53513,30.011614],"bounds":[31.53327,30.00946,31.53784,30.01394],"amenities":{},"sourceId":"parks"}},{"type":"Feature","id":"cairo:osm:way:1296690859","geometry":{"type":"Polygon","coordinates":[[[31.54614832,30.00873168],[31.5467312,30.00856432],[31.5478999,30.00809662],[31.5481301,30.00806767],[31.54830866,30.00795549],[31.54863625,30.00868012],[31.54812125,30.00849376],[31.5477671,30.0085019],[31.54676514,30.00877601],[31.54652756,30.00878415],[31.54619554,30.008852],[31.54614832,30.00873168]]]},"properties":{"id":"cairo:osm:way:1296690859","name":"Parcel Park Greens 2,3","nameAddon":null,"objectNumber":"cairo:osm:way:1296690859","district":"Kairo","locality":null,"type":"Park","areaM2":7631,"areaHa":0.76,"designation":null,"dedicated":null,"builtYear":null,"renovatedYear":null,"planningAreaId":null,"planningAreaName":null,"centroid":[31.547595,30.008438],"bounds":[31.54615,30.00796,31.54864,30.00885],"amenities":{},"sourceId":"parks"}},{"type":"Feature","id":"cairo:osm:way:1296690860","geometry":{"type":"Polygon","coordinates":[[[31.54573662,30.00716754],[31.54616013,30.00682468],[31.54680055,30.00647096],[31.54739081,30.00635426],[31.54752214,30.00629003],[31.54762396,30.00648905],[31.54709421,30.00654786],[31.5464892,30.00681473],[31.54628703,30.006926],[31.54582663,30.007296],[31.54573662,30.00716754]]]},"properties":{"id":"cairo:osm:way:1296690860","name":"Parcel Park Greens 1,2","nameAddon":null,"objectNumber":"cairo:osm:way:1296690860","district":"Kairo","locality":null,"type":"Park","areaM2":3605.8,"areaHa":0.36,"designation":null,"dedicated":null,"builtYear":null,"renovatedYear":null,"planningAreaId":null,"planningAreaName":null,"centroid":[31.546646,30.006712],"bounds":[31.54574,30.00629,31.54762,30.0073],"amenities":{},"sourceId":"parks"}},{"type":"Feature","id":"cairo:osm:way:1304314480","geometry":{"type":"Polygon","coordinates":[[[31.48975241,30.03589198],[31.48984242,30.03584947],[31.48988522,30.03568392],[31.49000179,30.03559797],[31.49005344,30.03573096],[31.49022757,30.03587208],[31.49025118,30.03594445],[31.49013608,30.03600235],[31.4899531,30.0358956],[31.48979668,30.03594084],[31.48975241,30.03589198]]]},"properties":{"id":"cairo:osm:way:1304314480","name":"Unbenannter Park 1304314480","nameAddon":null,"objectNumber":"cairo:osm:way:1304314480","district":"Kairo","locality":null,"type":"Park","areaM2":963.8,"areaHa":0.1,"designation":null,"dedicated":null,"builtYear":null,"renovatedYear":null,"planningAreaId":null,"planningAreaName":null,"centroid":[31.490013,30.03583],"bounds":[31.48975,30.0356,31.49025,30.036],"amenities":{},"sourceId":"parks"}},{"type":"Feature","id":"cairo:osm:way:1304314494","geometry":{"type":"Polygon","coordinates":[[[31.49051384,30.03729962],[31.49067173,30.03726162],[31.49085766,30.03731409],[31.49104064,30.03718111],[31.49127379,30.03710874],[31.49133724,30.03702008],[31.49141103,30.03701737],[31.49142136,30.03744527],[31.49151875,30.03744617],[31.49152022,30.03757373],[31.49079716,30.03757463],[31.49075584,30.03759906],[31.49051384,30.03729962]]]},"properties":{"id":"cairo:osm:way:1304314494","name":"Unbenannter Park 1304314494","nameAddon":null,"objectNumber":"cairo:osm:way:1304314494","district":"Kairo","locality":null,"type":"Park","areaM2":3368.9,"areaHa":0.34,"designation":null,"dedicated":null,"builtYear":null,"renovatedYear":null,"planningAreaId":null,"planningAreaName":null,"centroid":[31.491084,30.037373],"bounds":[31.49051,30.03702,31.49152,30.0376],"amenities":{},"sourceId":"parks"}},{"type":"Feature","id":"cairo:osm:way:1304314495","geometry":{"type":"Polygon","coordinates":[[[31.48933333,30.03623123],[31.48940121,30.0362638],[31.48933333,30.03629908],[31.48933333,30.03623123]]]},"properties":{"id":"cairo:osm:way:1304314495","name":"Unbenannter Park 1304314495","nameAddon":null,"objectNumber":"cairo:osm:way:1304314495","district":"Kairo","locality":null,"type":"Park","areaM2":24.7,"areaHa":0,"designation":null,"dedicated":null,"builtYear":null,"renovatedYear":null,"planningAreaId":null,"planningAreaName":null,"centroid":[31.489356,30.036265],"bounds":[31.48933,30.03623,31.4894,30.0363],"amenities":{},"sourceId":"parks"}},{"type":"Feature","id":"cairo:osm:way:1323452608","geometry":{"type":"Polygon","coordinates":[[[31.61132871,30.15113624],[31.61138773,30.1510901],[31.61146151,30.15114891],[31.61166072,30.15100326],[31.61176845,30.15113895],[31.61148217,30.15131355],[31.61132871,30.15113624]]]},"properties":{"id":"cairo:osm:way:1323452608","name":"Unbenannter Park 1323452608","nameAddon":null,"objectNumber":"cairo:osm:way:1323452608","district":"Kairo","locality":null,"type":"Park","areaM2":651.3,"areaHa":0.07,"designation":null,"dedicated":null,"builtYear":null,"renovatedYear":null,"planningAreaId":null,"planningAreaName":null,"centroid":[31.611556,30.15116],"bounds":[31.61133,30.151,31.61177,30.15131],"amenities":{},"sourceId":"parks"}},{"type":"Feature","id":"cairo:osm:way:1324066335","geometry":{"type":"Polygon","coordinates":[[[31.414852,29.86025783],[31.41657702,29.85860141],[31.41700053,29.8589687],[31.4169902,29.85922019],[31.41690757,29.85936675],[31.41510729,29.86109463],[31.41497891,29.8610901],[31.41487119,29.86099692],[31.414852,29.86025783]]]},"properties":{"id":"cairo:osm:way:1324066335","name":"Unbenannter Park 1324066335","nameAddon":null,"objectNumber":"cairo:osm:way:1324066335","district":"Kairo","locality":null,"type":"Park","areaM2":22642.5,"areaHa":2.26,"designation":null,"dedicated":null,"builtYear":null,"renovatedYear":null,"planningAreaId":null,"planningAreaName":null,"centroid":[31.415874,29.859831],"bounds":[31.41485,29.8586,31.417,29.86109],"amenities":{},"sourceId":"parks"}},{"type":"Feature","id":"cairo:osm:way:1352846582","geometry":{"type":"Polygon","coordinates":[[[31.59001607,30.00361498],[31.59004706,30.00336982],[31.59246416,30.00356613],[31.59262057,30.00353175],[31.59271206,30.00345576],[31.59279027,30.00322508],[31.59287881,30.00205175],[31.5923343,30.00200289],[31.59195506,30.00206713],[31.59128955,30.00199023],[31.59124676,30.00223539],[31.59057829,30.00217749],[31.59084686,30.00199385],[31.5911228,30.00187986],[31.59152713,30.00179392],[31.59164665,30.00182468],[31.5927342,30.00169893],[31.59268698,30.0013805],[31.59305146,30.00134069],[31.59311196,30.00169893],[31.59367418,30.00163832],[31.59406375,30.00149086],[31.59541986,30.00131898],[31.59540215,30.00153338],[31.59519999,30.00153971],[31.59520146,30.00161028],[31.59401948,30.00158404],[31.59393979,30.0016537],[31.59400029,30.00173693],[31.593776,30.00173783],[31.59377747,30.0019839],[31.59528853,30.00199385],[31.59525311,30.00220282],[31.59414638,30.00219016],[31.59370369,30.00207708],[31.59312377,30.00200832],[31.59302637,30.00335897],[31.59310458,30.0035209],[31.59340414,30.00365026],[31.59540805,30.00367107],[31.59554824,30.00362674],[31.59564563,30.00353356],[31.59567367,30.00339606],[31.59583304,30.001167],[31.59609127,30.00117695],[31.59595551,30.00319884],[31.59607652,30.00349285],[31.59624179,30.00362403],[31.5964469,30.00366112],[31.59888613,30.00353537],[31.5990942,30.00346481],[31.59927865,30.00327483],[31.59937457,30.00292383],[31.59944835,30.00176226],[31.59953541,30.00177311],[31.59955312,30.0016727],[31.59950442,30.00141849],[31.59932735,30.00123304],[31.5990514,30.00114891],[31.59754625,30.00122218],[31.59755363,30.00099783],[31.59766578,30.00099783],[31.59767463,30.00105482],[31.59931849,30.00086575],[31.59928455,30.00060702],[31.5998571,30.00053827],[31.59989547,30.00080242],[31.60081184,30.0007002],[31.60099039,30.00076805],[31.60106712,30.00113895],[31.60086791,30.00115795],[31.60084283,30.00096798],[31.6003721,30.00101502],[31.60011534,30.00111181],[31.59992203,30.00131355],[31.59979512,30.00193866],[31.59973757,30.00267957],[31.59970511,30.0028207],[31.59964461,30.00281708],[31.59965936,30.00316356],[31.59982168,30.00334178],[31.60016256,30.00344038],[31.6017164,30.00328659],[31.60175625,30.00355799],[31.59987038,30.00367469],[31.5996874,30.00372354],[31.59954574,30.00385019],[31.59946015,30.00411073],[31.59925209,30.00559616],[31.59929783,30.00580785],[31.5994026,30.00594174],[31.59946015,30.00654967],[31.59878431,30.00658766],[31.59873266,30.00611543],[31.59887137,30.00600868],[31.59892302,30.00584856],[31.59917831,30.00414149],[31.59912518,30.00400669],[31.5989909,30.00388095],[31.59878874,30.00379862],[31.59705782,30.00390899],[31.59627278,30.00392437],[31.59590829,30.00406188],[31.59578729,30.00435318],[31.59558218,30.00545142],[31.59575335,30.00547856],[31.59571646,30.00569658],[31.59562202,30.00568572],[31.59557037,30.00571648],[31.59542724,30.00597793],[31.59587583,30.006499],[31.59595109,30.0066917],[31.59604553,30.00675321],[31.59604553,30.00687624],[31.59549364,30.00683282],[31.59520737,30.00664284],[31.59507308,30.00665189],[31.59483255,30.00674417],[31.59434412,30.00668536],[31.59470417,30.00628098],[31.59482813,30.00618328],[31.59507308,30.00609734],[31.59512916,30.00602678],[31.59513063,30.00573729],[31.59504062,30.00565949],[31.59507456,30.00532658],[31.59534312,30.00536638],[31.59551135,30.00444816],[31.59551577,30.00430704],[31.59537411,30.00404379],[31.59514687,30.00391804],[31.5934307,30.00388457],[31.59308392,30.00405916],[31.5929703,30.00426181],[31.59289947,30.00536457],[31.5945389,30.005408],[31.59401062,30.00571105],[31.59377452,30.00549394],[31.59350448,30.0057391],[31.59342037,30.00587661],[31.5937214,30.00601502],[31.59357531,30.00628098],[31.59346316,30.00632984],[31.59354727,30.00609101],[31.59282864,30.00582504],[31.59270173,30.00611001],[31.59221035,30.00595621],[31.5923402,30.0056622],[31.59162157,30.00540438],[31.59068011,30.00489597],[31.59165698,30.00498191],[31.59162599,30.00526687],[31.59264566,30.00534015],[31.59272977,30.00418762],[31.59266337,30.00400398],[31.59253499,30.00389633],[31.59238004,30.00382034],[31.59214985,30.00380134],[31.59001607,30.00361498]]]},"properties":{"id":"cairo:osm:way:1352846582","name":"Unbenannter Park 1352846582","nameAddon":null,"objectNumber":"cairo:osm:way:1352846582","district":"Kairo","locality":null,"type":"Park","areaM2":131629.4,"areaHa":13.16,"designation":null,"dedicated":null,"builtYear":null,"renovatedYear":null,"planningAreaId":null,"planningAreaName":null,"centroid":[31.595803,30.00366],"bounds":[31.59002,30.00054,31.60176,30.00688],"amenities":{},"sourceId":"parks"}},{"type":"Feature","id":"cairo:osm:way:135517540","geometry":{"type":"Polygon","coordinates":[[[31.40580339,29.98493848],[31.4065604,29.98558893],[31.40608672,29.98610005],[31.40583291,29.98586575],[31.40580339,29.98493848]]]},"properties":{"id":"cairo:osm:way:135517540","name":"Unbenannter Park 135517540","nameAddon":null,"objectNumber":"cairo:osm:way:135517540","district":"Kairo","locality":null,"type":"Park","areaM2":4944.5,"areaHa":0.49,"designation":null,"dedicated":null,"builtYear":null,"renovatedYear":null,"planningAreaId":null,"planningAreaName":null,"centroid":[31.40609,29.985565],"bounds":[31.4058,29.98494,31.40656,29.9861],"amenities":{},"sourceId":"parks"}},{"type":"Feature","id":"cairo:osm:way:135517549","geometry":{"type":"Polygon","coordinates":[[[31.40174982,29.98188077],[31.40194313,29.98179754],[31.40262192,29.9824317],[31.40181032,29.98247331],[31.40174982,29.98188077]]]},"properties":{"id":"cairo:osm:way:135517549","name":"Unbenannter Park 135517549","nameAddon":null,"objectNumber":"cairo:osm:way:135517549","district":"Kairo","locality":null,"type":"Park","areaM2":3543.4,"areaHa":0.35,"designation":null,"dedicated":null,"builtYear":null,"renovatedYear":null,"planningAreaId":null,"planningAreaName":null,"centroid":[31.402073,29.982201],"bounds":[31.40175,29.9818,31.40262,29.98247],"amenities":{},"sourceId":"parks"}},{"type":"Feature","id":"cairo:osm:way:135517550","geometry":{"type":"Polygon","coordinates":[[[31.39902432,29.98252488],[31.3990376,29.98185544],[31.40045421,29.98186991],[31.40047192,29.98253302],[31.39902432,29.98252488]]]},"properties":{"id":"cairo:osm:way:135517550","name":"Unbenannter Park 135517550","nameAddon":null,"objectNumber":"cairo:osm:way:135517550","district":"Kairo","locality":null,"type":"Park","areaM2":10198,"areaHa":1.02,"designation":null,"dedicated":null,"builtYear":null,"renovatedYear":null,"planningAreaId":null,"planningAreaName":null,"centroid":[31.399746,29.982197],"bounds":[31.39902,29.98186,31.40047,29.98253],"amenities":{},"sourceId":"parks"}},{"type":"Feature","id":"cairo:osm:way:135517559","geometry":{"type":"Polygon","coordinates":[[[31.4002668,29.98083771],[31.40092346,29.98080966],[31.40142518,29.98116971],[31.40027418,29.98117514],[31.4002668,29.98083771]]]},"properties":{"id":"cairo:osm:way:135517559","name":"Unbenannter Park 135517559","nameAddon":null,"objectNumber":"cairo:osm:way:135517559","district":"Kairo","locality":null,"type":"Park","areaM2":3412.6,"areaHa":0.34,"designation":null,"dedicated":null,"builtYear":null,"renovatedYear":null,"planningAreaId":null,"planningAreaName":null,"centroid":[31.40074,29.981013],"bounds":[31.40027,29.98081,31.40143,29.98118],"amenities":{},"sourceId":"parks"}},{"type":"Feature","id":"cairo:osm:way:135530777","geometry":{"type":"Polygon","coordinates":[[[31.40426283,29.98516193],[31.40444581,29.98500181],[31.40504639,29.98501086],[31.40513493,29.98514293],[31.40514083,29.98567758],[31.40502573,29.98577076],[31.40447532,29.98579609],[31.40432481,29.98574724],[31.40426283,29.98516193]]]},"properties":{"id":"cairo:osm:way:135530777","name":"Unbenannter Park 135530777","nameAddon":null,"objectNumber":"cairo:osm:way:135530777","district":"Kairo","locality":null,"type":"Park","areaM2":6742.8,"areaHa":0.67,"designation":null,"dedicated":null,"builtYear":null,"renovatedYear":null,"planningAreaId":null,"planningAreaName":null,"centroid":[31.404713,29.985396],"bounds":[31.40426,29.985,31.40514,29.9858],"amenities":{},"sourceId":"parks"}},{"type":"Feature","id":"cairo:osm:way:135530778","geometry":{"type":"Polygon","coordinates":[[[31.39975476,29.9857789],[31.39979312,29.98522164],[31.39989937,29.98512575],[31.40046601,29.98514203],[31.40054865,29.98521621],[31.40054422,29.98579971],[31.40049258,29.98590917],[31.39989347,29.98590465],[31.39975476,29.9857789]]]},"properties":{"id":"cairo:osm:way:135530778","name":"Unbenannter Park 135530778","nameAddon":null,"objectNumber":"cairo:osm:way:135530778","district":"Kairo","locality":null,"type":"Park","areaM2":6179,"areaHa":0.62,"designation":null,"dedicated":null,"builtYear":null,"renovatedYear":null,"planningAreaId":null,"planningAreaName":null,"centroid":[31.400163,29.985522],"bounds":[31.39975,29.98513,31.40055,29.98591],"amenities":{},"sourceId":"parks"}},{"type":"Feature","id":"cairo:osm:way:1360331385","geometry":{"type":"Polygon","coordinates":[[[31.32544756,30.09715307],[31.32556708,30.09692962],[31.32580761,30.0970237],[31.32559512,30.09725801],[31.32544756,30.09715307]]]},"properties":{"id":"cairo:osm:way:1360331385","name":"Parking Area","nameAddon":null,"objectNumber":"cairo:osm:way:1360331385","district":"Kairo","locality":null,"type":"Park","areaM2":651.7,"areaHa":0.07,"designation":null,"dedicated":null,"builtYear":null,"renovatedYear":null,"planningAreaId":null,"planningAreaName":null,"centroid":[31.325612,30.097087],"bounds":[31.32545,30.09693,31.32581,30.09726],"amenities":{},"sourceId":"parks"}},{"type":"Feature","id":"cairo:osm:way:1435254761","geometry":{"type":"Polygon","coordinates":[[[31.27692122,29.96080966],[31.27692269,29.96063778],[31.27708944,29.96063868],[31.27708796,29.96081057],[31.27692122,29.96080966]]]},"properties":{"id":"cairo:osm:way:1435254761","name":"Unbenannter Park 1435254761","nameAddon":null,"objectNumber":"cairo:osm:way:1435254761","district":"Kairo","locality":null,"type":"Park","areaM2":308.4,"areaHa":0.03,"designation":null,"dedicated":null,"builtYear":null,"renovatedYear":null,"planningAreaId":null,"planningAreaName":null,"centroid":[31.277005,29.960724],"bounds":[31.27692,29.96064,31.27709,29.96081],"amenities":{},"sourceId":"parks"}},{"type":"Feature","id":"cairo:osm:way:1435730914","geometry":{"type":"Polygon","coordinates":[[[31.59870905,30.16923557],[31.59891122,30.16850371],[31.59898943,30.16839967],[31.59955459,30.16810024],[31.59963575,30.16810838],[31.59983349,30.1683472],[31.59984677,30.168463],[31.59965641,30.16929709],[31.59955459,30.16934775],[31.59870905,30.16923557]]]},"properties":{"id":"cairo:osm:way:1435730914","name":"Unbenannter Park 1435730914","nameAddon":null,"objectNumber":"cairo:osm:way:1435730914","district":"Kairo","locality":null,"type":"Park","areaM2":10496.2,"areaHa":1.05,"designation":null,"dedicated":null,"builtYear":null,"renovatedYear":null,"planningAreaId":null,"planningAreaName":null,"centroid":[31.599325,30.168771],"bounds":[31.59871,30.1681,31.59985,30.16935],"amenities":{},"sourceId":"parks"}},{"type":"Feature","id":"cairo:osm:way:1435730927","geometry":{"type":"Polygon","coordinates":[[[31.59614144,30.17209879],[31.59624474,30.17167541],[31.59639968,30.17157138],[31.59691025,30.17166094],[31.59698698,30.17176859],[31.59692353,30.17220644],[31.5967981,30.17229148],[31.59621523,30.17218744],[31.59614144,30.17209879]]]},"properties":{"id":"cairo:osm:way:1435730927","name":"Unbenannter Park 1435730927","nameAddon":null,"objectNumber":"cairo:osm:way:1435730927","district":"Kairo","locality":null,"type":"Park","areaM2":4997.8,"areaHa":0.5,"designation":null,"dedicated":null,"builtYear":null,"renovatedYear":null,"planningAreaId":null,"planningAreaName":null,"centroid":[31.596577,30.171933],"bounds":[31.59614,30.17157,31.59699,30.17229],"amenities":{},"sourceId":"parks"}},{"type":"Feature","id":"cairo:osm:way:1435730928","geometry":{"type":"Polygon","coordinates":[[[31.59556004,30.17292021],[31.59567809,30.17232314],[31.59633623,30.1724118],[31.59622556,30.17300977],[31.59556004,30.17292021]]]},"properties":{"id":"cairo:osm:way:1435730928","name":"Unbenannter Park 1435730928","nameAddon":null,"objectNumber":"cairo:osm:way:1435730928","district":"Kairo","locality":null,"type":"Park","areaM2":4325.7,"areaHa":0.43,"designation":null,"dedicated":null,"builtYear":null,"renovatedYear":null,"planningAreaId":null,"planningAreaName":null,"centroid":[31.59595,30.172667],"bounds":[31.59556,30.17232,31.59634,30.17301],"amenities":{},"sourceId":"parks"}},{"type":"Feature","id":"cairo:osm:way:1435730929","geometry":{"type":"Polygon","coordinates":[[[31.59644395,30.17302244],[31.59657676,30.17247241],[31.59707552,30.17253664],[31.59695305,30.17313099],[31.59644395,30.17302244]]]},"properties":{"id":"cairo:osm:way:1435730929","name":"Unbenannter Park 1435730929","nameAddon":null,"objectNumber":"cairo:osm:way:1435730929","district":"Kairo","locality":null,"type":"Park","areaM2":3195.2,"areaHa":0.32,"designation":null,"dedicated":null,"builtYear":null,"renovatedYear":null,"planningAreaId":null,"planningAreaName":null,"centroid":[31.596765,30.172793],"bounds":[31.59644,30.17247,31.59708,30.17313],"amenities":{},"sourceId":"parks"}},{"type":"Feature","id":"cairo:osm:way:1448269226","geometry":{"type":"Polygon","coordinates":[[[31.43066641,29.99070382],[31.43087447,29.99042157],[31.43104712,29.99034196],[31.43124191,29.99031844],[31.43143374,29.99035372],[31.43160049,29.99044328],[31.43172149,29.99057717],[31.43175838,29.99073819],[31.43172739,29.99088113],[31.43153408,29.99111362],[31.43119912,29.99127013],[31.43105745,29.99127646],[31.43081693,29.99115524],[31.43071658,29.99103582],[31.43066641,29.99070382]]]},"properties":{"id":"cairo:osm:way:1448269226","name":"Unbenannter Park 1448269226","nameAddon":null,"objectNumber":"cairo:osm:way:1448269226","district":"Kairo","locality":null,"type":"Park","areaM2":8507.4,"areaHa":0.85,"designation":null,"dedicated":null,"builtYear":null,"renovatedYear":null,"planningAreaId":null,"planningAreaName":null,"centroid":[31.431201,29.990786],"bounds":[31.43067,29.99032,31.43176,29.99128],"amenities":{},"sourceId":"parks"}},{"type":"Feature","id":"cairo:osm:way:1457586061","geometry":{"type":"Polygon","coordinates":[[[31.46268627,30.05498191],[31.46271726,30.0546698],[31.46283088,30.05451963],[31.46300648,30.05442464],[31.46325586,30.05438303],[31.4644349,30.05447983],[31.464429,30.05507056],[31.46268627,30.05508413],[31.46268627,30.05498191]]]},"properties":{"id":"cairo:osm:way:1457586061","name":"حديقة مسجد الودود","nameAddon":null,"objectNumber":"cairo:osm:way:1457586061","district":"Kairo","locality":null,"type":"Park","areaM2":11795.5,"areaHa":1.18,"designation":null,"dedicated":null,"builtYear":null,"renovatedYear":null,"planningAreaId":null,"planningAreaName":null,"centroid":[31.463571,30.054759],"bounds":[31.46269,30.05438,31.46443,30.05508],"amenities":{},"sourceId":"parks"}},{"type":"Feature","id":"cairo:osm:way:1457586062","geometry":{"type":"Polygon","coordinates":[[[31.46534832,30.05455401],[31.46609351,30.05463271],[31.46621452,30.05467885],[31.46639159,30.05484711],[31.46646685,30.05516284],[31.4653557,30.05516284],[31.46535274,30.05490863],[31.46534832,30.05455401]]]},"properties":{"id":"cairo:osm:way:1457586062","name":"Unbenannter Park 1457586062","nameAddon":null,"objectNumber":"cairo:osm:way:1457586062","district":"Kairo","locality":null,"type":"Park","areaM2":6130.1,"areaHa":0.61,"designation":null,"dedicated":null,"builtYear":null,"renovatedYear":null,"planningAreaId":null,"planningAreaName":null,"centroid":[31.465849,30.054895],"bounds":[31.46535,30.05455,31.46647,30.05516],"amenities":{},"sourceId":"parks"}},{"type":"Feature","id":"cairo:osm:way:1457586063","geometry":{"type":"Polygon","coordinates":[[[31.46269069,30.05578343],[31.46442162,30.05577709],[31.46430652,30.05604939],[31.46390662,30.05635517],[31.46360559,30.05641035],[31.46270693,30.05643206],[31.46269069,30.05578343]]]},"properties":{"id":"cairo:osm:way:1457586063","name":"Unbenannter Park 1457586063","nameAddon":null,"objectNumber":"cairo:osm:way:1457586063","district":"Kairo","locality":null,"type":"Park","areaM2":10248.6,"areaHa":1.02,"designation":null,"dedicated":null,"builtYear":null,"renovatedYear":null,"planningAreaId":null,"planningAreaName":null,"centroid":[31.463453,30.056075],"bounds":[31.46269,30.05578,31.46442,30.05643],"amenities":{},"sourceId":"parks"}},{"type":"Feature","id":"cairo:osm:way:1457586064","geometry":{"type":"Polygon","coordinates":[[[31.46536307,30.0558558],[31.46648456,30.05585128],[31.46649931,30.05640492],[31.46582347,30.0564013],[31.46558737,30.05634883],[31.465428,30.05622399],[31.4653675,30.05594988],[31.46536307,30.0558558]]]},"properties":{"id":"cairo:osm:way:1457586064","name":"Unbenannter Park 1457586064","nameAddon":null,"objectNumber":"cairo:osm:way:1457586064","district":"Kairo","locality":null,"type":"Park","areaM2":6176.2,"areaHa":0.62,"designation":null,"dedicated":null,"builtYear":null,"renovatedYear":null,"planningAreaId":null,"planningAreaName":null,"centroid":[31.465966,30.056116],"bounds":[31.46536,30.05585,31.4665,30.0564],"amenities":{},"sourceId":"parks"}},{"type":"Feature","id":"cairo:osm:way:1457586065","geometry":{"type":"Polygon","coordinates":[[[31.46493219,30.05843315],[31.46494842,30.05773657],[31.46506352,30.05755021],[31.46556228,30.05727158],[31.46582938,30.05722182],[31.46650374,30.05720011],[31.46649489,30.05807671],[31.46628682,30.05834178],[31.46606253,30.05842681],[31.46493219,30.05843315]]]},"properties":{"id":"cairo:osm:way:1457586065","name":"Unbenannter Park 1457586065","nameAddon":null,"objectNumber":"cairo:osm:way:1457586065","district":"Kairo","locality":null,"type":"Park","areaM2":18197.7,"areaHa":1.82,"designation":null,"dedicated":null,"builtYear":null,"renovatedYear":null,"planningAreaId":null,"planningAreaName":null,"centroid":[31.465748,30.057848],"bounds":[31.46493,30.0572,31.4665,30.05843],"amenities":{},"sourceId":"parks"}},{"type":"Feature","id":"cairo:osm:way:1457586066","geometry":{"type":"Polygon","coordinates":[[[31.46272611,30.05722634],[31.46348016,30.05722272],[31.46387416,30.05735209],[31.46403795,30.05771576],[31.464035,30.05843948],[31.46327947,30.058444],[31.46301681,30.05837887],[31.46290614,30.0583083],[31.46277038,30.0581138],[31.46273939,30.05751764],[31.46272611,30.05722634]]]},"properties":{"id":"cairo:osm:way:1457586066","name":"Unbenannter Park 1457586066","nameAddon":null,"objectNumber":"cairo:osm:way:1457586066","district":"Kairo","locality":null,"type":"Park","areaM2":15575.9,"areaHa":1.56,"designation":null,"dedicated":null,"builtYear":null,"renovatedYear":null,"planningAreaId":null,"planningAreaName":null,"centroid":[31.463386,30.057836],"bounds":[31.46273,30.05722,31.46404,30.05844],"amenities":{},"sourceId":"parks"}},{"type":"Feature","id":"cairo:osm:way:1457586068","geometry":{"type":"Polygon","coordinates":[[[31.46496613,30.06007961],[31.46606253,30.0600778],[31.46618796,30.06010584],[31.46639307,30.06023973],[31.46649194,30.06044418],[31.46650522,30.06129817],[31.4659548,30.06130179],[31.46573641,30.06126651],[31.46510336,30.06092998],[31.46499121,30.06072734],[31.46498531,30.06058531],[31.46496613,30.06007961]]]},"properties":{"id":"cairo:osm:way:1457586068","name":"Unbenannter Park 1457586068","nameAddon":null,"objectNumber":"cairo:osm:way:1457586068","district":"Kairo","locality":null,"type":"Park","areaM2":17444.3,"areaHa":1.74,"designation":null,"dedicated":null,"builtYear":null,"renovatedYear":null,"planningAreaId":null,"planningAreaName":null,"centroid":[31.465777,30.060651],"bounds":[31.46497,30.06008,31.46651,30.0613],"amenities":{},"sourceId":"parks"}},{"type":"Feature","id":"cairo:osm:way:1458329410","geometry":{"type":"Polygon","coordinates":[[[31.46559622,30.06262891],[31.46563754,30.06229419],[31.46575412,30.06220735],[31.46597694,30.06212412],[31.46651407,30.06210964],[31.46649784,30.06295187],[31.46639012,30.06315813],[31.4661791,30.06329202],[31.46560213,30.06332368],[31.46559622,30.06262891]]]},"properties":{"id":"cairo:osm:way:1458329410","name":"Unbenannter Park 1458329410","nameAddon":null,"objectNumber":"cairo:osm:way:1458329410","district":"Kairo","locality":null,"type":"Park","areaM2":10784.8,"areaHa":1.08,"designation":null,"dedicated":null,"builtYear":null,"renovatedYear":null,"planningAreaId":null,"planningAreaName":null,"centroid":[31.466049,30.062708],"bounds":[31.4656,30.06211,31.46651,30.06332],"amenities":{},"sourceId":"parks"}},{"type":"Feature","id":"cairo:osm:way:1464590146","geometry":{"type":"Polygon","coordinates":[[[31.21735121,30.05662204],[31.21762568,30.0556034],[31.21777619,30.05563325],[31.21750172,30.0566528],[31.21735121,30.05662204]]]},"properties":{"id":"cairo:osm:way:1464590146","name":"حديقة العبور","nameAddon":null,"objectNumber":"cairo:osm:way:1464590146","district":"Kairo","locality":null,"type":"Park","areaM2":1727.2,"areaHa":0.17,"designation":null,"dedicated":null,"builtYear":null,"renovatedYear":null,"planningAreaId":null,"planningAreaName":null,"centroid":[31.217564,30.056128],"bounds":[31.21735,30.0556,31.21778,30.05665],"amenities":{},"sourceId":"parks"}},{"type":"Feature","id":"cairo:osm:way:1464753855","geometry":{"type":"Polygon","coordinates":[[[31.29955307,30.06137416],[31.30056388,30.06048761],[31.30099182,30.06091098],[31.3001935,30.06183011],[31.29970506,30.06148182],[31.29955307,30.06137416]]]},"properties":{"id":"cairo:osm:way:1464753855","name":"الحديقة الاندلسية","nameAddon":null,"objectNumber":"cairo:osm:way:1464753855","district":"Kairo","locality":null,"type":"Park","areaM2":9470.9,"areaHa":0.95,"designation":null,"dedicated":null,"builtYear":null,"renovatedYear":null,"planningAreaId":null,"planningAreaName":null,"centroid":[31.300303,30.061166],"bounds":[31.29955,30.06049,31.30099,30.06183],"amenities":{},"sourceId":"parks"}},{"type":"Feature","id":"cairo:osm:way:1465344189","geometry":{"type":"Polygon","coordinates":[[[31.28011155,29.93048489],[31.28031076,29.92951058],[31.28043176,29.92935137],[31.28128173,29.92751674],[31.28168458,29.92763796],[31.28086855,29.93024516],[31.28072984,29.93023702],[31.28057637,29.93089651],[31.28017205,29.93053917],[31.28011155,29.93048489]]]},"properties":{"id":"cairo:osm:way:1465344189","name":"حديقة نيل المعادي","nameAddon":null,"objectNumber":"cairo:osm:way:1465344189","district":"Kairo","locality":null,"type":"Park","areaM2":20866.8,"areaHa":2.09,"designation":null,"dedicated":null,"builtYear":null,"renovatedYear":null,"planningAreaId":null,"planningAreaName":null,"centroid":[31.280859,29.929213],"bounds":[31.28011,29.92752,31.28168,29.9309],"amenities":{},"sourceId":"parks"}},{"type":"Feature","id":"cairo:osm:way:1465567979","geometry":{"type":"Polygon","coordinates":[[[31.46280137,30.06045142],[31.46286925,30.06026597],[31.46304337,30.0601366],[31.46323225,30.06008413],[31.46402762,30.06008232],[31.46401582,30.06086756],[31.46388006,30.06116067],[31.46354066,30.06129908],[31.46284121,30.06130451],[31.46280137,30.06045142]]]},"properties":{"id":"cairo:osm:way:1465567979","name":"Unbenannter Park 1465567979","nameAddon":null,"objectNumber":"cairo:osm:way:1465567979","district":"Kairo","locality":null,"type":"Park","areaM2":14721.2,"areaHa":1.47,"designation":null,"dedicated":null,"builtYear":null,"renovatedYear":null,"planningAreaId":null,"planningAreaName":null,"centroid":[31.463412,30.060681],"bounds":[31.4628,30.06008,31.46403,30.0613],"amenities":{},"sourceId":"parks"}},{"type":"Feature","id":"cairo:osm:way:1465567980","geometry":{"type":"Polygon","coordinates":[[[31.46287072,30.06213316],[31.46339015,30.06213407],[31.46337391,30.06333454],[31.46306403,30.0631527],[31.46294008,30.06284693],[31.46287072,30.06213316]]]},"properties":{"id":"cairo:osm:way:1465567980","name":"Unbenannter Park 1465567980","nameAddon":null,"objectNumber":"cairo:osm:way:1465567980","district":"Kairo","locality":null,"type":"Park","areaM2":5320.7,"areaHa":0.53,"designation":null,"dedicated":null,"builtYear":null,"renovatedYear":null,"planningAreaId":null,"planningAreaName":null,"centroid":[31.463163,30.062644],"bounds":[31.46287,30.06213,31.46339,30.06333],"amenities":{},"sourceId":"parks"}},{"type":"Feature","id":"cairo:osm:way:1465567981","geometry":{"type":"Polygon","coordinates":[[[31.46409255,30.06254478],[31.46418552,30.06226253],[31.46445408,30.06240365],[31.4646105,30.0625873],[31.46466805,30.06280441],[31.46465477,30.06333273],[31.46409403,30.06333725],[31.46409255,30.06254478]]]},"properties":{"id":"cairo:osm:way:1465567981","name":"Unbenannter Park 1465567981","nameAddon":null,"objectNumber":"cairo:osm:way:1465567981","district":"Kairo","locality":null,"type":"Park","areaM2":5616.6,"areaHa":0.56,"designation":null,"dedicated":null,"builtYear":null,"renovatedYear":null,"planningAreaId":null,"planningAreaName":null,"centroid":[31.464362,30.062869],"bounds":[31.46409,30.06226,31.46467,30.06334],"amenities":{},"sourceId":"parks"}},{"type":"Feature","id":"cairo:osm:way:1465819103","geometry":{"type":"Polygon","coordinates":[[[31.4641014,30.064962],[31.46466215,30.0649602],[31.46460902,30.06569839],[31.46442014,30.06591008],[31.46414125,30.06605392],[31.4641014,30.064962]]]},"properties":{"id":"cairo:osm:way:1465819103","name":"Unbenannter Park 1465819103","nameAddon":null,"objectNumber":"cairo:osm:way:1465819103","district":"Kairo","locality":null,"type":"Park","areaM2":5375.9,"areaHa":0.54,"designation":null,"dedicated":null,"builtYear":null,"renovatedYear":null,"planningAreaId":null,"planningAreaName":null,"centroid":[31.464361,30.065426],"bounds":[31.4641,30.06496,31.46466,30.06605],"amenities":{},"sourceId":"parks"}},{"type":"Feature","id":"cairo:osm:way:1465819104","geometry":{"type":"Polygon","coordinates":[[[31.46284859,30.06616881],[31.46293122,30.06529582],[31.46309502,30.06507147],[31.46337687,30.06496472],[31.46338867,30.06616248],[31.46284859,30.06616881]]]},"properties":{"id":"cairo:osm:way:1465819104","name":"Unbenannter Park 1465819104","nameAddon":null,"objectNumber":"cairo:osm:way:1465819104","district":"Kairo","locality":null,"type":"Park","areaM2":5722.6,"areaHa":0.57,"designation":null,"dedicated":null,"builtYear":null,"renovatedYear":null,"planningAreaId":null,"planningAreaName":null,"centroid":[31.463149,30.065638],"bounds":[31.46285,30.06496,31.46339,30.06617],"amenities":{},"sourceId":"parks"}},{"type":"Feature","id":"cairo:osm:way:1465819105","geometry":{"type":"Polygon","coordinates":[[[31.46560213,30.06495748],[31.46611122,30.06496743],[31.46639012,30.06511941],[31.46647423,30.06524426],[31.4665303,30.06617243],[31.46581757,30.06614529],[31.46564787,30.06600145],[31.46560803,30.06583861],[31.46560213,30.06495748]]]},"properties":{"id":"cairo:osm:way:1465819105","name":"Unbenannter Park 1465819105","nameAddon":null,"objectNumber":"cairo:osm:way:1465819105","district":"Kairo","locality":null,"type":"Park","areaM2":11004.6,"areaHa":1.1,"designation":null,"dedicated":null,"builtYear":null,"renovatedYear":null,"planningAreaId":null,"planningAreaName":null,"centroid":[31.466048,30.065576],"bounds":[31.4656,30.06496,31.46653,30.06617],"amenities":{},"sourceId":"parks"}},{"type":"Feature","id":"cairo:osm:way:1465819111","geometry":{"type":"Polygon","coordinates":[[[31.46288105,30.06808033],[31.46409107,30.06803962],[31.4640955,30.06844943],[31.46352738,30.06851818],[31.46323225,30.06851637],[31.46298582,30.06837073],[31.46289286,30.06813733],[31.46288105,30.06808033]]]},"properties":{"id":"cairo:osm:way:1465819111","name":"Unbenannter Park 1465819111","nameAddon":null,"objectNumber":"cairo:osm:way:1465819111","district":"Kairo","locality":null,"type":"Park","areaM2":5305.4,"areaHa":0.53,"designation":null,"dedicated":null,"builtYear":null,"renovatedYear":null,"planningAreaId":null,"planningAreaName":null,"centroid":[31.463531,30.068269],"bounds":[31.46288,30.06804,31.4641,30.06852],"amenities":{},"sourceId":"parks"}},{"type":"Feature","id":"cairo:osm:way:1465819112","geometry":{"type":"Polygon","coordinates":[[[31.46499416,30.06831554],[31.46504876,30.06744255],[31.46523322,30.06724625],[31.46561836,30.06705175],[31.46595185,30.0669658],[31.46652292,30.06695676],[31.46647718,30.06797087],[31.46642848,30.06807219],[31.46625288,30.06822146],[31.46590021,30.06828931],[31.46499416,30.06831554]]]},"properties":{"id":"cairo:osm:way:1465819112","name":"Unbenannter Park 1465819112","nameAddon":null,"objectNumber":"cairo:osm:way:1465819112","district":"Kairo","locality":null,"type":"Park","areaM2":19064.8,"areaHa":1.91,"designation":null,"dedicated":null,"builtYear":null,"renovatedYear":null,"planningAreaId":null,"planningAreaName":null,"centroid":[31.465785,30.067662],"bounds":[31.46499,30.06696,31.46652,30.06832],"amenities":{},"sourceId":"parks"}},{"type":"Feature","id":"cairo:osm:way:1465819127","geometry":{"type":"Polygon","coordinates":[[[31.46982097,30.05550932],[31.46993017,30.05526235],[31.4701766,30.05510765],[31.47033007,30.05509227],[31.47093656,30.05519902],[31.47093213,30.05593812],[31.47085392,30.05627646],[31.47052485,30.05638411],[31.46982983,30.05639407],[31.46982097,30.05563597],[31.46982097,30.05550932]]]},"properties":{"id":"cairo:osm:way:1465819127","name":"Unbenannter Park 1465819127","nameAddon":null,"objectNumber":"cairo:osm:way:1465819127","district":"Kairo","locality":null,"type":"Park","areaM2":14167.2,"areaHa":1.42,"designation":null,"dedicated":null,"builtYear":null,"renovatedYear":null,"planningAreaId":null,"planningAreaName":null,"centroid":[31.470374,30.05576],"bounds":[31.46982,30.05509,31.47094,30.05639],"amenities":{},"sourceId":"parks"}},{"type":"Feature","id":"cairo:osm:way:1465819128","geometry":{"type":"Polygon","coordinates":[[[31.47188687,30.05575538],[31.47190753,30.05536819],[31.47340973,30.05562059],[31.47352925,30.05566401],[31.47371223,30.05581961],[31.47378454,30.05601773],[31.47380224,30.05635607],[31.47300392,30.05635607],[31.47275897,30.0563235],[31.47204624,30.05600959],[31.47188687,30.05575538]]]},"properties":{"id":"cairo:osm:way:1465819128","name":"Unbenannter Park 1465819128","nameAddon":null,"objectNumber":"cairo:osm:way:1465819128","district":"Kairo","locality":null,"type":"Park","areaM2":14369.5,"areaHa":1.44,"designation":null,"dedicated":null,"builtYear":null,"renovatedYear":null,"planningAreaId":null,"planningAreaName":null,"centroid":[31.47285,30.055899],"bounds":[31.47189,30.05537,31.4738,30.05636],"amenities":{},"sourceId":"parks"}},{"type":"Feature","id":"cairo:osm:way:1465819129","geometry":{"type":"Polygon","coordinates":[[[31.4727088,30.05840963],[31.47271027,30.05759635],[31.47276044,30.05733762],[31.47307918,30.05720011],[31.47381995,30.0571784],[31.47377126,30.05808576],[31.47357795,30.05830288],[31.4732843,30.0584042],[31.47312493,30.05841234],[31.4727088,30.05840963]]]},"properties":{"id":"cairo:osm:way:1465819129","name":"Unbenannter Park 1465819129","nameAddon":null,"objectNumber":"cairo:osm:way:1465819129","district":"Kairo","locality":null,"type":"Park","areaM2":13343.1,"areaHa":1.33,"designation":null,"dedicated":null,"builtYear":null,"renovatedYear":null,"planningAreaId":null,"planningAreaName":null,"centroid":[31.473246,30.057787],"bounds":[31.47271,30.05718,31.47382,30.05841],"amenities":{},"sourceId":"parks"}},{"type":"Feature","id":"cairo:osm:way:1465819130","geometry":{"type":"Polygon","coordinates":[[[31.46982983,30.05721368],[31.47043336,30.05721187],[31.47043189,30.05841958],[31.47018398,30.05838249],[31.46997887,30.05825855],[31.46982983,30.05792745],[31.46982983,30.05721368]]]},"properties":{"id":"cairo:osm:way:1465819130","name":"Unbenannter Park 1465819130","nameAddon":null,"objectNumber":"cairo:osm:way:1465819130","district":"Kairo","locality":null,"type":"Park","areaM2":7093.5,"areaHa":0.71,"designation":null,"dedicated":null,"builtYear":null,"renovatedYear":null,"planningAreaId":null,"planningAreaName":null,"centroid":[31.47015,30.057763],"bounds":[31.46983,30.05721,31.47043,30.05842],"amenities":{},"sourceId":"parks"}},{"type":"Feature","id":"cairo:osm:way:1465819131","geometry":{"type":"Polygon","coordinates":[[[31.47117118,30.05777275],[31.47130989,30.05743803],[31.4715578,30.05755745],[31.47170832,30.05773657],[31.47174816,30.05841415],[31.47117413,30.05841686],[31.47117118,30.05777275]]]},"properties":{"id":"cairo:osm:way:1465819131","name":"Unbenannter Park 1465819131","nameAddon":null,"objectNumber":"cairo:osm:way:1465819131","district":"Kairo","locality":null,"type":"Park","areaM2":5175.3,"areaHa":0.52,"designation":null,"dedicated":null,"builtYear":null,"renovatedYear":null,"planningAreaId":null,"planningAreaName":null,"centroid":[31.471444,30.057992],"bounds":[31.47117,30.05744,31.47175,30.05842],"amenities":{},"sourceId":"parks"}},{"type":"Feature","id":"cairo:osm:way:1465819132","geometry":{"type":"Polygon","coordinates":[[[31.46983721,30.06210602],[31.47055879,30.06209879],[31.47099263,30.06220373],[31.47115643,30.06251221],[31.47116971,30.06329564],[31.47020169,30.06327755],[31.46996264,30.06314547],[31.46984458,30.06292654],[31.46983721,30.06210602]]]},"properties":{"id":"cairo:osm:way:1465819132","name":"Unbenannter Park 1465819132","nameAddon":null,"objectNumber":"cairo:osm:way:1465819132","district":"Kairo","locality":null,"type":"Park","areaM2":15781.3,"areaHa":1.58,"designation":null,"dedicated":null,"builtYear":null,"renovatedYear":null,"planningAreaId":null,"planningAreaName":null,"centroid":[31.470498,30.0627],"bounds":[31.46984,30.0621,31.47117,30.0633],"amenities":{},"sourceId":"parks"}},{"type":"Feature","id":"cairo:osm:way:1465819133","geometry":{"type":"Polygon","coordinates":[[[31.47211707,30.06329564],[31.47215396,30.06257102],[31.47229709,30.06238828],[31.47248745,30.06227429],[31.47258779,30.06272028],[31.4726055,30.06329654],[31.47211707,30.06329564]]]},"properties":{"id":"cairo:osm:way:1465819133","name":"Unbenannter Park 1465819133","nameAddon":null,"objectNumber":"cairo:osm:way:1465819133","district":"Kairo","locality":null,"type":"Park","areaM2":4465.6,"areaHa":0.45,"designation":null,"dedicated":null,"builtYear":null,"renovatedYear":null,"planningAreaId":null,"planningAreaName":null,"centroid":[31.472368,30.062861],"bounds":[31.47212,30.06227,31.47261,30.0633],"amenities":{},"sourceId":"parks"}},{"type":"Feature","id":"cairo:osm:way:1465819134","geometry":{"type":"Polygon","coordinates":[[[31.47332709,30.06208431],[31.47384799,30.0620825],[31.47385242,30.0629383],[31.47380667,30.06305862],[31.47361041,30.06323231],[31.47334332,30.06329021],[31.47332709,30.06208431]]]},"properties":{"id":"cairo:osm:way:1465819134","name":"Unbenannter Park 1465819134","nameAddon":null,"objectNumber":"cairo:osm:way:1465819134","district":"Kairo","locality":null,"type":"Park","areaM2":6187.6,"areaHa":0.62,"designation":null,"dedicated":null,"builtYear":null,"renovatedYear":null,"planningAreaId":null,"planningAreaName":null,"centroid":[31.473582,30.06264],"bounds":[31.47333,30.06208,31.47385,30.06329],"amenities":{},"sourceId":"parks"}},{"type":"Feature","id":"cairo:osm:way:1465819135","geometry":{"type":"Polygon","coordinates":[[[31.47269699,30.06004523],[31.47343924,30.06005699],[31.47359123,30.06011489],[31.47379339,30.06033924],[31.47383766,30.06126922],[31.47322379,30.06126741],[31.47302016,30.06121675],[31.47280324,30.06108739],[31.47270437,30.06076172],[31.47269699,30.06004523]]]},"properties":{"id":"cairo:osm:way:1465819135","name":"Unbenannter Park 1465819135","nameAddon":null,"objectNumber":"cairo:osm:way:1465819135","district":"Kairo","locality":null,"type":"Park","areaM2":13556.7,"areaHa":1.36,"designation":null,"dedicated":null,"builtYear":null,"renovatedYear":null,"planningAreaId":null,"planningAreaName":null,"centroid":[31.473264,30.060656],"bounds":[31.4727,30.06005,31.47384,30.06127],"amenities":{},"sourceId":"parks"}},{"type":"Feature","id":"cairo:osm:way:1465819136","geometry":{"type":"Polygon","coordinates":[[[31.47117561,30.06004704],[31.47177915,30.06004614],[31.47177029,30.06069206],[31.47171717,30.06082142],[31.4716242,30.06093179],[31.47129661,30.06112629],[31.47119037,30.06088837],[31.47117561,30.06004704]]]},"properties":{"id":"cairo:osm:way:1465819136","name":"Unbenannter Park 1465819136","nameAddon":null,"objectNumber":"cairo:osm:way:1465819136","district":"Kairo","locality":null,"type":"Park","areaM2":5951.1,"areaHa":0.6,"designation":null,"dedicated":null,"builtYear":null,"renovatedYear":null,"planningAreaId":null,"planningAreaName":null,"centroid":[31.471465,30.060513],"bounds":[31.47118,30.06005,31.47178,30.06113],"amenities":{},"sourceId":"parks"}},{"type":"Feature","id":"cairo:osm:way:1465819137","geometry":{"type":"Polygon","coordinates":[[[31.46982393,30.06053465],[31.46987705,30.06030125],[31.47005855,30.06012213],[31.47018398,30.06006966],[31.47045993,30.06004795],[31.47044369,30.0612846],[31.4698313,30.06128189],[31.46982393,30.06053465]]]},"properties":{"id":"cairo:osm:way:1465819137","name":"Unbenannter Park 1465819137","nameAddon":null,"objectNumber":"cairo:osm:way:1465819137","district":"Kairo","locality":null,"type":"Park","areaM2":7701.2,"areaHa":0.77,"designation":null,"dedicated":null,"builtYear":null,"renovatedYear":null,"planningAreaId":null,"planningAreaName":null,"centroid":[31.470155,30.060703],"bounds":[31.46982,30.06005,31.47046,30.06128],"amenities":{},"sourceId":"parks"}},{"type":"Feature","id":"cairo:osm:way:1466459250","geometry":{"type":"Polygon","coordinates":[[[31.36689969,30.13062964],[31.36742206,30.12930342],[31.36771424,30.12939117],[31.36788394,30.12950154],[31.36812447,30.12950154],[31.36921791,30.1298643],[31.36870587,30.13106025],[31.36821153,30.13100959],[31.36689969,30.13062964]]]},"properties":{"id":"cairo:osm:way:1466459250","name":"حديقة بدر","nameAddon":null,"objectNumber":"cairo:osm:way:1466459250","district":"Kairo","locality":null,"type":"Park","areaM2":27539.4,"areaHa":2.75,"designation":null,"dedicated":null,"builtYear":null,"renovatedYear":null,"planningAreaId":null,"planningAreaName":null,"centroid":[31.368048,30.130224],"bounds":[31.3669,30.1293,31.36922,30.13106],"amenities":{},"sourceId":"parks"}},{"type":"Feature","id":"cairo:osm:way:1467270537","geometry":{"type":"Polygon","coordinates":[[[31.23753793,30.03729057],[31.23808834,30.03716302],[31.23831559,30.0378994],[31.23776223,30.03802334],[31.23763975,30.03762529],[31.23753793,30.03729057]]]},"properties":{"id":"cairo:osm:way:1467270537","name":"حديقة ضريح سعد زغلول","nameAddon":null,"objectNumber":"cairo:osm:way:1467270537","district":"Kairo","locality":null,"type":"Park","areaM2":4644.2,"areaHa":0.46,"designation":null,"dedicated":null,"builtYear":null,"renovatedYear":null,"planningAreaId":null,"planningAreaName":null,"centroid":[31.237926,30.037594],"bounds":[31.23754,30.03716,31.23832,30.03802],"amenities":{},"sourceId":"parks"}},{"type":"Feature","id":"cairo:osm:way:1470191451","geometry":{"type":"Polygon","coordinates":[[[31.28760926,29.98965261],[31.28872041,29.98870545],[31.28912179,29.98895422],[31.28815082,29.98996472],[31.28779371,29.98975665],[31.28760926,29.98965261]]]},"properties":{"id":"cairo:osm:way:1470191451","name":"حديقة صقر قريش","nameAddon":null,"objectNumber":"cairo:osm:way:1470191451","district":"Kairo","locality":null,"type":"Park","areaM2":8136.6,"areaHa":0.81,"designation":null,"dedicated":null,"builtYear":null,"renovatedYear":null,"planningAreaId":null,"planningAreaName":null,"centroid":[31.288377,29.989341],"bounds":[31.28761,29.98871,31.28912,29.98996],"amenities":{},"sourceId":"parks"}},{"type":"Feature","id":"cairo:osm:way:1473897768","geometry":{"type":"Polygon","coordinates":[[[31.22680709,30.04983083],[31.22683513,30.04969151],[31.22696794,30.04960014],[31.22693547,30.04957301],[31.22706976,30.0495332],[31.2272793,30.0492989],[31.22736636,30.04930432],[31.22714059,30.04957029],[31.22715239,30.0498254],[31.22706238,30.04981545],[31.22701811,30.05009137],[31.22711403,30.05010403],[31.22693843,30.05029039],[31.22690449,30.05025873],[31.22698417,30.05004523],[31.22694285,30.05004976],[31.22680709,30.04983083]]]},"properties":{"id":"cairo:osm:way:1473897768","name":"Unbenannter Park 1473897768","nameAddon":null,"objectNumber":"cairo:osm:way:1473897768","district":"Kairo","locality":null,"type":"Park","areaM2":1856.2,"areaHa":0.19,"designation":null,"dedicated":null,"builtYear":null,"renovatedYear":null,"planningAreaId":null,"planningAreaName":null,"centroid":[31.227022,30.049773],"bounds":[31.22681,30.0493,31.22737,30.05029],"amenities":{},"sourceId":"parks"}},{"type":"Feature","id":"cairo:osm:way:1473897769","geometry":{"type":"Polygon","coordinates":[[[31.22690596,30.05065316],[31.22690891,30.05035734],[31.22712436,30.05015379],[31.22718486,30.0498046],[31.22729258,30.04974308],[31.22718338,30.04979284],[31.22727635,30.04961281],[31.22724536,30.04952234],[31.22735898,30.04938846],[31.22743129,30.04939931],[31.22722027,30.05014655],[31.22709779,30.05098969],[31.22698417,30.05092817],[31.22690596,30.05065316]]]},"properties":{"id":"cairo:osm:way:1473897769","name":"Unbenannter Park 1473897769","nameAddon":null,"objectNumber":"cairo:osm:way:1473897769","district":"Kairo","locality":null,"type":"Park","areaM2":2644.7,"areaHa":0.26,"designation":null,"dedicated":null,"builtYear":null,"renovatedYear":null,"planningAreaId":null,"planningAreaName":null,"centroid":[31.227126,30.050278],"bounds":[31.22691,30.04939,31.22743,30.05099],"amenities":{},"sourceId":"parks"}},{"type":"Feature","id":"cairo:osm:way:1475246807","geometry":{"type":"Polygon","coordinates":[[[31.46983868,30.06615705],[31.46984311,30.06529492],[31.46995083,30.06510313],[31.47025776,30.06493396],[31.47119184,30.06492763],[31.4712007,30.06565497],[31.47107527,30.06595983],[31.47087458,30.0660892],[31.47066651,30.06614619],[31.46983868,30.06615705]]]},"properties":{"id":"cairo:osm:way:1475246807","name":"Unbenannter Park 1475246807","nameAddon":null,"objectNumber":"cairo:osm:way:1475246807","district":"Kairo","locality":null,"type":"Park","areaM2":16522.2,"areaHa":1.65,"designation":null,"dedicated":null,"builtYear":null,"renovatedYear":null,"planningAreaId":null,"planningAreaName":null,"centroid":[31.470513,30.065537],"bounds":[31.46984,30.06493,31.4712,30.06616],"amenities":{},"sourceId":"parks"}},{"type":"Feature","id":"cairo:osm:way:1475275866","geometry":{"type":"Polygon","coordinates":[[[31.22665953,30.05161842],[31.22672298,30.04960648],[31.22678939,30.04942555],[31.22691629,30.0493188],[31.2267584,30.04860503],[31.22678348,30.04811923],[31.22716862,30.04817261],[31.22721289,30.0483065],[31.22711403,30.04851728],[31.22722913,30.04874977],[31.22754934,30.04877149],[31.22722027,30.05014655],[31.22709779,30.05098969],[31.22665953,30.05161842]]]},"properties":{"id":"cairo:osm:way:1475275866","name":"حديقة النهر","nameAddon":null,"objectNumber":"cairo:osm:way:1475275866","district":"Kairo","locality":null,"type":"Park","areaM2":17636.6,"areaHa":1.76,"designation":null,"dedicated":null,"builtYear":null,"renovatedYear":null,"planningAreaId":null,"planningAreaName":null,"centroid":[31.227009,30.049698],"bounds":[31.22666,30.04812,31.22755,30.05162],"amenities":{},"sourceId":"parks"}},{"type":"Feature","id":"cairo:osm:way:1475275867","geometry":{"type":"Polygon","coordinates":[[[31.22716567,30.04963724],[31.22722322,30.04954044],[31.22724241,30.04964176],[31.22719519,30.04967523],[31.22716567,30.04963724]]]},"properties":{"id":"cairo:osm:way:1475275867","name":"Unbenannter Park 1475275867","nameAddon":null,"objectNumber":"cairo:osm:way:1475275867","district":"Kairo","locality":null,"type":"Park","areaM2":93,"areaHa":0.01,"designation":null,"dedicated":null,"builtYear":null,"renovatedYear":null,"planningAreaId":null,"planningAreaName":null,"centroid":[31.227208,30.049618],"bounds":[31.22717,30.04954,31.22724,30.04968],"amenities":{},"sourceId":"parks"}},{"type":"Feature","id":"cairo:osm:way:1475402887","geometry":{"type":"Polygon","coordinates":[[[31.26220616,30.02813552],[31.26245849,30.02724715],[31.26325091,30.02738375],[31.26416433,30.02814366],[31.26413629,30.02829112],[31.26396807,30.02843767],[31.2631181,30.02863669],[31.26289086,30.02807581],[31.26283921,30.02806767],[31.26220616,30.02813552]]]},"properties":{"id":"cairo:osm:way:1475402887","name":"Unbenannter Park 1475402887","nameAddon":null,"objectNumber":"cairo:osm:way:1475402887","district":"Kairo","locality":null,"type":"Park","areaM2":16351.8,"areaHa":1.64,"designation":null,"dedicated":null,"builtYear":null,"renovatedYear":null,"planningAreaId":null,"planningAreaName":null,"centroid":[31.263161,30.027936],"bounds":[31.26221,30.02725,31.26416,30.02864],"amenities":{},"sourceId":"parks"}},{"type":"Feature","id":"cairo:osm:way:1475402888","geometry":{"type":"Polygon","coordinates":[[[31.26335716,30.02870454],[31.26424549,30.02849557],[31.26450373,30.02848833],[31.26486526,30.02868373],[31.26385297,30.02895875],[31.26381165,30.02890718],[31.26340143,30.0289298],[31.26335716,30.02870454]]]},"properties":{"id":"cairo:osm:way:1475402888","name":"Unbenannter Park 1475402888","nameAddon":null,"objectNumber":"cairo:osm:way:1475402888","district":"Kairo","locality":null,"type":"Park","areaM2":4403.1,"areaHa":0.44,"designation":null,"dedicated":null,"builtYear":null,"renovatedYear":null,"planningAreaId":null,"planningAreaName":null,"centroid":[31.264055,30.028718],"bounds":[31.26336,30.02849,31.26487,30.02896],"amenities":{},"sourceId":"parks"}},{"type":"Feature","id":"cairo:osm:way:1475402889","geometry":{"type":"Polygon","coordinates":[[[31.26085595,30.02587932],[31.2611319,30.0257201],[31.26112452,30.02560792],[31.2612529,30.02556541],[31.26132668,30.02539443],[31.26181217,30.02567668],[31.26221206,30.02602406],[31.26232569,30.02633436],[31.26232864,30.02663199],[31.26197744,30.02804505],[31.2616528,30.02810204],[31.2614285,30.02626289],[31.26137095,30.02623756],[31.26109648,30.02631536],[31.26085595,30.02587932]]]},"properties":{"id":"cairo:osm:way:1475402889","name":"Unbenannter Park 1475402889","nameAddon":null,"objectNumber":"cairo:osm:way:1475402889","district":"Kairo","locality":null,"type":"Park","areaM2":20785.4,"areaHa":2.08,"designation":null,"dedicated":null,"builtYear":null,"renovatedYear":null,"planningAreaId":null,"planningAreaName":null,"centroid":[31.261738,30.026599],"bounds":[31.26086,30.02539,31.26233,30.0281],"amenities":{},"sourceId":"parks"}},{"type":"Feature","id":"cairo:osm:way:1475402890","geometry":{"type":"Polygon","coordinates":[[[31.26486526,30.02868373],[31.26579196,30.02937579],[31.26633352,30.02996924],[31.26608856,30.02996924],[31.26592329,30.03001809],[31.26563849,30.02995658],[31.26543043,30.02965804],[31.26526516,30.02919667],[31.26510874,30.02914149],[31.26488297,30.0287163],[31.26486526,30.02868373]]]},"properties":{"id":"cairo:osm:way:1475402890","name":"Unbenannter Park 1475402890","nameAddon":null,"objectNumber":"cairo:osm:way:1475402890","district":"Kairo","locality":null,"type":"Park","areaM2":5957.2,"areaHa":0.6,"designation":null,"dedicated":null,"builtYear":null,"renovatedYear":null,"planningAreaId":null,"planningAreaName":null,"centroid":[31.265629,30.029517],"bounds":[31.26487,30.02868,31.26633,30.03002],"amenities":{},"sourceId":"parks"}},{"type":"Feature","id":"cairo:osm:way:1475412308","geometry":{"type":"Polygon","coordinates":[[[31.26348259,30.02974037],[31.26434436,30.02939479],[31.26502906,30.03059255],[31.26529024,30.03085218],[31.26514711,30.03116881],[31.26505709,30.03115614],[31.26471179,30.03091641],[31.26467638,30.03094355],[31.26461293,30.03091551],[31.26404776,30.02987878],[31.26363458,30.03002533],[31.26348259,30.02974037]]]},"properties":{"id":"cairo:osm:way:1475412308","name":"Unbenannter Park 1475412308","nameAddon":null,"objectNumber":"cairo:osm:way:1475412308","district":"Kairo","locality":null,"type":"Park","areaM2":11478,"areaHa":1.15,"designation":null,"dedicated":null,"builtYear":null,"renovatedYear":null,"planningAreaId":null,"planningAreaName":null,"centroid":[31.264472,30.030224],"bounds":[31.26348,30.02939,31.26529,30.03117],"amenities":{},"sourceId":"parks"}},{"type":"Feature","id":"cairo:osm:way:147578102","geometry":{"type":"Polygon","coordinates":[[[31.710282,30.12079428],[31.71043842,30.12072372],[31.71061402,30.12070291],[31.71078815,30.12073277],[31.71118509,30.12162837],[31.71177978,30.12237199],[31.71239364,30.12287317],[31.71308129,30.12324227],[31.71394601,30.12350823],[31.71452446,30.12362584],[31.71497601,30.12365931],[31.71571678,30.12363398],[31.71603846,30.12358694],[31.71659921,30.12342139],[31.7167025,30.12343134],[31.71749639,30.12412068],[31.71864739,30.12487787],[31.71875659,30.125],[31.71893071,30.12532748],[31.71895728,30.12550299],[31.71892776,30.12567849],[31.71871822,30.12597793],[31.71677481,30.12693052],[31.71655051,30.12700018],[31.71631441,30.12701013],[31.71611962,30.12697033],[31.71069518,30.12204903],[31.71043842,30.12163742],[31.7103248,30.1213226],[31.71038235,30.12119142],[31.710282,30.12079428]]]},"properties":{"id":"cairo:osm:way:147578102","name":"الحديقة المركزية","nameAddon":null,"objectNumber":"cairo:osm:way:147578102","district":"Kairo","locality":null,"type":"Park","areaM2":163496.9,"areaHa":16.35,"designation":null,"dedicated":null,"builtYear":null,"renovatedYear":null,"planningAreaId":null,"planningAreaName":null,"centroid":[31.7154,30.124613],"bounds":[31.71028,30.1207,31.71896,30.12701],"amenities":{},"sourceId":"parks"}},{"type":"Feature","id":"cairo:osm:way:1476887955","geometry":{"type":"Polygon","coordinates":[[[31.47213182,30.06493034],[31.47259222,30.06493125],[31.47259665,30.06557626],[31.47245056,30.06589018],[31.47223954,30.0657581],[31.47217314,30.06565949],[31.4721333,30.06504523],[31.47213182,30.06493034]]]},"properties":{"id":"cairo:osm:way:1476887955","name":"Unbenannter Park 1476887955","nameAddon":null,"objectNumber":"cairo:osm:way:1476887955","district":"Kairo","locality":null,"type":"Park","areaM2":4168.1,"areaHa":0.42,"designation":null,"dedicated":null,"builtYear":null,"renovatedYear":null,"planningAreaId":null,"planningAreaName":null,"centroid":[31.472372,30.065349],"bounds":[31.47213,30.06493,31.4726,30.06589],"amenities":{},"sourceId":"parks"}},{"type":"Feature","id":"cairo:osm:way:1476887956","geometry":{"type":"Polygon","coordinates":[[[31.46984606,30.06696852],[31.47082884,30.06696038],[31.47100148,30.06697304],[31.47145598,30.06718563],[31.47166405,30.0674118],[31.47168323,30.06755745],[31.46985196,30.06756559],[31.46984606,30.06696852]]]},"properties":{"id":"cairo:osm:way:1476887956","name":"Unbenannter Park 1476887956","nameAddon":null,"objectNumber":"cairo:osm:way:1476887956","district":"Kairo","locality":null,"type":"Park","areaM2":10382.5,"areaHa":1.04,"designation":null,"dedicated":null,"builtYear":null,"renovatedYear":null,"planningAreaId":null,"planningAreaName":null,"centroid":[31.470668,30.067285],"bounds":[31.46985,30.06696,31.47168,30.06757],"amenities":{},"sourceId":"parks"}},{"type":"Feature","id":"cairo:osm:way:1476887957","geometry":{"type":"Polygon","coordinates":[[[31.47263797,30.06761082],[31.47273241,30.06701737],[31.47304082,30.06694952],[31.47384504,30.06694319],[31.47372108,30.06773928],[31.47263797,30.06761082]]]},"properties":{"id":"cairo:osm:way:1476887957","name":"Unbenannter Park 1476887957","nameAddon":null,"objectNumber":"cairo:osm:way:1476887957","district":"Kairo","locality":null,"type":"Park","areaM2":8549.4,"areaHa":0.85,"designation":null,"dedicated":null,"builtYear":null,"renovatedYear":null,"planningAreaId":null,"planningAreaName":null,"centroid":[31.473259,30.067317],"bounds":[31.47264,30.06694,31.47385,30.06774],"amenities":{},"sourceId":"parks"}},{"type":"Feature","id":"cairo:osm:way:1476887958","geometry":{"type":"Polygon","coordinates":[[[31.47242252,30.06912701],[31.47252139,30.06838158],[31.47360746,30.06849104],[31.47354106,30.0688909],[31.47344366,30.06903202],[31.47324003,30.06916772],[31.4729936,30.06920481],[31.47242252,30.06912701]]]},"properties":{"id":"cairo:osm:way:1476887958","name":"Unbenannter Park 1476887958","nameAddon":null,"objectNumber":"cairo:osm:way:1476887958","district":"Kairo","locality":null,"type":"Park","areaM2":8309.7,"areaHa":0.83,"designation":null,"dedicated":null,"builtYear":null,"renovatedYear":null,"planningAreaId":null,"planningAreaName":null,"centroid":[31.472985,30.068792],"bounds":[31.47242,30.06838,31.47361,30.0692],"amenities":{},"sourceId":"parks"}},{"type":"Feature","id":"cairo:osm:way:1476887959","geometry":{"type":"Polygon","coordinates":[[[31.46985049,30.06829654],[31.47158584,30.06827574],[31.47148697,30.06900036],[31.47019431,30.06880043],[31.46999067,30.0686973],[31.46985196,30.06842229],[31.46985049,30.06829654]]]},"properties":{"id":"cairo:osm:way:1476887959","name":"Unbenannter Park 1476887959","nameAddon":null,"objectNumber":"cairo:osm:way:1476887959","district":"Kairo","locality":null,"type":"Park","areaM2":10487.1,"areaHa":1.05,"designation":null,"dedicated":null,"builtYear":null,"renovatedYear":null,"planningAreaId":null,"planningAreaName":null,"centroid":[31.470791,30.068579],"bounds":[31.46985,30.06828,31.47159,30.069],"amenities":{},"sourceId":"parks"}},{"type":"Feature","id":"cairo:osm:way:1476887960","geometry":{"type":"Polygon","coordinates":[[[31.47333889,30.06493215],[31.47359418,30.06498733],[31.47369895,30.06505699],[31.47382733,30.06526325],[31.47383766,30.06538176],[31.47384061,30.06611453],[31.47334627,30.06612177],[31.47333889,30.06493215]]]},"properties":{"id":"cairo:osm:way:1476887960","name":"Unbenannter Park 1476887960","nameAddon":null,"objectNumber":"cairo:osm:way:1476887960","district":"Kairo","locality":null,"type":"Park","areaM2":5793.5,"areaHa":0.58,"designation":null,"dedicated":null,"builtYear":null,"renovatedYear":null,"planningAreaId":null,"planningAreaName":null,"centroid":[31.473579,30.06557],"bounds":[31.47334,30.06493,31.47384,30.06612],"amenities":{},"sourceId":"parks"}},{"type":"Feature","id":"cairo:osm:way:1478609920","geometry":{"type":"Polygon","coordinates":[[[31.37514407,30.0624118],[31.37532558,30.06227519],[31.37551003,30.06245793],[31.37533,30.06259454],[31.37514407,30.0624118]]]},"properties":{"id":"cairo:osm:way:1478609920","name":"Unbenannter Park 1478609920","nameAddon":null,"objectNumber":"cairo:osm:way:1478609920","district":"Kairo","locality":null,"type":"Park","areaM2":623,"areaHa":0.06,"designation":null,"dedicated":null,"builtYear":null,"renovatedYear":null,"planningAreaId":null,"planningAreaName":null,"centroid":[31.375327,30.062435],"bounds":[31.37514,30.06228,31.37551,30.06259],"amenities":{},"sourceId":"parks"}},{"type":"Feature","id":"cairo:osm:way:1485352134","geometry":{"type":"Polygon","coordinates":[[[31.29228556,30.0689298],[31.29250838,30.06850642],[31.29328013,30.06927718],[31.29348968,30.06913606],[31.29373168,30.06934051],[31.29414781,30.06898408],[31.29536078,30.07020355],[31.29458165,30.07082233],[31.29400025,30.07055455],[31.29370659,30.07037091],[31.29370364,30.0703112],[31.29360773,30.07024516],[31.29351329,30.07024516],[31.29236229,30.06925547],[31.29228556,30.0689298]]]},"properties":{"id":"cairo:osm:way:1485352134","name":"حديقة العروبة","nameAddon":null,"objectNumber":"cairo:osm:way:1485352134","district":"Kairo","locality":null,"type":"Park","areaM2":31952.7,"areaHa":3.2,"designation":null,"dedicated":null,"builtYear":null,"renovatedYear":null,"planningAreaId":null,"planningAreaName":null,"centroid":[31.293853,30.069754],"bounds":[31.29229,30.06851,31.29536,30.07082],"amenities":{},"sourceId":"parks"}},{"type":"Feature","id":"cairo:osm:way:1486274387","geometry":{"type":"Polygon","coordinates":[[[31.25761545,30.03108015],[31.25766562,30.03076081],[31.25774383,30.03070744],[31.2578368,30.03070653],[31.25794157,30.0308169],[31.25785155,30.03094536],[31.25785008,30.0311082],[31.25792091,30.03123123],[31.25814668,30.03135155],[31.25813488,30.03138411],[31.25767891,30.03114076],[31.25761545,30.03108015]]]},"properties":{"id":"cairo:osm:way:1486274387","name":"Unbenannter Park 1486274387","nameAddon":null,"objectNumber":"cairo:osm:way:1486274387","district":"Kairo","locality":null,"type":"Park","areaM2":1323.4,"areaHa":0.13,"designation":null,"dedicated":null,"builtYear":null,"renovatedYear":null,"planningAreaId":null,"planningAreaName":null,"centroid":[31.257789,30.030981],"bounds":[31.25762,30.03071,31.25815,30.03138],"amenities":{},"sourceId":"parks"}},{"type":"Feature","id":"cairo:osm:way:1486274397","geometry":{"type":"Polygon","coordinates":[[[31.25766562,30.0306613],[31.25773645,30.03015017],[31.25787516,30.03002352],[31.25794747,30.03002262],[31.25806995,30.03074453],[31.2580065,30.03079247],[31.25790173,30.0306613],[31.25773055,30.03064321],[31.25766562,30.0306613]]]},"properties":{"id":"cairo:osm:way:1486274397","name":"Unbenannter Park 1486274397","nameAddon":null,"objectNumber":"cairo:osm:way:1486274397","district":"Kairo","locality":null,"type":"Park","areaM2":2041.2,"areaHa":0.2,"designation":null,"dedicated":null,"builtYear":null,"renovatedYear":null,"planningAreaId":null,"planningAreaName":null,"centroid":[31.25787,30.030411],"bounds":[31.25767,30.03002,31.25807,30.03079],"amenities":{},"sourceId":"parks"}},{"type":"Feature","id":"cairo:osm:way:1489433324","geometry":{"type":"Polygon","coordinates":[[[31.22727782,30.07418943],[31.2274062,30.07414511],[31.22789169,30.0749412],[31.22782676,30.07497286],[31.2282178,30.07561607],[31.22815435,30.07564321],[31.22825765,30.07582775],[31.22835209,30.07578885],[31.22850113,30.07601502],[31.22878297,30.07660666],[31.2290235,30.07697847],[31.22896152,30.07705175],[31.22900579,30.07713316],[31.22910023,30.07709426],[31.22961376,30.07806767],[31.22935404,30.07817442],[31.22930977,30.07831102],[31.22950899,30.0786774],[31.22974361,30.07878325],[31.22967721,30.07880767],[31.22977312,30.07896056],[31.22974656,30.07906731],[31.2298233,30.07911254],[31.22975247,30.07921748],[31.2298351,30.07944997],[31.2299384,30.07947983],[31.23009777,30.07944635],[31.23025566,30.07955672],[31.23017745,30.0802144],[31.23029698,30.08053736],[31.23023057,30.08055546],[31.23027337,30.08067849],[31.2306408,30.08059888],[31.23078394,30.08143206],[31.23120302,30.08245703],[31.23113219,30.08248779],[31.2312886,30.08291931],[31.23136534,30.08295278],[31.23159111,30.08359056],[31.23169588,30.08354985],[31.2319733,30.08414149],[31.23168555,30.0840076],[31.23154684,30.08358151],[31.23152323,30.08354713],[31.23147158,30.08356975],[31.23136239,30.08344219],[31.23103479,30.08243441],[31.23050357,30.08259001],[31.23046815,30.08250045],[31.23099495,30.08234576],[31.23096396,30.08225891],[31.23091674,30.08214945],[31.23062752,30.08188258],[31.23054931,30.08168355],[31.23032796,30.08163651],[31.23015827,30.08089741],[31.23021286,30.0807002],[31.2300107,30.08033291],[31.23004907,30.08037091],[31.23009334,30.08035734],[31.22963441,30.07915144],[31.22906187,30.07810295],[31.22909433,30.07808757],[31.22848637,30.07686629],[31.22834471,30.07686358],[31.22833585,30.07701104],[31.22828273,30.07667632],[31.22837127,30.07659671],[31.22796547,30.07585037],[31.22791825,30.0758567],[31.2279153,30.0756803],[31.22760541,30.07504342],[31.22741801,30.07442012],[31.22727782,30.07418943]]]},"properties":{"id":"cairo:osm:way:1489433324","name":"حديقة روضة النيل","nameAddon":null,"objectNumber":"cairo:osm:way:1489433324","district":"Kairo","locality":null,"type":"Park","areaM2":32779.8,"areaHa":3.28,"designation":null,"dedicated":null,"builtYear":null,"renovatedYear":null,"planningAreaId":null,"planningAreaName":null,"centroid":[31.229497,30.078778],"bounds":[31.22728,30.07415,31.23197,30.08414],"amenities":{},"sourceId":"parks"}},{"type":"Feature","id":"cairo:osm:way:1494107552","geometry":{"type":"Polygon","coordinates":[[[31.3839492,30.0484232],[31.38397576,30.04824498],[31.38438304,30.04829745],[31.3844583,30.04813009],[31.3849187,30.04818527],[31.38487886,30.04834901],[31.38498805,30.04837706],[31.38489804,30.04864574],[31.38470768,30.04861498],[31.38468702,30.04851185],[31.3839492,30.0484232]]]},"properties":{"id":"cairo:osm:way:1494107552","name":"Zahraa Park","nameAddon":null,"objectNumber":"cairo:osm:way:1494107552","district":"Kairo","locality":null,"type":"Park","areaM2":3049.4,"areaHa":0.3,"designation":null,"dedicated":null,"builtYear":null,"renovatedYear":null,"planningAreaId":null,"planningAreaName":null,"centroid":[31.384547,30.048365],"bounds":[31.38395,30.04813,31.38499,30.04865],"amenities":{},"sourceId":"parks"}},{"type":"Feature","id":"cairo:osm:way:1494107561","geometry":{"type":"Polygon","coordinates":[[[31.38785226,30.04886919],[31.38796736,30.0484621],[31.38858418,30.04854442],[31.38853548,30.04866021],[31.38839973,30.04866926],[31.38832299,30.04890447],[31.38845137,30.04894699],[31.38849122,30.04928714],[31.38816362,30.04924914],[31.38815329,30.04899403],[31.38785226,30.04886919]]]},"properties":{"id":"cairo:osm:way:1494107561","name":"Zahraa Park","nameAddon":null,"objectNumber":"cairo:osm:way:1494107561","district":"Kairo","locality":null,"type":"Park","areaM2":3597.8,"areaHa":0.36,"designation":null,"dedicated":null,"builtYear":null,"renovatedYear":null,"planningAreaId":null,"planningAreaName":null,"centroid":[31.388214,30.048828],"bounds":[31.38785,30.04846,31.38858,30.04929],"amenities":{},"sourceId":"parks"}},{"type":"Feature","id":"cairo:osm:way:1497924466","geometry":{"type":"Polygon","coordinates":[[[31.38255915,30.04923738],[31.38268901,30.04853718],[31.3852817,30.04880043],[31.38499691,30.0494943],[31.38255915,30.04923738]]]},"properties":{"id":"cairo:osm:way:1497924466","name":"Zahraa Nasr City Park","nameAddon":null,"objectNumber":"cairo:osm:way:1497924466","district":"Kairo","locality":null,"type":"Park","areaM2":19312.1,"areaHa":1.93,"designation":null,"dedicated":null,"builtYear":null,"renovatedYear":null,"planningAreaId":null,"planningAreaName":null,"centroid":[31.383886,30.049014],"bounds":[31.38256,30.04854,31.38528,30.04949],"amenities":{},"sourceId":"parks"}},{"type":"Feature","id":"cairo:osm:way:1497924467","geometry":{"type":"Polygon","coordinates":[[[31.38513119,30.04948616],[31.38533483,30.04885743],[31.38918034,30.04899312],[31.38901949,30.04993758],[31.38558864,30.04954044],[31.38513119,30.04948616]]]},"properties":{"id":"cairo:osm:way:1497924467","name":"Zahraa First Park","nameAddon":null,"objectNumber":"cairo:osm:way:1497924467","district":"Kairo","locality":null,"type":"Park","areaM2":33104.3,"areaHa":3.31,"designation":null,"dedicated":null,"builtYear":null,"renovatedYear":null,"planningAreaId":null,"planningAreaName":null,"centroid":[31.387291,30.04933],"bounds":[31.38513,30.04886,31.38918,30.04994],"amenities":{},"sourceId":"parks"}},{"type":"Feature","id":"cairo:osm:way:1531286155","geometry":{"type":"Polygon","coordinates":[[[31.30751856,30.12076081],[31.30752446,30.12064682],[31.30798929,30.12055546],[31.30803061,30.12058079],[31.30805422,30.12071648],[31.30751856,30.12076081]]]},"properties":{"id":"cairo:osm:way:1531286155","name":"Virgin Mary's Tree Garden","nameAddon":null,"objectNumber":"cairo:osm:way:1531286155","district":"Kairo","locality":null,"type":"Park","areaM2":843.8,"areaHa":0.08,"designation":null,"dedicated":null,"builtYear":null,"renovatedYear":null,"planningAreaId":null,"planningAreaName":null,"centroid":[31.307797,30.120667],"bounds":[31.30752,30.12056,31.30805,30.12076],"amenities":{},"sourceId":"parks"}},{"type":"Feature","id":"cairo:osm:way:156196798","geometry":{"type":"Polygon","coordinates":[[[31.48086465,30.0641632],[31.48089563,30.06429437],[31.48168215,30.06429166],[31.48173232,30.06414692],[31.4817397,30.06537724],[31.4811155,30.06544237],[31.48096056,30.06535824],[31.48086907,30.06519721],[31.48086465,30.0641632]]]},"properties":{"id":"cairo:osm:way:156196798","name":"Unbenannter Park 156196798","nameAddon":null,"objectNumber":"cairo:osm:way:156196798","district":"Kairo","locality":null,"type":"Park","areaM2":10743.7,"areaHa":1.07,"designation":null,"dedicated":null,"builtYear":null,"renovatedYear":null,"planningAreaId":null,"planningAreaName":null,"centroid":[31.481306,30.064841],"bounds":[31.48086,30.06415,31.48174,30.06544],"amenities":{},"sourceId":"parks"}},{"type":"Feature","id":"cairo:osm:way:156265952","geometry":{"type":"Polygon","coordinates":[[[31.49739916,30.05714402],[31.49809862,30.05711869],[31.49815026,30.05717387],[31.49813256,30.05726796],[31.49750984,30.05780984],[31.49740654,30.05771847],[31.49739916,30.05714402]]]},"properties":{"id":"cairo:osm:way:156265952","name":"Unbenannter Park 156265952","nameAddon":null,"objectNumber":"cairo:osm:way:156265952","district":"Kairo","locality":null,"type":"Park","areaM2":3604.1,"areaHa":0.36,"designation":null,"dedicated":null,"builtYear":null,"renovatedYear":null,"planningAreaId":null,"planningAreaName":null,"centroid":[31.497695,30.057381],"bounds":[31.4974,30.05712,31.49815,30.05781],"amenities":{},"sourceId":"parks"}},{"type":"Feature","id":"cairo:osm:way:156545956","geometry":{"type":"Polygon","coordinates":[[[31.41845551,29.99231138],[31.41856028,29.99225801],[31.41881261,29.99239009],[31.4191889,29.9929184],[31.41899707,29.9930161],[31.41845551,29.99231138]]]},"properties":{"id":"cairo:osm:way:156545956","name":"Unbenannter Park 156545956","nameAddon":null,"objectNumber":"cairo:osm:way:156545956","district":"Kairo","locality":null,"type":"Park","areaM2":2014.8,"areaHa":0.2,"designation":null,"dedicated":null,"builtYear":null,"renovatedYear":null,"planningAreaId":null,"planningAreaName":null,"centroid":[31.418835,29.992629],"bounds":[31.41846,29.99226,31.41919,29.99302],"amenities":{},"sourceId":"parks"}},{"type":"Feature","id":"cairo:osm:way:162381959","geometry":{"type":"Polygon","coordinates":[[[31.27302553,30.08804143],[31.27359218,30.08785417],[31.27378844,30.08832097],[31.27374269,30.08833544],[31.27379287,30.0884431],[31.27383861,30.08842862],[31.27405553,30.08888909],[31.27346675,30.0890863],[31.27302553,30.08804143]]]},"properties":{"id":"cairo:osm:way:162381959","name":"حديقة الأمل","nameAddon":null,"objectNumber":"cairo:osm:way:162381959","district":"Kairo","locality":null,"type":"Park","areaM2":7212.7,"areaHa":0.72,"designation":null,"dedicated":null,"builtYear":null,"renovatedYear":null,"planningAreaId":null,"planningAreaName":null,"centroid":[31.273532,30.088473],"bounds":[31.27303,30.08785,31.27406,30.08909],"amenities":{},"sourceId":"parks"}},{"type":"Feature","id":"cairo:osm:way:163751731","geometry":{"type":"Polygon","coordinates":[[[31.3147359,29.9836195],[31.3147964,29.98343043],[31.31499709,29.98341867],[31.31509448,29.98381762],[31.31487461,29.9839099],[31.3147359,29.9836195]]]},"properties":{"id":"cairo:osm:way:163751731","name":"Unbenannter Park 163751731","nameAddon":null,"objectNumber":"cairo:osm:way:163751731","district":"Kairo","locality":null,"type":"Park","areaM2":1278.2,"areaHa":0.13,"designation":null,"dedicated":null,"builtYear":null,"renovatedYear":null,"planningAreaId":null,"planningAreaName":null,"centroid":[31.314914,29.983651],"bounds":[31.31474,29.98342,31.31509,29.98391],"amenities":{},"sourceId":"parks"}},{"type":"Feature","id":"cairo:osm:way:163751732","geometry":{"type":"Polygon","coordinates":[[[31.31204139,29.98358694],[31.31295776,29.98346571],[31.31308024,29.98372444],[31.31303007,29.98377963],[31.31214321,29.9840863],[31.31204139,29.98358694]]]},"properties":{"id":"cairo:osm:way:163751732","name":"Unbenannter Park 163751732","nameAddon":null,"objectNumber":"cairo:osm:way:163751732","district":"Kairo","locality":null,"type":"Park","areaM2":4329.5,"areaHa":0.43,"designation":null,"dedicated":null,"builtYear":null,"renovatedYear":null,"planningAreaId":null,"planningAreaName":null,"centroid":[31.312522,29.983736],"bounds":[31.31204,29.98347,31.31308,29.98409],"amenities":{},"sourceId":"parks"}},{"type":"Feature","id":"cairo:osm:way:163751744","geometry":{"type":"Polygon","coordinates":[[[31.31350817,29.98337344],[31.31362622,29.9833454],[31.31384905,29.98340058],[31.3139848,29.98356342],[31.31403793,29.98382667],[31.31373542,29.98396779],[31.3135672,29.98360774],[31.31350817,29.98337344]]]},"properties":{"id":"cairo:osm:way:163751744","name":"Unbenannter Park 163751744","nameAddon":null,"objectNumber":"cairo:osm:way:163751744","district":"Kairo","locality":null,"type":"Park","areaM2":2305.3,"areaHa":0.23,"designation":null,"dedicated":null,"builtYear":null,"renovatedYear":null,"planningAreaId":null,"planningAreaName":null,"centroid":[31.313776,29.983636],"bounds":[31.31351,29.98335,31.31404,29.98397],"amenities":{},"sourceId":"parks"}},{"type":"Feature","id":"cairo:osm:way:182371946","geometry":{"type":"Polygon","coordinates":[[[31.32942735,30.06516555],[31.32972986,30.0630731],[31.32979036,30.06302063],[31.33060786,30.06310657],[31.33065656,30.06316808],[31.33035405,30.06526868],[31.33029502,30.06530125],[31.32947014,30.06521712],[31.32942735,30.06516555]]]},"properties":{"id":"cairo:osm:way:182371946","name":"حديقة الفردوس","nameAddon":null,"objectNumber":"cairo:osm:way:182371946","district":"Kairo","locality":null,"type":"Park","areaM2":22040.9,"areaHa":2.2,"designation":null,"dedicated":null,"builtYear":null,"renovatedYear":null,"planningAreaId":null,"planningAreaName":null,"centroid":[31.330043,30.064162],"bounds":[31.32943,30.06302,31.33066,30.0653],"amenities":{},"sourceId":"parks"}},{"type":"Feature","id":"cairo:osm:way:182455868","geometry":{"type":"Polygon","coordinates":[[[31.22445493,30.03024606],[31.2247471,30.03014384],[31.22481203,30.03028135],[31.22451986,30.03038357],[31.22445493,30.03024606]]]},"properties":{"id":"cairo:osm:way:182455868","name":"Unbenannter Park 182455868","nameAddon":null,"objectNumber":"cairo:osm:way:182455868","district":"Kairo","locality":null,"type":"Park","areaM2":499.9,"areaHa":0.05,"designation":null,"dedicated":null,"builtYear":null,"renovatedYear":null,"planningAreaId":null,"planningAreaName":null,"centroid":[31.224633,30.030264],"bounds":[31.22445,30.03014,31.22481,30.03038],"amenities":{},"sourceId":"parks"}},{"type":"Feature","id":"cairo:osm:way:182455994","geometry":{"type":"Polygon","coordinates":[[[31.22396354,30.02973313],[31.22425572,30.02962819],[31.22436196,30.02984983],[31.22406979,30.02995477],[31.22396354,30.02973313]]]},"properties":{"id":"cairo:osm:way:182455994","name":"Unbenannter Park 182455994","nameAddon":null,"objectNumber":"cairo:osm:way:182455994","district":"Kairo","locality":null,"type":"Park","areaM2":815.6,"areaHa":0.08,"designation":null,"dedicated":null,"builtYear":null,"renovatedYear":null,"planningAreaId":null,"planningAreaName":null,"centroid":[31.224163,30.029791],"bounds":[31.22396,30.02963,31.22436,30.02995],"amenities":{},"sourceId":"parks"}},{"type":"Feature","id":"cairo:osm:way:215628942","geometry":{"type":"Polygon","coordinates":[[[31.35304493,30.05131988],[31.35319692,30.05025511],[31.35419888,30.05036186],[31.35404689,30.05142754],[31.35353779,30.05137326],[31.35304493,30.05131988]]]},"properties":{"id":"cairo:osm:way:215628942","name":"Unbenannter Park 215628942","nameAddon":null,"objectNumber":"cairo:osm:way:215628942","district":"Kairo","locality":null,"type":"Park","areaM2":11578.3,"areaHa":1.16,"designation":null,"dedicated":null,"builtYear":null,"renovatedYear":null,"planningAreaId":null,"planningAreaName":null,"centroid":[31.353622,30.050841],"bounds":[31.35304,30.05026,31.3542,30.05143],"amenities":{},"sourceId":"parks"}},{"type":"Feature","id":"cairo:osm:way:215628955","geometry":{"type":"Polygon","coordinates":[[[31.34241591,30.05021531],[31.34255167,30.049222],[31.34272137,30.04923919],[31.34273317,30.04914963],[31.34322013,30.04919938],[31.34316406,30.04960919],[31.34356838,30.04965081],[31.34347542,30.05032386],[31.34241591,30.05021531]]]},"properties":{"id":"cairo:osm:way:215628955","name":"Naguib Mahfouz Garden","nameAddon":null,"objectNumber":"cairo:osm:way:215628955","district":"Kairo","locality":null,"type":"Park","areaM2":10483,"areaHa":1.05,"designation":null,"dedicated":null,"builtYear":null,"renovatedYear":null,"planningAreaId":null,"planningAreaName":null,"centroid":[31.342962,30.049788],"bounds":[31.34242,30.04915,31.34357,30.05032],"amenities":{},"sourceId":"parks"}},{"type":"Feature","id":"cairo:osm:way:217272258","geometry":{"type":"Polygon","coordinates":[[[31.34419553,30.10515198],[31.34780051,30.10345033],[31.3478802,30.10357699],[31.34427374,30.10527863],[31.34419553,30.10515198]]]},"properties":{"id":"cairo:osm:way:217272258","name":"Unbenannter Park 217272258","nameAddon":null,"objectNumber":"cairo:osm:way:217272258","district":"Kairo","locality":null,"type":"Park","areaM2":6326.2,"areaHa":0.63,"designation":null,"dedicated":null,"builtYear":null,"renovatedYear":null,"planningAreaId":null,"planningAreaName":null,"centroid":[31.346039,30.104364],"bounds":[31.3442,30.10345,31.34788,30.10528],"amenities":{},"sourceId":"parks"}},{"type":"Feature","id":"cairo:osm:way:217280776","geometry":{"type":"Polygon","coordinates":[[[31.33477801,30.0597277],[31.33483999,30.05931156],[31.33564274,30.05938755],[31.33557338,30.05981274],[31.33477801,30.0597277]]]},"properties":{"id":"cairo:osm:way:217280776","name":"Unbenannter Park 217280776","nameAddon":null,"objectNumber":"cairo:osm:way:217280776","district":"Kairo","locality":null,"type":"Park","areaM2":3648.5,"areaHa":0.36,"designation":null,"dedicated":null,"builtYear":null,"renovatedYear":null,"planningAreaId":null,"planningAreaName":null,"centroid":[31.33521,30.05956],"bounds":[31.33478,30.05931,31.33564,30.05981],"amenities":{},"sourceId":"parks"}},{"type":"Feature","id":"cairo:osm:way:217281229","geometry":{"type":"Polygon","coordinates":[[[31.33037028,30.05567758],[31.33041898,30.05524787],[31.33086019,30.05528587],[31.3308115,30.05571558],[31.33037028,30.05567758]]]},"properties":{"id":"cairo:osm:way:217281229","name":"Unbenannter Park 217281229","nameAddon":null,"objectNumber":"cairo:osm:way:217281229","district":"Kairo","locality":null,"type":"Park","areaM2":2044,"areaHa":0.2,"designation":null,"dedicated":null,"builtYear":null,"renovatedYear":null,"planningAreaId":null,"planningAreaName":null,"centroid":[31.330615,30.055482],"bounds":[31.33037,30.05525,31.33086,30.05572],"amenities":{},"sourceId":"parks"}},{"type":"Feature","id":"cairo:osm:way:217281230","geometry":{"type":"Polygon","coordinates":[[[31.31527599,30.06475032],[31.31583083,30.0639696],[31.31610972,30.06391261],[31.31654946,30.06328117],[31.31666751,30.06300525],[31.31658783,30.06257825],[31.31672654,30.06236566],[31.31716628,30.06300706],[31.31777867,30.06337434],[31.31753666,30.06361136],[31.31793066,30.06385743],[31.31834089,30.06329745],[31.31862864,30.06277547],[31.31926906,30.06217387],[31.31972208,30.06241994],[31.3214294,30.06362493],[31.32038612,30.06531391],[31.31963945,30.06497557],[31.31885293,30.06630722],[31.31842647,30.06617604],[31.31740828,30.06576533],[31.31527599,30.06475032]]]},"properties":{"id":"cairo:osm:way:217281230","name":"Unbenannter Park 217281230","nameAddon":null,"objectNumber":"cairo:osm:way:217281230","district":"Kairo","locality":null,"type":"Park","areaM2":143343.4,"areaHa":14.33,"designation":null,"dedicated":null,"builtYear":null,"renovatedYear":null,"planningAreaId":null,"planningAreaName":null,"centroid":[31.318466,30.06425],"bounds":[31.31528,30.06217,31.32143,30.06631],"amenities":{},"sourceId":"parks"}},{"type":"Feature","id":"cairo:osm:way:224961820","geometry":{"type":"Polygon","coordinates":[[[31.2658923,30.01387642],[31.2661048,30.01347747],[31.26630105,30.01360051],[31.26615792,30.01399222],[31.2658923,30.01387642]]]},"properties":{"id":"cairo:osm:way:224961820","name":"Unbenannter Park 224961820","nameAddon":null,"objectNumber":"cairo:osm:way:224961820","district":"Kairo","locality":null,"type":"Park","areaM2":1204.4,"areaHa":0.12,"designation":null,"dedicated":null,"builtYear":null,"renovatedYear":null,"planningAreaId":null,"planningAreaName":null,"centroid":[31.266109,30.013743],"bounds":[31.26589,30.01348,31.2663,30.01399],"amenities":{},"sourceId":"parks"}},{"type":"Feature","id":"cairo:osm:way:226746900","geometry":{"type":"Polygon","coordinates":[[[31.27311702,29.97166817],[31.27319081,29.9714981],[31.27433147,29.9712059],[31.27439788,29.97139316],[31.27320556,29.97170165],[31.27311702,29.97166817]]]},"properties":{"id":"cairo:osm:way:226746900","name":"Unbenannter Park 226746900","nameAddon":null,"objectNumber":"cairo:osm:way:226746900","district":"Kairo","locality":null,"type":"Park","areaM2":2673.6,"areaHa":0.27,"designation":null,"dedicated":null,"builtYear":null,"renovatedYear":null,"planningAreaId":null,"planningAreaName":null,"centroid":[31.273759,29.971457],"bounds":[31.27312,29.97121,31.2744,29.9717],"amenities":{},"sourceId":"parks"}},{"type":"Feature","id":"cairo:osm:way:228636698","geometry":{"type":"Polygon","coordinates":[[[31.33326696,30.05032115],[31.33334369,30.04971956],[31.33386754,30.04977022],[31.33379081,30.05037181],[31.33326696,30.05032115]]]},"properties":{"id":"cairo:osm:way:228636698","name":"Unbenannter Park 228636698","nameAddon":null,"objectNumber":"cairo:osm:way:228636698","district":"Kairo","locality":null,"type":"Park","areaM2":3410.6,"areaHa":0.34,"designation":null,"dedicated":null,"builtYear":null,"renovatedYear":null,"planningAreaId":null,"planningAreaName":null,"centroid":[31.333567,30.050046],"bounds":[31.33327,30.04972,31.33387,30.05037],"amenities":{},"sourceId":"parks"}},{"type":"Feature","id":"cairo:osm:way:228636699","geometry":{"type":"Polygon","coordinates":[[[31.32921043,30.04791026],[31.32928716,30.04746155],[31.329842,30.04753392],[31.3297638,30.04798173],[31.32921043,30.04791026]]]},"properties":{"id":"cairo:osm:way:228636699","name":"Mousa Ibn Naseer Park","nameAddon":null,"objectNumber":"cairo:osm:way:228636699","district":"Kairo","locality":null,"type":"Park","areaM2":2716,"areaHa":0.27,"designation":null,"dedicated":null,"builtYear":null,"renovatedYear":null,"planningAreaId":null,"planningAreaName":null,"centroid":[31.329526,30.047722],"bounds":[31.32921,30.04746,31.32984,30.04798],"amenities":{},"sourceId":"parks"}},{"type":"Feature","id":"cairo:osm:way:235362578","geometry":{"type":"Polygon","coordinates":[[[31.31017914,29.86142392],[31.31152197,29.86060431],[31.3124162,29.86172245],[31.3114777,29.86268048],[31.31104533,29.86226253],[31.31017914,29.86142392]]]},"properties":{"id":"cairo:osm:way:235362578","name":"حديقة الأسرة والطفل","nameAddon":null,"objectNumber":"cairo:osm:way:235362578","district":"Kairo","locality":null,"type":"Park","areaM2":24902.6,"areaHa":2.49,"designation":null,"dedicated":null,"builtYear":null,"renovatedYear":null,"planningAreaId":null,"planningAreaName":null,"centroid":[31.311365,29.86161],"bounds":[31.31018,29.8606,31.31242,29.86268],"amenities":{},"sourceId":"parks"}},{"type":"Feature","id":"cairo:osm:way:235489984","geometry":{"type":"Polygon","coordinates":[[[31.29674936,29.91273385],[31.29847585,29.9091433],[31.29971244,29.90960919],[31.29875623,29.91151438],[31.29790773,29.91228605],[31.297589,29.91298263],[31.29718172,29.91286231],[31.29674936,29.91273385]]]},"properties":{"id":"cairo:osm:way:235489984","name":"Unbenannter Park 235489984","nameAddon":null,"objectNumber":"cairo:osm:way:235489984","district":"Kairo","locality":null,"type":"Park","areaM2":48671.2,"areaHa":4.87,"designation":null,"dedicated":null,"builtYear":null,"renovatedYear":null,"planningAreaId":null,"planningAreaName":null,"centroid":[31.298245,29.910981],"bounds":[31.29675,29.90914,31.29971,29.91298],"amenities":{},"sourceId":"parks"}},{"type":"Feature","id":"cairo:osm:way:235489991","geometry":{"type":"Polygon","coordinates":[[[31.30048272,29.89112629],[31.30057421,29.89060883],[31.30246008,29.89116881],[31.30048272,29.89112629]]]},"properties":{"id":"cairo:osm:way:235489991","name":"Unbenannter Park 235489991","nameAddon":null,"objectNumber":"cairo:osm:way:235489991","district":"Kairo","locality":null,"type":"Park","areaM2":5504.8,"areaHa":0.55,"designation":null,"dedicated":null,"builtYear":null,"renovatedYear":null,"planningAreaId":null,"planningAreaName":null,"centroid":[31.301172,29.890968],"bounds":[31.30048,29.89061,31.30246,29.89117],"amenities":{},"sourceId":"parks"}},{"type":"Feature","id":"cairo:osm:way:235489998","geometry":{"type":"Polygon","coordinates":[[[31.29597022,29.91438031],[31.29665197,29.91294825],[31.29748423,29.91319341],[31.29681134,29.91460648],[31.29597022,29.91438031]]]},"properties":{"id":"cairo:osm:way:235489998","name":"Unbenannter Park 235489998","nameAddon":null,"objectNumber":"cairo:osm:way:235489998","district":"Kairo","locality":null,"type":"Park","areaM2":14456,"areaHa":1.45,"designation":null,"dedicated":null,"builtYear":null,"renovatedYear":null,"planningAreaId":null,"planningAreaName":null,"centroid":[31.296729,29.913782],"bounds":[31.29597,29.91295,31.29748,29.91461],"amenities":{},"sourceId":"parks"}},{"type":"Feature","id":"cairo:osm:way:235670233","geometry":{"type":"Polygon","coordinates":[[[31.27983708,29.94956667],[31.2800053,29.94926452],[31.28092315,29.94976208],[31.28232795,29.94984983],[31.28233238,29.94989687],[31.2812227,29.95105754],[31.28082723,29.95087299],[31.28020746,29.95050389],[31.28009236,29.95026868],[31.27983708,29.94956667]]]},"properties":{"id":"cairo:osm:way:235670233","name":"Unbenannter Park 235670233","nameAddon":null,"objectNumber":"cairo:osm:way:235670233","district":"Kairo","locality":null,"type":"Park","areaM2":23217.9,"areaHa":2.32,"designation":null,"dedicated":null,"builtYear":null,"renovatedYear":null,"planningAreaId":null,"planningAreaName":null,"centroid":[31.280943,29.950167],"bounds":[31.27984,29.94926,31.28233,29.95106],"amenities":{},"sourceId":"parks"}},{"type":"Feature","id":"cairo:osm:way:235670236","geometry":{"type":"Polygon","coordinates":[[[31.26389281,29.94832549],[31.26490658,29.94758911],[31.26510136,29.94778904],[31.26492133,29.94790031],[31.26497298,29.9480351],[31.2645539,29.94828931],[31.2647295,29.94847928],[31.26436797,29.94866564],[31.26419089,29.94869549],[31.26393708,29.94835806],[31.26389281,29.94832549]]]},"properties":{"id":"cairo:osm:way:235670236","name":"Unbenannter Park 235670236","nameAddon":null,"objectNumber":"cairo:osm:way:235670236","district":"Kairo","locality":null,"type":"Park","areaM2":5932.5,"areaHa":0.59,"designation":null,"dedicated":null,"builtYear":null,"renovatedYear":null,"planningAreaId":null,"planningAreaName":null,"centroid":[31.264491,29.948184],"bounds":[31.26389,29.94759,31.2651,29.9487],"amenities":{},"sourceId":"parks"}},{"type":"Feature","id":"cairo:osm:way:236879545","geometry":{"type":"Polygon","coordinates":[[[31.31976045,29.86157047],[31.32066354,29.86159218],[31.32141021,29.86178397],[31.32304522,29.86234847],[31.32312785,29.86241994],[31.32207277,29.86299439],[31.32250218,29.86382667],[31.32192078,29.8640465],[31.32180716,29.86402931],[31.32164336,29.86381581],[31.31976045,29.86157047]]]},"properties":{"id":"cairo:osm:way:236879545","name":"Unbenannter Park 236879545","nameAddon":null,"objectNumber":"cairo:osm:way:236879545","district":"Kairo","locality":null,"type":"Park","areaM2":38390.5,"areaHa":3.84,"designation":null,"dedicated":null,"builtYear":null,"renovatedYear":null,"planningAreaId":null,"planningAreaName":null,"centroid":[31.321497,29.862604],"bounds":[31.31976,29.86157,31.32313,29.86405],"amenities":{},"sourceId":"parks"}},{"type":"Feature","id":"cairo:osm:way:239786909","geometry":{"type":"Polygon","coordinates":[[[31.22657542,30.05274833],[31.22667429,30.05185272],[31.22708451,30.05122309],[31.22674364,30.05263072],[31.22666101,30.05278723],[31.22660936,30.05279265],[31.22657542,30.05274833]]]},"properties":{"id":"cairo:osm:way:239786909","name":"Unbenannter Park 239786909","nameAddon":null,"objectNumber":"cairo:osm:way:239786909","district":"Kairo","locality":null,"type":"Park","areaM2":2975.7,"areaHa":0.3,"designation":null,"dedicated":null,"builtYear":null,"renovatedYear":null,"planningAreaId":null,"planningAreaName":null,"centroid":[31.226782,30.052068],"bounds":[31.22658,30.05122,31.22708,30.05279],"amenities":{},"sourceId":"parks"}},{"type":"Feature","id":"cairo:osm:way:239786911","geometry":{"type":"Polygon","coordinates":[[[31.3025678,30.073425],[31.30275815,30.07273838],[31.30312706,30.07194409],[31.30618016,30.0728216],[31.30542906,30.07442464],[31.3025678,30.073425]]]},"properties":{"id":"cairo:osm:way:239786911","name":"Unbenannter Park 239786911","nameAddon":null,"objectNumber":"cairo:osm:way:239786911","district":"Kairo","locality":null,"type":"Park","areaM2":55918.7,"areaHa":5.59,"designation":null,"dedicated":null,"builtYear":null,"renovatedYear":null,"planningAreaId":null,"planningAreaName":null,"centroid":[31.304339,30.073152],"bounds":[31.30257,30.07194,31.30618,30.07442],"amenities":{},"sourceId":"parks"}},{"type":"Feature","id":"cairo:osm:way:239786918","geometry":{"type":"Polygon","coordinates":[[[31.22665953,30.05161842],[31.22674217,30.04952868],[31.22690596,30.04955853],[31.22676578,30.04980279],[31.22691482,30.05014293],[31.22680414,30.0503121],[31.2268735,30.05037362],[31.22690891,30.05084585],[31.2267156,30.05132169],[31.22673921,30.05136512],[31.22679234,30.05134702],[31.22680562,30.05115524],[31.22690301,30.05096707],[31.22696941,30.05095441],[31.22708156,30.05102045],[31.22665953,30.05161842]]]},"properties":{"id":"cairo:osm:way:239786918","name":"Unbenannter Park 239786918","nameAddon":null,"objectNumber":"cairo:osm:way:239786918","district":"Kairo","locality":null,"type":"Park","areaM2":3884.4,"areaHa":0.39,"designation":null,"dedicated":null,"builtYear":null,"renovatedYear":null,"planningAreaId":null,"planningAreaName":null,"centroid":[31.226802,30.050661],"bounds":[31.22666,30.04953,31.22708,30.05162],"amenities":{},"sourceId":"parks"}},{"type":"Feature","id":"cairo:osm:way:242510344","geometry":{"type":"Polygon","coordinates":[[[31.36126128,29.83605935],[31.36285349,29.83561516],[31.36244917,29.83511127],[31.36247425,29.83466166],[31.36200647,29.83425638],[31.36229127,29.83357699],[31.36430257,29.83444274],[31.36438077,29.83503438],[31.36515401,29.83527049],[31.36503153,29.83569749],[31.36688936,29.83559345],[31.36684509,29.83578524],[31.36649684,29.83633255],[31.36625041,29.83640402],[31.36542995,29.83625656],[31.36505662,29.83636059],[31.3637492,29.83685906],[31.36307484,29.83697395],[31.36220273,29.83673874],[31.36148853,29.83637145],[31.36126128,29.83605935]]]},"properties":{"id":"cairo:osm:way:242510344","name":"Unbenannter Park 242510344","nameAddon":null,"objectNumber":"cairo:osm:way:242510344","district":"Kairo","locality":null,"type":"Park","areaM2":89180.3,"areaHa":8.92,"designation":null,"dedicated":null,"builtYear":null,"renovatedYear":null,"planningAreaId":null,"planningAreaName":null,"centroid":[31.363706,29.835587],"bounds":[31.36126,29.83358,31.36689,29.83697],"amenities":{},"sourceId":"parks"}},{"type":"Feature","id":"cairo:osm:way:242510345","geometry":{"type":"Polygon","coordinates":[[[31.35566714,29.83137054],[31.35688159,29.83111543],[31.35706899,29.8314791],[31.356917,29.83156414],[31.35750726,29.83402841],[31.35780976,29.83402026],[31.35832771,29.83580242],[31.35872171,29.83646825],[31.3577891,29.83664827],[31.35858595,29.83876787],[31.35840887,29.83880043],[31.35743495,29.83824317],[31.35685502,29.83588746],[31.35707785,29.83542247],[31.35679157,29.8343767],[31.35654219,29.83397413],[31.35697012,29.83386557],[31.35686388,29.83303601],[31.35630018,29.83323774],[31.35566714,29.83137054]]]},"properties":{"id":"cairo:osm:way:242510345","name":"Unbenannter Park 242510345","nameAddon":null,"objectNumber":"cairo:osm:way:242510345","district":"Kairo","locality":null,"type":"Park","areaM2":82303,"areaHa":8.23,"designation":null,"dedicated":null,"builtYear":null,"renovatedYear":null,"planningAreaId":null,"planningAreaName":null,"centroid":[31.35729,29.834877],"bounds":[31.35567,29.83112,31.35872,29.8388],"amenities":{},"sourceId":"parks"}},{"type":"Feature","id":"cairo:osm:way:24598631","geometry":{"type":"Polygon","coordinates":[[[31.31514761,30.09635426],[31.31516827,30.09621314],[31.31549881,30.0958368],[31.31569654,30.09574453],[31.31573196,30.09577438],[31.3158928,30.09562149],[31.31587952,30.09554008],[31.31616432,30.09574905],[31.31672359,30.09517279],[31.32017658,30.09747512],[31.32060599,30.09790393],[31.32104573,30.09810838],[31.32116968,30.09810385],[31.32246972,30.09897594],[31.32261286,30.09923376],[31.32253465,30.09950606],[31.32094539,30.10094898],[31.3207388,30.10095893],[31.31690804,30.09783065],[31.31693903,30.0978017],[31.31667932,30.09759001],[31.31664981,30.09761715],[31.31521106,30.09644744],[31.31514761,30.09635426]]]},"properties":{"id":"cairo:osm:way:24598631","name":"منتزة مصر الجديدة الميريلاند","nameAddon":null,"objectNumber":"cairo:osm:way:24598631","district":"Kairo","locality":null,"type":"Park","areaM2":179475.1,"areaHa":17.95,"designation":null,"dedicated":null,"builtYear":null,"renovatedYear":null,"planningAreaId":null,"planningAreaName":null,"centroid":[31.318993,30.09806],"bounds":[31.31515,30.09517,31.32261,30.10096],"amenities":{},"sourceId":"parks"}},{"type":"Feature","id":"cairo:osm:way:24745061","geometry":{"type":"Polygon","coordinates":[[[31.260611,30.03499367],[31.26071724,30.03495205],[31.26089579,30.0354858],[31.26084562,30.03549937],[31.26112747,30.03617604],[31.26143293,30.03669079],[31.26197449,30.03667632],[31.26226666,30.03672788],[31.26255589,30.03686629],[31.26272706,30.03682377],[31.26283331,30.03687805],[31.26300743,30.03690157],[31.26333945,30.03689705],[31.26349882,30.03701013],[31.26372164,30.03698209],[31.26389577,30.03712864],[31.26391495,30.0373349],[31.26415843,30.03754478],[31.26434288,30.03756197],[31.2645539,30.03752488],[31.26458784,30.03755835],[31.26476934,30.03746336],[31.26484017,30.03754026],[31.26454947,30.03807129],[31.26452734,30.03830469],[31.26457899,30.03851185],[31.2655957,30.03957029],[31.26570047,30.03986883],[31.26566506,30.03988059],[31.26580967,30.04013208],[31.26590263,30.04018455],[31.26608266,30.04013932],[31.26622875,30.04021531],[31.26817069,30.04223629],[31.26900442,30.04326126],[31.26885686,30.0433463],[31.26867536,30.04320789],[31.26861781,30.0432676],[31.26871962,30.04336982],[31.26855583,30.04347476],[31.2685396,30.04353628],[31.26742401,30.04426181],[31.26769258,30.04457481],[31.26754059,30.0446879],[31.26774423,30.04487244],[31.26787704,30.04478469],[31.26797885,30.04491496],[31.26682933,30.04528316],[31.26674079,30.0452533],[31.26662865,30.04504071],[31.26723366,30.04480279],[31.26697395,30.04457662],[31.26697837,30.04450878],[31.26690311,30.0445142],[31.26628335,30.04407726],[31.26629958,30.0439687],[31.26620661,30.04400217],[31.26566358,30.04368102],[31.26566653,30.04359598],[31.26557652,30.0436186],[31.26527844,30.04336349],[31.26531976,30.04333183],[31.26515448,30.04309119],[31.2650202,30.04304324],[31.26487854,30.04307038],[31.26479886,30.04299439],[31.26476787,30.04302786],[31.26438125,30.04266238],[31.26442847,30.04260539],[31.26439896,30.04257554],[31.26433698,30.04259182],[31.26407874,30.04216754],[31.26413039,30.04209969],[31.26410531,30.04202099],[31.2639725,30.04199385],[31.26390462,30.04209517],[31.26381165,30.04212502],[31.26348554,30.04159037],[31.263518,30.0415379],[31.26344865,30.04154876],[31.26301186,30.0409526],[31.26303547,30.0408956],[31.26296316,30.04089922],[31.26250867,30.04039624],[31.26254556,30.04037633],[31.26234487,30.04002081],[31.26218993,30.03987154],[31.26192579,30.03938846],[31.26195235,30.0393378],[31.26189037,30.03932694],[31.26153475,30.03864845],[31.26158197,30.03860774],[31.26152294,30.0385788],[31.26128241,30.03763615],[31.2613193,30.03759273],[31.26126913,30.03758278],[31.26110091,30.03700832],[31.26111714,30.03689072],[31.26105959,30.03687263],[31.26084415,30.03606839],[31.26086628,30.03594988],[31.2607807,30.03587389],[31.26063166,30.03512394],[31.260611,30.03499367]]]},"properties":{"id":"cairo:osm:way:24745061","name":"حديقة الأزهر","nameAddon":null,"objectNumber":"cairo:osm:way:24745061","district":"Kairo","locality":null,"type":"Park","areaM2":283664.9,"areaHa":28.37,"designation":null,"dedicated":null,"builtYear":null,"renovatedYear":null,"planningAreaId":null,"planningAreaName":null,"centroid":[31.264755,30.0406],"bounds":[31.26061,30.03495,31.269,30.04528],"amenities":{},"sourceId":"parks"}},{"type":"Feature","id":"cairo:osm:way:24783997","geometry":{"type":"Polygon","coordinates":[[[31.32526753,30.09317894],[31.32552576,30.09288855],[31.32656904,30.09355527],[31.32640082,30.0937353],[31.32573973,30.09346843],[31.32526753,30.09317894]]]},"properties":{"id":"cairo:osm:way:24783997","name":"Unbenannter Park 24783997","nameAddon":null,"objectNumber":"cairo:osm:way:24783997","district":"Kairo","locality":null,"type":"Park","areaM2":4473.8,"areaHa":0.45,"designation":null,"dedicated":null,"builtYear":null,"renovatedYear":null,"planningAreaId":null,"planningAreaName":null,"centroid":[31.325892,30.093328],"bounds":[31.32527,30.09289,31.32657,30.09374],"amenities":{},"sourceId":"parks"}},{"type":"Feature","id":"cairo:osm:way:24784187","geometry":{"type":"Polygon","coordinates":[[[31.33395608,30.05106206],[31.33458323,30.04640402],[31.33472636,30.04630089],[31.33926395,30.04680025],[31.33923886,30.04697033],[31.33801408,30.04683282],[31.33783111,30.04788493],[31.3389821,30.04797539],[31.33889504,30.04863126],[31.33889356,30.04867107],[31.33895997,30.04867921],[31.33894964,30.04883391],[31.33874748,30.0502723],[31.33816903,30.05023159],[31.33830479,30.0505636],[31.33829446,30.05083771],[31.33815722,30.05105754],[31.33786357,30.05123575],[31.33785767,30.05144563],[31.33791964,30.05144654],[31.33791817,30.05149448],[31.33785619,30.05149267],[31.33785472,30.05154514],[31.33710362,30.05148724],[31.33710952,30.05139768],[31.33663731,30.05136783],[31.33664174,30.05133526],[31.33632891,30.05130541],[31.33629497,30.05139497],[31.33564569,30.05132712],[31.33533138,30.05128641],[31.33534908,30.05117243],[31.33530186,30.051167],[31.33528268,30.05128008],[31.33432647,30.05115886],[31.33395608,30.05111634],[31.33395608,30.05106206]]]},"properties":{"id":"cairo:osm:way:24784187","name":"الحديقة الدولية","nameAddon":null,"objectNumber":"cairo:osm:way:24784187","district":"Kairo","locality":null,"type":"Park","areaM2":220529.3,"areaHa":22.05,"designation":null,"dedicated":null,"builtYear":null,"renovatedYear":null,"planningAreaId":null,"planningAreaName":null,"centroid":[31.336397,30.048979],"bounds":[31.33396,30.0463,31.33926,30.05155],"amenities":{},"sourceId":"parks"}},{"type":"Feature","id":"cairo:osm:way:24846686","geometry":{"type":"Polygon","coordinates":[[[31.34918023,30.11137054],[31.34947241,30.11102497],[31.35061308,30.11174778],[31.3503209,30.11209336],[31.34918023,30.11137054]]]},"properties":{"id":"cairo:osm:way:24846686","name":"Unbenannter Park 24846686","nameAddon":null,"objectNumber":"cairo:osm:way:24846686","district":"Kairo","locality":null,"type":"Park","areaM2":6474.5,"areaHa":0.65,"designation":null,"dedicated":null,"builtYear":null,"renovatedYear":null,"planningAreaId":null,"planningAreaName":null,"centroid":[31.349897,30.111559],"bounds":[31.34918,30.11102,31.35061,30.11209],"amenities":{},"sourceId":"parks"}},{"type":"Feature","id":"cairo:osm:way:24846698","geometry":{"type":"Polygon","coordinates":[[[31.35051126,30.11068663],[31.35103659,30.11008323],[31.35171981,30.11052922],[31.35119448,30.11113262],[31.35051126,30.11068663]]]},"properties":{"id":"cairo:osm:way:24846698","name":"Unbenannter Park 24846698","nameAddon":null,"objectNumber":"cairo:osm:way:24846698","district":"Kairo","locality":null,"type":"Park","areaM2":6912.6,"areaHa":0.69,"designation":null,"dedicated":null,"builtYear":null,"renovatedYear":null,"planningAreaId":null,"planningAreaName":null,"centroid":[31.351116,30.110608],"bounds":[31.35051,30.11008,31.35172,30.11113],"amenities":{},"sourceId":"parks"}},{"type":"Feature","id":"cairo:osm:way:24846719","geometry":{"type":"Polygon","coordinates":[[[31.3481827,30.10989144],[31.34870655,30.10926181],[31.34941929,30.10970599],[31.34889544,30.11033563],[31.3481827,30.10989144]]]},"properties":{"id":"cairo:osm:way:24846719","name":"Unbenannter Park 24846719","nameAddon":null,"objectNumber":"cairo:osm:way:24846719","district":"Kairo","locality":null,"type":"Park","areaM2":7284.4,"areaHa":0.73,"designation":null,"dedicated":null,"builtYear":null,"renovatedYear":null,"planningAreaId":null,"planningAreaName":null,"centroid":[31.348801,30.109799],"bounds":[31.34818,30.10926,31.34942,30.11034],"amenities":{},"sourceId":"parks"}},{"type":"Feature","id":"cairo:osm:way:24846947","geometry":{"type":"Polygon","coordinates":[[[31.35495588,30.11358965],[31.35546497,30.11298987],[31.35616885,30.11343676],[31.35565976,30.11403655],[31.35495588,30.11358965]]]},"properties":{"id":"cairo:osm:way:24846947","name":"Unbenannter Park 24846947","nameAddon":null,"objectNumber":"cairo:osm:way:24846947","district":"Kairo","locality":null,"type":"Park","areaM2":6928.6,"areaHa":0.69,"designation":null,"dedicated":null,"builtYear":null,"renovatedYear":null,"planningAreaId":null,"planningAreaName":null,"centroid":[31.355562,30.113513],"bounds":[31.35496,30.11299,31.35617,30.11404],"amenities":{},"sourceId":"parks"}},{"type":"Feature","id":"cairo:osm:way:24846955","geometry":{"type":"Polygon","coordinates":[[[31.3524045,30.11192148],[31.35296967,30.11129365],[31.35361157,30.11172607],[31.3530464,30.1123539],[31.3524045,30.11192148]]]},"properties":{"id":"cairo:osm:way:24846955","name":"Unbenannter Park 24846955","nameAddon":null,"objectNumber":"cairo:osm:way:24846955","district":"Kairo","locality":null,"type":"Park","areaM2":6922,"areaHa":0.69,"designation":null,"dedicated":null,"builtYear":null,"renovatedYear":null,"planningAreaId":null,"planningAreaName":null,"centroid":[31.353008,30.111824],"bounds":[31.3524,30.11129,31.35361,30.11235],"amenities":{},"sourceId":"parks"}},{"type":"Feature","id":"cairo:osm:way:24846971","geometry":{"type":"Polygon","coordinates":[[[31.35298,30.11505428],[31.35349795,30.11447349],[31.35416936,30.1149213],[31.35365289,30.11550208],[31.35298,30.11505428]]]},"properties":{"id":"cairo:osm:way:24846971","name":"Unbenannter Park 24846971","nameAddon":null,"objectNumber":"cairo:osm:way:24846971","district":"Kairo","locality":null,"type":"Park","areaM2":6639.1,"areaHa":0.66,"designation":null,"dedicated":null,"builtYear":null,"renovatedYear":null,"planningAreaId":null,"planningAreaName":null,"centroid":[31.353575,30.114988],"bounds":[31.35298,30.11447,31.35417,30.1155],"amenities":{},"sourceId":"parks"}},{"type":"Feature","id":"cairo:osm:way:24846977","geometry":{"type":"Polygon","coordinates":[[[31.3504242,30.11337344],[31.35092444,30.11277818],[31.35161356,30.1132106],[31.35111332,30.11380586],[31.3504242,30.11337344]]]},"properties":{"id":"cairo:osm:way:24846977","name":"Unbenannter Park 24846977","nameAddon":null,"objectNumber":"cairo:osm:way:24846977","district":"Kairo","locality":null,"type":"Park","areaM2":6693,"areaHa":0.67,"designation":null,"dedicated":null,"builtYear":null,"renovatedYear":null,"planningAreaId":null,"planningAreaName":null,"centroid":[31.351019,30.113292],"bounds":[31.35042,30.11278,31.35161,30.11381],"amenities":{},"sourceId":"parks"}},{"type":"Feature","id":"cairo:osm:way:24846978","geometry":{"type":"Polygon","coordinates":[[[31.35499424,30.11628098],[31.3554148,30.11577257],[31.35603014,30.11615433],[31.35560959,30.11666275],[31.35499424,30.11628098]]]},"properties":{"id":"cairo:osm:way:24846978","name":"Unbenannter Park 24846978","nameAddon":null,"objectNumber":"cairo:osm:way:24846978","district":"Kairo","locality":null,"type":"Park","areaM2":5053.7,"areaHa":0.51,"designation":null,"dedicated":null,"builtYear":null,"renovatedYear":null,"planningAreaId":null,"planningAreaName":null,"centroid":[31.355512,30.116218],"bounds":[31.35499,30.11577,31.35603,30.11666],"amenities":{},"sourceId":"parks"}},{"type":"Feature","id":"cairo:osm:way:24847027","geometry":{"type":"Polygon","coordinates":[[[31.35903011,30.11771847],[31.35976055,30.11695404],[31.36049985,30.11745974],[31.35903011,30.11771847]]]},"properties":{"id":"cairo:osm:way:24847027","name":"Unbenannter Park 24847027","nameAddon":null,"objectNumber":"cairo:osm:way:24847027","district":"Kairo","locality":null,"type":"Park","areaM2":4989.8,"areaHa":0.5,"designation":null,"dedicated":null,"builtYear":null,"renovatedYear":null,"planningAreaId":null,"planningAreaName":null,"centroid":[31.359764,30.117377],"bounds":[31.35903,30.11695,31.3605,30.11772],"amenities":{},"sourceId":"parks"}},{"type":"Feature","id":"cairo:osm:way:24848960","geometry":{"type":"Polygon","coordinates":[[[31.34228163,30.10799439],[31.34270514,30.10780532],[31.34280843,30.10819613],[31.34228163,30.10799439]]]},"properties":{"id":"cairo:osm:way:24848960","name":"Unbenannter Park 24848960","nameAddon":null,"objectNumber":"cairo:osm:way:24848960","district":"Kairo","locality":null,"type":"Park","areaM2":990,"areaHa":0.1,"designation":null,"dedicated":null,"builtYear":null,"renovatedYear":null,"planningAreaId":null,"planningAreaName":null,"centroid":[31.342598,30.107999],"bounds":[31.34228,30.10781,31.34281,30.1082],"amenities":{},"sourceId":"parks"}},{"type":"Feature","id":"cairo:osm:way:24848987","geometry":{"type":"Polygon","coordinates":[[[31.35758842,30.11451692],[31.35768286,30.11440655],[31.35874089,30.11508323],[31.35864645,30.11519269],[31.35758842,30.11451692]]]},"properties":{"id":"cairo:osm:way:24848987","name":"Unbenannter Park 24848987","nameAddon":null,"objectNumber":"cairo:osm:way:24848987","district":"Kairo","locality":null,"type":"Park","areaM2":1923.7,"areaHa":0.19,"designation":null,"dedicated":null,"builtYear":null,"renovatedYear":null,"planningAreaId":null,"planningAreaName":null,"centroid":[31.358164,30.1148],"bounds":[31.35759,30.11441,31.35874,30.11519],"amenities":{},"sourceId":"parks"}},{"type":"Feature","id":"cairo:osm:way:24848995","geometry":{"type":"Polygon","coordinates":[[[31.3576076,30.11652705],[31.35776402,30.11634974],[31.35873499,30.11698752],[31.35858004,30.11716483],[31.3576076,30.11652705]]]},"properties":{"id":"cairo:osm:way:24848995","name":"Unbenannter Park 24848995","nameAddon":null,"objectNumber":"cairo:osm:way:24848995","district":"Kairo","locality":null,"type":"Park","areaM2":2892.3,"areaHa":0.29,"designation":null,"dedicated":null,"builtYear":null,"renovatedYear":null,"planningAreaId":null,"planningAreaName":null,"centroid":[31.358171,30.116757],"bounds":[31.35761,30.11635,31.35873,30.11716],"amenities":{},"sourceId":"parks"}},{"type":"Feature","id":"cairo:osm:way:24860403","geometry":{"type":"Polygon","coordinates":[[[31.34764852,30.11143839],[31.34783298,30.11122851],[31.34928795,30.11218835],[31.3491035,30.11239823],[31.34764852,30.11143839]]]},"properties":{"id":"cairo:osm:way:24860403","name":"Unbenannter Park 24860403","nameAddon":null,"objectNumber":"cairo:osm:way:24860403","district":"Kairo","locality":null,"type":"Park","areaM2":5153.1,"areaHa":0.52,"designation":null,"dedicated":null,"builtYear":null,"renovatedYear":null,"planningAreaId":null,"planningAreaName":null,"centroid":[31.348468,30.111813],"bounds":[31.34765,30.11123,31.34929,30.1124],"amenities":{},"sourceId":"parks"}},{"type":"Feature","id":"cairo:osm:way:24887485","geometry":{"type":"Polygon","coordinates":[[[31.34652409,30.08947078],[31.34666427,30.08935046],[31.34655507,30.08926542],[31.347014,30.0888918],[31.34744488,30.08924009],[31.3477769,30.0893378],[31.34777985,30.08969332],[31.3476013,30.08992401],[31.34765295,30.09018093],[31.34759983,30.0905645],[31.34739619,30.0904867],[31.34712024,30.09051113],[31.34700072,30.09000271],[31.346741,30.08966799],[31.34652409,30.08947078]]]},"properties":{"id":"cairo:osm:way:24887485","name":"حديقة شيل اوت الماظة","nameAddon":null,"objectNumber":"cairo:osm:way:24887485","district":"Kairo","locality":null,"type":"Park","areaM2":12556.2,"areaHa":1.26,"designation":null,"dedicated":null,"builtYear":null,"renovatedYear":null,"planningAreaId":null,"planningAreaName":null,"centroid":[31.347221,30.08969],"bounds":[31.34652,30.08889,31.34778,30.09056],"amenities":{},"sourceId":"parks"}},{"type":"Feature","id":"cairo:osm:way:24916579","geometry":{"type":"Polygon","coordinates":[[[31.33058573,30.07959291],[31.33228714,30.07929347],[31.33231222,30.07967704],[31.33113466,30.07979012],[31.33093545,30.07994029],[31.33076723,30.08043514],[31.33070525,30.08039533],[31.33067131,30.07992672],[31.33061524,30.07991134],[31.33058573,30.07959291]]]},"properties":{"id":"cairo:osm:way:24916579","name":"حديقه الجولف","nameAddon":null,"objectNumber":"cairo:osm:way:24916579","district":"Kairo","locality":null,"type":"Park","areaM2":7185.3,"areaHa":0.72,"designation":null,"dedicated":null,"builtYear":null,"renovatedYear":null,"planningAreaId":null,"planningAreaName":null,"centroid":[31.331375,30.079676],"bounds":[31.33059,30.07929,31.33231,30.08044],"amenities":{},"sourceId":"parks"}},{"type":"Feature","id":"cairo:osm:way:24933814","geometry":{"type":"Polygon","coordinates":[[[31.31771522,30.0934051],[31.31794394,30.09319613],[31.31840729,30.09380858],[31.31839401,30.09382124],[31.31771522,30.0934051]]]},"properties":{"id":"cairo:osm:way:24933814","name":"Unbenannter Park 24933814","nameAddon":null,"objectNumber":"cairo:osm:way:24933814","district":"Kairo","locality":null,"type":"Park","areaM2":1343.7,"areaHa":0.13,"designation":null,"dedicated":null,"builtYear":null,"renovatedYear":null,"planningAreaId":null,"planningAreaName":null,"centroid":[31.318031,30.093482],"bounds":[31.31772,30.0932,31.31841,30.09382],"amenities":{},"sourceId":"parks"}},{"type":"Feature","id":"cairo:osm:way:24957954","geometry":{"type":"Polygon","coordinates":[[[31.34533325,30.06225077],[31.34548671,30.06123666],[31.345621,30.06124751],[31.34564313,30.06102768],[31.3457361,30.0610313],[31.34622306,30.06078252],[31.3463293,30.06078433],[31.34633668,30.06069568],[31.34896479,30.06099331],[31.34889101,30.06151438],[31.3494547,30.06157138],[31.34930124,30.06271395],[31.34897955,30.06261263],[31.3489943,30.06270309],[31.34856489,30.06313823],[31.34589251,30.06285236],[31.34589842,30.0627239],[31.34540998,30.06225529],[31.34533325,30.06225077]]]},"properties":{"id":"cairo:osm:way:24957954","name":"حديقة الطفل","nameAddon":null,"objectNumber":"cairo:osm:way:24957954","district":"Kairo","locality":null,"type":"Park","areaM2":82210.9,"areaHa":8.22,"designation":null,"dedicated":null,"builtYear":null,"renovatedYear":null,"planningAreaId":null,"planningAreaName":null,"centroid":[31.347376,30.061919],"bounds":[31.34533,30.0607,31.34945,30.06314],"amenities":{},"sourceId":"parks"}},{"type":"Feature","id":"cairo:osm:way:24958036","geometry":{"type":"Polygon","coordinates":[[[31.35643152,30.06490411],[31.3565171,30.06430975],[31.35682551,30.06431699],[31.35671484,30.06492672],[31.35643152,30.06490411]]]},"properties":{"id":"cairo:osm:way:24958036","name":"Unbenannter Park 24958036","nameAddon":null,"objectNumber":"cairo:osm:way:24958036","district":"Kairo","locality":null,"type":"Park","areaM2":1920.2,"areaHa":0.19,"designation":null,"dedicated":null,"builtYear":null,"renovatedYear":null,"planningAreaId":null,"planningAreaName":null,"centroid":[31.356624,30.064611],"bounds":[31.35643,30.06431,31.35683,30.06493],"amenities":{},"sourceId":"parks"}},{"type":"Feature","id":"cairo:osm:way:24958136","geometry":{"type":"Polygon","coordinates":[[[31.32493108,30.05183192],[31.32527933,30.05046137],[31.32671808,30.05071196],[31.32652034,30.05158585],[31.32708994,30.05166727],[31.32696156,30.0522173],[31.32622227,30.05214854],[31.32624735,30.0520038],[31.32493108,30.05183192]]]},"properties":{"id":"cairo:osm:way:24958136","name":"حديقة العاشر من رمضان","nameAddon":null,"objectNumber":"cairo:osm:way:24958136","district":"Kairo","locality":null,"type":"Park","areaM2":25567.6,"areaHa":2.56,"designation":null,"dedicated":null,"builtYear":null,"renovatedYear":null,"planningAreaId":null,"planningAreaName":null,"centroid":[31.325961,30.051358],"bounds":[31.32493,30.05046,31.32709,30.05222],"amenities":{},"sourceId":"parks"}},{"type":"Feature","id":"cairo:osm:way:24986650","geometry":{"type":"Polygon","coordinates":[[[31.21753124,30.05734395],[31.21793999,30.05571377],[31.21939792,30.05530668],[31.22009294,30.05672517],[31.21777767,30.05773114],[31.21760059,30.05746698],[31.21753124,30.05734395]]]},"properties":{"id":"cairo:osm:way:24986650","name":"حديقة جيلاية الأسماك","nameAddon":null,"objectNumber":"cairo:osm:way:24986650","district":"Kairo","locality":null,"type":"Park","areaM2":39716.2,"areaHa":3.97,"designation":null,"dedicated":null,"builtYear":null,"renovatedYear":null,"planningAreaId":null,"planningAreaName":null,"centroid":[31.21871,30.056483],"bounds":[31.21753,30.05531,31.22009,30.05773],"amenities":{},"sourceId":"parks"}},{"type":"Feature","id":"cairo:osm:way:25011349","geometry":{"type":"Polygon","coordinates":[[[31.22767624,30.0283653],[31.22807319,30.02626289],[31.23004317,30.02639587],[31.23031911,30.02782974],[31.23033977,30.02895513],[31.22767624,30.0283653]]]},"properties":{"id":"cairo:osm:way:25011349","name":"قصر منيل","nameAddon":null,"objectNumber":"cairo:osm:way:25011349","district":"Kairo","locality":null,"type":"Park","areaM2":59806.8,"areaHa":5.98,"designation":null,"dedicated":null,"builtYear":null,"renovatedYear":null,"planningAreaId":null,"planningAreaName":null,"centroid":[31.22909,30.027562],"bounds":[31.22768,30.02626,31.23034,30.02896],"amenities":{},"sourceId":"parks"}},{"type":"Feature","id":"cairo:osm:way:25026300","geometry":{"type":"Polygon","coordinates":[[[31.27362317,30.07392437],[31.27434328,30.07378325],[31.27503978,30.07560521],[31.27400388,30.07509227],[31.27383418,30.07478469],[31.27366596,30.07425819],[31.27362317,30.07392437]]]},"properties":{"id":"cairo:osm:way:25026300","name":"Unbenannter Park 25026300","nameAddon":null,"objectNumber":"cairo:osm:way:25026300","district":"Kairo","locality":null,"type":"Park","areaM2":13585.6,"areaHa":1.36,"designation":null,"dedicated":null,"builtYear":null,"renovatedYear":null,"planningAreaId":null,"planningAreaName":null,"centroid":[31.274265,30.074616],"bounds":[31.27362,30.07378,31.27504,30.07561],"amenities":{},"sourceId":"parks"}},{"type":"Feature","id":"cairo:osm:way:25026301","geometry":{"type":"Polygon","coordinates":[[[31.27299602,30.07402026],[31.2730639,30.07396146],[31.27323655,30.07392437],[31.27339887,30.07405012],[31.27352873,30.07440655],[31.27350217,30.07461462],[31.27340772,30.07470418],[31.27313326,30.07457029],[31.27299602,30.07436946],[31.27299602,30.07424371],[31.27299602,30.07402026]]]},"properties":{"id":"cairo:osm:way:25026301","name":"Unbenannter Park 25026301","nameAddon":null,"objectNumber":"cairo:osm:way:25026301","district":"Kairo","locality":null,"type":"Park","areaM2":3265.1,"areaHa":0.33,"designation":null,"dedicated":null,"builtYear":null,"renovatedYear":null,"planningAreaId":null,"planningAreaName":null,"centroid":[31.273254,30.074305],"bounds":[31.273,30.07392,31.27353,30.0747],"amenities":{},"sourceId":"parks"}},{"type":"Feature","id":"cairo:osm:way:25044053","geometry":{"type":"Polygon","coordinates":[[[31.33414939,30.08485797],[31.33481933,30.08454225],[31.33507166,30.0849023],[31.33460536,30.08513298],[31.33414939,30.08485797]]]},"properties":{"id":"cairo:osm:way:25044053","name":"Unbenannter Park 25044053","nameAddon":null,"objectNumber":"cairo:osm:way:25044053","district":"Kairo","locality":null,"type":"Park","areaM2":2957.7,"areaHa":0.3,"designation":null,"dedicated":null,"builtYear":null,"renovatedYear":null,"planningAreaId":null,"planningAreaName":null,"centroid":[31.33465,30.08485],"bounds":[31.33415,30.08454,31.33507,30.08513],"amenities":{},"sourceId":"parks"}},{"type":"Feature","id":"cairo:osm:way:25087302","geometry":{"type":"Polygon","coordinates":[[[31.35252403,30.117723],[31.35289146,30.11730957],[31.35405131,30.11810928],[31.35334596,30.11825855],[31.35252403,30.117723]]]},"properties":{"id":"cairo:osm:way:25087302","name":"Unbenannter Park 25087302","nameAddon":null,"objectNumber":"cairo:osm:way:25087302","district":"Kairo","locality":null,"type":"Park","areaM2":6804.7,"areaHa":0.68,"designation":null,"dedicated":null,"builtYear":null,"renovatedYear":null,"planningAreaId":null,"planningAreaName":null,"centroid":[31.353215,30.117838],"bounds":[31.35252,30.11731,31.35405,30.11826],"amenities":{},"sourceId":"parks"}},{"type":"Feature","id":"cairo:osm:way:25087525","geometry":{"type":"Polygon","coordinates":[[[31.33574898,30.11394065],[31.33659895,30.11322327],[31.33719806,30.11333725],[31.33727627,30.11387281],[31.33652369,30.11453863],[31.33574898,30.11394065]]]},"properties":{"id":"cairo:osm:way:25087525","name":"Unbenannter Park 25087525","nameAddon":null,"objectNumber":"cairo:osm:way:25087525","district":"Kairo","locality":null,"type":"Park","areaM2":12441,"areaHa":1.24,"designation":null,"dedicated":null,"builtYear":null,"renovatedYear":null,"planningAreaId":null,"planningAreaName":null,"centroid":[31.336596,30.113835],"bounds":[31.33575,30.11322,31.33728,30.11454],"amenities":{},"sourceId":"parks"}},{"type":"Feature","id":"cairo:osm:way:25087682","geometry":{"type":"Polygon","coordinates":[[[31.30182998,30.08896327],[31.30192294,30.08885833],[31.30204247,30.088814],[31.30279062,30.08923828],[31.30348859,30.08972318],[31.30346351,30.08999638],[31.30333365,30.08995024],[31.30328791,30.09001176],[31.30322003,30.08997015],[31.30306214,30.09005518],[31.30322446,30.09022797],[31.30315067,30.09025602],[31.30284227,30.09010403],[31.30256485,30.09016465],[31.30192147,30.08914872],[31.30182998,30.08896327]]]},"properties":{"id":"cairo:osm:way:25087682","name":"حديقة ابن سندر","nameAddon":null,"objectNumber":"cairo:osm:way:25087682","district":"Kairo","locality":null,"type":"Park","areaM2":11878.4,"areaHa":1.19,"designation":null,"dedicated":null,"builtYear":null,"renovatedYear":null,"planningAreaId":null,"planningAreaName":null,"centroid":[31.302653,30.089564],"bounds":[31.30183,30.08881,31.30349,30.09026],"amenities":{},"sourceId":"parks"}},{"type":"Feature","id":"cairo:osm:way:25336488","geometry":{"type":"Polygon","coordinates":[[[31.31009502,29.95847295],[31.31062773,29.9584431],[31.3113139,29.95849466],[31.31206943,29.95861408],[31.31205172,29.95928352],[31.31018061,29.95938755],[31.31009502,29.95847295]]]},"properties":{"id":"cairo:osm:way:25336488","name":"Unbenannter Park 25336488","nameAddon":null,"objectNumber":"cairo:osm:way:25336488","district":"Kairo","locality":null,"type":"Park","areaM2":17237.6,"areaHa":1.72,"designation":null,"dedicated":null,"builtYear":null,"renovatedYear":null,"planningAreaId":null,"planningAreaName":null,"centroid":[31.311049,29.958913],"bounds":[31.3101,29.95844,31.31207,29.95939],"amenities":{},"sourceId":"parks"}},{"type":"Feature","id":"cairo:osm:way:25352231","geometry":{"type":"Polygon","coordinates":[[[31.37081603,30.12275194],[31.37087653,30.12253664],[31.37157156,30.12279627],[31.37192423,30.12306314],[31.37081603,30.12275194]]]},"properties":{"id":"cairo:osm:way:25352231","name":"Unbenannter Park 25352231","nameAddon":null,"objectNumber":"cairo:osm:way:25352231","district":"Kairo","locality":null,"type":"Park","areaM2":1910,"areaHa":0.19,"designation":null,"dedicated":null,"builtYear":null,"renovatedYear":null,"planningAreaId":null,"planningAreaName":null,"centroid":[31.371273,30.122788],"bounds":[31.37082,30.12254,31.37192,30.12306],"amenities":{},"sourceId":"parks"}},{"type":"Feature","id":"cairo:osm:way:25352236","geometry":{"type":"Polygon","coordinates":[[[31.36811414,30.12194771],[31.36819087,30.12175954],[31.36889918,30.12197485],[31.36882244,30.12216392],[31.36811414,30.12194771]]]},"properties":{"id":"cairo:osm:way:25352236","name":"Unbenannter Park 25352236","nameAddon":null,"objectNumber":"cairo:osm:way:25352236","district":"Kairo","locality":null,"type":"Park","areaM2":1604,"areaHa":0.16,"designation":null,"dedicated":null,"builtYear":null,"renovatedYear":null,"planningAreaId":null,"planningAreaName":null,"centroid":[31.368507,30.121962],"bounds":[31.36811,30.12176,31.3689,30.12216],"amenities":{},"sourceId":"parks"}},{"type":"Feature","id":"cairo:osm:way:25352242","geometry":{"type":"Polygon","coordinates":[[[31.36484265,30.1235417],[31.36493709,30.1232875],[31.36548898,30.12344038],[31.36539454,30.12369369],[31.36484265,30.1235417]]]},"properties":{"id":"cairo:osm:way:25352242","name":"Unbenannter Park 25352242","nameAddon":null,"objectNumber":"cairo:osm:way:25352242","district":"Kairo","locality":null,"type":"Park","areaM2":1649.3,"areaHa":0.16,"designation":null,"dedicated":null,"builtYear":null,"renovatedYear":null,"planningAreaId":null,"planningAreaName":null,"centroid":[31.365166,30.123491],"bounds":[31.36484,30.12329,31.36549,30.12369],"amenities":{},"sourceId":"parks"}},{"type":"Feature","id":"cairo:osm:way:25352268","geometry":{"type":"Polygon","coordinates":[[[31.36692035,30.12365117],[31.36706053,30.12328207],[31.36760947,30.12343857],[31.36746781,30.12380767],[31.36692035,30.12365117]]]},"properties":{"id":"cairo:osm:way:25352268","name":"Unbenannter Park 25352268","nameAddon":null,"objectNumber":"cairo:osm:way:25352268","district":"Kairo","locality":null,"type":"Park","areaM2":2392.7,"areaHa":0.24,"designation":null,"dedicated":null,"builtYear":null,"renovatedYear":null,"planningAreaId":null,"planningAreaName":null,"centroid":[31.367265,30.123545],"bounds":[31.36692,30.12328,31.36761,30.12381],"amenities":{},"sourceId":"parks"}},{"type":"Feature","id":"cairo:osm:way:25352448","geometry":{"type":"Polygon","coordinates":[[[31.37310327,30.12485707],[31.37340282,30.12411344],[31.37378059,30.12440384],[31.37378944,30.12450063],[31.37355776,30.12501176],[31.37310327,30.12485707]]]},"properties":{"id":"cairo:osm:way:25352448","name":"Unbenannter Park 25352448","nameAddon":null,"objectNumber":"cairo:osm:way:25352448","district":"Kairo","locality":null,"type":"Park","areaM2":3765.6,"areaHa":0.38,"designation":null,"dedicated":null,"builtYear":null,"renovatedYear":null,"planningAreaId":null,"planningAreaName":null,"centroid":[31.373462,30.124597],"bounds":[31.3731,30.12411,31.37379,30.12501],"amenities":{},"sourceId":"parks"}},{"type":"Feature","id":"cairo:osm:way:25460207","geometry":{"type":"Polygon","coordinates":[[[31.30047977,29.96068844],[31.30221364,29.96075538],[31.30225644,29.96157319],[31.30121021,29.96161842],[31.30047977,29.96068844]]]},"properties":{"id":"cairo:osm:way:25460207","name":"Unbenannter Park 25460207","nameAddon":null,"objectNumber":"cairo:osm:way:25460207","district":"Kairo","locality":null,"type":"Park","areaM2":12951.4,"areaHa":1.3,"designation":null,"dedicated":null,"builtYear":null,"renovatedYear":null,"planningAreaId":null,"planningAreaName":null,"centroid":[31.301511,29.961125],"bounds":[31.30048,29.96069,31.30226,29.96162],"amenities":{},"sourceId":"parks"}},{"type":"Feature","id":"cairo:osm:way:25563300","geometry":{"type":"Polygon","coordinates":[[[31.31012896,30.06541071],[31.31057018,30.0653501],[31.31078415,30.06512575],[31.31086531,30.06481726],[31.3107443,30.06461191],[31.31071922,30.0644545],[31.31082546,30.06431518],[31.31229667,30.06390085],[31.31250474,30.06387823],[31.31364246,30.06443731],[31.31367492,30.06451058],[31.31294005,30.06557355],[31.31324994,30.06574181],[31.31264197,30.06660937],[31.31206352,30.06662385],[31.31100549,30.06677854],[31.31122094,30.06658676],[31.31112945,30.06602768],[31.31101582,30.06590917],[31.31043442,30.06563506],[31.31023078,30.06549394],[31.31012896,30.06541071]]]},"properties":{"id":"cairo:osm:way:25563300","name":"الحديقة الصينية","nameAddon":null,"objectNumber":"cairo:osm:way:25563300","district":"Kairo","locality":null,"type":"Park","areaM2":64747.6,"areaHa":6.47,"designation":null,"dedicated":null,"builtYear":null,"renovatedYear":null,"planningAreaId":null,"planningAreaName":null,"centroid":[31.312014,30.065254],"bounds":[31.31013,30.06388,31.31367,30.06678],"amenities":{},"sourceId":"parks"}},{"type":"Feature","id":"cairo:osm:way:25580357","geometry":{"type":"Polygon","coordinates":[[[31.32863051,30.05025149],[31.32875298,30.04953863],[31.32951736,30.04963633],[31.32939636,30.05034919],[31.32863051,30.05025149]]]},"properties":{"id":"cairo:osm:way:25580357","name":"Unbenannter Park 25580357","nameAddon":null,"objectNumber":"cairo:osm:way:25580357","district":"Kairo","locality":null,"type":"Park","areaM2":5954,"areaHa":0.6,"designation":null,"dedicated":null,"builtYear":null,"renovatedYear":null,"planningAreaId":null,"planningAreaName":null,"centroid":[31.329074,30.049944],"bounds":[31.32863,30.04954,31.32952,30.05035],"amenities":{},"sourceId":"parks"}},{"type":"Feature","id":"cairo:osm:way:25580377","geometry":{"type":"Polygon","coordinates":[[[31.32712536,30.04510042],[31.32720504,30.04474941],[31.3278617,30.04485978],[31.32778349,30.04521078],[31.32712536,30.04510042]]]},"properties":{"id":"cairo:osm:way:25580377","name":"Unbenannter Park 25580377","nameAddon":null,"objectNumber":"cairo:osm:way:25580377","district":"Kairo","locality":null,"type":"Park","areaM2":2561.9,"areaHa":0.26,"designation":null,"dedicated":null,"builtYear":null,"renovatedYear":null,"planningAreaId":null,"planningAreaName":null,"centroid":[31.327494,30.04498],"bounds":[31.32713,30.04475,31.32786,30.04521],"amenities":{},"sourceId":"parks"}},{"type":"Feature","id":"cairo:osm:way:25580378","geometry":{"type":"Polygon","coordinates":[[[31.32499749,30.04842772],[31.32526015,30.04737018],[31.32607027,30.04752126],[31.32580614,30.0485788],[31.32499749,30.04842772]]]},"properties":{"id":"cairo:osm:way:25580378","name":"Unbenannter Park 25580378","nameAddon":null,"objectNumber":"cairo:osm:way:25580378","district":"Kairo","locality":null,"type":"Park","areaM2":9582.8,"areaHa":0.96,"designation":null,"dedicated":null,"builtYear":null,"renovatedYear":null,"planningAreaId":null,"planningAreaName":null,"centroid":[31.325534,30.047974],"bounds":[31.325,30.04737,31.32607,30.04858],"amenities":{},"sourceId":"parks"}},{"type":"Feature","id":"cairo:osm:way:25580540","geometry":{"type":"Polygon","coordinates":[[[31.3238037,30.06228515],[31.32443084,30.06119323],[31.32472302,30.06129003],[31.32455922,30.06248598],[31.3238037,30.06228515]]]},"properties":{"id":"cairo:osm:way:25580540","name":"حديقة الفردوس","nameAddon":null,"objectNumber":"cairo:osm:way:25580540","district":"Kairo","locality":null,"type":"Park","areaM2":7027.8,"areaHa":0.7,"designation":null,"dedicated":null,"builtYear":null,"renovatedYear":null,"planningAreaId":null,"planningAreaName":null,"centroid":[31.32435,30.061896],"bounds":[31.3238,30.06119,31.32472,30.06249],"amenities":{},"sourceId":"parks"}},{"type":"Feature","id":"cairo:osm:way:25584521","geometry":{"type":"Polygon","coordinates":[[[31.34030427,30.06580242],[31.3404297,30.06475574],[31.34048283,30.0647268],[31.3411262,30.06480188],[31.34100963,30.0658757],[31.34097716,30.06590103],[31.34030427,30.06580242]]]},"properties":{"id":"cairo:osm:way:25584521","name":"Unbenannter Park 25584521","nameAddon":null,"objectNumber":"cairo:osm:way:25584521","district":"Kairo","locality":null,"type":"Park","areaM2":8585.5,"areaHa":0.86,"designation":null,"dedicated":null,"builtYear":null,"renovatedYear":null,"planningAreaId":null,"planningAreaName":null,"centroid":[31.340719,30.06531],"bounds":[31.3403,30.06473,31.34113,30.0659],"amenities":{},"sourceId":"parks"}},{"type":"Feature","id":"cairo:osm:way:25584549","geometry":{"type":"Polygon","coordinates":[[[31.34116605,30.05892166],[31.34131951,30.05775194],[31.34226392,30.05784422],[31.34211193,30.05901393],[31.34116605,30.05892166]]]},"properties":{"id":"cairo:osm:way:25584549","name":"Unbenannter Park 25584549","nameAddon":null,"objectNumber":"cairo:osm:way:25584549","district":"Kairo","locality":null,"type":"Park","areaM2":11964.4,"areaHa":1.2,"designation":null,"dedicated":null,"builtYear":null,"renovatedYear":null,"planningAreaId":null,"planningAreaName":null,"centroid":[31.341715,30.058383],"bounds":[31.34117,30.05775,31.34226,30.05901],"amenities":{},"sourceId":"parks"}},{"type":"Feature","id":"cairo:osm:way:260222690","geometry":{"type":"Polygon","coordinates":[[[31.48597625,30.02445269],[31.4860338,30.02299349],[31.4861489,30.02299258],[31.48614448,30.02428442],[31.48620498,30.02447259],[31.48605299,30.02449882],[31.48597625,30.02445269]]]},"properties":{"id":"cairo:osm:way:260222690","name":"Unbenannter Park 260222690","nameAddon":null,"objectNumber":"cairo:osm:way:260222690","district":"Kairo","locality":null,"type":"Park","areaM2":1953.6,"areaHa":0.2,"designation":null,"dedicated":null,"builtYear":null,"renovatedYear":null,"planningAreaId":null,"planningAreaName":null,"centroid":[31.486077,30.023803],"bounds":[31.48598,30.02299,31.4862,30.0245],"amenities":{},"sourceId":"parks"}},{"type":"Feature","id":"cairo:osm:way:26026713","geometry":{"type":"Polygon","coordinates":[[[31.34464412,30.08635336],[31.34481677,30.08601502],[31.34493925,30.08598245],[31.34506173,30.08604306],[31.34508829,30.08611724],[31.34491859,30.08641487],[31.34483743,30.08645377],[31.34464412,30.08635336]]]},"properties":{"id":"cairo:osm:way:26026713","name":"Oscar Park","nameAddon":null,"objectNumber":"cairo:osm:way:26026713","district":"Kairo","locality":null,"type":"Park","areaM2":1430.3,"areaHa":0.14,"designation":null,"dedicated":null,"builtYear":null,"renovatedYear":null,"planningAreaId":null,"planningAreaName":null,"centroid":[31.344873,30.086213],"bounds":[31.34464,30.08598,31.34509,30.08645],"amenities":{},"sourceId":"parks"}},{"type":"Feature","id":"cairo:osm:way:264158168","geometry":{"type":"Polygon","coordinates":[[[31.27265367,29.94452144],[31.2727245,29.94444997],[31.27314063,29.94475755],[31.27306833,29.94482902],[31.27265367,29.94452144]]]},"properties":{"id":"cairo:osm:way:264158168","name":"Exercise area","nameAddon":null,"objectNumber":"cairo:osm:way:264158168","district":"Kairo","locality":null,"type":"Park","areaM2":552.5,"areaHa":0.06,"designation":null,"dedicated":null,"builtYear":null,"renovatedYear":null,"planningAreaId":null,"planningAreaName":null,"centroid":[31.272897,29.94464],"bounds":[31.27265,29.94445,31.27314,29.94483],"amenities":{},"sourceId":"parks"}},{"type":"Feature","id":"cairo:osm:way:264158169","geometry":{"type":"Polygon","coordinates":[[[31.27273188,29.94415596],[31.27278205,29.94410711],[31.27314654,29.94436675],[31.27310079,29.9444156],[31.27273188,29.94415596]]]},"properties":{"id":"cairo:osm:way:264158169","name":"Exercise area","nameAddon":null,"objectNumber":"cairo:osm:way:264158169","district":"Kairo","locality":null,"type":"Park","areaM2":324.1,"areaHa":0.03,"designation":null,"dedicated":null,"builtYear":null,"renovatedYear":null,"planningAreaId":null,"planningAreaName":null,"centroid":[31.272939,29.944261],"bounds":[31.27273,29.94411,31.27315,29.94442],"amenities":{},"sourceId":"parks"}},{"type":"Feature","id":"cairo:osm:way:264158170","geometry":{"type":"Polygon","coordinates":[[[31.27290896,29.94397232],[31.272937,29.94394246],[31.27329705,29.94421386],[31.27327492,29.94423467],[31.27290896,29.94397232]]]},"properties":{"id":"cairo:osm:way:264158170","name":"Exercise area","nameAddon":null,"objectNumber":"cairo:osm:way:264158170","district":"Kairo","locality":null,"type":"Park","areaM2":171,"areaHa":0.02,"designation":null,"dedicated":null,"builtYear":null,"renovatedYear":null,"planningAreaId":null,"planningAreaName":null,"centroid":[31.273095,29.944084],"bounds":[31.27291,29.94394,31.2733,29.94423],"amenities":{},"sourceId":"parks"}},{"type":"Feature","id":"cairo:osm:way:264434892","geometry":{"type":"Polygon","coordinates":[[[31.27217262,29.94508956],[31.27227148,29.94499276],[31.27259465,29.94523611],[31.27249135,29.94533382],[31.27217262,29.94508956]]]},"properties":{"id":"cairo:osm:way:264434892","name":"Exercise area","nameAddon":null,"objectNumber":"cairo:osm:way:264434892","district":"Kairo","locality":null,"type":"Park","areaM2":599.4,"areaHa":0.06,"designation":null,"dedicated":null,"builtYear":null,"renovatedYear":null,"planningAreaId":null,"planningAreaName":null,"centroid":[31.272383,29.945164],"bounds":[31.27217,29.94499,31.27259,29.94533],"amenities":{},"sourceId":"parks"}},{"type":"Feature","id":"cairo:osm:way:264434893","geometry":{"type":"Polygon","coordinates":[[[31.27240134,29.94476931],[31.27247217,29.94470237],[31.27298569,29.94507961],[31.27290306,29.94514565],[31.27240134,29.94476931]]]},"properties":{"id":"cairo:osm:way:264434893","name":"Exercise area","nameAddon":null,"objectNumber":"cairo:osm:way:264434893","district":"Kairo","locality":null,"type":"Park","areaM2":671.1,"areaHa":0.07,"designation":null,"dedicated":null,"builtYear":null,"renovatedYear":null,"planningAreaId":null,"planningAreaName":null,"centroid":[31.272693,29.944926],"bounds":[31.2724,29.9447,31.27299,29.94515],"amenities":{},"sourceId":"parks"}},{"type":"Feature","id":"cairo:osm:way:273628352","geometry":{"type":"Polygon","coordinates":[[[31.36210239,30.04978107],[31.3621806,30.04922833],[31.36367394,30.04938665],[31.36359574,30.04993848],[31.36317223,30.04989416],[31.36210239,30.04978107]]]},"properties":{"id":"cairo:osm:way:273628352","name":"Unbenannter Park 273628352","nameAddon":null,"objectNumber":"cairo:osm:way:273628352","district":"Kairo","locality":null,"type":"Park","areaM2":8954.3,"areaHa":0.9,"designation":null,"dedicated":null,"builtYear":null,"renovatedYear":null,"planningAreaId":null,"planningAreaName":null,"centroid":[31.362888,30.049584],"bounds":[31.3621,30.04923,31.36367,30.04994],"amenities":{},"sourceId":"parks"}},{"type":"Feature","id":"cairo:osm:way:28800605","geometry":{"type":"Polygon","coordinates":[[[31.23210021,30.00800796],[31.232264,30.00793016],[31.23260192,30.00785779],[31.23257093,30.00779808],[31.23367471,30.00724263],[31.23375439,30.00730414],[31.23407608,30.00700018],[31.234293,30.00693324],[31.23444794,30.00678035],[31.23451582,30.00558893],[31.23459846,30.00542428],[31.23450845,30.00538086],[31.23448926,30.00474579],[31.23453943,30.0046689],[31.23447303,30.00440655],[31.23453353,30.00425095],[31.23466044,30.00412973],[31.23521528,30.00397775],[31.23564469,30.00399765],[31.23589554,30.00388366],[31.23622904,30.00380405],[31.23812966,30.00372535],[31.24067366,30.00355618],[31.24066923,30.00395603],[31.24073711,30.00416682],[31.2412831,30.00478922],[31.24138492,30.00484169],[31.24157527,30.00481997],[31.24208289,30.00447259],[31.24273512,30.00514655],[31.2429786,30.00459562],[31.24314092,30.00437398],[31.24363674,30.00459562],[31.24347885,30.00483174],[31.24408238,30.00510494],[31.2442993,30.00505247],[31.24442768,30.0050968],[31.244469,30.00497648],[31.24456049,30.0049602],[31.24463279,30.00502443],[31.2447715,30.00486973],[31.24475675,30.00500543],[31.24485119,30.00516555],[31.24563475,30.00554279],[31.24586643,30.00594536],[31.24638585,30.00620318],[31.24652456,30.0062059],[31.2466072,30.00616971],[31.24676066,30.00597159],[31.24754128,30.00631627],[31.24777738,30.00583228],[31.24653489,30.00876787],[31.24685363,30.00917677],[31.24948026,30.00946535],[31.24952896,30.00931428],[31.24980048,30.00947892],[31.24982999,30.00945359],[31.2499746,30.00948254],[31.25009856,30.00953772],[31.25024317,30.00968971],[31.25030219,30.01005428],[31.25044681,30.01024968],[31.25102821,30.01049756],[31.25208476,30.01135517],[31.25259976,30.01160485],[31.25242711,30.01247422],[31.25296277,30.01272571],[31.25284029,30.01291207],[31.25258353,30.01283789],[31.25249794,30.01306314],[31.25143843,30.01314185],[31.25085998,30.01322689],[31.25023136,30.01337073],[31.24952453,30.01370092],[31.24878819,30.01397413],[31.24852405,30.01405916],[31.24820974,30.01409625],[31.24783345,30.01419305],[31.24780984,30.01410349],[31.24774344,30.01411254],[31.24775672,30.01418401],[31.24768294,30.01419305],[31.24706022,30.01411163],[31.24706907,30.0140266],[31.2466795,30.0139307],[31.24653342,30.01382848],[31.24647439,30.01367469],[31.24634601,30.01228967],[31.24628403,30.01217568],[31.24616451,30.01210422],[31.24601989,30.01209607],[31.24445719,30.01227339],[31.24375922,30.01245793],[31.24242081,30.01256468],[31.24168152,30.01277094],[31.24072678,30.0132694],[31.24040362,30.01333183],[31.23986501,30.01333816],[31.23974253,30.01338249],[31.23965547,30.01355346],[31.23970121,30.01431247],[31.23978975,30.01434865],[31.23980303,30.01460829],[31.23924524,30.01464357],[31.23894569,30.01460195],[31.23894716,30.01474217],[31.23890142,30.01474308],[31.23889552,30.01464628],[31.23875385,30.01446897],[31.23868302,30.01447078],[31.23869188,30.01329564],[31.23857825,30.0131708],[31.23785962,30.01364031],[31.23762499,30.01398046],[31.23745087,30.01392347],[31.23699637,30.01220825],[31.23746415,30.01209879],[31.23717197,30.01101683],[31.23700818,30.01092184],[31.23568453,30.01115252],[31.23560927,30.01067125],[31.23524036,30.01000452],[31.23503082,30.00994753],[31.23464273,30.01012846],[31.23460141,30.01006513],[31.23430038,30.01022616],[31.23432547,30.0101176],[31.23425906,30.0100009],[31.23343713,30.00920029],[31.23326006,30.00914963],[31.23311987,30.00921024],[31.2330092,30.00910711],[31.23297231,30.00913515],[31.23254437,30.00876968],[31.23258126,30.00874163],[31.23234221,30.00844491],[31.23210021,30.00800796]]]},"properties":{"id":"cairo:osm:way:28800605","name":"حدائق تلال الفسطاط","nameAddon":null,"objectNumber":"cairo:osm:way:28800605","district":"Kairo","locality":null,"type":"Park","areaM2":1342308,"areaHa":134.23,"designation":null,"dedicated":null,"builtYear":null,"renovatedYear":null,"planningAreaId":null,"planningAreaName":null,"centroid":[31.241802,30.009042],"bounds":[31.2321,30.00356,31.25296,30.01474],"amenities":{},"sourceId":"parks"}},{"type":"Feature","id":"cairo:osm:way:28800637","geometry":{"type":"Polygon","coordinates":[[[31.23286606,30.07234395],[31.23501311,30.07198028],[31.23554434,30.07385924],[31.23425759,30.07413425],[31.23412035,30.07390447],[31.23358765,30.07377782],[31.23286606,30.07234395]]]},"properties":{"id":"cairo:osm:way:28800637","name":"حديقة روض الفرج","nameAddon":null,"objectNumber":"cairo:osm:way:28800637","district":"Kairo","locality":null,"type":"Park","areaM2":40131,"areaHa":4.01,"designation":null,"dedicated":null,"builtYear":null,"renovatedYear":null,"planningAreaId":null,"planningAreaName":null,"centroid":[31.234307,30.073032],"bounds":[31.23287,30.07198,31.23554,30.07413],"amenities":{},"sourceId":"parks"}},{"type":"Feature","id":"cairo:osm:way:28801283","geometry":{"type":"Polygon","coordinates":[[[31.22435754,30.04165732],[31.22483417,30.04138502],[31.22506437,30.04113624],[31.22593204,30.04078795],[31.22684546,30.04239189],[31.22702401,30.04297992],[31.22677463,30.04305591],[31.22469251,30.04185001],[31.22435754,30.04165732]]]},"properties":{"id":"cairo:osm:way:28801283","name":"حديقة الحرية","nameAddon":null,"objectNumber":"cairo:osm:way:28801283","district":"Kairo","locality":null,"type":"Park","areaM2":28634.1,"areaHa":2.86,"designation":null,"dedicated":null,"builtYear":null,"renovatedYear":null,"planningAreaId":null,"planningAreaName":null,"centroid":[31.225824,30.041876],"bounds":[31.22436,30.04079,31.22702,30.04306],"amenities":{},"sourceId":"parks"}},{"type":"Feature","id":"cairo:osm:way:28805950","geometry":{"type":"Polygon","coordinates":[[[31.32660003,29.83946445],[31.32789564,29.83889904],[31.33061524,29.83805772],[31.33081593,29.83802515],[31.33183264,29.83801882],[31.33172197,29.84068753],[31.33166737,29.8407789],[31.33153604,29.84079881],[31.32675202,29.83984259],[31.32660003,29.83946445]]]},"properties":{"id":"cairo:osm:way:28805950","name":"6 أكتوبر","nameAddon":null,"objectNumber":"cairo:osm:way:28805950","district":"Kairo","locality":null,"type":"Park","areaM2":98641.8,"areaHa":9.86,"designation":null,"dedicated":null,"builtYear":null,"renovatedYear":null,"planningAreaId":null,"planningAreaName":null,"centroid":[31.329818,29.839399],"bounds":[31.3266,29.83802,31.33183,29.8408],"amenities":{},"sourceId":"parks"}},{"type":"Feature","id":"cairo:osm:way:28821197","geometry":{"type":"Polygon","coordinates":[[[31.27746425,30.07667632],[31.27758821,30.07641035],[31.27764428,30.07548489],[31.27808107,30.07520626],[31.27795416,30.07506061],[31.27824929,30.07491044],[31.27846769,30.07517098],[31.27852966,30.07518003],[31.27891776,30.07567758],[31.27922026,30.07549756],[31.27925125,30.07554189],[31.27949473,30.07539895],[31.27955228,30.075408],[31.28013811,30.07621494],[31.28015434,30.07634341],[31.28025321,30.07636964],[31.28044061,30.07662204],[31.28044652,30.07679573],[31.28052177,30.07684006],[31.2804657,30.07687172],[31.28065753,30.07713769],[31.28036683,30.07722001],[31.28017647,30.07736385],[31.27973526,30.07741451],[31.27938406,30.0773928],[31.27898563,30.07729238],[31.27793498,30.07686267],[31.27794679,30.07676135],[31.27788628,30.07670888],[31.27769593,30.07676226],[31.27746425,30.07667632]]]},"properties":{"id":"cairo:osm:way:28821197","name":"حديقة عرب المحمدي","nameAddon":null,"objectNumber":"cairo:osm:way:28821197","district":"Kairo","locality":null,"type":"Park","areaM2":49729.2,"areaHa":4.97,"designation":null,"dedicated":null,"builtYear":null,"renovatedYear":null,"planningAreaId":null,"planningAreaName":null,"centroid":[31.27896,30.076341],"bounds":[31.27746,30.07491,31.28066,30.07741],"amenities":{},"sourceId":"parks"}},{"type":"Feature","id":"cairo:osm:way:28848071","geometry":{"type":"Polygon","coordinates":[[[31.27993152,30.07400127],[31.28008646,30.07388095],[31.2802414,30.07387281],[31.28030043,30.07382938],[31.28035355,30.07366202],[31.28132304,30.07449249],[31.28110465,30.07472227],[31.28087297,30.07479284],[31.28077411,30.07470327],[31.28053653,30.07468066],[31.28003334,30.07419124],[31.28007465,30.07416048],[31.27993152,30.07400127]]]},"properties":{"id":"cairo:osm:way:28848071","name":"Unbenannter Park 28848071","nameAddon":null,"objectNumber":"cairo:osm:way:28848071","district":"Kairo","locality":null,"type":"Park","areaM2":8052.6,"areaHa":0.81,"designation":null,"dedicated":null,"builtYear":null,"renovatedYear":null,"planningAreaId":null,"planningAreaName":null,"centroid":[31.280613,30.074282],"bounds":[31.27993,30.07366,31.28132,30.07479],"amenities":{},"sourceId":"parks"}},{"type":"Feature","id":"cairo:osm:way:29222649","geometry":{"type":"Polygon","coordinates":[[[31.3391459,29.84981726],[31.33916213,29.84886828],[31.33922853,29.84886828],[31.33924477,29.84882215],[31.33917836,29.84866293],[31.3392182,29.84778542],[31.34157332,29.84786412],[31.34146708,29.84988059],[31.3391459,29.84981726]]]},"properties":{"id":"cairo:osm:way:29222649","name":"الحديقة اليابانية","nameAddon":null,"objectNumber":"cairo:osm:way:29222649","district":"Kairo","locality":null,"type":"Park","areaM2":50939.7,"areaHa":5.09,"designation":null,"dedicated":null,"builtYear":null,"renovatedYear":null,"planningAreaId":null,"planningAreaName":null,"centroid":[31.340349,29.848835],"bounds":[31.33915,29.84779,31.34157,29.84988],"amenities":{},"sourceId":"parks"}},{"type":"Feature","id":"cairo:osm:way:293719290","geometry":{"type":"Polygon","coordinates":[[[31.37512046,30.06008323],[31.37541412,30.05986973],[31.37576532,30.0602334],[31.37547019,30.0604469],[31.37512046,30.06008323]]]},"properties":{"id":"cairo:osm:way:293719290","name":"Unbenannter Park 293719290","nameAddon":null,"objectNumber":"cairo:osm:way:293719290","district":"Kairo","locality":null,"type":"Park","areaM2":1946.9,"areaHa":0.19,"designation":null,"dedicated":null,"builtYear":null,"renovatedYear":null,"planningAreaId":null,"planningAreaName":null,"centroid":[31.375443,30.060158],"bounds":[31.37512,30.05987,31.37577,30.06045],"amenities":{},"sourceId":"parks"}},{"type":"Feature","id":"cairo:osm:way:29905047","geometry":{"type":"Polygon","coordinates":[[[31.3328464,30.05773566],[31.33314448,30.05557536],[31.33412283,30.05567577],[31.33382475,30.05783608],[31.3328464,30.05773566]]]},"properties":{"id":"cairo:osm:way:29905047","name":"Unbenannter Park 29905047","nameAddon":null,"objectNumber":"cairo:osm:way:29905047","district":"Kairo","locality":null,"type":"Park","areaM2":22911.2,"areaHa":2.29,"designation":null,"dedicated":null,"builtYear":null,"renovatedYear":null,"planningAreaId":null,"planningAreaName":null,"centroid":[31.333485,30.056706],"bounds":[31.33285,30.05558,31.33412,30.05784],"amenities":{},"sourceId":"parks"}},{"type":"Feature","id":"cairo:osm:way:29974325","geometry":{"type":"Polygon","coordinates":[[[31.25679647,30.03069296],[31.25687173,30.02989868],[31.2575402,30.02994663],[31.25741477,30.0306622],[31.25733803,30.03081871],[31.25725982,30.03087389],[31.25706799,30.03090827],[31.25689239,30.03083861],[31.25679647,30.03069296]]]},"properties":{"id":"cairo:osm:way:29974325","name":"Unbenannter Park 29974325","nameAddon":null,"objectNumber":"cairo:osm:way:29974325","district":"Kairo","locality":null,"type":"Park","areaM2":6409.2,"areaHa":0.64,"designation":null,"dedicated":null,"builtYear":null,"renovatedYear":null,"planningAreaId":null,"planningAreaName":null,"centroid":[31.257145,30.030377],"bounds":[31.2568,30.0299,31.25754,30.03091],"amenities":{},"sourceId":"parks"}},{"type":"Feature","id":"cairo:osm:way:302495101","geometry":{"type":"Polygon","coordinates":[[[31.43732744,30.03162656],[31.4373481,30.03124932],[31.43796786,30.03075448],[31.43806231,30.03073005],[31.43814199,30.03079157],[31.43812428,30.0312258],[31.43804607,30.03151529],[31.43790441,30.03161932],[31.43776128,30.0316537],[31.43732744,30.03162656]]]},"properties":{"id":"cairo:osm:way:302495101","name":"Unbenannter Park 302495101","nameAddon":null,"objectNumber":"cairo:osm:way:302495101","district":"Kairo","locality":null,"type":"Park","areaM2":5671.5,"areaHa":0.57,"designation":null,"dedicated":null,"builtYear":null,"renovatedYear":null,"planningAreaId":null,"planningAreaName":null,"centroid":[31.437772,30.031259],"bounds":[31.43733,30.03073,31.43814,30.03165],"amenities":{},"sourceId":"parks"}},{"type":"Feature","id":"cairo:osm:way:302495114","geometry":{"type":"Polygon","coordinates":[[[31.43550355,30.03097069],[31.43555962,30.03083952],[31.43581196,30.03061969],[31.43592706,30.03059345],[31.43614988,30.03074995],[31.43632843,30.03104668],[31.43630777,30.03158947],[31.43621628,30.03163832],[31.43566882,30.03164013],[31.43556405,30.03160847],[31.43550503,30.03150443],[31.43550355,30.03097069]]]},"properties":{"id":"cairo:osm:way:302495114","name":"Unbenannter Park 302495114","nameAddon":null,"objectNumber":"cairo:osm:way:302495114","district":"Kairo","locality":null,"type":"Park","areaM2":7904.2,"areaHa":0.79,"designation":null,"dedicated":null,"builtYear":null,"renovatedYear":null,"planningAreaId":null,"planningAreaName":null,"centroid":[31.435907,30.031176],"bounds":[31.4355,30.03059,31.43633,30.03164],"amenities":{},"sourceId":"parks"}},{"type":"Feature","id":"cairo:osm:way:302498998","geometry":{"type":"Polygon","coordinates":[[[31.44401208,30.03388638],[31.4440593,30.03381039],[31.44644688,30.03377058],[31.44651771,30.03382124],[31.44648967,30.03415415],[31.44634211,30.03430161],[31.44617684,30.03434322],[31.44424375,30.03436403],[31.4440165,30.03433418],[31.44401208,30.03388638]]]},"properties":{"id":"cairo:osm:way:302498998","name":"Unbenannter Park 302498998","nameAddon":null,"objectNumber":"cairo:osm:way:302498998","district":"Kairo","locality":null,"type":"Park","areaM2":14889.2,"areaHa":1.49,"designation":null,"dedicated":null,"builtYear":null,"renovatedYear":null,"planningAreaId":null,"planningAreaName":null,"centroid":[31.445249,30.034068],"bounds":[31.44401,30.03377,31.44652,30.03436],"amenities":{},"sourceId":"parks"}},{"type":"Feature","id":"cairo:osm:way:302499004","geometry":{"type":"Polygon","coordinates":[[[31.44586548,30.03126922],[31.44596287,30.03105935],[31.44618274,30.03102225],[31.44647344,30.03125294],[31.44649115,30.03222272],[31.446379,30.03228062],[31.44594811,30.03229691],[31.44587581,30.03224353],[31.44586548,30.03126922]]]},"properties":{"id":"cairo:osm:way:302499004","name":"Unbenannter Park 302499004","nameAddon":null,"objectNumber":"cairo:osm:way:302499004","district":"Kairo","locality":null,"type":"Park","areaM2":7937,"areaHa":0.79,"designation":null,"dedicated":null,"builtYear":null,"renovatedYear":null,"planningAreaId":null,"planningAreaName":null,"centroid":[31.446171,30.031693],"bounds":[31.44587,30.03102,31.44649,30.0323],"amenities":{},"sourceId":"parks"}},{"type":"Feature","id":"cairo:osm:way:302960099","geometry":{"type":"Polygon","coordinates":[[[31.43552273,30.03423286],[31.43554929,30.03350823],[31.43627236,30.03348833],[31.43634909,30.03359779],[31.43632253,30.03480912],[31.43605396,30.03482269],[31.43571014,30.0346309],[31.43556405,30.03444183],[31.43552273,30.03423286]]]},"properties":{"id":"cairo:osm:way:302960099","name":"Unbenannter Park 302960099","nameAddon":null,"objectNumber":"cairo:osm:way:302960099","district":"Kairo","locality":null,"type":"Park","areaM2":10936.2,"areaHa":1.09,"designation":null,"dedicated":null,"builtYear":null,"renovatedYear":null,"planningAreaId":null,"planningAreaName":null,"centroid":[31.435957,30.03411],"bounds":[31.43552,30.03349,31.43635,30.03482],"amenities":{},"sourceId":"parks"}},{"type":"Feature","id":"cairo:osm:way:302960104","geometry":{"type":"Polygon","coordinates":[[[31.43739679,30.03471684],[31.43740122,30.03358332],[31.43749418,30.03351366],[31.4379295,30.03351004],[31.43807116,30.03356975],[31.43813609,30.03370273],[31.43814051,30.03475846],[31.43805198,30.03482812],[31.4375355,30.03483445],[31.437475,30.03482812],[31.43739679,30.03471684]]]},"properties":{"id":"cairo:osm:way:302960104","name":"Unbenannter Park 302960104","nameAddon":null,"objectNumber":"cairo:osm:way:302960104","district":"Kairo","locality":null,"type":"Park","areaM2":10437.9,"areaHa":1.04,"designation":null,"dedicated":null,"builtYear":null,"renovatedYear":null,"planningAreaId":null,"planningAreaName":null,"centroid":[31.437766,30.034178],"bounds":[31.4374,30.03351,31.43814,30.03483],"amenities":{},"sourceId":"parks"}},{"type":"Feature","id":"cairo:osm:way:302960179","geometry":{"type":"Polygon","coordinates":[[[31.43426992,30.03470327],[31.43429205,30.0345911],[31.43438797,30.0345133],[31.43451782,30.03450063],[31.43463145,30.03455853],[31.43467572,30.03472137],[31.43454586,30.0348453],[31.4343555,30.03482359],[31.43426992,30.03470327]]]},"properties":{"id":"cairo:osm:way:302960179","name":"Unbenannter Park 302960179","nameAddon":null,"objectNumber":"cairo:osm:way:302960179","district":"Kairo","locality":null,"type":"Park","areaM2":1249.6,"areaHa":0.12,"designation":null,"dedicated":null,"builtYear":null,"renovatedYear":null,"planningAreaId":null,"planningAreaName":null,"centroid":[31.434471,30.034673],"bounds":[31.43427,30.0345,31.43468,30.03485],"amenities":{},"sourceId":"parks"}},{"type":"Feature","id":"cairo:osm:way:305733675","geometry":{"type":"Polygon","coordinates":[[[31.23739332,30.09533201],[31.23756154,30.09528677],[31.23807801,30.09560792],[31.23855464,30.09553646],[31.23862105,30.09555998],[31.23866827,30.09571015],[31.23861219,30.09572101],[31.23881878,30.0964004],[31.23866827,30.09662204],[31.23842626,30.09666094],[31.23804702,30.09647187],[31.23739332,30.09533201]]]},"properties":{"id":"cairo:osm:way:305733675","name":"Unbenannter Park 305733675","nameAddon":null,"objectNumber":"cairo:osm:way:305733675","district":"Kairo","locality":null,"type":"Park","areaM2":10722.2,"areaHa":1.07,"designation":null,"dedicated":null,"builtYear":null,"renovatedYear":null,"planningAreaId":null,"planningAreaName":null,"centroid":[31.238205,30.095993],"bounds":[31.23739,30.09529,31.23882,30.09666],"amenities":{},"sourceId":"parks"}},{"type":"Feature","id":"cairo:osm:way:305733676","geometry":{"type":"Polygon","coordinates":[[[31.23855022,30.09672245],[31.23871401,30.09669622],[31.23891765,30.09684096],[31.23893683,30.09691605],[31.23855022,30.09672245]]]},"properties":{"id":"cairo:osm:way:305733676","name":"Unbenannter Park 305733676","nameAddon":null,"objectNumber":"cairo:osm:way:305733676","district":"Kairo","locality":null,"type":"Park","areaM2":294.5,"areaHa":0.03,"designation":null,"dedicated":null,"builtYear":null,"renovatedYear":null,"planningAreaId":null,"planningAreaName":null,"centroid":[31.238762,30.096787],"bounds":[31.23855,30.0967,31.23894,30.09692],"amenities":{},"sourceId":"parks"}},{"type":"Feature","id":"cairo:osm:way:306018346","geometry":{"type":"Polygon","coordinates":[[[31.27720897,30.07156595],[31.27749229,30.07124932],[31.27779627,30.07169712],[31.27720897,30.07156595]]]},"properties":{"id":"cairo:osm:way:306018346","name":"Unbenannter Park 306018346","nameAddon":null,"objectNumber":"cairo:osm:way:306018346","district":"Kairo","locality":null,"type":"Park","areaM2":1197.2,"areaHa":0.12,"designation":null,"dedicated":null,"builtYear":null,"renovatedYear":null,"planningAreaId":null,"planningAreaName":null,"centroid":[31.277499,30.071504],"bounds":[31.27721,30.07125,31.2778,30.0717],"amenities":{},"sourceId":"parks"}},{"type":"Feature","id":"cairo:osm:way:306018347","geometry":{"type":"Polygon","coordinates":[[[31.27670135,30.07150715],[31.27742736,30.07125656],[31.27702599,30.07158404],[31.27670135,30.07150715]]]},"properties":{"id":"cairo:osm:way:306018347","name":"Unbenannter Park 306018347","nameAddon":null,"objectNumber":"cairo:osm:way:306018347","district":"Kairo","locality":null,"type":"Park","areaM2":732.4,"areaHa":0.07,"designation":null,"dedicated":null,"builtYear":null,"renovatedYear":null,"planningAreaId":null,"planningAreaName":null,"centroid":[31.277052,30.071449],"bounds":[31.2767,30.07126,31.27743,30.07158],"amenities":{},"sourceId":"parks"}},{"type":"Feature","id":"cairo:osm:way:30629891","geometry":{"type":"Polygon","coordinates":[[[31.36474378,30.12546499],[31.36486183,30.12515289],[31.36538273,30.12530125],[31.36526468,30.12561245],[31.36474378,30.12546499]]]},"properties":{"id":"cairo:osm:way:30629891","name":"Unbenannter Park 30629891","nameAddon":null,"objectNumber":"cairo:osm:way:30629891","district":"Kairo","locality":null,"type":"Park","areaM2":1920.7,"areaHa":0.19,"designation":null,"dedicated":null,"builtYear":null,"renovatedYear":null,"planningAreaId":null,"planningAreaName":null,"centroid":[31.365063,30.125383],"bounds":[31.36474,30.12515,31.36538,30.12561],"amenities":{},"sourceId":"parks"}},{"type":"Feature","id":"cairo:osm:way:30629892","geometry":{"type":"Polygon","coordinates":[[[31.36720072,30.12607834],[31.36729959,30.12580966],[31.36784852,30.12595983],[31.36774966,30.12622942],[31.36720072,30.12607834]]]},"properties":{"id":"cairo:osm:way:30629892","name":"Unbenannter Park 30629892","nameAddon":null,"objectNumber":"cairo:osm:way:30629892","district":"Kairo","locality":null,"type":"Park","areaM2":1740,"areaHa":0.17,"designation":null,"dedicated":null,"builtYear":null,"renovatedYear":null,"planningAreaId":null,"planningAreaName":null,"centroid":[31.367525,30.126019],"bounds":[31.3672,30.12581,31.36785,30.12623],"amenities":{},"sourceId":"parks"}},{"type":"Feature","id":"cairo:osm:way:30629893","geometry":{"type":"Polygon","coordinates":[[[31.36915299,30.12671069],[31.36926956,30.12639316],[31.36979784,30.1265379],[31.36968126,30.12685544],[31.36915299,30.12671069]]]},"properties":{"id":"cairo:osm:way:30629893","name":"Unbenannter Park 30629893","nameAddon":null,"objectNumber":"cairo:osm:way:30629893","district":"Kairo","locality":null,"type":"Park","areaM2":1973.7,"areaHa":0.2,"designation":null,"dedicated":null,"builtYear":null,"renovatedYear":null,"planningAreaId":null,"planningAreaName":null,"centroid":[31.369475,30.126624],"bounds":[31.36915,30.12639,31.3698,30.12686],"amenities":{},"sourceId":"parks"}},{"type":"Feature","id":"cairo:osm:way:30925727","geometry":{"type":"Polygon","coordinates":[[[31.23541301,30.04433237],[31.23554287,30.04417225],[31.23575979,30.04411616],[31.23587193,30.04413606],[31.23596933,30.04418762],[31.23608443,30.04435589],[31.23605639,30.04454768],[31.23598999,30.04462819],[31.2357893,30.04471323],[31.23567567,30.04470961],[31.23556943,30.04467433],[31.23542334,30.04452687],[31.23541301,30.04433237]]]},"properties":{"id":"cairo:osm:way:30925727","name":"ميدان التحرير","nameAddon":null,"objectNumber":"cairo:osm:way:30925727","district":"Kairo","locality":null,"type":"Park","areaM2":3423.8,"areaHa":0.34,"designation":null,"dedicated":null,"builtYear":null,"renovatedYear":null,"planningAreaId":null,"planningAreaName":null,"centroid":[31.235746,30.044417],"bounds":[31.23541,30.04412,31.23608,30.04471],"amenities":{},"sourceId":"parks"}},{"type":"Feature","id":"cairo:osm:way:326932261","geometry":{"type":"Polygon","coordinates":[[[31.36809053,30.11958205],[31.36827498,30.11881581],[31.36906002,30.11927809],[31.36859667,30.11972589],[31.36809053,30.11958205]]]},"properties":{"id":"cairo:osm:way:326932261","name":"Sindbad Park","nameAddon":null,"objectNumber":"cairo:osm:way:326932261","district":"Kairo","locality":null,"type":"Park","areaM2":5230,"areaHa":0.52,"designation":null,"dedicated":null,"builtYear":null,"renovatedYear":null,"planningAreaId":null,"planningAreaName":null,"centroid":[31.368507,30.119316],"bounds":[31.36809,30.11882,31.36906,30.11973],"amenities":{},"sourceId":"parks"}},{"type":"Feature","id":"cairo:osm:way:369245426","geometry":{"type":"Polygon","coordinates":[[[31.48224584,30.06923648],[31.48236094,30.06914872],[31.48241997,30.06920934],[31.48294529,30.06882215],[31.48287889,30.06874344],[31.48298219,30.06867831],[31.48369197,30.06953953],[31.48370967,30.06961733],[31.48338651,30.06989054],[31.48323009,30.06993577],[31.48287889,30.06988059],[31.48276379,30.06974941],[31.48224584,30.06923648]]]},"properties":{"id":"cairo:osm:way:369245426","name":"Unbenannter Park 369245426","nameAddon":null,"objectNumber":"cairo:osm:way:369245426","district":"Kairo","locality":null,"type":"Park","areaM2":10123.3,"areaHa":1.01,"designation":null,"dedicated":null,"builtYear":null,"renovatedYear":null,"planningAreaId":null,"planningAreaName":null,"centroid":[31.483026,30.069395],"bounds":[31.48225,30.06868,31.48371,30.06994],"amenities":{},"sourceId":"parks"}},{"type":"Feature","id":"cairo:osm:way:378107588","geometry":{"type":"Polygon","coordinates":[[[31.48020208,30.06870906],[31.48022717,30.06859327],[31.48036588,30.06856161],[31.48045737,30.06859598],[31.48058427,30.06877872],[31.48050164,30.06881762],[31.48026111,30.06876696],[31.48020208,30.06870906]]]},"properties":{"id":"cairo:osm:way:378107588","name":"Unbenannter Park 378107588","nameAddon":null,"objectNumber":"cairo:osm:way:378107588","district":"Kairo","locality":null,"type":"Park","areaM2":727.5,"areaHa":0.07,"designation":null,"dedicated":null,"builtYear":null,"renovatedYear":null,"planningAreaId":null,"planningAreaName":null,"centroid":[31.48038,30.068693],"bounds":[31.4802,30.06856,31.48058,30.06882],"amenities":{},"sourceId":"parks"}},{"type":"Feature","id":"cairo:osm:way:378107667","geometry":{"type":"Polygon","coordinates":[[[31.48090154,30.06763977],[31.4817338,30.06747512],[31.48194481,30.06778723],[31.48194481,30.0678406],[31.48186808,30.06790302],[31.48184594,30.06787136],[31.48131029,30.06837525],[31.481055,30.06813461],[31.48090301,30.06786684],[31.48096646,30.06784874],[31.48090154,30.06763977]]]},"properties":{"id":"cairo:osm:way:378107667","name":"Unbenannter Park 378107667","nameAddon":null,"objectNumber":"cairo:osm:way:378107667","district":"Kairo","locality":null,"type":"Park","areaM2":5840.7,"areaHa":0.58,"designation":null,"dedicated":null,"builtYear":null,"renovatedYear":null,"planningAreaId":null,"planningAreaName":null,"centroid":[31.481395,30.067863],"bounds":[31.4809,30.06748,31.48194,30.06838],"amenities":{},"sourceId":"parks"}},{"type":"Feature","id":"cairo:osm:way:378890190","geometry":{"type":"Polygon","coordinates":[[[31.37070093,30.03889995],[31.37108017,30.03841143],[31.37128086,30.038444],[31.37119527,30.03896418],[31.37078799,30.0389108],[31.37070093,30.03889995]]]},"properties":{"id":"cairo:osm:way:378890190","name":"حديقة الواحة","nameAddon":null,"objectNumber":"cairo:osm:way:378890190","district":"Kairo","locality":null,"type":"Park","areaM2":2022.1,"areaHa":0.2,"designation":null,"dedicated":null,"builtYear":null,"renovatedYear":null,"planningAreaId":null,"planningAreaName":null,"centroid":[31.371048,30.038715],"bounds":[31.3707,30.03841,31.37128,30.03896],"amenities":{},"sourceId":"parks"}},{"type":"Feature","id":"cairo:osm:way:378890950","geometry":{"type":"Polygon","coordinates":[[[31.37625523,30.03896508],[31.37664185,30.03899403],[31.37668316,30.03949611],[31.3763054,30.03946083],[31.37625523,30.03896508]]]},"properties":{"id":"cairo:osm:way:378890950","name":"Unbenannter Park 378890950","nameAddon":null,"objectNumber":"cairo:osm:way:378890950","district":"Kairo","locality":null,"type":"Park","areaM2":2024.7,"areaHa":0.2,"designation":null,"dedicated":null,"builtYear":null,"renovatedYear":null,"planningAreaId":null,"planningAreaName":null,"centroid":[31.376472,30.039228],"bounds":[31.37626,30.03897,31.37668,30.0395],"amenities":{},"sourceId":"parks"}},{"type":"Feature","id":"cairo:osm:way:379325719","geometry":{"type":"Polygon","coordinates":[[[31.48062707,30.06949521],[31.48106091,30.06973132],[31.48109484,30.06985797],[31.48101959,30.06984802],[31.48099598,30.06978469],[31.48086907,30.06971232],[31.48069052,30.06973041],[31.48068019,30.06985616],[31.48063002,30.06983083],[31.48062707,30.06949521]]]},"properties":{"id":"cairo:osm:way:379325719","name":"Unbenannter Park 379325719","nameAddon":null,"objectNumber":"cairo:osm:way:379325719","district":"Kairo","locality":null,"type":"Park","areaM2":838.7,"areaHa":0.08,"designation":null,"dedicated":null,"builtYear":null,"renovatedYear":null,"planningAreaId":null,"planningAreaName":null,"centroid":[31.480804,30.069686],"bounds":[31.48063,30.0695,31.48109,30.06986],"amenities":{},"sourceId":"parks"}},{"type":"Feature","id":"cairo:osm:way:379325720","geometry":{"type":"Polygon","coordinates":[[[31.4808189,30.06946807],[31.48097089,30.06909445],[31.48109632,30.06907002],[31.48111993,30.06916139],[31.48100483,30.06919938],[31.48094581,30.06949701],[31.4808189,30.06946807]]]},"properties":{"id":"cairo:osm:way:379325720","name":"Unbenannter Park 379325720","nameAddon":null,"objectNumber":"cairo:osm:way:379325720","district":"Kairo","locality":null,"type":"Park","areaM2":549.4,"areaHa":0.05,"designation":null,"dedicated":null,"builtYear":null,"renovatedYear":null,"planningAreaId":null,"planningAreaName":null,"centroid":[31.480959,30.069277],"bounds":[31.48082,30.06907,31.48112,30.0695],"amenities":{},"sourceId":"parks"}},{"type":"Feature","id":"cairo:osm:way:379325721","geometry":{"type":"Polygon","coordinates":[[[31.4811583,30.06907454],[31.48123651,30.06899493],[31.48135751,30.06898498],[31.48152721,30.06906097],[31.48147408,30.06922381],[31.4811642,30.06920934],[31.4811583,30.06907454]]]},"properties":{"id":"cairo:osm:way:379325721","name":"Unbenannter Park 379325721","nameAddon":null,"objectNumber":"cairo:osm:way:379325721","district":"Kairo","locality":null,"type":"Park","areaM2":770.9,"areaHa":0.08,"designation":null,"dedicated":null,"builtYear":null,"renovatedYear":null,"planningAreaId":null,"planningAreaName":null,"centroid":[31.481334,30.069111],"bounds":[31.48116,30.06898,31.48153,30.06922],"amenities":{},"sourceId":"parks"}},{"type":"Feature","id":"cairo:osm:way:379325722","geometry":{"type":"Polygon","coordinates":[[[31.4815582,30.06920119],[31.48159804,30.06901393],[31.48171461,30.06906097],[31.481964,30.06932785],[31.48174117,30.06944093],[31.4817515,30.0692989],[31.48163198,30.06925185],[31.4815582,30.06920119]]]},"properties":{"id":"cairo:osm:way:379325722","name":"Unbenannter Park 379325722","nameAddon":null,"objectNumber":"cairo:osm:way:379325722","district":"Kairo","locality":null,"type":"Park","areaM2":798.6,"areaHa":0.08,"designation":null,"dedicated":null,"builtYear":null,"renovatedYear":null,"planningAreaId":null,"planningAreaName":null,"centroid":[31.481741,30.069222],"bounds":[31.48156,30.06901,31.48196,30.06944],"amenities":{},"sourceId":"parks"}},{"type":"Feature","id":"cairo:osm:way:379325723","geometry":{"type":"Polygon","coordinates":[[[31.48052525,30.06884838],[31.48071561,30.06895151],[31.48061821,30.06922562],[31.48054148,30.06920572],[31.48060346,30.06902298],[31.48053263,30.06899041],[31.48052525,30.06884838]]]},"properties":{"id":"cairo:osm:way:379325723","name":"Unbenannter Park 379325723","nameAddon":null,"objectNumber":"cairo:osm:way:379325723","district":"Kairo","locality":null,"type":"Park","areaM2":390.6,"areaHa":0.04,"designation":null,"dedicated":null,"builtYear":null,"renovatedYear":null,"planningAreaId":null,"planningAreaName":null,"centroid":[31.480611,30.069026],"bounds":[31.48053,30.06885,31.48072,30.06923],"amenities":{},"sourceId":"parks"}},{"type":"Feature","id":"cairo:osm:way:379326307","geometry":{"type":"Polygon","coordinates":[[[31.47500636,30.07008051],[31.47512737,30.07013389],[31.47512884,30.07029944],[31.47507572,30.07031844],[31.47500636,30.07008051]]]},"properties":{"id":"cairo:osm:way:379326307","name":"Unbenannter Park 379326307","nameAddon":null,"objectNumber":"cairo:osm:way:379326307","district":"Kairo","locality":null,"type":"Park","areaM2":158.1,"areaHa":0.02,"designation":null,"dedicated":null,"builtYear":null,"renovatedYear":null,"planningAreaId":null,"planningAreaName":null,"centroid":[31.47508,30.070197],"bounds":[31.47501,30.07008,31.47513,30.07032],"amenities":{},"sourceId":"parks"}},{"type":"Feature","id":"cairo:osm:way:379326310","geometry":{"type":"Polygon","coordinates":[[[31.47526755,30.07005157],[31.47541364,30.06994029],[31.47574713,30.07014022],[31.47596848,30.07018364],[31.47632854,30.07017641],[31.4764156,30.07024245],[31.47625328,30.07040076],[31.47617212,30.07032658],[31.47581649,30.07061426],[31.4756704,30.07047856],[31.47540921,30.07008594],[31.47526755,30.07005157]]]},"properties":{"id":"cairo:osm:way:379326310","name":"Unbenannter Park 379326310","nameAddon":null,"objectNumber":"cairo:osm:way:379326310","district":"Kairo","locality":null,"type":"Park","areaM2":2884.4,"areaHa":0.29,"designation":null,"dedicated":null,"builtYear":null,"renovatedYear":null,"planningAreaId":null,"planningAreaName":null,"centroid":[31.475833,30.070275],"bounds":[31.47527,30.06994,31.47642,30.07061],"amenities":{},"sourceId":"parks"}},{"type":"Feature","id":"cairo:osm:way:379326606","geometry":{"type":"Polygon","coordinates":[[[31.47935507,30.07161932],[31.47946427,30.07151348],[31.47954838,30.07150534],[31.47989663,30.07156233],[31.48025226,30.0717704],[31.48046475,30.07200199],[31.48059903,30.07226162],[31.48061084,30.07252307],[31.48052377,30.07263072],[31.48038064,30.07263434],[31.48019323,30.07250317],[31.48009141,30.07241994],[31.48002648,30.07219468],[31.47973283,30.07209969],[31.47946574,30.07182016],[31.47935507,30.0716926],[31.47935507,30.07161932]]]},"properties":{"id":"cairo:osm:way:379326606","name":"Unbenannter Park 379326606","nameAddon":null,"objectNumber":"cairo:osm:way:379326606","district":"Kairo","locality":null,"type":"Park","areaM2":7490.7,"areaHa":0.75,"designation":null,"dedicated":null,"builtYear":null,"renovatedYear":null,"planningAreaId":null,"planningAreaName":null,"centroid":[31.480049,30.072018],"bounds":[31.47936,30.07151,31.48061,30.07263],"amenities":{},"sourceId":"parks"}},{"type":"Feature","id":"cairo:osm:way:379327432","geometry":{"type":"Polygon","coordinates":[[[31.47928276,30.07094445],[31.47962954,30.07084223],[31.47951739,30.07101592],[31.47932998,30.07103673],[31.47928276,30.07094445]]]},"properties":{"id":"cairo:osm:way:379327432","name":"Unbenannter Park 379327432","nameAddon":null,"objectNumber":"cairo:osm:way:379327432","district":"Kairo","locality":null,"type":"Park","areaM2":385.9,"areaHa":0.04,"designation":null,"dedicated":null,"builtYear":null,"renovatedYear":null,"planningAreaId":null,"planningAreaName":null,"centroid":[31.479449,30.070952],"bounds":[31.47928,30.07084,31.47963,30.07104],"amenities":{},"sourceId":"parks"}},{"type":"Feature","id":"cairo:osm:way:379327433","geometry":{"type":"Polygon","coordinates":[[[31.47956608,30.07100326],[31.47970775,30.07081599],[31.47993057,30.07080785],[31.48012092,30.07089741],[31.48010027,30.07101864],[31.48005009,30.07104216],[31.4796561,30.07099421],[31.47956608,30.07100326]]]},"properties":{"id":"cairo:osm:way:379327433","name":"Unbenannter Park 379327433","nameAddon":null,"objectNumber":"cairo:osm:way:379327433","district":"Kairo","locality":null,"type":"Park","areaM2":1065.1,"areaHa":0.11,"designation":null,"dedicated":null,"builtYear":null,"renovatedYear":null,"planningAreaId":null,"planningAreaName":null,"centroid":[31.479869,30.070926],"bounds":[31.47957,30.07081,31.48012,30.07104],"amenities":{},"sourceId":"parks"}},{"type":"Feature","id":"cairo:osm:way:379327434","geometry":{"type":"Polygon","coordinates":[[[31.48016372,30.07096798],[31.48025963,30.07081509],[31.48083366,30.07079881],[31.48083661,30.07087299],[31.48070675,30.07095712],[31.48034817,30.07106477],[31.48021979,30.07104306],[31.48016372,30.07096798]]]},"properties":{"id":"cairo:osm:way:379327434","name":"Unbenannter Park 379327434","nameAddon":null,"objectNumber":"cairo:osm:way:379327434","district":"Kairo","locality":null,"type":"Park","areaM2":1328.9,"areaHa":0.13,"designation":null,"dedicated":null,"builtYear":null,"renovatedYear":null,"planningAreaId":null,"planningAreaName":null,"centroid":[31.480477,30.070914],"bounds":[31.48016,30.0708,31.48084,30.07106],"amenities":{},"sourceId":"parks"}},{"type":"Feature","id":"cairo:osm:way:379327435","geometry":{"type":"Polygon","coordinates":[[[31.48034227,30.07116971],[31.48073922,30.07101954],[31.48082775,30.0714791],[31.48077463,30.0714981],[31.48065806,30.07136421],[31.48049721,30.07129094],[31.48034227,30.07116971]]]},"properties":{"id":"cairo:osm:way:379327435","name":"Unbenannter Park 379327435","nameAddon":null,"objectNumber":"cairo:osm:way:379327435","district":"Kairo","locality":null,"type":"Park","areaM2":1236,"areaHa":0.12,"designation":null,"dedicated":null,"builtYear":null,"renovatedYear":null,"planningAreaId":null,"planningAreaName":null,"centroid":[31.480637,30.071233],"bounds":[31.48034,30.07102,31.48083,30.0715],"amenities":{},"sourceId":"parks"}},{"type":"Feature","id":"cairo:osm:way:379327436","geometry":{"type":"Polygon","coordinates":[[[31.4809222,30.07090013],[31.48095023,30.07080876],[31.48123503,30.07077438],[31.48124684,30.07086756],[31.48105943,30.07089108],[31.48101959,30.07093812],[31.4809222,30.07090013]]]},"properties":{"id":"cairo:osm:way:379327436","name":"Unbenannter Park 379327436","nameAddon":null,"objectNumber":"cairo:osm:way:379327436","district":"Kairo","locality":null,"type":"Park","areaM2":380.2,"areaHa":0.04,"designation":null,"dedicated":null,"builtYear":null,"renovatedYear":null,"planningAreaId":null,"planningAreaName":null,"centroid":[31.481081,30.070847],"bounds":[31.48092,30.07077,31.48125,30.07094],"amenities":{},"sourceId":"parks"}},{"type":"Feature","id":"cairo:osm:way:379327437","geometry":{"type":"Polygon","coordinates":[[[31.48088383,30.07028225],[31.48107419,30.07020897],[31.48099598,30.0706025],[31.4810373,30.07063959],[31.48099598,30.07077167],[31.48090301,30.07079066],[31.48088383,30.07028225]]]},"properties":{"id":"cairo:osm:way:379327437","name":"Unbenannter Park 379327437","nameAddon":null,"objectNumber":"cairo:osm:way:379327437","district":"Kairo","locality":null,"type":"Park","areaM2":745.5,"areaHa":0.07,"designation":null,"dedicated":null,"builtYear":null,"renovatedYear":null,"planningAreaId":null,"planningAreaName":null,"centroid":[31.480963,30.070488],"bounds":[31.48088,30.07021,31.48107,30.07079],"amenities":{},"sourceId":"parks"}},{"type":"Feature","id":"cairo:osm:way:379327438","geometry":{"type":"Polygon","coordinates":[[[31.48104172,30.07076352],[31.48109337,30.07063778],[31.4812852,30.07067849],[31.48140473,30.07043695],[31.48147851,30.0707201],[31.48132947,30.07070472],[31.48111698,30.07074995],[31.48104172,30.07076352]]]},"properties":{"id":"cairo:osm:way:379327438","name":"Unbenannter Park 379327438","nameAddon":null,"objectNumber":"cairo:osm:way:379327438","district":"Kairo","locality":null,"type":"Park","areaM2":527.8,"areaHa":0.05,"designation":null,"dedicated":null,"builtYear":null,"renovatedYear":null,"planningAreaId":null,"planningAreaName":null,"centroid":[31.481297,30.07065],"bounds":[31.48104,30.07044,31.48148,30.07076],"amenities":{},"sourceId":"parks"}},{"type":"Feature","id":"cairo:osm:way:379327439","geometry":{"type":"Polygon","coordinates":[[[31.48126602,30.07077528],[31.48132062,30.07074634],[31.48149032,30.07074905],[31.48151835,30.07080333],[31.481449,30.07085218],[31.4812911,30.07083228],[31.48126602,30.07077528]]]},"properties":{"id":"cairo:osm:way:379327439","name":"Unbenannter Park 379327439","nameAddon":null,"objectNumber":"cairo:osm:way:379327439","district":"Kairo","locality":null,"type":"Park","areaM2":232.2,"areaHa":0.02,"designation":null,"dedicated":null,"builtYear":null,"renovatedYear":null,"planningAreaId":null,"planningAreaName":null,"centroid":[31.481393,30.070795],"bounds":[31.48127,30.07075,31.48152,30.07085],"amenities":{},"sourceId":"parks"}},{"type":"Feature","id":"cairo:osm:way:379327440","geometry":{"type":"Polygon","coordinates":[[[31.48154639,30.07074453],[31.48175298,30.07074362],[31.4818002,30.07078885],[31.48174117,30.07085218],[31.48157885,30.07083952],[31.48154639,30.07074453]]]},"properties":{"id":"cairo:osm:way:379327440","name":"Unbenannter Park 379327440","nameAddon":null,"objectNumber":"cairo:osm:way:379327440","district":"Kairo","locality":null,"type":"Park","areaM2":272.1,"areaHa":0.03,"designation":null,"dedicated":null,"builtYear":null,"renovatedYear":null,"planningAreaId":null,"planningAreaName":null,"centroid":[31.481671,30.070793],"bounds":[31.48155,30.07074,31.4818,30.07085],"amenities":{},"sourceId":"parks"}},{"type":"Feature","id":"cairo:osm:way:379327441","geometry":{"type":"Polygon","coordinates":[[[31.48153606,30.07031301],[31.48174855,30.07022888],[31.48173527,30.07036186],[31.48199498,30.07054189],[31.48207614,30.07045594],[31.48216173,30.07058079],[31.48212336,30.0706224],[31.48197875,30.07059345],[31.4818607,30.07062421],[31.48178102,30.07071467],[31.48159804,30.07071558],[31.48177364,30.07066944],[31.48166739,30.07036005],[31.48153901,30.07036729],[31.48153606,30.07031301]]]},"properties":{"id":"cairo:osm:way:379327441","name":"Unbenannter Park 379327441","nameAddon":null,"objectNumber":"cairo:osm:way:379327441","district":"Kairo","locality":null,"type":"Park","areaM2":973.1,"areaHa":0.1,"designation":null,"dedicated":null,"builtYear":null,"renovatedYear":null,"planningAreaId":null,"planningAreaName":null,"centroid":[31.481827,30.070494],"bounds":[31.48154,30.07023,31.48216,30.07072],"amenities":{},"sourceId":"parks"}},{"type":"Feature","id":"cairo:osm:way:379327442","geometry":{"type":"Polygon","coordinates":[[[31.4817397,30.07003619],[31.48177069,30.06991677],[31.48185923,30.06991768],[31.48213074,30.07003347],[31.48237865,30.06976117],[31.48270772,30.07006242],[31.48271509,30.07025511],[31.48265312,30.07041252],[31.48248932,30.07060702],[31.48229454,30.07074],[31.48211894,30.07061969],[31.48218239,30.07053646],[31.48207467,30.07044961],[31.48207467,30.07036729],[31.48219567,30.07024697],[31.48191973,30.07006152],[31.4818002,30.07018183],[31.48175445,30.07014384],[31.48183561,30.07005337],[31.4817397,30.07003619]]]},"properties":{"id":"cairo:osm:way:379327442","name":"Unbenannter Park 379327442","nameAddon":null,"objectNumber":"cairo:osm:way:379327442","district":"Kairo","locality":null,"type":"Park","areaM2":5020.7,"areaHa":0.5,"designation":null,"dedicated":null,"builtYear":null,"renovatedYear":null,"planningAreaId":null,"planningAreaName":null,"centroid":[31.482329,30.07023],"bounds":[31.48174,30.06976,31.48272,30.07074],"amenities":{},"sourceId":"parks"}},{"type":"Feature","id":"cairo:osm:way:379328406","geometry":{"type":"Polygon","coordinates":[[[31.48288037,30.07018093],[31.48294382,30.0700968],[31.48305302,30.07006423],[31.48316221,30.0700968],[31.48323009,30.07023069],[31.48318435,30.07032296],[31.4830235,30.07037091],[31.48288922,30.07028044],[31.48288037,30.07018093]]]},"properties":{"id":"cairo:osm:way:379328406","name":"Unbenannter Park 379328406","nameAddon":null,"objectNumber":"cairo:osm:way:379328406","district":"Kairo","locality":null,"type":"Park","areaM2":905.4,"areaHa":0.09,"designation":null,"dedicated":null,"builtYear":null,"renovatedYear":null,"planningAreaId":null,"planningAreaName":null,"centroid":[31.483051,30.070216],"bounds":[31.48288,30.07006,31.48323,30.07037],"amenities":{},"sourceId":"parks"}},{"type":"Feature","id":"cairo:osm:way:379328558","geometry":{"type":"Polygon","coordinates":[[[31.4812247,30.07003528],[31.48122765,30.06979736],[31.4812852,30.06971865],[31.48138702,30.06971413],[31.48156705,30.06979555],[31.48158771,30.0700009],[31.48143867,30.07009227],[31.48130291,30.0700977],[31.4812247,30.07003528]]]},"properties":{"id":"cairo:osm:way:379328558","name":"Unbenannter Park 379328558","nameAddon":null,"objectNumber":"cairo:osm:way:379328558","district":"Kairo","locality":null,"type":"Park","areaM2":1306.9,"areaHa":0.13,"designation":null,"dedicated":null,"builtYear":null,"renovatedYear":null,"planningAreaId":null,"planningAreaName":null,"centroid":[31.481393,30.069909],"bounds":[31.48122,30.06971,31.48159,30.0701],"amenities":{},"sourceId":"parks"}},{"type":"Feature","id":"cairo:osm:way:379329156","geometry":{"type":"Polygon","coordinates":[[[31.47978595,30.0693378],[31.48039097,30.06944364],[31.48048983,30.06948978],[31.480298,30.0694943],[31.48029505,30.06945359],[31.47983465,30.06945269],[31.47979038,30.06949159],[31.47978891,30.06937398],[31.47978595,30.0693378]]]},"properties":{"id":"cairo:osm:way:379329156","name":"Unbenannter Park 379329156","nameAddon":null,"objectNumber":"cairo:osm:way:379329156","district":"Kairo","locality":null,"type":"Park","areaM2":435.9,"areaHa":0.04,"designation":null,"dedicated":null,"builtYear":null,"renovatedYear":null,"planningAreaId":null,"planningAreaName":null,"centroid":[31.480053,30.069424],"bounds":[31.47979,30.06934,31.48049,30.06949],"amenities":{},"sourceId":"parks"}},{"type":"Feature","id":"cairo:osm:way:379331987","geometry":{"type":"Polygon","coordinates":[[[31.48197285,30.06761353],[31.48331125,30.06762891],[31.48408891,30.06747693],[31.48480312,30.06751221],[31.48479722,30.06746246],[31.48531812,30.06742265],[31.48534911,30.06744979],[31.48511891,30.06760991],[31.48442979,30.06800434],[31.484992,30.06865569],[31.48467769,30.06883933],[31.48401513,30.06797358],[31.48409482,30.06792745],[31.48392659,30.06770762],[31.48360048,30.06787317],[31.48351341,30.06777908],[31.48281987,30.06814185],[31.48299842,30.0683843],[31.48296743,30.06842048],[31.48263246,30.06810204],[31.48221781,30.06779899],[31.48217944,30.06783789],[31.48205253,30.06769767],[31.48197285,30.06761353]]]},"properties":{"id":"cairo:osm:way:379331987","name":"Unbenannter Park 379331987","nameAddon":null,"objectNumber":"cairo:osm:way:379331987","district":"Kairo","locality":null,"type":"Park","areaM2":15204.1,"areaHa":1.52,"designation":null,"dedicated":null,"builtYear":null,"renovatedYear":null,"planningAreaId":null,"planningAreaName":null,"centroid":[31.483821,30.067896],"bounds":[31.48197,30.06742,31.48535,30.06884],"amenities":{},"sourceId":"parks"}},{"type":"Feature","id":"cairo:osm:way:379331988","geometry":{"type":"Polygon","coordinates":[[[31.48538452,30.06740004],[31.48551438,30.06716121],[31.48553061,30.06622671],[31.48571802,30.06622037],[31.48574163,30.06690157],[31.48626991,30.06692238],[31.48637468,30.06672607],[31.48665947,30.06666998],[31.48665947,30.06618509],[31.4868454,30.06617062],[31.48687049,30.06661299],[31.48760831,30.06671883],[31.4878267,30.06670527],[31.48779276,30.06700561],[31.48750354,30.06683101],[31.48723497,30.06677492],[31.48679671,30.06673964],[31.48643223,30.06685906],[31.48626991,30.06703456],[31.48616366,30.06744889],[31.48621236,30.06763163],[31.48635844,30.0678216],[31.48622121,30.06792021],[31.48576671,30.06733671],[31.48570916,30.06730867],[31.48547454,30.06748417],[31.48538452,30.06740004]]]},"properties":{"id":"cairo:osm:way:379331988","name":"Unbenannter Park 379331988","nameAddon":null,"objectNumber":"cairo:osm:way:379331988","district":"Kairo","locality":null,"type":"Park","areaM2":9922.7,"areaHa":0.99,"designation":null,"dedicated":null,"builtYear":null,"renovatedYear":null,"planningAreaId":null,"planningAreaName":null,"centroid":[31.486234,30.066961],"bounds":[31.48538,30.06617,31.48783,30.06792],"amenities":{},"sourceId":"parks"}},{"type":"Feature","id":"cairo:osm:way:379331990","geometry":{"type":"Polygon","coordinates":[[[31.48791819,30.06693957],[31.48797427,30.06679663],[31.48809379,30.06678306],[31.48814692,30.06681201],[31.48818823,30.06691062],[31.48812478,30.06700018],[31.48800526,30.06701285],[31.48791819,30.06693957]]]},"properties":{"id":"cairo:osm:way:379331990","name":"Unbenannter Park 379331990","nameAddon":null,"objectNumber":"cairo:osm:way:379331990","district":"Kairo","locality":null,"type":"Park","areaM2":550.4,"areaHa":0.06,"designation":null,"dedicated":null,"builtYear":null,"renovatedYear":null,"planningAreaId":null,"planningAreaName":null,"centroid":[31.488054,30.066899],"bounds":[31.48792,30.06678,31.48819,30.06701],"amenities":{},"sourceId":"parks"}},{"type":"Feature","id":"cairo:osm:way:379333317","geometry":{"type":"Polygon","coordinates":[[[31.48477656,30.06719649],[31.48480312,30.06703546],[31.48519859,30.06703818],[31.48518384,30.06622761],[31.48525467,30.06624208],[31.48529156,30.06718654],[31.48477656,30.06719649]]]},"properties":{"id":"cairo:osm:way:379333317","name":"Unbenannter Park 379333317","nameAddon":null,"objectNumber":"cairo:osm:way:379333317","district":"Kairo","locality":null,"type":"Park","areaM2":1495.3,"areaHa":0.15,"designation":null,"dedicated":null,"builtYear":null,"renovatedYear":null,"planningAreaId":null,"planningAreaName":null,"centroid":[31.485124,30.066906],"bounds":[31.48478,30.06623,31.48529,30.0672],"amenities":{},"sourceId":"parks"}},{"type":"Feature","id":"cairo:osm:way:379333711","geometry":{"type":"Polygon","coordinates":[[[31.48360638,30.06713407],[31.4839989,30.06713226],[31.48407416,30.06720192],[31.48430436,30.06720192],[31.48429403,30.06624028],[31.48456259,30.06623123],[31.48460539,30.06728062],[31.48477656,30.06730414],[31.48477656,30.06741089],[31.48363884,30.06730867],[31.48360638,30.06713407]]]},"properties":{"id":"cairo:osm:way:379333711","name":"Unbenannter Park 379333711","nameAddon":null,"objectNumber":"cairo:osm:way:379333711","district":"Kairo","locality":null,"type":"Park","areaM2":4990.1,"areaHa":0.5,"designation":null,"dedicated":null,"builtYear":null,"renovatedYear":null,"planningAreaId":null,"planningAreaName":null,"centroid":[31.484327,30.066952],"bounds":[31.48361,30.06623,31.48478,30.06741],"amenities":{},"sourceId":"parks"}},{"type":"Feature","id":"cairo:osm:way:379333971","geometry":{"type":"Polygon","coordinates":[[[31.48247161,30.06709065],[31.48255573,30.06710512],[31.48255425,30.06716754],[31.4827874,30.06717568],[31.48277707,30.06711145],[31.48294087,30.06709879],[31.48294234,30.06718382],[31.48315188,30.06718202],[31.48314008,30.06619776],[31.48340274,30.06621042],[31.48342635,30.06725077],[31.48360343,30.06725439],[31.48362261,30.0673548],[31.48248637,30.06730686],[31.48247161,30.06709065]]]},"properties":{"id":"cairo:osm:way:379333971","name":"Unbenannter Park 379333971","nameAddon":null,"objectNumber":"cairo:osm:way:379333971","district":"Kairo","locality":null,"type":"Park","areaM2":4668.5,"areaHa":0.47,"designation":null,"dedicated":null,"builtYear":null,"renovatedYear":null,"planningAreaId":null,"planningAreaName":null,"centroid":[31.483168,30.066917],"bounds":[31.48247,30.0662,31.48362,30.06735],"amenities":{},"sourceId":"parks"}},{"type":"Feature","id":"cairo:osm:way:38561104","geometry":{"type":"Polygon","coordinates":[[[31.32430689,30.12327031],[31.32531918,30.12294373],[31.32558479,30.12352994],[31.32562021,30.1237751],[31.32477024,30.12406459],[31.32447806,30.12344853],[31.32438362,30.1234042],[31.32430689,30.12327031]]]},"properties":{"id":"cairo:osm:way:38561104","name":"Unbenannter Park 38561104","nameAddon":null,"objectNumber":"cairo:osm:way:38561104","district":"Kairo","locality":null,"type":"Park","areaM2":9345,"areaHa":0.93,"designation":null,"dedicated":null,"builtYear":null,"renovatedYear":null,"planningAreaId":null,"planningAreaName":null,"centroid":[31.325022,30.123497],"bounds":[31.32431,30.12294,31.32562,30.12406],"amenities":{},"sourceId":"parks"}},{"type":"Feature","id":"cairo:osm:way:39017132","geometry":{"type":"Polygon","coordinates":[[[31.37116133,30.1266917],[31.37137382,30.12613986],[31.37177519,30.12625565],[31.37156418,30.12680659],[31.37116133,30.1266917]]]},"properties":{"id":"cairo:osm:way:39017132","name":"Unbenannter Park 39017132","nameAddon":null,"objectNumber":"cairo:osm:way:39017132","district":"Kairo","locality":null,"type":"Park","areaM2":2627.3,"areaHa":0.26,"designation":null,"dedicated":null,"builtYear":null,"renovatedYear":null,"planningAreaId":null,"planningAreaName":null,"centroid":[31.371469,30.126474],"bounds":[31.37116,30.12614,31.37178,30.12681],"amenities":{},"sourceId":"parks"}},{"type":"Feature","id":"cairo:osm:way:395248093","geometry":{"type":"Polygon","coordinates":[[[31.28386409,30.07431066],[31.28433925,30.07393342],[31.28468012,30.07381491],[31.28484392,30.07399584],[31.28419463,30.07458567],[31.28386409,30.07431066]]]},"properties":{"id":"cairo:osm:way:395248093","name":"حديقة البانسيه","nameAddon":null,"objectNumber":"cairo:osm:way:395248093","district":"Kairo","locality":null,"type":"Park","areaM2":3629.1,"areaHa":0.36,"designation":null,"dedicated":null,"builtYear":null,"renovatedYear":null,"planningAreaId":null,"planningAreaName":null,"centroid":[31.284355,30.07418],"bounds":[31.28386,30.07381,31.28484,30.07459],"amenities":{},"sourceId":"parks"}},{"type":"Feature","id":"cairo:osm:way:404466776","geometry":{"type":"Polygon","coordinates":[[[31.40930066,30.01443459],[31.409401,30.01434865],[31.41066857,30.01434232],[31.41073055,30.01438303],[31.41076744,30.01491949],[31.41071432,30.01499005],[31.41063316,30.01501357],[31.40956037,30.01499638],[31.4094556,30.01496834],[31.40931098,30.01483445],[31.40930066,30.01443459]]]},"properties":{"id":"cairo:osm:way:404466776","name":"Unbenannter Park 404466776","nameAddon":null,"objectNumber":"cairo:osm:way:404466776","district":"Kairo","locality":null,"type":"Park","areaM2":10026,"areaHa":1,"designation":null,"dedicated":null,"builtYear":null,"renovatedYear":null,"planningAreaId":null,"planningAreaName":null,"centroid":[31.410044,30.014672],"bounds":[31.4093,30.01434,31.41077,30.01501],"amenities":{},"sourceId":"parks"}},{"type":"Feature","id":"cairo:osm:way:413315986","geometry":{"type":"Polygon","coordinates":[[[31.26632024,30.0959734],[31.26651502,30.09566944],[31.2677457,30.10073277],[31.26756863,30.1007979],[31.26632024,30.0959734]]]},"properties":{"id":"cairo:osm:way:413315986","name":"حديقة الشهداء","nameAddon":null,"objectNumber":"cairo:osm:way:413315986","district":"Kairo","locality":null,"type":"Park","areaM2":12262.5,"areaHa":1.23,"designation":null,"dedicated":null,"builtYear":null,"renovatedYear":null,"planningAreaId":null,"planningAreaName":null,"centroid":[31.267003,30.098155],"bounds":[31.26632,30.09567,31.26775,30.1008],"amenities":{},"sourceId":"parks"}},{"type":"Feature","id":"cairo:osm:way:41415058","geometry":{"type":"Polygon","coordinates":[[[31.22718191,30.04580423],[31.22720256,30.0452922],[31.22721585,30.04475936],[31.22726159,30.04475846],[31.22720699,30.04391352],[31.22729701,30.04377691],[31.227449,30.04374344],[31.22757443,30.0437932],[31.22764083,30.04389723],[31.22774117,30.0457011],[31.22767772,30.0457011],[31.2276792,30.04575719],[31.22774265,30.04575629],[31.22774412,30.04580242],[31.22718191,30.04580423]]]},"properties":{"id":"cairo:osm:way:41415058","name":"حديقة الأندلس","nameAddon":null,"objectNumber":"cairo:osm:way:41415058","district":"Kairo","locality":null,"type":"Park","areaM2":10432.7,"areaHa":1.04,"designation":null,"dedicated":null,"builtYear":null,"renovatedYear":null,"planningAreaId":null,"planningAreaName":null,"centroid":[31.227453,30.044848],"bounds":[31.22718,30.04374,31.22774,30.0458],"amenities":{},"sourceId":"parks"}},{"type":"Feature","id":"cairo:osm:way:455460862","geometry":{"type":"Polygon","coordinates":[[[31.32206392,30.06859146],[31.32214951,30.06801429],[31.3229375,30.06822146],[31.3228342,30.06887371],[31.3220831,30.06878777],[31.32206392,30.06859146]]]},"properties":{"id":"cairo:osm:way:455460862","name":"Unbenannter Park 455460862","nameAddon":null,"objectNumber":"cairo:osm:way:455460862","district":"Kairo","locality":null,"type":"Park","areaM2":6187.1,"areaHa":0.62,"designation":null,"dedicated":null,"builtYear":null,"renovatedYear":null,"planningAreaId":null,"planningAreaName":null,"centroid":[31.322482,30.068468],"bounds":[31.32206,30.06801,31.32294,30.06887],"amenities":{},"sourceId":"parks"}},{"type":"Feature","id":"cairo:osm:way:455460864","geometry":{"type":"Polygon","coordinates":[[[31.32070633,30.06862222],[31.32090407,30.06809662],[31.32098966,30.06800706],[31.32123018,30.06788855],[31.32214951,30.06801429],[31.32206392,30.06889995],[31.32192226,30.068833],[31.32097785,30.06867559],[31.32070633,30.06862222]]]},"properties":{"id":"cairo:osm:way:455460864","name":"Unbenannter Park 455460864","nameAddon":null,"objectNumber":"cairo:osm:way:455460864","district":"Kairo","locality":null,"type":"Park","areaM2":10910.6,"areaHa":1.09,"designation":null,"dedicated":null,"builtYear":null,"renovatedYear":null,"planningAreaId":null,"planningAreaName":null,"centroid":[31.321493,30.068363],"bounds":[31.32071,30.06789,31.32215,30.0689],"amenities":{},"sourceId":"parks"}},{"type":"Feature","id":"cairo:osm:way:455468457","geometry":{"type":"Polygon","coordinates":[[[31.32419769,30.06762077],[31.3242272,30.06750769],[31.32451348,30.06758187],[31.32461825,30.06768681],[31.32463891,30.06814728],[31.32455627,30.06802063],[31.32419769,30.06762077]]]},"properties":{"id":"cairo:osm:way:455468457","name":"Unbenannter Park 455468457","nameAddon":null,"objectNumber":"cairo:osm:way:455468457","district":"Kairo","locality":null,"type":"Park","areaM2":1423.5,"areaHa":0.14,"designation":null,"dedicated":null,"builtYear":null,"renovatedYear":null,"planningAreaId":null,"planningAreaName":null,"centroid":[31.324456,30.067751],"bounds":[31.3242,30.06751,31.32464,30.06815],"amenities":{},"sourceId":"parks"}},{"type":"Feature","id":"cairo:osm:way:455468470","geometry":{"type":"Polygon","coordinates":[[[31.32284896,30.0673729],[31.32358973,30.06806676],[31.32344807,30.06812737],[31.3232828,30.06803962],[31.32287257,30.06763163],[31.32284896,30.0673729]]]},"properties":{"id":"cairo:osm:way:455468470","name":"Unbenannter Park 455468470","nameAddon":null,"objectNumber":"cairo:osm:way:455468470","district":"Kairo","locality":null,"type":"Park","areaM2":1807.7,"areaHa":0.18,"designation":null,"dedicated":null,"builtYear":null,"renovatedYear":null,"planningAreaId":null,"planningAreaName":null,"centroid":[31.323181,30.0678],"bounds":[31.32285,30.06737,31.32359,30.06813],"amenities":{},"sourceId":"parks"}},{"type":"Feature","id":"cairo:osm:way:455468474","geometry":{"type":"Polygon","coordinates":[[[31.32357202,30.06931699],[31.32361924,30.06896689],[31.3241062,30.06905645],[31.3240944,30.06913968],[31.32375648,30.06911887],[31.32372696,30.06933508],[31.32357202,30.06931699]]]},"properties":{"id":"cairo:osm:way:455468474","name":"Unbenannter Park 455468474","nameAddon":null,"objectNumber":"cairo:osm:way:455468474","district":"Kairo","locality":null,"type":"Park","areaM2":956.8,"areaHa":0.1,"designation":null,"dedicated":null,"builtYear":null,"renovatedYear":null,"planningAreaId":null,"planningAreaName":null,"centroid":[31.323771,30.069123],"bounds":[31.32357,30.06897,31.32411,30.06934],"amenities":{},"sourceId":"parks"}},{"type":"Feature","id":"cairo:osm:way:455473138","geometry":{"type":"Polygon","coordinates":[[[31.32213623,30.06749322],[31.32226018,30.067315],[31.32274419,30.0677619],[31.32240184,30.06779718],[31.32234281,30.06773114],[31.32213623,30.06749322]]]},"properties":{"id":"cairo:osm:way:455473138","name":"Unbenannter Park 455473138","nameAddon":null,"objectNumber":"cairo:osm:way:455473138","district":"Kairo","locality":null,"type":"Park","areaM2":1364.1,"areaHa":0.14,"designation":null,"dedicated":null,"builtYear":null,"renovatedYear":null,"planningAreaId":null,"planningAreaName":null,"centroid":[31.322401,30.067595],"bounds":[31.32214,30.06732,31.32274,30.0678],"amenities":{},"sourceId":"parks"}},{"type":"Feature","id":"cairo:osm:way:455473141","geometry":{"type":"Polygon","coordinates":[[[31.32140431,30.06741994],[31.32155187,30.06726524],[31.32211409,30.06782703],[31.32184995,30.06797358],[31.3216832,30.06777456],[31.32140431,30.06741994]]]},"properties":{"id":"cairo:osm:way:455473141","name":"Unbenannter Park 455473141","nameAddon":null,"objectNumber":"cairo:osm:way:455473141","district":"Kairo","locality":null,"type":"Park","areaM2":2161.5,"areaHa":0.22,"designation":null,"dedicated":null,"builtYear":null,"renovatedYear":null,"planningAreaId":null,"planningAreaName":null,"centroid":[31.321744,30.067636],"bounds":[31.3214,30.06727,31.32211,30.06797],"amenities":{},"sourceId":"parks"}},{"type":"Feature","id":"cairo:osm:way:455482099","geometry":{"type":"Polygon","coordinates":[[[31.32076979,30.06812014],[31.3209085,30.06767686],[31.32079782,30.06764791],[31.32081553,30.06751131],[31.32094539,30.06753212],[31.32097637,30.06740275],[31.32121395,30.06755473],[31.3214958,30.06789217],[31.32123018,30.06788855],[31.32098966,30.06800706],[31.32088341,30.06815904],[31.32076979,30.06812014]]]},"properties":{"id":"cairo:osm:way:455482099","name":"Unbenannter Park 455482099","nameAddon":null,"objectNumber":"cairo:osm:way:455482099","district":"Kairo","locality":null,"type":"Park","areaM2":2679.7,"areaHa":0.27,"designation":null,"dedicated":null,"builtYear":null,"renovatedYear":null,"planningAreaId":null,"planningAreaName":null,"centroid":[31.321061,30.067768],"bounds":[31.32077,30.0674,31.3215,30.06816],"amenities":{},"sourceId":"parks"}},{"type":"Feature","id":"cairo:osm:way:455482104","geometry":{"type":"Polygon","coordinates":[[[31.31949336,30.06963362],[31.3195819,30.06942012],[31.32020757,30.06967794],[31.3203935,30.06914149],[31.32130249,30.0693188],[31.32113869,30.06990592],[31.31949336,30.06963362]]]},"properties":{"id":"cairo:osm:way:455482104","name":"Unbenannter Park 455482104","nameAddon":null,"objectNumber":"cairo:osm:way:455482104","district":"Kairo","locality":null,"type":"Park","areaM2":7453.2,"areaHa":0.75,"designation":null,"dedicated":null,"builtYear":null,"renovatedYear":null,"planningAreaId":null,"planningAreaName":null,"centroid":[31.320609,30.069541],"bounds":[31.31949,30.06914,31.3213,30.06991],"amenities":{},"sourceId":"parks"}},{"type":"Feature","id":"cairo:osm:way:455482116","geometry":{"type":"Polygon","coordinates":[[[31.32264532,30.06999367],[31.32290798,30.06982631],[31.32320754,30.0701755],[31.32316327,30.07037724],[31.32298029,30.07033653],[31.32300833,30.0702144],[31.32280912,30.07018003],[31.32264532,30.06999367]]]},"properties":{"id":"cairo:osm:way:455482116","name":"Unbenannter Park 455482116","nameAddon":null,"objectNumber":"cairo:osm:way:455482116","district":"Kairo","locality":null,"type":"Park","areaM2":1580,"areaHa":0.16,"designation":null,"dedicated":null,"builtYear":null,"renovatedYear":null,"planningAreaId":null,"planningAreaName":null,"centroid":[31.322954,30.070097],"bounds":[31.32265,30.06983,31.32321,30.07038],"amenities":{},"sourceId":"parks"}},{"type":"Feature","id":"cairo:osm:way:465856716","geometry":{"type":"Polygon","coordinates":[[[31.32753558,30.05171703],[31.32772151,30.05086756],[31.32863788,30.05099783],[31.32847704,30.05183915],[31.32753558,30.05171703]]]},"properties":{"id":"cairo:osm:way:465856716","name":"Unbenannter Park 465856716","nameAddon":null,"objectNumber":"cairo:osm:way:465856716","district":"Kairo","locality":null,"type":"Park","areaM2":8625.6,"areaHa":0.86,"designation":null,"dedicated":null,"builtYear":null,"renovatedYear":null,"planningAreaId":null,"planningAreaName":null,"centroid":[31.328092,30.051357],"bounds":[31.32754,30.05087,31.32864,30.05184],"amenities":{},"sourceId":"parks"}},{"type":"Feature","id":"cairo:osm:way:465863332","geometry":{"type":"Polygon","coordinates":[[[31.32970034,30.04552922],[31.32977855,30.04504976],[31.33027879,30.04511127],[31.33020058,30.04558983],[31.32970034,30.04552922]]]},"properties":{"id":"cairo:osm:way:465863332","name":"Unbenannter Park 465863332","nameAddon":null,"objectNumber":"cairo:osm:way:465863332","district":"Kairo","locality":null,"type":"Park","areaM2":2615.2,"areaHa":0.26,"designation":null,"dedicated":null,"builtYear":null,"renovatedYear":null,"planningAreaId":null,"planningAreaName":null,"centroid":[31.329989,30.04532],"bounds":[31.3297,30.04505,31.33028,30.04559],"amenities":{},"sourceId":"parks"}},{"type":"Feature","id":"cairo:osm:way:468839156","geometry":{"type":"Polygon","coordinates":[[[31.35236466,30.06584494],[31.35250337,30.06472046],[31.35352451,30.06481455],[31.3533858,30.06593903],[31.35236466,30.06584494]]]},"properties":{"id":"cairo:osm:way:468839156","name":"حديقة الورد","nameAddon":null,"objectNumber":"cairo:osm:way:468839156","district":"Kairo","locality":null,"type":"Park","areaM2":12413.7,"areaHa":1.24,"designation":null,"dedicated":null,"builtYear":null,"renovatedYear":null,"planningAreaId":null,"planningAreaName":null,"centroid":[31.352945,30.06533],"bounds":[31.35236,30.06472,31.35352,30.06594],"amenities":{},"sourceId":"parks"}},{"type":"Feature","id":"cairo:osm:way:468900254","geometry":{"type":"Polygon","coordinates":[[[31.35026778,30.06649177],[31.3503696,30.06578705],[31.35073998,30.06583047],[31.35061603,30.06653248],[31.35026778,30.06649177]]]},"properties":{"id":"cairo:osm:way:468900254","name":"Unbenannter Park 468900254","nameAddon":null,"objectNumber":"cairo:osm:way:468900254","district":"Kairo","locality":null,"type":"Park","areaM2":2884.7,"areaHa":0.29,"designation":null,"dedicated":null,"builtYear":null,"renovatedYear":null,"planningAreaId":null,"planningAreaName":null,"centroid":[31.350499,30.066157],"bounds":[31.35027,30.06579,31.35074,30.06653],"amenities":{},"sourceId":"parks"}},{"type":"Feature","id":"cairo:osm:way:497855270","geometry":{"type":"Polygon","coordinates":[[[31.49405389,30.04833363],[31.49439624,30.04821965],[31.49466038,30.04889361],[31.49464415,30.04892889],[31.49461611,30.0489099],[31.49405389,30.04833363]]]},"properties":{"id":"cairo:osm:way:497855270","name":"Unbenannter Park 497855270","nameAddon":null,"objectNumber":"cairo:osm:way:497855270","district":"Kairo","locality":null,"type":"Park","areaM2":1599.7,"areaHa":0.16,"designation":null,"dedicated":null,"builtYear":null,"renovatedYear":null,"planningAreaId":null,"planningAreaName":null,"centroid":[31.49438,30.048511],"bounds":[31.49405,30.04822,31.49466,30.04893],"amenities":{},"sourceId":"parks"}},{"type":"Feature","id":"cairo:osm:way:497855280","geometry":{"type":"Polygon","coordinates":[[[31.49591467,30.04858694],[31.49608732,30.04853537],[31.49625112,30.04893885],[31.4960888,30.04897865],[31.49591467,30.04858694]]]},"properties":{"id":"cairo:osm:way:497855280","name":"Unbenannter Park 497855280","nameAddon":null,"objectNumber":"cairo:osm:way:497855280","district":"Kairo","locality":null,"type":"Park","areaM2":793.8,"areaHa":0.08,"designation":null,"dedicated":null,"builtYear":null,"renovatedYear":null,"planningAreaId":null,"planningAreaName":null,"centroid":[31.496085,30.048757],"bounds":[31.49591,30.04854,31.49625,30.04898],"amenities":{},"sourceId":"parks"}},{"type":"Feature","id":"cairo:osm:way:497856619","geometry":{"type":"Polygon","coordinates":[[[31.49540558,30.04732224],[31.49554724,30.04727067],[31.49569628,30.04767053],[31.49558708,30.0477049],[31.49540558,30.04732224]]]},"properties":{"id":"cairo:osm:way:497856619","name":"Unbenannter Park 497856619","nameAddon":null,"objectNumber":"cairo:osm:way:497856619","district":"Kairo","locality":null,"type":"Park","areaM2":600.8,"areaHa":0.06,"designation":null,"dedicated":null,"builtYear":null,"renovatedYear":null,"planningAreaId":null,"planningAreaName":null,"centroid":[31.495555,30.047483],"bounds":[31.49541,30.04727,31.4957,30.0477],"amenities":{},"sourceId":"parks"}},{"type":"Feature","id":"cairo:osm:way:497856620","geometry":{"type":"Polygon","coordinates":[[[31.49489501,30.04658495],[31.49511193,30.04652162],[31.49524473,30.04685815],[31.49502929,30.04692148],[31.49489501,30.04658495]]]},"properties":{"id":"cairo:osm:way:497856620","name":"Unbenannter Park 497856620","nameAddon":null,"objectNumber":"cairo:osm:way:497856620","district":"Kairo","locality":null,"type":"Park","areaM2":866.5,"areaHa":0.09,"designation":null,"dedicated":null,"builtYear":null,"renovatedYear":null,"planningAreaId":null,"planningAreaName":null,"centroid":[31.49507,30.046721],"bounds":[31.4949,30.04652,31.49524,30.04692],"amenities":{},"sourceId":"parks"}},{"type":"Feature","id":"cairo:osm:way:497882939","geometry":{"type":"Polygon","coordinates":[[[31.49618324,30.04949521],[31.49634408,30.04939388],[31.49634408,30.04947711],[31.49631605,30.04949701],[31.49618324,30.04949521]]]},"properties":{"id":"cairo:osm:way:497882939","name":"Unbenannter Park 497882939","nameAddon":null,"objectNumber":"cairo:osm:way:497882939","district":"Kairo","locality":null,"type":"Park","areaM2":85.5,"areaHa":0.01,"designation":null,"dedicated":null,"builtYear":null,"renovatedYear":null,"planningAreaId":null,"planningAreaName":null,"centroid":[31.496289,30.049461],"bounds":[31.49618,30.04939,31.49634,30.0495],"amenities":{},"sourceId":"parks"}},{"type":"Feature","id":"cairo:osm:way:51163736","geometry":{"type":"Polygon","coordinates":[[[31.32935947,29.84290664],[31.32940226,29.84163108],[31.33171902,29.8417713],[31.33164376,29.84278542],[31.33115089,29.84276642],[31.33115089,29.84298082],[31.32935947,29.84290664]]]},"properties":{"id":"cairo:osm:way:51163736","name":"الست خضرة","nameAddon":null,"objectNumber":"cairo:osm:way:51163736","district":"Kairo","locality":null,"type":"Park","areaM2":29726.8,"areaHa":2.97,"designation":null,"dedicated":null,"builtYear":null,"renovatedYear":null,"planningAreaId":null,"planningAreaName":null,"centroid":[31.330488,29.842304],"bounds":[31.32936,29.84163,31.33172,29.84298],"amenities":{},"sourceId":"parks"}},{"type":"Feature","id":"cairo:osm:way:51163737","geometry":{"type":"Polygon","coordinates":[[[31.33442386,29.84212231],[31.33465996,29.84119142],[31.33496837,29.84106387],[31.33548337,29.84107291],[31.33544057,29.84213407],[31.33442386,29.84212231]]]},"properties":{"id":"cairo:osm:way:51163737","name":"Unbenannter Park 51163737","nameAddon":null,"objectNumber":"cairo:osm:way:51163737","district":"Kairo","locality":null,"type":"Park","areaM2":10100.9,"areaHa":1.01,"designation":null,"dedicated":null,"builtYear":null,"renovatedYear":null,"planningAreaId":null,"planningAreaName":null,"centroid":[31.335011,29.841629],"bounds":[31.33442,29.84106,31.33548,29.84213],"amenities":{},"sourceId":"parks"}},{"type":"Feature","id":"cairo:osm:way:52129306","geometry":{"type":"Polygon","coordinates":[[[31.32451053,30.10835716],[31.32452676,30.1082106],[31.32516866,30.10756468],[31.32679776,30.10885019],[31.32600387,30.10958929],[31.32451053,30.10835716]]]},"properties":{"id":"cairo:osm:way:52129306","name":"6th of October Park","nameAddon":null,"objectNumber":"cairo:osm:way:52129306","district":"Kairo","locality":null,"type":"Park","areaM2":22990.8,"areaHa":2.3,"designation":null,"dedicated":null,"builtYear":null,"renovatedYear":null,"planningAreaId":null,"planningAreaName":null,"centroid":[31.325612,30.10858],"bounds":[31.32451,30.10756,31.3268,30.10959],"amenities":{},"sourceId":"parks"}},{"type":"Feature","id":"cairo:osm:way:547522376","geometry":{"type":"Polygon","coordinates":[[[31.49421179,30.06344672],[31.49536278,30.06343043],[31.49535983,30.06447078],[31.49422212,30.06446354],[31.49421179,30.06344672]]]},"properties":{"id":"cairo:osm:way:547522376","name":"Unbenannter Park 547522376","nameAddon":null,"objectNumber":"cairo:osm:way:547522376","district":"Kairo","locality":null,"type":"Park","areaM2":12577,"areaHa":1.26,"designation":null,"dedicated":null,"builtYear":null,"renovatedYear":null,"planningAreaId":null,"planningAreaName":null,"centroid":[31.494791,30.063952],"bounds":[31.49421,30.06343,31.49536,30.06447],"amenities":{},"sourceId":"parks"}},{"type":"Feature","id":"cairo:osm:way:551903231","geometry":{"type":"Polygon","coordinates":[[[31.40720673,30.06368735],[31.40736167,30.06274199],[31.40769811,30.06243622],[31.40784715,30.06137778],[31.4078383,30.06130722],[31.40758449,30.06099783],[31.40768483,30.0602343],[31.40787814,30.0601176],[31.40822049,30.06014746],[31.40820721,30.06021983],[31.40836067,30.06023611],[31.40837248,30.06017007],[31.4085348,30.06020626],[31.40867794,30.06033834],[31.40872368,30.06052289],[31.40862186,30.06099692],[31.40823672,30.06126922],[31.408129,30.06141035],[31.40797553,30.06243984],[31.4082987,30.0627827],[31.40833559,30.0629772],[31.40820426,30.06380586],[31.40806112,30.06395242],[31.40786781,30.06402569],[31.40765679,30.06403202],[31.40745906,30.06397051],[31.40730264,30.06384929],[31.40720673,30.06368735]]]},"properties":{"id":"cairo:osm:way:551903231","name":"Unbenannter Park 551903231","nameAddon":null,"objectNumber":"cairo:osm:way:551903231","district":"Kairo","locality":null,"type":"Park","areaM2":29542,"areaHa":2.95,"designation":null,"dedicated":null,"builtYear":null,"renovatedYear":null,"planningAreaId":null,"planningAreaName":null,"centroid":[31.407931,30.062118],"bounds":[31.40721,30.06012,31.40872,30.06403],"amenities":{},"sourceId":"parks"}},{"type":"Feature","id":"cairo:osm:way:589721137","geometry":{"type":"Polygon","coordinates":[[[31.32593009,30.08186901],[31.3263536,30.08151529],[31.3264141,30.08163018],[31.32603781,30.08193414],[31.32593009,30.08186901]]]},"properties":{"id":"cairo:osm:way:589721137","name":"Unbenannter Park 589721137","nameAddon":null,"objectNumber":"cairo:osm:way:589721137","district":"Kairo","locality":null,"type":"Park","areaM2":679.9,"areaHa":0.07,"designation":null,"dedicated":null,"builtYear":null,"renovatedYear":null,"planningAreaId":null,"planningAreaName":null,"centroid":[31.326185,30.081734],"bounds":[31.32593,30.08152,31.32641,30.08193],"amenities":{},"sourceId":"parks"}},{"type":"Feature","id":"cairo:osm:way:604405888","geometry":{"type":"Polygon","coordinates":[[[31.31258738,30.02458567],[31.31301679,30.02400489],[31.31343734,30.02413063],[31.31297252,30.02473765],[31.31271133,30.02463],[31.31258738,30.02458567]]]},"properties":{"id":"cairo:osm:way:604405888","name":"Unbenannter Park 604405888","nameAddon":null,"objectNumber":"cairo:osm:way:604405888","district":"Kairo","locality":null,"type":"Park","areaM2":3160.5,"areaHa":0.32,"designation":null,"dedicated":null,"builtYear":null,"renovatedYear":null,"planningAreaId":null,"planningAreaName":null,"centroid":[31.313007,30.024363],"bounds":[31.31259,30.024,31.31344,30.02474],"amenities":{},"sourceId":"parks"}},{"type":"Feature","id":"cairo:osm:way:604405895","geometry":{"type":"Polygon","coordinates":[[[31.31225978,30.0250398],[31.31251507,30.02466257],[31.31290464,30.02481364],[31.31264197,30.02518003],[31.31235865,30.02508594],[31.31225978,30.0250398]]]},"properties":{"id":"cairo:osm:way:604405895","name":"Unbenannter Park 604405895","nameAddon":null,"objectNumber":"cairo:osm:way:604405895","district":"Kairo","locality":null,"type":"Park","areaM2":2004.5,"areaHa":0.2,"designation":null,"dedicated":null,"builtYear":null,"renovatedYear":null,"planningAreaId":null,"planningAreaName":null,"centroid":[31.312579,30.024925],"bounds":[31.31226,30.02466,31.3129,30.02518],"amenities":{},"sourceId":"parks"}},{"type":"Feature","id":"cairo:osm:way:627847143","geometry":{"type":"Polygon","coordinates":[[[31.36951009,30.05845667],[31.36954255,30.05823412],[31.37026857,30.05831011],[31.37023758,30.05853356],[31.36951009,30.05845667]]]},"properties":{"id":"cairo:osm:way:627847143","name":"حديقة مصر التعمير","nameAddon":null,"objectNumber":"cairo:osm:way:627847143","district":"Kairo","locality":null,"type":"Park","areaM2":1757.7,"areaHa":0.18,"designation":null,"dedicated":null,"builtYear":null,"renovatedYear":null,"planningAreaId":null,"planningAreaName":null,"centroid":[31.36989,30.058384],"bounds":[31.36951,30.05823,31.37027,30.05853],"amenities":{},"sourceId":"parks"}},{"type":"Feature","id":"cairo:osm:way:64503830","geometry":{"type":"Polygon","coordinates":[[[31.75264608,30.2708567],[31.7543652,30.26624299],[31.75451128,30.26621856],[31.75813545,30.26867288],[31.75823727,30.26892075],[31.75822546,30.26910711],[31.75763964,30.27039895],[31.75721465,30.27028496],[31.75627615,30.27290664],[31.75672622,30.2730342],[31.75665539,30.27324136],[31.75264608,30.2708567]]]},"properties":{"id":"cairo:osm:way:64503830","name":"Unbenannter Park 64503830","nameAddon":null,"objectNumber":"cairo:osm:way:64503830","district":"Kairo","locality":null,"type":"Park","areaM2":224916.1,"areaHa":22.49,"designation":null,"dedicated":null,"builtYear":null,"renovatedYear":null,"planningAreaId":null,"planningAreaName":null,"centroid":[31.755382,30.269624],"bounds":[31.75265,30.26622,31.75824,30.27324],"amenities":{},"sourceId":"parks"}},{"type":"Feature","id":"cairo:osm:way:64506082","geometry":{"type":"Polygon","coordinates":[[[31.75118815,30.26998914],[31.75213994,30.26623937],[31.75312714,30.26685091],[31.75190531,30.27041523],[31.75118815,30.26998914]]]},"properties":{"id":"cairo:osm:way:64506082","name":"Unbenannter Park 64506082","nameAddon":null,"objectNumber":"cairo:osm:way:64506082","district":"Kairo","locality":null,"type":"Park","areaM2":39128.8,"areaHa":3.91,"designation":null,"dedicated":null,"builtYear":null,"renovatedYear":null,"planningAreaId":null,"planningAreaName":null,"centroid":[31.752119,30.268275],"bounds":[31.75119,30.26624,31.75313,30.27042],"amenities":{},"sourceId":"parks"}},{"type":"Feature","id":"cairo:osm:way:652869451","geometry":{"type":"Polygon","coordinates":[[[31.4092977,30.01247874],[31.40941871,30.01238828],[31.4106302,30.01236475],[31.41077039,30.01242084],[31.41075121,30.01259544],[31.41060659,30.01265967],[31.40938919,30.01267415],[31.40933312,30.01266238],[31.4092977,30.01258097],[31.4092977,30.01247874]]]},"properties":{"id":"cairo:osm:way:652869451","name":"Unbenannter Park 652869451","nameAddon":null,"objectNumber":"cairo:osm:way:652869451","district":"Kairo","locality":null,"type":"Park","areaM2":4507.7,"areaHa":0.45,"designation":null,"dedicated":null,"builtYear":null,"renovatedYear":null,"planningAreaId":null,"planningAreaName":null,"centroid":[31.410032,30.012522],"bounds":[31.4093,30.01236,31.41077,30.01267],"amenities":{},"sourceId":"parks"}},{"type":"Feature","id":"cairo:osm:way:652869452","geometry":{"type":"Polygon","coordinates":[[[31.41270495,30.01242084],[31.41279349,30.01236295],[31.41326274,30.01236475],[31.41341031,30.01242084],[31.41340145,30.01253031],[31.413217,30.01262529],[31.41277135,30.01265786],[31.41271823,30.01263434],[31.41270495,30.01242084]]]},"properties":{"id":"cairo:osm:way:652869452","name":"Unbenannter Park 652869452","nameAddon":null,"objectNumber":"cairo:osm:way:652869452","district":"Kairo","locality":null,"type":"Park","areaM2":1946.1,"areaHa":0.19,"designation":null,"dedicated":null,"builtYear":null,"renovatedYear":null,"planningAreaId":null,"planningAreaName":null,"centroid":[31.413033,30.0125],"bounds":[31.4127,30.01236,31.41341,30.01266],"amenities":{},"sourceId":"parks"}},{"type":"Feature","id":"cairo:osm:way:652869453","geometry":{"type":"Polygon","coordinates":[[[31.41436504,30.01421205],[31.41441521,30.01412068],[31.41447719,30.01411435],[31.41456868,30.01416048],[31.41500547,30.01485073],[31.41495677,30.01497829],[31.41487414,30.01500362],[31.41444768,30.01500362],[31.41437537,30.01490411],[31.41436504,30.01421205]]]},"properties":{"id":"cairo:osm:way:652869453","name":"Unbenannter Park 652869453","nameAddon":null,"objectNumber":"cairo:osm:way:652869453","district":"Kairo","locality":null,"type":"Park","areaM2":4144.1,"areaHa":0.41,"designation":null,"dedicated":null,"builtYear":null,"renovatedYear":null,"planningAreaId":null,"planningAreaName":null,"centroid":[31.414616,30.014642],"bounds":[31.41437,30.01411,31.41501,30.015],"amenities":{},"sourceId":"parks"}},{"type":"Feature","id":"cairo:osm:way:652869454","geometry":{"type":"Polygon","coordinates":[[[31.41264297,30.01444635],[31.412702,30.01434956],[31.41317568,30.01434594],[31.41322142,30.01442464],[31.41323323,30.0149213],[31.41312698,30.01498281],[31.41274922,30.01499638],[31.41268872,30.01498191],[31.4126474,30.01489597],[31.41264297,30.01444635]]]},"properties":{"id":"cairo:osm:way:652869454","name":"Unbenannter Park 652869454","nameAddon":null,"objectNumber":"cairo:osm:way:652869454","district":"Kairo","locality":null,"type":"Park","areaM2":3969.6,"areaHa":0.4,"designation":null,"dedicated":null,"builtYear":null,"renovatedYear":null,"planningAreaId":null,"planningAreaName":null,"centroid":[31.412936,30.014668],"bounds":[31.41264,30.01435,31.41323,30.015],"amenities":{},"sourceId":"parks"}},{"type":"Feature","id":"cairo:osm:way:653192491","geometry":{"type":"Polygon","coordinates":[[[31.41419534,30.0125484],[31.41442259,30.01242808],[31.41452884,30.01258911],[31.41453622,30.01270219],[31.41448457,30.01275375],[31.41443882,30.01269224],[31.41432815,30.01274923],[31.41419534,30.0125484]]]},"properties":{"id":"cairo:osm:way:653192491","name":"Unbenannter Park 653192491","nameAddon":null,"objectNumber":"cairo:osm:way:653192491","district":"Kairo","locality":null,"type":"Park","areaM2":705.6,"areaHa":0.07,"designation":null,"dedicated":null,"builtYear":null,"renovatedYear":null,"planningAreaId":null,"planningAreaName":null,"centroid":[31.414384,30.012598],"bounds":[31.4142,30.01243,31.41454,30.01275],"amenities":{},"sourceId":"parks"}},{"type":"Feature","id":"cairo:osm:way:660210936","geometry":{"type":"Polygon","coordinates":[[[31.64045484,30.11965714],[31.64123102,30.11974308],[31.64118971,30.11990863],[31.64110264,30.12000814],[31.64098164,30.12005699],[31.64066585,30.12004342],[31.6405301,30.11997196],[31.64046517,30.11987516],[31.64045484,30.11965714]]]},"properties":{"id":"cairo:osm:way:660210936","name":"Hay el Yasmin Park","nameAddon":null,"objectNumber":"cairo:osm:way:660210936","district":"Kairo","locality":null,"type":"Park","areaM2":2550.1,"areaHa":0.26,"designation":null,"dedicated":null,"builtYear":null,"renovatedYear":null,"planningAreaId":null,"planningAreaName":null,"centroid":[31.640821,30.119858],"bounds":[31.64045,30.11966,31.64123,30.12006],"amenities":{},"sourceId":"parks"}},{"type":"Feature","id":"cairo:osm:way:660210937","geometry":{"type":"Polygon","coordinates":[[[31.63941599,30.11918762],[31.6394514,30.1191243],[31.64000034,30.11925095],[31.6401848,30.11940745],[31.64022464,30.11961914],[31.64015971,30.12000181],[31.64007707,30.11999819],[31.63986901,30.11952415],[31.63959159,30.11929528],[31.63941599,30.11918762]]]},"properties":{"id":"cairo:osm:way:660210937","name":"Hay el Yasmin Park 2","nameAddon":null,"objectNumber":"cairo:osm:way:660210937","district":"Kairo","locality":null,"type":"Park","areaM2":2677,"areaHa":0.27,"designation":null,"dedicated":null,"builtYear":null,"renovatedYear":null,"planningAreaId":null,"planningAreaName":null,"centroid":[31.639943,30.119494],"bounds":[31.63942,30.11912,31.64022,30.12],"amenities":{},"sourceId":"parks"}},{"type":"Feature","id":"cairo:osm:way:679816927","geometry":{"type":"Polygon","coordinates":[[[31.48603085,30.0228605],[31.48605741,30.0217505],[31.48612677,30.02174326],[31.48615185,30.02286231],[31.48603085,30.0228605]]]},"properties":{"id":"cairo:osm:way:679816927","name":"Unbenannter Park 679816927","nameAddon":null,"objectNumber":"cairo:osm:way:679816927","district":"Kairo","locality":null,"type":"Park","areaM2":1128.6,"areaHa":0.11,"designation":null,"dedicated":null,"builtYear":null,"renovatedYear":null,"planningAreaId":null,"planningAreaName":null,"centroid":[31.486092,30.022355],"bounds":[31.48603,30.02174,31.48615,30.02286],"amenities":{},"sourceId":"parks"}},{"type":"Feature","id":"cairo:osm:way:679816928","geometry":{"type":"Polygon","coordinates":[[[31.48598068,30.01470418],[31.48607365,30.01470237],[31.48613415,30.01967523],[31.48600282,30.01967433],[31.48600429,30.01753483],[31.48598068,30.01470418]]]},"properties":{"id":"cairo:osm:way:679816928","name":"Unbenannter Park 679816928","nameAddon":null,"objectNumber":"cairo:osm:way:679816928","district":"Kairo","locality":null,"type":"Park","areaM2":5889,"areaHa":0.59,"designation":null,"dedicated":null,"builtYear":null,"renovatedYear":null,"planningAreaId":null,"planningAreaName":null,"centroid":[31.486052,30.017332],"bounds":[31.48598,30.0147,31.48613,30.01968],"amenities":{},"sourceId":"parks"}},{"type":"Feature","id":"cairo:osm:way:701551306","geometry":{"type":"Polygon","coordinates":[[[31.34514141,30.09693414],[31.34587776,30.09729329],[31.35069719,30.09996381],[31.3505452,30.10012213],[31.34514141,30.09693414]]]},"properties":{"id":"cairo:osm:way:701551306","name":"Unbenannter Park 701551306","nameAddon":null,"objectNumber":"cairo:osm:way:701551306","district":"Kairo","locality":null,"type":"Park","areaM2":9210.8,"areaHa":0.92,"designation":null,"dedicated":null,"builtYear":null,"renovatedYear":null,"planningAreaId":null,"planningAreaName":null,"centroid":[31.348562,30.098866],"bounds":[31.34514,30.09693,31.3507,30.10012],"amenities":{},"sourceId":"parks"}},{"type":"Feature","id":"cairo:osm:way:705991950","geometry":{"type":"Polygon","coordinates":[[[31.6305902,30.09203999],[31.63069497,30.09146463],[31.63081745,30.09139316],[31.63292614,30.09222725],[31.63392367,30.09253212],[31.63505991,30.09280261],[31.63467329,30.09506694],[31.63461131,30.09507237],[31.63189171,30.09406097],[31.63201714,30.0931717],[31.63081302,30.09222453],[31.6305902,30.09203999]]]},"properties":{"id":"cairo:osm:way:705991950","name":"Central Park","nameAddon":null,"objectNumber":"cairo:osm:way:705991950","district":"Kairo","locality":null,"type":"Park","areaM2":85138.5,"areaHa":8.51,"designation":null,"dedicated":null,"builtYear":null,"renovatedYear":null,"planningAreaId":null,"planningAreaName":null,"centroid":[31.633083,30.093245],"bounds":[31.63059,30.09139,31.63506,30.09507],"amenities":{},"sourceId":"parks"}},{"type":"Feature","id":"cairo:osm:way:730667668","geometry":{"type":"Polygon","coordinates":[[[31.22253365,30.02433961],[31.22259858,30.02373349],[31.22262071,30.02245522],[31.22292026,30.02240004],[31.22319473,30.02427176],[31.22292617,30.0242989],[31.22253365,30.02433961]]]},"properties":{"id":"cairo:osm:way:730667668","name":"حديقة الفنون","nameAddon":null,"objectNumber":"cairo:osm:way:730667668","district":"Kairo","locality":null,"type":"Park","areaM2":9341.3,"areaHa":0.93,"designation":null,"dedicated":null,"builtYear":null,"renovatedYear":null,"planningAreaId":null,"planningAreaName":null,"centroid":[31.222833,30.023483],"bounds":[31.22253,30.0224,31.22319,30.02434],"amenities":{},"sourceId":"parks"}},{"type":"Feature","id":"cairo:osm:way:76790425","geometry":{"type":"Polygon","coordinates":[[[31.33472194,29.84099421],[31.33489311,29.84027773],[31.33492558,29.8397476],[31.3350451,29.83974398],[31.33495804,29.84090194],[31.33480752,29.84096617],[31.33472194,29.84099421]]]},"properties":{"id":"cairo:osm:way:76790425","name":"Unbenannter Park 76790425","nameAddon":null,"objectNumber":"cairo:osm:way:76790425","district":"Kairo","locality":null,"type":"Park","areaM2":1855.9,"areaHa":0.19,"designation":null,"dedicated":null,"builtYear":null,"renovatedYear":null,"planningAreaId":null,"planningAreaName":null,"centroid":[31.334915,29.840424],"bounds":[31.33472,29.83974,31.33505,29.84099],"amenities":{},"sourceId":"parks"}},{"type":"Feature","id":"cairo:osm:way:76790426","geometry":{"type":"Polygon","coordinates":[[[31.33492558,29.8395332],[31.33496837,29.83811923],[31.33508642,29.83813733],[31.33504363,29.8395332],[31.33492558,29.8395332]]]},"properties":{"id":"cairo:osm:way:76790426","name":"Unbenannter Park 76790426","nameAddon":null,"objectNumber":"cairo:osm:way:76790426","district":"Kairo","locality":null,"type":"Park","areaM2":1780.4,"areaHa":0.18,"designation":null,"dedicated":null,"builtYear":null,"renovatedYear":null,"planningAreaId":null,"planningAreaName":null,"centroid":[31.335006,29.83883],"bounds":[31.33493,29.83812,31.33509,29.83953],"amenities":{},"sourceId":"parks"}},{"type":"Feature","id":"cairo:osm:way:775152516","geometry":{"type":"Polygon","coordinates":[[[31.22416865,30.04043785],[31.2242203,30.04033201],[31.2245051,30.04017822],[31.22459954,30.04016465],[31.22474563,30.04021259],[31.2249109,30.04034286],[31.22496107,30.04062964],[31.22493156,30.04101864],[31.22502157,30.04112086],[31.22490352,30.04129908],[31.22463496,30.04121042],[31.22452871,30.04122037],[31.22451248,30.04085851],[31.22437082,30.04065316],[31.22421292,30.04055365],[31.22416865,30.04043785]]]},"properties":{"id":"cairo:osm:way:775152516","name":"Unbenannter Park 775152516","nameAddon":null,"objectNumber":"cairo:osm:way:775152516","district":"Kairo","locality":null,"type":"Park","areaM2":6156.1,"areaHa":0.62,"designation":null,"dedicated":null,"builtYear":null,"renovatedYear":null,"planningAreaId":null,"planningAreaName":null,"centroid":[31.22465,30.040681],"bounds":[31.22417,30.04016,31.22502,30.0413],"amenities":{},"sourceId":"parks"}},{"type":"Feature","id":"cairo:osm:way:775152533","geometry":{"type":"Polygon","coordinates":[[[31.22345297,30.03908359],[31.22361381,30.03916591],[31.22384549,30.03895784],[31.22429408,30.03917225],[31.2242203,30.03931699],[31.22345445,30.03928804],[31.22345297,30.03908359]]]},"properties":{"id":"cairo:osm:way:775152533","name":"Unbenannter Park 775152533","nameAddon":null,"objectNumber":"cairo:osm:way:775152533","district":"Kairo","locality":null,"type":"Park","areaM2":1965,"areaHa":0.2,"designation":null,"dedicated":null,"builtYear":null,"renovatedYear":null,"planningAreaId":null,"planningAreaName":null,"centroid":[31.223874,30.039179],"bounds":[31.22345,30.03896,31.22429,30.03932],"amenities":{},"sourceId":"parks"}},{"type":"Feature","id":"cairo:osm:way:775636079","geometry":{"type":"Polygon","coordinates":[[[31.22951489,30.0354478],[31.22973033,30.03523159],[31.2303014,30.03492672],[31.23035748,30.03496562],[31.23043273,30.03538086],[31.23060538,30.0356803],[31.23002989,30.03563145],[31.22977608,30.03558259],[31.22961376,30.03550932],[31.22951489,30.0354478]]]},"properties":{"id":"cairo:osm:way:775636079","name":"Unbenannter Park 775636079","nameAddon":null,"objectNumber":"cairo:osm:way:775636079","district":"Kairo","locality":null,"type":"Park","areaM2":4812.6,"areaHa":0.48,"designation":null,"dedicated":null,"builtYear":null,"renovatedYear":null,"planningAreaId":null,"planningAreaName":null,"centroid":[31.230095,30.035363],"bounds":[31.22951,30.03493,31.23061,30.03568],"amenities":{},"sourceId":"parks"}},{"type":"Feature","id":"cairo:osm:way:777088964","geometry":{"type":"Polygon","coordinates":[[[31.24489546,30.04401574],[31.24505335,30.04396508],[31.24514927,30.04399765],[31.24530864,30.04396237],[31.24540013,30.04384657],[31.24584577,30.04371087],[31.24586938,30.04366474],[31.24628846,30.04352271],[31.24638733,30.04381491],[31.24506811,30.04424733],[31.24497219,30.04421748],[31.24490874,30.04404831],[31.24489546,30.04401574]]]},"properties":{"id":"cairo:osm:way:777088964","name":"Unbenannter Park 777088964","nameAddon":null,"objectNumber":"cairo:osm:way:777088964","district":"Kairo","locality":null,"type":"Park","areaM2":4242.8,"areaHa":0.42,"designation":null,"dedicated":null,"builtYear":null,"renovatedYear":null,"planningAreaId":null,"planningAreaName":null,"centroid":[31.245683,30.0439],"bounds":[31.2449,30.04352,31.24639,30.04425],"amenities":{},"sourceId":"parks"}},{"type":"Feature","id":"cairo:osm:way:777088968","geometry":{"type":"Polygon","coordinates":[[[31.24476855,30.04370816],[31.24482905,30.04358875],[31.24609072,30.04315813],[31.24612761,30.04317261],[31.24622058,30.04340148],[31.24534258,30.04369007],[31.24524518,30.04366021],[31.24509467,30.04369097],[31.24500023,30.04381672],[31.24483496,30.04387371],[31.24480692,30.04381039],[31.24476855,30.04370816]]]},"properties":{"id":"cairo:osm:way:777088968","name":"Unbenannter Park 777088968","nameAddon":null,"objectNumber":"cairo:osm:way:777088968","district":"Kairo","locality":null,"type":"Park","areaM2":3850.1,"areaHa":0.39,"designation":null,"dedicated":null,"builtYear":null,"renovatedYear":null,"planningAreaId":null,"planningAreaName":null,"centroid":[31.245501,30.043497],"bounds":[31.24477,30.04316,31.24622,30.04387],"amenities":{},"sourceId":"parks"}},{"type":"Feature","id":"cairo:osm:way:777088970","geometry":{"type":"Polygon","coordinates":[[[31.24663228,30.04569206],[31.24699824,30.04608829],[31.2466736,30.04616338],[31.24663228,30.04569206]]]},"properties":{"id":"cairo:osm:way:777088970","name":"Unbenannter Park 777088970","nameAddon":null,"objectNumber":"cairo:osm:way:777088970","district":"Kairo","locality":null,"type":"Park","areaM2":833.9,"areaHa":0.08,"designation":null,"dedicated":null,"builtYear":null,"renovatedYear":null,"planningAreaId":null,"planningAreaName":null,"centroid":[31.246768,30.045981],"bounds":[31.24663,30.04569,31.247,30.04616],"amenities":{},"sourceId":"parks"}},{"type":"Feature","id":"cairo:osm:way:781794709","geometry":{"type":"Polygon","coordinates":[[[31.6371863,30.16341958],[31.63729697,30.16289307],[31.637598,30.1627619],[31.63764375,30.16323955],[31.6375803,30.16349014],[31.6371863,30.16341958]]]},"properties":{"id":"cairo:osm:way:781794709","name":"Unbenannter Park 781794709","nameAddon":null,"objectNumber":"cairo:osm:way:781794709","district":"Kairo","locality":null,"type":"Park","areaM2":2526,"areaHa":0.25,"designation":null,"dedicated":null,"builtYear":null,"renovatedYear":null,"planningAreaId":null,"planningAreaName":null,"centroid":[31.63744,30.163158],"bounds":[31.63719,30.16276,31.63764,30.16349],"amenities":{},"sourceId":"parks"}},{"type":"Feature","id":"cairo:osm:way:781794710","geometry":{"type":"Polygon","coordinates":[[[31.63603678,30.16321784],[31.63615335,30.16263886],[31.63634814,30.16255383],[31.63630535,30.16274018],[31.63650013,30.16277728],[31.63638355,30.16327845],[31.63603678,30.16321784]]]},"properties":{"id":"cairo:osm:way:781794710","name":"Unbenannter Park 781794710","nameAddon":null,"objectNumber":"cairo:osm:way:781794710","district":"Kairo","locality":null,"type":"Park","areaM2":2222.9,"areaHa":0.22,"designation":null,"dedicated":null,"builtYear":null,"renovatedYear":null,"planningAreaId":null,"planningAreaName":null,"centroid":[31.636263,30.162958],"bounds":[31.63604,30.16255,31.6365,30.16328],"amenities":{},"sourceId":"parks"}},{"type":"Feature","id":"cairo:osm:way:781794711","geometry":{"type":"Polygon","coordinates":[[[31.63872244,30.16271305],[31.63929941,30.16238828],[31.63934663,30.1624507],[31.63916513,30.16319613],[31.6388154,30.16313823],[31.63879032,30.16278904],[31.63872244,30.16271305]]]},"properties":{"id":"cairo:osm:way:781794711","name":"Unbenannter Park 781794711","nameAddon":null,"objectNumber":"cairo:osm:way:781794711","district":"Kairo","locality":null,"type":"Park","areaM2":3154,"areaHa":0.32,"designation":null,"dedicated":null,"builtYear":null,"renovatedYear":null,"planningAreaId":null,"planningAreaName":null,"centroid":[31.63905,30.162815],"bounds":[31.63872,30.16239,31.63935,30.1632],"amenities":{},"sourceId":"parks"}},{"type":"Feature","id":"cairo:osm:way:781794712","geometry":{"type":"Polygon","coordinates":[[[31.63498465,30.16295097],[31.6350968,30.16244979],[31.6353388,30.16249412],[31.63523403,30.16299349],[31.63498465,30.16295097]]]},"properties":{"id":"cairo:osm:way:781794712","name":"Unbenannter Park 781794712","nameAddon":null,"objectNumber":"cairo:osm:way:781794712","district":"Kairo","locality":null,"type":"Park","areaM2":1364.6,"areaHa":0.14,"designation":null,"dedicated":null,"builtYear":null,"renovatedYear":null,"planningAreaId":null,"planningAreaName":null,"centroid":[31.635163,30.162723],"bounds":[31.63498,30.16245,31.63534,30.16299],"amenities":{},"sourceId":"parks"}},{"type":"Feature","id":"cairo:osm:way:781794713","geometry":{"type":"Polygon","coordinates":[[[31.63525322,30.16177673],[31.63530486,30.16152705],[31.63597038,30.16163561],[31.63591578,30.16189162],[31.63525322,30.16177673]]]},"properties":{"id":"cairo:osm:way:781794713","name":"Unbenannter Park 781794713","nameAddon":null,"objectNumber":"cairo:osm:way:781794713","district":"Kairo","locality":null,"type":"Park","areaM2":1857.9,"areaHa":0.19,"designation":null,"dedicated":null,"builtYear":null,"renovatedYear":null,"planningAreaId":null,"planningAreaName":null,"centroid":[31.635613,30.161708],"bounds":[31.63525,30.16153,31.63597,30.16189],"amenities":{},"sourceId":"parks"}},{"type":"Feature","id":"cairo:osm:way:789277585","geometry":{"type":"Polygon","coordinates":[[[31.32604224,30.01707346],[31.32709584,30.01676497],[31.32728768,30.01725801],[31.32623407,30.01756559],[31.32604224,30.01707346]]]},"properties":{"id":"cairo:osm:way:789277585","name":"Unbenannter Park 789277585","nameAddon":null,"objectNumber":"cairo:osm:way:789277585","district":"Kairo","locality":null,"type":"Park","areaM2":6182.6,"areaHa":0.62,"designation":null,"dedicated":null,"builtYear":null,"renovatedYear":null,"planningAreaId":null,"planningAreaName":null,"centroid":[31.326665,30.017165],"bounds":[31.32604,30.01676,31.32729,30.01757],"amenities":{},"sourceId":"parks"}},{"type":"Feature","id":"cairo:osm:way:80679781","geometry":{"type":"Polygon","coordinates":[[[31.23309036,30.0468084],[31.2343358,30.04681925],[31.2343358,30.04716483],[31.23310069,30.04715397],[31.23309036,30.0468084]]]},"properties":{"id":"cairo:osm:way:80679781","name":"Unbenannter Park 80679781","nameAddon":null,"objectNumber":"cairo:osm:way:80679781","district":"Kairo","locality":null,"type":"Park","areaM2":4624,"areaHa":0.46,"designation":null,"dedicated":null,"builtYear":null,"renovatedYear":null,"planningAreaId":null,"planningAreaName":null,"centroid":[31.233716,30.046986],"bounds":[31.23309,30.04681,31.23434,30.04716],"amenities":{},"sourceId":"parks"}},{"type":"Feature","id":"cairo:osm:way:817935066","geometry":{"type":"Polygon","coordinates":[[[31.2225484,30.0243577],[31.22320506,30.02428533],[31.22324933,30.02457572],[31.22267383,30.02465714],[31.22266055,30.02470418],[31.22257497,30.02471504],[31.2225484,30.0243577]]]},"properties":{"id":"cairo:osm:way:817935066","name":"Unbenannter Park 817935066","nameAddon":null,"objectNumber":"cairo:osm:way:817935066","district":"Kairo","locality":null,"type":"Park","areaM2":2232.7,"areaHa":0.22,"designation":null,"dedicated":null,"builtYear":null,"renovatedYear":null,"planningAreaId":null,"planningAreaName":null,"centroid":[31.222885,30.024478],"bounds":[31.22255,30.02429,31.22325,30.02472],"amenities":{},"sourceId":"parks"}},{"type":"Feature","id":"cairo:osm:way:819209196","geometry":{"type":"Polygon","coordinates":[[[31.62679929,29.9250769],[31.62695571,29.92496653],[31.62735708,29.92493215],[31.62750169,29.92483535],[31.62766696,29.92494934],[31.6275253,29.9251176],[31.62741168,29.92517098],[31.62685094,29.92514384],[31.62679929,29.9250769]]]},"properties":{"id":"cairo:osm:way:819209196","name":"Unbenannter Park 819209196","nameAddon":null,"objectNumber":"cairo:osm:way:819209196","district":"Kairo","locality":null,"type":"Park","areaM2":1787.2,"areaHa":0.18,"designation":null,"dedicated":null,"builtYear":null,"renovatedYear":null,"planningAreaId":null,"planningAreaName":null,"centroid":[31.62726,29.925036],"bounds":[31.6268,29.92484,31.62767,29.92517],"amenities":{},"sourceId":"parks"}},{"type":"Feature","id":"cairo:osm:way:819209197","geometry":{"type":"Polygon","coordinates":[[[31.61925288,29.93402569],[31.61936208,29.933482],[31.61942405,29.93339425],[31.61951997,29.93337706],[31.62001136,29.93344943],[31.6200025,29.93353718],[31.619942,29.93351999],[31.61941225,29.9339696],[31.61944619,29.93400398],[31.61939011,29.93404559],[31.61925288,29.93402569]]]},"properties":{"id":"cairo:osm:way:819209197","name":"Unbenannter Park 819209197","nameAddon":null,"objectNumber":"cairo:osm:way:819209197","district":"Kairo","locality":null,"type":"Park","areaM2":2655.8,"areaHa":0.27,"designation":null,"dedicated":null,"builtYear":null,"renovatedYear":null,"planningAreaId":null,"planningAreaName":null,"centroid":[31.619556,29.933646],"bounds":[31.61925,29.93338,31.62001,29.93405],"amenities":{},"sourceId":"parks"}},{"type":"Feature","id":"cairo:osm:way:819209198","geometry":{"type":"Polygon","coordinates":[[[31.61923517,29.93431608],[31.61924402,29.93413154],[31.61958195,29.93417858],[31.61960998,29.93442102],[31.61982543,29.93470056],[31.62014712,29.93483445],[31.62043191,29.93484983],[31.62055292,29.93481817],[31.62082443,29.93465895],[31.62096905,29.93445631],[31.62102217,29.9342609],[31.6209897,29.93407454],[31.62088493,29.93388004],[31.6206385,29.9336964],[31.62029615,29.93360774],[31.62015007,29.93367469],[31.62007481,29.93360503],[31.6201235,29.93348381],[31.62107972,29.93360593],[31.62131582,29.93366836],[31.62113874,29.93462909],[31.62024451,29.93505971],[31.62013679,29.93506242],[31.62001578,29.93501357],[31.61923517,29.93431608]]]},"properties":{"id":"cairo:osm:way:819209198","name":"Unbenannter Park 819209198","nameAddon":null,"objectNumber":"cairo:osm:way:819209198","district":"Kairo","locality":null,"type":"Park","areaM2":8220.6,"areaHa":0.82,"designation":null,"dedicated":null,"builtYear":null,"renovatedYear":null,"planningAreaId":null,"planningAreaName":null,"centroid":[31.620486,29.93425],"bounds":[31.61924,29.93348,31.62132,29.93506],"amenities":{},"sourceId":"parks"}},{"type":"Feature","id":"cairo:osm:way:819209199","geometry":{"type":"Polygon","coordinates":[[[31.61910532,29.92933508],[31.61911564,29.92923467],[31.6192396,29.92928352],[31.61918352,29.92946807],[31.61914663,29.92942917],[31.61910532,29.92933508]]]},"properties":{"id":"cairo:osm:way:819209199","name":"Unbenannter Park 819209199","nameAddon":null,"objectNumber":"cairo:osm:way:819209199","district":"Kairo","locality":null,"type":"Park","areaM2":231.4,"areaHa":0.02,"designation":null,"dedicated":null,"builtYear":null,"renovatedYear":null,"planningAreaId":null,"planningAreaName":null,"centroid":[31.619167,29.929337],"bounds":[31.61911,29.92923,31.61924,29.92947],"amenities":{},"sourceId":"parks"}},{"type":"Feature","id":"cairo:osm:way:819209200","geometry":{"type":"Polygon","coordinates":[[[31.61931633,29.92953863],[31.61939306,29.92943278],[31.61947865,29.92941107],[31.6195849,29.92948435],[31.61937241,29.92955039],[31.61931633,29.92953863]]]},"properties":{"id":"cairo:osm:way:819209200","name":"Unbenannter Park 819209200","nameAddon":null,"objectNumber":"cairo:osm:way:819209200","district":"Kairo","locality":null,"type":"Park","areaM2":239.2,"areaHa":0.02,"designation":null,"dedicated":null,"builtYear":null,"renovatedYear":null,"planningAreaId":null,"planningAreaName":null,"centroid":[31.619442,29.929482],"bounds":[31.61932,29.92941,31.61958,29.92955],"amenities":{},"sourceId":"parks"}},{"type":"Feature","id":"cairo:osm:way:819209201","geometry":{"type":"Polygon","coordinates":[[[31.62630643,29.92500543],[31.62658827,29.92498462],[31.62676092,29.92513751],[31.62649973,29.92512032],[31.62630643,29.92500543]]]},"properties":{"id":"cairo:osm:way:819209201","name":"Unbenannter Park 819209201","nameAddon":null,"objectNumber":"cairo:osm:way:819209201","district":"Kairo","locality":null,"type":"Park","areaM2":499.6,"areaHa":0.05,"designation":null,"dedicated":null,"builtYear":null,"renovatedYear":null,"planningAreaId":null,"planningAreaName":null,"centroid":[31.626541,29.925059],"bounds":[31.62631,29.92498,31.62676,29.92514],"amenities":{},"sourceId":"parks"}},{"type":"Feature","id":"cairo:osm:way:819209202","geometry":{"type":"Polygon","coordinates":[[[31.62270144,29.92739461],[31.62280031,29.92711598],[31.62318545,29.92726162],[31.62310724,29.92744527],[31.62301871,29.92753845],[31.62291541,29.92756016],[31.62270144,29.92739461]]]},"properties":{"id":"cairo:osm:way:819209202","name":"Unbenannter Park 819209202","nameAddon":null,"objectNumber":"cairo:osm:way:819209202","district":"Kairo","locality":null,"type":"Park","areaM2":1467.7,"areaHa":0.15,"designation":null,"dedicated":null,"builtYear":null,"renovatedYear":null,"planningAreaId":null,"planningAreaName":null,"centroid":[31.622932,29.927342],"bounds":[31.6227,29.92712,31.62319,29.92756],"amenities":{},"sourceId":"parks"}},{"type":"Feature","id":"cairo:osm:way:819247831","geometry":{"type":"Polygon","coordinates":[[[31.66851851,29.95597702],[31.66993807,29.95475846],[31.67043094,29.95516917],[31.66858639,29.95645739],[31.66851851,29.95597702]]]},"properties":{"id":"cairo:osm:way:819247831","name":"Unbenannter Park 819247831","nameAddon":null,"objectNumber":"cairo:osm:way:819247831","district":"Kairo","locality":null,"type":"Park","areaM2":11530.2,"areaHa":1.15,"designation":null,"dedicated":null,"builtYear":null,"renovatedYear":null,"planningAreaId":null,"planningAreaName":null,"centroid":[31.669426,29.955557],"bounds":[31.66852,29.95476,31.67043,29.95646],"amenities":{},"sourceId":"parks"}},{"type":"Feature","id":"cairo:osm:way:819247832","geometry":{"type":"Polygon","coordinates":[[[31.66724799,29.95378144],[31.66747819,29.95355256],[31.66875609,29.95352361],[31.66930355,29.95392709],[31.66933011,29.95413244],[31.66826175,29.95501086],[31.66778955,29.95481183],[31.66724799,29.95378144]]]},"properties":{"id":"cairo:osm:way:819247832","name":"Unbenannter Park 819247832","nameAddon":null,"objectNumber":"cairo:osm:way:819247832","district":"Kairo","locality":null,"type":"Park","areaM2":21731.2,"areaHa":2.17,"designation":null,"dedicated":null,"builtYear":null,"renovatedYear":null,"planningAreaId":null,"planningAreaName":null,"centroid":[31.668265,29.954138],"bounds":[31.66725,29.95352,31.66933,29.95501],"amenities":{},"sourceId":"parks"}},{"type":"Feature","id":"cairo:osm:way:819247833","geometry":{"type":"Polygon","coordinates":[[[31.66586236,29.95443731],[31.66638326,29.95416772],[31.66688351,29.95487606],[31.66632867,29.95525692],[31.66586236,29.95443731]]]},"properties":{"id":"cairo:osm:way:819247833","name":"Unbenannter Park 819247833","nameAddon":null,"objectNumber":"cairo:osm:way:819247833","district":"Kairo","locality":null,"type":"Park","areaM2":6071.7,"areaHa":0.61,"designation":null,"dedicated":null,"builtYear":null,"renovatedYear":null,"planningAreaId":null,"planningAreaName":null,"centroid":[31.666366,29.954696],"bounds":[31.66586,29.95417,31.66688,29.95526],"amenities":{},"sourceId":"parks"}},{"type":"Feature","id":"cairo:osm:way:819247834","geometry":{"type":"Polygon","coordinates":[[[31.66826175,29.95816085],[31.66847867,29.95763434],[31.66900547,29.957277],[31.66945111,29.95708341],[31.66972263,29.95734123],[31.6697551,29.95845395],[31.66826175,29.95816085]]]},"properties":{"id":"cairo:osm:way:819247834","name":"Unbenannter Park 819247834","nameAddon":null,"objectNumber":"cairo:osm:way:819247834","district":"Kairo","locality":null,"type":"Park","areaM2":14562,"areaHa":1.46,"designation":null,"dedicated":null,"builtYear":null,"renovatedYear":null,"planningAreaId":null,"planningAreaName":null,"centroid":[31.669143,29.957818],"bounds":[31.66826,29.95708,31.66976,29.95845],"amenities":{},"sourceId":"parks"}},{"type":"Feature","id":"cairo:osm:way:819247835","geometry":{"type":"Polygon","coordinates":[[[31.66774233,29.95977112],[31.66801237,29.95906912],[31.66901285,29.95916229],[31.66918845,29.9593378],[31.66832963,29.95971323],[31.66774233,29.95977112]]]},"properties":{"id":"cairo:osm:way:819247835","name":"Unbenannter Park 819247835","nameAddon":null,"objectNumber":"cairo:osm:way:819247835","district":"Kairo","locality":null,"type":"Park","areaM2":6569.6,"areaHa":0.66,"designation":null,"dedicated":null,"builtYear":null,"renovatedYear":null,"planningAreaId":null,"planningAreaName":null,"centroid":[31.668384,29.959396],"bounds":[31.66774,29.95907,31.66919,29.95977],"amenities":{},"sourceId":"parks"}},{"type":"Feature","id":"cairo:osm:way:819247836","geometry":{"type":"Polygon","coordinates":[[[31.67159669,29.95941017],[31.67183279,29.95879953],[31.67192281,29.95836168],[31.67193166,29.95766962],[31.67186968,29.95716573],[31.67196708,29.95697756],[31.67214563,29.95689886],[31.67223859,29.95689796],[31.67248502,29.95702008],[31.67263406,29.95722634],[31.67254257,29.95789307],[31.67258832,29.95841415],[31.67287754,29.95917225],[31.67286721,29.95927357],[31.6727772,29.95939841],[31.67205857,29.95984259],[31.6718446,29.95983174],[31.67159669,29.95955672],[31.67159669,29.95941017]]]},"properties":{"id":"cairo:osm:way:819247836","name":"Unbenannter Park 819247836","nameAddon":null,"objectNumber":"cairo:osm:way:819247836","district":"Kairo","locality":null,"type":"Park","areaM2":24220.5,"areaHa":2.42,"designation":null,"dedicated":null,"builtYear":null,"renovatedYear":null,"planningAreaId":null,"planningAreaName":null,"centroid":[31.672229,29.958499],"bounds":[31.6716,29.9569,31.67288,29.95984],"amenities":{},"sourceId":"parks"}},{"type":"Feature","id":"cairo:osm:way:81989198","geometry":{"type":"Polygon","coordinates":[[[31.3468384,30.08573186],[31.34683987,30.08556541],[31.34698153,30.08538176],[31.34715861,30.08531572],[31.34736815,30.08533743],[31.347256,30.0857192],[31.34709811,30.08598064],[31.34692841,30.08587932],[31.3468384,30.08573186]]]},"properties":{"id":"cairo:osm:way:81989198","name":"Almazah Square Park","nameAddon":null,"objectNumber":"cairo:osm:way:81989198","district":"Kairo","locality":null,"type":"Park","areaM2":2556.6,"areaHa":0.26,"designation":null,"dedicated":null,"builtYear":null,"renovatedYear":null,"planningAreaId":null,"planningAreaName":null,"centroid":[31.347086,30.085613],"bounds":[31.34684,30.08532,31.34737,30.08598],"amenities":{},"sourceId":"parks"}},{"type":"Feature","id":"cairo:osm:way:822304405","geometry":{"type":"Polygon","coordinates":[[[31.23194526,30.03432332],[31.23202937,30.03419305],[31.23226253,30.03429256],[31.23217989,30.03442645],[31.23194526,30.03432332]]]},"properties":{"id":"cairo:osm:way:822304405","name":"Unbenannter Park 822304405","nameAddon":null,"objectNumber":"cairo:osm:way:822304405","district":"Kairo","locality":null,"type":"Park","areaM2":420.3,"areaHa":0.04,"designation":null,"dedicated":null,"builtYear":null,"renovatedYear":null,"planningAreaId":null,"planningAreaName":null,"centroid":[31.232105,30.034309],"bounds":[31.23195,30.03419,31.23226,30.03443],"amenities":{},"sourceId":"parks"}},{"type":"Feature","id":"cairo:osm:way:822637170","geometry":{"type":"Polygon","coordinates":[[[31.3304116,30.10587661],[31.33047063,30.10579881],[31.33134715,30.106186],[31.33113761,30.1064601],[31.3304116,30.10587661]]]},"properties":{"id":"cairo:osm:way:822637170","name":"Unbenannter Park 822637170","nameAddon":null,"objectNumber":"cairo:osm:way:822637170","district":"Kairo","locality":null,"type":"Park","areaM2":2200.6,"areaHa":0.22,"designation":null,"dedicated":null,"builtYear":null,"renovatedYear":null,"planningAreaId":null,"planningAreaName":null,"centroid":[31.330916,30.106126],"bounds":[31.33041,30.1058,31.33135,30.10646],"amenities":{},"sourceId":"parks"}},{"type":"Feature","id":"cairo:osm:way:822637174","geometry":{"type":"Polygon","coordinates":[[[31.36097205,30.1162059],[31.36116389,30.11598969],[31.36128046,30.11606206],[31.36108863,30.11628189],[31.36097205,30.1162059]]]},"properties":{"id":"cairo:osm:way:822637174","name":"Unbenannter Park 822637174","nameAddon":null,"objectNumber":"cairo:osm:way:822637174","district":"Kairo","locality":null,"type":"Park","areaM2":422.6,"areaHa":0.04,"designation":null,"dedicated":null,"builtYear":null,"renovatedYear":null,"planningAreaId":null,"planningAreaName":null,"centroid":[31.361126,30.116135],"bounds":[31.36097,30.11599,31.36128,30.11628],"amenities":{},"sourceId":"parks"}},{"type":"Feature","id":"cairo:osm:way:822642770","geometry":{"type":"Polygon","coordinates":[[[31.34102881,30.11162566],[31.34123688,30.1114791],[31.34161021,30.1116727],[31.34122212,30.11220192],[31.34110259,30.11214854],[31.34102881,30.11162566]]]},"properties":{"id":"cairo:osm:way:822642770","name":"Unbenannter Park 822642770","nameAddon":null,"objectNumber":"cairo:osm:way:822642770","district":"Kairo","locality":null,"type":"Park","areaM2":2632.1,"areaHa":0.26,"designation":null,"dedicated":null,"builtYear":null,"renovatedYear":null,"planningAreaId":null,"planningAreaName":null,"centroid":[31.341267,30.111805],"bounds":[31.34103,30.11148,31.34161,30.1122],"amenities":{},"sourceId":"parks"}},{"type":"Feature","id":"cairo:osm:way:822642771","geometry":{"type":"Polygon","coordinates":[[[31.33317694,30.10809481],[31.3332463,30.10792926],[31.33388378,30.10822417],[31.33324482,30.10852452],[31.33317694,30.10835806],[31.33317694,30.10809481]]]},"properties":{"id":"cairo:osm:way:822642771","name":"Unbenannter Park 822642771","nameAddon":null,"objectNumber":"cairo:osm:way:822642771","district":"Kairo","locality":null,"type":"Park","areaM2":2384.8,"areaHa":0.24,"designation":null,"dedicated":null,"builtYear":null,"renovatedYear":null,"planningAreaId":null,"planningAreaName":null,"centroid":[31.333426,30.108226],"bounds":[31.33318,30.10793,31.33388,30.10852],"amenities":{},"sourceId":"parks"}},{"type":"Feature","id":"cairo:osm:way:859463163","geometry":{"type":"Polygon","coordinates":[[[31.63577412,30.0950588],[31.63585675,30.09458657],[31.63601317,30.09475394],[31.63627583,30.09457301],[31.63640716,30.09474217],[31.63676427,30.09448797],[31.63674361,30.09463904],[31.63706825,30.09467614],[31.63707415,30.09459653],[31.63764375,30.09474398],[31.63797282,30.09475846],[31.63829893,30.09472499],[31.63859849,30.09475122],[31.63857635,30.09486521],[31.63865013,30.0948824],[31.6385793,30.095038],[31.63853356,30.09503166],[31.63846568,30.09479374],[31.63837714,30.09475846],[31.63781345,30.09478831],[31.63740027,30.09473584],[31.63731468,30.09476841],[31.63726156,30.09501176],[31.63721876,30.09500724],[31.63721729,30.09491858],[31.6368956,30.09478379],[31.63659752,30.0949991],[31.63644258,30.0953112],[31.63625812,30.09543423],[31.63603678,30.09537453],[31.63577412,30.0950588]]]},"properties":{"id":"cairo:osm:way:859463163","name":"Unbenannter Park 859463163","nameAddon":null,"objectNumber":"cairo:osm:way:859463163","district":"Kairo","locality":null,"type":"Park","areaM2":7960.1,"areaHa":0.8,"designation":null,"dedicated":null,"builtYear":null,"renovatedYear":null,"planningAreaId":null,"planningAreaName":null,"centroid":[31.636566,30.094917],"bounds":[31.63577,30.09449,31.63865,30.09543],"amenities":{},"sourceId":"parks"}},{"type":"Feature","id":"cairo:osm:way:859463165","geometry":{"type":"Polygon","coordinates":[[[31.63749766,30.09454496],[31.63771163,30.09440293],[31.63773376,30.0941433],[31.63765113,30.09405374],[31.63786067,30.0938909],[31.63779279,30.09436403],[31.63785919,30.09451149],[31.63795511,30.09456577],[31.63855717,30.09463724],[31.6390825,30.09459924],[31.63854831,30.0946689],[31.63749766,30.09454496]]]},"properties":{"id":"cairo:osm:way:859463165","name":"Unbenannter Park 859463165","nameAddon":null,"objectNumber":"cairo:osm:way:859463165","district":"Kairo","locality":null,"type":"Park","areaM2":1325.8,"areaHa":0.13,"designation":null,"dedicated":null,"builtYear":null,"renovatedYear":null,"planningAreaId":null,"planningAreaName":null,"centroid":[31.637898,30.094388],"bounds":[31.6375,30.09389,31.63908,30.09467],"amenities":{},"sourceId":"parks"}},{"type":"Feature","id":"cairo:osm:way:859463166","geometry":{"type":"Polygon","coordinates":[[[31.63872096,30.09562059],[31.63929351,30.09559616],[31.63925662,30.09589741],[31.63878884,30.09579881],[31.63872096,30.09562059]]]},"properties":{"id":"cairo:osm:way:859463166","name":"Unbenannter Park 859463166","nameAddon":null,"objectNumber":"cairo:osm:way:859463166","district":"Kairo","locality":null,"type":"Park","areaM2":1390.7,"areaHa":0.14,"designation":null,"dedicated":null,"builtYear":null,"renovatedYear":null,"planningAreaId":null,"planningAreaName":null,"centroid":[31.639038,30.095726],"bounds":[31.63872,30.0956,31.63929,30.0959],"amenities":{},"sourceId":"parks"}},{"type":"Feature","id":"cairo:osm:way:859463168","geometry":{"type":"Polygon","coordinates":[[[31.64012725,30.09503076],[31.64014348,30.09491315],[31.64059207,30.0949611],[31.64104804,30.09512846],[31.64012725,30.09503076]]]},"properties":{"id":"cairo:osm:way:859463168","name":"Unbenannter Park 859463168","nameAddon":null,"objectNumber":"cairo:osm:way:859463168","district":"Kairo","locality":null,"type":"Park","areaM2":872.6,"areaHa":0.09,"designation":null,"dedicated":null,"builtYear":null,"renovatedYear":null,"planningAreaId":null,"planningAreaName":null,"centroid":[31.64049,30.095017],"bounds":[31.64013,30.09491,31.64105,30.09513],"amenities":{},"sourceId":"parks"}},{"type":"Feature","id":"cairo:osm:way:859463169","geometry":{"type":"Polygon","coordinates":[[[31.63902052,30.09340148],[31.64054485,30.09342772],[31.64251778,30.09357608],[31.64290735,30.09411435],[31.64336775,30.09431428],[31.64347989,30.09448435],[31.6433766,30.09482721],[31.64311246,30.0948634],[31.64294424,30.09497919],[31.64288079,30.09510946],[31.64193048,30.0949991],[31.64190391,30.09479374],[31.64177553,30.09474398],[31.64182128,30.09445902],[31.64191424,30.09453863],[31.64189506,30.09472951],[31.64211936,30.09491949],[31.64246466,30.09461824],[31.64217691,30.09437489],[31.64210312,30.09444726],[31.64194818,30.09429618],[31.64201606,30.09423738],[31.64216953,30.0943188],[31.64254582,30.09397503],[31.64212969,30.09362674],[31.64174307,30.09399674],[31.64185817,30.09414963],[31.64166339,30.09435137],[31.64159993,30.09477474],[31.64151582,30.0947657],[31.64158222,30.09432875],[31.64138154,30.09431428],[31.64133579,30.0946101],[31.6411838,30.09482359],[31.64098016,30.09494391],[31.64030727,30.0948643],[31.63978637,30.09465171],[31.64032055,30.09483264],[31.64096984,30.09489687],[31.6411233,30.09482359],[31.64118528,30.09473494],[31.64131218,30.09379229],[31.64112773,30.09360774],[31.64028219,30.09352542],[31.63957536,30.09353899],[31.63902052,30.09340148]]]},"properties":{"id":"cairo:osm:way:859463169","name":"Unbenannter Park 859463169","nameAddon":null,"objectNumber":"cairo:osm:way:859463169","district":"Kairo","locality":null,"type":"Park","areaM2":22643.3,"areaHa":2.26,"designation":null,"dedicated":null,"builtYear":null,"renovatedYear":null,"planningAreaId":null,"planningAreaName":null,"centroid":[31.642049,30.094227],"bounds":[31.63902,30.0934,31.64348,30.09511],"amenities":{},"sourceId":"parks"}},{"type":"Feature","id":"cairo:osm:way:859463170","geometry":{"type":"Polygon","coordinates":[[[31.640021,30.09604668],[31.64005642,30.09595441],[31.64112183,30.09606568],[31.64116019,30.09585942],[31.64128267,30.09587118],[31.64140958,30.09532658],[31.64153353,30.09539533],[31.64168257,30.09540347],[31.64193933,30.09523792],[31.64249712,30.09519179],[31.64289997,30.09524516],[31.64296342,30.09542609],[31.64310951,30.09555365],[31.64334561,30.0956034],[31.64364074,30.09548127],[31.64371452,30.09538629],[31.64373518,30.09504161],[31.64346219,30.0948453],[31.64356696,30.09449521],[31.64376617,30.09434413],[31.64466336,30.09438936],[31.64479321,30.09474127],[31.64506916,30.09490682],[31.64512966,30.09508232],[31.64543807,30.09509408],[31.64643412,30.09579338],[31.64667613,30.09605211],[31.64673515,30.09620047],[31.64663481,30.09622851],[31.64659792,30.09614891],[31.64640904,30.09607291],[31.64630279,30.09577709],[31.64600766,30.09556541],[31.64561809,30.09565406],[31.64564465,30.09577167],[31.64551185,30.09580695],[31.64559153,30.09602316],[31.6457391,30.09600235],[31.6458601,30.09632893],[31.64623491,30.09624751],[31.64628065,30.09638864],[31.6465507,30.0963805],[31.64487142,30.09657138],[31.64486995,30.09650534],[31.64520639,30.09648182],[31.64532297,30.09638683],[31.64547791,30.09595531],[31.64544249,30.09583047],[31.64521229,30.09554369],[31.64528165,30.09533834],[31.64483601,30.09505157],[31.64452465,30.09505157],[31.64397571,30.09532115],[31.64387979,30.0952723],[31.64357729,30.09570382],[31.64366435,30.09574634],[31.64335594,30.09624208],[31.64355073,30.09635155],[31.64362008,30.0966148],[31.64329839,30.09651891],[31.64329839,30.0964402],[31.64300917,30.0964004],[31.64298851,30.09649086],[31.64269781,30.09652162],[31.64233628,30.09644925],[31.64237169,30.09641668],[31.64221232,30.09630451],[31.64212231,30.09643025],[31.64192015,30.09638592],[31.64199835,30.09626108],[31.64195113,30.09621404],[31.64206181,30.09614076],[31.64218429,30.09616609],[31.64256057,30.09642573],[31.64270666,30.09643116],[31.64288079,30.0963805],[31.64299293,30.09627827],[31.64308442,30.09592546],[31.64289997,30.09591189],[31.64281291,30.09625746],[31.64269928,30.09629636],[31.64259599,30.09627646],[31.64228758,30.09603492],[31.64204853,30.0959915],[31.6418626,30.09605844],[31.64168847,30.09630631],[31.64184489,30.09638864],[31.64093737,30.09619685],[31.64096541,30.09611001],[31.64076915,30.09606749],[31.64073964,30.0961679],[31.640021,30.09604668]]]},"properties":{"id":"cairo:osm:way:859463170","name":"Unbenannter Park 859463170","nameAddon":null,"objectNumber":"cairo:osm:way:859463170","district":"Kairo","locality":null,"type":"Park","areaM2":44302.7,"areaHa":4.43,"designation":null,"dedicated":null,"builtYear":null,"renovatedYear":null,"planningAreaId":null,"planningAreaName":null,"centroid":[31.643431,30.095588],"bounds":[31.64002,30.09434,31.64674,30.09661],"amenities":{},"sourceId":"parks"}},{"type":"Feature","id":"cairo:osm:way:874221003","geometry":{"type":"Polygon","coordinates":[[[31.258188,30.08817623],[31.25894943,30.0879763],[31.25903649,30.08823955],[31.25827211,30.08843948],[31.258188,30.08817623]]]},"properties":{"id":"cairo:osm:way:874221003","name":"vinzoula park","nameAddon":null,"objectNumber":"cairo:osm:way:874221003","district":"Kairo","locality":null,"type":"Park","areaM2":2330.7,"areaHa":0.23,"designation":null,"dedicated":null,"builtYear":null,"renovatedYear":null,"planningAreaId":null,"planningAreaName":null,"centroid":[31.258612,30.088208],"bounds":[31.25819,30.08798,31.25904,30.08844],"amenities":{},"sourceId":"parks"}},{"type":"Feature","id":"cairo:osm:way:912384423","geometry":{"type":"Polygon","coordinates":[[[31.26679392,29.95652705],[31.26684852,29.95640673],[31.26696509,29.95632712],[31.26711266,29.95630722],[31.26725137,29.95635426],[31.26734433,29.95645558],[31.26736647,29.95658314],[31.26731187,29.95670346],[31.26719529,29.95678306],[31.26704773,29.95680297],[31.26690902,29.95675593],[31.26681605,29.9566546],[31.26679392,29.95652705]]]},"properties":{"id":"cairo:osm:way:912384423","name":"Unbenannter Park 912384423","nameAddon":null,"objectNumber":"cairo:osm:way:912384423","district":"Kairo","locality":null,"type":"Park","areaM2":2300.7,"areaHa":0.23,"designation":null,"dedicated":null,"builtYear":null,"renovatedYear":null,"planningAreaId":null,"planningAreaName":null,"centroid":[31.26708,29.956555],"bounds":[31.26679,29.95631,31.26737,29.9568],"amenities":{},"sourceId":"parks"}},{"type":"Feature","id":"cairo:osm:way:928437240","geometry":{"type":"Polygon","coordinates":[[[31.23522118,30.03425005],[31.23537907,30.03411978],[31.23571994,30.03399765],[31.23589702,30.03455039],[31.23643858,30.03443459],[31.23656106,30.03486702],[31.23563141,30.03508685],[31.23544548,30.03497286],[31.23531857,30.03456124],[31.23522118,30.03425005]]]},"properties":{"id":"cairo:osm:way:928437240","name":"حديقة دار العلوم","nameAddon":null,"objectNumber":"cairo:osm:way:928437240","district":"Kairo","locality":null,"type":"Park","areaM2":8490.5,"areaHa":0.85,"designation":null,"dedicated":null,"builtYear":null,"renovatedYear":null,"planningAreaId":null,"planningAreaName":null,"centroid":[31.235813,30.034613],"bounds":[31.23522,30.034,31.23656,30.03509],"amenities":{},"sourceId":"parks"}},{"type":"Feature","id":"cairo:osm:way:94530250","geometry":{"type":"Polygon","coordinates":[[[31.43243275,29.98754116],[31.43293151,29.98752669],[31.43310269,29.98906097],[31.43323549,29.98926723],[31.43299939,29.98926723],[31.4327205,29.98913696],[31.43256998,29.98900669],[31.4324844,29.98863488],[31.43250505,29.98791026],[31.43243275,29.98754116]]]},"properties":{"id":"cairo:osm:way:94530250","name":"Unbenannter Park 94530250","nameAddon":null,"objectNumber":"cairo:osm:way:94530250","district":"Kairo","locality":null,"type":"Park","areaM2":9468.9,"areaHa":0.95,"designation":null,"dedicated":null,"builtYear":null,"renovatedYear":null,"planningAreaId":null,"planningAreaName":null,"centroid":[31.432779,29.988392],"bounds":[31.43243,29.98753,31.43324,29.98927],"amenities":{},"sourceId":"parks"}},{"type":"Feature","id":"cairo:osm:way:95064850","geometry":{"type":"Polygon","coordinates":[[[31.39863032,29.98813552],[31.40238582,29.98798354],[31.40497113,29.98798082],[31.40485899,29.9883472],[31.3999643,29.98843767],[31.39953931,29.98848381],[31.39932387,29.98857608],[31.39918811,29.988833],[31.39907006,29.98855527],[31.39863032,29.98813552]]]},"properties":{"id":"cairo:osm:way:95064850","name":"Unbenannter Park 95064850","nameAddon":null,"objectNumber":"cairo:osm:way:95064850","district":"Kairo","locality":null,"type":"Park","areaM2":25761.4,"areaHa":2.58,"designation":null,"dedicated":null,"builtYear":null,"renovatedYear":null,"planningAreaId":null,"planningAreaName":null,"centroid":[31.401813,29.988224],"bounds":[31.39863,29.98798,31.40497,29.98883],"amenities":{},"sourceId":"parks"}},{"type":"Feature","id":"cairo:osm:way:95064862","geometry":{"type":"Polygon","coordinates":[[[31.4023327,29.98710422],[31.4023386,29.98657319],[31.40261159,29.98655419],[31.40262192,29.98709698],[31.4023327,29.98710422]]]},"properties":{"id":"cairo:osm:way:95064862","name":"Unbenannter Park 95064862","nameAddon":null,"objectNumber":"cairo:osm:way:95064862","district":"Kairo","locality":null,"type":"Park","areaM2":1618.3,"areaHa":0.16,"designation":null,"dedicated":null,"builtYear":null,"renovatedYear":null,"planningAreaId":null,"planningAreaName":null,"centroid":[31.402477,29.986835],"bounds":[31.40233,29.98655,31.40262,29.9871],"amenities":{},"sourceId":"parks"}},{"type":"Feature","id":"cairo:osm:way:95064864","geometry":{"type":"Polygon","coordinates":[[[31.4023327,29.98710422],[31.40262192,29.98709698],[31.40267799,29.98752759],[31.40235188,29.98753392],[31.4023327,29.98710422]]]},"properties":{"id":"cairo:osm:way:95064864","name":"Unbenannter Park 95064864","nameAddon":null,"objectNumber":"cairo:osm:way:95064864","district":"Kairo","locality":null,"type":"Park","areaM2":1419.6,"areaHa":0.14,"designation":null,"dedicated":null,"builtYear":null,"renovatedYear":null,"planningAreaId":null,"planningAreaName":null,"centroid":[31.402497,29.98732],"bounds":[31.40233,29.9871,31.40268,29.98753],"amenities":{},"sourceId":"parks"}},{"type":"Feature","id":"cairo:osm:way:95065669","geometry":{"type":"Polygon","coordinates":[[[31.40178228,29.98520445],[31.40198592,29.98504614],[31.4028654,29.98504614],[31.40307199,29.98521712],[31.40308084,29.98573367],[31.40294066,29.98587299],[31.40258946,29.98586575],[31.40261897,29.98637416],[31.40232089,29.9863805],[31.40230318,29.98589379],[31.40202134,29.98585399],[31.40178228,29.98564049],[31.40178228,29.98520445]]]},"properties":{"id":"cairo:osm:way:95065669","name":"Unbenannter Park 95065669","nameAddon":null,"objectNumber":"cairo:osm:way:95065669","district":"Kairo","locality":null,"type":"Park","areaM2":12224.3,"areaHa":1.22,"designation":null,"dedicated":null,"builtYear":null,"renovatedYear":null,"planningAreaId":null,"planningAreaName":null,"centroid":[31.402442,29.985545],"bounds":[31.40178,29.98505,31.40308,29.98638],"amenities":{},"sourceId":"parks"}},{"type":"Feature","id":"cairo:osm:way:95065671","geometry":{"type":"Polygon","coordinates":[[[31.40235188,29.98753392],[31.40267799,29.98752759],[31.40267799,29.9879772],[31.40238582,29.98798354],[31.40235188,29.98753392]]]},"properties":{"id":"cairo:osm:way:95065671","name":"Unbenannter Park 95065671","nameAddon":null,"objectNumber":"cairo:osm:way:95065671","district":"Kairo","locality":null,"type":"Park","areaM2":1484.2,"areaHa":0.15,"designation":null,"dedicated":null,"builtYear":null,"renovatedYear":null,"planningAreaId":null,"planningAreaName":null,"centroid":[31.402523,29.987751],"bounds":[31.40235,29.98753,31.40268,29.98798],"amenities":{},"sourceId":"parks"}},{"type":"Feature","id":"cairo:osm:way:971344410","geometry":{"type":"Polygon","coordinates":[[[31.51586824,30.06259544],[31.51601433,30.06255564],[31.51618993,30.06270762],[31.51610582,30.06281618],[31.51589923,30.06280441],[31.51586824,30.06259544]]]},"properties":{"id":"cairo:osm:way:971344410","name":"Unbenannter Park 971344410","nameAddon":null,"objectNumber":"cairo:osm:way:971344410","district":"Kairo","locality":null,"type":"Park","areaM2":622.1,"areaHa":0.06,"designation":null,"dedicated":null,"builtYear":null,"renovatedYear":null,"planningAreaId":null,"planningAreaName":null,"centroid":[31.516011,30.062696],"bounds":[31.51587,30.06256,31.51619,30.06282],"amenities":{},"sourceId":"parks"}},{"type":"Feature","id":"cairo:osm:way:97144245","geometry":{"type":"Polygon","coordinates":[[[31.23520937,30.04368193],[31.23536727,30.04364664],[31.23545728,30.04354804],[31.23564321,30.04301701],[31.23573765,30.04250226],[31.2357834,30.04250045],[31.23597228,30.04346481],[31.23594572,30.04355256],[31.23585275,30.04364755],[31.23535251,30.04373168],[31.23526692,30.04371359],[31.23520937,30.04368193]]]},"properties":{"id":"cairo:osm:way:97144245","name":"Unbenannter Park 97144245","nameAddon":null,"objectNumber":"cairo:osm:way:97144245","district":"Kairo","locality":null,"type":"Park","areaM2":3783.3,"areaHa":0.38,"designation":null,"dedicated":null,"builtYear":null,"renovatedYear":null,"planningAreaId":null,"planningAreaName":null,"centroid":[31.235711,30.043278],"bounds":[31.23521,30.0425,31.23597,30.04373],"amenities":{},"sourceId":"parks"}},{"type":"Feature","id":"cairo:osm:way:97567997","geometry":{"type":"Polygon","coordinates":[[[31.30618458,30.09847747],[31.30719687,30.09798987],[31.30738575,30.09830288],[31.30740936,30.09850461],[31.30731492,30.09864031],[31.30706849,30.0987941],[31.30705078,30.09876877],[31.30646791,30.09894156],[31.30622295,30.0985399],[31.30618458,30.09847747]]]},"properties":{"id":"cairo:osm:way:97567997","name":"منتزه الطاهرة","nameAddon":null,"objectNumber":"cairo:osm:way:97567997","district":"Kairo","locality":null,"type":"Park","areaM2":7226.7,"areaHa":0.72,"designation":null,"dedicated":null,"builtYear":null,"renovatedYear":null,"planningAreaId":null,"planningAreaName":null,"centroid":[31.306848,30.098492],"bounds":[31.30618,30.09799,31.30741,30.09894],"amenities":{},"sourceId":"parks"}},{"type":"Feature","id":"cairo:osm:way:97827956","geometry":{"type":"Polygon","coordinates":[[[31.22436934,30.03071286],[31.2252016,30.03036457],[31.22567971,30.03119595],[31.22482236,30.03163832],[31.2247353,30.03148001],[31.22436934,30.03071286]]]},"properties":{"id":"cairo:osm:way:97827956","name":"حديقة أم كلثوم","nameAddon":null,"objectNumber":"cairo:osm:way:97827956","district":"Kairo","locality":null,"type":"Park","areaM2":9954.9,"areaHa":1,"designation":null,"dedicated":null,"builtYear":null,"renovatedYear":null,"planningAreaId":null,"planningAreaName":null,"centroid":[31.225014,30.030987],"bounds":[31.22437,30.03036,31.22568,30.03164],"amenities":{},"sourceId":"parks"}},{"type":"Feature","id":"cairo:osm:way:97937684","geometry":{"type":"Polygon","coordinates":[[[31.22970229,30.05487154],[31.22996348,30.05425366],[31.23015827,30.05430704],[31.23025271,30.05412701],[31.23007858,30.05406821],[31.23017155,30.05381039],[31.23087838,30.05436041],[31.2305744,30.05487335],[31.23047258,30.05484169],[31.23034272,30.05508866],[31.22970229,30.05487154]]]},"properties":{"id":"cairo:osm:way:97937684","name":"Unbenannter Park 97937684","nameAddon":null,"objectNumber":"cairo:osm:way:97937684","district":"Kairo","locality":null,"type":"Park","areaM2":8245.5,"areaHa":0.82,"designation":null,"dedicated":null,"builtYear":null,"renovatedYear":null,"planningAreaId":null,"planningAreaName":null,"centroid":[31.230287,30.054523],"bounds":[31.2297,30.05381,31.23088,30.05509],"amenities":{},"sourceId":"parks"}},{"type":"Feature","id":"cairo:osm:way:989399682","geometry":{"type":"Polygon","coordinates":[[[31.24764309,30.00093722],[31.24801791,30.00069206],[31.24804299,30.0003501],[31.24786149,30.00010856],[31.24788067,30.00006694],[31.24863767,29.99978379],[31.24868047,29.99955853],[31.24918956,29.99938303],[31.24943157,29.99887914],[31.25004396,29.99853809],[31.2506652,29.9985806],[31.25077587,29.99866564],[31.25126726,29.99879953],[31.25130858,29.9988918],[31.25147975,29.9989687],[31.25181915,29.99865298],[31.25261157,29.99847024],[31.2526219,29.9985797],[31.25199475,29.99877691],[31.25196081,29.99892437],[31.25179554,29.99898408],[31.25172323,29.99894608],[31.25143106,29.99905464],[31.25134399,29.99903474],[31.25130268,29.99895694],[31.25100165,29.99913877],[31.25103559,29.99894699],[31.25086884,29.99892437],[31.25084228,29.99875339],[31.25071094,29.99876153],[31.25068438,29.9986575],[31.25046009,29.99871449],[31.25035237,29.99867016],[31.25023136,29.9988321],[31.25014725,29.99914963],[31.24981818,29.99936403],[31.24982851,29.99951149],[31.25035532,29.99973313],[31.25059289,29.99977293],[31.2508349,29.99998191],[31.25249204,30.00075719],[31.25275913,30.00073096],[31.25301442,30.00080966],[31.25316493,30.00093903],[31.25328151,30.00116067],[31.25473058,30.00176769],[31.25490028,30.00208612],[31.25597159,30.00233852],[31.25609555,30.00224082],[31.25613391,30.00203003],[31.25628443,30.00041433],[31.25667547,29.99897503],[31.25676844,29.99902569],[31.2563464,30.0006414],[31.25624459,30.00197937],[31.25607341,30.0027239],[31.25596717,30.00300615],[31.25578271,30.00295549],[31.25559235,30.00298444],[31.25543741,30.00308486],[31.25535182,30.00323684],[31.2554138,30.00351185],[31.25562187,30.00364936],[31.25549939,30.0038909],[31.25178521,30.00274561],[31.25159042,30.00251493],[31.25133662,30.00246427],[31.25110051,30.00253121],[31.24913496,30.00192057],[31.2489933,30.00180478],[31.24860669,30.00175593],[31.24820826,30.00161751],[31.24769032,30.00131717],[31.24780689,30.00119957],[31.24770802,30.00107111],[31.24764309,30.00093722]]]},"properties":{"id":"cairo:osm:way:989399682","name":"عين الحياة","nameAddon":null,"objectNumber":"cairo:osm:way:989399682","district":"Kairo","locality":null,"type":"Park","areaM2":195313,"areaHa":19.53,"designation":null,"dedicated":null,"builtYear":null,"renovatedYear":null,"planningAreaId":null,"planningAreaName":null,"centroid":[31.251674,30.001411],"bounds":[31.24764,29.99847,31.25677,30.00389],"amenities":{},"sourceId":"parks"}},{"type":"Feature","id":"cairo:osm:way:993161039","geometry":{"type":"Polygon","coordinates":[[[31.6141029,30.13230595],[31.61481859,30.13195314],[31.6149691,30.13170436],[31.61499271,30.1314194],[31.61573791,30.13154695],[31.61607878,30.13128732],[31.61615109,30.13131084],[31.61635473,30.13155419],[31.61666609,30.13160033],[31.61651557,30.13209698],[31.61537048,30.13279084],[31.61434934,30.1326262],[31.6141029,30.13230595]]]},"properties":{"id":"cairo:osm:way:993161039","name":"Unbenannter Park 993161039","nameAddon":null,"objectNumber":"cairo:osm:way:993161039","district":"Kairo","locality":null,"type":"Park","areaM2":22866.2,"areaHa":2.29,"designation":null,"dedicated":null,"builtYear":null,"renovatedYear":null,"planningAreaId":null,"planningAreaName":null,"centroid":[31.615452,30.13208],"bounds":[31.6141,30.13129,31.61667,30.13279],"amenities":{},"sourceId":"parks"}},{"type":"Feature","id":"cairo:osm:way:99842004","geometry":{"type":"Polygon","coordinates":[[[31.24712367,30.05240185],[31.24718565,30.05239913],[31.24717974,30.05230233],[31.24712957,30.05230414],[31.24712662,30.05224896],[31.24717384,30.05224715],[31.24713548,30.0516935],[31.24737158,30.05146825],[31.24756489,30.05147458],[31.24772721,30.0517713],[31.24789838,30.0517695],[31.2478969,30.0517125],[31.24799872,30.05171069],[31.24799725,30.05165008],[31.24807546,30.05164918],[31.2480607,30.05130812],[31.24883836,30.05128189],[31.24884131,30.0522951],[31.24860669,30.0523349],[31.24866571,30.05269314],[31.24868785,30.052723],[31.24884279,30.05266329],[31.24908479,30.05303691],[31.24904347,30.0530541],[31.24902577,30.05356613],[31.2480548,30.05359056],[31.24796478,30.05347114],[31.2478246,30.05345124],[31.24724467,30.05301158],[31.24718122,30.05276099],[31.24718712,30.05243984],[31.24712662,30.05244255],[31.24712367,30.05240185]]]},"properties":{"id":"cairo:osm:way:99842004","name":"حديقة الأزبكية","nameAddon":null,"objectNumber":"cairo:osm:way:99842004","district":"Kairo","locality":null,"type":"Park","areaM2":35504.2,"areaHa":3.55,"designation":null,"dedicated":null,"builtYear":null,"renovatedYear":null,"planningAreaId":null,"planningAreaName":null,"centroid":[31.248102,30.052475],"bounds":[31.24712,30.05128,31.24908,30.05359],"amenities":{},"sourceId":"parks"}},{"type":"Feature","id":"cairo:osm:way:99842808","geometry":{"type":"Polygon","coordinates":[[[31.24567017,30.03091912],[31.24574838,30.03081147],[31.24600661,30.03080242],[31.24597562,30.03061878],[31.2470248,30.03047585],[31.24706612,30.03069929],[31.24691118,30.03081147],[31.24694659,30.03108829],[31.24719007,30.0313036],[31.24692593,30.03158495],[31.24567017,30.03091912]]]},"properties":{"id":"cairo:osm:way:99842808","name":"حديقة الحوض المرصود","nameAddon":null,"objectNumber":"cairo:osm:way:99842808","district":"Kairo","locality":null,"type":"Park","areaM2":9543.8,"areaHa":0.95,"designation":null,"dedicated":null,"builtYear":null,"renovatedYear":null,"planningAreaId":null,"planningAreaName":null,"centroid":[31.246532,30.03097],"bounds":[31.24567,30.03048,31.24719,30.03158],"amenities":{},"sourceId":"parks"}}]}
