{"type":"FeatureCollection","schemaVersion":1,"generatedAt":"2026-07-25T14:32:32.757Z","dataAsOf":null,"sourceId":"parks","features":[{"type":"Feature","id":"paris:1","geometry":{"type":"MultiPolygon","coordinates":[[[[2.34233395,48.86358422],[2.34289912,48.86346481],[2.34293011,48.8635399],[2.34267188,48.86361408],[2.34245791,48.86374796],[2.3423915,48.86374344],[2.34233395,48.86358422]]],[[[2.34297733,48.86238013],[2.34301275,48.86233942],[2.34311457,48.86230776],[2.3431249,48.86232314],[2.34297733,48.86238013]]],[[[2.34302603,48.86341324],[2.34348643,48.86333454],[2.3435912,48.86328569],[2.34365465,48.86336892],[2.34308801,48.86351095],[2.34302603,48.86341324]]],[[[2.3430821,48.86317984],[2.34322967,48.86312557],[2.3431795,48.86308938],[2.34338313,48.86303691],[2.34355431,48.86317804],[2.34356169,48.86323684],[2.34315146,48.86333002],[2.34308948,48.8632486],[2.3430821,48.86317984]]],[[[2.34317212,48.86230143],[2.34412685,48.86210693],[2.34415932,48.86213136],[2.34438804,48.86208522],[2.34451052,48.86237561],[2.343603,48.86258639],[2.34340969,48.86261987],[2.34336247,48.86252669],[2.34322081,48.86245432],[2.34349233,48.8623928],[2.34333444,48.86230867],[2.34317212,48.86230143]]],[[[2.34332411,48.86208069],[2.34344806,48.86205808],[2.3434702,48.86214492],[2.34336838,48.86216754],[2.34332411,48.86208069]]],[[[2.34345839,48.86271395],[2.34456955,48.86245974],[2.34483073,48.86292473],[2.3442818,48.86307491],[2.3442213,48.86299349],[2.34412095,48.86305048],[2.34412685,48.86310928],[2.34392322,48.86315542],[2.34379336,48.86309933],[2.34369744,48.86318075],[2.34345839,48.86271395]]],[[[2.34357201,48.86202642],[2.34429508,48.86186086],[2.34431869,48.86195314],[2.34368121,48.86209698],[2.34363399,48.86210783],[2.34357201,48.86202642]]],[[[2.34402946,48.86318889],[2.34458725,48.86306314],[2.3446389,48.86317713],[2.34455479,48.8632106],[2.34427737,48.86327302],[2.34415489,48.86323141],[2.34414456,48.86327845],[2.3440634,48.86328117],[2.34402946,48.86318889]]],[[[2.34441608,48.86183373],[2.34510373,48.86167903],[2.34516865,48.86176497],[2.34504027,48.86179392],[2.34500338,48.86174507],[2.34491927,48.86177311],[2.34458873,48.86183915],[2.34447953,48.86191695],[2.34441608,48.86183373]]],[[[2.34444854,48.8620825],[2.34461972,48.86199113],[2.34506979,48.86188981],[2.34509782,48.86192509],[2.34524686,48.86189162],[2.34539,48.86217387],[2.34473482,48.86233128],[2.34459463,48.86228062],[2.34444854,48.8620825]]],[[[2.34464185,48.86245612],[2.34543722,48.86226705],[2.34565561,48.86270309],[2.34513471,48.86283065],[2.34525719,48.86285417],[2.34504027,48.86290393],[2.34494731,48.86279084],[2.34484106,48.86282341],[2.34464185,48.86245612]]],[[[2.34539738,48.86187715],[2.34552723,48.86183644],[2.34556265,48.8619061],[2.34543279,48.86194771],[2.34539738,48.86187715]]],[[[2.34542837,48.86159942],[2.34582531,48.86150986],[2.34589319,48.86159852],[2.34568513,48.86161842],[2.34553609,48.86167903],[2.34547559,48.86163651],[2.34550067,48.86168627],[2.34545788,48.86169622],[2.34542837,48.86159942]]],[[[2.34553019,48.86214221],[2.34562758,48.86205084],[2.34567185,48.86210964],[2.34558183,48.8621395],[2.34553019,48.86214221]]],[[[2.34557888,48.86223539],[2.34572054,48.86220373],[2.34572349,48.8622372],[2.34562315,48.86229419],[2.34557888,48.86223539]]],[[[2.34567627,48.86201466],[2.34577219,48.86198299],[2.34581646,48.86204451],[2.34576186,48.86208069],[2.34567627,48.86201466]]],[[[2.34577219,48.86220101],[2.34595074,48.86214221],[2.34600387,48.8621395],[2.34600682,48.86217387],[2.34605109,48.86223268],[2.34596255,48.86226253],[2.34585778,48.86226705],[2.34577219,48.86220101]]],[[[2.34577219,48.86260811],[2.34633736,48.86248055],[2.3463831,48.86254026],[2.34638901,48.86259906],[2.34582384,48.86272661],[2.34577219,48.86260811]]],[[[2.34581056,48.86176678],[2.34595074,48.86173421],[2.34599501,48.86179302],[2.34599944,48.86182739],[2.34585778,48.86185996],[2.34581056,48.86176678]]],[[[2.34585483,48.86277637],[2.34600682,48.86276732],[2.34642147,48.86264881],[2.34648197,48.86275556],[2.34602305,48.8628596],[2.3459168,48.86288312],[2.34585483,48.86277637]]],[[[2.34586516,48.86248326],[2.34600682,48.8624516],[2.34600977,48.86248507],[2.3459109,48.86254207],[2.34586516,48.86248326]]],[[[2.34591385,48.86195223],[2.34595812,48.86195043],[2.34604518,48.86201646],[2.34596697,48.8620427],[2.34591385,48.86195223]]],[[[2.34609978,48.86232585],[2.3461957,48.86223539],[2.34624144,48.86229419],[2.34615143,48.86232405],[2.34609978,48.86232585]]]]},"properties":{"id":"paris:1","name":"JARDIN NELSON MANDELA","nameAddon":"Jardin","objectNumber":"1","district":"75001","locality":null,"type":"Promenades ouvertes","areaM2":43170,"areaHa":4.32,"designation":null,"dedicated":null,"builtYear":null,"renovatedYear":null,"planningAreaId":null,"planningAreaName":null,"centroid":[2.344478,48.862574],"bounds":[2.34233,48.86151,2.34648,48.86375],"amenities":{},"sourceId":"parks"}},{"type":"Feature","id":"paris:10","geometry":{"type":"Polygon","coordinates":[[[2.36265939,48.85841234],[2.3635728,48.85807943],[2.36369823,48.85826036],[2.36368053,48.85830469],[2.36329834,48.85850733],[2.36290877,48.85864483],[2.36284384,48.85862946],[2.36265939,48.85841234]]]},"properties":{"id":"paris:10","name":"SQUARE LEOPOLD ACHILLE","nameAddon":"Square","objectNumber":"10","district":"75003","locality":null,"type":"Promenades ouvertes","areaM2":2190,"areaHa":0.22,"designation":null,"dedicated":null,"builtYear":null,"renovatedYear":null,"planningAreaId":null,"planningAreaName":null,"centroid":[2.363193,48.858371],"bounds":[2.36266,48.85808,2.3637,48.85864],"amenities":{},"sourceId":"parks"}},{"type":"Feature","id":"paris:100","geometry":{"type":"MultiPolygon","coordinates":[[[[2.31082614,48.86449159],[2.31083205,48.86439569],[2.31173661,48.86441469],[2.31173071,48.86451149],[2.31082614,48.86449159]]],[[[2.31178531,48.86452144],[2.31179121,48.86441198],[2.31196238,48.8644165],[2.31195796,48.86452596],[2.31178531,48.86452144]],[[2.31182515,48.8644943],[2.31192107,48.86449611],[2.31192254,48.86444364],[2.3118281,48.86444183],[2.31182515,48.8644943]]],[[[2.31201256,48.86451692],[2.31201698,48.86442102],[2.31292155,48.86443821],[2.31291417,48.86453682],[2.31201256,48.86451692]]],[[[2.31425405,48.86451511],[2.31432488,48.86446807],[2.31815416,48.86455491],[2.31814973,48.86465442],[2.31431603,48.86456667],[2.31425405,48.86451511]]]]},"properties":{"id":"paris:100","name":"PROMENADE DU COURS LA REINE","nameAddon":"Promenade","objectNumber":"100","district":"75008","locality":null,"type":"Promenades ouvertes","areaM2":6801,"areaHa":0.68,"designation":null,"dedicated":null,"builtYear":null,"renovatedYear":null,"planningAreaId":null,"planningAreaName":null,"centroid":[2.314787,48.864529],"bounds":[2.31083,48.8644,2.31815,48.86465],"amenities":{},"sourceId":"parks"}},{"type":"Feature","id":"paris:10022","geometry":{"type":"Polygon","coordinates":[[[2.36087977,48.89205446],[2.36088567,48.89191514],[2.36136673,48.89182016],[2.36151134,48.89199023],[2.36144789,48.89206532],[2.36087977,48.89205446]]]},"properties":{"id":"paris:10022","name":"SQUARE MARC SEGUIN","nameAddon":"Square","objectNumber":"10022","district":"75018","locality":null,"type":"Promenades ouvertes","areaM2":980,"areaHa":0.1,"designation":null,"dedicated":null,"builtYear":null,"renovatedYear":null,"planningAreaId":null,"planningAreaName":null,"centroid":[2.361197,48.891963],"bounds":[2.36088,48.89182,2.36151,48.89207],"amenities":{},"sourceId":"parks"}},{"type":"Feature","id":"paris:10023","geometry":{"type":"Polygon","coordinates":[[[2.39355628,48.86549213],[2.39396208,48.86522797],[2.39435165,48.86515017],[2.39475007,48.86540257],[2.39475007,48.86544418],[2.39436051,48.8656812],[2.39425573,48.86569749],[2.39356809,48.86553646],[2.39355628,48.86549213]]]},"properties":{"id":"paris:10023","name":"SQUARE DU DOCTEUR J. J. GRANCHER","nameAddon":"Square","objectNumber":"10023","district":"75020","locality":null,"type":"Promenades ouvertes","areaM2":3300,"areaHa":0.33,"designation":null,"dedicated":null,"builtYear":null,"renovatedYear":null,"planningAreaId":null,"planningAreaName":null,"centroid":[2.394183,48.865433],"bounds":[2.39356,48.86515,2.39475,48.8657],"amenities":{},"sourceId":"parks"}},{"type":"Feature","id":"paris:10024","geometry":{"type":"Polygon","coordinates":[[[2.2951534,48.88396508],[2.295208,48.88391352],[2.29527292,48.88391352],[2.295329,48.88382305],[2.29656411,48.88450244],[2.29644311,48.88454677],[2.29638556,48.88463633],[2.2951534,48.88396508]]]},"properties":{"id":"paris:10024","name":"PROMENADE PEREIRE - PROMENADE GILBERTE BROSSOLETTE","nameAddon":"Promenade","objectNumber":"10024","district":"75017","locality":null,"type":"Promenades ouvertes","areaM2":2310,"areaHa":0.23,"designation":null,"dedicated":null,"builtYear":null,"renovatedYear":null,"planningAreaId":null,"planningAreaName":null,"centroid":[2.295851,48.884228],"bounds":[2.29515,48.88382,2.29656,48.88464],"amenities":{},"sourceId":"parks"}},{"type":"Feature","id":"paris:10025","geometry":{"type":"Polygon","coordinates":[[[2.29361283,48.88312828],[2.29366891,48.88307581],[2.29373383,48.88307581],[2.29379138,48.88298625],[2.2951593,48.88373801],[2.29503682,48.88378234],[2.2949778,48.88387281],[2.29361283,48.88312828]]]},"properties":{"id":"paris:10025","name":"PROMENADE PEREIRE - PROMENADE ROSEMONDE PUJOL","nameAddon":"Promenade","objectNumber":"10025","district":"75017","locality":null,"type":"Promenades ouvertes","areaM2":2580,"areaHa":0.26,"designation":null,"dedicated":null,"builtYear":null,"renovatedYear":null,"planningAreaId":null,"planningAreaName":null,"centroid":[2.294378,48.883428],"bounds":[2.29361,48.88299,2.29516,48.88387],"amenities":{},"sourceId":"parks"}},{"type":"Feature","id":"paris:10026","geometry":{"type":"Polygon","coordinates":[[[2.29183469,48.88216392],[2.29188929,48.88211055],[2.29195569,48.88211055],[2.29201177,48.88202189],[2.29361283,48.88288945],[2.29355823,48.88294283],[2.29349035,48.88294464],[2.29344904,48.88303148],[2.29343576,48.88303239],[2.29183469,48.88216392]]]},"properties":{"id":"paris:10026","name":"PROMENADE PEREIRE - PROMENADE THERESE PIERRE","nameAddon":"Promenade","objectNumber":"10026","district":"75017","locality":null,"type":"Promenades ouvertes","areaM2":3200,"areaHa":0.32,"designation":null,"dedicated":null,"builtYear":null,"renovatedYear":null,"planningAreaId":null,"planningAreaName":null,"centroid":[2.292725,48.882528],"bounds":[2.29183,48.88202,2.29361,48.88303],"amenities":{},"sourceId":"parks"}},{"type":"Feature","id":"paris:10027","geometry":{"type":"Polygon","coordinates":[[[2.29116327,48.88180025],[2.29134035,48.88165822],[2.29185978,48.88194681],[2.29171516,48.88197395],[2.29171959,48.88202099],[2.29164581,48.8820626],[2.29116327,48.88180025]]]},"properties":{"id":"paris:10027","name":"PROMENADE PEREIRE - BAYEN / LEBON","nameAddon":"Promenade","objectNumber":"10027","district":"75017","locality":null,"type":"Promenades ouvertes","areaM2":1150,"areaHa":0.12,"designation":null,"dedicated":null,"builtYear":null,"renovatedYear":null,"planningAreaId":null,"planningAreaName":null,"centroid":[2.291494,48.881862],"bounds":[2.29116,48.88166,2.29186,48.88206],"amenities":{},"sourceId":"parks"}},{"type":"Feature","id":"paris:10028","geometry":{"type":"Polygon","coordinates":[[[2.28984701,48.88109282],[2.28990308,48.88103944],[2.28997096,48.88103763],[2.29001228,48.88095079],[2.29045202,48.88123666],[2.29048153,48.88121223],[2.2902351,48.88106658],[2.29119869,48.88158314],[2.29114409,48.88163651],[2.29107621,48.88163832],[2.29102309,48.88172607],[2.28984701,48.88109282]]]},"properties":{"id":"paris:10028","name":"PROMENADE PEREIRE - LEBON / GUERSANT","nameAddon":"Promenade","objectNumber":"10028","district":"75017","locality":null,"type":"Promenades ouvertes","areaM2":2210,"areaHa":0.22,"designation":null,"dedicated":null,"builtYear":null,"renovatedYear":null,"planningAreaId":null,"planningAreaName":null,"centroid":[2.290533,48.881349],"bounds":[2.28985,48.88095,2.2912,48.88173],"amenities":{},"sourceId":"parks"}},{"type":"Feature","id":"paris:10029","geometry":{"type":"Polygon","coordinates":[[[2.28824151,48.88022526],[2.28852926,48.88014293],[2.28981454,48.88084313],[2.28963599,48.88097793],[2.28824151,48.88022526]]]},"properties":{"id":"paris:10029","name":"PROMENADE PEREIRE - GUERSANT / TERNES","nameAddon":"Promenade","objectNumber":"10029","district":"75017","locality":null,"type":"Promenades ouvertes","areaM2":1280,"areaHa":0.13,"designation":null,"dedicated":null,"builtYear":null,"renovatedYear":null,"planningAreaId":null,"planningAreaName":null,"centroid":[2.289051,48.880546],"bounds":[2.28824,48.88014,2.28981,48.88098],"amenities":{},"sourceId":"parks"}},{"type":"Feature","id":"paris:10030","geometry":{"type":"Polygon","coordinates":[[[2.28579786,48.87890176],[2.28596165,48.8787552],[2.2880305,48.87987516],[2.28776193,48.87996653],[2.28579786,48.87890176]]]},"properties":{"id":"paris:10030","name":"PROMENADE PEREIRE - TERNES / MAILLOT","nameAddon":"Promenade","objectNumber":"10030","district":"75017","locality":null,"type":"Promenades ouvertes","areaM2":4040,"areaHa":0.4,"designation":null,"dedicated":null,"builtYear":null,"renovatedYear":null,"planningAreaId":null,"planningAreaName":null,"centroid":[2.28689,48.879375],"bounds":[2.2858,48.87876,2.28803,48.87997],"amenities":{},"sourceId":"parks"}},{"type":"Feature","id":"paris:10031","geometry":{"type":"Polygon","coordinates":[[[2.35621823,48.85846119],[2.35651631,48.85835535],[2.35665354,48.85849376],[2.35657386,48.85852904],[2.35677307,48.85882396],[2.35664026,48.85887642],[2.35653992,48.85888185],[2.35621823,48.85846119]]]},"properties":{"id":"paris:10031","name":"JARDIN DU CLOS DES BLANCS MANTEAUX-FRANCESCA DANDOLO","nameAddon":"Jardin","objectNumber":"10031","district":"75004","locality":null,"type":"Promenades ouvertes","areaM2":969,"areaHa":0.1,"designation":null,"dedicated":null,"builtYear":null,"renovatedYear":null,"planningAreaId":null,"planningAreaName":null,"centroid":[2.356505,48.858617],"bounds":[2.35622,48.85836,2.35677,48.85888],"amenities":{},"sourceId":"parks"}},{"type":"Feature","id":"paris:10033","geometry":{"type":"Polygon","coordinates":[[[2.35235648,48.84546861],[2.35256898,48.84488692],[2.35255865,48.84449521],[2.35309873,48.84440384],[2.35339976,48.84448073],[2.35379671,48.84502895],[2.35427924,48.84511037],[2.3542512,48.84521802],[2.35450206,48.84523973],[2.35449616,48.84527501],[2.35424235,48.84526054],[2.35433384,48.84531753],[2.35411397,48.8454677],[2.3539546,48.84568572],[2.35356651,48.84545594],[2.35305594,48.84576533],[2.35292018,48.84568211],[2.35264719,48.84551475],[2.35235648,48.84546861]]]},"properties":{"id":"paris:10033","name":"SQUARES DES ARENES DE LUTECE ET CAPITAN","nameAddon":"Square","objectNumber":"10033","district":"75005","locality":null,"type":"Promenades ouvertes","areaM2":12168,"areaHa":1.22,"designation":null,"dedicated":null,"builtYear":null,"renovatedYear":null,"planningAreaId":null,"planningAreaName":null,"centroid":[2.353235,48.845108],"bounds":[2.35236,48.8444,2.3545,48.84577],"amenities":{},"sourceId":"parks"}},{"type":"Feature","id":"paris:10034","geometry":{"type":"Polygon","coordinates":[[[2.43818989,48.83922924],[2.43998279,48.83792383],[2.44014216,48.8380161],[2.44041515,48.83799077],[2.4404609,48.83815904],[2.4407029,48.83833906],[2.44099508,48.83831373],[2.44121642,48.83820427],[2.44159566,48.8372761],[2.44148204,48.83708341],[2.44129758,48.83701194],[2.44162812,48.8367894],[2.44171224,48.83667451],[2.44165026,48.83662475],[2.44199851,48.83645649],[2.4419749,48.8364013],[2.44229069,48.83636783],[2.44282929,48.83677311],[2.44363647,48.83629003],[2.44390208,48.83519902],[2.44426656,48.8348046],[2.44432707,48.83554098],[2.44402013,48.83629003],[2.44394488,48.83668355],[2.44404079,48.83686086],[2.44486567,48.83695043],[2.4463059,48.83682287],[2.4461421,48.83586304],[2.44756609,48.83569658],[2.44806633,48.83577348],[2.44831719,48.83610367],[2.44852525,48.83692781],[2.4492011,48.83691695],[2.44930292,48.83676226],[2.45015583,48.83687805],[2.45008795,48.83720463],[2.4495095,48.83854985],[2.44814897,48.83924643],[2.44707765,48.83953953],[2.43888344,48.84024606],[2.4388554,48.84006694],[2.43907822,48.83998281],[2.43905461,48.83971956],[2.43887163,48.83944093],[2.43860454,48.83928442],[2.43835073,48.83933237],[2.43818989,48.83922924]]]},"properties":{"id":"paris:10034","name":"PARC FLORAL DE PARIS","nameAddon":"Parc","objectNumber":"10034","district":"75012","locality":null,"type":"Promenades ouvertes","areaM2":371602,"areaHa":37.16,"designation":null,"dedicated":null,"builtYear":null,"renovatedYear":null,"planningAreaId":null,"planningAreaName":null,"centroid":[2.44453,48.838147],"bounds":[2.43819,48.8348,2.45016,48.84025],"amenities":{},"sourceId":"parks"}},{"type":"Feature","id":"paris:10035","geometry":{"type":"Polygon","coordinates":[[[2.45305251,48.82110548],[2.45341257,48.82072191],[2.45415629,48.81998733],[2.45429795,48.81989958],[2.45451929,48.81986973],[2.4588075,48.82017369],[2.4594066,48.82035734],[2.4600426,48.82075719],[2.46006179,48.82083228],[2.4593889,48.82156685],[2.45802688,48.82337434],[2.45781439,48.82360865],[2.45760928,48.82363488],[2.45664274,48.82311019],[2.45420793,48.82190248],[2.45306136,48.82118961],[2.45305251,48.82110548]]]},"properties":{"id":"paris:10035","name":"ECOLE D'HORTICULTURE DU BREUIL ARBORETUM","nameAddon":"Arboretum","objectNumber":"10035","district":"75012","locality":null,"type":"Promenades ouvertes","areaM2":127620,"areaHa":12.76,"designation":null,"dedicated":null,"builtYear":null,"renovatedYear":null,"planningAreaId":null,"planningAreaName":null,"centroid":[2.456654,48.821397],"bounds":[2.45305,48.81987,2.46006,48.82363],"amenities":{},"sourceId":"parks"}},{"type":"Feature","id":"paris:10036","geometry":{"type":"Polygon","coordinates":[[[2.24224589,48.86658404],[2.2440624,48.8664782],[2.24407126,48.86643839],[2.24425866,48.86643839],[2.24695908,48.86824317],[2.24706237,48.86825403],[2.24731913,48.8684241],[2.24731913,48.86849195],[2.24783118,48.86883119],[2.24789168,48.86880315],[2.24808056,48.86892709],[2.24812188,48.86905735],[2.24820747,48.86910259],[2.24835356,48.86907997],[2.25049766,48.87051656],[2.25256945,48.87268771],[2.24883904,48.87430885],[2.24771756,48.87299982],[2.24736488,48.8725484],[2.24612682,48.87059797],[2.2444682,48.86882848],[2.24352822,48.86808757],[2.24224589,48.86658404]]]},"properties":{"id":"paris:10036","name":"PARC DE BAGATELLE","nameAddon":"Parc","objectNumber":"10036","district":"75016","locality":null,"type":"Promenades ouvertes","areaM2":227125,"areaHa":22.71,"designation":null,"dedicated":null,"builtYear":null,"renovatedYear":null,"planningAreaId":null,"planningAreaName":null,"centroid":[2.247734,48.870479],"bounds":[2.24225,48.86644,2.25257,48.87431],"amenities":{},"sourceId":"parks"}},{"type":"Feature","id":"paris:10043","geometry":{"type":"Polygon","coordinates":[[[2.25003136,48.86430704],[2.25029107,48.86429256],[2.25054635,48.86440293],[2.2507131,48.86440384],[2.25084738,48.86423828],[2.25100085,48.86425005],[2.25116022,48.86421115],[2.25125466,48.86407907],[2.25113661,48.86393885],[2.25126351,48.86378596],[2.2512281,48.86358603],[2.25140665,48.86355618],[2.25138894,48.86342139],[2.25305199,48.86335354],[2.25313462,48.86339696],[2.25338105,48.86339787],[2.25408493,48.86380315],[2.2547165,48.86427718],[2.25485374,48.86464357],[2.2552743,48.86540076],[2.25526397,48.86569025],[2.25515182,48.86593631],[2.25508837,48.86596978],[2.25498359,48.86596164],[2.25486112,48.86603582],[2.25489063,48.86619685],[2.25461764,48.8664013],[2.25443613,48.8664592],[2.25420593,48.86644654],[2.25328071,48.86603854],[2.25060095,48.86513117],[2.25024827,48.86468337],[2.25003136,48.86430704]]]},"properties":{"id":"paris:10043","name":"JARDIN DU PRE CATELAN","nameAddon":"Jardin","objectNumber":"10043","district":"75016","locality":null,"type":"Promenades ouvertes","areaM2":80240,"areaHa":8.02,"designation":null,"dedicated":null,"builtYear":null,"renovatedYear":null,"planningAreaId":null,"planningAreaName":null,"centroid":[2.252966,48.864801],"bounds":[2.25003,48.86335,2.25527,48.86646],"amenities":{},"sourceId":"parks"}},{"type":"Feature","id":"paris:10045","geometry":{"type":"Polygon","coordinates":[[[2.2240867,48.85453953],[2.22413244,48.85343496],[2.23822626,48.85034919],[2.23962221,48.85001357],[2.23996308,48.84986702],[2.24045152,48.8495133],[2.2424879,48.84769405],[2.24999742,48.84575719],[2.25068211,48.84562059],[2.25087542,48.84590465],[2.25108053,48.84639949],[2.25114546,48.84682196],[2.25111005,48.84755021],[2.25131368,48.84797358],[2.25722804,48.84789307],[2.25737265,48.84842862],[2.25773123,48.84866112],[2.25780501,48.84919667],[2.25825066,48.85010313],[2.26249902,48.8567324],[2.2626392,48.85727791],[2.26276758,48.85754568],[2.2650076,48.86103311],[2.26514631,48.86147367],[2.26509761,48.86218111],[2.26524665,48.86238104],[2.2655285,48.86311019],[2.26641241,48.86373982],[2.26689346,48.86397322],[2.26706169,48.86400308],[2.26735682,48.86423467],[2.26668245,48.86457662],[2.26657178,48.86467794],[2.26663966,48.8647856],[2.26777442,48.86594174],[2.26911873,48.86788402],[2.26915709,48.86790031],[2.26932236,48.86784331],[2.26942271,48.86796454],[2.26925153,48.86805319],[2.26954076,48.86838972],[2.27057813,48.86948344],[2.2706711,48.86950968],[2.27082014,48.86942917],[2.27095294,48.86954858],[2.27077734,48.86965081],[2.27212608,48.8710114],[2.27223085,48.87100868],[2.27281962,48.87139678],[2.27373747,48.87158133],[2.27387618,48.87164918],[2.27397505,48.87195676],[2.27356187,48.87253302],[2.27376698,48.87269676],[2.27424066,48.87315542],[2.27456235,48.87358965],[2.27647773,48.87564954],[2.27678761,48.87587389],[2.2791752,48.87731409],[2.27925488,48.87737923],[2.27938916,48.87780351],[2.27774088,48.8780152],[2.27755642,48.87792564],[2.27155205,48.87871087],[2.2589265,48.88026144],[2.25844101,48.88009499],[2.25532594,48.87396689],[2.25515034,48.87408902],[2.25484931,48.87406912],[2.24569151,48.87634612],[2.24480317,48.87553374],[2.24351789,48.8742211],[2.24114949,48.87231138],[2.24034822,48.87178397],[2.23974616,48.87155871],[2.23715199,48.87093541],[2.2321481,48.86956667],[2.22979741,48.86710422],[2.22864494,48.86570563],[2.22833211,48.86525602],[2.22813732,48.86486702],[2.22725194,48.86248417],[2.22565825,48.85946173],[2.22529377,48.85864936],[2.22452644,48.85653429],[2.22417671,48.85532477],[2.2240867,48.85453953]],[[2.24223261,48.86650534],[2.24352822,48.86804957],[2.24451395,48.86882486],[2.24612682,48.87057445],[2.24735455,48.87249955],[2.24885085,48.87427176],[2.25068949,48.87349919],[2.25261962,48.87264158],[2.2505434,48.87045775],[2.24838602,48.86901303],[2.24824731,48.86903564],[2.24816172,48.86899765],[2.24811598,48.86885743],[2.24791972,48.86874254],[2.24785922,48.86876968],[2.24781052,48.86874073],[2.24737078,48.86843043],[2.24737963,48.86835897],[2.24708008,48.86816718],[2.24701368,48.86817261],[2.24684841,48.86807943],[2.24478842,48.86666546],[2.24472201,48.86666003],[2.24429113,48.86636964],[2.24223261,48.86650534]],[[2.24992659,48.86344491],[2.24994134,48.86364574],[2.25005792,48.86354442],[2.25080164,48.86347928],[2.25092707,48.86363126],[2.25115136,48.86362765],[2.25123843,48.86367107],[2.25126499,48.86374254],[2.25115579,48.8638909],[2.25125466,48.86394518],[2.25130778,48.86404559],[2.25123695,48.86421567],[2.25108939,48.86427266],[2.25089755,48.86426542],[2.25077803,48.86438484],[2.25061866,48.86439569],[2.2504711,48.86435589],[2.25038403,48.86424009],[2.25003431,48.86430523],[2.24996052,48.86500181],[2.25054045,48.86513479],[2.2506526,48.86512122],[2.25308002,48.86598878],[2.25335744,48.86605754],[2.2542384,48.86645196],[2.25449516,48.86651981],[2.25522117,48.86609824],[2.25535103,48.86567306],[2.25529495,48.86517731],[2.25503672,48.86479374],[2.25490391,48.86445721],[2.2547047,48.86418762],[2.25442433,48.86397503],[2.25341647,48.86335082],[2.25317741,48.86338249],[2.25302838,48.86324679],[2.25218283,48.86326579],[2.24992659,48.86344491]]]},"properties":{"id":"paris:10045","name":"BOIS DE BOULOGNE","nameAddon":"Bois","objectNumber":"10045","district":"75016","locality":null,"type":"Bois","areaM2":8057728,"areaHa":805.77,"designation":null,"dedicated":null,"builtYear":null,"renovatedYear":null,"planningAreaId":null,"planningAreaName":null,"centroid":[2.249738,48.863103],"bounds":[2.22409,48.84562,2.27939,48.88026],"amenities":{},"sourceId":"parks"}},{"type":"Feature","id":"paris:10046","geometry":{"type":"Polygon","coordinates":[[[2.38871472,48.86349647],[2.38883277,48.86343224],[2.3890187,48.86349828],[2.38897886,48.86356794],[2.38940679,48.86360232],[2.3893817,48.86371359],[2.38961338,48.8637353],[2.38960305,48.86376696],[2.38981111,48.863833],[2.38902312,48.86373078],[2.38871472,48.86349647]]]},"properties":{"id":"paris:10046","name":"SQUARE JACQUES GRYNBERG","nameAddon":"Square","objectNumber":"10046","district":"75020","locality":null,"type":"Promenades ouvertes","areaM2":1034,"areaHa":0.1,"designation":null,"dedicated":null,"builtYear":null,"renovatedYear":null,"planningAreaId":null,"planningAreaName":null,"centroid":[2.389151,48.863644],"bounds":[2.38871,48.86343,2.38981,48.86383],"amenities":{},"sourceId":"parks"}},{"type":"Feature","id":"paris:10050","geometry":{"type":"Polygon","coordinates":[[[2.45808443,48.82366293],[2.45958516,48.82168446],[2.4599644,48.82123485],[2.46031117,48.82092998],[2.46040414,48.82093541],[2.46147988,48.82164827],[2.46177058,48.82199656],[2.46196979,48.82322417],[2.46223245,48.82414601],[2.46220589,48.82479193],[2.46255857,48.82595441],[2.46249954,48.82597612],[2.46113753,48.82531482],[2.45934758,48.82458838],[2.45820839,48.8239696],[2.45821577,48.82380224],[2.45808443,48.82366293]]]},"properties":{"id":"paris:10050","name":"ECOLE D'HORTICULTURE DU BREUIL","nameAddon":"Jardin","objectNumber":"10050","district":"75012","locality":null,"type":"Promenades ouvertes","areaM2":98075,"areaHa":9.81,"designation":null,"dedicated":null,"builtYear":null,"renovatedYear":null,"planningAreaId":null,"planningAreaName":null,"centroid":[2.460511,48.823415],"bounds":[2.45808,48.82093,2.46256,48.82598],"amenities":{},"sourceId":"parks"}},{"type":"Feature","id":"paris:10074","geometry":{"type":"Polygon","coordinates":[[[2.38064445,48.85612358],[2.38070348,48.85603221],[2.38110633,48.85614891],[2.38094991,48.8563805],[2.38075513,48.8563235],[2.380854,48.85618328],[2.38064445,48.85612358]]]},"properties":{"id":"paris:10074","name":"SQUARE OLGA BANCIC","nameAddon":"Square","objectNumber":"10074","district":"75011","locality":null,"type":"Promenades ouvertes","areaM2":520,"areaHa":0.05,"designation":null,"dedicated":null,"builtYear":null,"renovatedYear":null,"planningAreaId":null,"planningAreaName":null,"centroid":[2.380886,48.856199],"bounds":[2.38064,48.85603,2.38111,48.85638],"amenities":{},"sourceId":"parks"}},{"type":"Feature","id":"paris:10077","geometry":{"type":"Polygon","coordinates":[[[2.31916792,48.83413425],[2.31945124,48.83394156],[2.31947928,48.83396508],[2.31971686,48.83383933],[2.31933467,48.83354804],[2.31955454,48.83342953],[2.32021415,48.83390356],[2.31994116,48.83403383],[2.32007396,48.83415415],[2.31954716,48.83442826],[2.31916792,48.83413425]]]},"properties":{"id":"paris:10077","name":"JARDIN FRANCOISE HERITIER","nameAddon":"Square","objectNumber":"10077","district":"75014","locality":null,"type":"Promenades ouvertes","areaM2":3820,"areaHa":0.38,"designation":null,"dedicated":null,"builtYear":null,"renovatedYear":null,"planningAreaId":null,"planningAreaName":null,"centroid":[2.319683,48.833969],"bounds":[2.31917,48.83343,2.32021,48.83443],"amenities":{},"sourceId":"parks"}},{"type":"Feature","id":"paris:10081","geometry":{"type":"Polygon","coordinates":[[[2.46465397,48.83168989],[2.46537261,48.83163832],[2.46606173,48.83231771],[2.46643654,48.83261625],[2.46724962,48.83307852],[2.46854818,48.83372716],[2.46881379,48.83394337],[2.46915762,48.83435498],[2.4691281,48.83448887],[2.46919008,48.83460195],[2.4680686,48.83543876],[2.46722306,48.83493396],[2.46674052,48.83526506],[2.46666231,48.8352343],[2.46627275,48.83545052],[2.4661001,48.83530668],[2.46578874,48.83548218],[2.46511585,48.83514293],[2.4647676,48.8329374],[2.46465397,48.83168989]]]},"properties":{"id":"paris:10081","name":"JARDIN D'AGRONOMIE TROPICALE","nameAddon":"Jardin","objectNumber":"10081","district":"75012","locality":null,"type":"Promenades ouvertes","areaM2":82086,"areaHa":8.21,"designation":null,"dedicated":null,"builtYear":null,"renovatedYear":null,"planningAreaId":null,"planningAreaName":null,"centroid":[2.466533,48.833858],"bounds":[2.46465,48.83164,2.46919,48.83548],"amenities":{},"sourceId":"parks"}},{"type":"Feature","id":"paris:101","geometry":{"type":"MultiPolygon","coordinates":[[[[2.3130942,48.86518726],[2.3132034,48.8650968],[2.31344245,48.86511218],[2.31352656,48.86518907],[2.31359296,48.86574995],[2.31338342,48.86579157],[2.31334211,48.86574815],[2.31329489,48.86582956],[2.31318569,48.86582233],[2.3130942,48.86518726]]],[[[2.31325357,48.86640402],[2.3133185,48.86637235],[2.31343212,48.8664592],[2.31345278,48.86641306],[2.31367412,48.86643297],[2.31371397,48.86704813],[2.3136269,48.86711869],[2.31332587,48.86722906],[2.3132639,48.86713859],[2.31334801,48.86707346],[2.31325357,48.86640402]]],[[[2.31405336,48.86641035],[2.31433226,48.86637416],[2.31434849,48.86619414],[2.3144267,48.86614348],[2.31448277,48.86647729],[2.31447244,48.86660847],[2.3144754,48.86663742],[2.31408435,48.8666727],[2.31405336,48.86641035]]]]},"properties":{"id":"paris:101","name":"JARDINS DES CHAMPS ELYSEES - GRAND PALAIS","nameAddon":"Jardin","objectNumber":"101","district":"75008","locality":null,"type":"Promenades ouvertes","areaM2":5873,"areaHa":0.59,"designation":null,"dedicated":null,"builtYear":null,"renovatedYear":null,"planningAreaId":null,"planningAreaName":null,"centroid":[2.31358,48.866196],"bounds":[2.31309,48.8651,2.31448,48.86723],"amenities":{},"sourceId":"parks"}},{"type":"Feature","id":"paris:10131","geometry":{"type":"Polygon","coordinates":[[[2.35813656,48.8535607],[2.35855711,48.85339334],[2.35884044,48.85369459],[2.35837856,48.85385833],[2.35813656,48.8535607]]]},"properties":{"id":"paris:10131","name":"JARDIN DE L'HOTEL DE SENS","nameAddon":"Jardin","objectNumber":"10131","district":"75004","locality":null,"type":"Promenades ouvertes","areaM2":1410,"areaHa":0.14,"designation":null,"dedicated":null,"builtYear":null,"renovatedYear":null,"planningAreaId":null,"planningAreaName":null,"centroid":[2.358481,48.853628],"bounds":[2.35814,48.85339,2.35884,48.85386],"amenities":{},"sourceId":"parks"}},{"type":"Feature","id":"paris:10132","geometry":{"type":"Polygon","coordinates":[[[2.3993157,48.83077438],[2.4014775,48.82937308],[2.40243962,48.82963362],[2.40359504,48.82920934],[2.40455716,48.82875158],[2.40539237,48.82825222],[2.4070141,48.82694681],[2.40819166,48.82614981],[2.40956547,48.8254478],[2.41026197,48.82518545],[2.41062793,48.82509499],[2.41164022,48.82490592],[2.4123928,48.82482359],[2.4139127,48.82479374],[2.41538539,48.82487878],[2.41627372,48.82484169],[2.41779363,48.824611],[2.41896086,48.82430704],[2.41975623,48.8241632],[2.42130269,48.82413335],[2.42430119,48.82426633],[2.42587422,48.82423648],[2.42658843,48.8241831],[2.4284256,48.82390718],[2.42935082,48.82368102],[2.43030113,48.82337706],[2.4306907,48.8232296],[2.43038082,48.82288583],[2.43217814,48.8216157],[2.43263116,48.82189796],[2.43289678,48.82169712],[2.43248065,48.82142301],[2.43430601,48.82015198],[2.43417911,48.81927628],[2.43432224,48.81937851],[2.43450817,48.81937036],[2.43480773,48.81954225],[2.43518697,48.81964447],[2.4360812,48.81958567],[2.43671278,48.81944997],[2.43719826,48.81927357],[2.43745797,48.81910621],[2.43733845,48.81821784],[2.43984113,48.81836258],[2.44225675,48.81796363],[2.44406883,48.81794554],[2.44757052,48.81802786],[2.44937965,48.81797268],[2.45081839,48.81781165],[2.45334469,48.81722363],[2.45647451,48.81704451],[2.45861566,48.81700561],[2.45924724,48.8172381],[2.45919854,48.81732857],[2.45975043,48.8175285],[2.46282271,48.81906007],[2.4625261,48.81926542],[2.46263825,48.8193387],[2.46294371,48.82026778],[2.46453592,48.82304505],[2.46471595,48.82327845],[2.46490335,48.82367921],[2.46525898,48.82449792],[2.46514388,48.82498914],[2.4653549,48.82500905],[2.46567364,48.82608196],[2.4661665,48.82734214],[2.46521767,48.82766238],[2.46508633,48.82753935],[2.4646097,48.82763434],[2.46450641,48.82845757],[2.46453887,48.82887914],[2.46478973,48.82993487],[2.4650701,48.83077348],[2.46535047,48.83138683],[2.46563084,48.83179211],[2.46623438,48.83237109],[2.46693678,48.83283246],[2.46837701,48.8335209],[2.4689953,48.83403836],[2.46922697,48.83433237],[2.46961359,48.83514384],[2.46973016,48.83562602],[2.46974345,48.83646101],[2.46925058,48.83719016],[2.46798153,48.8383083],[2.46735882,48.83894789],[2.46648524,48.84000995],[2.46562347,48.84081328],[2.46495205,48.84129094],[2.4641921,48.84173331],[2.46342477,48.84210512],[2.46240953,48.84247603],[2.46070369,48.84294554],[2.45907459,48.84328207],[2.45756058,48.84353718],[2.45285477,48.84412611],[2.45003336,48.84455491],[2.44640919,48.84493577],[2.44655233,48.84574543],[2.44429903,48.84584042],[2.44176388,48.84587027],[2.44076045,48.8459146],[2.44070142,48.84521531],[2.44087555,48.84520355],[2.44082538,48.84487064],[2.44060993,48.84488692],[2.44051697,48.84434051],[2.43794198,48.84455582],[2.43719679,48.84089289],[2.43368477,48.84119142],[2.4336346,48.84098335],[2.42474683,48.84177221],[2.42480586,48.84190338],[2.4245491,48.84194228],[2.4237552,48.84260449],[2.4230528,48.84364393],[2.42269717,48.84408178],[2.42210101,48.84449792],[2.41988166,48.84342139],[2.41993035,48.84329383],[2.41990822,48.84309843],[2.41976065,48.84286864],[2.41951127,48.84267143],[2.41942863,48.84248326],[2.41956144,48.84151167],[2.4197459,48.84119685],[2.42035238,48.84061607],[2.42086,48.83966437],[2.42121563,48.8385408],[2.42160225,48.83685906],[2.42223972,48.83567758],[2.41837946,48.83434956],[2.41665591,48.83385019],[2.41564658,48.83368645],[2.41465052,48.83358694],[2.41390237,48.83357337],[2.41235295,48.83367378],[2.41134509,48.83383933],[2.41121671,48.83385652],[2.41131853,48.83392347],[2.40830823,48.83489325],[2.4079954,48.83482269],[2.40765747,48.83441379],[2.40561077,48.83329564],[2.4044214,48.83295549],[2.40416612,48.83236023],[2.40396248,48.83240094],[2.40308743,48.83171703],[2.40260784,48.83145196],[2.40224631,48.83131717],[2.40131223,48.83109734],[2.3993157,48.83077438]],[[2.43700495,48.84002804],[2.43726319,48.84038629],[2.43933203,48.84021169],[2.44408801,48.8397865],[2.44659217,48.83960557],[2.44711012,48.83954858],[2.44801468,48.83930071],[2.44832014,48.83917858],[2.44951393,48.83855618],[2.45009976,48.83717206],[2.45015583,48.83686629],[2.44928521,48.8367505],[2.44919077,48.83688258],[2.44855034,48.83692329],[2.44831866,48.83604487],[2.44806781,48.83577528],[2.44759413,48.83566763],[2.44623949,48.83583409],[2.44619817,48.83562873],[2.44610521,48.83563416],[2.44584845,48.83468518],[2.44594289,48.83467975],[2.44587206,48.83441288],[2.44606389,48.83444274],[2.44608898,48.83436765],[2.4456876,48.83431608],[2.44513719,48.83448978],[2.44439937,48.8345332],[2.44193653,48.83640944],[2.441969,48.83644744],[2.44161337,48.8366148],[2.44168715,48.8366736],[2.44159714,48.83678216],[2.44127102,48.83701104],[2.44143482,48.83708612],[2.44156615,48.83727248],[2.44118691,48.83817894],[2.4410482,48.83827031],[2.44072061,48.83832187],[2.44049188,48.83816899],[2.44042548,48.83797992],[2.44013183,48.83800163],[2.43997246,48.83791297],[2.43700495,48.84002804]],[[2.45301709,48.82110096],[2.45301709,48.82119776],[2.45417399,48.82191786],[2.45758714,48.82365479],[2.45787784,48.8236385],[2.45804754,48.82371902],[2.45823052,48.82402298],[2.45926937,48.824592],[2.46136035,48.82545594],[2.46245527,48.82599964],[2.46258808,48.82601592],[2.46224573,48.82471684],[2.46225606,48.82408269],[2.46203472,48.82332097],[2.46182517,48.82200651],[2.46172778,48.82182196],[2.46145627,48.82158133],[2.46039823,48.82088475],[2.46016656,48.82078885],[2.45945678,48.82033291],[2.45908049,48.82019631],[2.4588252,48.82014113],[2.45446027,48.81983264],[2.45422859,48.81988059],[2.45301709,48.82110096]],[[2.46463922,48.83168446],[2.46469824,48.83263705],[2.46509519,48.83514655],[2.46578579,48.83549032],[2.46609272,48.83531572],[2.46626389,48.83545775],[2.46665494,48.83524064],[2.46673019,48.8352723],[2.46721568,48.83494391],[2.46805827,48.83545775],[2.46919303,48.83460648],[2.46913253,48.83449068],[2.46916352,48.83435227],[2.46881084,48.83393251],[2.4684921,48.83368826],[2.46722601,48.83305772],[2.46642769,48.83260268],[2.46537113,48.83162927],[2.46463922,48.83168446]]]},"properties":{"id":"paris:10132","name":"BOIS DE VINCENNES","nameAddon":"Bois","objectNumber":"10132","district":"75012","locality":null,"type":"Bois","areaM2":9284926,"areaHa":928.49,"designation":null,"dedicated":null,"builtYear":null,"renovatedYear":null,"planningAreaId":null,"planningAreaName":null,"centroid":[2.440057,48.831345],"bounds":[2.39932,48.81701,2.46974,48.84591],"amenities":{},"sourceId":"parks"}},{"type":"Feature","id":"paris:10133","geometry":{"type":"Polygon","coordinates":[[[2.37689781,48.82812104],[2.37695093,48.82812014],[2.37711916,48.82789488],[2.37766367,48.82812014],[2.37715605,48.82865479],[2.37690519,48.82855166],[2.37689781,48.82812104]]]},"properties":{"id":"paris:10133","name":"JARDIN CYPRIAN KAMIL NORWID","nameAddon":"Jardin","objectNumber":"10133","district":"75013","locality":null,"type":"Promenades ouvertes","areaM2":3000,"areaHa":0.3,"designation":null,"dedicated":null,"builtYear":null,"renovatedYear":null,"planningAreaId":null,"planningAreaName":null,"centroid":[2.3772,48.828261],"bounds":[2.3769,48.82789,2.37766,48.82865],"amenities":{},"sourceId":"parks"}},{"type":"Feature","id":"paris:10134","geometry":{"type":"Polygon","coordinates":[[[2.37938426,48.82959924],[2.37983581,48.82912249],[2.3798904,48.82914601],[2.3800483,48.82897955],[2.37999517,48.82895694],[2.38041573,48.82851185],[2.38089679,48.82872173],[2.38038769,48.82928533],[2.3804659,48.82931608],[2.38040393,48.8300199],[2.37938426,48.82959924]]]},"properties":{"id":"paris:10134","name":"JARDIN DES GRANDS MOULINS - JARDIN CENTRAL","nameAddon":"Jardin","objectNumber":"10134","district":"75013","locality":null,"type":"Promenades ouvertes","areaM2":7916,"areaHa":0.79,"designation":null,"dedicated":null,"builtYear":null,"renovatedYear":null,"planningAreaId":null,"planningAreaName":null,"centroid":[2.380172,48.829282],"bounds":[2.37938,48.82851,2.3809,48.83002],"amenities":{},"sourceId":"parks"}},{"type":"Feature","id":"paris:10135","geometry":{"type":"Polygon","coordinates":[[[2.37882352,48.8289307],[2.3790611,48.82868102],[2.37970595,48.82894789],[2.37943148,48.82923828],[2.37884418,48.82899403],[2.37882352,48.8289307]]]},"properties":{"id":"paris:10135","name":"JARDIN DES GRANDS MOULINS - JARDIN DE L'AVENUE DE FRANCE","nameAddon":"Jardin","objectNumber":"10135","district":"75013","locality":null,"type":"Promenades ouvertes","areaM2":2150,"areaHa":0.22,"designation":null,"dedicated":null,"builtYear":null,"renovatedYear":null,"planningAreaId":null,"planningAreaName":null,"centroid":[2.379249,48.828959],"bounds":[2.37882,48.82868,2.37971,48.82924],"amenities":{},"sourceId":"parks"}},{"type":"Feature","id":"paris:10136","geometry":{"type":"Polygon","coordinates":[[[2.37915849,48.83023973],[2.37943296,48.82995024],[2.37922046,48.82986249],[2.37933114,48.82974579],[2.38015897,48.83008866],[2.37998337,48.83027049],[2.37959085,48.83010856],[2.37938131,48.8303311],[2.37915849,48.83023973]]]},"properties":{"id":"paris:10136","name":"JARDIN DES GRANDS MOULINS - JARDIN DES ECOLES","nameAddon":"Jardin","objectNumber":"10136","district":"75013","locality":null,"type":"Promenades ouvertes","areaM2":2279,"areaHa":0.23,"designation":null,"dedicated":null,"builtYear":null,"renovatedYear":null,"planningAreaId":null,"planningAreaName":null,"centroid":[2.37961,48.830057],"bounds":[2.37916,48.82975,2.38016,48.83033],"amenities":{},"sourceId":"parks"}},{"type":"Feature","id":"paris:10137","geometry":{"type":"Polygon","coordinates":[[[2.3103259,48.89274018],[2.31097371,48.89192781],[2.31068301,48.89176859],[2.3106166,48.89152434],[2.31147395,48.89145287],[2.31219554,48.89115795],[2.31188713,48.89078795],[2.31213799,48.89064502],[2.31264856,48.89094626],[2.31380841,48.89028858],[2.31349114,48.88989506],[2.3137302,48.88974037],[2.3141301,48.89000181],[2.3147292,48.88938303],[2.31465837,48.88928623],[2.31545079,48.888852],[2.31587282,48.88922019],[2.3170312,48.89042699],[2.31610597,48.89095169],[2.31667114,48.89173693],[2.31650735,48.89182377],[2.31549211,48.89115343],[2.31396335,48.89199837],[2.31402385,48.89203546],[2.31399286,48.89205808],[2.31391465,48.8920237],[2.31384972,48.89205717],[2.31322553,48.89178578],[2.3125674,48.89158495],[2.31165988,48.89148363],[2.31141345,48.89158404],[2.31229883,48.89164737],[2.31307354,48.89183101],[2.31382021,48.89215488],[2.31427323,48.89246517],[2.31412567,48.89255925],[2.31366527,48.89226253],[2.31300123,48.89260811],[2.31352213,48.89294192],[2.31323881,48.89312104],[2.31271496,48.89282251],[2.312228,48.89341596],[2.31405189,48.89381219],[2.31410058,48.89393794],[2.31215422,48.89350642],[2.31210257,48.89356884],[2.31188713,48.89349285],[2.31191369,48.89335082],[2.3103259,48.89274018]]]},"properties":{"id":"paris:10137","name":"PARC CLICHY-BATIGNOLLES - MARTIN LUTHER KING","nameAddon":"Parc","objectNumber":"10137","district":"75017","locality":null,"type":"Promenades ouvertes","areaM2":101000,"areaHa":10.1,"designation":null,"dedicated":null,"builtYear":null,"renovatedYear":null,"planningAreaId":null,"planningAreaName":null,"centroid":[2.313722,48.891282],"bounds":[2.31033,48.88885,2.31703,48.89394],"amenities":{},"sourceId":"parks"}},{"type":"Feature","id":"paris:10138","geometry":{"type":"Polygon","coordinates":[[[2.3644272,48.8859725],[2.36566673,48.88565859],[2.36573019,48.88567215],[2.36623928,48.88623213],[2.365984,48.8863036],[2.36641046,48.8870237],[2.36646063,48.88701104],[2.36659786,48.88724172],[2.36669673,48.8872182],[2.36684282,48.88746065],[2.36695349,48.8876461],[2.3670258,48.8876262],[2.36742127,48.88861227],[2.36734896,48.88862584],[2.36789937,48.88955129],[2.36776509,48.88957934],[2.36778575,48.88961643],[2.36703613,48.88968518],[2.36701694,48.88965261],[2.36696234,48.88966618],[2.3644272,48.8859725]]]},"properties":{"id":"paris:10138","name":"JARDIN D'EOLE","nameAddon":"Jardin","objectNumber":"10138","district":"75018","locality":null,"type":"Promenades ouvertes","areaM2":42140,"areaHa":4.21,"designation":null,"dedicated":null,"builtYear":null,"renovatedYear":null,"planningAreaId":null,"planningAreaName":null,"centroid":[2.366208,48.887598],"bounds":[2.36443,48.88566,2.3679,48.88969],"amenities":{},"sourceId":"parks"}},{"type":"Feature","id":"paris:10139","geometry":{"type":"Polygon","coordinates":[[[2.38499316,48.85280351],[2.3853119,48.85217116],[2.3852514,48.8520626],[2.38535912,48.85205446],[2.38536207,48.85210331],[2.38552586,48.85209879],[2.38550816,48.8518093],[2.38569114,48.85180659],[2.38568523,48.85192509],[2.38578262,48.85192962],[2.38578705,48.85188981],[2.38613973,48.8519061],[2.3861353,48.851945],[2.38621204,48.85194771],[2.3861781,48.85222453],[2.38600545,48.85221549],[2.38585346,48.85250859],[2.38556571,48.85244617],[2.38535026,48.8528795],[2.38499316,48.85280351]]]},"properties":{"id":"paris:10139","name":"JARDIN DE LA FOLIE TITON","nameAddon":"Jardin","objectNumber":"10139","district":"75011","locality":null,"type":"Promenades ouvertes","areaM2":4745,"areaHa":0.47,"designation":null,"dedicated":null,"builtYear":null,"renovatedYear":null,"planningAreaId":null,"planningAreaName":null,"centroid":[2.385595,48.852297],"bounds":[2.38499,48.85181,2.38621,48.85288],"amenities":{},"sourceId":"parks"}},{"type":"Feature","id":"paris:10140","geometry":{"type":"Polygon","coordinates":[[[2.35716264,48.82262801],[2.35719067,48.82245974],[2.35732643,48.8224715],[2.35740907,48.82238918],[2.35780601,48.82243079],[2.35773518,48.82266691],[2.35780011,48.82267143],[2.35777207,48.82276551],[2.35770272,48.8227628],[2.35768796,48.82280984],[2.35751384,48.82280261],[2.35750056,48.82284693],[2.35724675,48.82283698],[2.35731758,48.82263886],[2.35716264,48.82262801]]]},"properties":{"id":"paris:10140","name":"JARDIN PAUL NIZAN","nameAddon":"Jardin","objectNumber":"10140","district":"75013","locality":null,"type":"Promenades ouvertes","areaM2":1678,"areaHa":0.17,"designation":null,"dedicated":null,"builtYear":null,"renovatedYear":null,"planningAreaId":null,"planningAreaName":null,"centroid":[2.357498,48.822612],"bounds":[2.35716,48.82239,2.35781,48.82285],"amenities":{},"sourceId":"parks"}},{"type":"Feature","id":"paris:10141","geometry":{"type":"Polygon","coordinates":[[[2.39161139,48.84865569],[2.39167189,48.84856703],[2.3918106,48.84850914],[2.39176191,48.84847295],[2.39201719,48.84833725],[2.39230789,48.848482],[2.39199358,48.84877329],[2.39178257,48.8488529],[2.39168665,48.84887009],[2.39168222,48.84884295],[2.39161139,48.84865569]]]},"properties":{"id":"paris:10141","name":"JARDIN DE L'IMPERATRICE EUGENIE","nameAddon":"Jardin","objectNumber":"10141","district":"75012","locality":null,"type":"Promenades ouvertes","areaM2":1500,"areaHa":0.15,"designation":null,"dedicated":null,"builtYear":null,"renovatedYear":null,"planningAreaId":null,"planningAreaName":null,"centroid":[2.391926,48.848599],"bounds":[2.39161,48.84834,2.39231,48.84887],"amenities":{},"sourceId":"parks"}},{"type":"Feature","id":"paris:10146","geometry":{"type":"Polygon","coordinates":[[[2.3619437,48.85676316],[2.36225801,48.85666365],[2.36247936,48.85696942],[2.36230228,48.85702823],[2.36226982,48.8569848],[2.36213849,48.85702823],[2.3619437,48.85676316]]]},"properties":{"id":"paris:10146","name":"JARDIN DE L'HOTEL LAMOIGNON - MARK ASHTON","nameAddon":"Jardin","objectNumber":"10146","district":"75004","locality":null,"type":"Promenades ouvertes","areaM2":1000,"areaHa":0.1,"designation":null,"dedicated":null,"builtYear":null,"renovatedYear":null,"planningAreaId":null,"planningAreaName":null,"centroid":[2.362212,48.856857],"bounds":[2.36194,48.85666,2.36248,48.85703],"amenities":{},"sourceId":"parks"}},{"type":"Feature","id":"paris:10151","geometry":{"type":"Polygon","coordinates":[[[2.35694277,48.85415687],[2.35734857,48.85401303],[2.35727331,48.85392437],[2.35786209,48.85369911],[2.35796981,48.85372083],[2.35815279,48.85393794],[2.35786356,48.85405826],[2.35792406,48.85413335],[2.35824575,48.85404288],[2.35843168,48.85426271],[2.35819706,48.85439388],[2.35816017,48.85436675],[2.35784438,48.85455672],[2.35748432,48.85427447],[2.35715968,48.85440112],[2.35694277,48.85415687]]]},"properties":{"id":"paris:10151","name":"JARDIN DES ARTS - ALBERT SCHWEITZER","nameAddon":"Square","objectNumber":"10151","district":"75004","locality":null,"type":"Promenades ouvertes","areaM2":5080,"areaHa":0.51,"designation":null,"dedicated":null,"builtYear":null,"renovatedYear":null,"planningAreaId":null,"planningAreaName":null,"centroid":[2.357721,48.854134],"bounds":[2.35694,48.8537,2.35843,48.85456],"amenities":{},"sourceId":"parks"}},{"type":"Feature","id":"paris:10165","geometry":{"type":"Polygon","coordinates":[[[2.33712495,48.87827212],[2.33742598,48.87824046],[2.33732417,48.8783083],[2.33735515,48.87846752],[2.33720021,48.87859417],[2.33717365,48.87846029],[2.3372312,48.8784621],[2.33712495,48.87827212]]]},"properties":{"id":"paris:10165","name":"JARDIN DE LA BIBLIOTHEQUE THIERS (FONDATION DOSNE)","nameAddon":"Jardin","objectNumber":"10165","district":"75009","locality":null,"type":"Promenades ouvertes","areaM2":540,"areaHa":0.05,"designation":null,"dedicated":null,"builtYear":null,"renovatedYear":null,"planningAreaId":null,"planningAreaName":null,"centroid":[2.337258,48.878388],"bounds":[2.33712,48.87824,2.33743,48.87859],"amenities":{},"sourceId":"parks"}},{"type":"Feature","id":"paris:102","geometry":{"type":"Polygon","coordinates":[[[2.30203872,48.87493487],[2.30205791,48.87490049],[2.3030392,48.87479736],[2.30337122,48.87483445],[2.30343025,48.87501267],[2.30329154,48.8750968],[2.30319857,48.87502804],[2.30286065,48.8752343],[2.30295509,48.87530306],[2.3028459,48.87536729],[2.30292558,48.87542699],[2.3029787,48.87539352],[2.30306281,48.87540709],[2.30334614,48.87561697],[2.30326645,48.87578162],[2.30317349,48.87581328],[2.30203872,48.87493487]]]},"properties":{"id":"paris:102","name":"JARDIN DE LA FONDATION NATIONALE DES ARTS GRAPHIQUES ET PLASTIQUES SALOMON DE ROTHSCHILD","nameAddon":"Jardin","objectNumber":"102","district":"75008","locality":null,"type":"Promenades ouvertes","areaM2":3844,"areaHa":0.38,"designation":null,"dedicated":null,"builtYear":null,"renovatedYear":null,"planningAreaId":null,"planningAreaName":null,"centroid":[2.302817,48.875163],"bounds":[2.30204,48.8748,2.30343,48.87581],"amenities":{},"sourceId":"parks"}},{"type":"Feature","id":"paris:103","geometry":{"type":"Polygon","coordinates":[[[2.31391465,48.86521712],[2.31395892,48.86512303],[2.31418322,48.86508504],[2.3153593,48.86511489],[2.31544489,48.86521531],[2.31549801,48.86565044],[2.31444441,48.8654668],[2.31433373,48.86551294],[2.31441342,48.86595441],[2.3143175,48.86591822],[2.31425848,48.86574362],[2.31397515,48.86573367],[2.31391465,48.86521712]]]},"properties":{"id":"paris:103","name":"JARDIN DE KYIV","nameAddon":"Jardin","objectNumber":"103","district":"75008","locality":null,"type":"Promenades ouvertes","areaM2":6489,"areaHa":0.65,"designation":null,"dedicated":null,"builtYear":null,"renovatedYear":null,"planningAreaId":null,"planningAreaName":null,"centroid":[2.314656,48.865374],"bounds":[2.31391,48.86509,2.3155,48.86595],"amenities":{},"sourceId":"parks"}},{"type":"Feature","id":"paris:104","geometry":{"type":"Polygon","coordinates":[[[2.31102388,48.86695766],[2.31102535,48.86685091],[2.31116554,48.86683282],[2.31115521,48.8666935],[2.31202879,48.86663651],[2.31205535,48.86723087],[2.31102388,48.86695766]]]},"properties":{"id":"paris:104","name":"SQUARE JEAN PERRIN","nameAddon":"Square","objectNumber":"104","district":"75008","locality":null,"type":"Promenades ouvertes","areaM2":3459,"areaHa":0.35,"designation":null,"dedicated":null,"builtYear":null,"renovatedYear":null,"planningAreaId":null,"planningAreaName":null,"centroid":[2.311625,48.866895],"bounds":[2.31102,48.86664,2.31206,48.86723],"amenities":{},"sourceId":"parks"}},{"type":"Feature","id":"paris:10729","geometry":{"type":"Polygon","coordinates":[[[2.359745,48.85748598],[2.35991618,48.85734576],[2.35995897,48.85738556],[2.36016703,48.85729057],[2.36014047,48.85725529],[2.36024377,48.85719378],[2.36018179,48.85713316],[2.36040166,48.85693052],[2.36051233,48.85707979],[2.36058907,48.85704632],[2.36079123,48.85726162],[2.36055218,48.85736385],[2.36048577,48.85729329],[2.36030132,48.85735299],[2.36041789,48.85750407],[2.3603264,48.85754388],[2.36022753,48.85750226],[2.35994126,48.85766238],[2.359745,48.85748598]]]},"properties":{"id":"paris:10729","name":"JARDIN DES ROSIERS-JOSEPH MIGNERET","nameAddon":"Jardin","objectNumber":"10729","district":"75004","locality":null,"type":"Promenades ouvertes","areaM2":2275,"areaHa":0.23,"designation":null,"dedicated":null,"builtYear":null,"renovatedYear":null,"planningAreaId":null,"planningAreaName":null,"centroid":[2.360272,48.857315],"bounds":[2.35975,48.85693,2.36079,48.85766],"amenities":{},"sourceId":"parks"}},{"type":"Feature","id":"paris:10733","geometry":{"type":"Polygon","coordinates":[[[2.34258629,48.87502352],[2.3427914,48.87497015],[2.34293897,48.87514565],[2.34263941,48.87524878],[2.34259514,48.8751954],[2.34269549,48.87516103],[2.34258629,48.87502352]]]},"properties":{"id":"paris:10733","name":"JARDIN CROMOT-DU BOURG","nameAddon":"Jardin","objectNumber":"10733","district":"75009","locality":null,"type":"Promenades ouvertes","areaM2":789,"areaHa":0.08,"designation":null,"dedicated":null,"builtYear":null,"renovatedYear":null,"planningAreaId":null,"planningAreaName":null,"centroid":[2.342751,48.875104],"bounds":[2.34259,48.87497,2.34294,48.87525],"amenities":{},"sourceId":"parks"}},{"type":"Feature","id":"paris:10743","geometry":{"type":"Polygon","coordinates":[[[2.27617965,48.84506604],[2.27642313,48.84516555],[2.27690567,48.84525783],[2.27682008,48.84572372],[2.27666071,48.84576172],[2.27629623,48.84538176],[2.27617965,48.84506604]]]},"properties":{"id":"paris:10743","name":"JARDIN DES MERES ET GRAND-MERES DE LA PLACE DE MAI","nameAddon":"Jardin","objectNumber":"10743","district":"75015","locality":null,"type":"Promenades ouvertes","areaM2":2228,"areaHa":0.22,"designation":null,"dedicated":null,"builtYear":null,"renovatedYear":null,"planningAreaId":null,"planningAreaName":null,"centroid":[2.276587,48.845406],"bounds":[2.27618,48.84507,2.27691,48.84576],"amenities":{},"sourceId":"parks"}},{"type":"Feature","id":"paris:10747","geometry":{"type":"Polygon","coordinates":[[[2.3818589,48.82752126],[2.38215551,48.82722906],[2.3824167,48.82734304],[2.38232373,48.82743441],[2.38261296,48.82756106],[2.38270444,48.82746969],[2.38283725,48.8275285],[2.38302761,48.82734033],[2.38341718,48.82751221],[2.38322534,48.82770038],[2.38335963,48.82776009],[2.38326814,48.82785055],[2.38355294,48.8279763],[2.38364443,48.82788674],[2.38391742,48.82800796],[2.38406056,48.82786774],[2.38412843,48.82789669],[2.38403104,48.82799168],[2.38414909,48.82804415],[2.383761,48.82842591],[2.38364443,48.82837525],[2.38354703,48.82847114],[2.38347768,48.82844038],[2.38361934,48.82829835],[2.3833493,48.82817894],[2.38344079,48.82808847],[2.38315747,48.82796182],[2.3830645,48.82805319],[2.38279298,48.82793287],[2.3826041,48.82812195],[2.38248753,48.82807038],[2.38267788,48.82788221],[2.38240784,48.82776371],[2.38249786,48.82767415],[2.38221011,48.82754749],[2.38212157,48.82763705],[2.3818589,48.82752126]]]},"properties":{"id":"paris:10747","name":"JARDIN BIOPARK","nameAddon":"Jardin","objectNumber":"10747","district":"75013","locality":null,"type":"Promenades ouvertes","areaM2":2065,"areaHa":0.21,"designation":null,"dedicated":null,"builtYear":null,"renovatedYear":null,"planningAreaId":null,"planningAreaName":null,"centroid":[2.383046,48.827804],"bounds":[2.38186,48.82723,2.38415,48.82847],"amenities":{},"sourceId":"parks"}},{"type":"Feature","id":"paris:10777","geometry":{"type":"Polygon","coordinates":[[[2.33798378,48.88746517],[2.33841319,48.88733581],[2.33847516,48.8874127],[2.33841466,48.8875285],[2.33828185,48.88757825],[2.33815052,48.88750588],[2.33802804,48.88754297],[2.33798378,48.88746517]]]},"properties":{"id":"paris:10777","name":"JARDIN FREDERIC DARD","nameAddon":"Jardin","objectNumber":"10777","district":"75018","locality":null,"type":"Promenades ouvertes","areaM2":632,"areaHa":0.06,"designation":null,"dedicated":null,"builtYear":null,"renovatedYear":null,"planningAreaId":null,"planningAreaName":null,"centroid":[2.338264,48.887462],"bounds":[2.33798,48.88734,2.33848,48.88758],"amenities":{},"sourceId":"parks"}},{"type":"Feature","id":"paris:10779","geometry":{"type":"MultiPolygon","coordinates":[[[[2.41334753,48.8499023],[2.41347739,48.84925095],[2.41420193,48.8493387],[2.41422406,48.84946445],[2.41441589,48.84944907],[2.41442475,48.8494934],[2.41428899,48.84950516],[2.41434801,48.84981093],[2.41334753,48.8499023]]],[[[2.41453099,48.84940926],[2.41456788,48.84937579],[2.41471988,48.85013841],[2.41459002,48.85014836],[2.4145369,48.84989958],[2.41461806,48.84984259],[2.41453099,48.84940926]]]]},"properties":{"id":"paris:10779","name":"JARDINS D'IMMEUBLES PORTE DE VINCENNES NORD (DIT CRISTINO GARCIA)","nameAddon":"Jardin d'immeubles","objectNumber":"10779","district":"75020","locality":null,"type":"Promenades ouvertes","areaM2":10126,"areaHa":1.01,"designation":null,"dedicated":null,"builtYear":null,"renovatedYear":null,"planningAreaId":null,"planningAreaName":null,"centroid":[2.413914,48.849619],"bounds":[2.41335,48.84925,2.41472,48.85015],"amenities":{},"sourceId":"parks"}},{"type":"Feature","id":"paris:10780","geometry":{"type":"MultiPolygon","coordinates":[[[[2.41153397,48.84774109],[2.4118778,48.84771124],[2.41188222,48.84773838],[2.41207701,48.84771757],[2.41208291,48.84775375],[2.41209767,48.84782341],[2.41155906,48.84787045],[2.41153397,48.84774109]]],[[[2.41216407,48.84768591],[2.41263332,48.84764791],[2.4126835,48.84777275],[2.41218768,48.84781527],[2.41216407,48.84768591]]],[[[2.41271153,48.84763796],[2.41297272,48.84761625],[2.41299781,48.8477429],[2.41273957,48.84776732],[2.41271153,48.84763796]]]]},"properties":{"id":"paris:10780","name":"JARDIN DE LA RUE NOEL BALLAY","nameAddon":"Jardin","objectNumber":"10780","district":"75020","locality":null,"type":"Promenades ouvertes","areaM2":1350,"areaHa":0.14,"designation":null,"dedicated":null,"builtYear":null,"renovatedYear":null,"planningAreaId":null,"planningAreaName":null,"centroid":[2.41226,48.847746],"bounds":[2.41153,48.84762,2.413,48.84787],"amenities":{},"sourceId":"parks"}},{"type":"Feature","id":"paris:10782","geometry":{"type":"Polygon","coordinates":[[[2.380218,48.84968518],[2.38026964,48.84964719],[2.38105026,48.84958296],[2.38107387,48.84967071],[2.38026374,48.84978379],[2.38028145,48.8498643],[2.38047623,48.8498643],[2.38032424,48.84989506],[2.38025931,48.84987064],[2.380218,48.84968518]]]},"properties":{"id":"paris:10782","name":"SQUARE LEO FERRE","nameAddon":"Square","objectNumber":"10782","district":"75012","locality":null,"type":"Promenades ouvertes","areaM2":806,"areaHa":0.08,"designation":null,"dedicated":null,"builtYear":null,"renovatedYear":null,"planningAreaId":null,"planningAreaName":null,"centroid":[2.380602,48.849686],"bounds":[2.38022,48.84958,2.38107,48.8499],"amenities":{},"sourceId":"parks"}},{"type":"Feature","id":"paris:10783","geometry":{"type":"Polygon","coordinates":[[[2.38061347,48.82940203],[2.38079349,48.82902569],[2.38253622,48.82978379],[2.38233701,48.82971956],[2.38202713,48.83000543],[2.38079054,48.82947711],[2.38061347,48.82940203]]]},"properties":{"id":"paris:10783","name":"JARDIN DE L'ESPLANADE DES GRANDS MOULINS","nameAddon":"Jardin","objectNumber":"10783","district":"75013","locality":null,"type":"Promenades ouvertes","areaM2":2346,"areaHa":0.23,"designation":null,"dedicated":null,"builtYear":null,"renovatedYear":null,"planningAreaId":null,"planningAreaName":null,"centroid":[2.381449,48.829531],"bounds":[2.38061,48.82903,2.38254,48.83001],"amenities":{},"sourceId":"parks"}},{"type":"Feature","id":"paris:10784","geometry":{"type":"MultiPolygon","coordinates":[[[[2.26150591,48.8506224],[2.26189991,48.85051294],[2.26209026,48.85088203],[2.26220094,48.85125204],[2.26235736,48.85270762],[2.26208436,48.85283065],[2.26191762,48.8514592],[2.26179661,48.85129727],[2.26150591,48.8506224]]],[[[2.26209764,48.85302063],[2.2621242,48.85296906],[2.26235293,48.85286684],[2.26246213,48.8529184],[2.2627602,48.8536186],[2.26341981,48.85466709],[2.26396285,48.8552913],[2.26442472,48.85569387],[2.26518468,48.85619595],[2.26619254,48.85667089],[2.26705431,48.85689976],[2.26704398,48.85692238],[2.2674911,48.85699023],[2.26983884,48.85746788],[2.26976948,48.85759363],[2.26725647,48.85708793],[2.26726975,48.85706441],[2.26682116,48.85696671],[2.26566278,48.85657952],[2.26474641,48.85612086],[2.26407352,48.85566582],[2.26339178,48.85504976],[2.26239425,48.85351728],[2.26209764,48.85302063]]]]},"properties":{"id":"paris:10784","name":"PROMENADE PC 16 (PETITE CEINTURE)","nameAddon":"Promenade","objectNumber":"10784","district":"75016","locality":null,"type":"Promenades ouvertes","areaM2":22650,"areaHa":2.27,"designation":null,"dedicated":null,"builtYear":null,"renovatedYear":null,"planningAreaId":null,"planningAreaName":null,"centroid":[2.263985,48.854226],"bounds":[2.26151,48.85051,2.26984,48.85759],"amenities":{},"sourceId":"parks"}},{"type":"Feature","id":"paris:10789","geometry":{"type":"Polygon","coordinates":[[[2.36730322,48.8287163],[2.36761162,48.82848743],[2.36749505,48.82835806],[2.36782412,48.82830469],[2.36785658,48.82838791],[2.36835239,48.82867921],[2.36807645,48.82888457],[2.36834502,48.82904107],[2.36813252,48.82919938],[2.36730322,48.8287163]]]},"properties":{"id":"paris:10789","name":"JARDIN DE LA PLACE SOUHAM","nameAddon":"Jardin","objectNumber":"10789","district":"75013","locality":null,"type":"Promenades ouvertes","areaM2":3600,"areaHa":0.36,"designation":null,"dedicated":null,"builtYear":null,"renovatedYear":null,"planningAreaId":null,"planningAreaName":null,"centroid":[2.367863,48.828734],"bounds":[2.3673,48.8283,2.36835,48.8292],"amenities":{},"sourceId":"parks"}},{"type":"Feature","id":"paris:108","geometry":{"type":"Polygon","coordinates":[[[2.32963314,48.88303329],[2.32975415,48.8829953],[2.32996811,48.88307852],[2.33009944,48.88322689],[2.3300655,48.88330378],[2.32995188,48.88332549],[2.32976595,48.88325403],[2.32963314,48.88312376],[2.32963314,48.88303329]]]},"properties":{"id":"paris:108","name":"SQUARE BERLIOZ","nameAddon":"Square","objectNumber":"108","district":"75009","locality":null,"type":"Promenades ouvertes","areaM2":802,"areaHa":0.08,"designation":null,"dedicated":null,"builtYear":null,"renovatedYear":null,"planningAreaId":null,"planningAreaName":null,"centroid":[2.329859,48.883162],"bounds":[2.32963,48.883,2.3301,48.88333],"amenities":{},"sourceId":"parks"}},{"type":"Feature","id":"paris:109","geometry":{"type":"Polygon","coordinates":[[[2.34587253,48.8771006],[2.34613962,48.8766537],[2.34629899,48.87663923],[2.34703829,48.87685363],[2.34705599,48.87695947],[2.34684645,48.87728876],[2.34676234,48.87732676],[2.34637425,48.87721368],[2.34643328,48.87718925],[2.34637277,48.87717297],[2.34634326,48.87722272],[2.34587253,48.8771006]]]},"properties":{"id":"paris:109","name":"SQUARE MONTHOLON","nameAddon":"Square","objectNumber":"109","district":"75009","locality":null,"type":"Promenades ouvertes","areaM2":4350,"areaHa":0.44,"designation":null,"dedicated":null,"builtYear":null,"renovatedYear":null,"planningAreaId":null,"planningAreaName":null,"centroid":[2.346485,48.876977],"bounds":[2.34587,48.87664,2.34706,48.87733],"amenities":{},"sourceId":"parks"}},{"type":"Feature","id":"paris:10964","geometry":{"type":"Polygon","coordinates":[[[2.31298648,48.83116157],[2.31339966,48.83094807],[2.31367708,48.83118419],[2.31337457,48.83133979],[2.31298648,48.83116157]]]},"properties":{"id":"paris:10964","name":"SQUARE DE LA PLACE LOUISE LOSSERAND","nameAddon":"Square","objectNumber":"10964","district":"75014","locality":null,"type":"Promenades ouvertes","areaM2":1540,"areaHa":0.15,"designation":null,"dedicated":null,"builtYear":null,"renovatedYear":null,"planningAreaId":null,"planningAreaName":null,"centroid":[2.313351,48.831153],"bounds":[2.31299,48.83095,2.31368,48.83134],"amenities":{},"sourceId":"parks"}},{"type":"Feature","id":"paris:10965","geometry":{"type":"MultiPolygon","coordinates":[[[[2.30230729,48.82503619],[2.30380063,48.82470508],[2.30373571,48.82475213],[2.303839,48.82472861],[2.3039541,48.82515379],[2.30262012,48.82547313],[2.30254782,48.8253302],[2.30242534,48.82535643],[2.30230729,48.82503619]]],[[[2.30423004,48.82459562],[2.30466388,48.82448525],[2.30482768,48.82480369],[2.30483506,48.82483354],[2.3047598,48.82485073],[2.30480259,48.82493487],[2.30488375,48.82491768],[2.30490146,48.82495115],[2.30434219,48.82507961],[2.30423004,48.82459562]]]]},"properties":{"id":"paris:10965","name":"JARDIN ANNA MARLY","nameAddon":"Jardin","objectNumber":"10965","district":"75014","locality":null,"type":"Promenades ouvertes","areaM2":11170,"areaHa":1.12,"designation":null,"dedicated":null,"builtYear":null,"renovatedYear":null,"planningAreaId":null,"planningAreaName":null,"centroid":[2.303506,48.825012],"bounds":[2.30231,48.82449,2.3049,48.82547],"amenities":{},"sourceId":"parks"}},{"type":"Feature","id":"paris:10966","geometry":{"type":"Polygon","coordinates":[[[2.32388554,48.89907092],[2.32389439,48.89890266],[2.32529477,48.89894427],[2.32528887,48.89911797],[2.32388554,48.89907092]]]},"properties":{"id":"paris:10966","name":"SQUARE JACQUES MANAVIAN","nameAddon":"Square","objectNumber":"10966","district":"75017","locality":null,"type":"Promenades ouvertes","areaM2":2200,"areaHa":0.22,"designation":null,"dedicated":null,"builtYear":null,"renovatedYear":null,"planningAreaId":null,"planningAreaName":null,"centroid":[2.324595,48.899009],"bounds":[2.32389,48.8989,2.32529,48.89912],"amenities":{},"sourceId":"parks"}},{"type":"Feature","id":"paris:10968","geometry":{"type":"Polygon","coordinates":[[[2.39439149,48.88241903],[2.39451397,48.88232857],[2.39454053,48.88224534],[2.3956266,48.88234666],[2.39553806,48.88242718],[2.39541559,48.88242718],[2.39533738,48.88256106],[2.39505405,48.88255925],[2.39495076,48.88274199],[2.39482386,48.8827429],[2.39466301,48.8829953],[2.39456119,48.88293107],[2.39471613,48.88283336],[2.39474712,48.88266329],[2.39439149,48.88241903]]]},"properties":{"id":"paris:10968","name":"JARDIN HEROLD","nameAddon":"Jardin","objectNumber":"10968","district":"75019","locality":null,"type":"Promenades ouvertes","areaM2":1065,"areaHa":0.11,"designation":null,"dedicated":null,"builtYear":null,"renovatedYear":null,"planningAreaId":null,"planningAreaName":null,"centroid":[2.39492,48.882479],"bounds":[2.39439,48.88225,2.39563,48.883],"amenities":{},"sourceId":"parks"}},{"type":"Feature","id":"paris:10969","geometry":{"type":"Polygon","coordinates":[[[2.40702,48.8781328],[2.40706132,48.8780939],[2.40719117,48.87815361],[2.40769437,48.87769224],[2.40785521,48.87774833],[2.40793047,48.8778207],[2.40798507,48.878074],[2.40769879,48.87858422],[2.40786111,48.87863126],[2.40815476,48.87808938],[2.40826101,48.87806134],[2.4082979,48.87799258],[2.40916115,48.87825855],[2.40837611,48.8794156],[2.40823297,48.87953772],[2.40803966,48.87954315],[2.40786406,48.87963995],[2.4077165,48.8795531],[2.40802343,48.87925457],[2.40740809,48.87901484],[2.40757189,48.87881853],[2.40730037,48.87872354],[2.40751286,48.87846933],[2.40742137,48.87832549],[2.40702,48.8781328]]]},"properties":{"id":"paris:10969","name":"JARDIN SERGE GAINSBOURG","nameAddon":"Jardin","objectNumber":"10969","district":"75019","locality":null,"type":"Promenades ouvertes","areaM2":15235,"areaHa":1.52,"designation":null,"dedicated":null,"builtYear":null,"renovatedYear":null,"planningAreaId":null,"planningAreaName":null,"centroid":[2.40811,48.878612],"bounds":[2.40702,48.87769,2.40916,48.87964],"amenities":{},"sourceId":"parks"}},{"type":"Feature","id":"paris:10996","geometry":{"type":"Polygon","coordinates":[[[2.3730036,48.87406369],[2.37332972,48.87385743],[2.37355107,48.87402117],[2.37343154,48.87409445],[2.37352155,48.87415777],[2.37346991,48.87418672],[2.37341088,48.87413877],[2.37324266,48.87423195],[2.3730036,48.87406369]]]},"properties":{"id":"paris:10996","name":"JARDIN BLANCHE HOSCHEDE","nameAddon":"Jardin","objectNumber":"10996","district":"75010","locality":null,"type":"Promenades ouvertes","areaM2":1020,"areaHa":0.1,"designation":null,"dedicated":null,"builtYear":null,"renovatedYear":null,"planningAreaId":null,"planningAreaName":null,"centroid":[2.373289,48.874051],"bounds":[2.373,48.87386,2.37355,48.87423],"amenities":{},"sourceId":"parks"}},{"type":"Feature","id":"paris:11","geometry":{"type":"Polygon","coordinates":[[[2.36235836,48.85797268],[2.36288516,48.85778632],[2.36314339,48.85816175],[2.36261069,48.85835806],[2.36235836,48.85797268]]]},"properties":{"id":"paris:11","name":"SQUARE GEORGES CAIN","nameAddon":"Square","objectNumber":"11","district":"75003","locality":null,"type":"Promenades ouvertes","areaM2":2128,"areaHa":0.21,"designation":null,"dedicated":null,"builtYear":null,"renovatedYear":null,"planningAreaId":null,"planningAreaName":null,"centroid":[2.362749,48.858071],"bounds":[2.36236,48.85779,2.36314,48.85836],"amenities":{},"sourceId":"parks"}},{"type":"Feature","id":"paris:110","geometry":{"type":"Polygon","coordinates":[[[2.33098335,48.87670979],[2.33104976,48.87659852],[2.33124601,48.87653157],[2.33158246,48.8765171],[2.331792,48.87654605],[2.33205024,48.87664737],[2.33222584,48.87679302],[2.3322037,48.87692419],[2.33201482,48.87698842],[2.33172855,48.87696399],[2.33110288,48.87681744],[2.33098335,48.87670979]]]},"properties":{"id":"paris:110","name":"SQUARE D'ESTIENNE D'ORVES","nameAddon":"Square","objectNumber":"110","district":"75009","locality":null,"type":"Promenades ouvertes","areaM2":3164,"areaHa":0.32,"designation":null,"dedicated":null,"builtYear":null,"renovatedYear":null,"planningAreaId":null,"planningAreaName":null,"centroid":[2.331628,48.876744],"bounds":[2.33098,48.87652,2.33223,48.87699],"amenities":{},"sourceId":"parks"}},{"type":"Feature","id":"paris:111","geometry":{"type":"Polygon","coordinates":[[[2.34393355,48.88259996],[2.34435115,48.88166275],[2.34479532,48.88172336],[2.34452085,48.88232585],[2.34449724,48.88242537],[2.34455036,48.88243622],[2.34443231,48.88269767],[2.34405602,48.88263705],[2.34412095,48.88248779],[2.34407668,48.88247965],[2.34401175,48.88262439],[2.34393355,48.88259996]]]},"properties":{"id":"paris:111","name":"SQUARE D'ANVERS-JEAN-CLAUDE CARRIERE","nameAddon":"Square","objectNumber":"111","district":"75009","locality":null,"type":"Promenades ouvertes","areaM2":4610,"areaHa":0.46,"designation":null,"dedicated":null,"builtYear":null,"renovatedYear":null,"planningAreaId":null,"planningAreaName":null,"centroid":[2.344369,48.882182],"bounds":[2.34393,48.88166,2.3448,48.8827],"amenities":{},"sourceId":"parks"}},{"type":"Feature","id":"paris:11108","geometry":{"type":"Polygon","coordinates":[[[2.25396688,48.83661299],[2.25507508,48.83531482],[2.25517395,48.83532839],[2.25563288,48.8359915],[2.25573617,48.83631898],[2.25565353,48.8364393],[2.25569338,48.83646915],[2.25560041,48.83651619],[2.25478586,48.83663018],[2.2540805,48.83671612],[2.25396688,48.83661299]]]},"properties":{"id":"paris:11108","name":"SQUARE ROGER COQUOIN","nameAddon":"Square","objectNumber":"11108","district":"75016","locality":null,"type":"Promenades ouvertes","areaM2":10000,"areaHa":1,"designation":null,"dedicated":null,"builtYear":null,"renovatedYear":null,"planningAreaId":null,"planningAreaName":null,"centroid":[2.254954,48.836147],"bounds":[2.25397,48.83531,2.25574,48.83672],"amenities":{},"sourceId":"parks"}},{"type":"Feature","id":"paris:11109","geometry":{"type":"Polygon","coordinates":[[[2.35603082,48.88502714],[2.35633775,48.88501086],[2.35636874,48.88557807],[2.35628906,48.88558079],[2.35629349,48.88567849],[2.35608247,48.88565406],[2.35603082,48.88502714]]]},"properties":{"id":"paris:11109","name":"SQUARE ALAIN BASHUNG","nameAddon":"Square","objectNumber":"11109","district":"75018","locality":null,"type":"Promenades ouvertes","areaM2":1500,"areaHa":0.15,"designation":null,"dedicated":null,"builtYear":null,"renovatedYear":null,"planningAreaId":null,"planningAreaName":null,"centroid":[2.356203,48.885329],"bounds":[2.35603,48.88501,2.35637,48.88568],"amenities":{},"sourceId":"parks"}},{"type":"Feature","id":"paris:112","geometry":{"type":"Polygon","coordinates":[[[2.33636795,48.87837706],[2.33650666,48.87828478],[2.33687262,48.87829835],[2.33690508,48.87852723],[2.33697149,48.87852452],[2.33715594,48.87863941],[2.33695378,48.87880767],[2.3368195,48.87858603],[2.33677523,48.87859327],[2.33654946,48.87860865],[2.33636795,48.87837706]]]},"properties":{"id":"paris:112","name":"SQUARE ALEX BISCARRE","nameAddon":"Square","objectNumber":"112","district":"75009","locality":null,"type":"Promenades ouvertes","areaM2":1180,"areaHa":0.12,"designation":null,"dedicated":null,"builtYear":null,"renovatedYear":null,"planningAreaId":null,"planningAreaName":null,"centroid":[2.336746,48.878494],"bounds":[2.33637,48.87828,2.33716,48.87881],"amenities":{},"sourceId":"parks"}},{"type":"Feature","id":"paris:11215","geometry":{"type":"Polygon","coordinates":[[[2.35304856,48.89472046],[2.35386606,48.89464447],[2.35405199,48.89465714],[2.35405347,48.89462638],[2.3541966,48.89422019],[2.3545301,48.89426542],[2.35448583,48.89467433],[2.35416562,48.89533834],[2.35400625,48.89582052],[2.35393394,48.89582052],[2.35374358,48.8952135],[2.35348682,48.89508956],[2.35307955,48.89513389],[2.35304856,48.89472046]],[[2.35409921,48.89463543],[2.35409921,48.89486068],[2.35419808,48.89487244],[2.3543545,48.89481093],[2.35448731,48.89438936],[2.35449911,48.89429709],[2.35422907,48.89425638],[2.35409921,48.89463543]]]},"properties":{"id":"paris:11215","name":"JARDIN JANE VIALLE","nameAddon":"Jardin","objectNumber":"11215","district":"75018","locality":null,"type":"Promenades ouvertes","areaM2":6894,"areaHa":0.69,"designation":null,"dedicated":null,"builtYear":null,"renovatedYear":null,"planningAreaId":null,"planningAreaName":null,"centroid":[2.353806,48.895001],"bounds":[2.35305,48.89422,2.35453,48.89582],"amenities":{},"sourceId":"parks"}},{"type":"Feature","id":"paris:11216","geometry":{"type":"Polygon","coordinates":[[[2.37636658,48.90008775],[2.376402,48.89980188],[2.38063413,48.89988601],[2.38068725,48.90001086],[2.38076693,48.90002623],[2.38080382,48.90008232],[2.38035523,48.90011218],[2.37780828,48.90008413],[2.37636658,48.90008775]]]},"properties":{"id":"paris:11216","name":"PROMENADE DE LA FORET LINEAIRE","nameAddon":"Promenade","objectNumber":"11216","district":"75019","locality":null,"type":"Promenades ouvertes","areaM2":11250,"areaHa":1.13,"designation":null,"dedicated":null,"builtYear":null,"renovatedYear":null,"planningAreaId":null,"planningAreaName":null,"centroid":[2.378459,48.899969],"bounds":[2.37637,48.8998,2.3808,48.90011],"amenities":{},"sourceId":"parks"}},{"type":"Feature","id":"paris:11217","geometry":{"type":"Polygon","coordinates":[[[2.4123382,48.87215126],[2.41256987,48.87173331],[2.41319997,48.8718491],[2.41357183,48.87174236],[2.41352904,48.87209698],[2.41347739,48.87211055],[2.41337409,48.87239642],[2.4130465,48.87234666],[2.41290927,48.87256378],[2.41243411,48.8721784],[2.4123382,48.87215126]]]},"properties":{"id":"paris:11217","name":"JARDIN FRIDA KAHLO","nameAddon":"Jardin","objectNumber":"11217","district":"75020","locality":null,"type":"Promenades ouvertes","areaM2":4271,"areaHa":0.43,"designation":null,"dedicated":null,"builtYear":null,"renovatedYear":null,"planningAreaId":null,"planningAreaName":null,"centroid":[2.412971,48.872087],"bounds":[2.41234,48.87173,2.41357,48.87256],"amenities":{},"sourceId":"parks"}},{"type":"Feature","id":"paris:11218","geometry":{"type":"Polygon","coordinates":[[[2.31764064,48.89712321],[2.3178915,48.89685001],[2.31794757,48.89686991],[2.31797266,48.89684187],[2.31811727,48.89689615],[2.31805972,48.89696128],[2.31813055,48.89698842],[2.31804496,48.89708522],[2.3180789,48.89709879],[2.31795495,48.89724172],[2.31764064,48.89712321]]]},"properties":{"id":"paris:11218","name":"JARDIN CLEMENCE-ANNICK BURGARD","nameAddon":"Jardin","objectNumber":"11218","district":"75017","locality":null,"type":"Promenades ouvertes","areaM2":1421,"areaHa":0.14,"designation":null,"dedicated":null,"builtYear":null,"renovatedYear":null,"planningAreaId":null,"planningAreaName":null,"centroid":[2.317909,48.897041],"bounds":[2.31764,48.89684,2.31813,48.89724],"amenities":{},"sourceId":"parks"}},{"type":"Feature","id":"paris:11219","geometry":{"type":"Polygon","coordinates":[[[2.37482454,48.85845757],[2.37508868,48.8581328],[2.3752023,48.85815451],[2.37536905,48.85821332],[2.37537348,48.85827212],[2.37502228,48.85852994],[2.37482454,48.85845757]]]},"properties":{"id":"paris:11219","name":"JARDIN LOUISE TALBOT ET AUGUSTIN AVRIAL","nameAddon":"Jardin","objectNumber":"11219","district":"75011","locality":null,"type":"Promenades ouvertes","areaM2":913,"areaHa":0.09,"designation":null,"dedicated":null,"builtYear":null,"renovatedYear":null,"planningAreaId":null,"planningAreaName":null,"centroid":[2.375103,48.858325],"bounds":[2.37482,48.85813,2.37537,48.85853],"amenities":{},"sourceId":"parks"}},{"type":"Feature","id":"paris:11220","geometry":{"type":"Polygon","coordinates":[[[2.36517682,48.82455944],[2.3656992,48.82428985],[2.36580987,48.82432151],[2.36576265,48.82439388],[2.36583053,48.82444635],[2.36570805,48.82468337],[2.3655782,48.82472499],[2.36553098,48.82465804],[2.36536423,48.82465442],[2.36517682,48.82455944]]]},"properties":{"id":"paris:11220","name":"JARDIN OLYMPIADES","nameAddon":"Jardin","objectNumber":"11220","district":"75013","locality":null,"type":"Promenades ouvertes","areaM2":1170,"areaHa":0.12,"designation":null,"dedicated":null,"builtYear":null,"renovatedYear":null,"planningAreaId":null,"planningAreaName":null,"centroid":[2.365562,48.824516],"bounds":[2.36518,48.82429,2.36583,48.82472],"amenities":{},"sourceId":"parks"}},{"type":"Feature","id":"paris:11221","geometry":{"type":"Polygon","coordinates":[[[2.3475223,48.82209788],[2.3482365,48.82154605],[2.3486851,48.82154605],[2.34859213,48.82161842],[2.34930191,48.82201466],[2.3490363,48.8221006],[2.3475223,48.82209788]]]},"properties":{"id":"paris:11221","name":"JARDIN CHARLES TRENET","nameAddon":"Jardin","objectNumber":"11221","district":"75013","locality":null,"type":"Promenades ouvertes","areaM2":5000,"areaHa":0.5,"designation":null,"dedicated":null,"builtYear":null,"renovatedYear":null,"planningAreaId":null,"planningAreaName":null,"centroid":[2.348415,48.821886],"bounds":[2.34752,48.82155,2.3493,48.8221],"amenities":{},"sourceId":"parks"}},{"type":"Feature","id":"paris:11222","geometry":{"type":"Polygon","coordinates":[[[2.35864713,48.87874525],[2.35876075,48.87873439],[2.35873862,48.87856342],[2.35883158,48.87853899],[2.35908244,48.8789687],[2.35948086,48.87956667],[2.35911638,48.87948706],[2.35894078,48.87918672],[2.35874452,48.87923738],[2.35874009,48.87921115],[2.35892455,48.8791632],[2.35879764,48.87894246],[2.35876518,48.87876244],[2.35865451,48.87877329],[2.35864713,48.87874525]]]},"properties":{"id":"paris:11222","name":"JARDIN MARIELLE-FRANCO","nameAddon":"Jardin","objectNumber":"11222","district":"75010","locality":null,"type":"Promenades ouvertes","areaM2":2642,"areaHa":0.26,"designation":null,"dedicated":null,"builtYear":null,"renovatedYear":null,"planningAreaId":null,"planningAreaName":null,"centroid":[2.359038,48.879099],"bounds":[2.35865,48.87854,2.35948,48.87957],"amenities":{},"sourceId":"parks"}},{"type":"Feature","id":"paris:11224","geometry":{"type":"Polygon","coordinates":[[[2.37563762,48.89576443],[2.37658645,48.89531844],[2.37685649,48.89555546],[2.37741281,48.89625565],[2.37725344,48.89630812],[2.37690667,48.89600959],[2.37659235,48.8960114],[2.3763415,48.89578705],[2.37593127,48.89600507],[2.37563762,48.89576443]]]},"properties":{"id":"paris:11224","name":"JARDIN CURIAL - CITE MICHELET","nameAddon":"Jardin","objectNumber":"11224","district":"75019","locality":null,"type":"Promenades ouvertes","areaM2":5400,"areaHa":0.54,"designation":null,"dedicated":null,"builtYear":null,"renovatedYear":null,"planningAreaId":null,"planningAreaName":null,"centroid":[2.37654,48.895773],"bounds":[2.37564,48.89532,2.37741,48.89631],"amenities":{},"sourceId":"parks"}},{"type":"Feature","id":"paris:11225","geometry":{"type":"Polygon","coordinates":[[[2.25990632,48.84957301],[2.2605438,48.84942102],[2.25999191,48.84857789],[2.26028999,48.84847657],[2.2604287,48.8485788],[2.26087877,48.84923738],[2.26160626,48.85009227],[2.26189843,48.85051294],[2.26150886,48.85062149],[2.26111634,48.85016826],[2.2611857,48.85015289],[2.26099387,48.84998462],[2.2609068,48.85000724],[2.26058069,48.84979826],[2.2600893,48.84989325],[2.25990632,48.84957301]]]},"properties":{"id":"paris:11225","name":"PROMENADE DE LA GARE D'AUTEUIL","nameAddon":"Promenade","objectNumber":"11225","district":"75016","locality":null,"type":"Promenades ouvertes","areaM2":4990,"areaHa":0.5,"designation":null,"dedicated":null,"builtYear":null,"renovatedYear":null,"planningAreaId":null,"planningAreaName":null,"centroid":[2.260814,48.849605],"bounds":[2.25991,48.84848,2.2619,48.85062],"amenities":{},"sourceId":"parks"}},{"type":"Feature","id":"paris:11229","geometry":{"type":"Polygon","coordinates":[[[2.29066303,48.84023883],[2.29212391,48.83961371],[2.29207669,48.83956758],[2.29227148,48.83947711],[2.29241904,48.83951692],[2.2921549,48.83974489],[2.29200881,48.83971051],[2.29112638,48.84040347],[2.29107916,48.84045142],[2.29097292,48.84034739],[2.29112343,48.84027863],[2.2910526,48.84021169],[2.29075305,48.84034739],[2.29066303,48.84023883]]]},"properties":{"id":"paris:11229","name":"JARDIN MARIE POUSSEPIN","nameAddon":"Jardin","objectNumber":"11229","district":"75015","locality":null,"type":"Promenades ouvertes","areaM2":2500,"areaHa":0.25,"designation":null,"dedicated":null,"builtYear":null,"renovatedYear":null,"planningAreaId":null,"planningAreaName":null,"centroid":[2.291453,48.840006],"bounds":[2.29066,48.83948,2.29242,48.84045],"amenities":{},"sourceId":"parks"}},{"type":"Feature","id":"paris:11230","geometry":{"type":"Polygon","coordinates":[[[2.27731737,48.83693595],[2.27802863,48.83676316],[2.27799469,48.83670436],[2.27830014,48.8366347],[2.2782662,48.83656957],[2.2792534,48.83637145],[2.27930062,48.83632984],[2.28111271,48.8358947],[2.28107582,48.8358178],[2.28136652,48.83574995],[2.28144177,48.83559616],[2.2845775,48.83486521],[2.2848077,48.83498372],[2.28504381,48.83492763],[2.2850984,48.83473675],[2.28691049,48.83432061],[2.28694738,48.83439208],[2.28765421,48.83422381],[2.28777078,48.83430161],[2.28790949,48.83426361],[2.28890998,48.83391261],[2.28952679,48.8335987],[2.28956959,48.83361317],[2.29012885,48.83325222],[2.29016869,48.83328117],[2.29115147,48.83269676],[2.29208702,48.83199113],[2.2920221,48.83195133],[2.29292666,48.83171974],[2.29311112,48.83191333],[2.29276287,48.83206893],[2.29271417,48.83202461],[2.29255775,48.8320816],[2.29165761,48.83248598],[2.29023067,48.83332549],[2.29025871,48.83338249],[2.28999014,48.8335399],[2.28986176,48.83355618],[2.28958877,48.83374796],[2.28923609,48.83391713],[2.28872995,48.83412339],[2.28786522,48.83436132],[2.28793163,48.83440565],[2.28771766,48.83458386],[2.2867762,48.83479736],[2.28676292,48.83486249],[2.28657109,48.8348453],[2.28652535,48.83489687],[2.28640582,48.8348824],[2.28534631,48.83514113],[2.285153,48.83504342],[2.28481213,48.83512213],[2.28477524,48.83525059],[2.28161,48.83595802],[2.28143735,48.83588384],[2.28118059,48.83594174],[2.28108467,48.83613172],[2.28093858,48.83621675],[2.27897746,48.83666817],[2.27877235,48.83659761],[2.27833556,48.83669803],[2.27823226,48.83684368],[2.2773882,48.83705898],[2.27731737,48.83693595]]]},"properties":{"id":"paris:11230","name":"PROMENADE PC 15 - BALARD - DESNOUETTES - SERRES","nameAddon":"Promenade","objectNumber":"11230","district":"75015","locality":null,"type":"Promenades ouvertes","areaM2":35795,"areaHa":3.58,"designation":null,"dedicated":null,"builtYear":null,"renovatedYear":null,"planningAreaId":null,"planningAreaName":null,"centroid":[2.284866,48.834898],"bounds":[2.27732,48.83172,2.29311,48.83706],"amenities":{},"sourceId":"parks"}},{"type":"Feature","id":"paris:11231","geometry":{"type":"Polygon","coordinates":[[[2.36179614,48.88662566],[2.36265939,48.88640402],[2.36273464,48.88653067],[2.36187287,48.88675502],[2.36179614,48.88662566]]]},"properties":{"id":"paris:11231","name":"JARDIN FRANCOISE HELENE JOURDA","nameAddon":"Jardin","objectNumber":"11231","district":"75018","locality":null,"type":"Promenades ouvertes","areaM2":1010,"areaHa":0.1,"designation":null,"dedicated":null,"builtYear":null,"renovatedYear":null,"planningAreaId":null,"planningAreaName":null,"centroid":[2.362264,48.886579],"bounds":[2.3618,48.8864,2.36273,48.88676],"amenities":{},"sourceId":"parks"}},{"type":"Feature","id":"paris:11232","geometry":{"type":"Polygon","coordinates":[[[2.35027584,48.87082233],[2.35055178,48.87079338],[2.35056949,48.87096164],[2.35059015,48.87113443],[2.35071558,48.87128641],[2.35036585,48.87135245],[2.35029354,48.871186],[2.3503629,48.87117243],[2.35027584,48.87082233]]]},"properties":{"id":"paris:11232","name":"SQUARE YILMAZ GUNEY","nameAddon":"Square","objectNumber":"11232","district":"75010","locality":null,"type":"Promenades ouvertes","areaM2":1034,"areaHa":0.1,"designation":null,"dedicated":null,"builtYear":null,"renovatedYear":null,"planningAreaId":null,"planningAreaName":null,"centroid":[2.350462,48.87108],"bounds":[2.35028,48.87079,2.35072,48.87135],"amenities":{},"sourceId":"parks"}},{"type":"Feature","id":"paris:11233","geometry":{"type":"Polygon","coordinates":[[[2.39498027,48.87454496],[2.39516325,48.87425366],[2.39575351,48.87436946],[2.39568563,48.87454225],[2.39541411,48.87448525],[2.39529458,48.87445902],[2.39521047,48.87460557],[2.39498027,48.87454496]]]},"properties":{"id":"paris:11233","name":"JARDIN LEON ZYGUEL","nameAddon":"Jardin","objectNumber":"11233","district":"75020","locality":null,"type":"Promenades ouvertes","areaM2":1100,"areaHa":0.11,"designation":null,"dedicated":null,"builtYear":null,"renovatedYear":null,"planningAreaId":null,"planningAreaName":null,"centroid":[2.395349,48.874423],"bounds":[2.39498,48.87425,2.39575,48.87461],"amenities":{},"sourceId":"parks"}},{"type":"Feature","id":"paris:11234","geometry":{"type":"Polygon","coordinates":[[[2.40123402,48.85727067],[2.40167081,48.85699566],[2.40165458,48.85695585],[2.40206924,48.8568862],[2.40213859,48.85693595],[2.40143028,48.85739461],[2.40123402,48.85727067]]]},"properties":{"id":"paris:11234","name":"JARDIN DE VITALY","nameAddon":"Jardin","objectNumber":"11234","district":"75020","locality":null,"type":"Promenades ouvertes","areaM2":1000,"areaHa":0.1,"designation":null,"dedicated":null,"builtYear":null,"renovatedYear":null,"planningAreaId":null,"planningAreaName":null,"centroid":[2.401667,48.857123],"bounds":[2.40123,48.85689,2.40214,48.85739],"amenities":{},"sourceId":"parks"}},{"type":"Feature","id":"paris:11238","geometry":{"type":"Polygon","coordinates":[[[2.3727616,48.8602343],[2.37298147,48.86029944],[2.37309952,48.86014746],[2.37390522,48.86034105],[2.37398343,48.86020897],[2.37405278,48.86022616],[2.37397752,48.86035915],[2.37506359,48.86063145],[2.37492636,48.86071286],[2.37460024,48.86090736],[2.37281325,48.8603691],[2.3727616,48.8602343]]]},"properties":{"id":"paris:11238","name":"JARDIN DE L'IMPASSE TRUILLOT","nameAddon":"Jardin","objectNumber":"11238","district":"75011","locality":null,"type":"Promenades ouvertes","areaM2":5582,"areaHa":0.56,"designation":null,"dedicated":null,"builtYear":null,"renovatedYear":null,"planningAreaId":null,"planningAreaName":null,"centroid":[2.373933,48.860519],"bounds":[2.37276,48.86015,2.37506,48.86091],"amenities":{},"sourceId":"parks"}},{"type":"Feature","id":"paris:11246","geometry":{"type":"Polygon","coordinates":[[[2.35552763,48.81972227],[2.35583161,48.81969966],[2.35619757,48.81975574],[2.35646613,48.81991225],[2.35586112,48.82038267],[2.3556383,48.82033653],[2.35552763,48.81972227]]]},"properties":{"id":"paris:11246","name":"JARDIN DU MONUMENT AUX MERES FRANCAISES","nameAddon":"Jardin","objectNumber":"11246","district":"75013","locality":null,"type":"Promenades ouvertes","areaM2":2790,"areaHa":0.28,"designation":null,"dedicated":null,"builtYear":null,"renovatedYear":null,"planningAreaId":null,"planningAreaName":null,"centroid":[2.355917,48.819995],"bounds":[2.35553,48.8197,2.35647,48.82038],"amenities":{},"sourceId":"parks"}},{"type":"Feature","id":"paris:11257","geometry":{"type":"Polygon","coordinates":[[[2.4005449,48.86171431],[2.40056409,48.86148091],[2.40081347,48.86158223],[2.40063934,48.86174507],[2.4005449,48.86171431]]]},"properties":{"id":"paris:11257","name":"JARDIN DES OISEAUX","nameAddon":"Jardin","objectNumber":"11257","district":"75020","locality":null,"type":"Promenades ouvertes","areaM2":450,"areaHa":0.05,"designation":null,"dedicated":null,"builtYear":null,"renovatedYear":null,"planningAreaId":null,"planningAreaName":null,"centroid":[2.400647,48.861615],"bounds":[2.40054,48.86148,2.40081,48.86175],"amenities":{},"sourceId":"parks"}},{"type":"Feature","id":"paris:11263","geometry":{"type":"MultiPolygon","coordinates":[[[[2.28851008,48.88627465],[2.28911361,48.88619776],[2.28931578,48.88631898],[2.28896753,48.88656052],[2.28851008,48.88627465]]],[[[2.28918887,48.88670527],[2.2895386,48.8864592],[2.28969059,48.88655328],[2.28976289,48.88659942],[2.2894899,48.88689253],[2.28918887,48.88670527]]]]},"properties":{"id":"paris:11263","name":"SQUARE AUGUSTE BALAGNY","nameAddon":"Square","objectNumber":"11263","district":"75017","locality":null,"type":"Promenades ouvertes","areaM2":2293,"areaHa":0.23,"designation":null,"dedicated":null,"builtYear":null,"renovatedYear":null,"planningAreaId":null,"planningAreaName":null,"centroid":[2.289189,48.886493],"bounds":[2.28851,48.8862,2.28976,48.88689],"amenities":{},"sourceId":"parks"}},{"type":"Feature","id":"paris:11264","geometry":{"type":"Polygon","coordinates":[[[2.37479208,48.88668536],[2.37494997,48.88666546],[2.37542217,48.88690067],[2.37540151,48.88692057],[2.37543841,48.88700742],[2.37479208,48.88668536]]]},"properties":{"id":"paris:11264","name":"SQUARE DU QUAI DE LA SEINE","nameAddon":"Square","objectNumber":"11264","district":"75019","locality":null,"type":"Promenades ouvertes","areaM2":250,"areaHa":0.03,"designation":null,"dedicated":null,"builtYear":null,"renovatedYear":null,"planningAreaId":null,"planningAreaName":null,"centroid":[2.375142,48.886813],"bounds":[2.37479,48.88667,2.37544,48.88701],"amenities":{},"sourceId":"parks"}},{"type":"Feature","id":"paris:11290","geometry":{"type":"Polygon","coordinates":[[[2.35161571,48.85582866],[2.35208202,48.85565678],[2.35264571,48.8555835],[2.35270769,48.85570834],[2.35249815,48.85575448],[2.35251143,48.85580695],[2.35195806,48.85593903],[2.35189904,48.85589741],[2.35169245,48.85594807],[2.35161571,48.85582866]]]},"properties":{"id":"paris:11290","name":"JARDIN DES COMBATTANTS DE LA NUEVE","nameAddon":"Jardin","objectNumber":"11290","district":"75004","locality":null,"type":"Promenades ouvertes","areaM2":1600,"areaHa":0.16,"designation":null,"dedicated":null,"builtYear":null,"renovatedYear":null,"planningAreaId":null,"planningAreaName":null,"centroid":[2.352166,48.855767],"bounds":[2.35162,48.85558,2.35271,48.85595],"amenities":{},"sourceId":"parks"}},{"type":"Feature","id":"paris:113","geometry":{"type":"Polygon","coordinates":[[[2.34151202,48.87224353],[2.34165959,48.87222001],[2.34183962,48.87256287],[2.34164631,48.87259363],[2.34159466,48.8724706],[2.34163303,48.87244527],[2.34151202,48.87224353]]]},"properties":{"id":"paris:113","name":"JARDIN DE LA MAIRIE DU IXEME","nameAddon":"Jardin","objectNumber":"113","district":"75009","locality":null,"type":"Promenades ouvertes","areaM2":482,"areaHa":0.05,"designation":null,"dedicated":null,"builtYear":null,"renovatedYear":null,"planningAreaId":null,"planningAreaName":null,"centroid":[2.341675,48.872415],"bounds":[2.34151,48.87222,2.34184,48.87259],"amenities":{},"sourceId":"parks"}},{"type":"Feature","id":"paris:11304","geometry":{"type":"Polygon","coordinates":[[[2.29318785,48.83175593],[2.29358922,48.83162837],[2.29364677,48.83170798],[2.29439935,48.8315569],[2.29559461,48.83117424],[2.29610961,48.83115343],[2.29633538,48.83107472],[2.29643573,48.83120952],[2.29618044,48.8312846],[2.29542049,48.83131536],[2.29522128,48.83137688],[2.29525522,48.8314194],[2.2947417,48.83158314],[2.29485237,48.83173602],[2.29464578,48.83180025],[2.29461184,48.83181201],[2.29440525,48.83157319],[2.29350364,48.83177764],[2.29346822,48.83170707],[2.29318785,48.83175593]]]},"properties":{"id":"paris:11304","name":"JARDIN SAIDA","nameAddon":"Jardin","objectNumber":"11304","district":"75015","locality":null,"type":"Promenades ouvertes","areaM2":2830,"areaHa":0.28,"designation":null,"dedicated":null,"builtYear":null,"renovatedYear":null,"planningAreaId":null,"planningAreaName":null,"centroid":[2.29511,48.83143],"bounds":[2.29319,48.83107,2.29644,48.83181],"amenities":{},"sourceId":"parks"}},{"type":"Feature","id":"paris:11310","geometry":{"type":"Polygon","coordinates":[[[2.36237459,48.88781165],[2.36290434,48.88767143],[2.3637248,48.8890465],[2.36357576,48.88908359],[2.36360379,48.88915596],[2.36364659,48.88915415],[2.36372184,48.88942283],[2.36375726,48.8898245],[2.36328063,48.88983264],[2.3632039,48.88970237],[2.3633972,48.88965171],[2.36310355,48.88916863],[2.363046,48.8891831],[2.36298107,48.88907273],[2.36325554,48.88900308],[2.36257675,48.88783698],[2.36241443,48.8878786],[2.36237459,48.88781165]]]},"properties":{"id":"paris:11310","name":"JARDINS ROSA LUXEMBURG","nameAddon":"Jardin","objectNumber":"11310","district":"75018","locality":null,"type":"Promenades ouvertes","areaM2":8350,"areaHa":0.84,"designation":null,"dedicated":null,"builtYear":null,"renovatedYear":null,"planningAreaId":null,"planningAreaName":null,"centroid":[2.363239,48.888786],"bounds":[2.36237,48.88767,2.36376,48.88983],"amenities":{},"sourceId":"parks"}},{"type":"Feature","id":"paris:11311","geometry":{"type":"MultiPolygon","coordinates":[[[[2.30345386,48.86308486],[2.30345681,48.86301972],[2.30378883,48.86302696],[2.3037844,48.86309209],[2.30395115,48.86309662],[2.3039482,48.86316175],[2.30361618,48.86315451],[2.30361913,48.86308847],[2.30345386,48.86308486]]],[[[2.3040087,48.86316356],[2.30401313,48.86309752],[2.30409576,48.86309933],[2.30409871,48.86303329],[2.30443073,48.86304143],[2.3044263,48.86310657],[2.30434367,48.86310476],[2.30434072,48.8631708],[2.3040087,48.86316356]]],[[[2.30448533,48.86317351],[2.30449123,48.86304234],[2.30482325,48.86304957],[2.30481735,48.86318075],[2.30448533,48.86317351]]],[[[2.3048808,48.86311561],[2.30488375,48.86305048],[2.30521577,48.86305772],[2.30521282,48.86312376],[2.30529545,48.86312557],[2.3052925,48.8631907],[2.30496048,48.86318346],[2.30496344,48.86311742],[2.3048808,48.86311561]]],[[[2.305353,48.8631916],[2.30535743,48.86312647],[2.3055227,48.86313009],[2.30552713,48.86306314],[2.30585915,48.86307038],[2.3058562,48.86313642],[2.30568945,48.86313371],[2.3056865,48.86319884],[2.305353,48.8631916]]]]},"properties":{"id":"paris:11311","name":"ARCHIPEL DES BERGES DE LA SEINE - NIKI DE SAINT-PHALLE","nameAddon":"Archipel","objectNumber":"11311","district":"75007","locality":null,"type":"Promenades ouvertes","areaM2":1840,"areaHa":0.18,"designation":null,"dedicated":null,"builtYear":null,"renovatedYear":null,"planningAreaId":null,"planningAreaName":null,"centroid":[2.304656,48.863111],"bounds":[2.30345,48.86302,2.30586,48.8632],"amenities":{},"sourceId":"parks"}},{"type":"Feature","id":"paris:11313","geometry":{"type":"Polygon","coordinates":[[[2.3658202,48.87760177],[2.3658748,48.87757825],[2.36595301,48.87759001],[2.36656982,48.87830559],[2.36650785,48.87834268],[2.3664444,48.87833906],[2.36611238,48.87795278],[2.36618321,48.87792564],[2.36613894,48.87788855],[2.36608729,48.87790754],[2.3658202,48.87760177]]]},"properties":{"id":"paris:11313","name":"SQUARE HENRI CHRISTINE","nameAddon":"Square","objectNumber":"11313","district":"75010","locality":null,"type":"Promenades ouvertes","areaM2":975,"areaHa":0.1,"designation":null,"dedicated":null,"builtYear":null,"renovatedYear":null,"planningAreaId":null,"planningAreaName":null,"centroid":[2.366205,48.877968],"bounds":[2.36582,48.87758,2.36657,48.87834],"amenities":{},"sourceId":"parks"}},{"type":"Feature","id":"paris:11315","geometry":{"type":"Polygon","coordinates":[[[2.40399789,48.83187443],[2.40413513,48.83176407],[2.40419415,48.83158404],[2.40444649,48.83125023],[2.40498214,48.83087208],[2.40538499,48.83044056],[2.40548091,48.83026506],[2.40545877,48.83016826],[2.40519021,48.83000633],[2.40440369,48.82966709],[2.40467078,48.82924281],[2.40579522,48.82902388],[2.40618184,48.82906821],[2.40712329,48.82891352],[2.40701705,48.82849919],[2.40727824,48.82816808],[2.40767371,48.82787588],[2.40780356,48.8278397],[2.40827724,48.82785146],[2.40896932,48.82747693],[2.40951088,48.82737652],[2.40955957,48.82804505],[2.40918328,48.82859327],[2.40929543,48.82867469],[2.40954039,48.82870454],[2.40943119,48.82945721],[2.40884684,48.82957481],[2.40871698,48.8298046],[2.40870813,48.83005337],[2.40882913,48.83014384],[2.40869927,48.83025059],[2.40868747,48.83032025],[2.40877748,48.83041343],[2.40908442,48.83049846],[2.40872288,48.83101411],[2.40788177,48.83076352],[2.40759697,48.83080333],[2.40741399,48.83089651],[2.40625414,48.83138502],[2.40494525,48.83207074],[2.40476522,48.83224172],[2.40441697,48.83214312],[2.40406135,48.83195133],[2.40399789,48.83187443]]]},"properties":{"id":"paris:11315","name":"PELOUSE DE REUILLY","nameAddon":"Pelouse","objectNumber":"11315","district":"75012","locality":null,"type":"Promenades ouvertes","areaM2":102089,"areaHa":10.21,"designation":null,"dedicated":null,"builtYear":null,"renovatedYear":null,"planningAreaId":null,"planningAreaName":null,"centroid":[2.40705,48.829795],"bounds":[2.404,48.82738,2.40956,48.83224],"amenities":{},"sourceId":"parks"}},{"type":"Feature","id":"paris:11316","geometry":{"type":"Polygon","coordinates":[[[2.26057479,48.86706622],[2.26073268,48.86696761],[2.26063234,48.866888],[2.26060282,48.86684006],[2.2608404,48.86674055],[2.26120931,48.86668989],[2.26124325,48.86678668],[2.26134359,48.86684277],[2.2614823,48.86703637],[2.26153985,48.86726796],[2.2610101,48.86740818],[2.26084188,48.86737199],[2.26073415,48.86731048],[2.26057479,48.86706622]]]},"properties":{"id":"paris:11316","name":"SQUARE DE LA PHOTO HIPPIQUE","nameAddon":"Square","objectNumber":"11316","district":"75016","locality":null,"type":"Promenades ouvertes","areaM2":4021,"areaHa":0.4,"designation":null,"dedicated":null,"builtYear":null,"renovatedYear":null,"planningAreaId":null,"planningAreaName":null,"centroid":[2.261051,48.86706],"bounds":[2.26057,48.86669,2.26154,48.86741],"amenities":{},"sourceId":"parks"}},{"type":"Feature","id":"paris:11318","geometry":{"type":"Polygon","coordinates":[[[2.40618626,48.832296],[2.40627775,48.83218744],[2.40660534,48.83215488],[2.4066083,48.83212412],[2.40751434,48.83186901],[2.40755123,48.8318871],[2.40764714,48.83181835],[2.40816804,48.83201918],[2.4080559,48.83260991],[2.40810017,48.83261715],[2.40826396,48.83305229],[2.40807508,48.83321332],[2.40618626,48.832296]]]},"properties":{"id":"paris:11318","name":"SQUARE DE LA CROIX ROUGE","nameAddon":"Square","objectNumber":"11318","district":"75012","locality":null,"type":"Promenades ouvertes","areaM2":12012,"areaHa":1.2,"designation":null,"dedicated":null,"builtYear":null,"renovatedYear":null,"planningAreaId":null,"planningAreaName":null,"centroid":[2.407446,48.832436],"bounds":[2.40619,48.83182,2.40826,48.83321],"amenities":{},"sourceId":"parks"}},{"type":"Feature","id":"paris:11319","geometry":{"type":"Polygon","coordinates":[[[2.40972779,48.83231681],[2.40974403,48.83216121],[2.40990487,48.83197576],[2.41018672,48.83179392],[2.41067663,48.83160847],[2.41112817,48.83137235],[2.41188813,48.83076443],[2.41209324,48.83073548],[2.41224523,48.83077619],[2.41239722,48.83092546],[2.41234115,48.83095169],[2.41232344,48.83106839],[2.41237509,48.83109191],[2.41223195,48.83156595],[2.41191616,48.83219287],[2.41161661,48.83253212],[2.41130673,48.8327239],[2.41102635,48.83279899],[2.41049365,48.83277366],[2.41009375,48.83267505],[2.40981043,48.83246336],[2.40972779,48.83231681]]]},"properties":{"id":"paris:11319","name":"ILE DE BERCY","nameAddon":"Ile","objectNumber":"11319","district":"75012","locality":null,"type":"Promenades ouvertes","areaM2":24572,"areaHa":2.46,"designation":null,"dedicated":null,"builtYear":null,"renovatedYear":null,"planningAreaId":null,"planningAreaName":null,"centroid":[2.411157,48.831913],"bounds":[2.40973,48.83074,2.4124,48.8328],"amenities":{},"sourceId":"parks"}},{"type":"Feature","id":"paris:11320","geometry":{"type":"Polygon","coordinates":[[[2.41250052,48.83150986],[2.41250199,48.8312837],[2.41253446,48.8311091],[2.41261709,48.83099783],[2.41260824,48.83088837],[2.41291074,48.83054189],[2.41328851,48.83032115],[2.4136884,48.83018093],[2.41442327,48.8300009],[2.41526143,48.82987425],[2.41562444,48.82987154],[2.41577938,48.82989506],[2.41586645,48.82996381],[2.41589596,48.8300977],[2.41575282,48.83028316],[2.41509026,48.83051475],[2.4146579,48.83073367],[2.41354969,48.83155328],[2.41320735,48.83175864],[2.41294616,48.83181201],[2.4126894,48.83174959],[2.41250052,48.83150986]]]},"properties":{"id":"paris:11320","name":"ILE DE REUILLY","nameAddon":"Ile","objectNumber":"11320","district":"75012","locality":null,"type":"Promenades ouvertes","areaM2":25293,"areaHa":2.53,"designation":null,"dedicated":null,"builtYear":null,"renovatedYear":null,"planningAreaId":null,"planningAreaName":null,"centroid":[2.413919,48.830726],"bounds":[2.4125,48.82987,2.4159,48.83181],"amenities":{},"sourceId":"parks"}},{"type":"Feature","id":"paris:11321","geometry":{"type":"Polygon","coordinates":[[[2.41379613,48.83294554],[2.41381383,48.83290121],[2.41404994,48.83292473],[2.41386105,48.83301067],[2.41379613,48.83294554]]]},"properties":{"id":"paris:11321","name":"SQUARE DAUMESNIL","nameAddon":"Square","objectNumber":"11321","district":"75012","locality":null,"type":"Promenades ouvertes","areaM2":147,"areaHa":0.01,"designation":null,"dedicated":null,"builtYear":null,"renovatedYear":null,"planningAreaId":null,"planningAreaName":null,"centroid":[2.413896,48.832947],"bounds":[2.4138,48.8329,2.41405,48.83301],"amenities":{},"sourceId":"parks"}},{"type":"Feature","id":"paris:11322","geometry":{"type":"Polygon","coordinates":[[[2.42164504,48.83925366],[2.42164799,48.83916501],[2.42246402,48.83854804],[2.42254813,48.8385797],[2.42259683,48.83857156],[2.42240795,48.83951149],[2.42174096,48.83930251],[2.42164504,48.83925366]]]},"properties":{"id":"paris:11322","name":"SQUARE DU JEU DE BOULES DE SAINT MANDE","nameAddon":"Square","objectNumber":"11322","district":"75012","locality":null,"type":"Promenades ouvertes","areaM2":3859,"areaHa":0.39,"designation":null,"dedicated":null,"builtYear":null,"renovatedYear":null,"planningAreaId":null,"planningAreaName":null,"centroid":[2.422192,48.83907],"bounds":[2.42165,48.83855,2.4226,48.83951],"amenities":{},"sourceId":"parks"}},{"type":"Feature","id":"paris:11323","geometry":{"type":"Polygon","coordinates":[[[2.43302221,48.84121675],[2.43306943,48.84117243],[2.4334162,48.84114348],[2.43348113,48.84117604],[2.43352097,48.84137145],[2.43309599,48.84142392],[2.43304139,48.84128641],[2.43302221,48.84121675]]]},"properties":{"id":"paris:11323","name":"SQUARE CHARLES DE GAULLE","nameAddon":"Square","objectNumber":"11323","district":"94300","locality":null,"type":"Promenades ouvertes","areaM2":873,"areaHa":0.09,"designation":null,"dedicated":null,"builtYear":null,"renovatedYear":null,"planningAreaId":null,"planningAreaName":null,"centroid":[2.433271,48.841279],"bounds":[2.43302,48.84114,2.43352,48.84142],"amenities":{},"sourceId":"parks"}},{"type":"Feature","id":"paris:11324","geometry":{"type":"Polygon","coordinates":[[[2.43229619,48.8394545],[2.43241277,48.83942645],[2.4324777,48.83933961],[2.43251459,48.83937127],[2.43397842,48.83923557],[2.43412156,48.83999095],[2.43405515,48.84011399],[2.43365968,48.84011851],[2.43319928,48.84006875],[2.43237293,48.83983174],[2.43229619,48.8394545]]]},"properties":{"id":"paris:11324","name":"SQUARE CARNOT","nameAddon":"Square","objectNumber":"11324","district":"75012","locality":null,"type":"Promenades ouvertes","areaM2":10256,"areaHa":1.03,"designation":null,"dedicated":null,"builtYear":null,"renovatedYear":null,"planningAreaId":null,"planningAreaName":null,"centroid":[2.433293,48.839678],"bounds":[2.4323,48.83924,2.43412,48.84012],"amenities":{},"sourceId":"parks"}},{"type":"Feature","id":"paris:11325","geometry":{"type":"Polygon","coordinates":[[[2.44295915,48.84482631],[2.4430713,48.84473584],[2.44322919,48.84471594],[2.44339004,48.84477293],[2.44344611,48.84484892],[2.44296505,48.84494753],[2.44295915,48.84482631]]]},"properties":{"id":"paris:11325","name":"SQUARE DU DONJON","nameAddon":"Square","objectNumber":"11325","district":"75012","locality":null,"type":"Promenades ouvertes","areaM2":634,"areaHa":0.06,"designation":null,"dedicated":null,"builtYear":null,"renovatedYear":null,"planningAreaId":null,"planningAreaName":null,"centroid":[2.443173,48.844825],"bounds":[2.44296,48.84472,2.44345,48.84495],"amenities":{},"sourceId":"parks"}},{"type":"Feature","id":"paris:11326","geometry":{"type":"Polygon","coordinates":[[[2.44648887,48.83596436],[2.44650068,48.83588656],[2.44657003,48.83585399],[2.44684303,48.83585942],[2.44691386,48.83589832],[2.44689615,48.83598516],[2.44679286,48.83608468],[2.44660545,48.83606749],[2.44648887,48.83596436]]]},"properties":{"id":"paris:11326","name":"JARDIN INSOLITE","nameAddon":"Jardin","objectNumber":"11326","district":"75012","locality":null,"type":"Promenades ouvertes","areaM2":664,"areaHa":0.07,"designation":null,"dedicated":null,"builtYear":null,"renovatedYear":null,"planningAreaId":null,"planningAreaName":null,"centroid":[2.446702,48.835958],"bounds":[2.44649,48.83585,2.44691,48.83608],"amenities":{},"sourceId":"parks"}},{"type":"Feature","id":"paris:11327","geometry":{"type":"Polygon","coordinates":[[[2.43886278,48.84474398],[2.43892033,48.84469423],[2.43933794,48.84465804],[2.43944271,48.8446888],[2.43955485,48.84523521],[2.43950911,48.8452732],[2.43909298,48.84530849],[2.43897198,48.84528135],[2.43886278,48.84474398]]]},"properties":{"id":"paris:11327","name":"SQUARE JEAN JAURES","nameAddon":"Square","objectNumber":"11327","district":"94300","locality":null,"type":"Promenades ouvertes","areaM2":2934,"areaHa":0.29,"designation":null,"dedicated":null,"builtYear":null,"renovatedYear":null,"planningAreaId":null,"planningAreaName":null,"centroid":[2.439208,48.844984],"bounds":[2.43886,48.84466,2.43955,48.84531],"amenities":{},"sourceId":"parks"}},{"type":"Feature","id":"paris:11328","geometry":{"type":"Polygon","coordinates":[[[2.43903248,48.84555184],[2.43909003,48.84554731],[2.43905756,48.845389],[2.43951796,48.8453501],[2.439546,48.84548761],[2.4396006,48.84548308],[2.43986621,48.84678487],[2.43982785,48.84686448],[2.43937335,48.84687263],[2.43929809,48.84684096],[2.43903248,48.84555184]]]},"properties":{"id":"paris:11328","name":"SQUARE MARIGNY","nameAddon":"Square","objectNumber":"11328","district":"94300","locality":null,"type":"Promenades ouvertes","areaM2":6943,"areaHa":0.69,"designation":null,"dedicated":null,"builtYear":null,"renovatedYear":null,"planningAreaId":null,"planningAreaName":null,"centroid":[2.439443,48.846129],"bounds":[2.43903,48.84535,2.43987,48.84687],"amenities":{},"sourceId":"parks"}},{"type":"Feature","id":"paris:11329","geometry":{"type":"Polygon","coordinates":[[[2.2529059,48.85648453],[2.25309625,48.85609372],[2.253263,48.85591551],[2.25339728,48.85586937],[2.25341942,48.85569839],[2.25330432,48.85555184],[2.2534445,48.85549846],[2.25362453,48.85520083],[2.25428414,48.85504433],[2.25508984,48.85558983],[2.25539677,48.85547494],[2.25543514,48.85552741],[2.25519756,48.85567035],[2.25583356,48.8561082],[2.25525659,48.85609463],[2.25475782,48.85624389],[2.25466338,48.85667993],[2.25483013,48.8568084],[2.25477405,48.85688891],[2.25612279,48.85733219],[2.25614787,48.85770219],[2.2562187,48.85770309],[2.25623198,48.85777094],[2.25568747,48.85776913],[2.25470765,48.85752216],[2.25466781,48.85763344],[2.25457189,48.85762348],[2.25434612,48.85746065],[2.25428857,48.85720192],[2.25413658,48.85706984],[2.25398311,48.8569839],[2.25358617,48.85687986],[2.25342827,48.85676678],[2.25306231,48.85678668],[2.25294279,48.85667813],[2.2529059,48.85648453]]]},"properties":{"id":"paris:11329","name":"PELOUSE DE SAINT CLOUD","nameAddon":"Pelouse","objectNumber":"11329","district":"75016","locality":null,"type":"Promenades ouvertes","areaM2":34506,"areaHa":3.45,"designation":null,"dedicated":null,"builtYear":null,"renovatedYear":null,"planningAreaId":null,"planningAreaName":null,"centroid":[2.254409,48.8564],"bounds":[2.25291,48.85504,2.25623,48.85777],"amenities":{},"sourceId":"parks"}},{"type":"Feature","id":"paris:11330","geometry":{"type":"Polygon","coordinates":[[[2.25763679,48.85332821],[2.25784928,48.85266329],[2.25814293,48.85226977],[2.2582905,48.85227881],[2.25843954,48.85242175],[2.26089647,48.85556993],[2.25770319,48.85354623],[2.25763679,48.85332821]]]},"properties":{"id":"paris:11330","name":"HIPPODROME D'AUTEUIL, PELOUSE B","nameAddon":"Pelouse","objectNumber":"11330","district":"75016","locality":null,"type":"Promenades ouvertes","areaM2":24659,"areaHa":2.47,"designation":null,"dedicated":null,"builtYear":null,"renovatedYear":null,"planningAreaId":null,"planningAreaName":null,"centroid":[2.258882,48.853711],"bounds":[2.25764,48.85227,2.2609,48.85557],"amenities":{},"sourceId":"parks"}},{"type":"Feature","id":"paris:11331","geometry":{"type":"Polygon","coordinates":[[[2.25429742,48.84981636],[2.25438449,48.84949882],[2.25466486,48.84920843],[2.25501458,48.84906097],[2.25567272,48.84892437],[2.25606966,48.8490076],[2.25656843,48.84934232],[2.25699784,48.84989868],[2.25742725,48.85068392],[2.25763974,48.85129546],[2.25769139,48.85174778],[2.2576663,48.85205356],[2.25741249,48.85286684],[2.25698456,48.85290664],[2.25692258,48.85286593],[2.25640758,48.85218925],[2.25557533,48.85141849],[2.25472831,48.85056269],[2.25436383,48.85008051],[2.25429742,48.84981636]]]},"properties":{"id":"paris:11331","name":"HIPPODROME D'AUTEUIL, PELOUSE A","nameAddon":"Pelouse","objectNumber":"11331","district":"75016","locality":null,"type":"Promenades ouvertes","areaM2":62714,"areaHa":6.27,"designation":null,"dedicated":null,"builtYear":null,"renovatedYear":null,"planningAreaId":null,"planningAreaName":null,"centroid":[2.256165,48.850686],"bounds":[2.2543,48.84892,2.25769,48.85291],"amenities":{},"sourceId":"parks"}},{"type":"Feature","id":"paris:11332","geometry":{"type":"Polygon","coordinates":[[[2.25736527,48.85379048],[2.26031212,48.85566763],[2.2609614,48.85613895],[2.26122407,48.85637778],[2.26138786,48.85660575],[2.26139819,48.85681111],[2.26129785,48.85698209],[2.26098059,48.85677945],[2.26086253,48.85679935],[2.26075776,48.85669079],[2.26015718,48.85668898],[2.25982959,48.85678668],[2.2580116,48.854649],[2.25736527,48.85379048]]]},"properties":{"id":"paris:11332","name":"HIPPODROME D'AUTEUIL, PELOUSE C","nameAddon":"Pelouse","objectNumber":"11332","district":"75016","locality":null,"type":"Promenades ouvertes","areaM2":26594,"areaHa":2.66,"designation":null,"dedicated":null,"builtYear":null,"renovatedYear":null,"planningAreaId":null,"planningAreaName":null,"centroid":[2.259602,48.855708],"bounds":[2.25737,48.85379,2.2614,48.85698],"amenities":{},"sourceId":"parks"}},{"type":"Feature","id":"paris:11338","geometry":{"type":"Polygon","coordinates":[[[2.28343093,48.84174507],[2.2838692,48.84156685],[2.28445503,48.84219739],[2.28471326,48.84209336],[2.2847413,48.84212412],[2.28378066,48.84251312],[2.28375115,48.84248236],[2.28401676,48.84237561],[2.28343093,48.84174507]]]},"properties":{"id":"paris:11338","name":"JARDIN MARGUERITE BOUCICAUT","nameAddon":"Jardin","objectNumber":"11338","district":"75015","locality":null,"type":"Promenades ouvertes","areaM2":3440,"areaHa":0.34,"designation":null,"dedicated":null,"builtYear":null,"renovatedYear":null,"planningAreaId":null,"planningAreaName":null,"centroid":[2.283972,48.842003],"bounds":[2.28343,48.84157,2.28474,48.84251],"amenities":{},"sourceId":"parks"}},{"type":"Feature","id":"paris:11348","geometry":{"type":"Polygon","coordinates":[[[2.35383507,48.87542247],[2.35418037,48.87540619],[2.35419218,48.87553012],[2.35409331,48.87561516],[2.35420693,48.87568753],[2.35421874,48.87581057],[2.35409774,48.87581599],[2.35387196,48.87582414],[2.35383507,48.87542247]]]},"properties":{"id":"paris:11348","name":"JARDIN SAINT-LAZARE","nameAddon":"Jardin","objectNumber":"11348","district":"75010","locality":null,"type":"Promenades ouvertes","areaM2":992,"areaHa":0.1,"designation":null,"dedicated":null,"builtYear":null,"renovatedYear":null,"planningAreaId":null,"planningAreaName":null,"centroid":[2.354018,48.875616],"bounds":[2.35384,48.87541,2.35422,48.87582],"amenities":{},"sourceId":"parks"}},{"type":"Feature","id":"paris:11379","geometry":{"type":"MultiPolygon","coordinates":[[[[2.27626967,48.87223358],[2.27635083,48.87205265],[2.27638477,48.87204994],[2.2768614,48.87230052],[2.27626967,48.87223358]]],[[[2.2762977,48.87131446],[2.27662825,48.87134793],[2.27669465,48.87138864],[2.27677433,48.87136512],[2.27710045,48.8714013],[2.27692042,48.87144654],[2.27646002,48.87153067],[2.2762977,48.87131446]]],[[[2.27666366,48.87200742],[2.27667842,48.87199837],[2.27813487,48.87215669],[2.27822341,48.87219106],[2.27840196,48.87246608],[2.27734245,48.87234666],[2.27698683,48.87217659],[2.27709602,48.87215397],[2.27708864,48.8721214],[2.27689238,48.87212683],[2.27666366,48.87200742]]],[[[2.27676548,48.87163018],[2.27759921,48.87145468],[2.27771431,48.87148815],[2.27787663,48.87170074],[2.27785893,48.87176407],[2.27730704,48.87170346],[2.27731737,48.87167089],[2.27721702,48.87166003],[2.27720965,48.8716917],[2.27676548,48.87163018]]],[[[2.27782204,48.87149629],[2.27920323,48.87163018],[2.27926964,48.87166094],[2.2793685,48.87182649],[2.27928734,48.8717903],[2.27926816,48.87183192],[2.27939802,48.87187443],[2.27939359,48.87193414],[2.2780242,48.87178126],[2.27782204,48.87149629]]],[[[2.27828686,48.87220282],[2.27833261,48.87218202],[2.27977726,48.87234395],[2.28008124,48.87265334],[2.27853477,48.87248326],[2.27828686,48.87220282]]],[[[2.2793567,48.87166908],[2.28088546,48.87181563],[2.28089431,48.87195947],[2.28083971,48.87209246],[2.27952049,48.87194681],[2.2793567,48.87166908]]],[[[2.27992187,48.87235571],[2.2830517,48.87270128],[2.28321254,48.87278723],[2.28344126,48.87301429],[2.28026569,48.87267595],[2.28003254,48.87250407],[2.27992187,48.87235571]]],[[[2.28095334,48.87210512],[2.28097695,48.87184549],[2.28246734,48.87199023],[2.28258982,48.8721006],[2.28265327,48.87227881],[2.28095334,48.87210512]]],[[[2.28263557,48.87202099],[2.28398282,48.87217026],[2.28435173,48.8723349],[2.28436354,48.87244979],[2.28430008,48.8724715],[2.28332321,48.87236566],[2.28368179,48.87230233],[2.28406693,48.87232043],[2.28408759,48.87225891],[2.28396216,48.87224353],[2.283518,48.8722562],[2.28317565,48.87234938],[2.28279493,48.87230505],[2.28263557,48.87202099]]],[[[2.28325681,48.87273295],[2.28384559,48.8727827],[2.28397249,48.87291297],[2.28412301,48.87297539],[2.28415842,48.8729175],[2.28396659,48.87279808],[2.28422188,48.87282613],[2.28423516,48.87288945],[2.28415105,48.8729763],[2.28383378,48.87303781],[2.28361539,48.87302967],[2.28325681,48.87273295]]],[[[2.28471031,48.87300344],[2.28472359,48.8728994],[2.28640729,48.87306948],[2.28622874,48.87324317],[2.28607085,48.87331011],[2.28498035,48.8731708],[2.28490067,48.87309119],[2.28506299,48.87297901],[2.28500544,48.87293107],[2.28477081,48.87308667],[2.28471031,48.87300344]]],[[[2.28483131,48.87250317],[2.28487706,48.87233038],[2.28502905,48.87241361],[2.28510578,48.87251583],[2.28519727,48.87249774],[2.2849715,48.87227519],[2.28709494,48.87249864],[2.28709494,48.87254568],[2.28686474,48.87273295],[2.28486968,48.87253392],[2.28483131,48.87250317]]],[[[2.28622136,48.87330921],[2.28651207,48.87307762],[2.28781653,48.87321965],[2.28793163,48.87323684],[2.28796999,48.87327936],[2.28795967,48.87346029],[2.28789326,48.87351185],[2.28622136,48.87330921]]],[[[2.2869459,48.87275466],[2.2871097,48.87258368],[2.28724693,48.87251764],[2.28734285,48.87252578],[2.28743286,48.8725882],[2.28758338,48.87282613],[2.2869459,48.87275466]]],[[[2.28750369,48.87257011],[2.28754206,48.87254659],[2.29130789,48.87296273],[2.29102604,48.87317351],[2.29089028,48.8731907],[2.28793015,48.87287045],[2.28791687,48.8728397],[2.287697,48.87284331],[2.28750369,48.87257011]]],[[[2.28802312,48.87325945],[2.28912247,48.8733662],[2.28936005,48.8736195],[2.28934529,48.87367288],[2.28805115,48.87352813],[2.28802312,48.87325945]]],[[[2.28923609,48.87339334],[2.29048596,48.87351999],[2.29034134,48.87366202],[2.29012885,48.87375792],[2.28946334,48.87368373],[2.28923609,48.87339334]]],[[[2.29033692,48.8737552],[2.29054351,48.87357608],[2.29069845,48.87353809],[2.29091242,48.87356613],[2.2910526,48.87379048],[2.29104817,48.87386014],[2.29037528,48.87378596],[2.29033692,48.8737552]]],[[[2.2909921,48.87357156],[2.29152776,48.87362946],[2.29147316,48.87370183],[2.29167089,48.87373982],[2.29121935,48.87385562],[2.29112491,48.87380043],[2.2909921,48.87357156]]],[[[2.29106883,48.87319794],[2.29138462,48.87297358],[2.29179042,48.87319884],[2.29164728,48.87318799],[2.29160301,48.87319432],[2.29162958,48.87325764],[2.29156022,48.8732685],[2.29106883,48.87319794]]]]},"properties":{"id":"paris:11379","name":"JARDIN DE L'AVENUE FOCH","nameAddon":"Jardin","objectNumber":"11379","district":"75016","locality":null,"type":"Promenades ouvertes","areaM2":66200,"areaHa":6.62,"designation":null,"dedicated":null,"builtYear":null,"renovatedYear":null,"planningAreaId":null,"planningAreaName":null,"centroid":[2.284132,48.872635],"bounds":[2.27627,48.87131,2.29179,48.87386],"amenities":{},"sourceId":"parks"}},{"type":"Feature","id":"paris:11393","geometry":{"type":"Polygon","coordinates":[[[2.25712327,48.83594807],[2.25722656,48.83580333],[2.25771795,48.8355844],[2.257957,48.83585218],[2.25805587,48.83581057],[2.2582846,48.83595893],[2.25830968,48.83598878],[2.25809867,48.83605573],[2.25729002,48.83611362],[2.25716901,48.83605573],[2.25712327,48.83594807]]]},"properties":{"id":"paris:11393","name":"JARDIN DE L'AVENUE DODE DE LA BRUNERIE","nameAddon":"Jardin","objectNumber":"11393","district":"75016","locality":null,"type":"Promenades ouvertes","areaM2":3000,"areaHa":0.3,"designation":null,"dedicated":null,"builtYear":null,"renovatedYear":null,"planningAreaId":null,"planningAreaName":null,"centroid":[2.257651,48.835903],"bounds":[2.25712,48.83558,2.25831,48.83611],"amenities":{},"sourceId":"parks"}},{"type":"Feature","id":"paris:11394","geometry":{"type":"Polygon","coordinates":[[[2.36182417,48.85797992],[2.36212668,48.85785688],[2.36222555,48.85798987],[2.36193927,48.85810657],[2.36182417,48.85797992]]]},"properties":{"id":"paris:11394","name":"JARDIN LAZARE RACHLINE","nameAddon":"Jardin","objectNumber":"11394","district":"75003","locality":null,"type":"Promenades ouvertes","areaM2":392,"areaHa":0.04,"designation":null,"dedicated":null,"builtYear":null,"renovatedYear":null,"planningAreaId":null,"planningAreaName":null,"centroid":[2.362028,48.857983],"bounds":[2.36182,48.85786,2.36223,48.85811],"amenities":{},"sourceId":"parks"}},{"type":"Feature","id":"paris:11423","geometry":{"type":"Polygon","coordinates":[[[2.33298432,48.82895061],[2.33299317,48.82884567],[2.33306105,48.82884748],[2.33311417,48.82892618],[2.33298432,48.82895061]]]},"properties":{"id":"paris:11423","name":"JARDIN D'ISORE","nameAddon":"Jardin","objectNumber":"11423","district":"75014","locality":null,"type":"Promenades ouvertes","areaM2":80,"areaHa":0.01,"designation":null,"dedicated":null,"builtYear":null,"renovatedYear":null,"planningAreaId":null,"planningAreaName":null,"centroid":[2.333038,48.828898],"bounds":[2.33298,48.82885,2.33311,48.82895],"amenities":{},"sourceId":"parks"}},{"type":"Feature","id":"paris:11428","geometry":{"type":"Polygon","coordinates":[[[2.30500771,48.83072462],[2.30552418,48.83037905],[2.30570863,48.83056269],[2.30569978,48.83065225],[2.30579127,48.83072372],[2.30573224,48.83075719],[2.30558911,48.83065406],[2.30546368,48.83072553],[2.30554631,48.83078795],[2.30530283,48.83093631],[2.30524381,48.83089651],[2.30540908,48.83076714],[2.305232,48.83064411],[2.30505493,48.83075629],[2.30500771,48.83072462]]]},"properties":{"id":"paris:11428","name":"SQUARE CASTAGNARY - BESSIN","nameAddon":"Square","objectNumber":"11428","district":"75015","locality":null,"type":"Promenades ouvertes","areaM2":1300,"areaHa":0.13,"designation":null,"dedicated":null,"builtYear":null,"renovatedYear":null,"planningAreaId":null,"planningAreaName":null,"centroid":[2.305442,48.830634],"bounds":[2.30501,48.83038,2.30579,48.83094],"amenities":{},"sourceId":"parks"}},{"type":"Feature","id":"paris:11464","geometry":{"type":"Polygon","coordinates":[[[2.38095581,48.89865931],[2.38131292,48.89866655],[2.38139998,48.89862403],[2.3817925,48.89793107],[2.38210681,48.89794283],[2.38179693,48.89845667],[2.38163461,48.89861769],[2.38131882,48.89871178],[2.38095581,48.89871268],[2.38095581,48.89865931]]]},"properties":{"id":"paris:11464","name":"PROMENADE DU QUAI DE LA GIRONDE","nameAddon":"Promenade","objectNumber":"11464","district":"75019","locality":null,"type":"Promenades ouvertes","areaM2":1800,"areaHa":0.18,"designation":null,"dedicated":null,"builtYear":null,"renovatedYear":null,"planningAreaId":null,"planningAreaName":null,"centroid":[2.38169,48.898318],"bounds":[2.38096,48.89793,2.38211,48.89871],"amenities":{},"sourceId":"parks"}},{"type":"Feature","id":"paris:11465","geometry":{"type":"Polygon","coordinates":[[[2.37457073,48.89736023],[2.37457958,48.89720825],[2.37505031,48.89713045],[2.37526871,48.89713407],[2.37528494,48.89720735],[2.37640495,48.89748326],[2.37772417,48.89770128],[2.37900502,48.89782522],[2.3817925,48.89793107],[2.38170839,48.89806857],[2.37978859,48.89802696],[2.37979301,48.89798625],[2.375493,48.89771757],[2.37477732,48.89770128],[2.3747301,48.89747784],[2.37462385,48.89743713],[2.37462533,48.89735933],[2.37457073,48.89736023]]]},"properties":{"id":"paris:11465","name":"JARDIN PROMENADE CESARIA EVORA","nameAddon":"Jardin","objectNumber":"11465","district":"75019","locality":null,"type":"Promenades ouvertes","areaM2":10800,"areaHa":1.08,"designation":null,"dedicated":null,"builtYear":null,"renovatedYear":null,"planningAreaId":null,"planningAreaName":null,"centroid":[2.377229,48.89767],"bounds":[2.37457,48.89713,2.38179,48.89807],"amenities":{},"sourceId":"parks"}},{"type":"Feature","id":"paris:11499","geometry":{"type":"MultiPolygon","coordinates":[[[[2.31934943,48.89985254],[2.31938337,48.89986249],[2.32188014,48.90057264],[2.32199672,48.9008178],[2.32151419,48.90079881],[2.32098443,48.90047856],[2.31962389,48.90004071],[2.31947338,48.89997196],[2.31934943,48.89985254]]],[[[2.31988361,48.89966618],[2.32111871,48.89934232],[2.32149795,48.90011399],[2.32121906,48.90006242],[2.31988361,48.89966618]]]]},"properties":{"id":"paris:11499","name":"JARDIN HANS ET SOPHIE SCHOLL","nameAddon":"Jardin","objectNumber":"11499","district":"75017","locality":null,"type":"Promenades ouvertes","areaM2":10355,"areaHa":1.04,"designation":null,"dedicated":null,"builtYear":null,"renovatedYear":null,"planningAreaId":null,"planningAreaName":null,"centroid":[2.320881,48.900026],"bounds":[2.31935,48.89934,2.322,48.90082],"amenities":{},"sourceId":"parks"}},{"type":"Feature","id":"paris:11510","geometry":{"type":"Polygon","coordinates":[[[2.37671041,48.89481545],[2.37681222,48.89476841],[2.37709407,48.89499638],[2.3773833,48.89485345],[2.37750282,48.8949602],[2.37754709,48.8949412],[2.37801192,48.89534648],[2.37796765,48.8953691],[2.37808127,48.8954677],[2.37758251,48.89571467],[2.37673992,48.89497829],[2.37683583,48.89493034],[2.37671041,48.89481545]]]},"properties":{"id":"paris:11510","name":"JARDIN DU VER TETU","nameAddon":"Jardin","objectNumber":"11510","district":"75019","locality":null,"type":"Promenades ouvertes","areaM2":5000,"areaHa":0.5,"designation":null,"dedicated":null,"builtYear":null,"renovatedYear":null,"planningAreaId":null,"planningAreaName":null,"centroid":[2.377433,48.895243],"bounds":[2.37671,48.89477,2.37808,48.89571],"amenities":{},"sourceId":"parks"}},{"type":"Feature","id":"paris:116","geometry":{"type":"Polygon","coordinates":[[[2.35125713,48.87829926],[2.35130288,48.8782097],[2.35142536,48.87815994],[2.35194331,48.87809843],[2.35211743,48.87812376],[2.35219712,48.8782106],[2.35217351,48.87837615],[2.35228713,48.87852994],[2.3521558,48.87854623],[2.35204955,48.8784431],[2.35185772,48.87843043],[2.35155816,48.87848652],[2.35145044,48.87862584],[2.35134715,48.87864212],[2.35137076,48.87845576],[2.35125713,48.87829926]]]},"properties":{"id":"paris:116","name":"SQUARE ARISTIDE CAVAILLE-COLL","nameAddon":"Square","objectNumber":"116","district":"75010","locality":null,"type":"Promenades ouvertes","areaM2":1980,"areaHa":0.2,"designation":null,"dedicated":null,"builtYear":null,"renovatedYear":null,"planningAreaId":null,"planningAreaName":null,"centroid":[2.351746,48.878321],"bounds":[2.35126,48.8781,2.35229,48.87864],"amenities":{},"sourceId":"parks"}},{"type":"Feature","id":"paris:11685","geometry":{"type":"MultiPolygon","coordinates":[[[[2.34017067,48.85880586],[2.34079339,48.85863941],[2.34121099,48.85856342],[2.34123018,48.85860955],[2.34017067,48.85880586]]],[[[2.3426217,48.85829473],[2.34368711,48.85799439],[2.3441785,48.85789488],[2.34418588,48.85790574],[2.34263056,48.85832097],[2.3426217,48.85829473]]],[[[2.34480417,48.85766691],[2.34616028,48.85732314],[2.34622521,48.85736023],[2.34573677,48.8574905],[2.34538115,48.85752397],[2.34480417,48.85766691]]],[[[2.34653805,48.85727881],[2.34654985,48.85724625],[2.34678595,48.8571793],[2.34676677,48.85721006],[2.34653805,48.85727881]]],[[[2.34728915,48.85703546],[2.34841801,48.85671612],[2.34843719,48.85674507],[2.34736293,48.85705265],[2.34728915,48.85703546]]],[[[2.34904811,48.85655871],[2.34975936,48.8562448],[2.35021238,48.85609372],[2.35023747,48.85610096],[2.34904811,48.85655871]]],[[[2.35196987,48.85534919],[2.3521499,48.85527592],[2.35255717,48.85517641],[2.35285082,48.85504523],[2.3528641,48.85506694],[2.35241551,48.85524787],[2.35196987,48.85534919]]],[[[2.35292018,48.85504885],[2.3529792,48.8549991],[2.3535429,48.85475122],[2.35358274,48.8547865],[2.35292018,48.85504885]]],[[[2.35376424,48.85463904],[2.354536,48.85430071],[2.35448288,48.85434594],[2.35421284,48.8544554],[2.35376424,48.85463904]]],[[[2.35513806,48.8540465],[2.35550549,48.85389723],[2.35559403,48.85386828],[2.35561617,48.85389271],[2.3551661,48.85407545],[2.35513806,48.8540465]]],[[[2.35584784,48.85387733],[2.35613117,48.85376063],[2.35615478,48.85378596],[2.35586112,48.8538918],[2.35584784,48.85387733]]],[[[2.3567288,48.8535408],[2.35756696,48.85326036],[2.35754187,48.85329473],[2.35688079,48.85353085],[2.35675831,48.85357427],[2.3567288,48.8535408]]],[[[2.35838004,48.85289036],[2.35956497,48.85245612],[2.35958121,48.85247603],[2.35897472,48.85269405],[2.35838004,48.85289036]]],[[[2.36051971,48.85217026],[2.36072778,48.85206713],[2.36075876,48.85209155],[2.36054775,48.85219739],[2.36051971,48.85217026]]],[[[2.36073368,48.85196852],[2.36095355,48.85178849],[2.36114391,48.85149448],[2.36109964,48.85166908],[2.36097126,48.85184458],[2.36080746,48.85206441],[2.36073368,48.85196852]]],[[[2.36080746,48.8516917],[2.36094027,48.85156595],[2.36093879,48.8515768],[2.36085911,48.85171341],[2.36080746,48.8516917]]],[[[2.36094027,48.85149358],[2.36094469,48.85132984],[2.36100224,48.85133164],[2.36097126,48.85149448],[2.36094027,48.85149358]]],[[[2.36095355,48.85117695],[2.36096683,48.85086032],[2.36104946,48.85086304],[2.36102881,48.85117876],[2.36095355,48.85117695]]],[[[2.36095798,48.85124389],[2.36100667,48.8512448],[2.36100372,48.85125927],[2.36095798,48.85125837],[2.36095798,48.85124389]]],[[[2.36119555,48.85035191],[2.36122064,48.85004342],[2.36130623,48.84984711],[2.36129295,48.85035281],[2.36119555,48.85035191]]],[[[2.3611985,48.85086756],[2.3612354,48.85087842],[2.36126786,48.85131627],[2.3611985,48.85104125],[2.3611985,48.85086756]]],[[[2.36121031,48.85065587],[2.36121326,48.85040166],[2.36126048,48.85040166],[2.36127671,48.85066401],[2.36121031,48.85065587]]],[[[2.36141395,48.84944274],[2.36156594,48.84925276],[2.36158807,48.84928533],[2.36144936,48.84940384],[2.36141395,48.84944274]]]]},"properties":{"id":"paris:11685","name":"PARC DES RIVES DE SEINE","nameAddon":"Parc","objectNumber":"11685","district":"75004","locality":null,"type":"Promenades ouvertes","areaM2":4769,"areaHa":0.48,"designation":null,"dedicated":null,"builtYear":null,"renovatedYear":null,"planningAreaId":null,"planningAreaName":null,"centroid":[2.352953,48.854562],"bounds":[2.34017,48.84925,2.36159,48.85881],"amenities":{},"sourceId":"parks"}},{"type":"Feature","id":"paris:117","geometry":{"type":"Polygon","coordinates":[[[2.36553245,48.87775104],[2.36560771,48.87767776],[2.36624518,48.87839696],[2.366226,48.87847205],[2.36614484,48.8784639],[2.36553245,48.87775104]]]},"properties":{"id":"paris:117","name":"SQUARE EUGENE VARLIN","nameAddon":"Square","objectNumber":"117","district":"75010","locality":null,"type":"Promenades ouvertes","areaM2":975,"areaHa":0.1,"designation":null,"dedicated":null,"builtYear":null,"renovatedYear":null,"planningAreaId":null,"planningAreaName":null,"centroid":[2.365899,48.87809],"bounds":[2.36553,48.87768,2.36625,48.87847],"amenities":{},"sourceId":"parks"}},{"type":"Feature","id":"paris:11714","geometry":{"type":"MultiPolygon","coordinates":[[[[2.34900826,48.82129817],[2.35044258,48.82127556],[2.3504175,48.82129636],[2.35024337,48.82143116],[2.34900826,48.82143025],[2.34900826,48.82129817]]],[[[2.35051489,48.82143206],[2.35051636,48.82130722],[2.35133534,48.8212258],[2.35238305,48.82122942],[2.35246273,48.82131355],[2.35266342,48.82131355],[2.3527431,48.82123123],[2.35407855,48.82123485],[2.35471013,48.82114981],[2.35493295,48.82108558],[2.35514839,48.82108829],[2.35519414,48.82111996],[2.35524136,48.82157409],[2.35407708,48.82156504],[2.35387344,48.82157319],[2.35386163,48.82150534],[2.35237714,48.82151257],[2.35237567,48.82143297],[2.35051489,48.82143206]]],[[[2.35533432,48.82131084],[2.35636136,48.82131084],[2.35636432,48.82135336],[2.35637907,48.82150172],[2.3553535,48.82148905],[2.35533432,48.82131084]]]]},"properties":{"id":"paris:11714","name":"PROMENADE PC 13 - POTERNE DES PEUPLIERS","nameAddon":"Promenade","objectNumber":"11714","district":"75013","locality":null,"type":"Promenades ouvertes","areaM2":13000,"areaHa":1.3,"designation":null,"dedicated":null,"builtYear":null,"renovatedYear":null,"planningAreaId":null,"planningAreaName":null,"centroid":[2.35319,48.821365],"bounds":[2.34901,48.82109,2.35638,48.82157],"amenities":{},"sourceId":"parks"}},{"type":"Feature","id":"paris:11715","geometry":{"type":"Polygon","coordinates":[[[2.37317035,48.83175231],[2.3740336,48.83133888],[2.37411181,48.83134341],[2.37417821,48.83141125],[2.37361452,48.83200109],[2.37317035,48.83175231]]]},"properties":{"id":"paris:11715","name":"JARDIN FRANCOISE MALLET-JORIS","nameAddon":"Jardin","objectNumber":"11715","district":"75013","locality":null,"type":"Promenades ouvertes","areaM2":2500,"areaHa":0.25,"designation":null,"dedicated":null,"builtYear":null,"renovatedYear":null,"planningAreaId":null,"planningAreaName":null,"centroid":[2.373691,48.831667],"bounds":[2.37317,48.83134,2.37418,48.832],"amenities":{},"sourceId":"parks"}},{"type":"Feature","id":"paris:11724","geometry":{"type":"Polygon","coordinates":[[[2.33612742,48.83520897],[2.33614513,48.83475394],[2.33698182,48.83481274],[2.33732121,48.83535191],[2.33732121,48.83549484],[2.33710577,48.83549665],[2.33699067,48.83545142],[2.33641812,48.83544418],[2.33631778,48.83526868],[2.33612742,48.83520897]]]},"properties":{"id":"paris:11724","name":"JARDIN DE L'OBSERVATOIRE","nameAddon":"Jardin","objectNumber":"11724","district":"75014","locality":null,"type":"Promenades ouvertes","areaM2":5500,"areaHa":0.55,"designation":null,"dedicated":null,"builtYear":null,"renovatedYear":null,"planningAreaId":null,"planningAreaName":null,"centroid":[2.336694,48.835128],"bounds":[2.33613,48.83475,2.33732,48.8355],"amenities":{},"sourceId":"parks"}},{"type":"Feature","id":"paris:11735","geometry":{"type":"MultiPolygon","coordinates":[[[[2.25514001,48.83810204],[2.25529053,48.8378795],[2.25535988,48.8378985],[2.25573469,48.8374905],[2.25584979,48.83748598],[2.25574945,48.83769495],[2.25567862,48.83769495],[2.25571256,48.83774652],[2.25565058,48.83790302],[2.25559598,48.83791026],[2.25555319,48.83795097],[2.25560927,48.83815994],[2.25516805,48.83818799],[2.25514001,48.83810204]]],[[[2.25592062,48.83734214],[2.25607852,48.83718563],[2.25592505,48.83709065],[2.2559708,48.83705084],[2.25606376,48.8370237],[2.25610655,48.83715035],[2.25622313,48.8370626],[2.25630577,48.83707255],[2.25631905,48.83714221],[2.25604605,48.83733581],[2.25597965,48.83733128],[2.25592062,48.83734214]]]]},"properties":{"id":"paris:11735","name":"SQUARE OCTAVE MIRBEAU","nameAddon":"Square","objectNumber":"11735","district":"75016","locality":null,"type":"Promenades ouvertes","areaM2":2100,"areaHa":0.21,"designation":null,"dedicated":null,"builtYear":null,"renovatedYear":null,"planningAreaId":null,"planningAreaName":null,"centroid":[2.255631,48.837737],"bounds":[2.25514,48.83702,2.25632,48.83819],"amenities":{},"sourceId":"parks"}},{"type":"Feature","id":"paris:11739","geometry":{"type":"Polygon","coordinates":[[[2.298236,48.88988873],[2.29831569,48.88982721],[2.2987997,48.89013208],[2.29875986,48.89018726],[2.29899301,48.89033382],[2.2985813,48.89062059],[2.29825371,48.890389],[2.298236,48.88988873]]]},"properties":{"id":"paris:11739","name":"PROMENADE BERNARD LAFAY - C3","nameAddon":"Promenade","objectNumber":"11739","district":"75017","locality":null,"type":"Promenades ouvertes","areaM2":4100,"areaHa":0.41,"designation":null,"dedicated":null,"builtYear":null,"renovatedYear":null,"planningAreaId":null,"planningAreaName":null,"centroid":[2.298532,48.890244],"bounds":[2.29824,48.88983,2.29899,48.89062],"amenities":{},"sourceId":"parks"}},{"type":"Feature","id":"paris:11742","geometry":{"type":"Polygon","coordinates":[[[2.37813292,48.88886014],[2.37836607,48.88874525],[2.37864644,48.88888819],[2.37847674,48.88903564],[2.37813292,48.88886014]]]},"properties":{"id":"paris:11742","name":"ESPACE VERT DE LA PLACE DE L'EDIT DE NANTES","nameAddon":"Espace Vert","objectNumber":"11742","district":"75019","locality":null,"type":"Promenades ouvertes","areaM2":591,"areaHa":0.06,"designation":null,"dedicated":null,"builtYear":null,"renovatedYear":null,"planningAreaId":null,"planningAreaName":null,"centroid":[2.378402,48.888885],"bounds":[2.37813,48.88875,2.37865,48.88904],"amenities":{},"sourceId":"parks"}},{"type":"Feature","id":"paris:11756","geometry":{"type":"Polygon","coordinates":[[[2.3129791,48.85408721],[2.31411386,48.85416139],[2.31416551,48.8546499],[2.31305878,48.85470237],[2.3129791,48.85408721]]]},"properties":{"id":"paris:11756","name":"JARDIN DE L'ABONDANCE","nameAddon":"Jardin","objectNumber":"11756","district":"75007","locality":null,"type":"Promenades ouvertes","areaM2":5033,"areaHa":0.5,"designation":null,"dedicated":null,"builtYear":null,"renovatedYear":null,"planningAreaId":null,"planningAreaName":null,"centroid":[2.313558,48.854399],"bounds":[2.31298,48.85409,2.31417,48.8547],"amenities":{},"sourceId":"parks"}},{"type":"Feature","id":"paris:11757","geometry":{"type":"Polygon","coordinates":[[[2.39128675,48.87111453],[2.3916232,48.87095802],[2.39176781,48.87121404],[2.39141808,48.87132893],[2.39128675,48.87111453]]]},"properties":{"id":"paris:11757","name":"JARDIN DES PETITES RIGOLES","nameAddon":"Jardin","objectNumber":"11757","district":"75020","locality":null,"type":"Promenades ouvertes","areaM2":830,"areaHa":0.08,"designation":null,"dedicated":null,"builtYear":null,"renovatedYear":null,"planningAreaId":null,"planningAreaName":null,"centroid":[2.391528,48.871152],"bounds":[2.39129,48.87096,2.39177,48.87133],"amenities":{},"sourceId":"parks"}},{"type":"Feature","id":"paris:11758","geometry":{"type":"Polygon","coordinates":[[[2.32075571,48.85069839],[2.32088704,48.85036186],[2.32206903,48.85055998],[2.32193327,48.85090013],[2.32075571,48.85069839]]]},"properties":{"id":"paris:11758","name":"JARDIN DU POTAGER (ANCIEN HOPITAL LAENNEC)","nameAddon":"Jardin","objectNumber":"11758","district":"75007","locality":null,"type":"Promenades ouvertes","areaM2":3500,"areaHa":0.35,"designation":null,"dedicated":null,"builtYear":null,"renovatedYear":null,"planningAreaId":null,"planningAreaName":null,"centroid":[2.321412,48.85063],"bounds":[2.32076,48.85036,2.32207,48.8509],"amenities":{},"sourceId":"parks"}},{"type":"Feature","id":"paris:11764","geometry":{"type":"MultiPolygon","coordinates":[[[[2.31381136,48.82712502],[2.31401204,48.82708069],[2.31414043,48.82716664],[2.31429094,48.82726796],[2.31396335,48.82733852],[2.3139117,48.82732224],[2.31381136,48.82712502]]],[[[2.31418617,48.82704722],[2.31921809,48.82590646],[2.31946305,48.82614438],[2.31647784,48.82679483],[2.31620042,48.82685091],[2.31445916,48.82722906],[2.31418617,48.82704722]]],[[[2.31944534,48.82591912],[2.31968735,48.82580785],[2.32114675,48.82547856],[2.32146106,48.82561607],[2.32077046,48.82585128],[2.31961652,48.82610277],[2.31944534,48.82591912]]]]},"properties":{"id":"paris:11764","name":"PROMENADE PC 14 - JEAN MOULIN - DIDOT","nameAddon":"Promenade","objectNumber":"11764","district":"75014","locality":null,"type":"Promenades ouvertes","areaM2":15500,"areaHa":1.55,"designation":null,"dedicated":null,"builtYear":null,"renovatedYear":null,"planningAreaId":null,"planningAreaName":null,"centroid":[2.317701,48.826388],"bounds":[2.31381,48.82548,2.32146,48.82734],"amenities":{},"sourceId":"parks"}},{"type":"Feature","id":"paris:11765","geometry":{"type":"MultiPolygon","coordinates":[[[[2.32158502,48.82544509],[2.32373207,48.82494663],[2.32382651,48.82512213],[2.32184178,48.82555726],[2.32158502,48.82544509]]],[[[2.32515901,48.8246888],[2.32541282,48.82463271],[2.32546742,48.82474127],[2.32521508,48.82479826],[2.32515901,48.8246888]]]]},"properties":{"id":"paris:11765","name":"PROMENADE PC 14 - CORENTIN - AVENUE DU GENERAL LECLERC","nameAddon":"Promenade","objectNumber":"11765","district":"75014","locality":null,"type":"Promenades ouvertes","areaM2":3444,"areaHa":0.34,"designation":null,"dedicated":null,"builtYear":null,"renovatedYear":null,"planningAreaId":null,"planningAreaName":null,"centroid":[2.322961,48.82522],"bounds":[2.32159,48.82463,2.32547,48.82556],"amenities":{},"sourceId":"parks"}},{"type":"Feature","id":"paris:11768","geometry":{"type":"Polygon","coordinates":[[[2.39753313,48.83209426],[2.39775004,48.83195676],[2.4003029,48.83344219],[2.40053162,48.83355437],[2.40059065,48.8335028],[2.4011145,48.83377601],[2.40108646,48.83379862],[2.40121484,48.833871],[2.40114844,48.83391352],[2.40121779,48.83392437],[2.40122222,48.83399312],[2.40152915,48.83415958],[2.40157342,48.83411706],[2.40197775,48.83427447],[2.40356553,48.83516736],[2.40362456,48.83520626],[2.40357291,48.83530487],[2.40364522,48.8353501],[2.40372195,48.83528135],[2.40401265,48.83545413],[2.40466783,48.83592455],[2.40466341,48.83603492],[2.40485229,48.83618057],[2.40473866,48.83621947],[2.40455421,48.83607472],[2.40443616,48.83605844],[2.40434319,48.83609191],[2.40351684,48.83554912],[2.40359357,48.83541885],[2.40351684,48.83537453],[2.40338846,48.83540709],[2.4030225,48.83526868],[2.40136093,48.83432332],[2.40145389,48.83423286],[2.4012296,48.83411254],[2.40114253,48.83419758],[2.39990152,48.83340782],[2.39924929,48.83312104],[2.39789318,48.83236114],[2.39753313,48.83209426]]]},"properties":{"id":"paris:11768","name":"PROMENADE PC 12 - CHARENTON - DAUMESNIL","nameAddon":"Promenade","objectNumber":"11768","district":"75012","locality":null,"type":"Promenades ouvertes","areaM2":18800,"areaHa":1.88,"designation":null,"dedicated":null,"builtYear":null,"renovatedYear":null,"planningAreaId":null,"planningAreaName":null,"centroid":[2.401379,48.834155],"bounds":[2.39753,48.83196,2.40485,48.83622],"amenities":{},"sourceId":"parks"}},{"type":"Feature","id":"paris:11769","geometry":{"type":"MultiPolygon","coordinates":[[[[2.40473866,48.83621947],[2.40485229,48.83618057],[2.40504117,48.83632803],[2.40521529,48.83633074],[2.40528908,48.83638864],[2.40525514,48.83640583],[2.40595164,48.8370626],[2.4064504,48.83762529],[2.40707755,48.83843405],[2.40704213,48.83848833],[2.40693146,48.83845395],[2.40702147,48.83860141],[2.40722659,48.83865569],[2.40760878,48.83932965],[2.40787882,48.84000905],[2.40781684,48.84022345],[2.40793047,48.84064592],[2.40779176,48.8406423],[2.40769437,48.84028316],[2.40751434,48.84024878],[2.40747007,48.83999548],[2.40723839,48.83945631],[2.40677209,48.83859236],[2.40687686,48.83856161],[2.40678242,48.83841415],[2.40665109,48.83837887],[2.40637219,48.83787226],[2.40585867,48.83722453],[2.4055119,48.83686448],[2.40543516,48.83690429],[2.40491426,48.83647458],[2.4049305,48.83636874],[2.40473866,48.83621947]]],[[[2.40642237,48.83759092],[2.40652271,48.83771033],[2.4064504,48.83762529],[2.40642237,48.83759092]]]]},"properties":{"id":"paris:11769","name":"PROMENADE PC 12 - DAUMESNIL - SAHEL","nameAddon":"Promenade","objectNumber":"11769","district":"75012","locality":null,"type":"Promenades ouvertes","areaM2":11886,"areaHa":1.19,"designation":null,"dedicated":null,"builtYear":null,"renovatedYear":null,"planningAreaId":null,"planningAreaName":null,"centroid":[2.40674,48.838459],"bounds":[2.40474,48.83618,2.40793,48.84065],"amenities":{},"sourceId":"parks"}},{"type":"Feature","id":"paris:11770","geometry":{"type":"Polygon","coordinates":[[[2.40779176,48.8406423],[2.40793047,48.84064592],[2.4079467,48.84071015],[2.40801163,48.84071196],[2.40895013,48.84458657],[2.40953301,48.84644925],[2.4094489,48.84649629],[2.40919804,48.84651891],[2.40901359,48.8452922],[2.40864025,48.84383572],[2.40814148,48.84222182],[2.40779176,48.8406423]]]},"properties":{"id":"paris:11770","name":"PROMENADE PC 12 - SAHEL - VOUTE","nameAddon":"Promenade","objectNumber":"11770","district":"75012","locality":null,"type":"Promenades ouvertes","areaM2":9500,"areaHa":0.95,"designation":null,"dedicated":null,"builtYear":null,"renovatedYear":null,"planningAreaId":null,"planningAreaName":null,"centroid":[2.408633,48.843596],"bounds":[2.40779,48.84064,2.40953,48.84652],"amenities":{},"sourceId":"parks"}},{"type":"Feature","id":"paris:11771","geometry":{"type":"Polygon","coordinates":[[[2.40703476,48.85410168],[2.40728119,48.85353537],[2.40740957,48.85356251],[2.4075409,48.85343405],[2.40872731,48.85184096],[2.40857532,48.85182377],[2.40899883,48.85119504],[2.40929691,48.8505645],[2.40941201,48.85057717],[2.40960384,48.84995839],[2.40972484,48.84910982],[2.40971304,48.84898498],[2.4096363,48.84898408],[2.4095212,48.84812466],[2.40956842,48.84811923],[2.40946218,48.84758368],[2.40953153,48.84757644],[2.40945333,48.84718744],[2.40956105,48.84717749],[2.40963926,48.8475674],[2.40971156,48.84756197],[2.40982371,48.848093],[2.40987241,48.84909897],[2.40978534,48.84973946],[2.40952563,48.85064863],[2.40903424,48.85154786],[2.40821379,48.85266148],[2.40831413,48.85267324],[2.40813115,48.85290212],[2.40790391,48.85335535],[2.40794965,48.85339425],[2.40779176,48.85373078],[2.40764567,48.85389814],[2.4074804,48.85385652],[2.40724134,48.85416863],[2.40703476,48.85410168]],[[2.40790243,48.85310476],[2.40795113,48.8531138],[2.40803671,48.85296182],[2.40800868,48.8529573],[2.40790243,48.85310476]]]},"properties":{"id":"paris:11771","name":"PROMENADE PC 20 - CROIX SAINT SIMON - COURS DE VINCENNES","nameAddon":"Promenade","objectNumber":"11771","district":"75020","locality":null,"type":"Promenades ouvertes","areaM2":8476,"areaHa":0.85,"designation":null,"dedicated":null,"builtYear":null,"renovatedYear":null,"planningAreaId":null,"planningAreaName":null,"centroid":[2.408826,48.850978],"bounds":[2.40703,48.84718,2.40987,48.85417],"amenities":{},"sourceId":"parks"}},{"type":"Feature","id":"paris:11774","geometry":{"type":"Polygon","coordinates":[[[2.38453424,48.88970237],[2.3846272,48.8881138],[2.38471131,48.88811652],[2.38475115,48.88769043],[2.38466557,48.88768319],[2.38467737,48.88763253],[2.38474968,48.88763886],[2.38476591,48.88755654],[2.38469656,48.88754568],[2.38488101,48.88662656],[2.38499611,48.88665551],[2.38491495,48.88747693],[2.38496365,48.88749683],[2.38498873,48.88766872],[2.38496365,48.88782884],[2.38511121,48.88786864],[2.38501529,48.88804234],[2.38494446,48.88894246],[2.38493118,48.8893767],[2.38510236,48.88942012],[2.38482789,48.88983445],[2.38453424,48.88970237]]]},"properties":{"id":"paris:11774","name":"PROMENADE PC 19 - THIONVILLE - JAURES","nameAddon":"Promenade","objectNumber":"11774","district":"75019","locality":null,"type":"Promenades ouvertes","areaM2":5400,"areaHa":0.54,"designation":null,"dedicated":null,"builtYear":null,"renovatedYear":null,"planningAreaId":null,"planningAreaName":null,"centroid":[2.384807,48.88849],"bounds":[2.38453,48.88663,2.38511,48.88983],"amenities":{},"sourceId":"parks"}},{"type":"Feature","id":"paris:11775","geometry":{"type":"Polygon","coordinates":[[[2.37487471,48.8971015],[2.37608031,48.89688981],[2.3758929,48.89684368],[2.37651119,48.89678035],[2.37643889,48.89673964],[2.37728,48.89663923],[2.3781344,48.8964592],[2.37946394,48.89604758],[2.37955248,48.89611272],[2.38099271,48.89543514],[2.38159772,48.89509137],[2.38156968,48.89507056],[2.38194006,48.89483988],[2.38201385,48.89484621],[2.38184415,48.89497377],[2.38191793,48.89502262],[2.38172462,48.8951556],[2.38175266,48.89518274],[2.38131882,48.89544147],[2.38018258,48.89599783],[2.37963659,48.89619052],[2.37967939,48.89627013],[2.37939459,48.89637507],[2.37787026,48.8967514],[2.37696274,48.89687805],[2.37707636,48.89697033],[2.37649496,48.89698933],[2.37629428,48.89694047],[2.37557269,48.89705265],[2.3750813,48.89713316],[2.37487471,48.8971015]]]},"properties":{"id":"paris:11775","name":"PROMENADE PC 19 - ROSA PARK - FLANDRES","nameAddon":"Promenade","objectNumber":"11775","district":"75019","locality":null,"type":"Promenades ouvertes","areaM2":13150,"areaHa":1.32,"designation":null,"dedicated":null,"builtYear":null,"renovatedYear":null,"planningAreaId":null,"planningAreaName":null,"centroid":[2.378661,48.896304],"bounds":[2.37487,48.89484,2.38201,48.89713],"amenities":{},"sourceId":"parks"}},{"type":"Feature","id":"paris:11776","geometry":{"type":"Polygon","coordinates":[[[2.32195835,48.84787136],[2.32219003,48.84764972],[2.32234054,48.84771938],[2.32210739,48.84794192],[2.32195835,48.84787136]]]},"properties":{"id":"paris:11776","name":"JARDIN DU PERE ARMAND DAVID","nameAddon":"Jardin","objectNumber":"11776","district":"75006","locality":null,"type":"Promenades ouvertes","areaM2":500,"areaHa":0.05,"designation":null,"dedicated":null,"builtYear":null,"renovatedYear":null,"planningAreaId":null,"planningAreaName":null,"centroid":[2.322149,48.847796],"bounds":[2.32196,48.84765,2.32234,48.84794],"amenities":{},"sourceId":"parks"}},{"type":"Feature","id":"paris:11780","geometry":{"type":"MultiPolygon","coordinates":[[[[2.38466999,48.84864664],[2.38472459,48.84857699],[2.38479837,48.84860141],[2.38549488,48.84769043],[2.38542257,48.847666],[2.38547422,48.84759454],[2.38568081,48.84766329],[2.38564391,48.84771124],[2.38596118,48.84781798],[2.38564096,48.84823322],[2.38579443,48.84829293],[2.38570884,48.8484051],[2.38554505,48.84835625],[2.38522188,48.84877691],[2.38490757,48.84866655],[2.38487068,48.84871449],[2.38466999,48.84864664]]],[[[2.38521893,48.84877872],[2.38522188,48.84877691],[2.38522336,48.84877691],[2.38521893,48.84877872]]]]},"properties":{"id":"paris:11780","name":"JARDIN MARTHA DESRUMAUX","nameAddon":"Jardin","objectNumber":"11780","district":"75012","locality":null,"type":"Promenades ouvertes","areaM2":4615,"areaHa":0.46,"designation":null,"dedicated":null,"builtYear":null,"renovatedYear":null,"planningAreaId":null,"planningAreaName":null,"centroid":[2.385372,48.848221],"bounds":[2.38467,48.84759,2.38596,48.84878],"amenities":{},"sourceId":"parks"}},{"type":"Feature","id":"paris:11783","geometry":{"type":"MultiPolygon","coordinates":[[[[2.30755613,48.8285598],[2.30763729,48.82847295],[2.31185761,48.82755473],[2.31196976,48.82777366],[2.30812425,48.8286186],[2.30768304,48.8287163],[2.30757236,48.82864393],[2.30755613,48.8285598]]],[[[2.31201698,48.82752307],[2.3136697,48.82715669],[2.31377594,48.82737561],[2.31213503,48.82774833],[2.31201698,48.82752307]]]]},"properties":{"id":"paris:11783","name":"PROMENADE JANE ET PAULETTE NARDAL","nameAddon":"Jardin","objectNumber":"11783","district":"75014","locality":null,"type":"Promenades ouvertes","areaM2":10870,"areaHa":1.09,"designation":null,"dedicated":null,"builtYear":null,"renovatedYear":null,"planningAreaId":null,"planningAreaName":null,"centroid":[2.31061,48.82795],"bounds":[2.30756,48.82716,2.31378,48.82872],"amenities":{},"sourceId":"parks"}},{"type":"Feature","id":"paris:11786","geometry":{"type":"Polygon","coordinates":[[[2.28405956,48.83402841],[2.28413039,48.83379772],[2.28526515,48.83304143],[2.28572998,48.83333544],[2.28613873,48.83318075],[2.28631285,48.8333653],[2.28594985,48.83347386],[2.28588049,48.83343134],[2.28544518,48.83359689],[2.28534188,48.83372263],[2.28421597,48.83412792],[2.28405956,48.83402841]]]},"properties":{"id":"paris:11786","name":"JARDIN ELISABETH BOSELLI","nameAddon":"Jardin","objectNumber":"11786","district":"75015","locality":null,"type":"Promenades ouvertes","areaM2":7125,"areaHa":0.71,"designation":null,"dedicated":null,"builtYear":null,"renovatedYear":null,"planningAreaId":null,"planningAreaName":null,"centroid":[2.285037,48.833567],"bounds":[2.28406,48.83304,2.28631,48.83413],"amenities":{},"sourceId":"parks"}},{"type":"Feature","id":"paris:11788","geometry":{"type":"MultiPolygon","coordinates":[[[[2.37031204,48.89452958],[2.37036221,48.89451601],[2.37055847,48.89460105],[2.37152944,48.89523159],[2.37169176,48.8953501],[2.3716593,48.89537995],[2.37083147,48.89491677],[2.37031204,48.89452958]]],[[[2.37072079,48.89467071],[2.37074735,48.89465171],[2.37089935,48.89474851],[2.37087278,48.8947666],[2.37072079,48.89467071]]],[[[2.37093181,48.8948046],[2.37095985,48.8947856],[2.37106904,48.89485526],[2.37117972,48.8949611],[2.37093181,48.8948046]]]]},"properties":{"id":"paris:11788","name":"PROMENADE RUE D'AUBERVILLIERS","nameAddon":"Promenade","objectNumber":"11788","district":"75019","locality":null,"type":"Promenades ouvertes","areaM2":1210,"areaHa":0.12,"designation":null,"dedicated":null,"builtYear":null,"renovatedYear":null,"planningAreaId":null,"planningAreaName":null,"centroid":[2.370974,48.894918],"bounds":[2.37031,48.89452,2.37169,48.89538],"amenities":{},"sourceId":"parks"}},{"type":"Feature","id":"paris:11789","geometry":{"type":"Polygon","coordinates":[[[2.37700848,48.90045504],[2.37749544,48.90042519],[2.37955839,48.90042609],[2.37955839,48.90046137],[2.37961741,48.90046137],[2.37961741,48.90042609],[2.37983433,48.9004279],[2.37989631,48.90050299],[2.38005272,48.90046228],[2.38022242,48.9005057],[2.37994205,48.90097883],[2.37990221,48.90103944],[2.37852987,48.90129636],[2.37860365,48.90065949],[2.37743789,48.90062692],[2.37706308,48.90066582],[2.37700848,48.90045504]]]},"properties":{"id":"paris:11789","name":"PROMENADE DE LA FORET LINEAIRE NORD","nameAddon":"Promenade","objectNumber":"11789","district":"75019","locality":null,"type":"Promenades ouvertes","areaM2":11440,"areaHa":1.14,"designation":null,"dedicated":null,"builtYear":null,"renovatedYear":null,"planningAreaId":null,"planningAreaName":null,"centroid":[2.378926,48.900732],"bounds":[2.37701,48.90043,2.38022,48.9013],"amenities":{},"sourceId":"parks"}},{"type":"Feature","id":"paris:11793","geometry":{"type":"Polygon","coordinates":[[[2.38791197,48.87015922],[2.38822185,48.87023883],[2.38847419,48.86965261],[2.38864979,48.86944454],[2.38855682,48.86935408],[2.38901132,48.86873078],[2.38913527,48.86876606],[2.38921496,48.86863126],[2.38925775,48.86864122],[2.38954698,48.86876425],[2.38951008,48.86889633],[2.38940236,48.86886919],[2.38890065,48.86944093],[2.38875161,48.86969513],[2.38878702,48.86975213],[2.38864979,48.86984259],[2.38868668,48.86986611],[2.38847419,48.87042609],[2.38832072,48.87048037],[2.38791197,48.8704478],[2.38791197,48.87015922]]]},"properties":{"id":"paris:11793","name":"PROMENADE PC 20 RUE DE LA MARE","nameAddon":"Promenade","objectNumber":"11793","district":"75020","locality":null,"type":"Promenades ouvertes","areaM2":5000,"areaHa":0.5,"designation":null,"dedicated":null,"builtYear":null,"renovatedYear":null,"planningAreaId":null,"planningAreaName":null,"centroid":[2.388706,48.869566],"bounds":[2.38791,48.86863,2.38955,48.87048],"amenities":{},"sourceId":"parks"}},{"type":"Feature","id":"paris:11794","geometry":{"type":"MultiPolygon","coordinates":[[[[2.30138206,48.8868672],[2.30161669,48.88669803],[2.30296542,48.88700561],[2.30426398,48.88721006],[2.30420201,48.88743622],[2.30259651,48.88718021],[2.30138206,48.8868672]]],[[[2.30517445,48.88755202],[2.30523348,48.88732676],[2.30634168,48.88746336],[2.30629889,48.88767143],[2.30517445,48.88755202]]],[[[2.3063343,48.88767505],[2.30640071,48.8874715],[2.30721526,48.88757192],[2.30724182,48.88761263],[2.30702785,48.88776009],[2.3063343,48.88767505]]],[[[2.30732888,48.88775737],[2.30755466,48.88761353],[2.3094538,48.88784603],[2.31076564,48.88791659],[2.31078335,48.88794916],[2.31056348,48.88808395],[2.31011636,48.88807038],[2.3091144,48.88799801],[2.30733921,48.88779627],[2.30732888,48.88775737]]]]},"properties":{"id":"paris:11794","name":"PROMENADE PC 17 TRANCHEE PEREIRE","nameAddon":"Promenade","objectNumber":"11794","district":"75017","locality":null,"type":"Promenades ouvertes","areaM2":14000,"areaHa":1.4,"designation":null,"dedicated":null,"builtYear":null,"renovatedYear":null,"planningAreaId":null,"planningAreaName":null,"centroid":[2.305943,48.887489],"bounds":[2.30138,48.8867,2.31078,48.88808],"amenities":{},"sourceId":"parks"}},{"type":"Feature","id":"paris:11795","geometry":{"type":"Polygon","coordinates":[[[2.36667459,48.87321694],[2.36683692,48.87312195],[2.36687381,48.87314818],[2.3669225,48.87311833],[2.36689151,48.87309481],[2.36731355,48.87284331],[2.36734749,48.87286774],[2.36739618,48.87283879],[2.36736372,48.87281527],[2.36752751,48.87271847],[2.36763228,48.87274742],[2.3676677,48.87272661],[2.36781084,48.87283065],[2.3677769,48.87285417],[2.36782117,48.87288674],[2.36785806,48.87286503],[2.36824025,48.87314637],[2.36820336,48.87316899],[2.36824762,48.87320156],[2.36828599,48.87317984],[2.36842765,48.87328569],[2.36842323,48.87337796],[2.36825943,48.87347295],[2.36822401,48.87344943],[2.36817679,48.87347747],[2.36820778,48.8735028],[2.3677828,48.87375339],[2.36774738,48.87372806],[2.36769721,48.87375792],[2.36773115,48.87378234],[2.36756883,48.87387733],[2.36753489,48.8738529],[2.36743012,48.8738719],[2.36728403,48.87376515],[2.36732092,48.87374254],[2.36727518,48.87370997],[2.36723829,48.87373078],[2.36686053,48.87345124],[2.36689742,48.87342862],[2.36670116,48.87333092],[2.36667459,48.87321694]]]},"properties":{"id":"paris:11795","name":"JARDIN DE L'HOPITAL SAINT-LOUIS","nameAddon":"Jardin","objectNumber":"11795","district":"75010","locality":null,"type":"Promenades ouvertes","areaM2":9400,"areaHa":0.94,"designation":null,"dedicated":null,"builtYear":null,"renovatedYear":null,"planningAreaId":null,"planningAreaName":null,"centroid":[2.367551,48.873298],"bounds":[2.36667,48.87272,2.36843,48.87388],"amenities":{},"sourceId":"parks"}},{"type":"Feature","id":"paris:118","geometry":{"type":"MultiPolygon","coordinates":[[[[2.36313011,48.87384567],[2.36368643,48.87312647],[2.36374841,48.87317804],[2.36352411,48.873482],[2.36322013,48.87387642],[2.36313011,48.87384567]]],[[[2.36341196,48.87394156],[2.36396975,48.87322327],[2.36408928,48.87327031],[2.36353591,48.87393251],[2.36350493,48.87397232],[2.36341196,48.87394156]]]]},"properties":{"id":"paris:118","name":"SQUARE DES RECOLLETS","nameAddon":"Square","objectNumber":"118","district":"75010","locality":null,"type":"Promenades ouvertes","areaM2":1450,"areaHa":0.14,"designation":null,"dedicated":null,"builtYear":null,"renovatedYear":null,"planningAreaId":null,"planningAreaName":null,"centroid":[2.363617,48.873552],"bounds":[2.36313,48.87313,2.36409,48.87397],"amenities":{},"sourceId":"parks"}},{"type":"Feature","id":"paris:11835","geometry":{"type":"Polygon","coordinates":[[[2.36147888,48.89646282],[2.36582905,48.8960123],[2.36603417,48.89608106],[2.36600023,48.89632984],[2.36572428,48.89686539],[2.3639122,48.89697395],[2.3634341,48.89704903],[2.36267267,48.89728153],[2.3620647,48.89759996],[2.36191862,48.89751583],[2.36215177,48.89726524],[2.36224178,48.89726886],[2.36233179,48.89721639],[2.36234507,48.89708703],[2.36216357,48.89709246],[2.36214586,48.89701556],[2.36162201,48.89707074],[2.36147888,48.89646282]]]},"properties":{"id":"paris:11835","name":"PARC CHAPELLE CHARBON","nameAddon":"Parc","objectNumber":"11835","district":"75018","locality":null,"type":"Promenades ouvertes","areaM2":28841,"areaHa":2.88,"designation":null,"dedicated":null,"builtYear":null,"renovatedYear":null,"planningAreaId":null,"planningAreaName":null,"centroid":[2.363735,48.896645],"bounds":[2.36148,48.89601,2.36603,48.8976],"amenities":{},"sourceId":"parks"}},{"type":"Feature","id":"paris:11894","geometry":{"type":"Polygon","coordinates":[[[2.36211192,48.85938122],[2.36221965,48.85932242],[2.36244099,48.85950335],[2.36230966,48.85957934],[2.36211192,48.85938122]]]},"properties":{"id":"paris:11894","name":"JARDIN BERTHE WEILL","nameAddon":"Jardin","objectNumber":"11894","district":"75003","locality":null,"type":"Promenades ouvertes","areaM2":350,"areaHa":0.04,"designation":null,"dedicated":null,"builtYear":null,"renovatedYear":null,"planningAreaId":null,"planningAreaName":null,"centroid":[2.362274,48.85945],"bounds":[2.36211,48.85932,2.36244,48.85958],"amenities":{},"sourceId":"parks"}},{"type":"Feature","id":"paris:119","geometry":{"type":"Polygon","coordinates":[[[2.36632192,48.86970508],[2.36697415,48.86886828],[2.36707007,48.8688131],[2.36723386,48.86880586],[2.36736667,48.86887371],[2.36739175,48.86899312],[2.36678527,48.86977927],[2.36671149,48.86985254],[2.36662,48.86982359],[2.3672737,48.86898408],[2.36706711,48.86891532],[2.36641488,48.86975484],[2.36632192,48.86970508]]]},"properties":{"id":"paris:119","name":"SQUARE FREDERICK LEMAITRE","nameAddon":"Square","objectNumber":"119","district":"75010","locality":null,"type":"Promenades ouvertes","areaM2":2200,"areaHa":0.22,"designation":null,"dedicated":null,"builtYear":null,"renovatedYear":null,"planningAreaId":null,"planningAreaName":null,"centroid":[2.366912,48.869279],"bounds":[2.36632,48.86881,2.36739,48.86985],"amenities":{},"sourceId":"parks"}},{"type":"Feature","id":"paris:11917","geometry":{"type":"Polygon","coordinates":[[[2.40540418,48.87195133],[2.40574357,48.87160033],[2.40615232,48.87170436],[2.4061479,48.8717894],[2.40602394,48.87182196],[2.40587048,48.87208884],[2.40540418,48.87195133]]]},"properties":{"id":"paris:11917","name":"JARDIN PAULE MINCK","nameAddon":"Square","objectNumber":"11917","district":"75020","locality":null,"type":"Promenades ouvertes","areaM2":1630,"areaHa":0.16,"designation":null,"dedicated":null,"builtYear":null,"renovatedYear":null,"planningAreaId":null,"planningAreaName":null,"centroid":[2.405789,48.871838],"bounds":[2.4054,48.8716,2.40615,48.87209],"amenities":{},"sourceId":"parks"}},{"type":"Feature","id":"paris:11947","geometry":{"type":"Polygon","coordinates":[[[2.35908687,48.89266962],[2.35913556,48.89252307],[2.35960039,48.89253302],[2.3595635,48.89264791],[2.35913114,48.89263796],[2.35908687,48.89266962]]]},"properties":{"id":"paris:11947","name":"JARDIN NUSCH ELUARD","nameAddon":"Jardin","objectNumber":"11947","district":"75018","locality":null,"type":"Promenades ouvertes","areaM2":446,"areaHa":0.04,"designation":null,"dedicated":null,"builtYear":null,"renovatedYear":null,"planningAreaId":null,"planningAreaName":null,"centroid":[2.359347,48.892586],"bounds":[2.35909,48.89252,2.3596,48.89267],"amenities":{},"sourceId":"parks"}},{"type":"Feature","id":"paris:11949","geometry":{"type":"Polygon","coordinates":[[[2.36243804,48.85094717],[2.36281728,48.8506423],[2.36308289,48.85078433],[2.36275383,48.85104849],[2.36269333,48.85106296],[2.36245427,48.85098969],[2.36243804,48.85094717]]]},"properties":{"id":"paris:11949","name":"JARDIN DU PERE THEILHARD DE CHARDIN","nameAddon":"Jardin","objectNumber":"11949","district":"75004","locality":null,"type":"Promenades ouvertes","areaM2":1100,"areaHa":0.11,"designation":null,"dedicated":null,"builtYear":null,"renovatedYear":null,"planningAreaId":null,"planningAreaName":null,"centroid":[2.362756,48.850865],"bounds":[2.36244,48.85064,2.36308,48.85106],"amenities":{},"sourceId":"parks"}},{"type":"Feature","id":"paris:11968","geometry":{"type":"Polygon","coordinates":[[[2.28850565,48.85348019],[2.28870044,48.85335806],[2.28897343,48.85355075],[2.28877127,48.85367197],[2.28850565,48.85348019]]]},"properties":{"id":"paris:11968","name":"JARDIN DES ENFANTS DU VELODROME D'HIVER","nameAddon":"Jardin","objectNumber":"11968","district":"75015","locality":null,"type":"Promenades ouvertes","areaM2":500,"areaHa":0.05,"designation":null,"dedicated":null,"builtYear":null,"renovatedYear":null,"planningAreaId":null,"planningAreaName":null,"centroid":[2.288738,48.853515],"bounds":[2.28851,48.85336,2.28897,48.85367],"amenities":{},"sourceId":"parks"}},{"type":"Feature","id":"paris:11971","geometry":{"type":"Polygon","coordinates":[[[2.30494278,48.87586665],[2.30531464,48.87567035],[2.30520101,48.87552379],[2.30522462,48.87547766],[2.3051656,48.87547042],[2.30522315,48.8754089],[2.30518773,48.87535462],[2.30536776,48.87550118],[2.30573667,48.87580604],[2.30571749,48.87590375],[2.30533972,48.87611996],[2.30524823,48.87611634],[2.30494278,48.87586665]]]},"properties":{"id":"paris:11971","name":"JARDIN TERESKA TORRES-LEVIN","nameAddon":"Jardin","objectNumber":"11971","district":"75008","locality":null,"type":"Promenades ouvertes","areaM2":1735,"areaHa":0.17,"designation":null,"dedicated":null,"builtYear":null,"renovatedYear":null,"planningAreaId":null,"planningAreaName":null,"centroid":[2.30536,48.87582],"bounds":[2.30494,48.87535,2.30574,48.87612],"amenities":{},"sourceId":"parks"}},{"type":"Feature","id":"paris:11978","geometry":{"type":"Polygon","coordinates":[[[2.25779764,48.83615343],[2.25826246,48.83611362],[2.258593,48.83592184],[2.25865646,48.83586304],[2.25865203,48.83593541],[2.25891469,48.836129],[2.25779764,48.83615343]]]},"properties":{"id":"paris:11978","name":"PROMENADE PLANTEE DODE DE LA BRUNERIE","nameAddon":"Jardin","objectNumber":"11978","district":"75016","locality":null,"type":"Promenades ouvertes","areaM2":1233,"areaHa":0.12,"designation":null,"dedicated":null,"builtYear":null,"renovatedYear":null,"planningAreaId":null,"planningAreaName":null,"centroid":[2.258547,48.836063],"bounds":[2.2578,48.83586,2.25891,48.83615],"amenities":{},"sourceId":"parks"}},{"type":"Feature","id":"paris:11984","geometry":{"type":"Polygon","coordinates":[[[2.32518557,48.83248236],[2.32541872,48.83191153],[2.32564745,48.83184006],[2.32589388,48.83232495],[2.32595438,48.83233309],[2.32580091,48.8323738],[2.32530067,48.83250498],[2.32518557,48.83248236]]]},"properties":{"id":"paris:11984","name":"JARDIN DE LA PLACE GILBERT PERROY","nameAddon":"Jardin","objectNumber":"11984","district":"75014","locality":null,"type":"Promenades ouvertes","areaM2":2000,"areaHa":0.2,"designation":null,"dedicated":null,"builtYear":null,"renovatedYear":null,"planningAreaId":null,"planningAreaName":null,"centroid":[2.325539,48.832206],"bounds":[2.32519,48.83184,2.32595,48.8325],"amenities":{},"sourceId":"parks"}},{"type":"Feature","id":"paris:11985","geometry":{"type":"Polygon","coordinates":[[[2.36630273,48.85734395],[2.36642226,48.85732405],[2.3664075,48.85728515],[2.36661705,48.85724986],[2.36658311,48.85715488],[2.36685757,48.85710964],[2.36689446,48.85720282],[2.36726928,48.85714131],[2.3672737,48.85719287],[2.36691217,48.85725077],[2.36699481,48.85748055],[2.36727961,48.85745703],[2.36727666,48.8575095],[2.36692398,48.8575674],[2.3669284,48.85766781],[2.36688856,48.85757373],[2.36653441,48.85763163],[2.36652113,48.85759454],[2.36640013,48.85761444],[2.36638242,48.85756559],[2.36646505,48.85755292],[2.36640013,48.85737923],[2.36632044,48.85739009],[2.36630273,48.85734395]]]},"properties":{"id":"paris:11985","name":"JARDIN ARNAUD BELTRAME","nameAddon":"Jardin","objectNumber":"11985","district":"75003","locality":null,"type":"Promenades ouvertes","areaM2":2100,"areaHa":0.21,"designation":null,"dedicated":null,"builtYear":null,"renovatedYear":null,"planningAreaId":null,"planningAreaName":null,"centroid":[2.366751,48.857387],"bounds":[2.3663,48.85711,2.36728,48.85767],"amenities":{},"sourceId":"parks"}},{"type":"Feature","id":"paris:12","geometry":{"type":"Polygon","coordinates":[[[2.36126933,48.86013298],[2.36149953,48.86000271],[2.36160578,48.8599412],[2.36201601,48.86025692],[2.36179909,48.86039262],[2.36173564,48.86039262],[2.36126933,48.86013298]]]},"properties":{"id":"paris:12","name":"JARDIN DE L'HOTEL SALE - LEONOR FINI","nameAddon":"Jardin","objectNumber":"12","district":"75003","locality":null,"type":"Promenades ouvertes","areaM2":1110,"areaHa":0.11,"designation":null,"dedicated":null,"builtYear":null,"renovatedYear":null,"planningAreaId":null,"planningAreaName":null,"centroid":[2.361654,48.860179],"bounds":[2.36127,48.85994,2.36202,48.86039],"amenities":{},"sourceId":"parks"}},{"type":"Feature","id":"paris:120","geometry":{"type":"Polygon","coordinates":[[[2.35779273,48.8747078],[2.35781192,48.87460105],[2.35801408,48.87437127],[2.35812918,48.8744165],[2.35846857,48.87434684],[2.35860728,48.87455763],[2.3581218,48.87458657],[2.35812032,48.87470508],[2.35779273,48.8747078]]]},"properties":{"id":"paris:120","name":"SQUARE SAINT-LAURENT","nameAddon":"Square","objectNumber":"120","district":"75010","locality":null,"type":"Promenades ouvertes","areaM2":1456,"areaHa":0.15,"designation":null,"dedicated":null,"builtYear":null,"renovatedYear":null,"planningAreaId":null,"planningAreaName":null,"centroid":[2.358168,48.874525],"bounds":[2.35779,48.87435,2.35861,48.87471],"amenities":{},"sourceId":"parks"}},{"type":"Feature","id":"paris:12003","geometry":{"type":"Polygon","coordinates":[[[2.2856562,48.88471051],[2.28603691,48.88436855],[2.28614316,48.88442283],[2.28568866,48.88473675],[2.2856562,48.88471051]]]},"properties":{"id":"paris:12003","name":"ESPACE CANIN DE L’AVENUE DE LA PORTE DE VILLIERS","nameAddon":"Promenade","objectNumber":"12003","district":"75017","locality":null,"type":"Promenades ouvertes","areaM2":300,"areaHa":0.03,"designation":null,"dedicated":null,"builtYear":null,"renovatedYear":null,"planningAreaId":null,"planningAreaName":null,"centroid":[2.285913,48.884535],"bounds":[2.28566,48.88437,2.28614,48.88474],"amenities":{},"sourceId":"parks"}},{"type":"Feature","id":"paris:12084","geometry":{"type":"MultiPolygon","coordinates":[[[[2.32876694,48.89575086],[2.32877727,48.8956224],[2.32956526,48.89567035],[2.33031931,48.89575629],[2.330914,48.8958359],[2.33082989,48.89592274],[2.32943393,48.89575629],[2.32903256,48.89572915],[2.32876694,48.89575086]]],[[[2.33101286,48.89594898],[2.33109698,48.89586032],[2.3314349,48.89590375],[2.33140243,48.89600145],[2.33101286,48.89594898]]]]},"properties":{"id":"paris:12084","name":"PROMENADE PC 18 - SAINT-OUEN - VAUVENARGUES","nameAddon":"Promenade","objectNumber":"12084","district":"75018","locality":null,"type":"Promenades ouvertes","areaM2":2110,"areaHa":0.21,"designation":null,"dedicated":null,"builtYear":null,"renovatedYear":null,"planningAreaId":null,"planningAreaName":null,"centroid":[2.330031,48.895785],"bounds":[2.32877,48.89562,2.33143,48.896],"amenities":{},"sourceId":"parks"}},{"type":"Feature","id":"paris:12085","geometry":{"type":"MultiPolygon","coordinates":[[[[2.3383763,48.89701013],[2.33857108,48.89682196],[2.34217016,48.89726434],[2.34222918,48.89731771],[2.34234724,48.89750226],[2.33880275,48.8970237],[2.33839843,48.8970825],[2.3383763,48.89701013]]],[[[2.34247119,48.89733128],[2.34251103,48.89730233],[2.34326066,48.89740999],[2.34370482,48.8974715],[2.34368564,48.89753483],[2.34393207,48.89756649],[2.34391731,48.89761987],[2.3425435,48.89744075],[2.34247119,48.89733128]]]]},"properties":{"id":"paris:12085","name":"PROMENADE PC 18 - POTEAU - ORNANO","nameAddon":"Promenade","objectNumber":"12085","district":"75018","locality":null,"type":"Promenades ouvertes","areaM2":9160,"areaHa":0.92,"designation":null,"dedicated":null,"builtYear":null,"renovatedYear":null,"planningAreaId":null,"planningAreaName":null,"centroid":[2.340888,48.897203],"bounds":[2.33838,48.89682,2.34393,48.89762],"amenities":{},"sourceId":"parks"}},{"type":"Feature","id":"paris:12086","geometry":{"type":"MultiPolygon","coordinates":[[[[2.34502257,48.89778723],[2.34508602,48.89770852],[2.34521883,48.89766781],[2.34645541,48.8978216],[2.34750164,48.89790664],[2.35236681,48.89800072],[2.35234911,48.89816447],[2.34732161,48.8980351],[2.34506979,48.89784965],[2.34502257,48.89778723]]],[[[2.35266342,48.89817261],[2.35267522,48.89806405],[2.35278737,48.89806586],[2.35377162,48.89808395],[2.35375982,48.8981907],[2.35266342,48.89817261]]]]},"properties":{"id":"paris:12086","name":"PROMENADE PC 18 - ORNANO - POISSONNIERS","nameAddon":"Promenade","objectNumber":"12086","district":"75018","locality":null,"type":"Promenades ouvertes","areaM2":13440,"areaHa":1.34,"designation":null,"dedicated":null,"builtYear":null,"renovatedYear":null,"planningAreaId":null,"planningAreaName":null,"centroid":[2.349132,48.897987],"bounds":[2.34502,48.89767,2.35377,48.89819],"amenities":{},"sourceId":"parks"}},{"type":"Feature","id":"paris:12143","geometry":{"type":"Polygon","coordinates":[[[2.35676274,48.89706441],[2.35678635,48.8967713],[2.35779421,48.89680659],[2.35776912,48.89709969],[2.35676274,48.89706441]]]},"properties":{"id":"paris:12143","name":"SQUARE DU 21 AVRIL 1944","nameAddon":"Promenade","objectNumber":"12143","district":"75018","locality":null,"type":"Promenades ouvertes","areaM2":2441,"areaHa":0.24,"designation":null,"dedicated":null,"builtYear":null,"renovatedYear":null,"planningAreaId":null,"planningAreaName":null,"centroid":[2.357278,48.896935],"bounds":[2.35676,48.89677,2.35779,48.8971],"amenities":{},"sourceId":"parks"}},{"type":"Feature","id":"paris:12185","geometry":{"type":"Polygon","coordinates":[[[2.33838072,48.86695223],[2.33881604,48.86685001],[2.33903443,48.86724625],[2.33859321,48.86734666],[2.33838072,48.86695223]]]},"properties":{"id":"paris:12185","name":"JARDIN DE LA BIBLIOTHEQUE NATIONALE DE FRANCE","nameAddon":"Jardin","objectNumber":"12185","district":"75002","locality":null,"type":"Promenades ouvertes","areaM2":1500,"areaHa":0.15,"designation":null,"dedicated":null,"builtYear":null,"renovatedYear":null,"planningAreaId":null,"planningAreaName":null,"centroid":[2.338707,48.867099],"bounds":[2.33838,48.86685,2.33903,48.86735],"amenities":{},"sourceId":"parks"}},{"type":"Feature","id":"paris:122","geometry":{"type":"Polygon","coordinates":[[[2.35369341,48.87593993],[2.35433531,48.87591641],[2.35441647,48.8758558],[2.35440319,48.87569929],[2.35451092,48.87567668],[2.35450501,48.87561154],[2.35449616,48.87551836],[2.35438401,48.87550479],[2.35435597,48.87524787],[2.35462011,48.87525873],[2.35478538,48.87538176],[2.35463192,48.87543514],[2.35466733,48.87545956],[2.35594523,48.87541162],[2.3561592,48.87575357],[2.35609723,48.87582233],[2.35578882,48.87582504],[2.3557416,48.87575176],[2.35549664,48.87562059],[2.35549517,48.87566763],[2.35504952,48.87566401],[2.35477358,48.87569929],[2.35478686,48.87583861],[2.35454633,48.87585128],[2.35456551,48.87606025],[2.35370817,48.87609553],[2.35369341,48.87593993]]]},"properties":{"id":"paris:122","name":"SQUARE ALBAN SATRAGNE","nameAddon":"Square","objectNumber":"122","district":"75010","locality":null,"type":"Promenades ouvertes","areaM2":5285,"areaHa":0.53,"designation":null,"dedicated":null,"builtYear":null,"renovatedYear":null,"planningAreaId":null,"planningAreaName":null,"centroid":[2.354971,48.875661],"bounds":[2.35369,48.87525,2.35616,48.8761],"amenities":{},"sourceId":"parks"}},{"type":"Feature","id":"paris:123","geometry":{"type":"Polygon","coordinates":[[[2.36047987,48.87488059],[2.36151134,48.87457843],[2.36173859,48.875038],[2.36189943,48.87504523],[2.36216652,48.87493939],[2.36197912,48.87466347],[2.36212963,48.87460286],[2.36206765,48.87444997],[2.36243656,48.87436494],[2.36254724,48.87448525],[2.36270513,48.87444726],[2.36290877,48.87489235],[2.36317291,48.87523159],[2.36318471,48.87531663],[2.36104799,48.87592998],[2.3609624,48.87590013],[2.36047987,48.87488059]]]},"properties":{"id":"paris:123","name":"JARDIN VILLEMIN- MASHA JINA AMINI","nameAddon":"Jardin","objectNumber":"123","district":"75010","locality":null,"type":"Promenades ouvertes","areaM2":21480,"areaHa":2.15,"designation":null,"dedicated":null,"builtYear":null,"renovatedYear":null,"planningAreaId":null,"planningAreaName":null,"centroid":[2.361794,48.875161],"bounds":[2.36048,48.87436,2.36318,48.87593],"amenities":{},"sourceId":"parks"}},{"type":"Feature","id":"paris:124","geometry":{"type":"Polygon","coordinates":[[[2.3640819,48.87709698],[2.36427373,48.87690429],[2.36460428,48.87729238],[2.36438588,48.87741542],[2.36433423,48.87736928],[2.3640819,48.87709698]]]},"properties":{"id":"paris:124","name":"SQUARE MADELEINE TRIBOLATI","nameAddon":"Square","objectNumber":"124","district":"75010","locality":null,"type":"Promenades ouvertes","areaM2":1000,"areaHa":0.1,"designation":null,"dedicated":null,"builtYear":null,"renovatedYear":null,"planningAreaId":null,"planningAreaName":null,"centroid":[2.364336,48.877173],"bounds":[2.36408,48.8769,2.3646,48.87742],"amenities":{},"sourceId":"parks"}},{"type":"Feature","id":"paris:125","geometry":{"type":"Polygon","coordinates":[[[2.3680676,48.87766962],[2.368134,48.87745251],[2.36820778,48.87742446],[2.36833764,48.87744527],[2.36837896,48.87748598],[2.3683037,48.87772028],[2.36822549,48.87770943],[2.3680676,48.87766962]]]},"properties":{"id":"paris:125","name":"SQUARE AMADOU HAMPATE BA","nameAddon":"Square","objectNumber":"125","district":"75010","locality":null,"type":"Promenades ouvertes","areaM2":881,"areaHa":0.09,"designation":null,"dedicated":null,"builtYear":null,"renovatedYear":null,"planningAreaId":null,"planningAreaName":null,"centroid":[2.368227,48.87757],"bounds":[2.36807,48.87742,2.36838,48.87772],"amenities":{},"sourceId":"parks"}},{"type":"Feature","id":"paris:12936","geometry":{"type":"Polygon","coordinates":[[[2.41111342,48.86245522],[2.41134804,48.86086575],[2.41143068,48.86082052],[2.41197371,48.86088927],[2.41233229,48.86099964],[2.41240903,48.86108015],[2.41212866,48.86326036],[2.41185271,48.86352994],[2.41139969,48.863501],[2.41156496,48.86313914],[2.41138641,48.86249683],[2.41115621,48.86252578],[2.41111342,48.86245522]]]},"properties":{"id":"paris:12936","name":"PARC ARETHA FRANKLIN","nameAddon":"Parc","objectNumber":"12936","district":"75020","locality":null,"type":"Promenades ouvertes","areaM2":19933,"areaHa":1.99,"designation":null,"dedicated":null,"builtYear":null,"renovatedYear":null,"planningAreaId":null,"planningAreaName":null,"centroid":[2.411777,48.862048],"bounds":[2.41111,48.86082,2.41241,48.86353],"amenities":{},"sourceId":"parks"}},{"type":"Feature","id":"paris:12960","geometry":{"type":"Polygon","coordinates":[[[2.31532536,48.84691333],[2.31550244,48.84657861],[2.31629043,48.84682377],[2.31613401,48.84710693],[2.31600416,48.84703999],[2.31532536,48.84691333]]]},"properties":{"id":"paris:12960","name":"JARDIN HELEN KELLER ( INSTITUT NATIONAL DES JEUNES AVEUGLES)","nameAddon":"Jardin","objectNumber":"12960","district":"75007","locality":null,"type":"Promenades ouvertes","areaM2":2300,"areaHa":0.23,"designation":null,"dedicated":null,"builtYear":null,"renovatedYear":null,"planningAreaId":null,"planningAreaName":null,"centroid":[2.315801,48.846843],"bounds":[2.31533,48.84658,2.31629,48.84711],"amenities":{},"sourceId":"parks"}},{"type":"Feature","id":"paris:13","geometry":{"type":"Polygon","coordinates":[[[2.36521371,48.8593966],[2.36521519,48.85908811],[2.36556492,48.85908269],[2.36559295,48.85938936],[2.36521371,48.8593966]]]},"properties":{"id":"paris:13","name":"SQUARE SAINT-GILLES - GRAND VENEUR - PAULINE ROLAND","nameAddon":"Square","objectNumber":"13","district":"75003","locality":null,"type":"Promenades ouvertes","areaM2":987,"areaHa":0.1,"designation":null,"dedicated":null,"builtYear":null,"renovatedYear":null,"planningAreaId":null,"planningAreaName":null,"centroid":[2.365397,48.859241],"bounds":[2.36521,48.85908,2.36559,48.8594],"amenities":{},"sourceId":"parks"}},{"type":"Feature","id":"paris:13030","geometry":{"type":"Polygon","coordinates":[[[2.31449163,48.86808667],[2.31641291,48.86745522],[2.31685265,48.8677818],[2.31689692,48.86787407],[2.3172068,48.86802515],[2.31649702,48.86822417],[2.3155349,48.86819884],[2.31505975,48.86831645],[2.31484873,48.86842862],[2.3147292,48.86843043],[2.31450491,48.86818527],[2.31449163,48.86808667]],[[2.3151173,48.86794283],[2.31514681,48.8680161],[2.31527814,48.86804596],[2.31548178,48.86796635],[2.31536668,48.86783789],[2.3151173,48.86794283]]]},"properties":{"id":"paris:13030","name":"JARDINS DES CHAMPS ELYSEES- CARRE DE L ELYSEE","nameAddon":"Jardin","objectNumber":"13030","district":"75008","locality":null,"type":"Promenades ouvertes","areaM2":10305,"areaHa":1.03,"designation":null,"dedicated":null,"builtYear":null,"renovatedYear":null,"planningAreaId":null,"planningAreaName":null,"centroid":[2.315874,48.867972],"bounds":[2.31449,48.86746,2.31721,48.86843],"amenities":{},"sourceId":"parks"}},{"type":"Feature","id":"paris:13037","geometry":{"type":"Polygon","coordinates":[[[2.31572231,48.8660123],[2.31857767,48.86507509],[2.31860718,48.86512756],[2.31869719,48.86510765],[2.31905135,48.86559164],[2.31902774,48.86566401],[2.3170976,48.86627646],[2.3158802,48.86663289],[2.31579166,48.86654424],[2.31572231,48.8660123]],[[2.31623435,48.86599331],[2.31634355,48.86621585],[2.31643209,48.86626741],[2.31668885,48.86618057],[2.31667705,48.86611181],[2.31679362,48.86607382],[2.31668147,48.86591822],[2.316559,48.8659535],[2.3164616,48.86591641],[2.31623435,48.86599331]]]},"properties":{"id":"paris:13037","name":"JARDINS DES CHAMPS ELYSEES - JARDIN CHARLES AZNAVOUR","nameAddon":"Jardin","objectNumber":"13037","district":"75008","locality":null,"type":"Promenades ouvertes","areaM2":18388,"areaHa":1.84,"designation":null,"dedicated":null,"builtYear":null,"renovatedYear":null,"planningAreaId":null,"planningAreaName":null,"centroid":[2.317392,48.86583],"bounds":[2.31572,48.86508,2.31905,48.86663],"amenities":{},"sourceId":"parks"}},{"type":"Feature","id":"paris:13039","geometry":{"type":"Polygon","coordinates":[[[2.31039526,48.86821422],[2.31043658,48.86735299],[2.31112717,48.86713407],[2.31144296,48.86725077],[2.31146805,48.86722996],[2.31160085,48.86733219],[2.31189303,48.86777275],[2.31196681,48.86775828],[2.31219111,48.86806676],[2.31085713,48.86849285],[2.31039526,48.86821422]],[[2.31046609,48.86769495],[2.31054135,48.86788855],[2.31060185,48.8678795],[2.31067858,48.86798263],[2.3111316,48.86786231],[2.31123637,48.86774471],[2.31122752,48.86767505],[2.3113013,48.86765243],[2.3112467,48.86757825],[2.31117439,48.86760268],[2.31109619,48.86755473],[2.31089255,48.86753573],[2.31071695,48.86762801],[2.31046609,48.86769495]]]},"properties":{"id":"paris:13039","name":"JARDINS DES CHAMPS ELYSEES - CARRE DU THEATRE DU ROND-POINT","nameAddon":"Jardin","objectNumber":"13039","district":"75008","locality":null,"type":"Promenades ouvertes","areaM2":13055,"areaHa":1.31,"designation":null,"dedicated":null,"builtYear":null,"renovatedYear":null,"planningAreaId":null,"planningAreaName":null,"centroid":[2.311186,48.867832],"bounds":[2.3104,48.86713,2.31219,48.86849],"amenities":{},"sourceId":"parks"}},{"type":"Feature","id":"paris:13052","geometry":{"type":"Polygon","coordinates":[[[2.38633009,48.83454858],[2.3865957,48.83434141],[2.38670195,48.83439569],[2.38666358,48.83444093],[2.38676245,48.83437127],[2.38684213,48.83442374],[2.38710627,48.83425547],[2.38657357,48.83468428],[2.38633009,48.83454858]]]},"properties":{"id":"paris:13052","name":"JARDIN REGINE DEFORGES","nameAddon":"Jardin","objectNumber":"13052","district":"75012","locality":null,"type":"Promenades ouvertes","areaM2":830,"areaHa":0.08,"designation":null,"dedicated":null,"builtYear":null,"renovatedYear":null,"planningAreaId":null,"planningAreaName":null,"centroid":[2.386617,48.834499],"bounds":[2.38633,48.83426,2.38711,48.83468],"amenities":{},"sourceId":"parks"}},{"type":"Feature","id":"paris:13057","geometry":{"type":"Polygon","coordinates":[[[2.40822707,48.85264339],[2.40908589,48.85146825],[2.40944595,48.85085037],[2.40968648,48.85014022],[2.40987241,48.84909897],[2.40982371,48.848093],[2.40971156,48.84756197],[2.40963926,48.8475674],[2.40963188,48.84752578],[2.4099211,48.84752216],[2.40998013,48.84819251],[2.4099698,48.84902931],[2.41000079,48.84907907],[2.41024574,48.84908449],[2.41024722,48.84911163],[2.41014835,48.84911073],[2.4100967,48.84971594],[2.40989159,48.85052289],[2.40973812,48.85094988],[2.40939725,48.85156233],[2.40856942,48.85270128],[2.40822707,48.85264339]]]},"properties":{"id":"paris:13057","name":"PROMENADE PC20-BOIS DE CHARONNE","nameAddon":"Promenade","objectNumber":"13057","district":"75020","locality":null,"type":"Promenades ouvertes","areaM2":11925,"areaHa":1.19,"designation":null,"dedicated":null,"builtYear":null,"renovatedYear":null,"planningAreaId":null,"planningAreaName":null,"centroid":[2.409479,48.850526],"bounds":[2.40823,48.84752,2.41025,48.8527],"amenities":{},"sourceId":"parks"}},{"type":"Feature","id":"paris:13072","geometry":{"type":"Polygon","coordinates":[[[2.31116702,48.86930251],[2.31123637,48.86911163],[2.31235048,48.86874344],[2.31238884,48.86877149],[2.31236523,48.86873892],[2.31311191,48.8685019],[2.31314289,48.86854623],[2.31309567,48.86857427],[2.31316798,48.86855166],[2.31312961,48.86849557],[2.31362248,48.86834359],[2.31375971,48.86833002],[2.31387333,48.86836258],[2.31398991,48.86852994],[2.31384235,48.86856794],[2.3137907,48.86849376],[2.31358411,48.8685019],[2.31356935,48.86854442],[2.31353689,48.86851909],[2.31339375,48.86862403],[2.31337605,48.86877963],[2.31354132,48.86891804],[2.31377889,48.86894246],[2.31397958,48.86886466],[2.31399729,48.8687353],[2.31410796,48.86869097],[2.31427323,48.86889361],[2.31423487,48.86898046],[2.31334948,48.86928171],[2.31330964,48.86927899],[2.31337014,48.86915053],[2.31318421,48.86903474],[2.31286547,48.86914149],[2.31290827,48.86930161],[2.31308682,48.86934775],[2.31306911,48.8693776],[2.31203469,48.86967433],[2.31183105,48.86965895],[2.31116702,48.86930251]]]},"properties":{"id":"paris:13072","name":"JARDINS DES CHAMPS ELYSEES- CARRE MARIGNY","nameAddon":"Jardin","objectNumber":"13072","district":"75008","locality":null,"type":"Promenades ouvertes","areaM2":17392,"areaHa":1.74,"designation":null,"dedicated":null,"builtYear":null,"renovatedYear":null,"planningAreaId":null,"planningAreaName":null,"centroid":[2.312621,48.869058],"bounds":[2.31117,48.86833,2.31427,48.86967],"amenities":{},"sourceId":"parks"}},{"type":"Feature","id":"paris:13085","geometry":{"type":"Polygon","coordinates":[[[2.41160038,48.85934141],[2.41165498,48.85905645],[2.41188518,48.8590655],[2.41183058,48.85935951],[2.41160038,48.85934141]]]},"properties":{"id":"paris:13085","name":"SQUARE LOUIS LUMIERE","nameAddon":"Square","objectNumber":"13085","district":"75020","locality":null,"type":"Promenades ouvertes","areaM2":1455,"areaHa":0.15,"designation":null,"dedicated":null,"builtYear":null,"renovatedYear":null,"planningAreaId":null,"planningAreaName":null,"centroid":[2.411743,48.859206],"bounds":[2.4116,48.85906,2.41189,48.85936],"amenities":{},"sourceId":"parks"}},{"type":"Feature","id":"paris:131","geometry":{"type":"Polygon","coordinates":[[[2.37821998,48.86192962],[2.37907438,48.86106477],[2.37916734,48.86105211],[2.37992139,48.86135245],[2.37994058,48.86141487],[2.37903306,48.86230414],[2.37895928,48.86232495],[2.37844576,48.86208974],[2.37823621,48.86199385],[2.37821998,48.86192962]]]},"properties":{"id":"paris:131","name":"SQUARE MAURICE GARDETTE","nameAddon":"Square","objectNumber":"131","district":"75011","locality":null,"type":"Promenades ouvertes","areaM2":9853,"areaHa":0.99,"designation":null,"dedicated":null,"builtYear":null,"renovatedYear":null,"planningAreaId":null,"planningAreaName":null,"centroid":[2.379071,48.861678],"bounds":[2.37822,48.86105,2.37994,48.86232],"amenities":{},"sourceId":"parks"}},{"type":"Feature","id":"paris:13100","geometry":{"type":"Polygon","coordinates":[[[2.31055758,48.8655057],[2.31058709,48.86499095],[2.31172186,48.86502895],[2.31182663,48.86509499],[2.31115078,48.86551927],[2.31055758,48.8655057]]]},"properties":{"id":"paris:13100","name":"JARDINS DES CHAMPS ELYSEES- JARDIN DE LA NOUVELLE FRANCE","nameAddon":"Jardin","objectNumber":"13100","district":"75008","locality":null,"type":"Promenades ouvertes","areaM2":4037,"areaHa":0.4,"designation":null,"dedicated":null,"builtYear":null,"renovatedYear":null,"planningAreaId":null,"planningAreaName":null,"centroid":[2.311069,48.865233],"bounds":[2.31056,48.86499,2.31183,48.86552],"amenities":{},"sourceId":"parks"}},{"type":"Feature","id":"paris:13104","geometry":{"type":"Polygon","coordinates":[[[2.36730764,48.82139859],[2.36739766,48.82130089],[2.36749357,48.82137507],[2.36742127,48.82148544],[2.36734453,48.82146825],[2.36730764,48.82139859]]]},"properties":{"id":"paris:13104","name":"JARDIN 2 VILLA D ESTE","nameAddon":"Jardin","objectNumber":"13104","district":"75013","locality":null,"type":"Promenades ouvertes","areaM2":161.1,"areaHa":0.02,"designation":null,"dedicated":null,"builtYear":null,"renovatedYear":null,"planningAreaId":null,"planningAreaName":null,"centroid":[2.367398,48.821398],"bounds":[2.36731,48.8213,2.36749,48.82149],"amenities":{},"sourceId":"parks"}},{"type":"Feature","id":"paris:13145","geometry":{"type":"Polygon","coordinates":[[[2.36538489,48.82911887],[2.365469,48.82904017],[2.36558115,48.82907454],[2.36559886,48.82920662],[2.36552065,48.82926723],[2.36540997,48.82923286],[2.36538489,48.82911887]]]},"properties":{"id":"paris:13145","name":"SQUARE DE LA PLACE NATIONALE","nameAddon":"Square","objectNumber":"13145","district":"75013","locality":null,"type":"Promenades ouvertes","areaM2":284.9,"areaHa":0.03,"designation":null,"dedicated":null,"builtYear":null,"renovatedYear":null,"planningAreaId":null,"planningAreaName":null,"centroid":[2.365495,48.829155],"bounds":[2.36538,48.82904,2.3656,48.82927],"amenities":{},"sourceId":"parks"}},{"type":"Feature","id":"paris:13147","geometry":{"type":"Polygon","coordinates":[[[2.31043658,48.86735299],[2.31046019,48.86697214],[2.31112717,48.86713407],[2.31043658,48.86735299]]]},"properties":{"id":"paris:13147","name":"JARDINS DES CHAMPS ELYSEES- SQUARE DE BERLIN- WILLY BRANDT","nameAddon":"Jardin","objectNumber":"13147","district":"75008","locality":null,"type":"Promenades ouvertes","areaM2":1096,"areaHa":0.11,"designation":null,"dedicated":null,"builtYear":null,"renovatedYear":null,"planningAreaId":null,"planningAreaName":null,"centroid":[2.310675,48.867153],"bounds":[2.31044,48.86697,2.31113,48.86735],"amenities":{},"sourceId":"parks"}},{"type":"Feature","id":"paris:13174","geometry":{"type":"Polygon","coordinates":[[[2.31182072,48.86738466],[2.31191369,48.86734576],[2.31237261,48.86742175],[2.31284924,48.86741813],[2.31287138,48.86747331],[2.3130514,48.86742446],[2.31326685,48.86772661],[2.31222947,48.8680541],[2.31182072,48.86738466]]]},"properties":{"id":"paris:13174","name":"JARDINS DES CHAMPS ELYSEES- CARRE DES FETES","nameAddon":"Jardin","objectNumber":"13174","district":"75008","locality":null,"type":"Promenades ouvertes","areaM2":4786,"areaHa":0.48,"designation":null,"dedicated":null,"builtYear":null,"renovatedYear":null,"planningAreaId":null,"planningAreaName":null,"centroid":[2.312511,48.867658],"bounds":[2.31182,48.86735,2.31327,48.86805],"amenities":{},"sourceId":"parks"}},{"type":"Feature","id":"paris:13178","geometry":{"type":"Polygon","coordinates":[[[2.31561606,48.86527773],[2.31572526,48.86524606],[2.3157651,48.86513751],[2.31791068,48.86518817],[2.31790035,48.86523069],[2.31588463,48.86587299],[2.31572231,48.86591912],[2.31569427,48.86589198],[2.31561606,48.86527773]]]},"properties":{"id":"paris:13178","name":"JARDINS DES CHAMPS ELYSEES- JARDIN DE PARIS","nameAddon":"Jardin","objectNumber":"13178","district":"75008","locality":null,"type":"Promenades ouvertes","areaM2":8065,"areaHa":0.81,"designation":null,"dedicated":null,"builtYear":null,"renovatedYear":null,"planningAreaId":null,"planningAreaName":null,"centroid":[2.316452,48.865423],"bounds":[2.31562,48.86514,2.31791,48.86592],"amenities":{},"sourceId":"parks"}},{"type":"Feature","id":"paris:13209","geometry":{"type":"Polygon","coordinates":[[[2.31408878,48.86671793],[2.31471445,48.86671793],[2.31556884,48.86644292],[2.31574297,48.86684006],[2.31455213,48.86721277],[2.31440752,48.86706803],[2.3143603,48.86708703],[2.31413452,48.86698752],[2.31408878,48.86671793]]]},"properties":{"id":"paris:13209","name":"JARDINS DES CHAMPS ELYSEES- CARRE DU BATTOIR","nameAddon":"Jardin","objectNumber":"13209","district":"75008","locality":null,"type":"Promenades ouvertes","areaM2":5354,"areaHa":0.54,"designation":null,"dedicated":null,"builtYear":null,"renovatedYear":null,"planningAreaId":null,"planningAreaName":null,"centroid":[2.314924,48.866839],"bounds":[2.31409,48.86644,2.31574,48.86721],"amenities":{},"sourceId":"parks"}},{"type":"Feature","id":"paris:133","geometry":{"type":"Polygon","coordinates":[[[2.37061012,48.85671883],[2.37080048,48.8565361],[2.37087721,48.85670527],[2.37140992,48.85788764],[2.37108823,48.85777818],[2.37092148,48.8574118],[2.37061012,48.85671883]]]},"properties":{"id":"paris:133","name":"PROMENADE RICHARD LENOIR SQUARE BREGUET-SABIN (PROMENADE CLAIRE LACOMBE)","nameAddon":"Promenade","objectNumber":"133","district":"75011","locality":null,"type":"Promenades ouvertes","areaM2":2750,"areaHa":0.28,"designation":null,"dedicated":null,"builtYear":null,"renovatedYear":null,"planningAreaId":null,"planningAreaName":null,"centroid":[2.370982,48.857229],"bounds":[2.37061,48.85654,2.37141,48.85789],"amenities":{},"sourceId":"parks"}},{"type":"Feature","id":"paris:13346","geometry":{"type":"Polygon","coordinates":[[[2.31641291,48.86745522],[2.31693823,48.86728786],[2.31700611,48.86731319],[2.31706219,48.86725167],[2.31957963,48.86644473],[2.31965193,48.8664583],[2.31982901,48.86660666],[2.32003117,48.8668871],[2.31991755,48.86711145],[2.31929778,48.86733038],[2.31931401,48.8673548],[2.31800807,48.86775828],[2.31790773,48.86772571],[2.31798446,48.86770038],[2.31785165,48.86751855],[2.31751816,48.86760991],[2.31706514,48.86777728],[2.31713597,48.86787498],[2.3176126,48.86773566],[2.31765982,48.86779899],[2.31761703,48.86782703],[2.31782657,48.86778089],[2.31777344,48.8678397],[2.31728206,48.86798806],[2.3172068,48.86802515],[2.31689692,48.86787407],[2.31685265,48.8677818],[2.31641291,48.86745522]],[[2.31822794,48.86741089],[2.31838731,48.86762439],[2.31915612,48.86737652],[2.3189997,48.86716392],[2.31822794,48.86741089]]]},"properties":{"id":"paris:13346","name":"JARDINS DES CHAMPS ELYSEES- JARDIN LINE RENAUD","nameAddon":"Jardin","objectNumber":"13346","district":"75008","locality":null,"type":"Promenades ouvertes","areaM2":20390,"areaHa":2.04,"designation":null,"dedicated":null,"builtYear":null,"renovatedYear":null,"planningAreaId":null,"planningAreaName":null,"centroid":[2.318339,48.867197],"bounds":[2.31641,48.86644,2.32003,48.86803],"amenities":{},"sourceId":"parks"}},{"type":"Feature","id":"paris:13354","geometry":{"type":"Polygon","coordinates":[[[2.29323359,48.88092727],[2.29341215,48.8807789],[2.29366891,48.88090013],[2.29356119,48.88098969],[2.29352872,48.8809725],[2.293421,48.88102045],[2.29323359,48.88092727]]]},"properties":{"id":"paris:13354","name":"SQUARE PIERRE DEMOURS","nameAddon":"Square","objectNumber":"13354","district":"75017","locality":null,"type":"Promenades ouvertes","areaM2":465,"areaHa":0.05,"designation":null,"dedicated":null,"builtYear":null,"renovatedYear":null,"planningAreaId":null,"planningAreaName":null,"centroid":[2.293447,48.880906],"bounds":[2.29323,48.88078,2.29367,48.88102],"amenities":{},"sourceId":"parks"}},{"type":"Feature","id":"paris:134","geometry":{"type":"Polygon","coordinates":[[[2.36733863,48.8685019],[2.36877738,48.8667315],[2.36898249,48.86680568],[2.36843208,48.86746155],[2.36848373,48.8674896],[2.36759392,48.86861679],[2.36740208,48.86862855],[2.36733863,48.8685019]]]},"properties":{"id":"paris:134","name":"SQUARE DOMINIQUE BERNARD","nameAddon":"Square","objectNumber":"134","district":"75011","locality":null,"type":"Promenades ouvertes","areaM2":5100,"areaHa":0.51,"designation":null,"dedicated":null,"builtYear":null,"renovatedYear":null,"planningAreaId":null,"planningAreaName":null,"centroid":[2.368113,48.867741],"bounds":[2.36734,48.86673,2.36898,48.86863],"amenities":{},"sourceId":"parks"}},{"type":"Feature","id":"paris:13434","geometry":{"type":"Polygon","coordinates":[[[2.33233356,48.88146644],[2.3323793,48.88142211],[2.33242357,48.88146734],[2.33237783,48.88151167],[2.33233356,48.88146644]]]},"properties":{"id":"paris:13434","name":"JARDIN PAULINE GARCIA VIARDOT DE LA BIBLIOTHEQUE","nameAddon":"Jardin","objectNumber":"13434","district":"75009","locality":null,"type":"Promenades ouvertes","areaM2":32.8,"areaHa":0,"designation":null,"dedicated":null,"builtYear":null,"renovatedYear":null,"planningAreaId":null,"planningAreaName":null,"centroid":[2.332379,48.881467],"bounds":[2.33233,48.88142,2.33242,48.88151],"amenities":{},"sourceId":"parks"}},{"type":"Feature","id":"paris:13441","geometry":{"type":"Polygon","coordinates":[[[2.36813548,48.82036819],[2.36818122,48.82032386],[2.36822549,48.8203691],[2.36817975,48.82041343],[2.36813548,48.82036819]]]},"properties":{"id":"paris:13441","name":"SQUARE DU COMPLEXE SPORTIF GEORGES CARPENTIER","nameAddon":"Square","objectNumber":"13441","district":"75013","locality":null,"type":"Promenades ouvertes","areaM2":32.8,"areaHa":0,"designation":null,"dedicated":null,"builtYear":null,"renovatedYear":null,"planningAreaId":null,"planningAreaName":null,"centroid":[2.36818,48.820369],"bounds":[2.36814,48.82032,2.36823,48.82041],"amenities":{},"sourceId":"parks"}},{"type":"Feature","id":"paris:13497","geometry":{"type":"Polygon","coordinates":[[[2.34154596,48.83866293],[2.34281944,48.83839244],[2.34406783,48.84018907],[2.34388633,48.84024154],[2.34350561,48.83967794],[2.34248595,48.83998281],[2.34175255,48.83888185],[2.34154596,48.83866293]]]},"properties":{"id":"paris:13497","name":"JARDINS DU VAL DE GRACE","nameAddon":"Jardin","objectNumber":"13497","district":"75005","locality":null,"type":"Promenades ouvertes","areaM2":16150,"areaHa":1.62,"designation":null,"dedicated":null,"builtYear":null,"renovatedYear":null,"planningAreaId":null,"planningAreaName":null,"centroid":[2.342707,48.839214],"bounds":[2.34155,48.83839,2.34407,48.84024],"amenities":{},"sourceId":"parks"}},{"type":"Feature","id":"paris:135","geometry":{"type":"Polygon","coordinates":[[[2.37225546,48.86031482],[2.37246205,48.86020445],[2.37249008,48.86026687],[2.3726524,48.8607789],[2.37268929,48.86111543],[2.37256534,48.86194047],[2.37238679,48.86191695],[2.37232334,48.86186448],[2.37241925,48.8613226],[2.37241482,48.86102587],[2.37225546,48.86031482]]]},"properties":{"id":"paris:135","name":"PROMENADE RICHARD LENOIR PELEE-SAINT SEBASTIEN (ALLEE PAULINE LEON)","nameAddon":"Promenade","objectNumber":"135","district":"75011","locality":null,"type":"Promenades ouvertes","areaM2":3000,"areaHa":0.3,"designation":null,"dedicated":null,"builtYear":null,"renovatedYear":null,"planningAreaId":null,"planningAreaName":null,"centroid":[2.372491,48.861073],"bounds":[2.37226,48.8602,2.37269,48.86194],"amenities":{},"sourceId":"parks"}},{"type":"Feature","id":"paris:136","geometry":{"type":"MultiPolygon","coordinates":[[[[2.38364443,48.86001719],[2.38369165,48.85992672],[2.38370788,48.85993306],[2.38372263,48.859981],[2.38364443,48.86001719]]],[[[2.38366508,48.86005609],[2.38367837,48.86004433],[2.38368722,48.8600398],[2.38374477,48.86002081],[2.38377576,48.85999095],[2.38373001,48.85985164],[2.38430551,48.85893794],[2.38557013,48.85926904],[2.3854934,48.85939479],[2.38573983,48.85945178],[2.38561293,48.85966076],[2.38537092,48.85959743],[2.38529419,48.85972318],[2.38553767,48.85978741],[2.38540929,48.85999548],[2.38517171,48.85992491],[2.38509645,48.86004976],[2.38516433,48.86006785],[2.38490167,48.86050841],[2.38475853,48.86046409],[2.38470541,48.86048489],[2.38476591,48.86038719],[2.3846877,48.86036638],[2.38463458,48.86045866],[2.38437634,48.86036819],[2.38443979,48.86026235],[2.38420517,48.86017641],[2.38422435,48.86014384],[2.38404727,48.86011308],[2.38402219,48.86006785],[2.38366508,48.86005609]]]]},"properties":{"id":"paris:136","name":"SQUARE DE LA ROQUETTE","nameAddon":"Square","objectNumber":"136","district":"75011","locality":null,"type":"Promenades ouvertes","areaM2":15920,"areaHa":1.59,"designation":null,"dedicated":null,"builtYear":null,"renovatedYear":null,"planningAreaId":null,"planningAreaName":null,"centroid":[2.384673,48.859685],"bounds":[2.38364,48.85894,2.38574,48.86051],"amenities":{},"sourceId":"parks"}},{"type":"Feature","id":"paris:137","geometry":{"type":"Polygon","coordinates":[[[2.38111223,48.85273838],[2.38125389,48.85255292],[2.38165674,48.85249141],[2.38186628,48.85254749],[2.38200057,48.85273747],[2.38195777,48.8528216],[2.38152541,48.85270762],[2.38145458,48.85282703],[2.38111223,48.85273838]]]},"properties":{"id":"paris:137","name":"SQUARE RAOUL NORDLING","nameAddon":"Square","objectNumber":"137","district":"75011","locality":null,"type":"Promenades ouvertes","areaM2":1255,"areaHa":0.13,"designation":null,"dedicated":null,"builtYear":null,"renovatedYear":null,"planningAreaId":null,"planningAreaName":null,"centroid":[2.381569,48.852658],"bounds":[2.38111,48.85249,2.382,48.85283],"amenities":{},"sourceId":"parks"}},{"type":"Feature","id":"paris:138","geometry":{"type":"MultiPolygon","coordinates":[[[[2.37940935,48.85801701],[2.37966906,48.85762168],[2.37984613,48.85772028],[2.3797753,48.85786412],[2.37955248,48.85800434],[2.37961594,48.85794554],[2.37948165,48.85802153],[2.37940935,48.85801701]]],[[[2.37959823,48.85824588],[2.37967496,48.85820065],[2.37972366,48.85825403],[2.3796543,48.85827393],[2.37959823,48.85824588]]],[[[2.37975465,48.85815542],[2.3799878,48.85801791],[2.38009994,48.85807129],[2.37995386,48.85827302],[2.37975465,48.85815542]]],[[[2.38022685,48.85837796],[2.38046295,48.85807129],[2.38072119,48.85793197],[2.38093811,48.85795187],[2.38087908,48.85800344],[2.38026669,48.8584042],[2.38022685,48.85837796]]]]},"properties":{"id":"paris:138","name":"JARDINIERES ET PLACETTE LEON BLUM","nameAddon":"Jardiniere","objectNumber":"138","district":"75011","locality":null,"type":"Promenades ouvertes","areaM2":1673,"areaHa":0.17,"designation":null,"dedicated":null,"builtYear":null,"renovatedYear":null,"planningAreaId":null,"planningAreaName":null,"centroid":[2.380109,48.858028],"bounds":[2.37941,48.85762,2.38094,48.8584],"amenities":{},"sourceId":"parks"}},{"type":"Feature","id":"paris:139","geometry":{"type":"Polygon","coordinates":[[[2.3876316,48.85763434],[2.38769505,48.85761715],[2.38789279,48.85724625],[2.38786475,48.85720554],[2.3879164,48.85718835],[2.38811708,48.85723539],[2.38786032,48.85771124],[2.3876316,48.85763434]]]},"properties":{"id":"paris:139","name":"SQUARE DE LA FOLIE-REGNAULT","nameAddon":"Square","objectNumber":"139","district":"75011","locality":null,"type":"Promenades ouvertes","areaM2":1190,"areaHa":0.12,"designation":null,"dedicated":null,"builtYear":null,"renovatedYear":null,"planningAreaId":null,"planningAreaName":null,"centroid":[2.387893,48.857444],"bounds":[2.38763,48.85719,2.38812,48.85771],"amenities":{},"sourceId":"parks"}},{"type":"Feature","id":"paris:140","geometry":{"type":"Polygon","coordinates":[[[2.38299367,48.85672879],[2.38322092,48.85651257],[2.38341128,48.85657952],[2.38337438,48.85662927],[2.38346735,48.85666546],[2.38356917,48.85655057],[2.38388053,48.85666908],[2.38378018,48.85678849],[2.38358245,48.8567116],[2.38338176,48.85690429],[2.38332864,48.85687986],[2.38339062,48.85682016],[2.38310877,48.8566935],[2.38304679,48.85675321],[2.38299367,48.85672879]]]},"properties":{"id":"paris:140","name":"SQUARE JEAN ALLEMANE","nameAddon":"Square","objectNumber":"140","district":"75011","locality":null,"type":"Promenades ouvertes","areaM2":1147,"areaHa":0.11,"designation":null,"dedicated":null,"builtYear":null,"renovatedYear":null,"planningAreaId":null,"planningAreaName":null,"centroid":[2.383434,48.856682],"bounds":[2.38299,48.85651,2.38388,48.8569],"amenities":{},"sourceId":"parks"}},{"type":"Feature","id":"paris:141","geometry":{"type":"MultiPolygon","coordinates":[[[[2.38039802,48.86622218],[2.38073299,48.86578252],[2.38089089,48.8658359],[2.38055592,48.86627646],[2.38039802,48.86622218]]],[[[2.38083924,48.86564321],[2.38106501,48.86534829],[2.38112109,48.86536819],[2.38122143,48.86540076],[2.38099713,48.86569568],[2.38083924,48.86564321]]],[[[2.38116978,48.86520988],[2.38150475,48.86477022],[2.38166264,48.86482269],[2.3813262,48.86526325],[2.38116978,48.86520988]]]]},"properties":{"id":"paris:141","name":"SQUARE GEORGES SARRE","nameAddon":"Square","objectNumber":"141","district":"75011","locality":null,"type":"Promenades ouvertes","areaM2":1850,"areaHa":0.19,"designation":null,"dedicated":null,"builtYear":null,"renovatedYear":null,"planningAreaId":null,"planningAreaName":null,"centroid":[2.381029,48.865524],"bounds":[2.3804,48.86477,2.38166,48.86628],"amenities":{},"sourceId":"parks"}},{"type":"Feature","id":"paris:142","geometry":{"type":"Polygon","coordinates":[[[2.36692988,48.86312647],[2.36700661,48.8628008],[2.36708925,48.86275828],[2.36717336,48.86281708],[2.36708335,48.86313823],[2.36700219,48.86317804],[2.36692988,48.86312647]]]},"properties":{"id":"paris:142","name":"SQUARE DE LA PLACE PASDELOUP","nameAddon":"Square","objectNumber":"142","district":"75011","locality":null,"type":"Promenades ouvertes","areaM2":525,"areaHa":0.05,"designation":null,"dedicated":null,"builtYear":null,"renovatedYear":null,"planningAreaId":null,"planningAreaName":null,"centroid":[2.367049,48.862966],"bounds":[2.36693,48.86276,2.36717,48.86318],"amenities":{},"sourceId":"parks"}},{"type":"Feature","id":"paris:143","geometry":{"type":"Polygon","coordinates":[[[2.37515066,48.86106749],[2.37519935,48.86093088],[2.37539561,48.86083318],[2.37550038,48.86084494],[2.37557121,48.86090736],[2.37555941,48.86100054],[2.3754812,48.8610702],[2.37530855,48.861148],[2.37520526,48.86112629],[2.37515066,48.86106749]]]},"properties":{"id":"paris:143","name":"SQUARE DES MOINES DE TIBHIRINE","nameAddon":"Square","objectNumber":"143","district":"75011","locality":null,"type":"Promenades ouvertes","areaM2":836,"areaHa":0.08,"designation":null,"dedicated":null,"builtYear":null,"renovatedYear":null,"planningAreaId":null,"planningAreaName":null,"centroid":[2.375363,48.860989],"bounds":[2.37515,48.86083,2.37557,48.86115],"amenities":{},"sourceId":"parks"}},{"type":"Feature","id":"paris:145","geometry":{"type":"Polygon","coordinates":[[[2.38870144,48.8565768],[2.3890305,48.85596164],[2.38989375,48.85609463],[2.38948795,48.8571006],[2.38917364,48.85698933],[2.38941417,48.85662566],[2.38939794,48.856575],[2.38899214,48.85647548],[2.38891098,48.85662747],[2.38870144,48.8565768]]]},"properties":{"id":"paris:145","name":"SQUARE COLBERT","nameAddon":"Square","objectNumber":"145","district":"75011","locality":null,"type":"Promenades ouvertes","areaM2":6337,"areaHa":0.63,"designation":null,"dedicated":null,"builtYear":null,"renovatedYear":null,"planningAreaId":null,"planningAreaName":null,"centroid":[2.389344,48.856415],"bounds":[2.3887,48.85596,2.38989,48.8571],"amenities":{},"sourceId":"parks"}},{"type":"Feature","id":"paris:146","geometry":{"type":"Polygon","coordinates":[[[2.36874787,48.86672607],[2.36896036,48.86645196],[2.36930861,48.86638683],[2.36898249,48.86680568],[2.36874787,48.86672607]]]},"properties":{"id":"paris:146","name":"PROMENADE RICHARD LENOIR TERRAIN DE BOULES JULES FERRY","nameAddon":"Promenade","objectNumber":"146","district":"75011","locality":null,"type":"Promenades ouvertes","areaM2":750,"areaHa":0.08,"designation":null,"dedicated":null,"builtYear":null,"renovatedYear":null,"planningAreaId":null,"planningAreaName":null,"centroid":[2.36901,48.866593],"bounds":[2.36875,48.86639,2.36931,48.86681],"amenities":{},"sourceId":"parks"}},{"type":"Feature","id":"paris:147","geometry":{"type":"MultiPolygon","coordinates":[[[[2.38429666,48.85890356],[2.38434388,48.85882757],[2.38516876,48.85903293],[2.38511711,48.85911706],[2.38429666,48.85890356]]],[[[2.38522631,48.85914511],[2.38527058,48.85906188],[2.38607037,48.85928171],[2.3860261,48.85935589],[2.38522631,48.85914511]]]]},"properties":{"id":"paris:147","name":"MAIL PIERRE DESPROGES DIT TROTTOIR PIERRE DESPROGES","nameAddon":"Mail","objectNumber":"147","district":"75011","locality":null,"type":"Promenades ouvertes","areaM2":1665,"areaHa":0.17,"designation":null,"dedicated":null,"builtYear":null,"renovatedYear":null,"planningAreaId":null,"planningAreaName":null,"centroid":[2.385179,48.859088],"bounds":[2.3843,48.85883,2.38607,48.85936],"amenities":{},"sourceId":"parks"}},{"type":"Feature","id":"paris:148","geometry":{"type":"Polygon","coordinates":[[[2.38786622,48.85516012],[2.38793853,48.85495929],[2.38798428,48.85496562],[2.38804035,48.85480821],[2.38827793,48.8548444],[2.38830301,48.85477203],[2.38862175,48.85479464],[2.38852288,48.85507328],[2.38808167,48.85500271],[2.38804183,48.85510313],[2.38794738,48.85508685],[2.38790312,48.85516555],[2.38786622,48.85516012]]]},"properties":{"id":"paris:148","name":"SQUARE PIERRE JOSEPH REDOUTE","nameAddon":"Square","objectNumber":"148","district":"75011","locality":null,"type":"Promenades ouvertes","areaM2":1250,"areaHa":0.13,"designation":null,"dedicated":null,"builtYear":null,"renovatedYear":null,"planningAreaId":null,"planningAreaName":null,"centroid":[2.388272,48.854934],"bounds":[2.38787,48.85477,2.38862,48.85517],"amenities":{},"sourceId":"parks"}},{"type":"Feature","id":"paris:149","geometry":{"type":"Polygon","coordinates":[[[2.39038366,48.85186991],[2.39045597,48.85182649],[2.39093112,48.85191876],[2.39099753,48.85176859],[2.39126462,48.85186267],[2.39179142,48.85194771],[2.39171321,48.85212864],[2.39186668,48.85215669],[2.39184602,48.85219468],[2.39137381,48.85208612],[2.39128823,48.85227881],[2.39174272,48.85237018],[2.39177371,48.85235119],[2.39175601,48.85239189],[2.39043974,48.85214492],[2.39039252,48.85212412],[2.3904235,48.85205808],[2.3904722,48.85206351],[2.39056221,48.85190519],[2.39038366,48.85186991]]]},"properties":{"id":"paris:149","name":"SQUARE DES JARDINIERS","nameAddon":"Square","objectNumber":"149","district":"75011","locality":null,"type":"Promenades ouvertes","areaM2":4827,"areaHa":0.48,"designation":null,"dedicated":null,"builtYear":null,"renovatedYear":null,"planningAreaId":null,"planningAreaName":null,"centroid":[2.391087,48.852045],"bounds":[2.39038,48.85177,2.39187,48.85239],"amenities":{},"sourceId":"parks"}},{"type":"Feature","id":"paris:150","geometry":{"type":"Polygon","coordinates":[[[2.39018445,48.85413606],[2.39041908,48.85354894],[2.39145055,48.85375249],[2.3911569,48.85435589],[2.39096359,48.85431608],[2.39018445,48.85413606]]]},"properties":{"id":"paris:150","name":"JARDIN EMILE GALLE","nameAddon":"Jardin","objectNumber":"150","district":"75011","locality":null,"type":"Promenades ouvertes","areaM2":5803,"areaHa":0.58,"designation":null,"dedicated":null,"builtYear":null,"renovatedYear":null,"planningAreaId":null,"planningAreaName":null,"centroid":[2.390807,48.853948],"bounds":[2.39018,48.85355,2.39145,48.85436],"amenities":{},"sourceId":"parks"}},{"type":"Feature","id":"paris:151","geometry":{"type":"Polygon","coordinates":[[[2.38085842,48.85199113],[2.38158001,48.85188348],[2.38162133,48.85222725],[2.38152246,48.85228243],[2.38106354,48.85235209],[2.38085842,48.85199113]]]},"properties":{"id":"paris:151","name":"SQUARE LOUIS MAJORELLE","nameAddon":"Square","objectNumber":"151","district":"75011","locality":null,"type":"Promenades ouvertes","areaM2":2000,"areaHa":0.2,"designation":null,"dedicated":null,"builtYear":null,"renovatedYear":null,"planningAreaId":null,"planningAreaName":null,"centroid":[2.381277,48.852115],"bounds":[2.38086,48.85188,2.38162,48.85235],"amenities":{},"sourceId":"parks"}},{"type":"Feature","id":"paris:152","geometry":{"type":"Polygon","coordinates":[[[2.37115315,48.85792383],[2.37148222,48.8580351],[2.37244581,48.86016646],[2.37223775,48.86027773],[2.37115315,48.85792383]]]},"properties":{"id":"paris:152","name":"PROMENADE RICHARD LENOIR SQUARE RICHARD LENOIR","nameAddon":"Promenade","objectNumber":"152","district":"75011","locality":null,"type":"Promenades ouvertes","areaM2":4875,"areaHa":0.49,"designation":null,"dedicated":null,"builtYear":null,"renovatedYear":null,"planningAreaId":null,"planningAreaName":null,"centroid":[2.371821,48.859087],"bounds":[2.37115,48.85792,2.37245,48.86028],"amenities":{},"sourceId":"parks"}},{"type":"Feature","id":"paris:153","geometry":{"type":"Polygon","coordinates":[[[2.37088164,48.86398046],[2.37163274,48.86300796],[2.37209609,48.86273114],[2.37213593,48.86274561],[2.37139073,48.86370454],[2.37110298,48.86407635],[2.37088164,48.86398046]]]},"properties":{"id":"paris:153","name":"PROMENADE RICHARD LENOIR SQUARE MAY PICQUERAY","nameAddon":"Promenade","objectNumber":"153","district":"75011","locality":null,"type":"Promenades ouvertes","areaM2":3200,"areaHa":0.32,"designation":null,"dedicated":null,"builtYear":null,"renovatedYear":null,"planningAreaId":null,"planningAreaName":null,"centroid":[2.371461,48.863433],"bounds":[2.37088,48.86273,2.37214,48.86408],"amenities":{},"sourceId":"parks"}},{"type":"Feature","id":"paris:154","geometry":{"type":"Polygon","coordinates":[[[2.3691817,48.8661679],[2.36953733,48.86571015],[2.36977786,48.86577981],[2.36952405,48.86610548],[2.3691817,48.8661679]]]},"properties":{"id":"paris:154","name":"PROMENADE RICHARD LENOIR REPUBLIQUE-JP TIMBAUD","nameAddon":"Promenade","objectNumber":"154","district":"75011","locality":null,"type":"Promenades ouvertes","areaM2":950,"areaHa":0.1,"designation":null,"dedicated":null,"builtYear":null,"renovatedYear":null,"planningAreaId":null,"planningAreaName":null,"centroid":[2.369497,48.865941],"bounds":[2.36918,48.86571,2.36978,48.86617],"amenities":{},"sourceId":"parks"}},{"type":"Feature","id":"paris:155","geometry":{"type":"Polygon","coordinates":[[[2.39388535,48.85491406],[2.39410522,48.85454677],[2.39533738,48.85490501],[2.39506586,48.8552533],[2.39388535,48.85491406]]]},"properties":{"id":"paris:155","name":"JARDIN DAMIA","nameAddon":"Jardin","objectNumber":"155","district":"75011","locality":null,"type":"Promenades ouvertes","areaM2":4500,"areaHa":0.45,"designation":null,"dedicated":null,"builtYear":null,"renovatedYear":null,"planningAreaId":null,"planningAreaName":null,"centroid":[2.394598,48.854903],"bounds":[2.39389,48.85455,2.39534,48.85525],"amenities":{},"sourceId":"parks"}},{"type":"Feature","id":"paris:156","geometry":{"type":"Polygon","coordinates":[[[2.38490167,48.86050841],[2.38516433,48.86006785],[2.38553324,48.86016917],[2.38524697,48.8606423],[2.38516581,48.86062149],[2.38508465,48.86055726],[2.38490167,48.86050841]]]},"properties":{"id":"paris:156","name":"SQUARE MARCEL RAJMAN","nameAddon":"Square","objectNumber":"156","district":"75011","locality":null,"type":"Promenades ouvertes","areaM2":1330,"areaHa":0.13,"designation":null,"dedicated":null,"builtYear":null,"renovatedYear":null,"planningAreaId":null,"planningAreaName":null,"centroid":[2.385216,48.860345],"bounds":[2.3849,48.86007,2.38553,48.86064],"amenities":{},"sourceId":"parks"}},{"type":"Feature","id":"paris:157","geometry":{"type":"Polygon","coordinates":[[[2.37651562,48.85618419],[2.37680337,48.85582866],[2.37707194,48.85591912],[2.37679009,48.85628279],[2.37651562,48.85618419]]]},"properties":{"id":"paris:157","name":"SQUARE FRANCIS LEMARQUE","nameAddon":"Square","objectNumber":"157","district":"75011","locality":null,"type":"Promenades ouvertes","areaM2":1030,"areaHa":0.1,"designation":null,"dedicated":null,"builtYear":null,"renovatedYear":null,"planningAreaId":null,"planningAreaName":null,"centroid":[2.376795,48.856055],"bounds":[2.37652,48.85583,2.37707,48.85628],"amenities":{},"sourceId":"parks"}},{"type":"Feature","id":"paris:158","geometry":{"type":"Polygon","coordinates":[[[2.38529862,48.85587661],[2.3853901,48.85576986],[2.38582247,48.85590465],[2.38574426,48.8560123],[2.38529862,48.85587661]]]},"properties":{"id":"paris:158","name":"SQUARE EDMEE CHANDON","nameAddon":"Square","objectNumber":"158","district":"75011","locality":null,"type":"Promenades ouvertes","areaM2":467,"areaHa":0.05,"designation":null,"dedicated":null,"builtYear":null,"renovatedYear":null,"planningAreaId":null,"planningAreaName":null,"centroid":[2.385563,48.855891],"bounds":[2.3853,48.85577,2.38582,48.85601],"amenities":{},"sourceId":"parks"}},{"type":"Feature","id":"paris:16325","geometry":{"type":"Polygon","coordinates":[[[2.40883503,48.83872444],[2.40920394,48.83866745],[2.40924821,48.83880677],[2.40952858,48.83876787],[2.40966287,48.83919396],[2.4095758,48.83920572],[2.40960384,48.8392808],[2.40969681,48.83932694],[2.40973075,48.83944726],[2.40949464,48.83986159],[2.40911245,48.83961462],[2.40883503,48.83872444]]]},"properties":{"id":"paris:16325","name":"JARDIN PAUL VALERY","nameAddon":"Jardin","objectNumber":"16325","district":"75012","locality":null,"type":"Promenades ouvertes","areaM2":5253,"areaHa":0.53,"designation":null,"dedicated":null,"builtYear":null,"renovatedYear":null,"planningAreaId":null,"planningAreaName":null,"centroid":[2.409305,48.839217],"bounds":[2.40884,48.83867,2.40973,48.83986],"amenities":{},"sourceId":"parks"}},{"type":"Feature","id":"paris:165","geometry":{"type":"Polygon","coordinates":[[[2.39537279,48.848425],[2.39540968,48.84818256],[2.39550708,48.84802605],[2.39570776,48.84788402],[2.39588779,48.84784422],[2.39612832,48.84788945],[2.39628179,48.84799077],[2.39641754,48.84819432],[2.39645296,48.84837525],[2.39640131,48.84861498],[2.39629507,48.84876606],[2.396087,48.84889633],[2.3959055,48.84892528],[2.39566792,48.84886738],[2.39552036,48.84875701],[2.39537279,48.848425]]]},"properties":{"id":"paris:165","name":"JARDIN DE MARIANNE","nameAddon":"Square","objectNumber":"165","district":"75012","locality":null,"type":"Promenades ouvertes","areaM2":11562,"areaHa":1.16,"designation":null,"dedicated":null,"builtYear":null,"renovatedYear":null,"planningAreaId":null,"planningAreaName":null,"centroid":[2.395914,48.848384],"bounds":[2.39537,48.84784,2.39645,48.84893],"amenities":{},"sourceId":"parks"}},{"type":"Feature","id":"paris:166","geometry":{"type":"Polygon","coordinates":[[[2.3873527,48.84128098],[2.38760946,48.84100145],[2.38767734,48.84099873],[2.38789279,48.84117604],[2.38787508,48.84121856],[2.38739107,48.84131265],[2.3873527,48.84128098]]]},"properties":{"id":"paris:166","name":"SQUARE EUGENE THOMAS","nameAddon":"Square","objectNumber":"166","district":"75012","locality":null,"type":"Promenades ouvertes","areaM2":742,"areaHa":0.07,"designation":null,"dedicated":null,"builtYear":null,"renovatedYear":null,"planningAreaId":null,"planningAreaName":null,"centroid":[2.387628,48.841167],"bounds":[2.38735,48.841,2.38789,48.84131],"amenities":{},"sourceId":"parks"}},{"type":"Feature","id":"paris:167","geometry":{"type":"Polygon","coordinates":[[[2.37663662,48.85010132],[2.3766499,48.85005609],[2.37693913,48.8498842],[2.37700553,48.84989597],[2.37762678,48.85080062],[2.37760021,48.85084313],[2.37725492,48.85092636],[2.37718851,48.85090736],[2.37663662,48.85010132]]]},"properties":{"id":"paris:167","name":"SQUARE TROUSSEAU","nameAddon":"Square","objectNumber":"167","district":"75012","locality":null,"type":"Promenades ouvertes","areaM2":3757,"areaHa":0.38,"designation":null,"dedicated":null,"builtYear":null,"renovatedYear":null,"planningAreaId":null,"planningAreaName":null,"centroid":[2.377118,48.850425],"bounds":[2.37664,48.84988,2.37763,48.85093],"amenities":{},"sourceId":"parks"}},{"type":"Feature","id":"paris:168","geometry":{"type":"MultiPolygon","coordinates":[[[[2.40179772,48.84397232],[2.40196299,48.84394608],[2.4021504,48.84444997],[2.40223156,48.8446689],[2.4021017,48.8447078],[2.40179772,48.84397232]]],[[[2.40208547,48.84498733],[2.40210908,48.84489868],[2.40222123,48.84485073],[2.4023378,48.84486521],[2.40241749,48.84493667],[2.40239092,48.84502714],[2.40227435,48.84507418],[2.40215482,48.84505518],[2.40208547,48.84498733]]]]},"properties":{"id":"paris:168","name":"SQUARE COURTELINE","nameAddon":"Square","objectNumber":"168","district":"75012","locality":null,"type":"Promenades ouvertes","areaM2":1090,"areaHa":0.11,"designation":null,"dedicated":null,"builtYear":null,"renovatedYear":null,"planningAreaId":null,"planningAreaName":null,"centroid":[2.402092,48.844519],"bounds":[2.4018,48.84395,2.40242,48.84507],"amenities":{},"sourceId":"parks"}},{"type":"Feature","id":"paris:169","geometry":{"type":"Polygon","coordinates":[[[2.36731502,48.84540528],[2.36788462,48.84496381],[2.36809121,48.84504976],[2.36820336,48.8450389],[2.36827123,48.84498914],[2.3683583,48.84504071],[2.36826828,48.84510042],[2.36764704,48.84533924],[2.36770016,48.84540438],[2.36802038,48.8452913],[2.36783592,48.84544056],[2.36769869,48.84550027],[2.3675526,48.84551113],[2.36731502,48.84540528]]]},"properties":{"id":"paris:169","name":"SQUARE ALBERT TOURNAIRE","nameAddon":"Square","objectNumber":"169","district":"75012","locality":null,"type":"Promenades ouvertes","areaM2":1806,"areaHa":0.18,"designation":null,"dedicated":null,"builtYear":null,"renovatedYear":null,"planningAreaId":null,"planningAreaName":null,"centroid":[2.367787,48.845237],"bounds":[2.36732,48.84496,2.36836,48.84551],"amenities":{},"sourceId":"parks"}},{"type":"Feature","id":"paris:170","geometry":{"type":"Polygon","coordinates":[[[2.40945775,48.84083499],[2.40950055,48.84080062],[2.41013802,48.84082866],[2.41008785,48.84123304],[2.40990487,48.84149267],[2.40982961,48.84159942],[2.40970713,48.8416139],[2.40945775,48.84083499]]]},"properties":{"id":"paris:170","name":"SQUARE GEORGES MELIES","nameAddon":"Square","objectNumber":"170","district":"75012","locality":null,"type":"Promenades ouvertes","areaM2":3029,"areaHa":0.3,"designation":null,"dedicated":null,"builtYear":null,"renovatedYear":null,"planningAreaId":null,"planningAreaName":null,"centroid":[2.40981,48.84113],"bounds":[2.40946,48.8408,2.41014,48.84161],"amenities":{},"sourceId":"parks"}},{"type":"Feature","id":"paris:171","geometry":{"type":"Polygon","coordinates":[[[2.4097942,48.84176859],[2.40987978,48.84175954],[2.41067663,48.84218654],[2.4107209,48.84232676],[2.40997127,48.84243079],[2.4097942,48.84176859]]]},"properties":{"id":"paris:171","name":"SQUARE EMILE COHL","nameAddon":"Square","objectNumber":"171","district":"75012","locality":null,"type":"Promenades ouvertes","areaM2":3036,"areaHa":0.3,"designation":null,"dedicated":null,"builtYear":null,"renovatedYear":null,"planningAreaId":null,"planningAreaName":null,"centroid":[2.410196,48.842145],"bounds":[2.40979,48.84176,2.41072,48.84243],"amenities":{},"sourceId":"parks"}},{"type":"Feature","id":"paris:172","geometry":{"type":"Polygon","coordinates":[[[2.41278236,48.84523883],[2.41311733,48.84520988],[2.41323981,48.8458178],[2.41329736,48.84609915],[2.41295944,48.8461281],[2.41284139,48.84552017],[2.41303175,48.84549394],[2.41298305,48.84523973],[2.41278236,48.84523883]]]},"properties":{"id":"paris:172","name":"JARDIN MARGUERITE HURE","nameAddon":"Jardin d'immeubles","objectNumber":"172","district":"75012","locality":null,"type":"Promenades ouvertes","areaM2":2044,"areaHa":0.2,"designation":null,"dedicated":null,"builtYear":null,"renovatedYear":null,"planningAreaId":null,"planningAreaName":null,"centroid":[2.413068,48.845733],"bounds":[2.41278,48.84521,2.4133,48.84613],"amenities":{},"sourceId":"parks"}},{"type":"Feature","id":"paris:173","geometry":{"type":"Polygon","coordinates":[[[2.3868141,48.84473494],[2.38682738,48.84395422],[2.38750322,48.84431428],[2.38785147,48.84401393],[2.3885642,48.84438393],[2.38851108,48.84443098],[2.3883945,48.8443767],[2.38839303,48.8444753],[2.38801526,48.84447621],[2.38791935,48.84456577],[2.38791492,48.84528316],[2.3871225,48.84528316],[2.38712103,48.84475032],[2.3868141,48.84473494]]]},"properties":{"id":"paris:173","name":"SQUARE RACHEL CARSON","nameAddon":"Square","objectNumber":"173","district":"75012","locality":null,"type":"Promenades ouvertes","areaM2":10409,"areaHa":1.04,"designation":null,"dedicated":null,"builtYear":null,"renovatedYear":null,"planningAreaId":null,"planningAreaName":null,"centroid":[2.387511,48.844617],"bounds":[2.38681,48.84395,2.38856,48.84528],"amenities":{},"sourceId":"parks"}},{"type":"Feature","id":"paris:174","geometry":{"type":"Polygon","coordinates":[[[2.40096546,48.83640854],[2.40140963,48.83598788],[2.40109974,48.83587027],[2.40131814,48.83561516],[2.40199988,48.83587932],[2.40206333,48.83584223],[2.40209285,48.83586304],[2.40184051,48.83605211],[2.40187888,48.83606839],[2.40183904,48.83611272],[2.40201906,48.83618328],[2.40202201,48.8362258],[2.40181985,48.83648182],[2.40132404,48.83629184],[2.4011145,48.8364791],[2.40106285,48.83645558],[2.40096546,48.83640854]]]},"properties":{"id":"paris:174","name":"JARDIN ILAN HALIMI (ANC. RUE DE FECAMP - MICHEL BIZOT)","nameAddon":"Jardin","objectNumber":"174","district":"75012","locality":null,"type":"Promenades ouvertes","areaM2":4200,"areaHa":0.42,"designation":null,"dedicated":null,"builtYear":null,"renovatedYear":null,"planningAreaId":null,"planningAreaName":null,"centroid":[2.401551,48.836073],"bounds":[2.40097,48.83562,2.40209,48.83648],"amenities":{},"sourceId":"parks"}},{"type":"Feature","id":"paris:175","geometry":{"type":"Polygon","coordinates":[[[2.38499611,48.84363307],[2.38528091,48.84338339],[2.38559079,48.84351728],[2.38558636,48.84370635],[2.38532665,48.84370454],[2.38505218,48.84370454],[2.38499611,48.84363307]]]},"properties":{"id":"paris:175","name":"SQUARE FREDERIC ROSSIF","nameAddon":"Square","objectNumber":"175","district":"75012","locality":null,"type":"Promenades ouvertes","areaM2":1256,"areaHa":0.13,"designation":null,"dedicated":null,"builtYear":null,"renovatedYear":null,"planningAreaId":null,"planningAreaName":null,"centroid":[2.385321,48.843581],"bounds":[2.385,48.84338,2.38559,48.84371],"amenities":{},"sourceId":"parks"}},{"type":"Feature","id":"paris:176","geometry":{"type":"MultiPolygon","coordinates":[[[[2.36705974,48.84761082],[2.36713204,48.8475873],[2.3671586,48.84788493],[2.36729141,48.84793559],[2.36736519,48.84809028],[2.36728846,48.84815451],[2.36749653,48.8486376],[2.3673888,48.84873439],[2.36733125,48.84870273],[2.36722206,48.84805591],[2.36713204,48.84795006],[2.36705974,48.84761082]]],[[[2.36737257,48.84888185],[2.3676072,48.84862584],[2.36888953,48.85142844],[2.36897807,48.85165641],[2.36819893,48.85094898],[2.36825205,48.85090284],[2.36737257,48.84888185]]]]},"properties":{"id":"paris:176","name":"JARDIN DU PORT DE L'ARSENAL","nameAddon":"Jardin","objectNumber":"176","district":"75012","locality":null,"type":"Promenades ouvertes","areaM2":10400,"areaHa":1.04,"designation":null,"dedicated":null,"builtYear":null,"renovatedYear":null,"planningAreaId":null,"planningAreaName":null,"centroid":[2.368018,48.849908],"bounds":[2.36706,48.84759,2.36898,48.85166],"amenities":{},"sourceId":"parks"}},{"type":"Feature","id":"paris:177","geometry":{"type":"MultiPolygon","coordinates":[[[[2.37842657,48.83676588],[2.38026374,48.8352913],[2.38248162,48.83651981],[2.38179103,48.83706803],[2.38245801,48.83743532],[2.38213485,48.83769133],[2.38146934,48.83732405],[2.38100599,48.83769043],[2.38120077,48.837704],[2.38104288,48.83772933],[2.37842657,48.83676588]]],[[[2.38268674,48.83371268],[2.38445012,48.83230867],[2.38457998,48.83239732],[2.386184,48.8335806],[2.38465524,48.83479284],[2.38268674,48.83371268]]]]},"properties":{"id":"paris:177","name":"PARC DE BERCY","nameAddon":"Parc","objectNumber":"177","district":"75012","locality":null,"type":"Promenades ouvertes","areaM2":80447,"areaHa":8.04,"designation":null,"dedicated":null,"builtYear":null,"renovatedYear":null,"planningAreaId":null,"planningAreaName":null,"centroid":[2.38234,48.835234],"bounds":[2.37843,48.83231,2.38618,48.83773],"amenities":{},"sourceId":"parks"}},{"type":"Feature","id":"paris:179","geometry":{"type":"MultiPolygon","coordinates":[[[[2.40016861,48.84643839],[2.40043423,48.84625927],[2.40053162,48.8463226],[2.40026601,48.84650172],[2.40016861,48.84643839]]],[[[2.40058179,48.84615886],[2.40138159,48.84561788],[2.4014111,48.84563597],[2.40147898,48.8456803],[2.40067918,48.84622128],[2.40058179,48.84615886]]],[[[2.40184199,48.84534377],[2.40200136,48.84524516],[2.40203382,48.84526687],[2.40188183,48.84537],[2.40184199,48.84534377]]]]},"properties":{"id":"paris:179","name":"JARDIN MARY CASSAT","nameAddon":"Jardin","objectNumber":"179","district":"75012","locality":null,"type":"Promenades ouvertes","areaM2":1255,"areaHa":0.13,"designation":null,"dedicated":null,"builtYear":null,"renovatedYear":null,"planningAreaId":null,"planningAreaName":null,"centroid":[2.400915,48.845998],"bounds":[2.40017,48.84525,2.40203,48.8465],"amenities":{},"sourceId":"parks"}},{"type":"Feature","id":"paris:18","geometry":{"type":"Polygon","coordinates":[[[2.34869395,48.85269314],[2.34991283,48.85224534],[2.35154931,48.8518473],[2.35197872,48.85251131],[2.35198462,48.85259544],[2.3518769,48.85267505],[2.3510653,48.85290574],[2.35060933,48.85227339],[2.34988184,48.8524706],[2.34881791,48.85286864],[2.34869395,48.85269314]]]},"properties":{"id":"paris:18","name":"SQUARE JEAN XXIII","nameAddon":"Square","objectNumber":"18","district":"75004","locality":null,"type":"Promenades ouvertes","areaM2":10797,"areaHa":1.08,"designation":null,"dedicated":null,"builtYear":null,"renovatedYear":null,"planningAreaId":null,"planningAreaName":null,"centroid":[2.350805,48.852396],"bounds":[2.34869,48.85185,2.35198,48.85291],"amenities":{},"sourceId":"parks"}},{"type":"Feature","id":"paris:180","geometry":{"type":"Polygon","coordinates":[[[2.40543516,48.83690429],[2.4055119,48.83686448],[2.40585867,48.83722453],[2.40644155,48.83798082],[2.40665404,48.8383843],[2.40644893,48.83832911],[2.40646959,48.83845124],[2.40687686,48.83856161],[2.40677209,48.83859236],[2.40721626,48.83946083],[2.40678832,48.83953591],[2.40659944,48.83950516],[2.40655517,48.83954225],[2.40645778,48.83951058],[2.40636482,48.83952506],[2.40615675,48.83968337],[2.40596935,48.83997829],[2.40583506,48.84000271],[2.40569783,48.83993215],[2.40559453,48.84000905],[2.40548681,48.84001447],[2.4055119,48.83993125],[2.40599738,48.839241],[2.40625119,48.83845305],[2.40632202,48.83841143],[2.40637367,48.838425],[2.40634858,48.83830288],[2.40625414,48.83827664],[2.40627333,48.83810024],[2.40615528,48.83806948],[2.40596344,48.83761987],[2.40543516,48.83690429]],[[2.40687539,48.8395133],[2.40687686,48.8395142],[2.40687686,48.8395133],[2.40687539,48.8395133]]]},"properties":{"id":"paris:180","name":"SQUARE CHARLES PEGUY","nameAddon":"Square","objectNumber":"180","district":"75012","locality":null,"type":"Promenades ouvertes","areaM2":16165,"areaHa":1.62,"designation":null,"dedicated":null,"builtYear":null,"renovatedYear":null,"planningAreaId":null,"planningAreaName":null,"centroid":[2.406334,48.83888],"bounds":[2.40544,48.83686,2.40722,48.84001],"amenities":{},"sourceId":"parks"}},{"type":"Feature","id":"paris:181","geometry":{"type":"Polygon","coordinates":[[[2.40104219,48.84089289],[2.40223746,48.84088475],[2.40230534,48.8409146],[2.40246618,48.84085308],[2.40445534,48.84054098],[2.40446272,48.84056812],[2.40471948,48.84048942],[2.40474309,48.84038357],[2.40516512,48.84017369],[2.40516807,48.84012936],[2.40540122,48.84015289],[2.40569783,48.83993215],[2.40587048,48.84000633],[2.40603575,48.83992763],[2.40606526,48.84],[2.4061597,48.84004071],[2.40578637,48.8400398],[2.40578341,48.84013208],[2.40567422,48.84013117],[2.40491426,48.84054731],[2.40487295,48.84067668],[2.4049482,48.84071467],[2.40600328,48.8406423],[2.40608002,48.84053465],[2.40613609,48.84055546],[2.4060992,48.84063416],[2.4074804,48.84051927],[2.40745531,48.8403302],[2.40790833,48.84042247],[2.40884979,48.84043604],[2.40889701,48.84060702],[2.40773126,48.84059255],[2.40493345,48.84083409],[2.40491869,48.840759],[2.40479474,48.84076895],[2.40473424,48.8405455],[2.40447895,48.84062421],[2.4045424,48.84086485],[2.40239683,48.84104035],[2.4022832,48.84098788],[2.40223156,48.84103673],[2.40113073,48.84113443],[2.40104219,48.84089289]]]},"properties":{"id":"paris:181","name":"COULEE VERTE RENE DUMONT - PROMENADE DE LA RUE DU SAHEL","nameAddon":"Promenade","objectNumber":"181","district":"75012","locality":null,"type":"Promenades ouvertes","areaM2":12798,"areaHa":1.28,"designation":null,"dedicated":null,"builtYear":null,"renovatedYear":null,"planningAreaId":null,"planningAreaName":null,"centroid":[2.404741,48.840679],"bounds":[2.40104,48.83993,2.4089,48.84113],"amenities":{},"sourceId":"parks"}},{"type":"Feature","id":"paris:182","geometry":{"type":"Polygon","coordinates":[[[2.38620613,48.84244346],[2.38662226,48.84205989],[2.38733647,48.84173331],[2.38804773,48.84148724],[2.38812741,48.84163832],[2.3883281,48.84159309],[2.38878407,48.84248869],[2.38838565,48.84287045],[2.3883281,48.84287226],[2.38835761,48.84292745],[2.3874678,48.84252216],[2.38734975,48.84228786],[2.38666653,48.84240727],[2.38620613,48.84244346]]]},"properties":{"id":"paris:182","name":"JARDIN DE REUILLY - PAUL PERNIN","nameAddon":"Jardin","objectNumber":"182","district":"75012","locality":null,"type":"Promenades ouvertes","areaM2":15200,"areaHa":1.52,"designation":null,"dedicated":null,"builtYear":null,"renovatedYear":null,"planningAreaId":null,"planningAreaName":null,"centroid":[2.387766,48.842182],"bounds":[2.38621,48.84149,2.38878,48.84293],"amenities":{},"sourceId":"parks"}},{"type":"Feature","id":"paris:183","geometry":{"type":"Polygon","coordinates":[[[2.40980895,48.84051565],[2.41064712,48.84053465],[2.41194273,48.84072462],[2.41284434,48.84091189],[2.41316603,48.84078162],[2.41289599,48.83987064],[2.41293583,48.83986702],[2.41307011,48.8399231],[2.41321915,48.83992763],[2.41341394,48.84117514],[2.41346116,48.84176859],[2.41332245,48.84176226],[2.41334606,48.84149086],[2.41319259,48.84133707],[2.41212423,48.84103944],[2.41121376,48.84091822],[2.4107327,48.84076533],[2.40995799,48.84066763],[2.40983552,48.84062783],[2.40980895,48.84051565]]]},"properties":{"id":"paris:183","name":"COULEE VERTE RENE DUMONT - PROMENADE DE L'AVENUE EMILE LAURENT","nameAddon":"Promenade","objectNumber":"183","district":"75012","locality":null,"type":"Promenades ouvertes","areaM2":9210,"areaHa":0.92,"designation":null,"dedicated":null,"builtYear":null,"renovatedYear":null,"planningAreaId":null,"planningAreaName":null,"centroid":[2.412191,48.840813],"bounds":[2.40981,48.83987,2.41346,48.84177],"amenities":{},"sourceId":"parks"}},{"type":"Feature","id":"paris:184","geometry":{"type":"MultiPolygon","coordinates":[[[[2.39508652,48.8412638],[2.39532262,48.84107472],[2.39606487,48.8410892],[2.39851738,48.84098697],[2.39867084,48.84106206],[2.3986797,48.84114619],[2.39861329,48.84125023],[2.39536394,48.84140221],[2.39508652,48.8412638]]],[[[2.39936439,48.84093903],[2.40044308,48.84090194],[2.40054047,48.84116248],[2.39939095,48.84122761],[2.39936439,48.84093903]]]]},"properties":{"id":"paris:184","name":"COULEE VERTE RENE DUMONT - PROMENADE DES RUES DE PICPUS ET DE REUILLY","nameAddon":"Promenade","objectNumber":"184","district":"75012","locality":null,"type":"Promenades ouvertes","areaM2":8190,"areaHa":0.82,"designation":null,"dedicated":null,"builtYear":null,"renovatedYear":null,"planningAreaId":null,"planningAreaName":null,"centroid":[2.397615,48.841159],"bounds":[2.39509,48.8409,2.40054,48.8414],"amenities":{},"sourceId":"parks"}},{"type":"Feature","id":"paris:185","geometry":{"type":"MultiPolygon","coordinates":[[[[2.38858781,48.84195404],[2.3891338,48.84183282],[2.38917512,48.84191605],[2.38922824,48.84202551],[2.38868373,48.84214673],[2.38858781,48.84195404]]],[[[2.38955288,48.84178216],[2.39258679,48.8411082],[2.39263253,48.84114167],[2.39264581,48.8412249],[2.3896119,48.84189886],[2.38955288,48.84178216]]]]},"properties":{"id":"paris:185","name":"COULEE VERTE RENE DUMONT - MAIL DE REUILLY - ALLEE VIVALDI","nameAddon":"Promenade","objectNumber":"185","district":"75012","locality":null,"type":"Promenades ouvertes","areaM2":1756,"areaHa":0.18,"designation":null,"dedicated":null,"builtYear":null,"renovatedYear":null,"planningAreaId":null,"planningAreaName":null,"centroid":[2.390605,48.841613],"bounds":[2.38859,48.84111,2.39265,48.84215],"amenities":{},"sourceId":"parks"}},{"type":"Feature","id":"paris:186","geometry":{"type":"Polygon","coordinates":[[[2.39206736,48.8407789],[2.39225477,48.84085218],[2.39270041,48.84084404],[2.39270632,48.84099602],[2.39208655,48.84113986],[2.39206736,48.8407789]]]},"properties":{"id":"paris:186","name":"JARDIN DE LA GARE DE REUILLY - JULIEN LAUPRETRE","nameAddon":"Jardin","objectNumber":"186","district":"75012","locality":null,"type":"Promenades ouvertes","areaM2":2410,"areaHa":0.24,"designation":null,"dedicated":null,"builtYear":null,"renovatedYear":null,"planningAreaId":null,"planningAreaName":null,"centroid":[2.392348,48.840956],"bounds":[2.39207,48.84078,2.39271,48.84114],"amenities":{},"sourceId":"parks"}},{"type":"Feature","id":"paris:187","geometry":{"type":"Polygon","coordinates":[[[2.37640938,48.84707617],[2.37692142,48.84683101],[2.37740248,48.84716302],[2.37722245,48.84727248],[2.37727262,48.84730867],[2.37714277,48.84739099],[2.37693765,48.84722363],[2.37672664,48.84733581],[2.37640938,48.84707617]]]},"properties":{"id":"paris:187","name":"JARDIN CHARLOTTE VALANDREY","nameAddon":"Square","objectNumber":"187","district":"75012","locality":null,"type":"Promenades ouvertes","areaM2":2217,"areaHa":0.22,"designation":null,"dedicated":null,"builtYear":null,"renovatedYear":null,"planningAreaId":null,"planningAreaName":null,"centroid":[2.376914,48.847114],"bounds":[2.37641,48.84683,2.3774,48.84739],"amenities":{},"sourceId":"parks"}},{"type":"Feature","id":"paris:188","geometry":{"type":"Polygon","coordinates":[[[2.37111331,48.84964085],[2.37148517,48.8493586],[2.37192639,48.84912158],[2.38170544,48.84440836],[2.38178512,48.84443459],[2.38195335,48.84436403],[2.3823134,48.84418943],[2.38226028,48.84414239],[2.38487953,48.84287769],[2.38578853,48.84267867],[2.38574573,48.8427239],[2.38527501,48.84282432],[2.3852632,48.84288402],[2.38300105,48.84397775],[2.38290661,48.84394065],[2.38268083,48.84413063],[2.38236357,48.84428533],[2.38222044,48.84427357],[2.37221414,48.84909716],[2.37165192,48.84944093],[2.37133466,48.84973584],[2.37111331,48.84964085]]]},"properties":{"id":"paris:188","name":"COULEE VERTE RENE DUMONT - PROMENADE DU VIADUC DES ARTS","nameAddon":"Promenade","objectNumber":"188","district":"75012","locality":null,"type":"Promenades ouvertes","areaM2":14034,"areaHa":1.4,"designation":null,"dedicated":null,"builtYear":null,"renovatedYear":null,"planningAreaId":null,"planningAreaName":null,"centroid":[2.378564,48.845999],"bounds":[2.37111,48.84268,2.38579,48.84974],"amenities":{},"sourceId":"parks"}},{"type":"Feature","id":"paris:19","geometry":{"type":"Polygon","coordinates":[[[2.348055,48.8578406],[2.34809632,48.85776913],[2.3487943,48.85757735],[2.34881495,48.85760901],[2.3489153,48.85758187],[2.34911598,48.8574896],[2.34924584,48.85752759],[2.34925912,48.85755292],[2.34917796,48.85757192],[2.34926798,48.8575683],[2.34946571,48.85792654],[2.34941406,48.8580152],[2.34871166,48.85824317],[2.34868657,48.8582106],[2.34867772,48.85825403],[2.34838997,48.8583273],[2.34831619,48.85830921],[2.348055,48.8578406]],[[2.34872789,48.85801972],[2.34874265,48.85806314],[2.34879282,48.85804957],[2.34887546,48.85810385],[2.34905696,48.85805862],[2.34906139,48.85798082],[2.34911303,48.85796816],[2.34908942,48.85792654],[2.34903925,48.85794373],[2.34895662,48.85788945],[2.34878987,48.85793197],[2.34877954,48.85800977],[2.34872789,48.85801972]]]},"properties":{"id":"paris:19","name":"SQUARE DE LA TOUR SAINT-JACQUES","nameAddon":"Square","objectNumber":"19","district":"75004","locality":null,"type":"Promenades ouvertes","areaM2":5860,"areaHa":0.59,"designation":null,"dedicated":null,"builtYear":null,"renovatedYear":null,"planningAreaId":null,"planningAreaName":null,"centroid":[2.348747,48.857899],"bounds":[2.34806,48.85749,2.34947,48.85833],"amenities":{},"sourceId":"parks"}},{"type":"Feature","id":"paris:190","geometry":{"type":"Polygon","coordinates":[[[2.37869956,48.8442998],[2.37882204,48.84417134],[2.37953625,48.84447168],[2.37971628,48.84454677],[2.3795938,48.84467523],[2.37869956,48.8442998]]]},"properties":{"id":"paris:190","name":"SQUARE PHILIPPE FARINE","nameAddon":"Square","objectNumber":"190","district":"75012","locality":null,"type":"Promenades ouvertes","areaM2":1310,"areaHa":0.13,"designation":null,"dedicated":null,"builtYear":null,"renovatedYear":null,"planningAreaId":null,"planningAreaName":null,"centroid":[2.379208,48.844423],"bounds":[2.3787,48.84417,2.37972,48.84468],"amenities":{},"sourceId":"parks"}},{"type":"Feature","id":"paris:195","geometry":{"type":"Polygon","coordinates":[[[2.40364226,48.84563868],[2.40368211,48.8456224],[2.40381639,48.84569387],[2.40387984,48.846186],[2.404082,48.84621675],[2.40410561,48.84618871],[2.40453207,48.84628189],[2.40456159,48.84612267],[2.40501018,48.84625565],[2.40483753,48.84626018],[2.4047667,48.84645377],[2.40497181,48.84655238],[2.40521825,48.84652614],[2.40527137,48.8463805],[2.40557387,48.84635245],[2.40567127,48.84650443],[2.40561667,48.84650986],[2.40569783,48.84679844],[2.4056388,48.84680387],[2.4056329,48.84687263],[2.4049482,48.84697576],[2.40490836,48.84687896],[2.4046029,48.84689524],[2.40465308,48.8467505],[2.40376622,48.84668084],[2.40364226,48.84563868]]]},"properties":{"id":"paris:195","name":"JARDIN SOLANGE FALADE","nameAddon":"Jardin","objectNumber":"195","district":"75012","locality":null,"type":"Promenades ouvertes","areaM2":8800,"areaHa":0.88,"designation":null,"dedicated":null,"builtYear":null,"renovatedYear":null,"planningAreaId":null,"planningAreaName":null,"centroid":[2.404611,48.846502],"bounds":[2.40364,48.84562,2.4057,48.84698],"amenities":{},"sourceId":"parks"}},{"type":"Feature","id":"paris:2","geometry":{"type":"Polygon","coordinates":[[[2.33959222,48.85763796],[2.34056909,48.8571214],[2.34077273,48.85737109],[2.33959222,48.85767234],[2.33959222,48.85763796]]]},"properties":{"id":"paris:2","name":"SQUARE DU VERT GALANT","nameAddon":"Square","objectNumber":"2","district":"75001","locality":null,"type":"Promenades ouvertes","areaM2":1642,"areaHa":0.16,"designation":null,"dedicated":null,"builtYear":null,"renovatedYear":null,"planningAreaId":null,"planningAreaName":null,"centroid":[2.340277,48.857396],"bounds":[2.33959,48.85712,2.34077,48.85767],"amenities":{},"sourceId":"parks"}},{"type":"Feature","id":"paris:20","geometry":{"type":"Polygon","coordinates":[[[2.36462789,48.8553121],[2.36469281,48.85523973],[2.3660504,48.85502804],[2.36612271,48.85505609],[2.3664562,48.8559336],[2.36639127,48.85600597],[2.36507353,48.85622037],[2.36496433,48.85617695],[2.36462789,48.8553121]]]},"properties":{"id":"paris:20","name":"SQUARE LOUIS XIII","nameAddon":"Square","objectNumber":"20","district":"75004","locality":null,"type":"Promenades ouvertes","areaM2":12706,"areaHa":1.27,"designation":null,"dedicated":null,"builtYear":null,"renovatedYear":null,"planningAreaId":null,"planningAreaName":null,"centroid":[2.365544,48.855624],"bounds":[2.36463,48.85503,2.36646,48.85622],"amenities":{},"sourceId":"parks"}},{"type":"Feature","id":"paris:21","geometry":{"type":"Polygon","coordinates":[[[2.34721979,48.85340963],[2.34731718,48.85336349],[2.34735702,48.85339967],[2.34746327,48.85334359],[2.34742786,48.85331192],[2.34841506,48.85285417],[2.34848146,48.85286141],[2.34863198,48.85314275],[2.34851983,48.85317894],[2.34855082,48.85322055],[2.34826011,48.85331102],[2.3482306,48.85327121],[2.34808304,48.85331735],[2.34811108,48.85335897],[2.34798565,48.85339877],[2.34795761,48.85335806],[2.34781152,48.85340329],[2.34784103,48.85344491],[2.3477156,48.85348381],[2.34768757,48.8534431],[2.34763002,48.85346119],[2.34756952,48.85336258],[2.34757247,48.85332097],[2.34767281,48.85331373],[2.34764773,48.8532676],[2.34754296,48.85331373],[2.34753263,48.85340601],[2.34746475,48.85345848],[2.34726849,48.85349919],[2.34721979,48.85340963]],[[2.34841063,48.85297087],[2.3484608,48.85303872],[2.34849327,48.85302786],[2.34844309,48.85296001],[2.34841063,48.85297087]]]},"properties":{"id":"paris:21","name":"JARDIN DE LA PLACE JEAN-PAUL II","nameAddon":"Jardin","objectNumber":"21","district":"75004","locality":null,"type":"Promenades ouvertes","areaM2":2783,"areaHa":0.28,"designation":null,"dedicated":null,"builtYear":null,"renovatedYear":null,"planningAreaId":null,"planningAreaName":null,"centroid":[2.348036,48.853198],"bounds":[2.34722,48.85285,2.34863,48.8535],"amenities":{},"sourceId":"parks"}},{"type":"Feature","id":"paris:219","geometry":{"type":"Polygon","coordinates":[[[2.35501263,48.8314592],[2.35504362,48.83130451],[2.3551779,48.83116067],[2.35544352,48.83106387],[2.35576078,48.83109734],[2.35590834,48.83115162],[2.35593195,48.83113081],[2.35611936,48.83130541],[2.35612969,48.83152434],[2.35603525,48.83165551],[2.35589359,48.83174055],[2.35571356,48.83179392],[2.35545237,48.83179754],[2.35522808,48.83172517],[2.35507904,48.83160666],[2.35501263,48.8314592]]]},"properties":{"id":"paris:219","name":"JARDIN FRANCOISE GIROUD","nameAddon":"Jardin","objectNumber":"219","district":"75013","locality":null,"type":"Promenades ouvertes","areaM2":5400,"areaHa":0.54,"designation":null,"dedicated":null,"builtYear":null,"renovatedYear":null,"planningAreaId":null,"planningAreaName":null,"centroid":[2.355576,48.831435],"bounds":[2.35501,48.83106,2.35613,48.8318],"amenities":{},"sourceId":"parks"}},{"type":"Feature","id":"paris:22","geometry":{"type":"Polygon","coordinates":[[[2.36153495,48.85165913],[2.36155413,48.85105663],[2.36160726,48.85103311],[2.36211635,48.85118961],[2.36217833,48.85127284],[2.3616043,48.85166817],[2.36153495,48.85165913]]]},"properties":{"id":"paris:22","name":"SQUARE HENRI GALLI","nameAddon":"Square","objectNumber":"22","district":"75004","locality":null,"type":"Promenades ouvertes","areaM2":2000,"areaHa":0.2,"designation":null,"dedicated":null,"builtYear":null,"renovatedYear":null,"planningAreaId":null,"planningAreaName":null,"centroid":[2.361773,48.851321],"bounds":[2.36153,48.85103,2.36218,48.85167],"amenities":{},"sourceId":"parks"}},{"type":"Feature","id":"paris:220","geometry":{"type":"MultiPolygon","coordinates":[[[[2.36225949,48.84014746],[2.3622831,48.84014655],[2.36287778,48.8403311],[2.36296632,48.84047856],[2.36273907,48.84078976],[2.36225949,48.84014746]]],[[[2.36291615,48.84083409],[2.36312274,48.84055455],[2.36331604,48.84050027],[2.36339573,48.84038629],[2.36346803,48.8403691],[2.36365101,48.84042609],[2.36373808,48.84052922],[2.36344885,48.8414393],[2.36337359,48.84144925],[2.36291615,48.84083409]]]]},"properties":{"id":"paris:220","name":"SQUARE MARIE CURIE","nameAddon":"Square","objectNumber":"220","district":"75013","locality":null,"type":"Promenades ouvertes","areaM2":4091,"areaHa":0.41,"designation":null,"dedicated":null,"builtYear":null,"renovatedYear":null,"planningAreaId":null,"planningAreaName":null,"centroid":[2.363165,48.840736],"bounds":[2.36226,48.84015,2.36374,48.84145],"amenities":{},"sourceId":"parks"}},{"type":"Feature","id":"paris:221","geometry":{"type":"Polygon","coordinates":[[[2.36688266,48.82769586],[2.36704941,48.82739732],[2.36721763,48.82743984],[2.36736667,48.82730414],[2.36746554,48.82737018],[2.36735486,48.82744346],[2.36750981,48.82753392],[2.36744193,48.82760539],[2.36759539,48.82769767],[2.36765885,48.82765334],[2.36781379,48.82774742],[2.36749948,48.82800434],[2.36737847,48.82793197],[2.36744783,48.82779265],[2.36723091,48.82765696],[2.36688266,48.82769586]]]},"properties":{"id":"paris:221","name":"SQUARE FLORENCE BLUMENTHAL","nameAddon":"Square","objectNumber":"221","district":"75013","locality":null,"type":"Promenades ouvertes","areaM2":1925,"areaHa":0.19,"designation":null,"dedicated":null,"builtYear":null,"renovatedYear":null,"planningAreaId":null,"planningAreaName":null,"centroid":[2.367352,48.827644],"bounds":[2.36688,48.8273,2.36781,48.828],"amenities":{},"sourceId":"parks"}},{"type":"Feature","id":"paris:222","geometry":{"type":"Polygon","coordinates":[[[2.35310611,48.82383029],[2.35317989,48.8237362],[2.35332598,48.82370816],[2.35345436,48.82375068],[2.35350453,48.82384476],[2.35343813,48.82393704],[2.35329204,48.82397051],[2.35315185,48.82392437],[2.35310611,48.82383029]]]},"properties":{"id":"paris:222","name":"SQUARE DE LA PLACE DE L'ABBE GEORGES HENOCQUE","nameAddon":"Square","objectNumber":"222","district":"75013","locality":null,"type":"Promenades ouvertes","areaM2":680,"areaHa":0.07,"designation":null,"dedicated":null,"builtYear":null,"renovatedYear":null,"planningAreaId":null,"planningAreaName":null,"centroid":[2.353305,48.823839],"bounds":[2.35311,48.82371,2.3535,48.82397],"amenities":{},"sourceId":"parks"}},{"type":"Feature","id":"paris:223","geometry":{"type":"Polygon","coordinates":[[[2.35995011,48.81867016],[2.36011391,48.81814004],[2.36030869,48.8181328],[2.36070859,48.81876334],[2.36061858,48.8187932],[2.36040756,48.81876244],[2.36039133,48.81880948],[2.36001209,48.81873349],[2.35995011,48.81867016]]]},"properties":{"id":"paris:223","name":"SQUARE HELENE BOUCHER","nameAddon":"Square","objectNumber":"223","district":"75013","locality":null,"type":"Promenades ouvertes","areaM2":3335,"areaHa":0.33,"designation":null,"dedicated":null,"builtYear":null,"renovatedYear":null,"planningAreaId":null,"planningAreaName":null,"centroid":[2.360286,48.818516],"bounds":[2.35995,48.81813,2.36071,48.81881],"amenities":{},"sourceId":"parks"}},{"type":"Feature","id":"paris:224","geometry":{"type":"Polygon","coordinates":[[[2.35825903,48.81881943],[2.3591518,48.81812466],[2.35941741,48.8181518],[2.35921672,48.81875611],[2.35912523,48.81881039],[2.35832101,48.81889723],[2.35825903,48.81881943]]]},"properties":{"id":"paris:224","name":"SQUARE ROBERT BAJAC","nameAddon":"Square","objectNumber":"224","district":"75013","locality":null,"type":"Promenades ouvertes","areaM2":3700,"areaHa":0.37,"designation":null,"dedicated":null,"builtYear":null,"renovatedYear":null,"planningAreaId":null,"planningAreaName":null,"centroid":[2.358924,48.818558],"bounds":[2.35826,48.81812,2.35942,48.8189],"amenities":{},"sourceId":"parks"}},{"type":"Feature","id":"paris:225","geometry":{"type":"Polygon","coordinates":[[[2.35833429,48.82843676],[2.3587032,48.82796725],[2.35898947,48.82774471],[2.35891864,48.82769314],[2.35958711,48.82684187],[2.36034854,48.82720101],[2.36078828,48.82687263],[2.36221669,48.82756016],[2.36223145,48.82763163],[2.36024082,48.82925005],[2.36009178,48.82930251],[2.35997815,48.82928442],[2.35964318,48.8291243],[2.36005489,48.82874525],[2.35913261,48.8283083],[2.35872681,48.82868283],[2.35835938,48.82850642],[2.35833429,48.82843676]]]},"properties":{"id":"paris:225","name":"PARC DE CHOISY","nameAddon":"Parc","objectNumber":"225","district":"75013","locality":null,"type":"Promenades ouvertes","areaM2":42693,"areaHa":4.27,"designation":null,"dedicated":null,"builtYear":null,"renovatedYear":null,"planningAreaId":null,"planningAreaName":null,"centroid":[2.360285,48.827937],"bounds":[2.35833,48.82684,2.36223,48.8293],"amenities":{},"sourceId":"parks"}},{"type":"Feature","id":"paris:226","geometry":{"type":"Polygon","coordinates":[[[2.34777758,48.83160123],[2.34814797,48.83116609],[2.34833095,48.83117966],[2.34950113,48.8319649],[2.35056654,48.83254478],[2.35114351,48.8329763],[2.35097381,48.83324317],[2.35031125,48.83354351],[2.35021533,48.83353537],[2.35016516,48.83356703],[2.35046029,48.83395151],[2.35048685,48.83420029],[2.35042045,48.83440474],[2.35109481,48.834592],[2.35076722,48.83484711],[2.34969296,48.83461824],[2.3498538,48.83437489],[2.34982577,48.8343197],[2.34961327,48.83422743],[2.34956015,48.83413425],[2.34978888,48.83372083],[2.34970476,48.83355075],[2.35003531,48.83347476],[2.34956753,48.83309028],[2.34874265,48.83345576],[2.34866887,48.83338791],[2.34875003,48.8333273],[2.34872347,48.83330559],[2.34934618,48.83290845],[2.34786169,48.83171431],[2.34791186,48.83168627],[2.34777758,48.83160123]]]},"properties":{"id":"paris:226","name":"SQUARE RENE LE GALL","nameAddon":"Square","objectNumber":"226","district":"75013","locality":null,"type":"Promenades ouvertes","areaM2":33450,"areaHa":3.35,"designation":null,"dedicated":null,"builtYear":null,"renovatedYear":null,"planningAreaId":null,"planningAreaName":null,"centroid":[2.349631,48.832885],"bounds":[2.34778,48.83117,2.35114,48.83485],"amenities":{},"sourceId":"parks"}},{"type":"Feature","id":"paris:227","geometry":{"type":"Polygon","coordinates":[[[2.34719913,48.82252669],[2.34729062,48.82246155],[2.34824536,48.82282884],[2.34870871,48.82300706],[2.34860984,48.82316085],[2.34831914,48.82305862],[2.34786317,48.82317894],[2.34719913,48.82252669]]]},"properties":{"id":"paris:227","name":"SQUARE PAUL GRIMAULT","nameAddon":"Square","objectNumber":"227","district":"75013","locality":null,"type":"Promenades ouvertes","areaM2":3705,"areaHa":0.37,"designation":null,"dedicated":null,"builtYear":null,"renovatedYear":null,"planningAreaId":null,"planningAreaName":null,"centroid":[2.347922,48.82287],"bounds":[2.3472,48.82246,2.34871,48.82318],"amenities":{},"sourceId":"parks"}},{"type":"Feature","id":"paris:228","geometry":{"type":"Polygon","coordinates":[[[2.35311349,48.82012846],[2.3535429,48.81926271],[2.35352519,48.81816447],[2.35357389,48.81816356],[2.35352076,48.81795187],[2.35428367,48.81767686],[2.35579177,48.81686267],[2.3561533,48.8167324],[2.35651631,48.8166537],[2.35656795,48.81713678],[2.35692358,48.81720192],[2.35696638,48.81746065],[2.35662403,48.81748598],[2.35662403,48.81774833],[2.35689702,48.8178017],[2.35636136,48.81857789],[2.35739579,48.81891894],[2.35743415,48.81899041],[2.35719362,48.81931066],[2.35604263,48.81893523],[2.35556009,48.81956577],[2.35529153,48.81953501],[2.3540151,48.82022797],[2.35382917,48.82024064],[2.35317251,48.82019179],[2.35311349,48.82012846]],[[2.35332598,48.81990592],[2.35332598,48.82004795],[2.35351781,48.82013027],[2.35387344,48.82014927],[2.35399592,48.8201158],[2.3542335,48.81986702],[2.35444156,48.81985435],[2.35462454,48.81960195],[2.35451977,48.81948435],[2.35481932,48.81891985],[2.35457142,48.81885471],[2.35455223,48.81881491],[2.35399444,48.81870273],[2.35347649,48.81957481],[2.35332598,48.81990592]],[[2.35444008,48.81985616],[2.35444746,48.81985345],[2.35444156,48.81985435],[2.35444008,48.81985616]]]},"properties":{"id":"paris:228","name":"PARC KELLERMANN","nameAddon":"Parc","objectNumber":"228","district":"75013","locality":null,"type":"Promenades ouvertes","areaM2":55580,"areaHa":5.56,"designation":null,"dedicated":null,"builtYear":null,"renovatedYear":null,"planningAreaId":null,"planningAreaName":null,"centroid":[2.355328,48.818324],"bounds":[2.35311,48.81665,2.35743,48.82024],"amenities":{},"sourceId":"parks"}},{"type":"Feature","id":"paris:229","geometry":{"type":"Polygon","coordinates":[[[2.35722314,48.81726977],[2.35840807,48.81719197],[2.35845529,48.81708793],[2.35863975,48.81708069],[2.35858072,48.81737018],[2.35925804,48.81750136],[2.35926099,48.81769495],[2.3591149,48.81787679],[2.35840512,48.81773838],[2.35832249,48.81792383],[2.35826936,48.81791388],[2.358352,48.81772842],[2.3578311,48.8176271],[2.35774846,48.81781256],[2.35769534,48.81780261],[2.35777798,48.81761715],[2.35726298,48.81751674],[2.35722314,48.81726977]]]},"properties":{"id":"paris:229","name":"JARDIN LAURE ALBIN GUILLOT","nameAddon":"Jardin d'immeubles","objectNumber":"229","district":"75013","locality":null,"type":"Promenades ouvertes","areaM2":25240,"areaHa":2.52,"designation":null,"dedicated":null,"builtYear":null,"renovatedYear":null,"planningAreaId":null,"planningAreaName":null,"centroid":[2.358289,48.817496],"bounds":[2.35722,48.81708,2.35926,48.81792],"amenities":{},"sourceId":"parks"}},{"type":"Feature","id":"paris:23","geometry":{"type":"Polygon","coordinates":[[[2.351871,48.85177673],[2.35205841,48.85176497],[2.3520466,48.85174145],[2.35225319,48.85170436],[2.35234173,48.85181111],[2.35253946,48.85186448],[2.35241846,48.85209879],[2.35233583,48.85255111],[2.35188871,48.85187624],[2.35192855,48.85186539],[2.351871,48.85177673]]]},"properties":{"id":"paris:23","name":"SQUARE DE L'ILE DE FRANCE","nameAddon":"Square","objectNumber":"23","district":"75004","locality":null,"type":"Promenades ouvertes","areaM2":2235,"areaHa":0.22,"designation":null,"dedicated":null,"builtYear":null,"renovatedYear":null,"planningAreaId":null,"planningAreaName":null,"centroid":[2.35222,48.852026],"bounds":[2.35187,48.8517,2.35254,48.85255],"amenities":{},"sourceId":"parks"}},{"type":"Feature","id":"paris:230","geometry":{"type":"Polygon","coordinates":[[[2.37538676,48.82160213],[2.37565237,48.82112177],[2.37676648,48.82141306],[2.37650234,48.821907],[2.37538676,48.82160213]],[[2.37627657,48.8216935],[2.37644479,48.82173874],[2.37657317,48.82150353],[2.37665433,48.82152614],[2.37671336,48.82142482],[2.3764625,48.82135969],[2.37627657,48.8216935]]]},"properties":{"id":"paris:230","name":"SQUARE CLARA ZETKIN","nameAddon":"Square","objectNumber":"230","district":"75013","locality":null,"type":"Promenades ouvertes","areaM2":7520,"areaHa":0.75,"designation":null,"dedicated":null,"builtYear":null,"renovatedYear":null,"planningAreaId":null,"planningAreaName":null,"centroid":[2.376025,48.821508],"bounds":[2.37539,48.82112,2.37677,48.82191],"amenities":{},"sourceId":"parks"}},{"type":"Feature","id":"paris:231","geometry":{"type":"Polygon","coordinates":[[[2.34433639,48.82908992],[2.3446935,48.82900308],[2.34541656,48.8302732],[2.34506684,48.83037],[2.34433639,48.82908992]]]},"properties":{"id":"paris:231","name":"MAIL DE BIEVRE","nameAddon":"Mail","objectNumber":"231","district":"75013","locality":null,"type":"Promenades ouvertes","areaM2":4755,"areaHa":0.48,"designation":null,"dedicated":null,"builtYear":null,"renovatedYear":null,"planningAreaId":null,"planningAreaName":null,"centroid":[2.344878,48.829684],"bounds":[2.34434,48.829,2.34542,48.83037],"amenities":{},"sourceId":"parks"}},{"type":"Feature","id":"paris:232","geometry":{"type":"Polygon","coordinates":[[[2.35745776,48.83066763],[2.35774994,48.83028768],[2.35781339,48.83030939],[2.35792702,48.83016284],[2.35826789,48.83023792],[2.35831216,48.83036548],[2.35814984,48.83055184],[2.35791078,48.83082595],[2.35745776,48.83066763]]]},"properties":{"id":"paris:232","name":"JARDIN DES DEUX MOULINS","nameAddon":"Jardin","objectNumber":"232","district":"75013","locality":null,"type":"Promenades ouvertes","areaM2":2600,"areaHa":0.26,"designation":null,"dedicated":null,"builtYear":null,"renovatedYear":null,"planningAreaId":null,"planningAreaName":null,"centroid":[2.357906,48.830488],"bounds":[2.35746,48.83016,2.35831,48.83083],"amenities":{},"sourceId":"parks"}},{"type":"Feature","id":"paris:233","geometry":{"type":"Polygon","coordinates":[[[2.35042635,48.81977384],[2.35178836,48.8198435],[2.3518164,48.81986068],[2.35160834,48.81996472],[2.35042635,48.81977384]]]},"properties":{"id":"paris:233","name":"SQUARE DE L'AVENUE CAFFIERI","nameAddon":"Square","objectNumber":"233","district":"75013","locality":null,"type":"Promenades ouvertes","areaM2":713,"areaHa":0.07,"designation":null,"dedicated":null,"builtYear":null,"renovatedYear":null,"planningAreaId":null,"planningAreaName":null,"centroid":[2.351291,48.819862],"bounds":[2.35043,48.81977,2.35182,48.81996],"amenities":{},"sourceId":"parks"}},{"type":"Feature","id":"paris:234","geometry":{"type":"Polygon","coordinates":[[[2.36080303,48.8314393],[2.36121326,48.83109372],[2.36182713,48.83129636],[2.36140952,48.83185906],[2.36207356,48.83209698],[2.36253986,48.83231681],[2.36218718,48.83257916],[2.36208094,48.83259182],[2.36169284,48.83246155],[2.36177695,48.8323539],[2.36081631,48.8320047],[2.36086796,48.83199747],[2.36108636,48.83171431],[2.36103176,48.83169622],[2.3611262,48.83157409],[2.36080303,48.8314393]]]},"properties":{"id":"paris:234","name":"SQUARE DE LA RAFFINERIE SAY","nameAddon":"Square","objectNumber":"234","district":"75013","locality":null,"type":"Promenades ouvertes","areaM2":5475,"areaHa":0.55,"designation":null,"dedicated":null,"builtYear":null,"renovatedYear":null,"planningAreaId":null,"planningAreaName":null,"centroid":[2.361546,48.831871],"bounds":[2.3608,48.83109,2.36254,48.83259],"amenities":{},"sourceId":"parks"}},{"type":"Feature","id":"paris:235","geometry":{"type":"MultiPolygon","coordinates":[[[[2.34882971,48.82876877],[2.34956605,48.8283653],[2.3503629,48.82893523],[2.35021386,48.82894518],[2.34977117,48.82879229],[2.34974756,48.82873801],[2.34967525,48.82871992],[2.34959409,48.82878958],[2.34967082,48.82883391],[2.34975789,48.82899946],[2.34939931,48.82898408],[2.3489699,48.82903383],[2.34882971,48.82876877]]],[[[2.3497269,48.82881762],[2.35022419,48.82898317],[2.35039684,48.82895694],[2.35049423,48.8290275],[2.35069049,48.82916953],[2.35062409,48.82920481],[2.35016664,48.82906821],[2.34980806,48.82900579],[2.3497269,48.82881762]]]]},"properties":{"id":"paris:235","name":"JARDIN BRASSAI","nameAddon":"Jardin","objectNumber":"235","district":"75013","locality":null,"type":"Promenades ouvertes","areaM2":6413,"areaHa":0.64,"designation":null,"dedicated":null,"builtYear":null,"renovatedYear":null,"planningAreaId":null,"planningAreaName":null,"centroid":[2.349617,48.828801],"bounds":[2.34883,48.82837,2.35069,48.8292],"amenities":{},"sourceId":"parks"}},{"type":"Feature","id":"paris:236","geometry":{"type":"Polygon","coordinates":[[[2.36729879,48.82289217],[2.36754522,48.82280713],[2.36826681,48.82292654],[2.36815171,48.82320156],[2.36765885,48.82339967],[2.36752604,48.82345033],[2.36734453,48.82340782],[2.36759244,48.82296182],[2.36729879,48.82289217]]]},"properties":{"id":"paris:236","name":"SQUARE ULYSSE TRELAT","nameAddon":"Square","objectNumber":"236","district":"75013","locality":null,"type":"Promenades ouvertes","areaM2":4154,"areaHa":0.42,"designation":null,"dedicated":null,"builtYear":null,"renovatedYear":null,"planningAreaId":null,"planningAreaName":null,"centroid":[2.367775,48.823105],"bounds":[2.3673,48.82281,2.36827,48.82345],"amenities":{},"sourceId":"parks"}},{"type":"Feature","id":"paris:237","geometry":{"type":"Polygon","coordinates":[[[2.3618773,48.83409445],[2.36221079,48.83362584],[2.36194665,48.83351366],[2.36198797,48.83335806],[2.36214291,48.83341143],[2.36216357,48.8333852],[2.36276711,48.83360413],[2.36284827,48.83366836],[2.36296189,48.83373259],[2.36261364,48.83399674],[2.3624041,48.833871],[2.36204257,48.8341433],[2.3618773,48.83409445]]]},"properties":{"id":"paris:237","name":"SQUARE GUSTAVE MESUREUR","nameAddon":"Square","objectNumber":"237","district":"75013","locality":null,"type":"Promenades ouvertes","areaM2":3200,"areaHa":0.32,"designation":null,"dedicated":null,"builtYear":null,"renovatedYear":null,"planningAreaId":null,"planningAreaName":null,"centroid":[2.36237,48.833738],"bounds":[2.36188,48.83336,2.36296,48.83414],"amenities":{},"sourceId":"parks"}},{"type":"Feature","id":"paris:238","geometry":{"type":"Polygon","coordinates":[[[2.36387826,48.82306314],[2.36431505,48.82268138],[2.36474151,48.82289398],[2.36464264,48.82298263],[2.36467215,48.82312918],[2.36444048,48.82317261],[2.3642457,48.82349828],[2.36398598,48.82343586],[2.36411289,48.82320698],[2.36387826,48.82306314]]]},"properties":{"id":"paris:238","name":"SQUARE DE LA RUE JEAN DUNAND (ZAC BAUDRICOURT)","nameAddon":"Square","objectNumber":"238","district":"75013","locality":null,"type":"Promenades ouvertes","areaM2":2900,"areaHa":0.29,"designation":null,"dedicated":null,"builtYear":null,"renovatedYear":null,"planningAreaId":null,"planningAreaName":null,"centroid":[2.364298,48.823062],"bounds":[2.36388,48.82268,2.36474,48.8235],"amenities":{},"sourceId":"parks"}},{"type":"Feature","id":"paris:239","geometry":{"type":"Polygon","coordinates":[[[2.36164857,48.82004252],[2.36197026,48.81945811],[2.36235983,48.81955763],[2.36220194,48.81985797],[2.36268004,48.81996653],[2.36273612,48.81985887],[2.36284532,48.8198833],[2.36293533,48.8197087],[2.36344295,48.81987244],[2.36332637,48.82009408],[2.36319799,48.82023611],[2.36315225,48.82023521],[2.36300321,48.82027863],[2.3629309,48.82036638],[2.36299731,48.82049756],[2.36318619,48.82054641],[2.36307847,48.82075176],[2.36192599,48.8204867],[2.36206323,48.82022797],[2.36171055,48.8200199],[2.36164857,48.82004252]]]},"properties":{"id":"paris:239","name":"SQUARE SAMUEL BECKETT","nameAddon":"Square","objectNumber":"239","district":"75013","locality":null,"type":"Promenades ouvertes","areaM2":10411,"areaHa":1.04,"designation":null,"dedicated":null,"builtYear":null,"renovatedYear":null,"planningAreaId":null,"planningAreaName":null,"centroid":[2.362524,48.82013],"bounds":[2.36165,48.81946,2.36344,48.82075],"amenities":{},"sourceId":"parks"}},{"type":"Feature","id":"paris:24","geometry":{"type":"Polygon","coordinates":[[[2.35914737,48.85298987],[2.35920639,48.8529184],[2.35936429,48.8528605],[2.35965646,48.85311652],[2.35946758,48.85323503],[2.35931264,48.85320427],[2.35914737,48.85298987]]]},"properties":{"id":"paris:24","name":"JARDIN MARIE TRINTIGNANT","nameAddon":"Jardin","objectNumber":"24","district":"75004","locality":null,"type":"Promenades ouvertes","areaM2":840,"areaHa":0.08,"designation":null,"dedicated":null,"builtYear":null,"renovatedYear":null,"planningAreaId":null,"planningAreaName":null,"centroid":[2.359387,48.853056],"bounds":[2.35915,48.85286,2.35966,48.85324],"amenities":{},"sourceId":"parks"}},{"type":"Feature","id":"paris:240","geometry":{"type":"Polygon","coordinates":[[[2.36336917,48.82198933],[2.36350935,48.82180659],[2.36545719,48.82213678],[2.3654203,48.82220644],[2.36609172,48.822315],[2.36603417,48.82242808],[2.36621124,48.82246969],[2.36614189,48.82266329],[2.36596629,48.82256287],[2.36563279,48.82236837],[2.36516059,48.82228334],[2.36500712,48.82240999],[2.36506172,48.82248145],[2.36504697,48.82257644],[2.36524913,48.82272119],[2.36520191,48.82277908],[2.36509124,48.82272933],[2.36499532,48.82279084],[2.36506615,48.82282974],[2.36500417,48.82288945],[2.36454673,48.82266238],[2.36469872,48.82258458],[2.36471052,48.82242627],[2.36494367,48.82232314],[2.36495695,48.82224986],[2.36336917,48.82198933]]]},"properties":{"id":"paris:240","name":"JARDIN DE LA DALLE D'IVRY","nameAddon":"Jardin","objectNumber":"240","district":"75013","locality":null,"type":"Promenades ouvertes","areaM2":5800,"areaHa":0.58,"designation":null,"dedicated":null,"builtYear":null,"renovatedYear":null,"planningAreaId":null,"planningAreaName":null,"centroid":[2.364831,48.82227],"bounds":[2.36337,48.82181,2.36621,48.82289],"amenities":{},"sourceId":"parks"}},{"type":"Feature","id":"paris:241","geometry":{"type":"Polygon","coordinates":[[[2.36193632,48.82268319],[2.36211783,48.8224905],[2.36252658,48.82260991],[2.36230966,48.8228994],[2.36224178,48.82288221],[2.36231261,48.8227619],[2.36193632,48.82268319]]]},"properties":{"id":"paris:241","name":"JARDIN D'IMMEUBLES CHOISY - CAILLAUX","nameAddon":"Jardin d'immeubles","objectNumber":"241","district":"75013","locality":null,"type":"Promenades ouvertes","areaM2":1370,"areaHa":0.14,"designation":null,"dedicated":null,"builtYear":null,"renovatedYear":null,"planningAreaId":null,"planningAreaName":null,"centroid":[2.362246,48.822659],"bounds":[2.36194,48.82249,2.36253,48.8229],"amenities":{},"sourceId":"parks"}},{"type":"Feature","id":"paris:242","geometry":{"type":"Polygon","coordinates":[[[2.3692791,48.83115705],[2.36988706,48.83075719],[2.37022793,48.83098607],[2.3700538,48.83110096],[2.370557,48.83144563],[2.37076949,48.83135064],[2.37092886,48.83145739],[2.37091705,48.83159128],[2.37091115,48.83166184],[2.3703209,48.83197304],[2.37000511,48.8316727],[2.3692791,48.83115705]]]},"properties":{"id":"paris:242","name":"SQUARE HELOISE ET ABELARD","nameAddon":"Square","objectNumber":"242","district":"75013","locality":null,"type":"Promenades ouvertes","areaM2":6992,"areaHa":0.7,"designation":null,"dedicated":null,"builtYear":null,"renovatedYear":null,"planningAreaId":null,"planningAreaName":null,"centroid":[2.370118,48.831381],"bounds":[2.36928,48.83076,2.37093,48.83197],"amenities":{},"sourceId":"parks"}},{"type":"Feature","id":"paris:243","geometry":{"type":"Polygon","coordinates":[[[2.35362111,48.82688077],[2.3541789,48.82681654],[2.35427629,48.82689976],[2.35420841,48.82717387],[2.35382032,48.82715126],[2.35362996,48.82708793],[2.35362111,48.82688077]]]},"properties":{"id":"paris:243","name":"JARDIN DE LA MONTGOLFIERE","nameAddon":"Jardin","objectNumber":"243","district":"75013","locality":null,"type":"Promenades ouvertes","areaM2":1550,"areaHa":0.16,"designation":null,"dedicated":null,"builtYear":null,"renovatedYear":null,"planningAreaId":null,"planningAreaName":null,"centroid":[2.353957,48.826996],"bounds":[2.35362,48.82682,2.35428,48.82717],"amenities":{},"sourceId":"parks"}},{"type":"Feature","id":"paris:244","geometry":{"type":"Polygon","coordinates":[[[2.34281944,48.82566582],[2.34302455,48.82550027],[2.34310571,48.82563145],[2.34322672,48.82563687],[2.34343183,48.82587932],[2.3433669,48.82594084],[2.34346724,48.8259924],[2.34350266,48.82609463],[2.34329459,48.82612538],[2.34321786,48.82589651],[2.34312637,48.82594174],[2.34288732,48.82595802],[2.3430762,48.82580333],[2.34281944,48.82566582]]]},"properties":{"id":"paris:244","name":"JARDIN MICHELET","nameAddon":"Jardin","objectNumber":"244","district":"75013","locality":null,"type":"Promenades ouvertes","areaM2":1500,"areaHa":0.15,"designation":null,"dedicated":null,"builtYear":null,"renovatedYear":null,"planningAreaId":null,"planningAreaName":null,"centroid":[2.343174,48.82582],"bounds":[2.34282,48.8255,2.3435,48.82613],"amenities":{},"sourceId":"parks"}},{"type":"Feature","id":"paris:245","geometry":{"type":"Polygon","coordinates":[[[2.356444,48.82095712],[2.35652368,48.82090284],[2.35695162,48.82096617],[2.35709033,48.82046861],[2.35699146,48.82045323],[2.35701065,48.82039533],[2.35760238,48.8200968],[2.35754483,48.820351],[2.35791226,48.82036729],[2.3577647,48.8210123],[2.35763927,48.82100688],[2.35745186,48.82099873],[2.35742677,48.82126922],[2.35849071,48.82130541],[2.35842578,48.82150896],[2.357716,48.82151077],[2.35767763,48.82169079],[2.35718625,48.82166003],[2.35717444,48.82175954],[2.35705196,48.82175321],[2.35706377,48.8216537],[2.35650745,48.82162475],[2.356444,48.82095712]]]},"properties":{"id":"paris:245","name":"JARDIN DU MOULIN DE LA POINTE","nameAddon":"Jardin","objectNumber":"245","district":"75013","locality":null,"type":"Promenades ouvertes","areaM2":14300,"areaHa":1.43,"designation":null,"dedicated":null,"builtYear":null,"renovatedYear":null,"planningAreaId":null,"planningAreaName":null,"centroid":[2.357299,48.821072],"bounds":[2.35644,48.8201,2.35849,48.82176],"amenities":{},"sourceId":"parks"}},{"type":"Feature","id":"paris:246","geometry":{"type":"Polygon","coordinates":[[[2.35966532,48.82023069],[2.35977451,48.81987878],[2.36051971,48.81999367],[2.36057579,48.81994301],[2.36066285,48.81993577],[2.36068941,48.81985073],[2.36102438,48.81985978],[2.36146412,48.81994572],[2.36147297,48.8200389],[2.36126343,48.82035281],[2.36091518,48.82029944],[2.36087091,48.82041976],[2.36067465,48.8203899],[2.36058907,48.82060973],[2.36035592,48.82056902],[2.35995011,48.82048851],[2.35983059,48.82050299],[2.35992503,48.82027139],[2.35966532,48.82023069]]]},"properties":{"id":"paris:246","name":"JARDIN JUAN MIRO","nameAddon":"Jardin","objectNumber":"246","district":"75013","locality":null,"type":"Promenades ouvertes","areaM2":7460,"areaHa":0.75,"designation":null,"dedicated":null,"builtYear":null,"renovatedYear":null,"planningAreaId":null,"planningAreaName":null,"centroid":[2.360536,48.82018],"bounds":[2.35967,48.81985,2.36147,48.82061],"amenities":{},"sourceId":"parks"}},{"type":"Feature","id":"paris:247","geometry":{"type":"Polygon","coordinates":[[[2.34675054,48.81956396],[2.3473526,48.81939208],[2.34761231,48.81922743],[2.34776873,48.81905283],[2.34786907,48.81879953],[2.34788825,48.81840963],[2.34771856,48.81808033],[2.34831914,48.81888638],[2.34860541,48.81901755],[2.34832799,48.81945811],[2.34803877,48.81991768],[2.34675054,48.81956396]]]},"properties":{"id":"paris:247","name":"JARDIN JEAN-CLAUDE NICOLAS FORESTIER","nameAddon":"Jardin","objectNumber":"247","district":"75013","locality":null,"type":"Promenades ouvertes","areaM2":6180,"areaHa":0.62,"designation":null,"dedicated":null,"builtYear":null,"renovatedYear":null,"planningAreaId":null,"planningAreaName":null,"centroid":[2.347876,48.819295],"bounds":[2.34675,48.81808,2.34861,48.81992],"amenities":{},"sourceId":"parks"}},{"type":"Feature","id":"paris:248","geometry":{"type":"Polygon","coordinates":[[[2.37300656,48.83594265],[2.37332529,48.83569206],[2.37357615,48.83582775],[2.37373995,48.83569929],[2.37425642,48.83598245],[2.37377536,48.83636331],[2.37370306,48.83632441],[2.37300656,48.83594265]]]},"properties":{"id":"paris:248","name":"JARDIN JAMES JOYCE","nameAddon":"Jardin","objectNumber":"248","district":"75013","locality":null,"type":"Promenades ouvertes","areaM2":3650,"areaHa":0.37,"designation":null,"dedicated":null,"builtYear":null,"renovatedYear":null,"planningAreaId":null,"planningAreaName":null,"centroid":[2.373644,48.835996],"bounds":[2.37301,48.83569,2.37426,48.83636],"amenities":{},"sourceId":"parks"}},{"type":"Feature","id":"paris:249","geometry":{"type":"Polygon","coordinates":[[[2.3775766,48.83200109],[2.37790567,48.83174055],[2.37797945,48.83178035],[2.37803553,48.83173602],[2.37885598,48.83218744],[2.37870547,48.83230957],[2.37866415,48.83234304],[2.37833213,48.83221368],[2.37826278,48.83230595],[2.3775766,48.83200109]]]},"properties":{"id":"paris:249","name":"JARDIN GEORGES DUHAMEL","nameAddon":"Jardin","objectNumber":"249","district":"75013","locality":null,"type":"Promenades ouvertes","areaM2":3040,"areaHa":0.3,"designation":null,"dedicated":null,"builtYear":null,"renovatedYear":null,"planningAreaId":null,"planningAreaName":null,"centroid":[2.378197,48.832049],"bounds":[2.37758,48.83174,2.37886,48.83234],"amenities":{},"sourceId":"parks"}},{"type":"Feature","id":"paris:25","geometry":{"type":"Polygon","coordinates":[[[2.3522104,48.85520264],[2.35221187,48.85510675],[2.35244355,48.85498462],[2.35414938,48.85430432],[2.35427039,48.85429347],[2.35333631,48.85475484],[2.35256898,48.85509408],[2.3522104,48.85520264]]]},"properties":{"id":"paris:25","name":"JARDIN FEDERICO GARCIA LORCA","nameAddon":"Jardin","objectNumber":"25","district":"75004","locality":null,"type":"Promenades ouvertes","areaM2":1947,"areaHa":0.19,"designation":null,"dedicated":null,"builtYear":null,"renovatedYear":null,"planningAreaId":null,"planningAreaName":null,"centroid":[2.353074,48.854798],"bounds":[2.35221,48.85429,2.35427,48.8552],"amenities":{},"sourceId":"parks"}},{"type":"Feature","id":"paris:250","geometry":{"type":"Polygon","coordinates":[[[2.37471387,48.82632531],[2.3748452,48.82608377],[2.37483635,48.82574453],[2.37489685,48.82571739],[2.37549891,48.82585399],[2.37528346,48.82643116],[2.37502228,48.82638231],[2.37471387,48.82632531]]]},"properties":{"id":"paris:250","name":"JARDIN BERTHE MORISOT","nameAddon":"Jardin","objectNumber":"250","district":"75013","locality":null,"type":"Promenades ouvertes","areaM2":2950,"areaHa":0.3,"designation":null,"dedicated":null,"builtYear":null,"renovatedYear":null,"planningAreaId":null,"planningAreaName":null,"centroid":[2.375104,48.826073],"bounds":[2.37471,48.82572,2.3755,48.82643],"amenities":{},"sourceId":"parks"}},{"type":"Feature","id":"paris:251","geometry":{"type":"MultiPolygon","coordinates":[[[[2.35559846,48.83521531],[2.35573569,48.8350588],[2.35601164,48.83518817],[2.35612969,48.83521983],[2.35616068,48.83518636],[2.35631562,48.83525059],[2.35607362,48.83546409],[2.35559846,48.83521531]]],[[[2.35561617,48.83486792],[2.35581685,48.83464809],[2.35597032,48.83471142],[2.35637022,48.83428352],[2.3562197,48.83421838],[2.35645433,48.83397413],[2.35625659,48.83376244],[2.35632447,48.83370906],[2.35673765,48.8339497],[2.35659894,48.8340474],[2.35659009,48.83427718],[2.35648384,48.83444816],[2.35653844,48.83446897],[2.35664764,48.83443821],[2.3570859,48.83466618],[2.35701655,48.83471504],[2.35648237,48.83514022],[2.35643662,48.83512032],[2.35687931,48.83464357],[2.35672437,48.83457843],[2.35622413,48.83511851],[2.35561617,48.83486792]]]]},"properties":{"id":"paris:251","name":"JARDIN YACINE KATEB","nameAddon":"Jardin","objectNumber":"251","district":"75013","locality":null,"type":"Promenades ouvertes","areaM2":4580,"areaHa":0.46,"designation":null,"dedicated":null,"builtYear":null,"renovatedYear":null,"planningAreaId":null,"planningAreaName":null,"centroid":[2.356289,48.834693],"bounds":[2.3556,48.83371,2.35709,48.83546],"amenities":{},"sourceId":"parks"}},{"type":"Feature","id":"paris:252","geometry":{"type":"Polygon","coordinates":[[[2.35194035,48.82791659],[2.35203332,48.82764339],[2.35243764,48.82799982],[2.35242289,48.82802696],[2.35230189,48.82800887],[2.3519861,48.82796363],[2.35194035,48.82791659]]]},"properties":{"id":"paris:252","name":"SQUARE HENRI ROUSSELLE","nameAddon":"Square","objectNumber":"252","district":"75013","locality":null,"type":"Promenades ouvertes","areaM2":720,"areaHa":0.07,"designation":null,"dedicated":null,"builtYear":null,"renovatedYear":null,"planningAreaId":null,"planningAreaName":null,"centroid":[2.352146,48.827875],"bounds":[2.35194,48.82764,2.35244,48.82803],"amenities":{},"sourceId":"parks"}},{"type":"Feature","id":"paris:254","geometry":{"type":"Polygon","coordinates":[[[2.35960482,48.83633164],[2.3598542,48.83596888],[2.35994569,48.83595983],[2.36017441,48.83610096],[2.36016556,48.83616157],[2.35966532,48.8363624],[2.35960482,48.83633164]]]},"properties":{"id":"paris:254","name":"JARDIN FEDERICA MONTSENY","nameAddon":"Jardin","objectNumber":"254","district":"75013","locality":null,"type":"Promenades ouvertes","areaM2":890,"areaHa":0.09,"designation":null,"dedicated":null,"builtYear":null,"renovatedYear":null,"planningAreaId":null,"planningAreaName":null,"centroid":[2.359892,48.836153],"bounds":[2.3596,48.83596,2.36017,48.83636],"amenities":{},"sourceId":"parks"}},{"type":"Feature","id":"paris:255","geometry":{"type":"Polygon","coordinates":[[[2.36595891,48.82808124],[2.36615812,48.82772571],[2.36622305,48.82770309],[2.36631306,48.82776099],[2.36645915,48.82785688],[2.36646801,48.82792835],[2.36595891,48.82808124]]]},"properties":{"id":"paris:255","name":"JARDIN DE LA PLACE DU DOCTEUR NAVARRE","nameAddon":"Jardin","objectNumber":"255","district":"75013","locality":null,"type":"Promenades ouvertes","areaM2":906,"areaHa":0.09,"designation":null,"dedicated":null,"builtYear":null,"renovatedYear":null,"planningAreaId":null,"planningAreaName":null,"centroid":[2.36622,48.827891],"bounds":[2.36596,48.8277,2.36647,48.82808],"amenities":{},"sourceId":"parks"}},{"type":"Feature","id":"paris:26","geometry":{"type":"Polygon","coordinates":[[[2.35910753,48.8499991],[2.35925361,48.84998462],[2.35958711,48.8498453],[2.36020983,48.84951511],[2.36028213,48.84952144],[2.36004308,48.85019993],[2.36009473,48.85030215],[2.35913556,48.85003438],[2.35910753,48.8499991]]]},"properties":{"id":"paris:26","name":"SQUARE BARYE","nameAddon":"Square","objectNumber":"26","district":"75004","locality":null,"type":"Promenades ouvertes","areaM2":2975,"areaHa":0.3,"designation":null,"dedicated":null,"builtYear":null,"renovatedYear":null,"planningAreaId":null,"planningAreaName":null,"centroid":[2.359819,48.84994],"bounds":[2.35911,48.84952,2.36028,48.8503],"amenities":{},"sourceId":"parks"}},{"type":"Feature","id":"paris:27","geometry":{"type":"Polygon","coordinates":[[[2.35760238,48.85874435],[2.35807606,48.85850823],[2.35830478,48.8587163],[2.35807015,48.8588918],[2.35796833,48.85896146],[2.35785766,48.85889814],[2.35792554,48.85884657],[2.3577765,48.85875158],[2.35771157,48.85872263],[2.35763927,48.85877601],[2.35760238,48.85874435]]]},"properties":{"id":"paris:27","name":"SQUARE CHARLES-VICTOR LANGLOIS","nameAddon":"Square","objectNumber":"27","district":"75004","locality":null,"type":"Promenades ouvertes","areaM2":1140,"areaHa":0.11,"designation":null,"dedicated":null,"builtYear":null,"renovatedYear":null,"planningAreaId":null,"planningAreaName":null,"centroid":[2.358003,48.858725],"bounds":[2.3576,48.85851,2.3583,48.85896],"amenities":{},"sourceId":"parks"}},{"type":"Feature","id":"paris:276","geometry":{"type":"Polygon","coordinates":[[[2.32600307,48.83245522],[2.32693273,48.83222092],[2.32717621,48.83265153],[2.32703012,48.83269405],[2.32701241,48.83266238],[2.32689141,48.83269405],[2.32690912,48.83272481],[2.32623918,48.83288041],[2.32600307,48.83245522]]]},"properties":{"id":"paris:276","name":"SQUARE FERDINAND BRUNOT","nameAddon":"Square","objectNumber":"276","district":"75014","locality":null,"type":"Promenades ouvertes","areaM2":3943,"areaHa":0.39,"designation":null,"dedicated":null,"builtYear":null,"renovatedYear":null,"planningAreaId":null,"planningAreaName":null,"centroid":[2.326587,48.832552],"bounds":[2.326,48.83222,2.32718,48.83288],"amenities":{},"sourceId":"parks"}},{"type":"Feature","id":"paris:277","geometry":{"type":"Polygon","coordinates":[[[2.33452045,48.82148634],[2.33456472,48.8214203],[2.33868913,48.82050841],[2.33877472,48.82063235],[2.33890605,48.82062964],[2.33890162,48.82080514],[2.33912149,48.82080695],[2.33912592,48.82062602],[2.33918347,48.82062511],[2.3391451,48.820408],[2.34088045,48.82002352],[2.34142644,48.81995296],[2.3415017,48.82000724],[2.33986816,48.82439931],[2.33976487,48.82444726],[2.33961288,48.8245142],[2.33752338,48.8242799],[2.33800591,48.82296906],[2.3384545,48.82230505],[2.33825972,48.82224353],[2.33796459,48.822685],[2.33790557,48.82267143],[2.33767094,48.82309571],[2.33727695,48.82425185],[2.33633401,48.82414692],[2.33612005,48.82403474],[2.33452045,48.82148634]],[[2.33649043,48.8215958],[2.33674572,48.82172245],[2.33691394,48.821575],[2.33665865,48.82144925],[2.33649043,48.8215958]],[[2.33828038,48.8222173],[2.33847369,48.82227881],[2.33877472,48.82185544],[2.33898868,48.82144111],[2.33911559,48.82088475],[2.33890162,48.82088022],[2.3387452,48.82149086],[2.33828038,48.8222173]],[[2.33923954,48.82155419],[2.33928971,48.82165189],[2.34054991,48.82146644],[2.34052925,48.82136421],[2.33923954,48.82155419]]]},"properties":{"id":"paris:277","name":"PARC MONTSOURIS","nameAddon":"Parc","objectNumber":"277","district":"75014","locality":null,"type":"Promenades ouvertes","areaM2":154640,"areaHa":15.46,"designation":null,"dedicated":null,"builtYear":null,"renovatedYear":null,"planningAreaId":null,"planningAreaName":null,"centroid":[2.33819,48.82228],"bounds":[2.33452,48.81995,2.3415,48.82451],"amenities":{},"sourceId":"parks"}},{"type":"Feature","id":"paris:278","geometry":{"type":"Polygon","coordinates":[[[2.33234094,48.83366836],[2.33262869,48.83356794],[2.33286036,48.83357337],[2.33309499,48.83372625],[2.3330522,48.83391985],[2.3327851,48.83405464],[2.33255491,48.8340664],[2.33246932,48.83400217],[2.33256819,48.83396327],[2.33252244,48.83390266],[2.33256228,48.83388728],[2.33234094,48.83366836]],[[2.33276297,48.83392075],[2.33299612,48.83394427],[2.33306695,48.83371449],[2.33283823,48.8336765],[2.33277773,48.83385743],[2.33276297,48.83392075]]]},"properties":{"id":"paris:278","name":"SQUARE DE L'ABBE MIGNE","nameAddon":"Square","objectNumber":"278","district":"75014","locality":null,"type":"Promenades ouvertes","areaM2":1518,"areaHa":0.15,"designation":null,"dedicated":null,"builtYear":null,"renovatedYear":null,"planningAreaId":null,"planningAreaName":null,"centroid":[2.332692,48.833798],"bounds":[2.33234,48.83357,2.33309,48.83407],"amenities":{},"sourceId":"parks"}},{"type":"Feature","id":"paris:279","geometry":{"type":"Polygon","coordinates":[[[2.33103647,48.83419848],[2.33105271,48.83414601],[2.33172855,48.83391623],[2.33139358,48.83404288],[2.3315677,48.83425005],[2.33194694,48.8341632],[2.33198236,48.83420662],[2.33205909,48.83419848],[2.33206352,48.83430794],[2.3319676,48.83438212],[2.33142457,48.83457843],[2.33135079,48.83456486],[2.33103647,48.83419848]]]},"properties":{"id":"paris:279","name":"SQUARE CLAUDE-NICOLAS LEDOUX","nameAddon":"Square","objectNumber":"279","district":"75014","locality":null,"type":"Promenades ouvertes","areaM2":2535,"areaHa":0.25,"designation":null,"dedicated":null,"builtYear":null,"renovatedYear":null,"planningAreaId":null,"planningAreaName":null,"centroid":[2.331516,48.834307],"bounds":[2.33104,48.83392,2.33206,48.83458],"amenities":{},"sourceId":"parks"}},{"type":"Feature","id":"paris:28","geometry":{"type":"Polygon","coordinates":[[[2.35911343,48.85406188],[2.3591577,48.8537543],[2.35928903,48.85377329],[2.35935248,48.85367288],[2.35955612,48.85374163],[2.35941151,48.85378053],[2.35952366,48.85396146],[2.3594484,48.8539696],[2.3593879,48.85391352],[2.35944987,48.85409806],[2.35976271,48.85406912],[2.35980255,48.85413968],[2.35977894,48.85417315],[2.35940708,48.85419396],[2.35927722,48.85420753],[2.35924771,48.85408359],[2.35912081,48.85409716],[2.35911343,48.85406188]]]},"properties":{"id":"paris:28","name":"SQUARE PRIOU - VALJEAN","nameAddon":"Square","objectNumber":"28","district":"75004","locality":null,"type":"Promenades ouvertes","areaM2":1304,"areaHa":0.13,"designation":null,"dedicated":null,"builtYear":null,"renovatedYear":null,"planningAreaId":null,"planningAreaName":null,"centroid":[2.359373,48.85398],"bounds":[2.35911,48.85367,2.3598,48.85421],"amenities":{},"sourceId":"parks"}},{"type":"Feature","id":"paris:280","geometry":{"type":"Polygon","coordinates":[[[2.33154262,48.83475484],[2.33204138,48.83454768],[2.33200744,48.83473494],[2.33190415,48.83489054],[2.33169461,48.83487064],[2.33154262,48.83475484]]]},"properties":{"id":"paris:280","name":"SQUARE JACQUES ANTOINE","nameAddon":"Square","objectNumber":"280","district":"75014","locality":null,"type":"Promenades ouvertes","areaM2":843,"areaHa":0.08,"designation":null,"dedicated":null,"builtYear":null,"renovatedYear":null,"planningAreaId":null,"planningAreaName":null,"centroid":[2.331828,48.834743],"bounds":[2.33154,48.83455,2.33204,48.83489],"amenities":{},"sourceId":"parks"}},{"type":"Feature","id":"paris:281","geometry":{"type":"Polygon","coordinates":[[[2.33003304,48.83495115],[2.33086087,48.83445992],[2.33093318,48.83446445],[2.33109993,48.83465352],[2.33108369,48.83470056],[2.33011125,48.83504614],[2.3300596,48.83502171],[2.33003304,48.83495115]]]},"properties":{"id":"paris:281","name":"SQUARE GEORGES LAMARQUE","nameAddon":"Square","objectNumber":"281","district":"75014","locality":null,"type":"Promenades ouvertes","areaM2":1784,"areaHa":0.18,"designation":null,"dedicated":null,"builtYear":null,"renovatedYear":null,"planningAreaId":null,"planningAreaName":null,"centroid":[2.33061,48.834749],"bounds":[2.33003,48.83446,2.3311,48.83505],"amenities":{},"sourceId":"parks"}},{"type":"Feature","id":"paris:282","geometry":{"type":"Polygon","coordinates":[[[2.32336168,48.84064863],[2.32390324,48.8406025],[2.32392685,48.84062602],[2.3235063,48.84106749],[2.3234635,48.84106025],[2.32336168,48.84064863]]]},"properties":{"id":"paris:282","name":"SQUARE GASTON BATY","nameAddon":"Square","objectNumber":"282","district":"75014","locality":null,"type":"Promenades ouvertes","areaM2":1035,"areaHa":0.1,"designation":null,"dedicated":null,"builtYear":null,"renovatedYear":null,"planningAreaId":null,"planningAreaName":null,"centroid":[2.323595,48.840782],"bounds":[2.32336,48.8406,2.32393,48.84107],"amenities":{},"sourceId":"parks"}},{"type":"Feature","id":"paris:283","geometry":{"type":"Polygon","coordinates":[[[2.32164404,48.82117243],[2.32393571,48.82065497],[2.32406851,48.82066582],[2.32458794,48.82140402],[2.32455252,48.82141397],[2.32462631,48.82152434],[2.32441824,48.82166365],[2.32427953,48.82185091],[2.32423821,48.82203365],[2.32429134,48.82223901],[2.32290129,48.82250136],[2.32278028,48.82245793],[2.3227006,48.8222951],[2.32164404,48.82117243]]]},"properties":{"id":"paris:283","name":"SQUARE DU SERMENT DE KOUFRA","nameAddon":"Square","objectNumber":"283","district":"75014","locality":null,"type":"Promenades ouvertes","areaM2":27516,"areaHa":2.75,"designation":null,"dedicated":null,"builtYear":null,"renovatedYear":null,"planningAreaId":null,"planningAreaName":null,"centroid":[2.323283,48.82155],"bounds":[2.32164,48.82065,2.32463,48.8225],"amenities":{},"sourceId":"parks"}},{"type":"Feature","id":"paris:284","geometry":{"type":"Polygon","coordinates":[[[2.32562531,48.83186448],[2.32587027,48.83178216],[2.3260134,48.83202099],[2.32649446,48.83189524],[2.32635133,48.83165641],[2.32657562,48.83160575],[2.32686337,48.83209065],[2.32591159,48.83233581],[2.32562531,48.83186448]]]},"properties":{"id":"paris:284","name":"SQUARE DE L'ASPIRANT DUNAND","nameAddon":"Square","objectNumber":"284","district":"75014","locality":null,"type":"Promenades ouvertes","areaM2":6073,"areaHa":0.61,"designation":null,"dedicated":null,"builtYear":null,"renovatedYear":null,"planningAreaId":null,"planningAreaName":null,"centroid":[2.326263,48.832012],"bounds":[2.32563,48.83161,2.32686,48.83234],"amenities":{},"sourceId":"parks"}},{"type":"Feature","id":"paris:285","geometry":{"type":"Polygon","coordinates":[[[2.31817482,48.82390176],[2.3181999,48.82381039],[2.31913989,48.82367921],[2.31924023,48.82374796],[2.31905577,48.82414239],[2.31877983,48.82416863],[2.31817482,48.82390176]]]},"properties":{"id":"paris:285","name":"SQUARE JEAN MOULIN","nameAddon":"Square","objectNumber":"285","district":"75014","locality":null,"type":"Promenades ouvertes","areaM2":2660,"areaHa":0.27,"designation":null,"dedicated":null,"builtYear":null,"renovatedYear":null,"planningAreaId":null,"planningAreaName":null,"centroid":[2.318766,48.823912],"bounds":[2.31817,48.82368,2.31924,48.82417],"amenities":{},"sourceId":"parks"}},{"type":"Feature","id":"paris:286","geometry":{"type":"Polygon","coordinates":[[[2.31999575,48.83138502],[2.32004888,48.83130089],[2.32042517,48.83113353],[2.32051961,48.83122399],[2.32075571,48.83112267],[2.32066127,48.83102678],[2.32099181,48.83087842],[2.32109068,48.83092727],[2.32130022,48.83118328],[2.32081621,48.83139678],[2.32025399,48.83164556],[2.3201507,48.83162475],[2.31999575,48.83138502]]]},"properties":{"id":"paris:286","name":"SQUARE DU CHANOINE VIOLLET","nameAddon":"Square","objectNumber":"286","district":"75014","locality":null,"type":"Promenades ouvertes","areaM2":3435,"areaHa":0.34,"designation":null,"dedicated":null,"builtYear":null,"renovatedYear":null,"planningAreaId":null,"planningAreaName":null,"centroid":[2.32063,48.831274],"bounds":[2.32,48.83088,2.3213,48.83165],"amenities":{},"sourceId":"parks"}},{"type":"Feature","id":"paris:288","geometry":{"type":"Polygon","coordinates":[[[2.33108665,48.82376606],[2.33116485,48.82373349],[2.33144523,48.82376606],[2.33144818,48.82380496],[2.33125339,48.82382486],[2.33117666,48.82385833],[2.33109107,48.8238321],[2.33108665,48.82376606]]]},"properties":{"id":"paris:288","name":"SQUARE MARIAMA BA","nameAddon":"Square","objectNumber":"288","district":"75014","locality":null,"type":"Promenades ouvertes","areaM2":309,"areaHa":0.03,"designation":null,"dedicated":null,"builtYear":null,"renovatedYear":null,"planningAreaId":null,"planningAreaName":null,"centroid":[2.331242,48.82379],"bounds":[2.33109,48.82373,2.33145,48.82386],"amenities":{},"sourceId":"parks"}},{"type":"Feature","id":"paris:290","geometry":{"type":"Polygon","coordinates":[[[2.30248732,48.8255057],[2.30253159,48.82543785],[2.30259504,48.82542338],[2.30272637,48.82576986],[2.30288426,48.82590736],[2.30296395,48.82594174],[2.30338598,48.82584766],[2.30370177,48.82577619],[2.30414741,48.8266338],[2.30437318,48.8265958],[2.30444844,48.82685906],[2.30437908,48.82691424],[2.30387884,48.82665551],[2.30266882,48.82585037],[2.30248732,48.8255057]]]},"properties":{"id":"paris:290","name":"SQUARE JULIA BARTET","nameAddon":"Square","objectNumber":"290","district":"75014","locality":null,"type":"Promenades ouvertes","areaM2":2660,"areaHa":0.27,"designation":null,"dedicated":null,"builtYear":null,"renovatedYear":null,"planningAreaId":null,"planningAreaName":null,"centroid":[2.303576,48.826211],"bounds":[2.30249,48.82542,2.30445,48.82691],"amenities":{},"sourceId":"parks"}},{"type":"Feature","id":"paris:292","geometry":{"type":"Polygon","coordinates":[[[2.3062015,48.82881129],[2.30710311,48.82862765],[2.3072064,48.82867197],[2.30723002,48.82878686],[2.3065099,48.82894156],[2.30645531,48.82895332],[2.30631807,48.82882486],[2.30623396,48.82884205],[2.3062015,48.82881129]]]},"properties":{"id":"paris:292","name":"SQUARE PATURLE","nameAddon":"Square","objectNumber":"292","district":"75014","locality":null,"type":"Promenades ouvertes","areaM2":1315,"areaHa":0.13,"designation":null,"dedicated":null,"builtYear":null,"renovatedYear":null,"planningAreaId":null,"planningAreaName":null,"centroid":[2.306769,48.828788],"bounds":[2.3062,48.82863,2.30723,48.82895],"amenities":{},"sourceId":"parks"}},{"type":"Feature","id":"paris:293","geometry":{"type":"Polygon","coordinates":[[[2.31259101,48.83187082],[2.31304698,48.83163561],[2.31299976,48.8315958],[2.3132034,48.8314583],[2.31382611,48.83174507],[2.31380546,48.83179844],[2.31295844,48.83208793],[2.31269282,48.83193595],[2.31259101,48.83187082]]]},"properties":{"id":"paris:293","name":"JARDIN CHERIFA","nameAddon":"Square","objectNumber":"293","district":"75014","locality":null,"type":"Promenades ouvertes","areaM2":2950,"areaHa":0.3,"designation":null,"dedicated":null,"builtYear":null,"renovatedYear":null,"planningAreaId":null,"planningAreaName":null,"centroid":[2.313201,48.831788],"bounds":[2.31259,48.83146,2.31383,48.83209],"amenities":{},"sourceId":"parks"}},{"type":"Feature","id":"paris:294","geometry":{"type":"Polygon","coordinates":[[[2.31367265,48.83071648],[2.31392646,48.83061607],[2.31401204,48.83066763],[2.31413305,48.83065859],[2.31475429,48.83113262],[2.31433669,48.83137416],[2.31424372,48.83129184],[2.31429684,48.83126018],[2.31376119,48.83084494],[2.31367265,48.83071648]]]},"properties":{"id":"paris:294","name":"JARDIN MAUDY PIOT-JACOMET","nameAddon":"Jardin","objectNumber":"294","district":"75014","locality":null,"type":"Promenades ouvertes","areaM2":3536,"areaHa":0.35,"designation":null,"dedicated":null,"builtYear":null,"renovatedYear":null,"planningAreaId":null,"planningAreaName":null,"centroid":[2.314212,48.830967],"bounds":[2.31367,48.83062,2.31475,48.83137],"amenities":{},"sourceId":"parks"}},{"type":"Feature","id":"paris:295","geometry":{"type":"Polygon","coordinates":[[[2.3130514,48.83043423],[2.31330964,48.83022707],[2.31337752,48.83022616],[2.31387333,48.83049846],[2.31381874,48.83053917],[2.3136815,48.83052198],[2.31344392,48.83064773],[2.31328308,48.83050841],[2.31316355,48.83053193],[2.3130514,48.83043423]]]},"properties":{"id":"paris:295","name":"SQUARE PAULY","nameAddon":"Square","objectNumber":"295","district":"75014","locality":null,"type":"Promenades ouvertes","areaM2":1050,"areaHa":0.11,"designation":null,"dedicated":null,"builtYear":null,"renovatedYear":null,"planningAreaId":null,"planningAreaName":null,"centroid":[2.31343,48.830434],"bounds":[2.31305,48.83023,2.31387,48.83065],"amenities":{},"sourceId":"parks"}},{"type":"Feature","id":"paris:296","geometry":{"type":"Polygon","coordinates":[[[2.30770074,48.83003257],[2.30810064,48.82982721],[2.30801358,48.82975394],[2.30802243,48.82966076],[2.30819066,48.82957481],[2.30832346,48.82962005],[2.30860678,48.82983897],[2.30824525,48.83002443],[2.30864072,48.83036005],[2.30833527,48.83053555],[2.30770074,48.83003257]]]},"properties":{"id":"paris:296","name":"SQUARE DES JONQUILLES","nameAddon":"Square","objectNumber":"296","district":"75014","locality":null,"type":"Promenades ouvertes","areaM2":3440,"areaHa":0.34,"designation":null,"dedicated":null,"builtYear":null,"renovatedYear":null,"planningAreaId":null,"planningAreaName":null,"centroid":[2.30821,48.83005],"bounds":[2.3077,48.82957,2.30864,48.83054],"amenities":{},"sourceId":"parks"}},{"type":"Feature","id":"paris:297","geometry":{"type":"Polygon","coordinates":[[[2.32169274,48.83113986],[2.32300606,48.8305645],[2.32307689,48.83063416],[2.32206755,48.83107563],[2.32175471,48.83121223],[2.32169274,48.83113986]]]},"properties":{"id":"paris:297","name":"SQUARE JULES DURAND","nameAddon":"Square","objectNumber":"297","district":"75014","locality":null,"type":"Promenades ouvertes","areaM2":1035,"areaHa":0.1,"designation":null,"dedicated":null,"builtYear":null,"renovatedYear":null,"planningAreaId":null,"planningAreaName":null,"centroid":[2.322384,48.830887],"bounds":[2.32169,48.83056,2.32308,48.83121],"amenities":{},"sourceId":"parks"}},{"type":"Feature","id":"paris:298","geometry":{"type":"Polygon","coordinates":[[[2.30885174,48.83128008],[2.31120538,48.83265786],[2.31119063,48.83276823],[2.31093682,48.83286503],[2.31077302,48.83291478],[2.31056053,48.8326841],[2.30885174,48.83128008]]]},"properties":{"id":"paris:298","name":"SQUARE HENRI ET ACHILLE DUCHENE","nameAddon":"Square","objectNumber":"298","district":"75014","locality":null,"type":"Promenades ouvertes","areaM2":4790,"areaHa":0.48,"designation":null,"dedicated":null,"builtYear":null,"renovatedYear":null,"planningAreaId":null,"planningAreaName":null,"centroid":[2.310326,48.832304],"bounds":[2.30885,48.83128,2.31121,48.83291],"amenities":{},"sourceId":"parks"}},{"type":"Feature","id":"paris:299","geometry":{"type":"Polygon","coordinates":[[[2.31099289,48.83304415],[2.31135147,48.83290664],[2.31159052,48.83295097],[2.3125851,48.83368554],[2.31337162,48.83434232],[2.31326095,48.8344364],[2.31252755,48.83384838],[2.31246558,48.83388276],[2.31161266,48.83333725],[2.31145477,48.8334232],[2.31099289,48.83304415]]]},"properties":{"id":"paris:299","name":"SQUARE DU PERE PLUMIER","nameAddon":"Square","objectNumber":"299","district":"75014","locality":null,"type":"Promenades ouvertes","areaM2":5997,"areaHa":0.6,"designation":null,"dedicated":null,"builtYear":null,"renovatedYear":null,"planningAreaId":null,"planningAreaName":null,"centroid":[2.312055,48.833501],"bounds":[2.31099,48.83291,2.31337,48.83444],"amenities":{},"sourceId":"parks"}},{"type":"Feature","id":"paris:3","geometry":{"type":"Polygon","coordinates":[[[2.34194439,48.85678306],[2.34253021,48.85624118],[2.34278255,48.85614981],[2.34310866,48.85655328],[2.34285781,48.85665641],[2.34194439,48.85678306]]]},"properties":{"id":"paris:3","name":"SQUARE DE LA PLACE DAUPHINE","nameAddon":"Square","objectNumber":"3","district":"75001","locality":null,"type":"Promenades ouvertes","areaM2":2635,"areaHa":0.26,"designation":null,"dedicated":null,"builtYear":null,"renovatedYear":null,"planningAreaId":null,"planningAreaName":null,"centroid":[2.342591,48.856498],"bounds":[2.34194,48.85615,2.34311,48.85678],"amenities":{},"sourceId":"parks"}},{"type":"Feature","id":"paris:30","geometry":{"type":"Polygon","coordinates":[[[2.35837856,48.85385833],[2.35886405,48.8536575],[2.35903227,48.85371902],[2.35900718,48.85379772],[2.35885372,48.85377782],[2.35875632,48.85381219],[2.35883158,48.85391442],[2.3586486,48.85397594],[2.35857335,48.85388095],[2.35843611,48.85393161],[2.35837856,48.85385833]]]},"properties":{"id":"paris:30","name":"JARDIN DU PASSAGE DE L'HOTEL DE SENS","nameAddon":"Jardin","objectNumber":"30","district":"75004","locality":null,"type":"Promenades ouvertes","areaM2":620,"areaHa":0.06,"designation":null,"dedicated":null,"builtYear":null,"renovatedYear":null,"planningAreaId":null,"planningAreaName":null,"centroid":[2.358713,48.853814],"bounds":[2.35838,48.85366,2.35903,48.85398],"amenities":{},"sourceId":"parks"}},{"type":"Feature","id":"paris:300","geometry":{"type":"Polygon","coordinates":[[[2.31542571,48.83594898],[2.3154744,48.83563597],[2.31569427,48.83565135],[2.31594513,48.83580423],[2.3158743,48.83585128],[2.31593923,48.83591189],[2.31615467,48.83593088],[2.31670508,48.83626108],[2.3170976,48.8364194],[2.31716696,48.836518],[2.31686003,48.83664375],[2.31688216,48.83666275],[2.31667705,48.83676769],[2.31661359,48.83675683],[2.31661359,48.83680659],[2.31609269,48.83649991],[2.31599678,48.83657409],[2.31593628,48.83651438],[2.31595989,48.83641125],[2.31586987,48.83638502],[2.31578133,48.8364194],[2.31546555,48.83611905],[2.31542571,48.83594898]]]},"properties":{"id":"paris:300","name":"SQUARE DU CARDINAL WYSZINSKI","nameAddon":"Square","objectNumber":"300","district":"75014","locality":null,"type":"Promenades ouvertes","areaM2":8236,"areaHa":0.82,"designation":null,"dedicated":null,"builtYear":null,"renovatedYear":null,"planningAreaId":null,"planningAreaName":null,"centroid":[2.316183,48.836248],"bounds":[2.31543,48.83564,2.31717,48.83681],"amenities":{},"sourceId":"parks"}},{"type":"Feature","id":"paris:301","geometry":{"type":"Polygon","coordinates":[[[2.31784132,48.8362249],[2.3179092,48.83610458],[2.31806562,48.83603854],[2.31826631,48.83606477],[2.31839616,48.83618057],[2.31844929,48.83630541],[2.31836518,48.83654514],[2.31821909,48.83660304],[2.3180671,48.83659399],[2.31795642,48.8365379],[2.31785313,48.83639768],[2.31784132,48.8362249]]]},"properties":{"id":"paris:301","name":"JARDIN DES COLONNES","nameAddon":"Jardin","objectNumber":"301","district":"75014","locality":null,"type":"Promenades ouvertes","areaM2":3480,"areaHa":0.35,"designation":null,"dedicated":null,"builtYear":null,"renovatedYear":null,"planningAreaId":null,"planningAreaName":null,"centroid":[2.318139,48.836321],"bounds":[2.31784,48.83604,2.31845,48.8366],"amenities":{},"sourceId":"parks"}},{"type":"Feature","id":"paris:302","geometry":{"type":"Polygon","coordinates":[[[2.31699726,48.83623937],[2.31705186,48.83623666],[2.31740158,48.83590736],[2.31749602,48.83572372],[2.31768491,48.83576805],[2.31762883,48.8358757],[2.31784723,48.83594626],[2.3177882,48.83597793],[2.31774098,48.83594445],[2.31768786,48.83598155],[2.31752554,48.83620952],[2.31745176,48.83626832],[2.31729977,48.83627827],[2.31721123,48.8363416],[2.31699726,48.83623937]]]},"properties":{"id":"paris:302","name":"JARDIN DU CLOITRE","nameAddon":"Jardin","objectNumber":"302","district":"75014","locality":null,"type":"Promenades ouvertes","areaM2":1650,"areaHa":0.17,"designation":null,"dedicated":null,"builtYear":null,"renovatedYear":null,"planningAreaId":null,"planningAreaName":null,"centroid":[2.317427,48.836054],"bounds":[2.317,48.83572,2.31785,48.83634],"amenities":{},"sourceId":"parks"}},{"type":"Feature","id":"paris:303","geometry":{"type":"Polygon","coordinates":[[[2.31283449,48.83361769],[2.3132639,48.83339696],[2.3131488,48.83329021],[2.31344688,48.83311833],[2.31376709,48.83296906],[2.31380546,48.8329962],[2.31353837,48.83314637],[2.31357378,48.83324227],[2.313379,48.83341596],[2.31351771,48.83351276],[2.31359887,48.83349285],[2.31383792,48.83334359],[2.31375971,48.83328207],[2.31394564,48.83316266],[2.31400467,48.83325041],[2.31393236,48.83331011],[2.31413305,48.83343857],[2.31407402,48.83347386],[2.31438095,48.83362674],[2.31424372,48.83371087],[2.31438095,48.83381943],[2.31427176,48.83387733],[2.31412272,48.8337552],[2.31370069,48.83397684],[2.31348082,48.83376968],[2.31331407,48.83368373],[2.31306026,48.83379591],[2.31283449,48.83361769]]]},"properties":{"id":"paris:303","name":"SQUARE CAROLE ROUSSOPOULOS","nameAddon":"Square","objectNumber":"303","district":"75014","locality":null,"type":"Promenades ouvertes","areaM2":5167,"areaHa":0.52,"designation":null,"dedicated":null,"builtYear":null,"renovatedYear":null,"planningAreaId":null,"planningAreaName":null,"centroid":[2.313643,48.83356],"bounds":[2.31283,48.83297,2.31438,48.83398],"amenities":{},"sourceId":"parks"}},{"type":"Feature","id":"paris:304","geometry":{"type":"Polygon","coordinates":[[[2.31658851,48.8302144],[2.31708137,48.83005247],[2.31719942,48.83020988],[2.31672132,48.83037453],[2.31669771,48.83040166],[2.31658851,48.8302144]]]},"properties":{"id":"paris:304","name":"SQUARE FREDERIC BAZILLE","nameAddon":"Square","objectNumber":"304","district":"75014","locality":null,"type":"Promenades ouvertes","areaM2":865,"areaHa":0.09,"designation":null,"dedicated":null,"builtYear":null,"renovatedYear":null,"planningAreaId":null,"planningAreaName":null,"centroid":[2.316888,48.830217],"bounds":[2.31659,48.83005,2.3172,48.8304],"amenities":{},"sourceId":"parks"}},{"type":"Feature","id":"paris:305","geometry":{"type":"Polygon","coordinates":[[[2.31084533,48.82473584],[2.31155954,48.82475936],[2.31160676,48.82479284],[2.31227965,48.82470237],[2.31229735,48.82474579],[2.31187089,48.82480731],[2.31132934,48.82495024],[2.31113898,48.82491406],[2.31084533,48.82473584]]]},"properties":{"id":"paris:305","name":"SQUARE AUX ARTISTES","nameAddon":"Square","objectNumber":"305","district":"75014","locality":null,"type":"Promenades ouvertes","areaM2":800,"areaHa":0.08,"designation":null,"dedicated":null,"builtYear":null,"renovatedYear":null,"planningAreaId":null,"planningAreaName":null,"centroid":[2.31145,48.824816],"bounds":[2.31085,48.8247,2.3123,48.82495],"amenities":{},"sourceId":"parks"}},{"type":"Feature","id":"paris:306","geometry":{"type":"Polygon","coordinates":[[[2.3138394,48.82443912],[2.31536225,48.82410982],[2.31642029,48.82378596],[2.31649997,48.82372263],[2.31649849,48.82363941],[2.31622255,48.82347295],[2.31657818,48.82362946],[2.31652506,48.8236385],[2.31652653,48.82372625],[2.31643504,48.82380043],[2.31433964,48.82444364],[2.31387776,48.82452054],[2.3138394,48.82443912]]]},"properties":{"id":"paris:306","name":"JARDIN JULES NOEL","nameAddon":"Jardin","objectNumber":"306","district":"75014","locality":null,"type":"Promenades ouvertes","areaM2":815,"areaHa":0.08,"designation":null,"dedicated":null,"builtYear":null,"renovatedYear":null,"planningAreaId":null,"planningAreaName":null,"centroid":[2.314835,48.824232],"bounds":[2.31384,48.82347,2.31658,48.82452],"amenities":{},"sourceId":"parks"}},{"type":"Feature","id":"paris:307","geometry":{"type":"Polygon","coordinates":[[[2.32193327,48.82796092],[2.32347826,48.82756649],[2.32366862,48.82795187],[2.32242318,48.82823865],[2.32238038,48.82815451],[2.32217527,48.82820156],[2.32221954,48.82828569],[2.32214133,48.82830469],[2.32193327,48.82796092]]]},"properties":{"id":"paris:307","name":"JARDIN LIONEL ASSOUAD","nameAddon":"Jardin","objectNumber":"307","district":"75014","locality":null,"type":"Promenades ouvertes","areaM2":4750,"areaHa":0.48,"designation":null,"dedicated":null,"builtYear":null,"renovatedYear":null,"planningAreaId":null,"planningAreaName":null,"centroid":[2.322833,48.827933],"bounds":[2.32193,48.82757,2.32367,48.8283],"amenities":{},"sourceId":"parks"}},{"type":"Feature","id":"paris:308","geometry":{"type":"Polygon","coordinates":[[[2.31343802,48.83453049],[2.3135118,48.83449159],[2.31371839,48.83453953],[2.31531503,48.83551384],[2.31527814,48.8358947],[2.31527224,48.83593812],[2.31520436,48.83593903],[2.31481479,48.83570563],[2.31487677,48.83566492],[2.31479708,48.83561607],[2.31486201,48.83557536],[2.31410501,48.83500905],[2.31407255,48.83502804],[2.31391318,48.8349421],[2.31396925,48.8349023],[2.31343802,48.83453049]]]},"properties":{"id":"paris:308","name":"SQUARE DE L'ABBE LEMIRE","nameAddon":"Square","objectNumber":"308","district":"75014","locality":null,"type":"Promenades ouvertes","areaM2":3500,"areaHa":0.35,"designation":null,"dedicated":null,"builtYear":null,"renovatedYear":null,"planningAreaId":null,"planningAreaName":null,"centroid":[2.314582,48.835244],"bounds":[2.31344,48.83449,2.31532,48.83594],"amenities":{},"sourceId":"parks"}},{"type":"Feature","id":"paris:309","geometry":{"type":"Polygon","coordinates":[[[2.32202181,48.83670255],[2.32217822,48.83658585],[2.32211182,48.83650353],[2.32216052,48.83646644],[2.32238038,48.83656143],[2.32226381,48.83653067],[2.32230955,48.83656233],[2.32256041,48.83660033],[2.32263419,48.83657409],[2.32272716,48.83662656],[2.32239071,48.83687534],[2.32225348,48.83681111],[2.32219298,48.83672517],[2.32202181,48.83670255]]]},"properties":{"id":"paris:309","name":"JARDIN DU MOULIN DES TROIS CORNETS","nameAddon":"Jardin","objectNumber":"309","district":"75014","locality":null,"type":"Promenades ouvertes","areaM2":1000,"areaHa":0.1,"designation":null,"dedicated":null,"builtYear":null,"renovatedYear":null,"planningAreaId":null,"planningAreaName":null,"centroid":[2.322362,48.836673],"bounds":[2.32202,48.83647,2.32273,48.83688],"amenities":{},"sourceId":"parks"}},{"type":"Feature","id":"paris:310","geometry":{"type":"Polygon","coordinates":[[[2.31915759,48.83221368],[2.31940845,48.83210241],[2.31929335,48.83198571],[2.31996034,48.83169441],[2.32007249,48.83186629],[2.31951322,48.83210964],[2.31920629,48.83224444],[2.31915759,48.83221368]]]},"properties":{"id":"paris:310","name":"JARDIN ALBERTO GIACOMETTI","nameAddon":"Jardin","objectNumber":"310","district":"75014","locality":null,"type":"Promenades ouvertes","areaM2":1342,"areaHa":0.13,"designation":null,"dedicated":null,"builtYear":null,"renovatedYear":null,"planningAreaId":null,"planningAreaName":null,"centroid":[2.31966,48.831942],"bounds":[2.31916,48.83169,2.32007,48.83224],"amenities":{},"sourceId":"parks"}},{"type":"Feature","id":"paris:311","geometry":{"type":"Polygon","coordinates":[[[2.33090514,48.83921929],[2.33102467,48.83889542],[2.33106008,48.83888547],[2.33143195,48.83912973],[2.33090514,48.83921929]]]},"properties":{"id":"paris:311","name":"SQUARE YVES KLEIN","nameAddon":"Square","objectNumber":"311","district":"75014","locality":null,"type":"Promenades ouvertes","areaM2":715,"areaHa":0.07,"designation":null,"dedicated":null,"builtYear":null,"renovatedYear":null,"planningAreaId":null,"planningAreaName":null,"centroid":[2.331124,48.839074],"bounds":[2.33091,48.83889,2.33143,48.83922],"amenities":{},"sourceId":"parks"}},{"type":"Feature","id":"paris:312","geometry":{"type":"Polygon","coordinates":[[[2.33736548,48.8263036],[2.33830251,48.82616428],[2.33838515,48.82641306],[2.33744664,48.82655238],[2.33736548,48.8263036]]]},"properties":{"id":"paris:312","name":"JARDIN MARIE-THERESE AUFFRAY","nameAddon":"Jardin","objectNumber":"312","district":"75014","locality":null,"type":"Promenades ouvertes","areaM2":2650,"areaHa":0.27,"designation":null,"dedicated":null,"builtYear":null,"renovatedYear":null,"planningAreaId":null,"planningAreaName":null,"centroid":[2.337875,48.826358],"bounds":[2.33737,48.82616,2.33839,48.82655],"amenities":{},"sourceId":"parks"}},{"type":"Feature","id":"paris:316","geometry":{"type":"Polygon","coordinates":[[[2.30488965,48.82799349],[2.30523938,48.82793197],[2.30534563,48.82814185],[2.3057411,48.82853718],[2.30583996,48.82866745],[2.3055832,48.8285607],[2.30488965,48.82799349]]]},"properties":{"id":"paris:316","name":"JARDIN MONIQUE WITTIG","nameAddon":"Jardinet","objectNumber":"316","district":"75014","locality":null,"type":"Promenades ouvertes","areaM2":996,"areaHa":0.1,"designation":null,"dedicated":null,"builtYear":null,"renovatedYear":null,"planningAreaId":null,"planningAreaName":null,"centroid":[2.305338,48.828245],"bounds":[2.30489,48.82793,2.30584,48.82867],"amenities":{},"sourceId":"parks"}},{"type":"Feature","id":"paris:329","geometry":{"type":"Polygon","coordinates":[[[2.2920826,48.84520536],[2.29365267,48.84461914],[2.29382237,48.84480821],[2.29275106,48.84523159],[2.29228476,48.84543242],[2.2920826,48.84520536]]]},"properties":{"id":"paris:329","name":"SQUARE YVETTE CHAUVIRE","nameAddon":"Square","objectNumber":"329","district":"75015","locality":null,"type":"Promenades ouvertes","areaM2":3745,"areaHa":0.37,"designation":null,"dedicated":null,"builtYear":null,"renovatedYear":null,"planningAreaId":null,"planningAreaName":null,"centroid":[2.292937,48.845023],"bounds":[2.29208,48.84462,2.29382,48.84543],"amenities":{},"sourceId":"parks"}},{"type":"Feature","id":"paris:33","geometry":{"type":"Polygon","coordinates":[[[2.34927978,48.84816175],[2.34940226,48.84809028],[2.3510107,48.84720463],[2.35032453,48.84803239],[2.34943472,48.84827212],[2.34927978,48.84816175]]]},"properties":{"id":"paris:33","name":"SQUARE PAUL LANGEVIN","nameAddon":"Square","objectNumber":"33","district":"75005","locality":null,"type":"Promenades ouvertes","areaM2":4328,"areaHa":0.43,"designation":null,"dedicated":null,"builtYear":null,"renovatedYear":null,"planningAreaId":null,"planningAreaName":null,"centroid":[2.350125,48.847852],"bounds":[2.34928,48.8472,2.35101,48.84827],"amenities":{},"sourceId":"parks"}},{"type":"Feature","id":"paris:330","geometry":{"type":"Polygon","coordinates":[[[2.28883915,48.84393794],[2.29035905,48.84334901],[2.29069845,48.84373711],[2.28972748,48.84410892],[2.29007721,48.84451511],[2.28952974,48.84473041],[2.28883915,48.84393794]]]},"properties":{"id":"paris:330","name":"SQUARE VIOLET","nameAddon":"Square","objectNumber":"330","district":"75015","locality":null,"type":"Promenades ouvertes","areaM2":9550,"areaHa":0.96,"designation":null,"dedicated":null,"builtYear":null,"renovatedYear":null,"planningAreaId":null,"planningAreaName":null,"centroid":[2.28973,48.843997],"bounds":[2.28884,48.84335,2.2907,48.84473],"amenities":{},"sourceId":"parks"}},{"type":"Feature","id":"paris:331","geometry":{"type":"Polygon","coordinates":[[[2.30209775,48.84801972],[2.3021125,48.84797539],[2.30250945,48.84788583],[2.30288574,48.84813552],[2.30288426,48.84817984],[2.3026216,48.84834359],[2.30256405,48.84834268],[2.30209775,48.84801972]]]},"properties":{"id":"paris:331","name":"SQUARE CAMBRONNE","nameAddon":"Square","objectNumber":"331","district":"75015","locality":null,"type":"Promenades ouvertes","areaM2":1740,"areaHa":0.17,"designation":null,"dedicated":null,"builtYear":null,"renovatedYear":null,"planningAreaId":null,"planningAreaName":null,"centroid":[2.302511,48.848103],"bounds":[2.3021,48.84789,2.30289,48.84834],"amenities":{},"sourceId":"parks"}},{"type":"Feature","id":"paris:332","geometry":{"type":"Polygon","coordinates":[[[2.3015739,48.84839334],[2.30158275,48.84820337],[2.30164768,48.84818799],[2.30220104,48.84857337],[2.30214497,48.84864574],[2.30201069,48.84869459],[2.3015739,48.84839334]]]},"properties":{"id":"paris:332","name":"SQUARE GARIBALDI","nameAddon":"Square","objectNumber":"332","district":"75015","locality":null,"type":"Promenades ouvertes","areaM2":1377,"areaHa":0.14,"designation":null,"dedicated":null,"builtYear":null,"renovatedYear":null,"planningAreaId":null,"planningAreaName":null,"centroid":[2.301855,48.848454],"bounds":[2.30157,48.84819,2.3022,48.84869],"amenities":{},"sourceId":"parks"}},{"type":"Feature","id":"paris:333","geometry":{"type":"Polygon","coordinates":[[[2.3000658,48.84069206],[2.30083903,48.83955944],[2.30116515,48.83969513],[2.30044208,48.8408178],[2.30026943,48.84077076],[2.3000658,48.84069206]]]},"properties":{"id":"paris:333","name":"SQUARE JEAN CHERIOUX","nameAddon":"Square","objectNumber":"333","district":"75015","locality":null,"type":"Promenades ouvertes","areaM2":3980,"areaHa":0.4,"designation":null,"dedicated":null,"builtYear":null,"renovatedYear":null,"planningAreaId":null,"planningAreaName":null,"centroid":[2.30062,48.840202],"bounds":[2.30007,48.83956,2.30117,48.84082],"amenities":{},"sourceId":"parks"}},{"type":"Feature","id":"paris:334","geometry":{"type":"MultiPolygon","coordinates":[[[[2.31126146,48.84556541],[2.31137803,48.84547404],[2.31150346,48.8454858],[2.31158905,48.84555274],[2.31162446,48.84587299],[2.31129687,48.84588022],[2.31126146,48.84556541]]],[[[2.31130868,48.84597431],[2.31163627,48.84596707],[2.31166873,48.84625113],[2.31134262,48.84626832],[2.31130868,48.84597431]]],[[[2.31135442,48.84636331],[2.31167906,48.84634702],[2.3117189,48.8466935],[2.31139426,48.84670707],[2.31135442,48.84636331]]],[[[2.31136032,48.84588384],[2.31156544,48.84587842],[2.31156839,48.84593631],[2.31136328,48.84594174],[2.31136032,48.84588384]]],[[[2.31140607,48.84629817],[2.31161118,48.84628732],[2.31161856,48.84634521],[2.31141492,48.84635607],[2.31140607,48.84629817]]],[[[2.31143263,48.84731771],[2.31146509,48.84718925],[2.31157429,48.84715216],[2.31176612,48.84717387],[2.31182072,48.84724353],[2.31178236,48.8473729],[2.3117189,48.84739189],[2.31162299,48.84741542],[2.3114887,48.84738647],[2.31143263,48.84731771]]]]},"properties":{"id":"paris:334","name":"PROMENADE DE L'AVENUE DE BRETEUIL 15E","nameAddon":"Promenade","objectNumber":"334","district":"75015","locality":null,"type":"Promenades ouvertes","areaM2":3902,"areaHa":0.39,"designation":null,"dedicated":null,"builtYear":null,"renovatedYear":null,"planningAreaId":null,"planningAreaName":null,"centroid":[2.311512,48.846315],"bounds":[2.31126,48.84547,2.31182,48.84742],"amenities":{},"sourceId":"parks"}},{"type":"Feature","id":"paris:335","geometry":{"type":"Polygon","coordinates":[[[2.30601409,48.83961733],[2.30630479,48.83924643],[2.30636677,48.83923286],[2.30704408,48.83948344],[2.30679175,48.83979284],[2.30668993,48.83986973],[2.30601409,48.83961733]]]},"properties":{"id":"paris:335","name":"SQUARE NECKER","nameAddon":"Square","objectNumber":"335","district":"75015","locality":null,"type":"Promenades ouvertes","areaM2":3066,"areaHa":0.31,"designation":null,"dedicated":null,"builtYear":null,"renovatedYear":null,"planningAreaId":null,"planningAreaName":null,"centroid":[2.306526,48.839549],"bounds":[2.30601,48.83923,2.30704,48.83987],"amenities":{},"sourceId":"parks"}},{"type":"Feature","id":"paris:336","geometry":{"type":"Polygon","coordinates":[[[2.29511356,48.85108287],[2.29512093,48.8510123],[2.29553559,48.85079247],[2.29564331,48.85079609],[2.29641507,48.85130903],[2.29641212,48.8513805],[2.29603435,48.85162656],[2.29592663,48.85162747],[2.29562855,48.85142754],[2.29511356,48.85108287]]]},"properties":{"id":"paris:336","name":"SQUARE FRANCK BAUER","nameAddon":"Square","objectNumber":"336","district":"75015","locality":null,"type":"Promenades ouvertes","areaM2":4842,"areaHa":0.48,"designation":null,"dedicated":null,"builtYear":null,"renovatedYear":null,"planningAreaId":null,"planningAreaName":null,"centroid":[2.295773,48.851205],"bounds":[2.29511,48.85079,2.29642,48.85163],"amenities":{},"sourceId":"parks"}},{"type":"Feature","id":"paris:337","geometry":{"type":"Polygon","coordinates":[[[2.28009009,48.84385562],[2.28018453,48.84380948],[2.28039407,48.84399855],[2.28048704,48.84395422],[2.28078364,48.84422833],[2.28070396,48.84426542],[2.28058886,48.84431789],[2.28009009,48.84385562]]]},"properties":{"id":"paris:337","name":"SQUARE PAUL GILOT","nameAddon":"Square","objectNumber":"337","district":"75015","locality":null,"type":"Promenades ouvertes","areaM2":860,"areaHa":0.09,"designation":null,"dedicated":null,"builtYear":null,"renovatedYear":null,"planningAreaId":null,"planningAreaName":null,"centroid":[2.280462,48.844082],"bounds":[2.28009,48.84381,2.28078,48.84432],"amenities":{},"sourceId":"parks"}},{"type":"Feature","id":"paris:338","geometry":{"type":"Polygon","coordinates":[[[2.29340034,48.829203],[2.29348593,48.82913154],[2.29406143,48.82904107],[2.29419571,48.82906278],[2.29477121,48.82938303],[2.29452625,48.82957391],[2.29443476,48.82947349],[2.29425621,48.82944183],[2.29398617,48.82953139],[2.29391977,48.82965714],[2.29407766,48.82986611],[2.29371908,48.82998372],[2.29389763,48.83022164],[2.29351987,48.83034286],[2.29340182,48.83029492],[2.29340034,48.829203]]]},"properties":{"id":"paris:338","name":"SQUARE DU CARDINAL VERDIER","nameAddon":"Square","objectNumber":"338","district":"75015","locality":null,"type":"Promenades ouvertes","areaM2":6530,"areaHa":0.65,"designation":null,"dedicated":null,"builtYear":null,"renovatedYear":null,"planningAreaId":null,"planningAreaName":null,"centroid":[2.293845,48.829567],"bounds":[2.2934,48.82904,2.29477,48.83034],"amenities":{},"sourceId":"parks"}},{"type":"Feature","id":"paris:339","geometry":{"type":"Polygon","coordinates":[[[2.296843,48.82854351],[2.2968976,48.82846119],[2.29825224,48.82810024],[2.29837029,48.82814366],[2.2987569,48.82890447],[2.2986964,48.82898498],[2.29829946,48.82907273],[2.29808106,48.82864483],[2.2978671,48.82860593],[2.2976428,48.8286575],[2.29749966,48.82877239],[2.29771806,48.82920119],[2.29732406,48.82928895],[2.29720158,48.82924914],[2.296843,48.82854351]]]},"properties":{"id":"paris:339","name":"SQUARE DU DOCTEUR CALMETTE","nameAddon":"Square","objectNumber":"339","district":"75015","locality":null,"type":"Promenades ouvertes","areaM2":11760,"areaHa":1.18,"designation":null,"dedicated":null,"builtYear":null,"renovatedYear":null,"planningAreaId":null,"planningAreaName":null,"centroid":[2.297779,48.828656],"bounds":[2.29684,48.8281,2.29876,48.82929],"amenities":{},"sourceId":"parks"}},{"type":"Feature","id":"paris:34","geometry":{"type":"Polygon","coordinates":[[[2.3461957,48.84902026],[2.34630637,48.84885109],[2.34648787,48.84903202],[2.34641704,48.84908088],[2.34625915,48.84912339],[2.3461957,48.84902026]]]},"properties":{"id":"paris:34","name":"SQUARE YVES COPPENS","nameAddon":"Jardin","objectNumber":"34","district":"75005","locality":null,"type":"Promenades ouvertes","areaM2":365,"areaHa":0.04,"designation":null,"dedicated":null,"builtYear":null,"renovatedYear":null,"planningAreaId":null,"planningAreaName":null,"centroid":[2.346328,48.849005],"bounds":[2.3462,48.84885,2.34649,48.84912],"amenities":{},"sourceId":"parks"}},{"type":"Feature","id":"paris:340","geometry":{"type":"Polygon","coordinates":[[[2.29547361,48.84264791],[2.29651246,48.8415361],[2.29677512,48.84148453],[2.29702451,48.84156324],[2.29801023,48.84187534],[2.29811205,48.84194138],[2.29813419,48.84203003],[2.2979453,48.84275014],[2.29772986,48.84286412],[2.29551345,48.84276732],[2.29547361,48.84264791]]]},"properties":{"id":"paris:340","name":"SQUARE SAINT-LAMBERT","nameAddon":"Square","objectNumber":"340","district":"75015","locality":null,"type":"Promenades ouvertes","areaM2":20745,"areaHa":2.07,"designation":null,"dedicated":null,"builtYear":null,"renovatedYear":null,"planningAreaId":null,"planningAreaName":null,"centroid":[2.29692,48.842268],"bounds":[2.29547,48.84148,2.29813,48.84286],"amenities":{},"sourceId":"parks"}},{"type":"Feature","id":"paris:341","geometry":{"type":"Polygon","coordinates":[[[2.2977579,48.83991768],[2.29795858,48.83974217],[2.29804122,48.83981817],[2.29822272,48.83986883],[2.29802499,48.84004885],[2.29781397,48.83999186],[2.2977579,48.83991768]]]},"properties":{"id":"paris:341","name":"SQUARE GERBERT - BLOMET","nameAddon":"Square","objectNumber":"341","district":"75015","locality":null,"type":"Promenades ouvertes","areaM2":665,"areaHa":0.07,"designation":null,"dedicated":null,"builtYear":null,"renovatedYear":null,"planningAreaId":null,"planningAreaName":null,"centroid":[2.297975,48.839908],"bounds":[2.29776,48.83974,2.29822,48.84005],"amenities":{},"sourceId":"parks"}},{"type":"Feature","id":"paris:342","geometry":{"type":"Polygon","coordinates":[[[2.29211949,48.84284331],[2.2922154,48.84279537],[2.29236149,48.84275285],[2.29248692,48.8428985],[2.29224639,48.84298896],[2.29211949,48.84284331]]]},"properties":{"id":"paris:342","name":"SQUARE DE LA PLACE ETIENNE PERNET","nameAddon":"Square","objectNumber":"342","district":"75015","locality":null,"type":"Promenades ouvertes","areaM2":640,"areaHa":0.06,"designation":null,"dedicated":null,"builtYear":null,"renovatedYear":null,"planningAreaId":null,"planningAreaName":null,"centroid":[2.292301,48.842869],"bounds":[2.29212,48.84275,2.29249,48.84299],"amenities":{},"sourceId":"parks"}},{"type":"Feature","id":"paris:343","geometry":{"type":"Polygon","coordinates":[[[2.28260605,48.83915958],[2.28268721,48.83910711],[2.28297939,48.83922472],[2.28282592,48.83930975],[2.28260605,48.83915958]]]},"properties":{"id":"paris:343","name":"JARDIN ROSALIND FRANKLIN","nameAddon":"Jardin","objectNumber":"343","district":"75015","locality":null,"type":"Promenades ouvertes","areaM2":294,"areaHa":0.03,"designation":null,"dedicated":null,"builtYear":null,"renovatedYear":null,"planningAreaId":null,"planningAreaName":null,"centroid":[2.282787,48.839206],"bounds":[2.28261,48.83911,2.28298,48.83931],"amenities":{},"sourceId":"parks"}},{"type":"Feature","id":"paris:344","geometry":{"type":"Polygon","coordinates":[[[2.29258726,48.82886195],[2.29263744,48.82804143],[2.29277024,48.82801701],[2.29363644,48.82874344],[2.2936571,48.8288529],[2.29354938,48.82893523],[2.29285878,48.82904107],[2.29262563,48.82895422],[2.29258726,48.82886195]]]},"properties":{"id":"paris:344","name":"SQUARE DE LA PORTE DE LA PLAINE","nameAddon":"Square","objectNumber":"344","district":"75015","locality":null,"type":"Promenades ouvertes","areaM2":5566,"areaHa":0.56,"designation":null,"dedicated":null,"builtYear":null,"renovatedYear":null,"planningAreaId":null,"planningAreaName":null,"centroid":[2.29301,48.82862],"bounds":[2.29259,48.82802,2.29366,48.82904],"amenities":{},"sourceId":"parks"}},{"type":"Feature","id":"paris:346","geometry":{"type":"Polygon","coordinates":[[[2.29377515,48.82842229],[2.29418981,48.82825041],[2.29619225,48.82802967],[2.29645491,48.82790483],[2.29660985,48.82771576],[2.2973521,48.8276271],[2.29787152,48.82752126],[2.30006432,48.82703546],[2.30004366,48.82696852],[2.30035354,48.82689976],[2.3003683,48.82696038],[2.30018532,48.82698571],[2.30012039,48.82704722],[2.30020598,48.82744165],[2.29808992,48.82767415],[2.29813861,48.82788945],[2.29684153,48.82823774],[2.29602698,48.82849919],[2.29438607,48.8287552],[2.29411307,48.8286973],[2.29377515,48.82842229]],[[2.29432557,48.82832187],[2.29442591,48.82872535],[2.29456462,48.82870997],[2.29446428,48.8283065],[2.29432557,48.82832187]],[[2.29505601,48.82833454],[2.29507666,48.82841415],[2.29517406,48.82840329],[2.29518144,48.82843224],[2.29545443,48.82840239],[2.29544705,48.82837344],[2.29639441,48.82829835],[2.29638851,48.82827121],[2.29648737,48.82826036],[2.29646819,48.82818075],[2.29505601,48.82833454]]]},"properties":{"id":"paris:346","name":"JARDIN D'IMMEUBLES ALBERT BARTHOLOME - BRANCION","nameAddon":"Jardin","objectNumber":"346","district":"75015","locality":null,"type":"Promenades ouvertes","areaM2":34180,"areaHa":3.42,"designation":null,"dedicated":null,"builtYear":null,"renovatedYear":null,"planningAreaId":null,"planningAreaName":null,"centroid":[2.296951,48.827942],"bounds":[2.29378,48.8269,2.30037,48.82876],"amenities":{},"sourceId":"parks"}},{"type":"Feature","id":"paris:347","geometry":{"type":"Polygon","coordinates":[[[2.30485424,48.84229962],[2.30528512,48.84162385],[2.30593145,48.84181563],[2.3055773,48.84238466],[2.30550057,48.84249412],[2.30485424,48.84229962]]]},"properties":{"id":"paris:347","name":"SQUARE DE L'OISEAU LUNAIRE","nameAddon":"Square","objectNumber":"347","district":"75015","locality":null,"type":"Promenades ouvertes","areaM2":4200,"areaHa":0.42,"designation":null,"dedicated":null,"builtYear":null,"renovatedYear":null,"planningAreaId":null,"planningAreaName":null,"centroid":[2.305394,48.842059],"bounds":[2.30485,48.84162,2.30593,48.84249],"amenities":{},"sourceId":"parks"}},{"type":"Feature","id":"paris:348","geometry":{"type":"Polygon","coordinates":[[[2.2703981,48.83752126],[2.2704409,48.83743622],[2.2705737,48.83737471],[2.27084375,48.83727339],[2.27091605,48.83730233],[2.27098688,48.83722182],[2.27140154,48.83711236],[2.27166125,48.83707979],[2.27172323,48.83711055],[2.27177192,48.83706803],[2.27371829,48.83685544],[2.27390717,48.83692509],[2.27387471,48.83697847],[2.27205524,48.83756016],[2.27074488,48.83806314],[2.2703981,48.83752126]]]},"properties":{"id":"paris:348","name":"SQUARE CARLO SARRABEZOLLES","nameAddon":"Square","objectNumber":"348","district":"75015","locality":null,"type":"Promenades ouvertes","areaM2":14660,"areaHa":1.47,"designation":null,"dedicated":null,"builtYear":null,"renovatedYear":null,"planningAreaId":null,"planningAreaName":null,"centroid":[2.271823,48.837372],"bounds":[2.2704,48.83686,2.27391,48.83806],"amenities":{},"sourceId":"parks"}},{"type":"Feature","id":"paris:349","geometry":{"type":"Polygon","coordinates":[[[2.28978946,48.8371784],[2.28989865,48.83656866],[2.28999605,48.83656866],[2.29000933,48.83630993],[2.29038119,48.83605211],[2.29046677,48.83607744],[2.2904653,48.83622942],[2.29153661,48.83626832],[2.29152185,48.83665822],[2.29173582,48.8367704],[2.29094931,48.83742718],[2.29055974,48.83723177],[2.28978946,48.8371784]]]},"properties":{"id":"paris:349","name":"SQUARE CLOS FEUQUIERES - DESNOUETTES","nameAddon":"Square","objectNumber":"349","district":"75015","locality":null,"type":"Promenades ouvertes","areaM2":14500,"areaHa":1.45,"designation":null,"dedicated":null,"builtYear":null,"renovatedYear":null,"planningAreaId":null,"planningAreaName":null,"centroid":[2.290708,48.836743],"bounds":[2.28979,48.83605,2.29174,48.83743],"amenities":{},"sourceId":"parks"}},{"type":"Feature","id":"paris:35","geometry":{"type":"Polygon","coordinates":[[[2.35000579,48.83970237],[2.35013122,48.83952054],[2.35019763,48.83950697],[2.3510535,48.83986883],[2.35102694,48.83997105],[2.35074804,48.8398824],[2.35067278,48.83983174],[2.35071115,48.83977293],[2.35061081,48.83974489],[2.35057244,48.83980279],[2.35030387,48.8397467],[2.35028174,48.83978017],[2.35000579,48.83970237]]]},"properties":{"id":"paris:35","name":"SQUARE MISS.TIC","nameAddon":"Square","objectNumber":"35","district":"75005","locality":null,"type":"Promenades ouvertes","areaM2":1303,"areaHa":0.13,"designation":null,"dedicated":null,"builtYear":null,"renovatedYear":null,"planningAreaId":null,"planningAreaName":null,"centroid":[2.35048,48.839723],"bounds":[2.35001,48.83951,2.35105,48.83997],"amenities":{},"sourceId":"parks"}},{"type":"Feature","id":"paris:350","geometry":{"type":"Polygon","coordinates":[[[2.28472064,48.8410892],[2.28473835,48.84102497],[2.28542747,48.84061788],[2.28565472,48.84078614],[2.28592181,48.84062873],[2.28615201,48.84079609],[2.28606937,48.84084585],[2.28660208,48.84126199],[2.2857772,48.84164556],[2.28509988,48.84104849],[2.28479442,48.84117243],[2.28472064,48.8410892]]]},"properties":{"id":"paris:350","name":"JARDIN DURANTON","nameAddon":"Jardin","objectNumber":"350","district":"75015","locality":null,"type":"Promenades ouvertes","areaM2":7286,"areaHa":0.73,"designation":null,"dedicated":null,"builtYear":null,"renovatedYear":null,"planningAreaId":null,"planningAreaName":null,"centroid":[2.285713,48.841098],"bounds":[2.28472,48.84062,2.2866,48.84165],"amenities":{},"sourceId":"parks"}},{"type":"Feature","id":"paris:351","geometry":{"type":"Polygon","coordinates":[[[2.29785086,48.82955129],[2.2981578,48.82948435],[2.29832749,48.82962457],[2.29848244,48.82954677],[2.29859311,48.82958748],[2.29870821,48.82957029],[2.29878642,48.82952054],[2.2988115,48.82933961],[2.29929846,48.82923286],[2.29932798,48.82930071],[2.29950948,48.82933056],[2.29950653,48.8294156],[2.29996398,48.82949701],[2.29988134,48.82969242],[2.2992601,48.82957572],[2.29889119,48.82963904],[2.29887643,48.82960829],[2.29880117,48.82962095],[2.29881445,48.82965261],[2.29856507,48.82969423],[2.29852818,48.82978288],[2.2985031,48.8298444],[2.29841161,48.82974851],[2.29832749,48.8297666],[2.29843669,48.82997648],[2.29837471,48.82999005],[2.29844112,48.82999548],[2.29835258,48.83020264],[2.29819764,48.83023611],[2.29785086,48.82955129]]]},"properties":{"id":"paris:351","name":"SQUARE RUE DES PERICHAUX","nameAddon":"Square","objectNumber":"351","district":"75015","locality":null,"type":"Promenades ouvertes","areaM2":5415,"areaHa":0.54,"designation":null,"dedicated":null,"builtYear":null,"renovatedYear":null,"planningAreaId":null,"planningAreaName":null,"centroid":[2.298778,48.829637],"bounds":[2.29785,48.82923,2.29996,48.83024],"amenities":{},"sourceId":"parks"}},{"type":"Feature","id":"paris:352","geometry":{"type":"Polygon","coordinates":[[[2.3078911,48.83569296],[2.30839429,48.83545142],[2.30883698,48.83584675],[2.30866138,48.83593541],[2.30891667,48.83624028],[2.30852267,48.83624842],[2.3078911,48.83569296]]]},"properties":{"id":"paris:352","name":"SQUARE ALLERAY - SAINT-AMAND","nameAddon":"Square","objectNumber":"352","district":"75015","locality":null,"type":"Promenades ouvertes","areaM2":3483,"areaHa":0.35,"designation":null,"dedicated":null,"builtYear":null,"renovatedYear":null,"planningAreaId":null,"planningAreaName":null,"centroid":[2.30843,48.835857],"bounds":[2.30789,48.83545,2.30892,48.83625],"amenities":{},"sourceId":"parks"}},{"type":"Feature","id":"paris:353","geometry":{"type":"Polygon","coordinates":[[[2.28144325,48.83701827],[2.28163361,48.836926],[2.28197153,48.83702642],[2.28251751,48.8370228],[2.28249686,48.83725167],[2.28236995,48.83734847],[2.28231683,48.83730505],[2.28190217,48.83752216],[2.28144325,48.83701827]]]},"properties":{"id":"paris:353","name":"JARDIN DU GRAND PAVOIS","nameAddon":"Jardin","objectNumber":"353","district":"75015","locality":null,"type":"Promenades ouvertes","areaM2":2280,"areaHa":0.23,"designation":null,"dedicated":null,"builtYear":null,"renovatedYear":null,"planningAreaId":null,"planningAreaName":null,"centroid":[2.281999,48.837187],"bounds":[2.28144,48.83693,2.28252,48.83752],"amenities":{},"sourceId":"parks"}},{"type":"Feature","id":"paris:354","geometry":{"type":"Polygon","coordinates":[[[2.2750862,48.84344129],[2.27613243,48.84304324],[2.27660759,48.84358151],[2.27563957,48.84395784],[2.2750862,48.84344129]]]},"properties":{"id":"paris:354","name":"JARDIN DES CEVENNES","nameAddon":"Jardin","objectNumber":"354","district":"75015","locality":null,"type":"Promenades ouvertes","areaM2":6395,"areaHa":0.64,"designation":null,"dedicated":null,"builtYear":null,"renovatedYear":null,"planningAreaId":null,"planningAreaName":null,"centroid":[2.275862,48.843503],"bounds":[2.27509,48.84304,2.27661,48.84396],"amenities":{},"sourceId":"parks"}},{"type":"Feature","id":"paris:355","geometry":{"type":"Polygon","coordinates":[[[2.29661871,48.83100868],[2.29664232,48.83094084],[2.29698319,48.83077709],[2.2973639,48.83106568],[2.29938848,48.83059345],[2.29940914,48.8306414],[2.29969689,48.83076624],[2.29986511,48.83101049],[2.30008498,48.83109734],[2.30060293,48.83096798],[2.30048635,48.83074634],[2.30066786,48.83072462],[2.30095856,48.8305256],[2.30142633,48.83040438],[2.30137911,48.83032296],[2.30164473,48.8302533],[2.3018218,48.83026144],[2.30191182,48.83055998],[2.30155619,48.83062511],[2.30195904,48.83130903],[2.30229548,48.83119866],[2.30244452,48.8314402],[2.30208447,48.83151348],[2.30218481,48.83167541],[2.30209185,48.8317315],[2.30208594,48.83181473],[2.30219809,48.83188258],[2.30217743,48.83191605],[2.30238697,48.83196219],[2.3023914,48.83203003],[2.30246518,48.83204994],[2.30276474,48.83194681],[2.30281491,48.83203365],[2.30277211,48.83209969],[2.30235746,48.83220554],[2.30226892,48.83205084],[2.30182033,48.8319269],[2.30161079,48.83191424],[2.30138206,48.83197033],[2.30122122,48.83207074],[2.30091429,48.83212683],[2.30087002,48.83219287],[2.30090838,48.83231229],[2.30076525,48.83234938],[2.3008892,48.83256287],[2.29958769,48.8330731],[2.2993324,48.83302967],[2.29926748,48.83320156],[2.29905941,48.83328297],[2.29715289,48.83121404],[2.29684595,48.83102045],[2.29668216,48.83109553],[2.29661871,48.83100868]]]},"properties":{"id":"paris:355","name":"PARC GEORGES BRASSENS","nameAddon":"Parc","objectNumber":"355","district":"75015","locality":null,"type":"Promenades ouvertes","areaM2":87293,"areaHa":8.73,"designation":null,"dedicated":null,"builtYear":null,"renovatedYear":null,"planningAreaId":null,"planningAreaName":null,"centroid":[2.299744,48.831676],"bounds":[2.29662,48.83025,2.30281,48.83328],"amenities":{},"sourceId":"parks"}},{"type":"Feature","id":"paris:356","geometry":{"type":"MultiPolygon","coordinates":[[[[2.26742174,48.83114167],[2.26769031,48.82803601],[2.26784082,48.82794554],[2.27139859,48.82801158],[2.27047189,48.82882305],[2.27114478,48.82926723],[2.27196671,48.82955853],[2.27226183,48.82958657],[2.27256582,48.82948978],[2.27310885,48.82908811],[2.27367107,48.82941017],[2.27402227,48.8294355],[2.27417721,48.82948616],[2.27432625,48.82965623],[2.27431887,48.82999186],[2.27453727,48.8301746],[2.27392193,48.8304858],[2.27373009,48.83036005],[2.27362237,48.83038448],[2.27367402,48.83075176],[2.27356925,48.83086756],[2.27380388,48.83096074],[2.2738688,48.83111362],[2.27379945,48.83120409],[2.27339217,48.83140492],[2.27331544,48.83151891],[2.27334348,48.83160575],[2.27346448,48.8316935],[2.27378026,48.83174778],[2.27399571,48.8320427],[2.27482502,48.83230414],[2.27514966,48.83228967],[2.27563662,48.83208431],[2.27661054,48.83306676],[2.27646593,48.83312918],[2.27613096,48.83278994],[2.27509506,48.8326452],[2.27440594,48.8322571],[2.27405031,48.83215578],[2.27365631,48.83210422],[2.27312213,48.83212231],[2.27242268,48.83229419],[2.27202573,48.83231771],[2.27164354,48.83223358],[2.2712643,48.83199113],[2.27110641,48.83195404],[2.27041138,48.83249322],[2.27035679,48.83246698],[2.27022841,48.83248779],[2.27007199,48.83241722],[2.2695747,48.83281618],[2.26920136,48.83260991],[2.26955699,48.83233309],[2.26742174,48.83114167]],[[2.26792346,48.830759],[2.26816546,48.83080876],[2.26834107,48.83044418],[2.26809759,48.83039805],[2.26792346,48.830759]],[[2.26807397,48.83112629],[2.26831598,48.83117966],[2.26849601,48.83081599],[2.2682481,48.83076262],[2.26822154,48.8308178],[2.26807397,48.83112629]],[[2.26811234,48.82979012],[2.26835287,48.82983988],[2.26842075,48.82968066],[2.26818907,48.82963181],[2.26811234,48.82979012]],[[2.26838238,48.829981],[2.2688354,48.8300787],[2.26892099,48.82990501],[2.26914381,48.8294545],[2.26907888,48.82944093],[2.26897854,48.82960648],[2.26906265,48.82943731],[2.26868636,48.8293577],[2.26838238,48.829981]],[[2.26839124,48.83143206],[2.268769,48.83164284],[2.26908331,48.83139497],[2.26870407,48.83118509],[2.26839124,48.83143206]],[[2.26844584,48.82964809],[2.26849306,48.8295531],[2.2684901,48.82955582],[2.26844584,48.82964809]],[[2.2687203,48.8305645],[2.26919103,48.83065316],[2.26934893,48.83030306],[2.26889886,48.83020626],[2.2687203,48.8305645]],[[2.26878523,48.83165189],[2.26916595,48.83186358],[2.26948321,48.83161751],[2.26910102,48.83140492],[2.26878523,48.83165189]],[[2.26895788,48.83008594],[2.26942271,48.83018726],[2.26949796,48.83002985],[2.26903314,48.82992944],[2.26895788,48.83008594]],[[2.26966029,48.83124208],[2.26989196,48.83129184],[2.27015905,48.83143749],[2.27041729,48.83148724],[2.27070061,48.83147277],[2.27096475,48.83135697],[2.27107099,48.83123666],[2.27143253,48.83048127],[2.27140006,48.83028768],[2.27121266,48.83012122],[2.27091753,48.83002533],[2.27051025,48.83003076],[2.2702771,48.829981],[2.26966029,48.83124208]],[[2.27100164,48.83178759],[2.27185603,48.83196942],[2.27229872,48.83105935],[2.27144581,48.83087842],[2.27108723,48.83160937],[2.27100164,48.83178759]],[[2.27147975,48.83080604],[2.27233709,48.83098516],[2.27266763,48.83031029],[2.27278126,48.8300787],[2.27192686,48.82989687],[2.27147975,48.83080604]],[[2.2720154,48.83184187],[2.27286389,48.83202642],[2.27330659,48.83111815],[2.27245662,48.83093631],[2.2720154,48.83184187]],[[2.27297014,48.83083771],[2.27344234,48.83088203],[2.27355154,48.83039262],[2.27319001,48.83037091],[2.27307048,48.83038719],[2.27297014,48.83083771]]],[[[2.26877343,48.83006333],[2.26885016,48.82986249],[2.26887082,48.82986702],[2.26877343,48.83006333]]],[[[2.26886049,48.8298453],[2.26896378,48.82963452],[2.26898297,48.82963814],[2.26887967,48.82984892],[2.26886049,48.8298453]]]]},"properties":{"id":"paris:356","name":"PARC OMNISPORT SUZANNE LENGLEN","nameAddon":"Parc","objectNumber":"356","district":"75015","locality":null,"type":"Promenades ouvertes","areaM2":73240,"areaHa":7.32,"designation":null,"dedicated":null,"builtYear":null,"renovatedYear":null,"planningAreaId":null,"planningAreaName":null,"centroid":[2.270533,48.830218],"bounds":[2.26742,48.82795,2.27661,48.83313],"amenities":{},"sourceId":"parks"}},{"type":"Feature","id":"paris:357","geometry":{"type":"MultiPolygon","coordinates":[[[[2.280065,48.85048037],[2.28036308,48.85029582],[2.28111713,48.85088113],[2.28301333,48.85221187],[2.28270049,48.85226796],[2.28090022,48.85100868],[2.280065,48.85048037]]],[[[2.28285248,48.85238375],[2.28305317,48.85233852],[2.28320811,48.85234666],[2.28761879,48.8554469],[2.28743729,48.85563235],[2.28285248,48.85238375]]]]},"properties":{"id":"paris:357","name":"PROMENADE DE L'ALLEE DES CYGNES","nameAddon":"Promenade","objectNumber":"357","district":"75015","locality":null,"type":"Promenades ouvertes","areaM2":9350,"areaHa":0.94,"designation":null,"dedicated":null,"builtYear":null,"renovatedYear":null,"planningAreaId":null,"planningAreaName":null,"centroid":[2.283904,48.852984],"bounds":[2.28007,48.8503,2.28762,48.85563],"amenities":{},"sourceId":"parks"}},{"type":"Feature","id":"paris:358","geometry":{"type":"Polygon","coordinates":[[[2.31029639,48.83732224],[2.3104838,48.83723177],[2.31058709,48.83725529],[2.31076712,48.83756287],[2.31072285,48.83761896],[2.31054282,48.83765877],[2.31039821,48.83765515],[2.31044395,48.83745522],[2.31029639,48.83732224]]]},"properties":{"id":"paris:358","name":"SQUARE BARGUE - PLATON","nameAddon":"Square","objectNumber":"358","district":"75015","locality":null,"type":"Promenades ouvertes","areaM2":982,"areaHa":0.1,"designation":null,"dedicated":null,"builtYear":null,"renovatedYear":null,"planningAreaId":null,"planningAreaName":null,"centroid":[2.310541,48.837458],"bounds":[2.3103,48.83723,2.31077,48.83766],"amenities":{},"sourceId":"parks"}},{"type":"Feature","id":"paris:359","geometry":{"type":"Polygon","coordinates":[[[2.285426,48.84875158],[2.28545551,48.84866112],[2.28626268,48.84835444],[2.28655043,48.84868012],[2.28650469,48.84883481],[2.28664192,48.848852],[2.28654896,48.84918762],[2.28611217,48.84939117],[2.285426,48.84875158]]]},"properties":{"id":"paris:359","name":"SQUARE PABLO CASALS","nameAddon":"Square","objectNumber":"359","district":"75015","locality":null,"type":"Promenades ouvertes","areaM2":5898,"areaHa":0.59,"designation":null,"dedicated":null,"builtYear":null,"renovatedYear":null,"planningAreaId":null,"planningAreaName":null,"centroid":[2.286095,48.848858],"bounds":[2.28543,48.84835,2.28664,48.84939],"amenities":{},"sourceId":"parks"}},{"type":"Feature","id":"paris:360","geometry":{"type":"Polygon","coordinates":[[[2.30369586,48.83725348],[2.30416659,48.83700923],[2.30420643,48.83703094],[2.30451632,48.83688258],[2.3049413,48.83717568],[2.30479816,48.837277],[2.30473324,48.83722544],[2.304596,48.83730143],[2.30466978,48.83736114],[2.30453107,48.83744527],[2.30420496,48.83763434],[2.30369586,48.83725348]]]},"properties":{"id":"paris:360","name":"JARDIN DE LA RUE LA QUINTINIE","nameAddon":"Jardin","objectNumber":"360","district":"75015","locality":null,"type":"Promenades ouvertes","areaM2":3402,"areaHa":0.34,"designation":null,"dedicated":null,"builtYear":null,"renovatedYear":null,"planningAreaId":null,"planningAreaName":null,"centroid":[2.304315,48.837244],"bounds":[2.3037,48.83688,2.30494,48.83763],"amenities":{},"sourceId":"parks"}},{"type":"Feature","id":"paris:361","geometry":{"type":"Polygon","coordinates":[[[2.28466014,48.85107925],[2.28470293,48.8510123],[2.28510726,48.85096798],[2.28629072,48.85057807],[2.28637926,48.8506025],[2.28647075,48.85055546],[2.28661388,48.85056631],[2.2867585,48.85061878],[2.28681457,48.85070925],[2.28675407,48.85080604],[2.28589525,48.85116609],[2.28545698,48.85139226],[2.28531385,48.85154605],[2.28527105,48.85153971],[2.28466014,48.85107925]]]},"properties":{"id":"paris:361","name":"SQUARE BELA BARTOK","nameAddon":"Square","objectNumber":"361","district":"75015","locality":null,"type":"Promenades ouvertes","areaM2":6100,"areaHa":0.61,"designation":null,"dedicated":null,"builtYear":null,"renovatedYear":null,"planningAreaId":null,"planningAreaName":null,"centroid":[2.285723,48.850999],"bounds":[2.28466,48.85056,2.28681,48.85155],"amenities":{},"sourceId":"parks"}},{"type":"Feature","id":"paris:362","geometry":{"type":"Polygon","coordinates":[[[2.3045296,48.83562059],[2.30481882,48.83555817],[2.30503279,48.83565225],[2.30510657,48.83576533],[2.30499738,48.83592365],[2.30505935,48.83608648],[2.30516412,48.83618419],[2.3052748,48.83619866],[2.30538842,48.83632984],[2.30547696,48.83633255],[2.30560091,48.83635607],[2.30562452,48.83640944],[2.30497672,48.83649086],[2.3045296,48.83562059]]]},"properties":{"id":"paris:362","name":"JARDIN DU 62 AU 68 RUE D'ALLERAY","nameAddon":"Jardin","objectNumber":"362","district":"75015","locality":null,"type":"Promenades ouvertes","areaM2":3030,"areaHa":0.3,"designation":null,"dedicated":null,"builtYear":null,"renovatedYear":null,"planningAreaId":null,"planningAreaName":null,"centroid":[2.304976,48.836044],"bounds":[2.30453,48.83556,2.30562,48.83649],"amenities":{},"sourceId":"parks"}},{"type":"Feature","id":"paris:363","geometry":{"type":"Polygon","coordinates":[[[2.28008419,48.83895061],[2.28017568,48.83872716],[2.28010042,48.83860684],[2.2805077,48.83829112],[2.28060952,48.83829202],[2.28076741,48.83837796],[2.28064345,48.83850552],[2.2806346,48.83861046],[2.28090464,48.83875611],[2.28038522,48.8391641],[2.28008419,48.83895061]]]},"properties":{"id":"paris:363","name":"SQUARE JEAN COCTEAU","nameAddon":"Square","objectNumber":"363","district":"75015","locality":null,"type":"Promenades ouvertes","areaM2":6020,"areaHa":0.6,"designation":null,"dedicated":null,"builtYear":null,"renovatedYear":null,"planningAreaId":null,"planningAreaName":null,"centroid":[2.28045,48.838726],"bounds":[2.28008,48.83829,2.2809,48.83916],"amenities":{},"sourceId":"parks"}},{"type":"Feature","id":"paris:364","geometry":{"type":"Polygon","coordinates":[[[2.31235195,48.83742898],[2.31237704,48.83689796],[2.31245525,48.83685182],[2.31262642,48.83699204],[2.31256592,48.83705175],[2.3126456,48.83719378],[2.3133244,48.83774923],[2.31349852,48.83765515],[2.31365051,48.83777999],[2.31347639,48.83787226],[2.31429979,48.83854351],[2.31422454,48.83858694],[2.31344392,48.83853266],[2.31297615,48.8381509],[2.31300123,48.83808033],[2.31285662,48.83805319],[2.31290089,48.8379772],[2.31282416,48.83788674],[2.31253198,48.83779537],[2.31253788,48.83767234],[2.31239475,48.83761625],[2.31244197,48.83745432],[2.31235195,48.83742898]]]},"properties":{"id":"paris:364","name":"SQUARE PIERRE-ADRIEN DALPAYRAT","nameAddon":"Square","objectNumber":"364","district":"75015","locality":null,"type":"Promenades ouvertes","areaM2":9898,"areaHa":0.99,"designation":null,"dedicated":null,"builtYear":null,"renovatedYear":null,"planningAreaId":null,"planningAreaName":null,"centroid":[2.313168,48.837887],"bounds":[2.31235,48.83685,2.3143,48.83859],"amenities":{},"sourceId":"parks"}},{"type":"Feature","id":"paris:365","geometry":{"type":"MultiPolygon","coordinates":[[[[2.27753871,48.84628008],[2.27757265,48.84624028],[2.27765381,48.8462448],[2.27765676,48.84621856],[2.27799616,48.8462457],[2.27803895,48.84650081],[2.2790114,48.84719197],[2.27887564,48.84727429],[2.27764496,48.84640764],[2.27753871,48.84628008]]],[[[2.27907338,48.84744165],[2.27910289,48.84734576],[2.27918257,48.84732495],[2.28072166,48.84839967],[2.28091792,48.84862493],[2.28146391,48.8490085],[2.28164246,48.84911344],[2.2815613,48.84915415],[2.2812706,48.84895603],[2.28091792,48.8487941],[2.27916487,48.84755564],[2.27907338,48.84744165]]]]},"properties":{"id":"paris:365","name":"PROMENADE DU QUAI ANDRE CITROEN","nameAddon":"Parc","objectNumber":"365","district":"75015","locality":null,"type":"Promenades ouvertes","areaM2":14013,"areaHa":1.4,"designation":null,"dedicated":null,"builtYear":null,"renovatedYear":null,"planningAreaId":null,"planningAreaName":null,"centroid":[2.279463,48.847619],"bounds":[2.27754,48.84622,2.28164,48.84915],"amenities":{},"sourceId":"parks"}},{"type":"Feature","id":"paris:366","geometry":{"type":"Polygon","coordinates":[[[2.30785126,48.83642211],[2.30843709,48.83641035],[2.30856694,48.83655057],[2.30835593,48.83663651],[2.30848726,48.83677673],[2.30869827,48.83668989],[2.30889011,48.83689253],[2.3086481,48.83703184],[2.30864515,48.83695947],[2.30856989,48.83699023],[2.30847988,48.83689976],[2.30819803,48.83701646],[2.3078852,48.83670165],[2.30804752,48.83662747],[2.30785126,48.83642211]]]},"properties":{"id":"paris:366","name":"JARDIN ALLERAY - PROCESSION","nameAddon":"Jardin","objectNumber":"366","district":"75015","locality":null,"type":"Promenades ouvertes","areaM2":3213,"areaHa":0.32,"designation":null,"dedicated":null,"builtYear":null,"renovatedYear":null,"planningAreaId":null,"planningAreaName":null,"centroid":[2.308324,48.836715],"bounds":[2.30785,48.83641,2.30889,48.83703],"amenities":{},"sourceId":"parks"}},{"type":"Feature","id":"paris:367","geometry":{"type":"MultiPolygon","coordinates":[[[[2.27163616,48.84054098],[2.27214083,48.8407011],[2.27243596,48.8405844],[2.27257762,48.84067849],[2.27347186,48.8408169],[2.27483977,48.84028768],[2.27488257,48.84016917],[2.27436314,48.83959562],[2.27472615,48.83945178],[2.27545954,48.83950516],[2.27627409,48.8391822],[2.27637148,48.83868645],[2.275644,48.83798082],[2.27567498,48.83786412],[2.27579451,48.83783427],[2.27579008,48.83776009],[2.2761708,48.8375484],[2.27645855,48.83756921],[2.27694108,48.83776371],[2.2771034,48.83775285],[2.27724359,48.83768952],[2.2775033,48.83770943],[2.27758151,48.837685],[2.27817471,48.83836801],[2.27693075,48.83884205],[2.27681418,48.83945811],[2.27761692,48.84037905],[2.27733212,48.84049122],[2.27760217,48.84078614],[2.27656922,48.84118509],[2.27678466,48.84142392],[2.27670498,48.84145468],[2.27682155,48.84158404],[2.27680975,48.8416537],[2.27494897,48.84239099],[2.27480583,48.84246427],[2.27485748,48.84252397],[2.27483977,48.84261987],[2.27476894,48.84264701],[2.27482354,48.84270581],[2.27480436,48.84280261],[2.274735,48.84282974],[2.27478813,48.84288855],[2.27477042,48.84298534],[2.27469959,48.8430161],[2.27475419,48.84307219],[2.274735,48.84316808],[2.27466565,48.84319613],[2.27471877,48.84325493],[2.27470106,48.84335082],[2.27435429,48.84348923],[2.27305425,48.84218382],[2.2728698,48.84226162],[2.27224855,48.84160666],[2.27246547,48.84152524],[2.27163616,48.84054098]]],[[[2.27761545,48.84057898],[2.27786926,48.8404858],[2.27781171,48.84077981],[2.27761545,48.84057898]]],[[[2.27806847,48.84071558],[2.27812602,48.84041071],[2.27831637,48.84062059],[2.27806847,48.84071558]]],[[[2.27828539,48.84040981],[2.27857018,48.84030125],[2.27892729,48.84071377],[2.27989973,48.84034648],[2.28023175,48.84072643],[2.28033947,48.84085037],[2.27892139,48.84136964],[2.27902468,48.84165189],[2.27833113,48.84074905],[2.27851854,48.84067758],[2.27828539,48.84040981]]]]},"properties":{"id":"paris:367","name":"PARC ANDRE CITROEN","nameAddon":"Parc","objectNumber":"367","district":"75015","locality":null,"type":"Promenades ouvertes","areaM2":144083,"areaHa":14.41,"designation":null,"dedicated":null,"builtYear":null,"renovatedYear":null,"planningAreaId":null,"planningAreaName":null,"centroid":[2.27555,48.840667],"bounds":[2.27164,48.83755,2.28034,48.84349],"amenities":{},"sourceId":"parks"}},{"type":"Feature","id":"paris:368","geometry":{"type":"Polygon","coordinates":[[[2.28627301,48.853112],[2.28628039,48.85306495],[2.28634974,48.85306676],[2.28654748,48.85295821],[2.28748599,48.85374435],[2.28836842,48.85433327],[2.28835071,48.85438755],[2.28848057,48.8544165],[2.28851303,48.85448616],[2.28836842,48.85464085],[2.28627301,48.853112]]]},"properties":{"id":"paris:368","name":"JARDIN DES MARTYRS JUIFS","nameAddon":"Jardin","objectNumber":"368","district":"75015","locality":null,"type":"Promenades ouvertes","areaM2":4418,"areaHa":0.44,"designation":null,"dedicated":null,"builtYear":null,"renovatedYear":null,"planningAreaId":null,"planningAreaName":null,"centroid":[2.287385,48.853777],"bounds":[2.28627,48.85296,2.28851,48.85464],"amenities":{},"sourceId":"parks"}},{"type":"Feature","id":"paris:369","geometry":{"type":"Polygon","coordinates":[[[2.31729091,48.83950244],[2.31766425,48.83931066],[2.31793281,48.83928261],[2.31811432,48.8392211],[2.31830763,48.8390863],[2.31839321,48.83893704],[2.31881672,48.83872173],[2.32037499,48.84002623],[2.31967407,48.84038538],[2.31972866,48.84043242],[2.31954421,48.84052651],[2.31947485,48.84048942],[2.3188241,48.84082233],[2.31729091,48.83950244]]]},"properties":{"id":"paris:369","name":"JARDIN ATLANTIQUE","nameAddon":"Jardin","objectNumber":"369","district":"75015","locality":null,"type":"Promenades ouvertes","areaM2":34200,"areaHa":3.42,"designation":null,"dedicated":null,"builtYear":null,"renovatedYear":null,"planningAreaId":null,"planningAreaName":null,"centroid":[2.318848,48.839786],"bounds":[2.31729,48.83872,2.32037,48.84082],"amenities":{},"sourceId":"parks"}},{"type":"Feature","id":"paris:37","geometry":{"type":"Polygon","coordinates":[[[2.35336877,48.83880948],[2.35364324,48.83851547],[2.35403133,48.83863036],[2.35400034,48.83870545],[2.35414791,48.83877872],[2.35398706,48.83898046],[2.35342189,48.83889542],[2.35336877,48.83880948]]]},"properties":{"id":"paris:37","name":"SQUARE THEODORE MONOD","nameAddon":"Square","objectNumber":"37","district":"75005","locality":null,"type":"Promenades ouvertes","areaM2":1750,"areaHa":0.18,"designation":null,"dedicated":null,"builtYear":null,"renovatedYear":null,"planningAreaId":null,"planningAreaName":null,"centroid":[2.353758,48.838767],"bounds":[2.35337,48.83852,2.35415,48.83898],"amenities":{},"sourceId":"parks"}},{"type":"Feature","id":"paris:370","geometry":{"type":"Polygon","coordinates":[[[2.29244855,48.83518998],[2.29256218,48.83510223],[2.29251348,48.83507328],[2.29290748,48.83479645],[2.29281451,48.83473946],[2.29287059,48.83469966],[2.2928337,48.83465985],[2.29272597,48.83460829],[2.29373383,48.83389633],[2.29390058,48.83399855],[2.29384156,48.83404107],[2.29380909,48.83402026],[2.29339001,48.83432513],[2.29386222,48.83459472],[2.29380762,48.83463724],[2.29276139,48.83538538],[2.2925061,48.83525511],[2.29244855,48.83518998]]]},"properties":{"id":"paris:370","name":"JARDIN DE L'HOPITAL VAUGIRARD","nameAddon":"Jardin","objectNumber":"370","district":"75015","locality":null,"type":"Promenades ouvertes","areaM2":7070,"areaHa":0.71,"designation":null,"dedicated":null,"builtYear":null,"renovatedYear":null,"planningAreaId":null,"planningAreaName":null,"centroid":[2.293175,48.834712],"bounds":[2.29245,48.8339,2.2939,48.83539],"amenities":{},"sourceId":"parks"}},{"type":"Feature","id":"paris:372","geometry":{"type":"Polygon","coordinates":[[[2.30086854,48.82581871],[2.3012404,48.82574272],[2.30124778,48.82592184],[2.30171408,48.82632441],[2.30108103,48.82639226],[2.30116662,48.82670346],[2.30109136,48.82671431],[2.30086854,48.82581871]]]},"properties":{"id":"paris:372","name":"SQUARE BRANCION","nameAddon":"Square","objectNumber":"372","district":"75015","locality":null,"type":"Promenades ouvertes","areaM2":3510,"areaHa":0.35,"designation":null,"dedicated":null,"builtYear":null,"renovatedYear":null,"planningAreaId":null,"planningAreaName":null,"centroid":[2.301195,48.826145],"bounds":[2.30087,48.82574,2.30171,48.82671],"amenities":{},"sourceId":"parks"}},{"type":"Feature","id":"paris:373","geometry":{"type":"Polygon","coordinates":[[[2.29348298,48.85255745],[2.2949232,48.85158404],[2.29523456,48.85179483],[2.2950442,48.85190791],[2.29512979,48.8519649],[2.29384451,48.85279989],[2.29348298,48.85255745]]]},"properties":{"id":"paris:373","name":"SQUARE NICOLE DE HAUTECLOCQUE","nameAddon":"Square","objectNumber":"373","district":"75015","locality":null,"type":"Promenades ouvertes","areaM2":7540,"areaHa":0.75,"designation":null,"dedicated":null,"builtYear":null,"renovatedYear":null,"planningAreaId":null,"planningAreaName":null,"centroid":[2.294378,48.8522],"bounds":[2.29348,48.85158,2.29523,48.8528],"amenities":{},"sourceId":"parks"}},{"type":"Feature","id":"paris:374","geometry":{"type":"Polygon","coordinates":[[[2.28865026,48.85489416],[2.28873142,48.8548064],[2.28885833,48.85481636],[2.28897048,48.85490139],[2.28945153,48.85557264],[2.28987357,48.85654786],[2.29005507,48.85684006],[2.29026904,48.85708793],[2.29087995,48.85757735],[2.29069255,48.85769586],[2.29062024,48.8577429],[2.29028084,48.85749141],[2.2897142,48.85686358],[2.28910771,48.85554098],[2.28865026,48.85489416]]]},"properties":{"id":"paris:374","name":"PROMENADE D'AUSTRALIE 15E","nameAddon":"Promenade","objectNumber":"374","district":"75015","locality":null,"type":"Promenades ouvertes","areaM2":8147,"areaHa":0.81,"designation":null,"dedicated":null,"builtYear":null,"renovatedYear":null,"planningAreaId":null,"planningAreaName":null,"centroid":[2.289697,48.856341],"bounds":[2.28865,48.85481,2.29088,48.85774],"amenities":{},"sourceId":"parks"}},{"type":"Feature","id":"paris:38","geometry":{"type":"Polygon","coordinates":[[[2.34384501,48.84996653],[2.34414014,48.84988692],[2.34424048,48.84991406],[2.34439247,48.85022073],[2.34405012,48.85021621],[2.34395716,48.8501755],[2.34384501,48.84996653]]]},"properties":{"id":"paris:38","name":"SQUARE SAMUEL PATY","nameAddon":"Square","objectNumber":"38","district":"75005","locality":null,"type":"Promenades ouvertes","areaM2":1000,"areaHa":0.1,"designation":null,"dedicated":null,"builtYear":null,"renovatedYear":null,"planningAreaId":null,"planningAreaName":null,"centroid":[2.344119,48.850067],"bounds":[2.34385,48.84989,2.34439,48.85022],"amenities":{},"sourceId":"parks"}},{"type":"Feature","id":"paris:39","geometry":{"type":"Polygon","coordinates":[[[2.34502109,48.8517704],[2.34504175,48.85172155],[2.34571612,48.85149358],[2.34577809,48.85150986],[2.34598173,48.85186358],[2.34579285,48.85165008],[2.34565709,48.85164013],[2.34541804,48.85177311],[2.34529851,48.85167813],[2.34502109,48.8517704]]]},"properties":{"id":"paris:39","name":"SQUARE ANDRE LEFEVRE","nameAddon":"Square","objectNumber":"39","district":"75005","locality":null,"type":"Promenades ouvertes","areaM2":758,"areaHa":0.08,"designation":null,"dedicated":null,"builtYear":null,"renovatedYear":null,"planningAreaId":null,"planningAreaName":null,"centroid":[2.345541,48.851641],"bounds":[2.34502,48.85149,2.34598,48.85186],"amenities":{},"sourceId":"parks"}},{"type":"Feature","id":"paris:394","geometry":{"type":"MultiPolygon","coordinates":[[[[2.2669156,48.85728967],[2.26942123,48.85818256],[2.26938434,48.85828569],[2.26766817,48.85835987],[2.2669156,48.85728967]]],[[[2.26739223,48.85711507],[2.27122299,48.85788764],[2.27215411,48.8581708],[2.27192096,48.8581916],[2.27172913,48.85811561],[2.27170109,48.85814909],[2.2717129,48.85817532],[2.27042319,48.85821694],[2.26739223,48.85711507]]],[[[2.26783492,48.85861589],[2.26966029,48.8585209],[2.26972374,48.85854713],[2.26971636,48.85860051],[2.26827171,48.85948706],[2.26783492,48.85861589]]],[[[2.26801052,48.86184006],[2.26833959,48.8599231],[2.26845026,48.85975846],[2.27043204,48.85850552],[2.27224118,48.85839967],[2.2722515,48.85843224],[2.27147384,48.85855708],[2.27128349,48.85862131],[2.270556,48.85929437],[2.27022841,48.85932965],[2.27000558,48.85942917],[2.26986392,48.85965714],[2.26995836,48.85996381],[2.26969865,48.86020897],[2.26801052,48.86184006]]]]},"properties":{"id":"paris:394","name":"JARDIN DU RANELAGH","nameAddon":"Jardin","objectNumber":"394","district":"75016","locality":null,"type":"Promenades ouvertes","areaM2":60500,"areaHa":6.05,"designation":null,"dedicated":null,"builtYear":null,"renovatedYear":null,"planningAreaId":null,"planningAreaName":null,"centroid":[2.269198,48.859031],"bounds":[2.26692,48.85712,2.27225,48.86184],"amenities":{},"sourceId":"parks"}},{"type":"Feature","id":"paris:396","geometry":{"type":"Polygon","coordinates":[[[2.27423329,48.87170165],[2.27428936,48.87148996],[2.27444283,48.87132712],[2.27466122,48.87121404],[2.27494749,48.87115524],[2.27520573,48.87117876],[2.27545954,48.87129727],[2.27559235,48.87147187],[2.27559382,48.8716537],[2.27548315,48.87184277],[2.27531493,48.87197214],[2.27507883,48.87206079],[2.27485305,48.87208974],[2.27464056,48.87207165],[2.27443397,48.87199023],[2.27430559,48.87187986],[2.27423329,48.87170165]]]},"properties":{"id":"paris:396","name":"JARDIN DE LA PLACE DU MARECHAL DELATTRE DE TASSIGNY","nameAddon":"Jardin","objectNumber":"396","district":"75016","locality":null,"type":"Promenades ouvertes","areaM2":7850,"areaHa":0.79,"designation":null,"dedicated":null,"builtYear":null,"renovatedYear":null,"planningAreaId":null,"planningAreaName":null,"centroid":[2.274919,48.871625],"bounds":[2.27423,48.87116,2.27559,48.87209],"amenities":{},"sourceId":"parks"}},{"type":"Feature","id":"paris:397","geometry":{"type":"Polygon","coordinates":[[[2.27480436,48.86454496],[2.27483977,48.86449249],[2.27503456,48.86449882],[2.2755289,48.86525692],[2.27545069,48.86530396],[2.27539461,48.86528677],[2.27541232,48.86531391],[2.27535772,48.86531753],[2.27527509,48.86526506],[2.27480436,48.86454496]]]},"properties":{"id":"paris:397","name":"SQUARE LAMARTINE","nameAddon":"Square","objectNumber":"397","district":"75016","locality":null,"type":"Promenades ouvertes","areaM2":1613,"areaHa":0.16,"designation":null,"dedicated":null,"builtYear":null,"renovatedYear":null,"planningAreaId":null,"planningAreaName":null,"centroid":[2.275164,48.864897],"bounds":[2.2748,48.86449,2.27553,48.86532],"amenities":{},"sourceId":"parks"}},{"type":"Feature","id":"paris:398","geometry":{"type":"MultiPolygon","coordinates":[[[[2.28606052,48.8604288],[2.28769848,48.85993125],[2.2876306,48.85983535],[2.28766896,48.85977746],[2.28777964,48.85975755],[2.28990308,48.86016826],[2.28984848,48.86027773],[2.29014656,48.8604858],[2.28860157,48.86146644],[2.28863256,48.86153338],[2.28854992,48.86159761],[2.28830644,48.86146915],[2.28823266,48.8615171],[2.28827398,48.86154695],[2.2881087,48.8616528],[2.28801722,48.86159128],[2.28784014,48.86170617],[2.28779292,48.8616736],[2.2876306,48.86177673],[2.28724546,48.86144292],[2.28703001,48.86107201],[2.28704329,48.86086304],[2.287334,48.86060792],[2.28726316,48.86055907],[2.28730891,48.86053012],[2.28705953,48.86036005],[2.28684261,48.86048942],[2.28674817,48.86058621],[2.28679686,48.86062059],[2.28664487,48.86085761],[2.28664192,48.86109191],[2.28684703,48.86149448],[2.28735613,48.86195766],[2.28721594,48.86201918],[2.28727645,48.86209788],[2.2872189,48.86213497],[2.28679244,48.86183553],[2.28671275,48.8613624],[2.28606052,48.8604288]]],[[[2.28796262,48.85955763],[2.28841711,48.85926723],[2.28844958,48.85928171],[2.28889965,48.85895965],[2.28904869,48.85904107],[2.29010819,48.85992039],[2.29001523,48.85997377],[2.28996358,48.86004795],[2.28829021,48.85971684],[2.28796262,48.85955763]]],[[[2.28841416,48.86295278],[2.28847024,48.8629175],[2.28859124,48.8629564],[2.28869896,48.86286412],[2.28934824,48.86319703],[2.29002261,48.86336439],[2.29040185,48.86335625],[2.29079141,48.8632296],[2.29084749,48.8632694],[2.29106588,48.86314004],[2.29110277,48.86310476],[2.29091684,48.86296635],[2.29085487,48.86293649],[2.29080912,48.86296635],[2.29073829,48.8629175],[2.29032954,48.86310385],[2.28987947,48.86308124],[2.28946334,48.86294464],[2.28897195,48.86268319],[2.28926118,48.86243622],[2.28917116,48.86237471],[2.28933348,48.86226977],[2.28938661,48.86230505],[2.28946039,48.86225801],[2.28926856,48.86208522],[2.28937185,48.86203094],[2.28947367,48.86205627],[2.29100243,48.86106296],[2.29129018,48.86121766],[2.29137872,48.86131084],[2.29177419,48.86261625],[2.29167975,48.86282974],[2.29148791,48.86303691],[2.2905376,48.86364122],[2.29031773,48.86355708],[2.29026904,48.86357789],[2.28871076,48.8631527],[2.28841416,48.86295278]]],[[[2.2888967,48.86146553],[2.29028084,48.86057626],[2.29032216,48.86060702],[2.29062319,48.8606233],[2.29080765,48.86074724],[2.2908652,48.86097159],[2.28963009,48.86176678],[2.28946924,48.86186177],[2.2888967,48.86146553]]],[[[2.29155137,48.86123575],[2.29168713,48.86119957],[2.29287797,48.86213045],[2.29286468,48.86217387],[2.29216966,48.86261987],[2.29206341,48.8626063],[2.29201767,48.86261896],[2.29199701,48.86258278],[2.29155137,48.86123575]]]]},"properties":{"id":"paris:398","name":"JARDINS DU TROCADERO","nameAddon":"Jardin","objectNumber":"398","district":"75016","locality":null,"type":"Promenades ouvertes","areaM2":93982,"areaHa":9.4,"designation":null,"dedicated":null,"builtYear":null,"renovatedYear":null,"planningAreaId":null,"planningAreaName":null,"centroid":[2.289493,48.861342],"bounds":[2.28606,48.85896,2.29288,48.86364],"amenities":{},"sourceId":"parks"}},{"type":"Feature","id":"paris:399","geometry":{"type":"Polygon","coordinates":[[[2.28627006,48.86166003],[2.28648845,48.86140492],[2.28648993,48.86129998],[2.28659175,48.86149539],[2.28658437,48.86169531],[2.28648845,48.86184549],[2.28638811,48.8618672],[2.28628629,48.86184187],[2.28627006,48.86166003]]]},"properties":{"id":"paris:399","name":"SQUARE YORKTOWN","nameAddon":"Square","objectNumber":"399","district":"75016","locality":null,"type":"Promenades ouvertes","areaM2":894,"areaHa":0.09,"designation":null,"dedicated":null,"builtYear":null,"renovatedYear":null,"planningAreaId":null,"planningAreaName":null,"centroid":[2.286444,48.861646],"bounds":[2.28627,48.8613,2.28659,48.86187],"amenities":{},"sourceId":"parks"}},{"type":"Feature","id":"paris:40","geometry":{"type":"Polygon","coordinates":[[[2.34695122,48.8521992],[2.34728767,48.8520617],[2.34727586,48.85196942],[2.34734817,48.85191333],[2.34712535,48.85177402],[2.34719766,48.85172607],[2.34732751,48.8518102],[2.34752672,48.85172698],[2.34773774,48.85184549],[2.34801663,48.85222996],[2.34798417,48.85235119],[2.34761969,48.8525285],[2.34751934,48.85251945],[2.34695122,48.8521992]]]},"properties":{"id":"paris:40","name":"SQUARE RENE VIVIANI-MONTEBELLO","nameAddon":"Square","objectNumber":"40","district":"75005","locality":null,"type":"Promenades ouvertes","areaM2":4265,"areaHa":0.43,"designation":null,"dedicated":null,"builtYear":null,"renovatedYear":null,"planningAreaId":null,"planningAreaName":null,"centroid":[2.347539,48.852149],"bounds":[2.34695,48.85173,2.34802,48.85253],"amenities":{},"sourceId":"parks"}},{"type":"Feature","id":"paris:400","geometry":{"type":"Polygon","coordinates":[[[2.28674226,48.86298173],[2.28680719,48.86279084],[2.28703739,48.86263977],[2.28722332,48.86274018],[2.28714659,48.86278904],[2.28719676,48.86282432],[2.28713921,48.86288855],[2.2871761,48.86295549],[2.28728235,48.86297992],[2.28737384,48.86294373],[2.28742401,48.86297811],[2.28750222,48.86292835],[2.28766306,48.863055],[2.28741516,48.86321603],[2.28711855,48.86324227],[2.28685146,48.86314275],[2.28674226,48.86298173]]]},"properties":{"id":"paris:400","name":"JARDIN DE LA PLACE DU TROCADERO ET DU ONZE NOVEMBRE","nameAddon":"Jardin","objectNumber":"400","district":"75016","locality":null,"type":"Promenades ouvertes","areaM2":2648,"areaHa":0.26,"designation":null,"dedicated":null,"builtYear":null,"renovatedYear":null,"planningAreaId":null,"planningAreaName":null,"centroid":[2.287128,48.862993],"bounds":[2.28674,48.86264,2.28766,48.86324],"amenities":{},"sourceId":"parks"}},{"type":"Feature","id":"paris:401","geometry":{"type":"MultiPolygon","coordinates":[[[[2.29588974,48.86563687],[2.29595467,48.86507328],[2.297479,48.86513208],[2.29744064,48.86571648],[2.29715879,48.86581871],[2.29671757,48.86595621],[2.29687694,48.86584675],[2.29691383,48.86575991],[2.29700975,48.86579428],[2.29717797,48.86576986],[2.2971824,48.86573005],[2.29686809,48.86571286],[2.29688875,48.8654469],[2.2964918,48.8654288],[2.29645786,48.86569387],[2.2961465,48.86567849],[2.2961406,48.8657201],[2.29628521,48.86575991],[2.29640179,48.86573548],[2.29642097,48.86583047],[2.2965464,48.86594807],[2.29588974,48.86563687]]],[[[2.29655525,48.86597431],[2.29670429,48.86598245],[2.2966556,48.86599964],[2.29659805,48.86599602],[2.29655525,48.86597431]]]]},"properties":{"id":"paris:401","name":"SQUARE BRIGNOLE - MUSEE GALLIERA","nameAddon":"Square","objectNumber":"401","district":"75016","locality":null,"type":"Promenades ouvertes","areaM2":5804,"areaHa":0.58,"designation":null,"dedicated":null,"builtYear":null,"renovatedYear":null,"planningAreaId":null,"planningAreaName":null,"centroid":[2.296694,48.865415],"bounds":[2.29589,48.86507,2.29748,48.866],"amenities":{},"sourceId":"parks"}},{"type":"Feature","id":"paris:402","geometry":{"type":"Polygon","coordinates":[[[2.26491906,48.85966618],[2.26496776,48.85958748],[2.26563475,48.85940112],[2.26576903,48.8594355],[2.26586347,48.85958296],[2.2658074,48.85966799],[2.26540602,48.85978107],[2.26514483,48.85985435],[2.26501941,48.8598245],[2.26491906,48.85966618]]]},"properties":{"id":"paris:402","name":"SQUARE DES ECRIVAINS COMBATTANTS MORTS POUR LA FRANCE","nameAddon":"Square","objectNumber":"402","district":"75016","locality":null,"type":"Promenades ouvertes","areaM2":2282,"areaHa":0.23,"designation":null,"dedicated":null,"builtYear":null,"renovatedYear":null,"planningAreaId":null,"planningAreaName":null,"centroid":[2.265391,48.859627],"bounds":[2.26492,48.8594,2.26586,48.85985],"amenities":{},"sourceId":"parks"}},{"type":"Feature","id":"paris:403","geometry":{"type":"MultiPolygon","coordinates":[[[[2.25242041,48.83842591],[2.25362896,48.8369848],[2.25382374,48.83705356],[2.25413215,48.83811742],[2.25404804,48.83824588],[2.25387834,48.83833544],[2.25329694,48.83841958],[2.25394622,48.83821332],[2.25396983,48.83823231],[2.25408198,48.8381708],[2.25398016,48.83809119],[2.2539477,48.83810747],[2.2534814,48.83828388],[2.25242041,48.83842591]]],[[[2.25404066,48.8371006],[2.25405542,48.8369848],[2.25435055,48.83681925],[2.25549121,48.83670165],[2.25550007,48.83674417],[2.25486407,48.83721096],[2.25432103,48.8378008],[2.25444794,48.83792564],[2.25499392,48.83804053],[2.25482275,48.8381509],[2.2545955,48.8381527],[2.25445532,48.83808486],[2.25431218,48.83792654],[2.25404066,48.8371006]]]]},"properties":{"id":"paris:403","name":"JARDINS DE LA PORTE DE SAINT CLOUD","nameAddon":"Jardin","objectNumber":"403","district":"75016","locality":null,"type":"Promenades ouvertes","areaM2":17200,"areaHa":1.72,"designation":null,"dedicated":null,"builtYear":null,"renovatedYear":null,"planningAreaId":null,"planningAreaName":null,"centroid":[2.253901,48.837597],"bounds":[2.25242,48.8367,2.2555,48.83843],"amenities":{},"sourceId":"parks"}},{"type":"Feature","id":"paris:404","geometry":{"type":"Polygon","coordinates":[[[2.25657581,48.83797358],[2.25677945,48.83769676],[2.25692701,48.83763525],[2.25709671,48.83762348],[2.2573092,48.83770671],[2.25738151,48.83790302],[2.25718525,48.83817351],[2.2569034,48.83825312],[2.25664369,48.83816627],[2.25657581,48.83797358]]]},"properties":{"id":"paris:404","name":"JARDIN DE LA PLACE DE LA PORTE DE SAINT-CLOUD","nameAddon":"Jardin","objectNumber":"404","district":"75016","locality":null,"type":"Promenades ouvertes","areaM2":3420,"areaHa":0.34,"designation":null,"dedicated":null,"builtYear":null,"renovatedYear":null,"planningAreaId":null,"planningAreaName":null,"centroid":[2.256979,48.837934],"bounds":[2.25658,48.83762,2.25738,48.83825],"amenities":{},"sourceId":"parks"}},{"type":"Feature","id":"paris:405","geometry":{"type":"Polygon","coordinates":[[[2.27017086,48.86715849],[2.27021365,48.86707436],[2.27129529,48.86667089],[2.27142072,48.86669079],[2.27155648,48.8668491],[2.27151369,48.86693052],[2.27039368,48.86732766],[2.27030514,48.8673159],[2.27017086,48.86715849]]]},"properties":{"id":"paris:405","name":"SQUARE CLAUDE DEBUSSY","nameAddon":"Square","objectNumber":"405","district":"75016","locality":null,"type":"Promenades ouvertes","areaM2":3506,"areaHa":0.35,"designation":null,"dedicated":null,"builtYear":null,"renovatedYear":null,"planningAreaId":null,"planningAreaName":null,"centroid":[2.270865,48.866997],"bounds":[2.27017,48.86667,2.27156,48.86733],"amenities":{},"sourceId":"parks"}},{"type":"Feature","id":"paris:406","geometry":{"type":"Polygon","coordinates":[[[2.27197113,48.86927357],[2.27200212,48.86921115],[2.27319886,48.86876606],[2.27342021,48.86902388],[2.27314722,48.8691252],[2.27222789,48.86946716],[2.2721246,48.86945359],[2.27197113,48.86927357]]]},"properties":{"id":"paris:406","name":"SQUARE ROBERT SCHUMANN","nameAddon":"Square","objectNumber":"406","district":"75016","locality":null,"type":"Promenades ouvertes","areaM2":3559,"areaHa":0.36,"designation":null,"dedicated":null,"builtYear":null,"renovatedYear":null,"planningAreaId":null,"planningAreaName":null,"centroid":[2.272684,48.869128],"bounds":[2.27197,48.86877,2.27342,48.86947],"amenities":{},"sourceId":"parks"}},{"type":"Feature","id":"paris:407","geometry":{"type":"Polygon","coordinates":[[[2.27687763,48.87595441],[2.27762282,48.87546047],[2.27745313,48.87536729],[2.27811716,48.8749213],[2.27841377,48.87524787],[2.27840934,48.87531029],[2.27826325,48.87543514],[2.27752101,48.87583137],[2.27737492,48.87600507],[2.27731884,48.87622399],[2.27687763,48.87595441]]]},"properties":{"id":"paris:407","name":"SQUARE ANNA DE NOAILLES","nameAddon":"Square","objectNumber":"407","district":"75016","locality":null,"type":"Promenades ouvertes","areaM2":3650,"areaHa":0.37,"designation":null,"dedicated":null,"builtYear":null,"renovatedYear":null,"planningAreaId":null,"planningAreaName":null,"centroid":[2.277711,48.875527],"bounds":[2.27688,48.87492,2.27841,48.87622],"amenities":{},"sourceId":"parks"}},{"type":"Feature","id":"paris:408","geometry":{"type":"Polygon","coordinates":[[[2.2620578,48.85520897],[2.26208289,48.8551755],[2.26285317,48.8549602],[2.26304795,48.85519631],[2.26283989,48.85528316],[2.26225258,48.8554478],[2.2620578,48.85520897]]]},"properties":{"id":"paris:408","name":"SQUARE HENRY BATAILLE","nameAddon":"Square","objectNumber":"408","district":"75016","locality":null,"type":"Promenades ouvertes","areaM2":2343,"areaHa":0.23,"designation":null,"dedicated":null,"builtYear":null,"renovatedYear":null,"planningAreaId":null,"planningAreaName":null,"centroid":[2.262549,48.855203],"bounds":[2.26206,48.85496,2.26305,48.85545],"amenities":{},"sourceId":"parks"}},{"type":"Feature","id":"paris:409","geometry":{"type":"Polygon","coordinates":[[[2.25929983,48.85092184],[2.2593382,48.85084313],[2.26011144,48.85062692],[2.26028704,48.85089741],[2.25952266,48.85111091],[2.25947396,48.85109824],[2.25940165,48.85108015],[2.25929983,48.85092184]]]},"properties":{"id":"paris:409","name":"SQUARE ALFRED CAPUS","nameAddon":"Square","objectNumber":"409","district":"75016","locality":null,"type":"Promenades ouvertes","areaM2":2182,"areaHa":0.22,"designation":null,"dedicated":null,"builtYear":null,"renovatedYear":null,"planningAreaId":null,"planningAreaName":null,"centroid":[2.259783,48.850879],"bounds":[2.2593,48.85063,2.26029,48.85111],"amenities":{},"sourceId":"parks"}},{"type":"Feature","id":"paris:41","geometry":{"type":"Polygon","coordinates":[[[2.3537126,48.84231681],[2.35377015,48.8421793],[2.35432203,48.84228243],[2.35440467,48.84230414],[2.35439434,48.84234576],[2.3537126,48.84231681]]]},"properties":{"id":"paris:41","name":"SQUARE ROBERT MONTAGNE","nameAddon":"Square","objectNumber":"41","district":"75005","locality":null,"type":"Promenades ouvertes","areaM2":581,"areaHa":0.06,"designation":null,"dedicated":null,"builtYear":null,"renovatedYear":null,"planningAreaId":null,"planningAreaName":null,"centroid":[2.354015,48.842279],"bounds":[2.35371,48.84218,2.3544,48.84235],"amenities":{},"sourceId":"parks"}},{"type":"Feature","id":"paris:410","geometry":{"type":"Polygon","coordinates":[[[2.26068251,48.85306857],[2.26072087,48.85299439],[2.26140852,48.85280261],[2.26152952,48.85283608],[2.26163282,48.85299439],[2.26158412,48.853074],[2.26089647,48.85326669],[2.2607917,48.85323593],[2.26068251,48.85306857]]]},"properties":{"id":"paris:410","name":"SQUARE LEON TOLSTOI","nameAddon":"Square","objectNumber":"410","district":"75016","locality":null,"type":"Promenades ouvertes","areaM2":2470,"areaHa":0.25,"designation":null,"dedicated":null,"builtYear":null,"renovatedYear":null,"planningAreaId":null,"planningAreaName":null,"centroid":[2.261157,48.853033],"bounds":[2.26068,48.8528,2.26163,48.85327],"amenities":{},"sourceId":"parks"}},{"type":"Feature","id":"paris:412","geometry":{"type":"MultiPolygon","coordinates":[[[[2.27917815,48.87562149],[2.27937441,48.87553465],[2.27950279,48.87541343],[2.28067149,48.8758748],[2.2817369,48.8762068],[2.28221353,48.87642663],[2.28263852,48.87676678],[2.28225485,48.87688981],[2.2819553,48.87693505],[2.28086775,48.87686086],[2.2798112,48.87697756],[2.27985251,48.87701646],[2.27979644,48.8769649],[2.27970938,48.87687986],[2.28008862,48.87675412],[2.27917815,48.87562149]]],[[[2.27985251,48.87701646],[2.2808707,48.87690429],[2.28204679,48.87697666],[2.28231093,48.87694228],[2.2827123,48.8768292],[2.28303251,48.87720011],[2.28276542,48.87728605],[2.28283773,48.87738104],[2.28275657,48.87740546],[2.28267541,48.87729329],[2.28112894,48.8777827],[2.28121158,48.87789669],[2.28095777,48.87793378],[2.28034095,48.87713678],[2.279944,48.87707255],[2.27985251,48.87701646]]]]},"properties":{"id":"paris:412","name":"SQUARE ALEXANDRE ET RENE PARODI","nameAddon":"Square","objectNumber":"412","district":"75016","locality":null,"type":"Promenades ouvertes","areaM2":34713,"areaHa":3.47,"designation":null,"dedicated":null,"builtYear":null,"renovatedYear":null,"planningAreaId":null,"planningAreaName":null,"centroid":[2.281034,48.876697],"bounds":[2.27918,48.87541,2.28303,48.87793],"amenities":{},"sourceId":"parks"}},{"type":"Feature","id":"paris:413","geometry":{"type":"MultiPolygon","coordinates":[[[[2.2556255,48.83869278],[2.25588521,48.83842772],[2.25619362,48.83840058],[2.25627035,48.83849014],[2.2561036,48.83864574],[2.25601359,48.83864212],[2.25590439,48.83874887],[2.25585717,48.83881762],[2.25576568,48.83873259],[2.25567714,48.83875972],[2.2556255,48.83869278]],[[2.25607999,48.83849376],[2.25612426,48.83851276],[2.25616853,48.83848109],[2.25612279,48.83845667],[2.25607999,48.83849376]]],[[[2.25618034,48.83898679],[2.25638545,48.83880677],[2.25633085,48.83875701],[2.25644743,48.83864212],[2.25653301,48.83870635],[2.25659352,48.83869549],[2.25658319,48.83865569],[2.25646366,48.83862674],[2.25649612,48.83859417],[2.25664959,48.83860141],[2.25670566,48.83865388],[2.25648875,48.83912249],[2.25618034,48.83898679]]]]},"properties":{"id":"paris:413","name":"JARDIN DE L'EGLISE SAINTE-JEANNE DE CHANTAL","nameAddon":"Jardin","objectNumber":"413","district":"75016","locality":null,"type":"Promenades ouvertes","areaM2":2797,"areaHa":0.28,"designation":null,"dedicated":null,"builtYear":null,"renovatedYear":null,"planningAreaId":null,"planningAreaName":null,"centroid":[2.256205,48.838719],"bounds":[2.25563,48.8384,2.25671,48.83912],"amenities":{},"sourceId":"parks"}},{"type":"Feature","id":"paris:414","geometry":{"type":"Polygon","coordinates":[[[2.26989639,48.85321965],[2.27041876,48.85274923],[2.27063863,48.85260811],[2.27115806,48.85274199],[2.27093524,48.85313099],[2.27080243,48.8531518],[2.27068733,48.8532287],[2.27066962,48.85331464],[2.27020627,48.85347838],[2.27010003,48.85333454],[2.26989639,48.85321965]]]},"properties":{"id":"paris:414","name":"JARDIN CHRISTIANE DESROCHES NOBLECOURT","nameAddon":"Jardin","objectNumber":"414","district":"75016","locality":null,"type":"Promenades ouvertes","areaM2":6040,"areaHa":0.6,"designation":null,"dedicated":null,"builtYear":null,"renovatedYear":null,"planningAreaId":null,"planningAreaName":null,"centroid":[2.270538,48.853028],"bounds":[2.2699,48.85261,2.27116,48.85348],"amenities":{},"sourceId":"parks"}},{"type":"Feature","id":"paris:416","geometry":{"type":"Polygon","coordinates":[[[2.2673332,48.84352452],[2.26764014,48.84339787],[2.2676667,48.843425],[2.26775966,48.84338791],[2.26774933,48.84335263],[2.26820678,48.84316356],[2.26832483,48.84328569],[2.26871588,48.84312557],[2.26878523,48.84314185],[2.26992885,48.84421929],[2.26988458,48.84423828],[2.27002182,48.84437579],[2.27006313,48.8443586],[2.27070061,48.84522345],[2.27059731,48.8453501],[2.27048222,48.84530758],[2.27014429,48.84571286],[2.26998197,48.84588656],[2.26902133,48.84558983],[2.26884868,48.84581871],[2.26879704,48.84580876],[2.26900363,48.84548218],[2.26782754,48.8441831],[2.2677818,48.844203],[2.26757521,48.84402117],[2.26756045,48.84393794],[2.2677272,48.84375882],[2.26770654,48.84370545],[2.26751028,48.84370816],[2.2673332,48.84352452]]]},"properties":{"id":"paris:416","name":"JARDIN DE L'HOPITAL SAINTE-PERINE","nameAddon":"Jardin","objectNumber":"416","district":"75016","locality":null,"type":"Promenades ouvertes","areaM2":37600,"areaHa":3.76,"designation":null,"dedicated":null,"builtYear":null,"renovatedYear":null,"planningAreaId":null,"planningAreaName":null,"centroid":[2.269071,48.844471],"bounds":[2.26733,48.84313,2.2707,48.84589],"amenities":{},"sourceId":"parks"}},{"type":"Feature","id":"paris:417","geometry":{"type":"Polygon","coordinates":[[[2.2716037,48.86884024],[2.27286242,48.86837073],[2.27308819,48.86863307],[2.27304982,48.86871359],[2.27250827,48.86891623],[2.27235185,48.86872987],[2.27227511,48.86876153],[2.27243448,48.86894337],[2.27195638,48.86912158],[2.27183242,48.86910621],[2.2716037,48.86884024]]]},"properties":{"id":"paris:417","name":"JARDIN DU GENERAL ANSELIN","nameAddon":"Jardin","objectNumber":"417","district":"75016","locality":null,"type":"Promenades ouvertes","areaM2":3930,"areaHa":0.39,"designation":null,"dedicated":null,"builtYear":null,"renovatedYear":null,"planningAreaId":null,"planningAreaName":null,"centroid":[2.272365,48.868758],"bounds":[2.2716,48.86837,2.27309,48.86912],"amenities":{},"sourceId":"parks"}},{"type":"Feature","id":"paris:418","geometry":{"type":"Polygon","coordinates":[[[2.25490096,48.84707255],[2.25506033,48.84676407],[2.25513854,48.84674778],[2.2552861,48.84569206],[2.25523003,48.84568844],[2.25524036,48.84550479],[2.25568157,48.84550027],[2.25578929,48.84553374],[2.25587045,48.84561697],[2.25620247,48.84651891],[2.25606966,48.84661299],[2.25602244,48.84659218],[2.25595161,48.84674869],[2.25582323,48.84684006],[2.25552073,48.84696942],[2.25504262,48.84709698],[2.25490096,48.84707255]],[[2.25548088,48.8464592],[2.25563583,48.84654605],[2.25582766,48.84659942],[2.2558616,48.84657861],[2.25597817,48.84643025],[2.25563288,48.84628913],[2.25551778,48.8463615],[2.25548088,48.8464592]]]},"properties":{"id":"paris:418","name":"SQUARE DU TCHAD","nameAddon":"Square","objectNumber":"418","district":"75016","locality":null,"type":"Promenades ouvertes","areaM2":5760,"areaHa":0.58,"designation":null,"dedicated":null,"builtYear":null,"renovatedYear":null,"planningAreaId":null,"planningAreaName":null,"centroid":[2.255563,48.84629],"bounds":[2.2549,48.8455,2.2562,48.8471],"amenities":{},"sourceId":"parks"}},{"type":"Feature","id":"paris:419","geometry":{"type":"Polygon","coordinates":[[[2.27096032,48.85187172],[2.27195933,48.85105392],[2.27212903,48.85112086],[2.27214378,48.85116519],[2.27195343,48.85135517],[2.27176012,48.85168989],[2.27130119,48.85206441],[2.27096032,48.85187172]]]},"properties":{"id":"paris:419","name":"JARDIN DE LA FONDATION D'AUTEUIL","nameAddon":"Jardin","objectNumber":"419","district":"75016","locality":null,"type":"Promenades ouvertes","areaM2":3356,"areaHa":0.34,"designation":null,"dedicated":null,"builtYear":null,"renovatedYear":null,"planningAreaId":null,"planningAreaName":null,"centroid":[2.27156,48.851589],"bounds":[2.27096,48.85105,2.27214,48.85206],"amenities":{},"sourceId":"parks"}},{"type":"Feature","id":"paris:42","geometry":{"type":"MultiPolygon","coordinates":[[[[2.35010761,48.84361769],[2.35011942,48.8433463],[2.35025665,48.84334992],[2.35025518,48.84323774],[2.35082477,48.84328297],[2.35081444,48.84351999],[2.35069492,48.84334992],[2.35048833,48.84343948],[2.35043816,48.84339244],[2.35019025,48.84350642],[2.35026846,48.84358875],[2.35010761,48.84361769]]],[[[2.35087199,48.84350371],[2.35087494,48.84342591],[2.35090151,48.84342681],[2.35089855,48.84350371],[2.35087199,48.84350371]]]]},"properties":{"id":"paris:42","name":"SQUARE MARIUS CONSTANT","nameAddon":"Square","objectNumber":"42","district":"75005","locality":null,"type":"Promenades ouvertes","areaM2":1020,"areaHa":0.1,"designation":null,"dedicated":null,"builtYear":null,"renovatedYear":null,"planningAreaId":null,"planningAreaName":null,"centroid":[2.350434,48.84338],"bounds":[2.35011,48.84324,2.3509,48.84362],"amenities":{},"sourceId":"parks"}},{"type":"Feature","id":"paris:420","geometry":{"type":"Polygon","coordinates":[[[2.27243153,48.866575],[2.27269124,48.86653429],[2.27315017,48.86738104],[2.27403407,48.86857518],[2.27378764,48.86865569],[2.27288898,48.86746427],[2.27250827,48.86680297],[2.27243153,48.866575]]]},"properties":{"id":"paris:420","name":"JARDIN JAN DOORNIK","nameAddon":"Jardin","objectNumber":"420","district":"75016","locality":null,"type":"Promenades ouvertes","areaM2":4800,"areaHa":0.48,"designation":null,"dedicated":null,"builtYear":null,"renovatedYear":null,"planningAreaId":null,"planningAreaName":null,"centroid":[2.273175,48.867584],"bounds":[2.27243,48.86653,2.27403,48.86866],"amenities":{},"sourceId":"parks"}},{"type":"Feature","id":"paris:421","geometry":{"type":"Polygon","coordinates":[[[2.27473205,48.85174959],[2.27478665,48.85164103],[2.2752013,48.85140673],[2.27531345,48.85141125],[2.275371,48.85158314],[2.27558202,48.85169441],[2.27575762,48.85160756],[2.27618851,48.85185634],[2.27614571,48.85189162],[2.27582107,48.85168355],[2.2754315,48.85195857],[2.27537986,48.85199656],[2.2759406,48.85235933],[2.27587862,48.8523928],[2.27565875,48.85240546],[2.27505964,48.85209246],[2.27502718,48.85207255],[2.27515999,48.85196671],[2.27501832,48.85188981],[2.27496077,48.85190067],[2.27473205,48.85174959]]]},"properties":{"id":"paris:421","name":"SQUARE HENRI COLLET","nameAddon":"Square","objectNumber":"421","district":"75016","locality":null,"type":"Promenades ouvertes","areaM2":5100,"areaHa":0.51,"designation":null,"dedicated":null,"builtYear":null,"renovatedYear":null,"planningAreaId":null,"planningAreaName":null,"centroid":[2.275332,48.851871],"bounds":[2.27473,48.85141,2.27619,48.85241],"amenities":{},"sourceId":"parks"}},{"type":"Feature","id":"paris:422","geometry":{"type":"Polygon","coordinates":[[[2.25418085,48.84744346],[2.25422364,48.84727067],[2.2543048,48.84717659],[2.25461911,48.84728786],[2.25487882,48.84730414],[2.25560484,48.84713136],[2.25572879,48.84706803],[2.25593981,48.8470427],[2.25593981,48.84708069],[2.25631167,48.84710331],[2.2563825,48.84712593],[2.256564,48.84734757],[2.25656105,48.84741722],[2.25665992,48.84744165],[2.2569639,48.84769586],[2.25694914,48.84782884],[2.25669238,48.84783608],[2.2542989,48.8478596],[2.25418085,48.84744346]]]},"properties":{"id":"paris:422","name":"JARDIN DES POETES","nameAddon":"Jardin","objectNumber":"422","district":"75016","locality":null,"type":"Promenades ouvertes","areaM2":17500,"areaHa":1.75,"designation":null,"dedicated":null,"builtYear":null,"renovatedYear":null,"planningAreaId":null,"planningAreaName":null,"centroid":[2.255532,48.847522],"bounds":[2.25418,48.84704,2.25696,48.84786],"amenities":{},"sourceId":"parks"}},{"type":"Feature","id":"paris:423","geometry":{"type":"Polygon","coordinates":[[[2.28232421,48.85539171],[2.28301628,48.85497196],[2.28305612,48.85500362],[2.28298086,48.85511127],[2.28309744,48.85519812],[2.28332174,48.85516374],[2.28339995,48.85522164],[2.28352685,48.85514746],[2.28345012,48.85508866],[2.2835726,48.85501719],[2.28363752,48.85507056],[2.28357555,48.85510403],[2.28364195,48.8551556],[2.28342946,48.85528316],[2.28338371,48.855408],[2.28349881,48.85549484],[2.28369212,48.85547946],[2.28383526,48.85539624],[2.28402857,48.85553917],[2.28388691,48.8556224],[2.28383969,48.85574815],[2.28395626,48.85583409],[2.28415105,48.85581871],[2.28433698,48.85571105],[2.28440485,48.85576172],[2.28473687,48.85556722],[2.28503495,48.85580695],[2.28502757,48.85587661],[2.28476343,48.85602859],[2.28440633,48.85580152],[2.28421302,48.85591641],[2.28434583,48.85601592],[2.28377623,48.85634883],[2.28378214,48.85639859],[2.2835357,48.85649177],[2.28301333,48.85610458],[2.28286281,48.85623213],[2.28267246,48.85609101],[2.28288052,48.85600688],[2.28235224,48.85561335],[2.28250276,48.8555247],[2.28232421,48.85539171]]]},"properties":{"id":"paris:423","name":"PARC DE PASSY","nameAddon":"Parc","objectNumber":"423","district":"75016","locality":null,"type":"Promenades ouvertes","areaM2":13780,"areaHa":1.38,"designation":null,"dedicated":null,"builtYear":null,"renovatedYear":null,"planningAreaId":null,"planningAreaName":null,"centroid":[2.283438,48.855757],"bounds":[2.28232,48.85497,2.28503,48.85649],"amenities":{},"sourceId":"parks"}},{"type":"Feature","id":"paris:43","geometry":{"type":"Polygon","coordinates":[[[2.34323114,48.85107382],[2.34380074,48.85093541],[2.34369007,48.85077709],[2.34409291,48.85067939],[2.34403979,48.85055546],[2.3444633,48.85047585],[2.34440427,48.85032839],[2.34450462,48.85034558],[2.34478646,48.85085399],[2.34332706,48.85121042],[2.34323114,48.85107382]]]},"properties":{"id":"paris:43","name":"JARDIN MEDIEVAL DU MUSEE DE CLUNY","nameAddon":"Jardin","objectNumber":"43","district":"75005","locality":null,"type":"Promenades ouvertes","areaM2":4000,"areaHa":0.4,"designation":null,"dedicated":null,"builtYear":null,"renovatedYear":null,"planningAreaId":null,"planningAreaName":null,"centroid":[2.344134,48.850818],"bounds":[2.34323,48.85033,2.34479,48.85121],"amenities":{},"sourceId":"parks"}},{"type":"Feature","id":"paris:44","geometry":{"type":"Polygon","coordinates":[[[2.35717001,48.84943188],[2.35774994,48.8491822],[2.35824723,48.84884295],[2.35834019,48.84890899],[2.35847153,48.84882576],[2.35880207,48.84860141],[2.3586973,48.84853356],[2.35883896,48.84843676],[2.35895258,48.84849195],[2.35910162,48.84839063],[2.35900423,48.84832911],[2.3591518,48.8482296],[2.35926247,48.84828388],[2.35930674,48.84825945],[2.36145969,48.8468093],[2.36136525,48.84673512],[2.36131065,48.84673964],[2.36285417,48.84569749],[2.36296632,48.84579609],[2.3635728,48.84538629],[2.36363773,48.8454279],[2.36439178,48.84491406],[2.36468248,48.84485887],[2.36499384,48.84471684],[2.36306223,48.84613443],[2.36306076,48.84618328],[2.36185221,48.84718382],[2.35881978,48.8491252],[2.35754778,48.84954587],[2.35717001,48.84943188]]]},"properties":{"id":"paris:44","name":"JARDIN TINO ROSSI - MUSEE DE LA SCULPTURE EN PLEIN AIR","nameAddon":"Jardin","objectNumber":"44","district":"75005","locality":null,"type":"Promenades ouvertes","areaM2":33143,"areaHa":3.31,"designation":null,"dedicated":null,"builtYear":null,"renovatedYear":null,"planningAreaId":null,"planningAreaName":null,"centroid":[2.360947,48.847378],"bounds":[2.35717,48.84472,2.36499,48.84955],"amenities":{},"sourceId":"parks"}},{"type":"Feature","id":"paris:443","geometry":{"type":"Polygon","coordinates":[[[2.31510697,48.88766962],[2.31659441,48.88658766],[2.31750783,48.88727158],[2.31750193,48.887334],[2.31583151,48.88833997],[2.31572674,48.88832187],[2.31510697,48.88766962]]]},"properties":{"id":"paris:443","name":"SQUARE DES BATIGNOLLES","nameAddon":"Square","objectNumber":"443","district":"75017","locality":null,"type":"Promenades ouvertes","areaM2":16615,"areaHa":1.66,"designation":null,"dedicated":null,"builtYear":null,"renovatedYear":null,"planningAreaId":null,"planningAreaName":null,"centroid":[2.316285,48.887474],"bounds":[2.31511,48.88659,2.31751,48.88834],"amenities":{},"sourceId":"parks"}},{"type":"Feature","id":"paris:444","geometry":{"type":"Polygon","coordinates":[[[2.32573894,48.89395422],[2.32576697,48.89391352],[2.32655201,48.89371811],[2.32661546,48.89373349],[2.32745215,48.894649],[2.32743444,48.89469242],[2.32642068,48.89502985],[2.32637346,48.89501809],[2.32573894,48.89395422]]]},"properties":{"id":"paris:444","name":"SQUARE DES EPINETTES","nameAddon":"Square","objectNumber":"444","district":"75017","locality":null,"type":"Promenades ouvertes","areaM2":10420,"areaHa":1.04,"designation":null,"dedicated":null,"builtYear":null,"renovatedYear":null,"planningAreaId":null,"planningAreaName":null,"centroid":[2.326557,48.894364],"bounds":[2.32574,48.89372,2.32745,48.89503],"amenities":{},"sourceId":"parks"}},{"type":"Feature","id":"paris:445","geometry":{"type":"Polygon","coordinates":[[[2.29677955,48.88494663],[2.29678988,48.88486792],[2.29688432,48.88473041],[2.29705992,48.88463271],[2.29728274,48.88459381],[2.29746572,48.8846101],[2.29775052,48.88476027],[2.29781692,48.88500362],[2.29774757,48.88512032],[2.29758968,48.88522797],[2.29723995,48.88528225],[2.29692269,48.88517822],[2.29697876,48.88512394],[2.29687399,48.88495386],[2.29677955,48.88494663]]]},"properties":{"id":"paris:445","name":"SQUARE ALBERT BESNARD","nameAddon":"Square","objectNumber":"445","district":"75017","locality":null,"type":"Promenades ouvertes","areaM2":4780,"areaHa":0.48,"designation":null,"dedicated":null,"builtYear":null,"renovatedYear":null,"planningAreaId":null,"planningAreaName":null,"centroid":[2.297315,48.884933],"bounds":[2.29678,48.88459,2.29782,48.88528],"amenities":{},"sourceId":"parks"}},{"type":"Feature","id":"paris:446","geometry":{"type":"Polygon","coordinates":[[[2.28952679,48.88607201],[2.29048301,48.88592727],[2.29054793,48.88594988],[2.29056564,48.88599964],[2.29000195,48.88637145],[2.289726,48.88620138],[2.28952679,48.88607201]]]},"properties":{"id":"paris:446","name":"SQUARE DE L'AMERIQUE LATINE","nameAddon":"Square","objectNumber":"446","district":"75017","locality":null,"type":"Promenades ouvertes","areaM2":1825,"areaHa":0.18,"designation":null,"dedicated":null,"builtYear":null,"renovatedYear":null,"planningAreaId":null,"planningAreaName":null,"centroid":[2.290064,48.886119],"bounds":[2.28953,48.88593,2.29057,48.88637],"amenities":{},"sourceId":"parks"}},{"type":"Feature","id":"paris:447","geometry":{"type":"Polygon","coordinates":[[[2.31771442,48.89403202],[2.31775426,48.89396056],[2.31850093,48.89372263],[2.31861161,48.89374616],[2.31894215,48.89422019],[2.31812022,48.89447892],[2.31807152,48.89449521],[2.31771442,48.89403202]]]},"properties":{"id":"paris:447","name":"SQUARE ERNEST GOUIN","nameAddon":"Square","objectNumber":"447","district":"75017","locality":null,"type":"Promenades ouvertes","areaM2":4355,"areaHa":0.44,"designation":null,"dedicated":null,"builtYear":null,"renovatedYear":null,"planningAreaId":null,"planningAreaName":null,"centroid":[2.318318,48.8941],"bounds":[2.31771,48.89372,2.31894,48.8945],"amenities":{},"sourceId":"parks"}},{"type":"Feature","id":"paris:448","geometry":{"type":"Polygon","coordinates":[[[2.29307422,48.88581871],[2.29329114,48.8856622],[2.29460446,48.88614529],[2.29455724,48.88619414],[2.29379138,48.88601411],[2.29308308,48.88584675],[2.29307422,48.88581871]]]},"properties":{"id":"paris:448","name":"SQUARE JEROME BELLAT","nameAddon":"Square","objectNumber":"448","district":"75017","locality":null,"type":"Promenades ouvertes","areaM2":1925,"areaHa":0.19,"designation":null,"dedicated":null,"builtYear":null,"renovatedYear":null,"planningAreaId":null,"planningAreaName":null,"centroid":[2.293736,48.885919],"bounds":[2.29307,48.88566,2.2946,48.88619],"amenities":{},"sourceId":"parks"}},{"type":"Feature","id":"paris:449","geometry":{"type":"Polygon","coordinates":[[[2.32481371,48.89602949],[2.32486093,48.89598697],[2.32488749,48.89590646],[2.32551611,48.89580062],[2.32641183,48.89569839],[2.32648561,48.89579157],[2.32567696,48.89609372],[2.32524017,48.89632079],[2.32507047,48.89630179],[2.32481371,48.89602949]]]},"properties":{"id":"paris:449","name":"SQUARE JEAN LECLAIRE","nameAddon":"Square","objectNumber":"449","district":"75017","locality":null,"type":"Promenades ouvertes","areaM2":3750,"areaHa":0.38,"designation":null,"dedicated":null,"builtYear":null,"renovatedYear":null,"planningAreaId":null,"planningAreaName":null,"centroid":[2.325527,48.895977],"bounds":[2.32481,48.8957,2.32649,48.89632],"amenities":{},"sourceId":"parks"}},{"type":"Feature","id":"paris:45","geometry":{"type":"Polygon","coordinates":[[[2.3498361,48.8506025],[2.35009728,48.85046409],[2.35021976,48.85056812],[2.35003088,48.85065135],[2.35007072,48.85068934],[2.34994234,48.8507192],[2.3498361,48.8506025]]]},"properties":{"id":"paris:45","name":"SQUARE DANIELLE MITTERAND","nameAddon":"Square","objectNumber":"45","district":"75005","locality":null,"type":"Promenades ouvertes","areaM2":373,"areaHa":0.04,"designation":null,"dedicated":null,"builtYear":null,"renovatedYear":null,"planningAreaId":null,"planningAreaName":null,"centroid":[2.350021,48.850592],"bounds":[2.34984,48.85046,2.35022,48.85072],"amenities":{},"sourceId":"parks"}},{"type":"Feature","id":"paris:450","geometry":{"type":"Polygon","coordinates":[[[2.29766936,48.88908902],[2.29769592,48.88901484],[2.29782135,48.8889497],[2.2979822,48.88895875],[2.29954932,48.88970599],[2.29915828,48.89005971],[2.29771953,48.88915958],[2.29766936,48.88908902]]]},"properties":{"id":"paris:450","name":"JARDIN ANDRE ULMANN","nameAddon":"Jardin","objectNumber":"450","district":"75017","locality":null,"type":"Promenades ouvertes","areaM2":5918,"areaHa":0.59,"designation":null,"dedicated":null,"builtYear":null,"renovatedYear":null,"planningAreaId":null,"planningAreaName":null,"centroid":[2.298627,48.889485],"bounds":[2.29767,48.88895,2.29955,48.89006],"amenities":{},"sourceId":"parks"}},{"type":"Feature","id":"paris:452","geometry":{"type":"Polygon","coordinates":[[[2.30629003,48.88658042],[2.30650105,48.8864004],[2.30679028,48.88659218],[2.30706179,48.88677221],[2.30680946,48.88694319],[2.30629003,48.88658042]]]},"properties":{"id":"paris:452","name":"SQUARE ALEXIS CLEREL DE TOCQUEVILLE","nameAddon":"Square","objectNumber":"452","district":"75017","locality":null,"type":"Promenades ouvertes","areaM2":2041,"areaHa":0.2,"designation":null,"dedicated":null,"builtYear":null,"renovatedYear":null,"planningAreaId":null,"planningAreaName":null,"centroid":[2.306669,48.886675],"bounds":[2.30629,48.8864,2.30706,48.88694],"amenities":{},"sourceId":"parks"}},{"type":"Feature","id":"paris:453","geometry":{"type":"Polygon","coordinates":[[[2.29218294,48.88749864],[2.29221393,48.88739823],[2.29233493,48.88740456],[2.29336345,48.88702099],[2.29346527,48.88720192],[2.29369547,48.88711688],[2.29416915,48.88740727],[2.29418095,48.8875104],[2.29432261,48.88750045],[2.29433737,48.88759001],[2.29390648,48.88801791],[2.29378401,48.88802424],[2.29379729,48.88812466],[2.29366596,48.88814909],[2.29282337,48.88784965],[2.29223901,48.8875873],[2.29218294,48.88749864]]]},"properties":{"id":"paris:453","name":"SQUARE SAINTE-ODILE","nameAddon":"Square","objectNumber":"453","district":"75017","locality":null,"type":"Promenades ouvertes","areaM2":11344,"areaHa":1.13,"designation":null,"dedicated":null,"builtYear":null,"renovatedYear":null,"planningAreaId":null,"planningAreaName":null,"centroid":[2.293335,48.887575],"bounds":[2.29218,48.88702,2.29434,48.88815],"amenities":{},"sourceId":"parks"}},{"type":"Feature","id":"paris:454","geometry":{"type":"Polygon","coordinates":[[[2.29361431,48.88896056],[2.29398027,48.88860051],[2.29455724,48.88873892],[2.29477563,48.88891442],[2.29488483,48.88881853],[2.29496157,48.88883391],[2.29486712,48.88899855],[2.29598713,48.88928895],[2.29592221,48.88940836],[2.29677955,48.8896698],[2.29660838,48.88981002],[2.2956256,48.88937308],[2.29484056,48.88917044],[2.29476235,48.88924733],[2.29361431,48.88896056]]]},"properties":{"id":"paris:454","name":"PROMENADE BERNARD LAFAY - C1","nameAddon":"Promenade","objectNumber":"454","district":"75017","locality":null,"type":"Promenades ouvertes","areaM2":5980,"areaHa":0.6,"designation":null,"dedicated":null,"builtYear":null,"renovatedYear":null,"planningAreaId":null,"planningAreaName":null,"centroid":[2.294899,48.889105],"bounds":[2.29361,48.8886,2.29678,48.88981],"amenities":{},"sourceId":"parks"}},{"type":"Feature","id":"paris:455","geometry":{"type":"Polygon","coordinates":[[[2.29686219,48.88986068],[2.29694482,48.88979193],[2.29702893,48.88978741],[2.29702746,48.88972408],[2.29732996,48.88948525],[2.29745687,48.88946354],[2.29760296,48.88948978],[2.29796744,48.88971323],[2.29802351,48.88979917],[2.29805893,48.89042428],[2.30051734,48.89215035],[2.30061178,48.89221639],[2.30061916,48.89233038],[2.30049963,48.89242627],[2.30034764,48.89231771],[2.30050701,48.89222092],[2.30020155,48.89200651],[2.30014696,48.89204089],[2.29955818,48.89170074],[2.29948292,48.89159309],[2.29904613,48.89195133],[2.29863295,48.89173964],[2.29886905,48.89152705],[2.29867574,48.89143387],[2.29892365,48.8911679],[2.29883806,48.89111724],[2.29873772,48.89115976],[2.2986241,48.891129],[2.29819616,48.89151438],[2.29803237,48.89142844],[2.29839095,48.89113081],[2.29830536,48.89108558],[2.2984544,48.89096164],[2.29798367,48.89071739],[2.29805598,48.89065859],[2.29744211,48.89033653],[2.29756754,48.89023159],[2.29741703,48.89015198],[2.29754246,48.89004704],[2.29728422,48.88991134],[2.29716026,48.89001176],[2.29686219,48.88986068]]]},"properties":{"id":"paris:455","name":"PROMENADE BERNARD LAFAY - C2","nameAddon":"Promenade","objectNumber":"455","district":"75017","locality":null,"type":"Promenades ouvertes","areaM2":14576,"areaHa":1.46,"designation":null,"dedicated":null,"builtYear":null,"renovatedYear":null,"planningAreaId":null,"planningAreaName":null,"centroid":[2.298429,48.890797],"bounds":[2.29686,48.88946,2.30062,48.89243],"amenities":{},"sourceId":"parks"}},{"type":"Feature","id":"paris:456","geometry":{"type":"Polygon","coordinates":[[[2.28217664,48.88357427],[2.28265327,48.88301972],[2.28275067,48.8831907],[2.283124,48.88332911],[2.28313581,48.88338068],[2.28321549,48.88338158],[2.28342208,48.8835209],[2.28334092,48.88359236],[2.28280526,48.88379229],[2.28272263,48.88408269],[2.28218845,48.88366383],[2.28217664,48.88357427]]]},"properties":{"id":"paris:456","name":"JARDIN LUCIEN FONTANAROSA","nameAddon":"Jardin","objectNumber":"456","district":"75017","locality":null,"type":"Promenades ouvertes","areaM2":3990,"areaHa":0.4,"designation":null,"dedicated":null,"builtYear":null,"renovatedYear":null,"planningAreaId":null,"planningAreaName":null,"centroid":[2.282722,48.883542],"bounds":[2.28218,48.88302,2.28342,48.88408],"amenities":{},"sourceId":"parks"}},{"type":"Feature","id":"paris:457","geometry":{"type":"Polygon","coordinates":[[[2.28556471,48.88488601],[2.28571227,48.88475484],[2.28644714,48.88533201],[2.28741958,48.88596074],[2.28737679,48.88604758],[2.28717315,48.88607382],[2.28710675,48.88600054],[2.287061,48.88600688],[2.28693262,48.8857979],[2.28675702,48.88572643],[2.28629072,48.88542247],[2.28618447,48.88531029],[2.28611955,48.8853121],[2.2859469,48.88519993],[2.2858982,48.88510132],[2.28562078,48.88498553],[2.28565177,48.88496562],[2.28556471,48.88488601]]]},"properties":{"id":"paris:457","name":"PROMENADE BERNARD LAFAY - A6","nameAddon":"Promenade","objectNumber":"457","district":"75017","locality":null,"type":"Promenades ouvertes","areaM2":3686,"areaHa":0.37,"designation":null,"dedicated":null,"builtYear":null,"renovatedYear":null,"planningAreaId":null,"planningAreaName":null,"centroid":[2.286476,48.885433],"bounds":[2.28556,48.88475,2.28742,48.88607],"amenities":{},"sourceId":"parks"}},{"type":"Feature","id":"paris:458","geometry":{"type":"Polygon","coordinates":[[[2.2895932,48.88737742],[2.28965665,48.88737109],[2.29116032,48.88820608],[2.29303291,48.88887823],[2.29286173,48.88905645],[2.29199996,48.8886584],[2.2918037,48.8888321],[2.29041217,48.8881527],[2.29033397,48.88806676],[2.29026461,48.8880731],[2.29022329,48.88788493],[2.29009344,48.88770038],[2.2895932,48.88737742]]]},"properties":{"id":"paris:458","name":"PROMENADE BERNARD LAFAY - B2","nameAddon":"Promenade","objectNumber":"458","district":"75017","locality":null,"type":"Promenades ouvertes","areaM2":8075,"areaHa":0.81,"designation":null,"dedicated":null,"builtYear":null,"renovatedYear":null,"planningAreaId":null,"planningAreaName":null,"centroid":[2.291357,48.888374],"bounds":[2.28959,48.88737,2.29303,48.88906],"amenities":{},"sourceId":"parks"}},{"type":"Feature","id":"paris:459","geometry":{"type":"Polygon","coordinates":[[[2.28979683,48.88708974],[2.29007868,48.88678126],[2.29013328,48.88678578],[2.29012738,48.88673512],[2.29044316,48.8869649],[2.28999752,48.887277],[2.28980126,48.88715669],[2.28987799,48.8871395],[2.28979683,48.88708974]]]},"properties":{"id":"paris:459","name":"SQUARE DU CAPORAL PEUGEOT","nameAddon":"Square","objectNumber":"459","district":"75017","locality":null,"type":"Promenades ouvertes","areaM2":1411,"areaHa":0.14,"designation":null,"dedicated":null,"builtYear":null,"renovatedYear":null,"planningAreaId":null,"planningAreaName":null,"centroid":[2.290098,48.887014],"bounds":[2.2898,48.88674,2.29044,48.88728],"amenities":{},"sourceId":"parks"}},{"type":"Feature","id":"paris:460","geometry":{"type":"Polygon","coordinates":[[[2.29001966,48.88242627],[2.29048891,48.88205536],[2.29068074,48.88216302],[2.2910408,48.88187082],[2.29106736,48.881907],[2.29081502,48.88210693],[2.29108064,48.88225077],[2.29085782,48.88243351],[2.29110868,48.8825674],[2.29082093,48.88280713],[2.29071025,48.88289759],[2.29030888,48.88269314],[2.29040922,48.88262439],[2.29001966,48.88242627]]]},"properties":{"id":"paris:460","name":"SQUARE OLAVE ET ROBERT BADEN-POWELL","nameAddon":"Square","objectNumber":"460","district":"75017","locality":null,"type":"Promenades ouvertes","areaM2":4130,"areaHa":0.41,"designation":null,"dedicated":null,"builtYear":null,"renovatedYear":null,"planningAreaId":null,"planningAreaName":null,"centroid":[2.290617,48.88244],"bounds":[2.29002,48.88187,2.29111,48.8829],"amenities":{},"sourceId":"parks"}},{"type":"Feature","id":"paris:461","geometry":{"type":"Polygon","coordinates":[[[2.28265327,48.88301972],[2.28279493,48.88285779],[2.28324353,48.88323955],[2.28368474,48.88352723],[2.28359325,48.8836973],[2.28360801,48.88387552],[2.28387658,48.88417858],[2.28416433,48.88438665],[2.28455094,48.88458115],[2.28460554,48.88456758],[2.28463801,48.88461281],[2.28480328,48.88465352],[2.28534926,48.88472137],[2.28518989,48.88486068],[2.2847354,48.88471504],[2.28458046,48.88472137],[2.28458046,48.88466166],[2.28356669,48.88416591],[2.28342356,48.88405374],[2.28346487,48.88389452],[2.283518,48.88388457],[2.28334092,48.88359236],[2.28342208,48.8835209],[2.28339404,48.88347928],[2.28319926,48.88337434],[2.28313581,48.88338068],[2.2831122,48.88332459],[2.28277132,48.88320246],[2.28268131,48.88312737],[2.28265327,48.88301972]]]},"properties":{"id":"paris:461","name":"PROMENADE BERNARD LAFAY - A4","nameAddon":"Promenade","objectNumber":"461","district":"75017","locality":null,"type":"Promenades ouvertes","areaM2":4310,"areaHa":0.43,"designation":null,"dedicated":null,"builtYear":null,"renovatedYear":null,"planningAreaId":null,"planningAreaName":null,"centroid":[2.283681,48.883835],"bounds":[2.28265,48.88286,2.28535,48.88486],"amenities":{},"sourceId":"parks"}},{"type":"Feature","id":"paris:462","geometry":{"type":"Polygon","coordinates":[[[2.28365376,48.88185634],[2.28383231,48.88169531],[2.28419236,48.88192057],[2.28411268,48.8821793],[2.28367441,48.881926],[2.28365376,48.88185634]]]},"properties":{"id":"paris:462","name":"JARDIN MARGUERITE LONG","nameAddon":"Jardin","objectNumber":"462","district":"75017","locality":null,"type":"Promenades ouvertes","areaM2":1208,"areaHa":0.12,"designation":null,"dedicated":null,"builtYear":null,"renovatedYear":null,"planningAreaId":null,"planningAreaName":null,"centroid":[2.283936,48.881926],"bounds":[2.28365,48.8817,2.28419,48.88218],"amenities":{},"sourceId":"parks"}},{"type":"Feature","id":"paris:463","geometry":{"type":"Polygon","coordinates":[[[2.28161147,48.88287769],[2.28201727,48.88240185],[2.28234339,48.88252216],[2.28249538,48.8825095],[2.28251014,48.8825882],[2.28210286,48.88306043],[2.28161147,48.88287769]]]},"properties":{"id":"paris:463","name":"SQUARE DU CARDINAL PETIT DE JULLEVILLE","nameAddon":"Square","objectNumber":"463","district":"75017","locality":null,"type":"Promenades ouvertes","areaM2":3320,"areaHa":0.33,"designation":null,"dedicated":null,"builtYear":null,"renovatedYear":null,"planningAreaId":null,"planningAreaName":null,"centroid":[2.282069,48.882727],"bounds":[2.28161,48.8824,2.28251,48.88306],"amenities":{},"sourceId":"parks"}},{"type":"Feature","id":"paris:465","geometry":{"type":"MultiPolygon","coordinates":[[[[2.30736577,48.89002714],[2.30762549,48.88995024],[2.30765057,48.8899032],[2.30757531,48.88982631],[2.30778633,48.88977655],[2.30782175,48.88974489],[2.30777305,48.88967161],[2.30791619,48.88965171],[2.3080121,48.88938936],[2.30817442,48.88936765],[2.30842085,48.88942012],[2.30840462,48.88946173],[2.30849759,48.88949068],[2.30841495,48.88970689],[2.30830575,48.88973765],[2.30822459,48.88989597],[2.30797521,48.89002262],[2.307655,48.8899801],[2.30761811,48.89003347],[2.30738496,48.8901366],[2.30736577,48.89002714]]],[[[2.30759892,48.89048399],[2.30762253,48.89042247],[2.30793389,48.89042428],[2.30801653,48.89028587],[2.3079457,48.89019721],[2.30799144,48.8901746],[2.30810212,48.8902732],[2.30800472,48.89041252],[2.30810064,48.89048218],[2.3077214,48.89075538],[2.30759892,48.89048399]]]]},"properties":{"id":"paris:465","name":"SQUARE PAUL PARAY","nameAddon":"Square","objectNumber":"465","district":"75017","locality":null,"type":"Promenades ouvertes","areaM2":4145,"areaHa":0.41,"designation":null,"dedicated":null,"builtYear":null,"renovatedYear":null,"planningAreaId":null,"planningAreaName":null,"centroid":[2.307984,48.889917],"bounds":[2.30737,48.88937,2.3085,48.89076],"amenities":{},"sourceId":"parks"}},{"type":"Feature","id":"paris:466","geometry":{"type":"Polygon","coordinates":[[[2.28413924,48.88518274],[2.28450667,48.88497377],[2.28431189,48.88482631],[2.2844993,48.88462909],[2.28458046,48.88466166],[2.28458046,48.88472137],[2.2847354,48.88471504],[2.28519137,48.88486068],[2.28510283,48.88487154],[2.2849051,48.88504704],[2.28482098,48.88504614],[2.28454652,48.88533743],[2.28434878,48.88534467],[2.28413924,48.88518274]]]},"properties":{"id":"paris:466","name":"JARDIN JACQUES AUDIBERTI","nameAddon":"Jardin","objectNumber":"466","district":"75017","locality":null,"type":"Promenades ouvertes","areaM2":2650,"areaHa":0.27,"designation":null,"dedicated":null,"builtYear":null,"renovatedYear":null,"planningAreaId":null,"planningAreaName":null,"centroid":[2.284608,48.884989],"bounds":[2.28414,48.88463,2.28519,48.88534],"amenities":{},"sourceId":"parks"}},{"type":"Feature","id":"paris:467","geometry":{"type":"Polygon","coordinates":[[[2.28740925,48.88683825],[2.28823118,48.88675864],[2.28847319,48.88658133],[2.2887993,48.88678397],[2.28868863,48.8868482],[2.28854697,48.8868681],[2.28865912,48.8871603],[2.28864879,48.88733038],[2.28880816,48.88735752],[2.28884062,48.8875095],[2.28857943,48.88740365],[2.28808509,48.88742898],[2.28796114,48.88753573],[2.28780177,48.88745793],[2.2879272,48.88735119],[2.28786522,48.88732133],[2.28776931,48.88688529],[2.28742696,48.88691876],[2.28740925,48.88683825]]]},"properties":{"id":"paris:467","name":"JARDIN LILY LASKINE","nameAddon":"Jardin","objectNumber":"467","district":"75017","locality":null,"type":"Promenades ouvertes","areaM2":5283,"areaHa":0.53,"designation":null,"dedicated":null,"builtYear":null,"renovatedYear":null,"planningAreaId":null,"planningAreaName":null,"centroid":[2.288234,48.887068],"bounds":[2.28741,48.88658,2.28884,48.88754],"amenities":{},"sourceId":"parks"}},{"type":"Feature","id":"paris:468","geometry":{"type":"Polygon","coordinates":[[[2.32445513,48.88652795],[2.32472075,48.88629727],[2.32486241,48.88635697],[2.32502768,48.88642392],[2.32477092,48.88666003],[2.32445513,48.88652795]]]},"properties":{"id":"paris:468","name":"SQUARE HELENE","nameAddon":"Square","objectNumber":"468","district":"75017","locality":null,"type":"Promenades ouvertes","areaM2":940,"areaHa":0.09,"designation":null,"dedicated":null,"builtYear":null,"renovatedYear":null,"planningAreaId":null,"planningAreaName":null,"centroid":[2.324743,48.886478],"bounds":[2.32446,48.8863,2.32503,48.88666],"amenities":{},"sourceId":"parks"}},{"type":"Feature","id":"paris:469","geometry":{"type":"Polygon","coordinates":[[[2.32435774,48.89395242],[2.32436364,48.89377782],[2.32455252,48.89378325],[2.32468681,48.8939497],[2.32504243,48.89385833],[2.32538478,48.89429256],[2.32475173,48.89452415],[2.32459089,48.89432785],[2.3246809,48.89429528],[2.32435774,48.89395242]]]},"properties":{"id":"paris:469","name":"SQUARE DE LA VILLA SAINTE-CROIX","nameAddon":"Square","objectNumber":"469","district":"75017","locality":null,"type":"Promenades ouvertes","areaM2":3390,"areaHa":0.34,"designation":null,"dedicated":null,"builtYear":null,"renovatedYear":null,"planningAreaId":null,"planningAreaName":null,"centroid":[2.324849,48.894141],"bounds":[2.32436,48.89378,2.32538,48.89452],"amenities":{},"sourceId":"parks"}},{"type":"Feature","id":"paris:470","geometry":{"type":"Polygon","coordinates":[[[2.29670282,48.88852723],[2.29677512,48.88846029],[2.29693302,48.88853447],[2.2976,48.88885109],[2.29744506,48.88898679],[2.29670282,48.88852723]]]},"properties":{"id":"paris:470","name":"TERRAIN DE BOULES BOULEVARD DE REIMS","nameAddon":"Terrain de boules","objectNumber":"470","district":"75017","locality":null,"type":"Promenades ouvertes","areaM2":1062,"areaHa":0.11,"designation":null,"dedicated":null,"builtYear":null,"renovatedYear":null,"planningAreaId":null,"planningAreaName":null,"centroid":[2.297176,48.888731],"bounds":[2.2967,48.88846,2.2976,48.88899],"amenities":{},"sourceId":"parks"}},{"type":"Feature","id":"paris:471","geometry":{"type":"Polygon","coordinates":[[[2.32523132,48.89012936],[2.32619638,48.88981093],[2.3262259,48.88990049],[2.32531248,48.89020716],[2.32523132,48.89012936]]]},"properties":{"id":"paris:471","name":"SQUARE DU PASSAGE MONCEY","nameAddon":"Square","objectNumber":"471","district":"75017","locality":null,"type":"Promenades ouvertes","areaM2":880,"areaHa":0.09,"designation":null,"dedicated":null,"builtYear":null,"renovatedYear":null,"planningAreaId":null,"planningAreaName":null,"centroid":[2.325737,48.890013],"bounds":[2.32523,48.88981,2.32623,48.89021],"amenities":{},"sourceId":"parks"}},{"type":"Feature","id":"paris:472","geometry":{"type":"Polygon","coordinates":[[[2.32467648,48.88749231],[2.32527559,48.88714131],[2.32534347,48.88722544],[2.32527411,48.88735661],[2.32543791,48.88740456],[2.3253597,48.88744979],[2.32523722,48.88737832],[2.32492586,48.88757916],[2.32486093,48.8875285],[2.32478125,48.88757011],[2.32467648,48.88749231]]]},"properties":{"id":"paris:472","name":"SQUARE ERNEST CHAUSSON","nameAddon":"Square","objectNumber":"472","district":"75017","locality":null,"type":"Promenades ouvertes","areaM2":957,"areaHa":0.1,"designation":null,"dedicated":null,"builtYear":null,"renovatedYear":null,"planningAreaId":null,"planningAreaName":null,"centroid":[2.32506,48.887382],"bounds":[2.32468,48.88714,2.32544,48.88758],"amenities":{},"sourceId":"parks"}},{"type":"Feature","id":"paris:473","geometry":{"type":"Polygon","coordinates":[[[2.30379326,48.89199475],[2.3047111,48.89133979],[2.30456059,48.89125294],[2.30464765,48.89117695],[2.30486457,48.89131627],[2.3048144,48.8913615],[2.30513756,48.89166998],[2.30551532,48.89180297],[2.30542826,48.8918681],[2.30517003,48.8917903],[2.30439384,48.89236837],[2.30379326,48.89199475]]]},"properties":{"id":"paris:473","name":"JARDIN CLAIRE MOTTE","nameAddon":"Jardin","objectNumber":"473","district":"75017","locality":null,"type":"Promenades ouvertes","areaM2":6346,"areaHa":0.63,"designation":null,"dedicated":null,"builtYear":null,"renovatedYear":null,"planningAreaId":null,"planningAreaName":null,"centroid":[2.304568,48.891832],"bounds":[2.30379,48.89118,2.30552,48.89237],"amenities":{},"sourceId":"parks"}},{"type":"Feature","id":"paris:474","geometry":{"type":"Polygon","coordinates":[[[2.31853192,48.89492401],[2.31863522,48.8948435],[2.31996624,48.89529401],[2.32082949,48.8955256],[2.32167355,48.8956803],[2.32166027,48.89571829],[2.32074685,48.89559435],[2.32025842,48.89549032],[2.31941435,48.89524516],[2.31853192,48.89492401]]]},"properties":{"id":"paris:474","name":"JARDIN PAUL DIDIER","nameAddon":"Jardin","objectNumber":"474","district":"75017","locality":null,"type":"Promenades ouvertes","areaM2":2600,"areaHa":0.26,"designation":null,"dedicated":null,"builtYear":null,"renovatedYear":null,"planningAreaId":null,"planningAreaName":null,"centroid":[2.319899,48.8953],"bounds":[2.31853,48.89484,2.32167,48.89572],"amenities":{},"sourceId":"parks"}},{"type":"Feature","id":"paris:523","geometry":{"type":"Polygon","coordinates":[[[2.35959006,48.88482178],[2.35961367,48.88461824],[2.36052266,48.88461371],[2.36060677,48.8846499],[2.36041494,48.8848435],[2.35965204,48.88485707],[2.35959006,48.88482178]]]},"properties":{"id":"paris:523","name":"SQUARE LOUISE DE MARILLAC","nameAddon":"Square","objectNumber":"523","district":"75018","locality":null,"type":"Promenades ouvertes","areaM2":1800,"areaHa":0.18,"designation":null,"dedicated":null,"builtYear":null,"renovatedYear":null,"planningAreaId":null,"planningAreaName":null,"centroid":[2.36006,48.884729],"bounds":[2.35959,48.88461,2.36061,48.88486],"amenities":{},"sourceId":"parks"}},{"type":"Feature","id":"paris:524","geometry":{"type":"Polygon","coordinates":[[[2.35829593,48.88478379],[2.35831216,48.88455853],[2.35901456,48.88460648],[2.35906178,48.88473132],[2.35890389,48.88475213],[2.35829593,48.88478379]]]},"properties":{"id":"paris:524","name":"SQUARE DE JESSAINT","nameAddon":"Square","objectNumber":"524","district":"75018","locality":null,"type":"Promenades ouvertes","areaM2":1718,"areaHa":0.17,"designation":null,"dedicated":null,"builtYear":null,"renovatedYear":null,"planningAreaId":null,"planningAreaName":null,"centroid":[2.35864,48.884674],"bounds":[2.3583,48.88456,2.35906,48.88478],"amenities":{},"sourceId":"parks"}},{"type":"Feature","id":"paris:525","geometry":{"type":"Polygon","coordinates":[[[2.35575193,48.88625204],[2.35581538,48.8859725],[2.35641301,48.88606839],[2.35645581,48.88616157],[2.35637612,48.88624751],[2.35575193,48.88625204]]]},"properties":{"id":"paris:525","name":"SQUARE SAINT-BERNARD - SAID BOUZIRI","nameAddon":"Square","objectNumber":"525","district":"75018","locality":null,"type":"Promenades ouvertes","areaM2":1308,"areaHa":0.13,"designation":null,"dedicated":null,"builtYear":null,"renovatedYear":null,"planningAreaId":null,"planningAreaName":null,"centroid":[2.35608,48.886135],"bounds":[2.35575,48.88597,2.35646,48.88625],"amenities":{},"sourceId":"parks"}},{"type":"Feature","id":"paris:526","geometry":{"type":"Polygon","coordinates":[[[2.36301649,48.8935019],[2.36329981,48.89335806],[2.36358904,48.8934232],[2.36371447,48.89384567],[2.36317586,48.89391442],[2.36301649,48.8935019]]]},"properties":{"id":"paris:526","name":"SQUARE PAUL ROBIN","nameAddon":"Square","objectNumber":"526","district":"75018","locality":null,"type":"Promenades ouvertes","areaM2":1980,"areaHa":0.2,"designation":null,"dedicated":null,"builtYear":null,"renovatedYear":null,"planningAreaId":null,"planningAreaName":null,"centroid":[2.363366,48.893642],"bounds":[2.36302,48.89336,2.36371,48.89391],"amenities":{},"sourceId":"parks"}},{"type":"Feature","id":"paris:527","geometry":{"type":"Polygon","coordinates":[[[2.33083579,48.89175412],[2.33095531,48.8914013],[2.33149097,48.89150172],[2.3317979,48.89119052],[2.33245604,48.89146825],[2.3321978,48.89173964],[2.33233356,48.89203456],[2.33154852,48.89219016],[2.33138915,48.89183734],[2.33083579,48.89175412]]]},"properties":{"id":"paris:527","name":"SQUARE CARPEAUX","nameAddon":"Square","objectNumber":"527","district":"75018","locality":null,"type":"Promenades ouvertes","areaM2":7205,"areaHa":0.72,"designation":null,"dedicated":null,"builtYear":null,"renovatedYear":null,"planningAreaId":null,"planningAreaName":null,"centroid":[2.331713,48.891691],"bounds":[2.33084,48.89119,2.33246,48.89219],"amenities":{},"sourceId":"parks"}},{"type":"Feature","id":"paris:528","geometry":{"type":"Polygon","coordinates":[[[2.34604371,48.89355166],[2.34634326,48.89328659],[2.34639343,48.8931898],[2.34612929,48.89264429],[2.34615438,48.89255473],[2.34625325,48.89249231],[2.34642147,48.89248507],[2.34654985,48.89255835],[2.34698516,48.89330378],[2.34695713,48.8933472],[2.34608798,48.89358875],[2.34604371,48.89355166]]]},"properties":{"id":"paris:528","name":"SQUARE MAURICE KRIEGEL-VALRIMONT DIT SQUARE DE CLIGNANCOURT","nameAddon":"Square","objectNumber":"528","district":"75018","locality":null,"type":"Promenades ouvertes","areaM2":4093,"areaHa":0.41,"designation":null,"dedicated":null,"builtYear":null,"renovatedYear":null,"planningAreaId":null,"planningAreaName":null,"centroid":[2.346503,48.89304],"bounds":[2.34604,48.89249,2.34699,48.89359],"amenities":{},"sourceId":"parks"}},{"type":"Feature","id":"paris:529","geometry":{"type":"Polygon","coordinates":[[[2.34142791,48.88595983],[2.34147218,48.88596345],[2.34148546,48.88591098],[2.34231182,48.88579066],[2.34229264,48.88594536],[2.34217163,48.88593993],[2.34152531,48.88607291],[2.34143824,48.88605754],[2.34142791,48.88595983]]]},"properties":{"id":"paris:529","name":"SQUARE NADAR","nameAddon":"Square","objectNumber":"529","district":"75018","locality":null,"type":"Promenades ouvertes","areaM2":1100,"areaHa":0.11,"designation":null,"dedicated":null,"builtYear":null,"renovatedYear":null,"planningAreaId":null,"planningAreaName":null,"centroid":[2.34186,48.885931],"bounds":[2.34143,48.88579,2.34231,48.88607],"amenities":{},"sourceId":"parks"}},{"type":"Feature","id":"paris:530","geometry":{"type":"MultiPolygon","coordinates":[[[[2.34239446,48.88596798],[2.34239593,48.88579428],[2.34304964,48.8859345],[2.34301422,48.88608015],[2.34272795,48.88607111],[2.34239446,48.88596798]]],[[[2.34262761,48.88570653],[2.34277517,48.88440474],[2.34405307,48.88449249],[2.34414309,48.88513298],[2.34495616,48.88584856],[2.34500781,48.88622309],[2.34487205,48.88625837],[2.34489123,48.88631807],[2.34403536,48.88611091],[2.34387157,48.88594626],[2.34371958,48.88587389],[2.34295225,48.88582052],[2.34262761,48.88570653]]],[[[2.34324,48.88610186],[2.34327394,48.88594626],[2.34367678,48.88598064],[2.34385681,48.88615162],[2.34360005,48.88621042],[2.34348348,48.88612177],[2.34324,48.88610186]]],[[[2.34362219,48.88625023],[2.34388042,48.88619052],[2.34399847,48.88636693],[2.34363694,48.88635155],[2.34362219,48.88625023]]]]},"properties":{"id":"paris:530","name":"SQUARE LOUISE MICHEL","nameAddon":"Square","objectNumber":"530","district":"75018","locality":null,"type":"Promenades ouvertes","areaM2":25539,"areaHa":2.55,"designation":null,"dedicated":null,"builtYear":null,"renovatedYear":null,"planningAreaId":null,"planningAreaName":null,"centroid":[2.343635,48.885399],"bounds":[2.34239,48.8844,2.34501,48.88637],"amenities":{},"sourceId":"parks"}},{"type":"Feature","id":"paris:531","geometry":{"type":"Polygon","coordinates":[[[2.33766946,48.89903655],[2.33828185,48.89834811],[2.33834088,48.89835082],[2.33843385,48.89835444],[2.33896507,48.89904921],[2.33888391,48.89914149],[2.33773144,48.89911706],[2.33766946,48.89903655]]]},"properties":{"id":"paris:531","name":"SQUARE MARCEL SEMBAT","nameAddon":"Square","objectNumber":"531","district":"75018","locality":null,"type":"Promenades ouvertes","areaM2":4670,"areaHa":0.47,"designation":null,"dedicated":null,"builtYear":null,"renovatedYear":null,"planningAreaId":null,"planningAreaName":null,"centroid":[2.338331,48.89884],"bounds":[2.33767,48.89835,2.33897,48.89914],"amenities":{},"sourceId":"parks"}},{"type":"Feature","id":"paris:532","geometry":{"type":"Polygon","coordinates":[[[2.34157253,48.88734485],[2.34187208,48.8872951],[2.3420344,48.88766329],[2.3417378,48.88770671],[2.34166549,48.88757282],[2.34157253,48.88734485]]]},"properties":{"id":"paris:532","name":"SQUARE CLAUDE CHARPENTIER","nameAddon":"Square","objectNumber":"532","district":"75018","locality":null,"type":"Promenades ouvertes","areaM2":875,"areaHa":0.09,"designation":null,"dedicated":null,"builtYear":null,"renovatedYear":null,"planningAreaId":null,"planningAreaName":null,"centroid":[2.341802,48.887503],"bounds":[2.34157,48.8873,2.34203,48.88771],"amenities":{},"sourceId":"parks"}},{"type":"Feature","id":"paris:533","geometry":{"type":"Polygon","coordinates":[[[2.33797049,48.88936855],[2.33803542,48.8890655],[2.33808412,48.88903022],[2.33817561,48.88906278],[2.33834088,48.88942102],[2.33829071,48.88945359],[2.33800886,48.88940655],[2.33797049,48.88936855]]]},"properties":{"id":"paris:533","name":"SQUARE JOEL LE TAC","nameAddon":"Square","objectNumber":"533","district":"75018","locality":null,"type":"Promenades ouvertes","areaM2":866,"areaHa":0.09,"designation":null,"dedicated":null,"builtYear":null,"renovatedYear":null,"planningAreaId":null,"planningAreaName":null,"centroid":[2.338138,48.889268],"bounds":[2.33797,48.88903,2.33834,48.88945],"amenities":{},"sourceId":"parks"}},{"type":"Feature","id":"paris:534","geometry":{"type":"Polygon","coordinates":[[[2.3383822,48.88459019],[2.33873783,48.88464719],[2.33882784,48.88476479],[2.33879095,48.88477474],[2.33899606,48.88508051],[2.33873488,48.88512575],[2.33871569,48.88516555],[2.3383822,48.88459019]]]},"properties":{"id":"paris:534","name":"SQUARE JEHAN RICTUS","nameAddon":"Square","objectNumber":"534","district":"75018","locality":null,"type":"Promenades ouvertes","areaM2":1266,"areaHa":0.13,"designation":null,"dedicated":null,"builtYear":null,"renovatedYear":null,"planningAreaId":null,"planningAreaName":null,"centroid":[2.338695,48.884863],"bounds":[2.33838,48.88459,2.339,48.88517],"amenities":{},"sourceId":"parks"}},{"type":"Feature","id":"paris:535","geometry":{"type":"Polygon","coordinates":[[[2.36126491,48.89222182],[2.36152757,48.89220554],[2.36173121,48.89315632],[2.36149363,48.89318165],[2.36126491,48.89222182]]]},"properties":{"id":"paris:535","name":"SQUARE DE LA MADONE","nameAddon":"Square","objectNumber":"535","district":"75018","locality":null,"type":"Promenades ouvertes","areaM2":2127,"areaHa":0.21,"designation":null,"dedicated":null,"builtYear":null,"renovatedYear":null,"planningAreaId":null,"planningAreaName":null,"centroid":[2.361502,48.892684],"bounds":[2.36126,48.89221,2.36173,48.89318],"amenities":{},"sourceId":"parks"}},{"type":"Feature","id":"paris:536","geometry":{"type":"Polygon","coordinates":[[[2.36562394,48.90050389],[2.36564755,48.89969423],[2.36589251,48.89969785],[2.36601351,48.89957391],[2.3666377,48.8998444],[2.36677937,48.89984711],[2.36675428,48.89989325],[2.36668197,48.89987878],[2.3666259,48.89999819],[2.36751128,48.90018726],[2.36738733,48.9004478],[2.36728256,48.90043333],[2.36722943,48.9004668],[2.36714237,48.90044147],[2.3670863,48.90047494],[2.36702137,48.90045594],[2.3666864,48.90051836],[2.36649752,48.90049575],[2.36643554,48.90052198],[2.36641193,48.90049575],[2.36635291,48.90052379],[2.36629093,48.90049756],[2.36594563,48.90052741],[2.36592645,48.90050027],[2.36573757,48.90053012],[2.36562394,48.90050389]]]},"properties":{"id":"paris:536","name":"SQUARE DE LA RUE CHARLES HERMITE","nameAddon":"Square","objectNumber":"536","district":"75018","locality":null,"type":"Promenades ouvertes","areaM2":10165,"areaHa":1.02,"designation":null,"dedicated":null,"builtYear":null,"renovatedYear":null,"planningAreaId":null,"planningAreaName":null,"centroid":[2.366365,48.900149],"bounds":[2.36562,48.89957,2.36751,48.90053],"amenities":{},"sourceId":"parks"}},{"type":"Feature","id":"paris:537","geometry":{"type":"Polygon","coordinates":[[[2.33671178,48.88800525],[2.33703199,48.8878985],[2.33716037,48.88811019],[2.33764733,48.88797539],[2.33778161,48.8881509],[2.33725481,48.8882685],[2.33736401,48.88845486],[2.33732564,48.88849738],[2.33700395,48.88853085],[2.33671178,48.88800525]],[[2.33725334,48.88815451],[2.33727842,48.88819975],[2.33760011,48.88811833],[2.33757355,48.88807038],[2.33725334,48.88815451]]]},"properties":{"id":"paris:537","name":"SQUARE SUZANNE BUISSON","nameAddon":"Square","objectNumber":"537","district":"75018","locality":null,"type":"Promenades ouvertes","areaM2":2484,"areaHa":0.25,"designation":null,"dedicated":null,"builtYear":null,"renovatedYear":null,"planningAreaId":null,"planningAreaName":null,"centroid":[2.337157,48.888202],"bounds":[2.33671,48.8879,2.33778,48.88853],"amenities":{},"sourceId":"parks"}},{"type":"Feature","id":"paris:538","geometry":{"type":"Polygon","coordinates":[[[2.3426645,48.89615162],[2.34335067,48.8959526],[2.34339051,48.89617514],[2.34347757,48.89631265],[2.34344806,48.8963624],[2.34293011,48.89650624],[2.3426645,48.89615162]]]},"properties":{"id":"paris:538","name":"SQUARE SAINTE-HELENE","nameAddon":"Square","objectNumber":"538","district":"75018","locality":null,"type":"Promenades ouvertes","areaM2":2140,"areaHa":0.21,"designation":null,"dedicated":null,"builtYear":null,"renovatedYear":null,"planningAreaId":null,"planningAreaName":null,"centroid":[2.343097,48.896235],"bounds":[2.34266,48.89595,2.34348,48.89651],"amenities":{},"sourceId":"parks"}},{"type":"Feature","id":"paris:539","geometry":{"type":"Polygon","coordinates":[[[2.33741861,48.89982993],[2.33754994,48.89942464],[2.3376975,48.89942736],[2.33769898,48.89938755],[2.33932513,48.89942102],[2.33929414,48.90006694],[2.33744074,48.90002985],[2.33741861,48.89982993]]]},"properties":{"id":"paris:539","name":"SQUARE DE LA RUE RENE BINET","nameAddon":"Square","objectNumber":"539","district":"75018","locality":null,"type":"Promenades ouvertes","areaM2":9932,"areaHa":0.99,"designation":null,"dedicated":null,"builtYear":null,"renovatedYear":null,"planningAreaId":null,"planningAreaName":null,"centroid":[2.338394,48.89973],"bounds":[2.33742,48.89939,2.33933,48.90007],"amenities":{},"sourceId":"parks"}},{"type":"Feature","id":"paris:540","geometry":{"type":"Polygon","coordinates":[[[2.34499305,48.90013751],[2.34505208,48.89956215],[2.34546968,48.8995712],[2.34542837,48.90044328],[2.34504618,48.90043423],[2.34504765,48.90013751],[2.34499305,48.90013751]]]},"properties":{"id":"paris:540","name":"JARDIN DE LA RUE GINETTE NEVEU","nameAddon":"Jardin","objectNumber":"540","district":"75018","locality":null,"type":"Promenades ouvertes","areaM2":4152,"areaHa":0.42,"designation":null,"dedicated":null,"builtYear":null,"renovatedYear":null,"planningAreaId":null,"planningAreaName":null,"centroid":[2.34524,48.899994],"bounds":[2.34499,48.89956,2.34547,48.90044],"amenities":{},"sourceId":"parks"}},{"type":"Feature","id":"paris:541","geometry":{"type":"Polygon","coordinates":[[[2.34079191,48.88814275],[2.34142496,48.88807762],[2.34153563,48.88835897],[2.34125379,48.88842772],[2.34086865,48.88843586],[2.34079191,48.88814275]]]},"properties":{"id":"paris:541","name":"JARDIN SAINT-VINCENT","nameAddon":"Jardin","objectNumber":"541","district":"75018","locality":null,"type":"Promenades ouvertes","areaM2":2280,"areaHa":0.23,"designation":null,"dedicated":null,"builtYear":null,"renovatedYear":null,"planningAreaId":null,"planningAreaName":null,"centroid":[2.341158,48.888264],"bounds":[2.34079,48.88808,2.34154,48.88844],"amenities":{},"sourceId":"parks"}},{"type":"Feature","id":"paris:542","geometry":{"type":"Polygon","coordinates":[[[2.35286263,48.88657771],[2.35311201,48.88576986],[2.35394722,48.88553555],[2.35401805,48.88557717],[2.35374211,48.88574905],[2.3538277,48.88591551],[2.35365652,48.88595441],[2.35382032,48.88646915],[2.35355618,48.88659671],[2.35352519,48.88658042],[2.35344846,48.88665008],[2.35329794,48.8866546],[2.35286263,48.88657771]]]},"properties":{"id":"paris:542","name":"SQUARE DU PASSAGE LEON","nameAddon":"Square","objectNumber":"542","district":"75018","locality":null,"type":"Promenades ouvertes","areaM2":7830,"areaHa":0.78,"designation":null,"dedicated":null,"builtYear":null,"renovatedYear":null,"planningAreaId":null,"planningAreaName":null,"centroid":[2.353391,48.886154],"bounds":[2.35286,48.88554,2.35402,48.88665],"amenities":{},"sourceId":"parks"}},{"type":"Feature","id":"paris:543","geometry":{"type":"Polygon","coordinates":[[[2.3496236,48.8940275],[2.34981691,48.89397684],[2.34987446,48.89410349],[2.34970034,48.89414149],[2.34964721,48.89407545],[2.3496236,48.8940275]]]},"properties":{"id":"paris:543","name":"JARDIN DE LA RUE DU SIMPLON (JARDIN D'ENFANTS)","nameAddon":"Jardin","objectNumber":"543","district":"75018","locality":null,"type":"Promenades ouvertes","areaM2":291,"areaHa":0.03,"designation":null,"dedicated":null,"builtYear":null,"renovatedYear":null,"planningAreaId":null,"planningAreaName":null,"centroid":[2.349752,48.894061],"bounds":[2.34962,48.89398,2.34987,48.89414],"amenities":{},"sourceId":"parks"}},{"type":"Feature","id":"paris:544","geometry":{"type":"Polygon","coordinates":[[[2.33005665,48.89953953],[2.33088891,48.89955853],[2.33090219,48.89924733],[2.33133455,48.89925728],[2.33129028,48.90016374],[2.33029275,48.90014293],[2.33018798,48.89975755],[2.33027947,48.89966799],[2.33005665,48.89953953]]]},"properties":{"id":"paris:544","name":"SQUARE DE LA RUE HENRI HUCHARD","nameAddon":"Square","objectNumber":"544","district":"75018","locality":null,"type":"Promenades ouvertes","areaM2":6527,"areaHa":0.65,"designation":null,"dedicated":null,"builtYear":null,"renovatedYear":null,"planningAreaId":null,"planningAreaName":null,"centroid":[2.330823,48.899771],"bounds":[2.33006,48.89925,2.33133,48.90016],"amenities":{},"sourceId":"parks"}},{"type":"Feature","id":"paris:545","geometry":{"type":"Polygon","coordinates":[[[2.33744369,48.89178126],[2.33894294,48.89162566],[2.33889572,48.89151529],[2.33901967,48.89149448],[2.33914805,48.89171341],[2.3391997,48.89170617],[2.3394181,48.89223991],[2.33923069,48.89227429],[2.33920118,48.89225258],[2.33926168,48.89238918],[2.33910969,48.89241994],[2.33927496,48.89276371],[2.33852533,48.89289488],[2.33848254,48.89278632],[2.33866257,48.89271576],[2.33840728,48.89260177],[2.33824201,48.89246517],[2.3380487,48.8924118],[2.33789081,48.89245884],[2.33744369,48.89178126]]]},"properties":{"id":"paris:545","name":"SQUARE LEON SERPOLLET","nameAddon":"Square","objectNumber":"545","district":"75018","locality":null,"type":"Promenades ouvertes","areaM2":14096,"areaHa":1.41,"designation":null,"dedicated":null,"builtYear":null,"renovatedYear":null,"planningAreaId":null,"planningAreaName":null,"centroid":[2.338554,48.892156],"bounds":[2.33744,48.89149,2.33942,48.89289],"amenities":{},"sourceId":"parks"}},{"type":"Feature","id":"paris:546","geometry":{"type":"Polygon","coordinates":[[[2.33522728,48.89170165],[2.33552536,48.89167179],[2.33566702,48.89180387],[2.33569506,48.89183011],[2.33551946,48.89188167],[2.33522728,48.89170165]]]},"properties":{"id":"paris:546","name":"SQUARE RAYMOND SOUPLEX","nameAddon":"Square","objectNumber":"546","district":"75018","locality":null,"type":"Promenades ouvertes","areaM2":456,"areaHa":0.05,"designation":null,"dedicated":null,"builtYear":null,"renovatedYear":null,"planningAreaId":null,"planningAreaName":null,"centroid":[2.335482,48.891768],"bounds":[2.33523,48.89167,2.3357,48.89188],"amenities":{},"sourceId":"parks"}},{"type":"Feature","id":"paris:547","geometry":{"type":"Polygon","coordinates":[[[2.33653765,48.88643658],[2.33696854,48.88629998],[2.3368918,48.88617243],[2.33709249,48.88612358],[2.33728432,48.88638954],[2.3372194,48.88641578],[2.33726366,48.88648905],[2.3371648,48.88661932],[2.33695673,48.88669712],[2.33682245,48.88650534],[2.33662766,48.88656504],[2.33653765,48.88643658]]]},"properties":{"id":"paris:547","name":"JARDIN LOUISE WEBER DITE LA GOULUE","nameAddon":"Jardin","objectNumber":"547","district":"75018","locality":null,"type":"Promenades ouvertes","areaM2":1798,"areaHa":0.18,"designation":null,"dedicated":null,"builtYear":null,"renovatedYear":null,"planningAreaId":null,"planningAreaName":null,"centroid":[2.336979,48.886424],"bounds":[2.33654,48.88612,2.33728,48.8867],"amenities":{},"sourceId":"parks"}},{"type":"Feature","id":"paris:548","geometry":{"type":"Polygon","coordinates":[[[2.34341412,48.88795187],[2.34349971,48.88726434],[2.34356169,48.88724263],[2.34419178,48.88747422],[2.34402208,48.88781979],[2.34392174,48.88779808],[2.34382287,48.88800072],[2.34402061,48.88804596],[2.34397486,48.88825041],[2.34379336,48.88825131],[2.34379336,48.88841415],[2.34359415,48.88845667],[2.34353217,48.8883264],[2.34341412,48.88795187]]]},"properties":{"id":"paris:548","name":"PARC MARCEL BLEUNSTEIN-BLANCHET DIT PARC DE LA TURLURE","nameAddon":"Parc","objectNumber":"548","district":"75018","locality":null,"type":"Promenades ouvertes","areaM2":4715,"areaHa":0.47,"designation":null,"dedicated":null,"builtYear":null,"renovatedYear":null,"planningAreaId":null,"planningAreaName":null,"centroid":[2.343731,48.887805],"bounds":[2.34341,48.88724,2.34419,48.88846],"amenities":{},"sourceId":"parks"}},{"type":"Feature","id":"paris:549","geometry":{"type":"Polygon","coordinates":[[[2.36348722,48.89536005],[2.3636702,48.89514746],[2.36480054,48.89500905],[2.36486251,48.8950389],[2.36496581,48.89547132],[2.36492006,48.89551203],[2.36422799,48.8955835],[2.36380005,48.89562873],[2.36359494,48.89550299],[2.36356985,48.89540076],[2.36348722,48.89536005]]]},"properties":{"id":"paris:549","name":"JARDIN RACHMANINOV","nameAddon":"Jardin","objectNumber":"549","district":"75018","locality":null,"type":"Promenades ouvertes","areaM2":5400,"areaHa":0.54,"designation":null,"dedicated":null,"builtYear":null,"renovatedYear":null,"planningAreaId":null,"planningAreaName":null,"centroid":[2.364263,48.895327],"bounds":[2.36349,48.89501,2.36497,48.89563],"amenities":{},"sourceId":"parks"}},{"type":"Feature","id":"paris:550","geometry":{"type":"Polygon","coordinates":[[[2.36075876,48.89565044],[2.36076614,48.89555546],[2.36082517,48.89555274],[2.36084583,48.89566854],[2.36117194,48.8956812],[2.36129442,48.89609734],[2.36077795,48.89615433],[2.36081631,48.89565225],[2.36075876,48.89565044]]]},"properties":{"id":"paris:550","name":"SQUARE RAYMOND QUENEAU","nameAddon":"Square","objectNumber":"550","district":"75018","locality":null,"type":"Promenades ouvertes","areaM2":1645,"areaHa":0.16,"designation":null,"dedicated":null,"builtYear":null,"renovatedYear":null,"planningAreaId":null,"planningAreaName":null,"centroid":[2.361004,48.895904],"bounds":[2.36076,48.89555,2.36129,48.89615],"amenities":{},"sourceId":"parks"}},{"type":"Feature","id":"paris:553","geometry":{"type":"Polygon","coordinates":[[[2.3352022,48.88803601],[2.33546781,48.88791659],[2.33568916,48.88813009],[2.33548552,48.88825493],[2.3352022,48.88803601]]]},"properties":{"id":"paris:553","name":"TERRAIN DE BOULES AVENUE JUNOT","nameAddon":"Terrain de boules","objectNumber":"553","district":"75018","locality":null,"type":"Promenades ouvertes","areaM2":600,"areaHa":0.06,"designation":null,"dedicated":null,"builtYear":null,"renovatedYear":null,"planningAreaId":null,"planningAreaName":null,"centroid":[2.335456,48.888083],"bounds":[2.3352,48.88792,2.33569,48.88825],"amenities":{},"sourceId":"parks"}},{"type":"Feature","id":"paris:554","geometry":{"type":"Polygon","coordinates":[[[2.35162604,48.89398679],[2.3526708,48.89376153],[2.35275933,48.89416772],[2.35236386,48.89424914],[2.35205103,48.89431518],[2.35162604,48.89398679]]]},"properties":{"id":"paris:554","name":"JARDIN HENRI SAUVAGE","nameAddon":"Jardin","objectNumber":"554","district":"75018","locality":null,"type":"Promenades ouvertes","areaM2":3000,"areaHa":0.3,"designation":null,"dedicated":null,"builtYear":null,"renovatedYear":null,"planningAreaId":null,"planningAreaName":null,"centroid":[2.352269,48.894046],"bounds":[2.35163,48.89376,2.35276,48.89432],"amenities":{},"sourceId":"parks"}},{"type":"Feature","id":"paris:555","geometry":{"type":"Polygon","coordinates":[[[2.32669662,48.88542699],[2.32678664,48.88524245],[2.32700946,48.88536638],[2.32710538,48.88529401],[2.32811471,48.88587932],[2.32779893,48.88607382],[2.32669662,48.88542699]]]},"properties":{"id":"paris:555","name":"SQUARE DES DEUX NETHES","nameAddon":"Square","objectNumber":"555","district":"75018","locality":null,"type":"Promenades ouvertes","areaM2":3500,"areaHa":0.35,"designation":null,"dedicated":null,"builtYear":null,"renovatedYear":null,"planningAreaId":null,"planningAreaName":null,"centroid":[2.3274,48.885657],"bounds":[2.3267,48.88524,2.32811,48.88607],"amenities":{},"sourceId":"parks"}},{"type":"Feature","id":"paris:556","geometry":{"type":"Polygon","coordinates":[[[2.33549438,48.89670617],[2.33572457,48.89665189],[2.33617612,48.8967306],[2.33627794,48.89700199],[2.33623367,48.89707074],[2.33576442,48.89719739],[2.33549438,48.89670617]]]},"properties":{"id":"paris:556","name":"JARDIN MARIA VERONE","nameAddon":"Jardin","objectNumber":"556","district":"75018","locality":null,"type":"Promenades ouvertes","areaM2":2048,"areaHa":0.2,"designation":null,"dedicated":null,"builtYear":null,"renovatedYear":null,"planningAreaId":null,"planningAreaName":null,"centroid":[2.335899,48.896902],"bounds":[2.33549,48.89665,2.33628,48.8972],"amenities":{},"sourceId":"parks"}},{"type":"Feature","id":"paris:557","geometry":{"type":"Polygon","coordinates":[[[2.36167218,48.89221549],[2.36177843,48.89218473],[2.3620042,48.89233128],[2.36184483,48.89242989],[2.36191714,48.89253212],[2.36201601,48.89262348],[2.361774,48.89270309],[2.36167218,48.89221549]]]},"properties":{"id":"paris:557","name":"JARDIN DU 8 RUE DE LA MADONE (JARDIN EVANGILE)","nameAddon":"Jardin","objectNumber":"557","district":"75018","locality":null,"type":"Promenades ouvertes","areaM2":700,"areaHa":0.07,"designation":null,"dedicated":null,"builtYear":null,"renovatedYear":null,"planningAreaId":null,"planningAreaName":null,"centroid":[2.361823,48.892434],"bounds":[2.36167,48.89218,2.36202,48.8927],"amenities":{},"sourceId":"parks"}},{"type":"Feature","id":"paris:56","geometry":{"type":"Polygon","coordinates":[[[2.33639156,48.84127737],[2.33655683,48.8409345],[2.33669407,48.84087208],[2.33687557,48.84086032],[2.33710577,48.84096255],[2.33727547,48.84125656],[2.33735368,48.8424326],[2.3364742,48.84245612],[2.33639156,48.84127737]]]},"properties":{"id":"paris:56","name":"JARDIN DES GRANDS EXPLORATEURS - MARCO POLO ET CAVELIER DE LA SALLE","nameAddon":"Jardin","objectNumber":"56","district":"75006","locality":null,"type":"Promenades ouvertes","areaM2":10903,"areaHa":1.09,"designation":null,"dedicated":null,"builtYear":null,"renovatedYear":null,"planningAreaId":null,"planningAreaName":null,"centroid":[2.336863,48.841704],"bounds":[2.33639,48.84086,2.33735,48.84246],"amenities":{},"sourceId":"parks"}},{"type":"Feature","id":"paris:57","geometry":{"type":"Polygon","coordinates":[[[2.33648305,48.84263796],[2.33736253,48.84261444],[2.3374673,48.84415506],[2.33658487,48.84417858],[2.33648305,48.84263796]]]},"properties":{"id":"paris:57","name":"ESPLANADE GASTON MONNERVILLE","nameAddon":"Esplanade","objectNumber":"57","district":"75006","locality":null,"type":"Promenades ouvertes","areaM2":11154,"areaHa":1.12,"designation":null,"dedicated":null,"builtYear":null,"renovatedYear":null,"planningAreaId":null,"planningAreaName":null,"centroid":[2.336974,48.843397],"bounds":[2.33648,48.84261,2.33747,48.84418],"amenities":{},"sourceId":"parks"}},{"type":"Feature","id":"paris:58","geometry":{"type":"Polygon","coordinates":[[[2.33389036,48.85380315],[2.3350325,48.85352452],[2.33510776,48.85372716],[2.33423861,48.8538719],[2.33421205,48.85381129],[2.33391987,48.85385471],[2.33389036,48.85380315]]]},"properties":{"id":"paris:58","name":"SQUARE FELIX DESRUELLES","nameAddon":"Square","objectNumber":"58","district":"75006","locality":null,"type":"Promenades ouvertes","areaM2":1515,"areaHa":0.15,"designation":null,"dedicated":null,"builtYear":null,"renovatedYear":null,"planningAreaId":null,"planningAreaName":null,"centroid":[2.334596,48.853719],"bounds":[2.33389,48.85352,2.33511,48.85387],"amenities":{},"sourceId":"parks"}},{"type":"Feature","id":"paris:59","geometry":{"type":"Polygon","coordinates":[[[2.33373394,48.85419938],[2.33380477,48.85413515],[2.33391102,48.85413063],[2.33391249,48.85418129],[2.33407481,48.85415415],[2.33416778,48.85431608],[2.33390659,48.85438484],[2.33379887,48.85434956],[2.33373394,48.85419938]]]},"properties":{"id":"paris:59","name":"SQUARE LAURENT PRACHE","nameAddon":"Square","objectNumber":"59","district":"75006","locality":null,"type":"Promenades ouvertes","areaM2":590,"areaHa":0.06,"designation":null,"dedicated":null,"builtYear":null,"renovatedYear":null,"planningAreaId":null,"planningAreaName":null,"centroid":[2.333937,48.854257],"bounds":[2.33373,48.85413,2.33417,48.85438],"amenities":{},"sourceId":"parks"}},{"type":"Feature","id":"paris:6","geometry":{"type":"Polygon","coordinates":[[[2.33718693,48.86788221],[2.33779047,48.86774833],[2.33796017,48.86806586],[2.33735368,48.86819884],[2.33718693,48.86788221]]]},"properties":{"id":"paris:6","name":"SQUARE LOUVOIS","nameAddon":"Square","objectNumber":"6","district":"75002","locality":null,"type":"Promenades ouvertes","areaM2":1925,"areaHa":0.19,"designation":null,"dedicated":null,"builtYear":null,"renovatedYear":null,"planningAreaId":null,"planningAreaName":null,"centroid":[2.337573,48.867974],"bounds":[2.33719,48.86775,2.33796,48.8682],"amenities":{},"sourceId":"parks"}},{"type":"Feature","id":"paris:60","geometry":{"type":"Polygon","coordinates":[[[2.3269947,48.84306495],[2.32720572,48.84299077],[2.32785795,48.84355527],[2.32752741,48.84373349],[2.3275643,48.84358603],[2.32733262,48.8433662],[2.32724851,48.84337615],[2.32706553,48.84316356],[2.32708177,48.84311561],[2.3269947,48.84306495]]]},"properties":{"id":"paris:60","name":"SQUARE OZANAM","nameAddon":"Square","objectNumber":"60","district":"75006","locality":null,"type":"Promenades ouvertes","areaM2":1640,"areaHa":0.16,"designation":null,"dedicated":null,"builtYear":null,"renovatedYear":null,"planningAreaId":null,"planningAreaName":null,"centroid":[2.327426,48.843336],"bounds":[2.32699,48.84299,2.32786,48.84373],"amenities":{},"sourceId":"parks"}},{"type":"Feature","id":"paris:61","geometry":{"type":"Polygon","coordinates":[[[2.33282052,48.84934594],[2.33284561,48.8488529],[2.33312893,48.84886919],[2.33306548,48.84890176],[2.3330581,48.8490266],[2.33304924,48.84939117],[2.3330094,48.84934956],[2.33282052,48.84934594]]]},"properties":{"id":"paris:61","name":"PROMENADE DE L'ALLEE DU SEMINAIRE - JEAN-JACQUES OLIER","nameAddon":"Promenade","objectNumber":"61","district":"75006","locality":null,"type":"Promenades ouvertes","areaM2":990,"areaHa":0.1,"designation":null,"dedicated":null,"builtYear":null,"renovatedYear":null,"planningAreaId":null,"planningAreaName":null,"centroid":[2.332947,48.849105],"bounds":[2.33282,48.84885,2.33313,48.84939],"amenities":{},"sourceId":"parks"}},{"type":"Feature","id":"paris:62","geometry":{"type":"Polygon","coordinates":[[[2.33062034,48.8545911],[2.33104238,48.85447259],[2.331156,48.85464538],[2.33102467,48.85457572],[2.33087711,48.85460467],[2.33091695,48.85469604],[2.33074577,48.8547277],[2.33072954,48.85468518],[2.33065281,48.85469694],[2.33062034,48.8545911]]]},"properties":{"id":"paris:62","name":"SQUARE TARAS CHEVTCHENKO","nameAddon":"Square","objectNumber":"62","district":"75006","locality":null,"type":"Promenades ouvertes","areaM2":436,"areaHa":0.04,"designation":null,"dedicated":null,"builtYear":null,"renovatedYear":null,"planningAreaId":null,"planningAreaName":null,"centroid":[2.330855,48.854601],"bounds":[2.33062,48.85447,2.33116,48.85473],"amenities":{},"sourceId":"parks"}},{"type":"Feature","id":"paris:63","geometry":{"type":"Polygon","coordinates":[[[2.33659815,48.85704089],[2.33663504,48.85681473],[2.33704527,48.85680659],[2.33702904,48.85684277],[2.33688738,48.85700199],[2.33659815,48.85704089]]]},"properties":{"id":"paris:63","name":"SQUARE GABRIEL PIERNE","nameAddon":"Square","objectNumber":"63","district":"75006","locality":null,"type":"Promenades ouvertes","areaM2":644,"areaHa":0.06,"designation":null,"dedicated":null,"builtYear":null,"renovatedYear":null,"planningAreaId":null,"planningAreaName":null,"centroid":[2.336793,48.856909],"bounds":[2.3366,48.85681,2.33705,48.85704],"amenities":{},"sourceId":"parks"}},{"type":"Feature","id":"paris:64","geometry":{"type":"Polygon","coordinates":[[[2.3289632,48.84482812],[2.32902518,48.84460738],[2.32912405,48.84458657],[2.32923177,48.84467794],[2.32924357,48.84475303],[2.32899862,48.8448833],[2.3289632,48.84482812]]]},"properties":{"id":"paris:64","name":"JARDIN DE LA PLACE PIERRE LAFUE","nameAddon":"Jardin","objectNumber":"64","district":"75006","locality":null,"type":"Promenades ouvertes","areaM2":380,"areaHa":0.04,"designation":null,"dedicated":null,"builtYear":null,"renovatedYear":null,"planningAreaId":null,"planningAreaName":null,"centroid":[2.329094,48.844727],"bounds":[2.32896,48.84459,2.32924,48.84488],"amenities":{},"sourceId":"parks"}},{"type":"Feature","id":"paris:649","geometry":{"type":"Polygon","coordinates":[[[2.3927919,48.87675864],[2.39287454,48.8766546],[2.3930826,48.87657319],[2.39387354,48.87712321],[2.39367433,48.87733038],[2.39293651,48.87719559],[2.3927919,48.87675864]]]},"properties":{"id":"paris:649","name":"SQUARE MONSEIGNEUR MAILLET","nameAddon":"Square","objectNumber":"649","district":"75019","locality":null,"type":"Promenades ouvertes","areaM2":3950,"areaHa":0.4,"designation":null,"dedicated":null,"builtYear":null,"renovatedYear":null,"planningAreaId":null,"planningAreaName":null,"centroid":[2.39327,48.876988],"bounds":[2.39279,48.87657,2.39387,48.87733],"amenities":{},"sourceId":"parks"}},{"type":"Feature","id":"paris:65","geometry":{"type":"Polygon","coordinates":[[[2.33585886,48.855778],[2.33599462,48.85576805],[2.33601528,48.85584494],[2.33587952,48.8558567],[2.33585886,48.855778]]]},"properties":{"id":"paris:65","name":"JARDIN VISCONTI-ALICE SAUNIER SEITE","nameAddon":"Jardin","objectNumber":"65","district":"75006","locality":null,"type":"Promenades ouvertes","areaM2":80,"areaHa":0.01,"designation":null,"dedicated":null,"builtYear":null,"renovatedYear":null,"planningAreaId":null,"planningAreaName":null,"centroid":[2.335937,48.855812],"bounds":[2.33586,48.85577,2.33602,48.85586],"amenities":{},"sourceId":"parks"}},{"type":"Feature","id":"paris:650","geometry":{"type":"Polygon","coordinates":[[[2.37836607,48.87813914],[2.37847822,48.87760268],[2.37878958,48.87712774],[2.37923965,48.87674417],[2.37991254,48.87641035],[2.38030506,48.87629908],[2.38106501,48.87616519],[2.38115503,48.87621766],[2.38098828,48.87666998],[2.38093811,48.87709788],[2.38096614,48.87743622],[2.38109895,48.87783155],[2.38135719,48.87821694],[2.38171134,48.87853537],[2.38222929,48.87884567],[2.38272805,48.87905645],[2.38400596,48.87939117],[2.38543585,48.87958024],[2.3872863,48.87967161],[2.38924004,48.87967614],[2.38597741,48.88253664],[2.38596855,48.88241451],[2.38587854,48.88245884],[2.38558194,48.88258006],[2.38549045,48.88291388],[2.38414762,48.88277275],[2.38307188,48.8825294],[2.38222929,48.8822173],[2.3812716,48.88170798],[2.38056625,48.88119504],[2.37992139,48.88059526],[2.37927801,48.87987154],[2.37862431,48.87894608],[2.37843838,48.87856523],[2.37836607,48.87813914]],[[2.3856026,48.88249502],[2.38597593,48.88232405],[2.38593757,48.8822182],[2.38597741,48.88222092],[2.38599217,48.88207074],[2.38594642,48.88206713],[2.38617367,48.88069658],[2.38601135,48.88068301],[2.38571475,48.88227519],[2.3856026,48.88249502]]]},"properties":{"id":"paris:650","name":"PARC DES BUTTES CHAUMONT","nameAddon":"Parc","objectNumber":"650","district":"75019","locality":null,"type":"Promenades ouvertes","areaM2":247316,"areaHa":24.73,"designation":null,"dedicated":null,"builtYear":null,"renovatedYear":null,"planningAreaId":null,"planningAreaName":null,"centroid":[2.382901,48.880042],"bounds":[2.37837,48.87617,2.38924,48.88291],"amenities":{},"sourceId":"parks"}},{"type":"Feature","id":"paris:651","geometry":{"type":"Polygon","coordinates":[[[2.37871285,48.88911254],[2.37920718,48.88868283],[2.37930753,48.88867378],[2.37955101,48.88880134],[2.37906405,48.88922381],[2.378946,48.88923738],[2.37871285,48.88911254]]]},"properties":{"id":"paris:651","name":"SQUARE SERGE REGGIANI","nameAddon":"Square","objectNumber":"651","district":"75019","locality":null,"type":"Promenades ouvertes","areaM2":1800,"areaHa":0.18,"designation":null,"dedicated":null,"builtYear":null,"renovatedYear":null,"planningAreaId":null,"planningAreaName":null,"centroid":[2.379132,48.888956],"bounds":[2.37871,48.88867,2.37955,48.88924],"amenities":{},"sourceId":"parks"}},{"type":"Feature","id":"paris:653","geometry":{"type":"Polygon","coordinates":[[[2.39647952,48.88300525],[2.39652084,48.8828994],[2.39666545,48.88285236],[2.39688089,48.88251131],[2.39683958,48.88210964],[2.39724685,48.88162927],[2.39758477,48.88139678],[2.39923158,48.88047675],[2.39978495,48.88067215],[2.39984545,48.88075629],[2.3998971,48.88114619],[2.40037668,48.88166637],[2.40046522,48.88189162],[2.40040619,48.88211145],[2.40021436,48.88230143],[2.39993989,48.88244165],[2.39954294,48.88256921],[2.39801861,48.88276913],[2.39760838,48.88290845],[2.3971834,48.88312737],[2.39647952,48.88300525]]]},"properties":{"id":"paris:653","name":"SQUARE DE LA BUTTE DU CHAPEAU ROUGE","nameAddon":"Square","objectNumber":"653","district":"75019","locality":null,"type":"Promenades ouvertes","areaM2":46880,"areaHa":4.69,"designation":null,"dedicated":null,"builtYear":null,"renovatedYear":null,"planningAreaId":null,"planningAreaName":null,"centroid":[2.398599,48.881877],"bounds":[2.39648,48.88048,2.40047,48.88313],"amenities":{},"sourceId":"parks"}},{"type":"Feature","id":"paris:654","geometry":{"type":"MultiPolygon","coordinates":[[[[2.39801271,48.88935498],[2.39807911,48.88859236],[2.39812633,48.8885598],[2.39828127,48.88855256],[2.39831226,48.8887932],[2.39838604,48.88940112],[2.39805845,48.88938846],[2.39801271,48.88935498]]],[[[2.39809387,48.88842048],[2.39814109,48.88786503],[2.39818536,48.88783065],[2.39912534,48.88768229],[2.39919174,48.88814275],[2.39912239,48.88840148],[2.39853951,48.88843134],[2.39848639,48.88798806],[2.39821487,48.88800253],[2.39826799,48.88844491],[2.39814256,48.88845124],[2.39809387,48.88842048]]]]},"properties":{"id":"paris:654","name":"JARDIN D'IMMEUBLES GRENADE","nameAddon":"Jardin d'immeubles","objectNumber":"654","district":"75019","locality":null,"type":"Promenades ouvertes","areaM2":6120,"areaHa":0.61,"designation":null,"dedicated":null,"builtYear":null,"renovatedYear":null,"planningAreaId":null,"planningAreaName":null,"centroid":[2.398558,48.888349],"bounds":[2.39801,48.88768,2.39919,48.8894],"amenities":{},"sourceId":"parks"}},{"type":"Feature","id":"paris:655","geometry":{"type":"Polygon","coordinates":[[[2.36964063,48.88642844],[2.37022645,48.88611905],[2.37049945,48.88633798],[2.37064258,48.88626289],[2.37075326,48.88635064],[2.37062635,48.88641759],[2.37090672,48.88681925],[2.37102182,48.88678578],[2.3713258,48.88720644],[2.3707267,48.88740908],[2.37044042,48.88693686],[2.37025302,48.8869848],[2.37007004,48.88668808],[2.36996674,48.88673602],[2.36964063,48.88642844]]]},"properties":{"id":"paris:655","name":"JARDIN LUC HOFFMANN","nameAddon":"Jardin","objectNumber":"655","district":"75019","locality":null,"type":"Promenades ouvertes","areaM2":6638,"areaHa":0.66,"designation":null,"dedicated":null,"builtYear":null,"renovatedYear":null,"planningAreaId":null,"planningAreaName":null,"centroid":[2.370501,48.886744],"bounds":[2.36964,48.88612,2.37133,48.88741],"amenities":{},"sourceId":"parks"}},{"type":"Feature","id":"paris:656","geometry":{"type":"Polygon","coordinates":[[[2.38383331,48.89401574],[2.38384216,48.89394337],[2.38409597,48.89380043],[2.38429813,48.89394789],[2.38451948,48.89382576],[2.38463015,48.89390537],[2.38450325,48.89409716],[2.38438667,48.89401212],[2.38404875,48.89419215],[2.38383331,48.89401574]]]},"properties":{"id":"paris:656","name":"SQUARE DAMPIERRE - ROUVET","nameAddon":"Square","objectNumber":"656","district":"75019","locality":null,"type":"Promenades ouvertes","areaM2":1270,"areaHa":0.13,"designation":null,"dedicated":null,"builtYear":null,"renovatedYear":null,"planningAreaId":null,"planningAreaName":null,"centroid":[2.384194,48.893984],"bounds":[2.38383,48.8938,2.38463,48.89419],"amenities":{},"sourceId":"parks"}},{"type":"Feature","id":"paris:657","geometry":{"type":"MultiPolygon","coordinates":[[[[2.38829564,48.89986973],[2.38834876,48.89979103],[2.39004574,48.8996698],[2.39049876,48.90000633],[2.389727,48.90013027],[2.38886228,48.90012394],[2.38850665,48.90003257],[2.38829564,48.89986973]]],[[[2.39016527,48.89966799],[2.39018002,48.89965985],[2.39203638,48.8995332],[2.39141218,48.89978831],[2.39060206,48.89998281],[2.39016527,48.89966799]]]]},"properties":{"id":"paris:657","name":"SQUARE DE LA PORTE DE LA VILLETTE","nameAddon":"Square","objectNumber":"657","district":"75019","locality":null,"type":"Promenades ouvertes","areaM2":9359,"areaHa":0.94,"designation":null,"dedicated":null,"builtYear":null,"renovatedYear":null,"planningAreaId":null,"planningAreaName":null,"centroid":[2.389937,48.899853],"bounds":[2.3883,48.89953,2.39204,48.90013],"amenities":{},"sourceId":"parks"}},{"type":"Feature","id":"paris:658","geometry":{"type":"Polygon","coordinates":[[[2.37471387,48.89563325],[2.37499424,48.89549303],[2.37520968,48.89567125],[2.37488061,48.89579428],[2.37471387,48.89563325]]]},"properties":{"id":"paris:658","name":"SQUARE DE LA RUE CURIAL","nameAddon":"Square","objectNumber":"658","district":"75019","locality":null,"type":"Promenades ouvertes","areaM2":875,"areaHa":0.09,"designation":null,"dedicated":null,"builtYear":null,"renovatedYear":null,"planningAreaId":null,"planningAreaName":null,"centroid":[2.374954,48.895647],"bounds":[2.37471,48.89549,2.37521,48.89579],"amenities":{},"sourceId":"parks"}},{"type":"Feature","id":"paris:659","geometry":{"type":"Polygon","coordinates":[[[2.39898958,48.88291026],[2.39968608,48.88279808],[2.40008893,48.88267686],[2.40049473,48.8824706],[2.40075149,48.88222544],[2.40085183,48.88197847],[2.4008238,48.88174055],[2.4007146,48.88154967],[2.40028076,48.8810901],[2.40022321,48.88080242],[2.40033831,48.88059797],[2.40151735,48.87914058],[2.40102153,48.88069568],[2.40112925,48.88172698],[2.40107023,48.88205808],[2.40087987,48.88234304],[2.40056704,48.88263344],[2.39951638,48.88342591],[2.39946621,48.88346481],[2.3993334,48.88337796],[2.39922273,48.88309209],[2.39902795,48.88304505],[2.39898958,48.88291026]]]},"properties":{"id":"paris:659","name":"PROMENADE AMALIA RODRIGUES","nameAddon":"Promenade","objectNumber":"659","district":"75019","locality":null,"type":"Promenades ouvertes","areaM2":15047,"areaHa":1.5,"designation":null,"dedicated":null,"builtYear":null,"renovatedYear":null,"planningAreaId":null,"planningAreaName":null,"centroid":[2.400525,48.881466],"bounds":[2.39899,48.87914,2.40152,48.88346],"amenities":{},"sourceId":"parks"}},{"type":"Feature","id":"paris:660","geometry":{"type":"Polygon","coordinates":[[[2.38164346,48.8851357],[2.38178955,48.88488601],[2.3824949,48.88493667],[2.38228979,48.88528316],[2.38164346,48.8851357]]]},"properties":{"id":"paris:660","name":"SQUARE RUE PETIT","nameAddon":"Square","objectNumber":"660","district":"75019","locality":null,"type":"Promenades ouvertes","areaM2":1800,"areaHa":0.18,"designation":null,"dedicated":null,"builtYear":null,"renovatedYear":null,"planningAreaId":null,"planningAreaName":null,"centroid":[2.382073,48.885063],"bounds":[2.38164,48.88489,2.38249,48.88528],"amenities":{},"sourceId":"parks"}},{"type":"Feature","id":"paris:661","geometry":{"type":"Polygon","coordinates":[[[2.39708601,48.88817623],[2.39761871,48.88619866],[2.39793007,48.88614891],[2.39800976,48.88619866],[2.39785629,48.88800163],[2.39784006,48.88820065],[2.39708601,48.88817623]]]},"properties":{"id":"paris:661","name":"SQUARE DE LA MARSEILLAISE","nameAddon":"Square","objectNumber":"661","district":"75019","locality":null,"type":"Promenades ouvertes","areaM2":9714,"areaHa":0.97,"designation":null,"dedicated":null,"builtYear":null,"renovatedYear":null,"planningAreaId":null,"planningAreaName":null,"centroid":[2.397622,48.88729],"bounds":[2.39709,48.88615,2.39801,48.8882],"amenities":{},"sourceId":"parks"}},{"type":"Feature","id":"paris:662","geometry":{"type":"Polygon","coordinates":[[[2.39425426,48.87566492],[2.3948032,48.87569929],[2.39467186,48.87586937],[2.3944579,48.87595531],[2.39429705,48.87596888],[2.39425426,48.87566492]]]},"properties":{"id":"paris:662","name":"SQUARE DU REGARD DE LA LANTERNE","nameAddon":"Square","objectNumber":"662","district":"75019","locality":null,"type":"Promenades ouvertes","areaM2":994,"areaHa":0.1,"designation":null,"dedicated":null,"builtYear":null,"renovatedYear":null,"planningAreaId":null,"planningAreaName":null,"centroid":[2.394484,48.8758],"bounds":[2.39425,48.87566,2.3948,48.87597],"amenities":{},"sourceId":"parks"}},{"type":"Feature","id":"paris:663","geometry":{"type":"MultiPolygon","coordinates":[[[[2.37248861,48.88909897],[2.37253288,48.8890854],[2.37255796,48.88911978],[2.37252107,48.88913877],[2.37248861,48.88909897]]],[[[2.3725314,48.88968247],[2.37288555,48.88946083],[2.37254763,48.88900669],[2.3725919,48.88899312],[2.37286047,48.88934141],[2.37295933,48.88932513],[2.37304492,48.88944274],[2.37320134,48.88939117],[2.3728708,48.8890085],[2.37341826,48.88882305],[2.37355992,48.88895694],[2.37338137,48.88905464],[2.37343301,48.88909625],[2.37337546,48.88911616],[2.37342564,48.88916501],[2.37348466,48.88913787],[2.37400261,48.88954225],[2.37379602,48.889611],[2.37430069,48.89001357],[2.37422986,48.89005247],[2.37417821,48.89003257],[2.3741,48.89019269],[2.37413542,48.8900968],[2.37399376,48.88998462],[2.37388751,48.89004252],[2.37380488,48.88997648],[2.37367649,48.88998643],[2.37359681,48.89002895],[2.37361894,48.89006061],[2.37342711,48.89012213],[2.37339022,48.89019088],[2.37359238,48.89032296],[2.37345958,48.89039986],[2.37339317,48.89034919],[2.37322938,48.89041343],[2.37314231,48.8904858],[2.37306706,48.8904279],[2.37327069,48.89031482],[2.37333415,48.89018998],[2.37333562,48.8901556],[2.37321019,48.89012936],[2.37316297,48.89004614],[2.37309657,48.88979012],[2.37319691,48.88973041],[2.37315264,48.88967252],[2.37300213,48.88958748],[2.37289883,48.88964447],[2.37279849,48.88962005],[2.37259043,48.88973132],[2.3725314,48.88968247]]],[[[2.37263912,48.88920119],[2.3726524,48.88918762],[2.37271881,48.88925638],[2.37270995,48.88926814],[2.37263912,48.88920119]]],[[[2.37274242,48.88944997],[2.37278964,48.88942374],[2.37283095,48.8894554],[2.37278226,48.88948164],[2.37274242,48.88944997]]]]},"properties":{"id":"paris:663","name":"JARDIN DE L'ILOT RIQUET","nameAddon":"Jardin","objectNumber":"663","district":"75019","locality":null,"type":"Promenades ouvertes","areaM2":14510,"areaHa":1.45,"designation":null,"dedicated":null,"builtYear":null,"renovatedYear":null,"planningAreaId":null,"planningAreaName":null,"centroid":[2.373403,48.889595],"bounds":[2.37249,48.88882,2.3743,48.89049],"amenities":{},"sourceId":"parks"}},{"type":"Feature","id":"paris:664","geometry":{"type":"Polygon","coordinates":[[[2.37596521,48.87366112],[2.37638429,48.87328659],[2.37656284,48.87333454],[2.37671631,48.87308847],[2.37714129,48.8728596],[2.3773287,48.87294644],[2.37698783,48.87353266],[2.37683583,48.87349104],[2.37669417,48.87375068],[2.37666466,48.87378053],[2.3765835,48.87375882],[2.37642561,48.87399403],[2.37618065,48.87392528],[2.37627952,48.87376696],[2.37596521,48.87366112]]]},"properties":{"id":"paris:664","name":"MAIL MARCEL ACHARD","nameAddon":"Mail","objectNumber":"664","district":"75019","locality":null,"type":"Promenades ouvertes","areaM2":5323,"areaHa":0.53,"designation":null,"dedicated":null,"builtYear":null,"renovatedYear":null,"planningAreaId":null,"planningAreaName":null,"centroid":[2.376664,48.873424],"bounds":[2.37597,48.87286,2.37733,48.87399],"amenities":{},"sourceId":"parks"}},{"type":"Feature","id":"paris:665","geometry":{"type":"Polygon","coordinates":[[[2.37667351,48.88545232],[2.37710883,48.88507056],[2.37731247,48.88517188],[2.37729181,48.88520445],[2.3776799,48.88535734],[2.37724754,48.88573729],[2.37718261,48.88570563],[2.37720179,48.88567668],[2.37667351,48.88545232]]]},"properties":{"id":"paris:665","name":"SQUARE MARCEL MOULOUDJI","nameAddon":"Square","objectNumber":"665","district":"75019","locality":null,"type":"Promenades ouvertes","areaM2":2888,"areaHa":0.29,"designation":null,"dedicated":null,"builtYear":null,"renovatedYear":null,"planningAreaId":null,"planningAreaName":null,"centroid":[2.377176,48.885402],"bounds":[2.37667,48.88507,2.37768,48.88574],"amenities":{},"sourceId":"parks"}},{"type":"Feature","id":"paris:666","geometry":{"type":"Polygon","coordinates":[[[2.37671631,48.87458115],[2.37679157,48.8744364],[2.37685797,48.87441921],[2.37704833,48.87447078],[2.37718113,48.87426361],[2.37745265,48.87433961],[2.37735673,48.87448706],[2.37716343,48.87478469],[2.37671631,48.87458115]]]},"properties":{"id":"paris:666","name":"JARDIN DE LA RUE REBEVAL","nameAddon":"Jardin","objectNumber":"666","district":"75019","locality":null,"type":"Promenades ouvertes","areaM2":1660,"areaHa":0.17,"designation":null,"dedicated":null,"builtYear":null,"renovatedYear":null,"planningAreaId":null,"planningAreaName":null,"centroid":[2.3771,48.874521],"bounds":[2.37672,48.87426,2.37745,48.87478],"amenities":{},"sourceId":"parks"}},{"type":"Feature","id":"paris:667","geometry":{"type":"Polygon","coordinates":[[[2.39198916,48.87814637],[2.39238168,48.87780261],[2.39329805,48.87790302],[2.39317262,48.87803872],[2.39277862,48.87799711],[2.39272402,48.8782296],[2.39198916,48.87814637]]]},"properties":{"id":"paris:667","name":"JARDIN DE LA RUE COMPANS","nameAddon":"Jardin","objectNumber":"667","district":"75019","locality":null,"type":"Promenades ouvertes","areaM2":2444,"areaHa":0.24,"designation":null,"dedicated":null,"builtYear":null,"renovatedYear":null,"planningAreaId":null,"planningAreaName":null,"centroid":[2.392591,48.878005],"bounds":[2.39199,48.8778,2.3933,48.87823],"amenities":{},"sourceId":"parks"}},{"type":"Feature","id":"paris:668","geometry":{"type":"Polygon","coordinates":[[[2.40180362,48.87944907],[2.40194823,48.8790076],[2.40206481,48.87882576],[2.40224188,48.87871359],[2.40271114,48.87861408],[2.40289412,48.87909264],[2.4025193,48.87892347],[2.40217991,48.87925909],[2.40238502,48.87935046],[2.40230976,48.87942102],[2.4019925,48.87945178],[2.40180362,48.87944907]]]},"properties":{"id":"paris:668","name":"JARDIN DE NOTRE DAME DE FATIMA","nameAddon":"Jardin","objectNumber":"668","district":"75019","locality":null,"type":"Promenades ouvertes","areaM2":5395,"areaHa":0.54,"designation":null,"dedicated":null,"builtYear":null,"renovatedYear":null,"planningAreaId":null,"planningAreaName":null,"centroid":[2.402293,48.879019],"bounds":[2.4018,48.87861,2.40289,48.87945],"amenities":{},"sourceId":"parks"}},{"type":"Feature","id":"paris:669","geometry":{"type":"Polygon","coordinates":[[[2.37555203,48.88598155],[2.37561548,48.8859725],[2.37567451,48.88587661],[2.37638281,48.8862258],[2.37632526,48.88623123],[2.37626034,48.88633345],[2.37614966,48.88628008],[2.37586191,48.88617062],[2.37555203,48.88598155]]]},"properties":{"id":"paris:669","name":"SQUARE DU QUAI DE LA LOIRE","nameAddon":"Square","objectNumber":"669","district":"75019","locality":null,"type":"Promenades ouvertes","areaM2":900,"areaHa":0.09,"designation":null,"dedicated":null,"builtYear":null,"renovatedYear":null,"planningAreaId":null,"planningAreaName":null,"centroid":[2.375959,48.886109],"bounds":[2.37555,48.88588,2.37638,48.88633],"amenities":{},"sourceId":"parks"}},{"type":"Feature","id":"paris:670","geometry":{"type":"Polygon","coordinates":[[[2.39223559,48.8859526],[2.39230937,48.88555636],[2.39243185,48.88546318],[2.39293504,48.88592003],[2.39299111,48.88589922],[2.39300882,48.88592455],[2.39309293,48.88605301],[2.39223559,48.8859526]]]},"properties":{"id":"paris:670","name":"SQUARE DU PETIT BOIS","nameAddon":"Square","objectNumber":"670","district":"75019","locality":null,"type":"Promenades ouvertes","areaM2":1950,"areaHa":0.2,"designation":null,"dedicated":null,"builtYear":null,"renovatedYear":null,"planningAreaId":null,"planningAreaName":null,"centroid":[2.392571,48.885812],"bounds":[2.39224,48.88546,2.39309,48.88605],"amenities":{},"sourceId":"parks"}},{"type":"Feature","id":"paris:671","geometry":{"type":"Polygon","coordinates":[[[2.39287897,48.87862674],[2.39303538,48.87846029],[2.39355923,48.87868283],[2.39362564,48.87855889],[2.39404029,48.87828297],[2.39393552,48.87874887],[2.39287897,48.87862674]]]},"properties":{"id":"paris:671","name":"SQUARE EUGENIE COTTON","nameAddon":"Square","objectNumber":"671","district":"75019","locality":null,"type":"Promenades ouvertes","areaM2":1450,"areaHa":0.14,"designation":null,"dedicated":null,"builtYear":null,"renovatedYear":null,"planningAreaId":null,"planningAreaName":null,"centroid":[2.393578,48.87858],"bounds":[2.39288,48.87828,2.39404,48.87875],"amenities":{},"sourceId":"parks"}},{"type":"Feature","id":"paris:672","geometry":{"type":"Polygon","coordinates":[[[2.37131695,48.89998553],[2.37133171,48.89980369],[2.37628985,48.89988059],[2.37627952,48.90008504],[2.37131695,48.89998553]]]},"properties":{"id":"paris:672","name":"MAIL EMILE BOLLAERT","nameAddon":"Mail","objectNumber":"672","district":"75019","locality":null,"type":"Promenades ouvertes","areaM2":9160,"areaHa":0.92,"designation":null,"dedicated":null,"builtYear":null,"renovatedYear":null,"planningAreaId":null,"planningAreaName":null,"centroid":[2.373853,48.89994],"bounds":[2.37132,48.8998,2.37629,48.90009],"amenities":{},"sourceId":"parks"}},{"type":"Feature","id":"paris:673","geometry":{"type":"Polygon","coordinates":[[[2.37423429,48.89942736],[2.37424904,48.89893704],[2.37617032,48.89897503],[2.37613638,48.89968337],[2.3760567,48.89973222],[2.37503113,48.89971232],[2.37504441,48.89944364],[2.37423429,48.89942736]]]},"properties":{"id":"paris:673","name":"SQUARE CLAUDE BERNARD","nameAddon":"Square","objectNumber":"673","district":"75019","locality":null,"type":"Promenades ouvertes","areaM2":10100,"areaHa":1.01,"designation":null,"dedicated":null,"builtYear":null,"renovatedYear":null,"planningAreaId":null,"planningAreaName":null,"centroid":[2.375292,48.899293],"bounds":[2.37423,48.89894,2.37617,48.89973],"amenities":{},"sourceId":"parks"}},{"type":"Feature","id":"paris:674","geometry":{"type":"MultiPolygon","coordinates":[[[[2.37049797,48.90013841],[2.37050387,48.89980821],[2.37089197,48.89981817],[2.37084475,48.9000787],[2.37049797,48.90013841]]],[[[2.3705142,48.89962276],[2.37054667,48.89896779],[2.37093181,48.89897594],[2.37090082,48.89963362],[2.3705142,48.89962276]]]]},"properties":{"id":"paris:674","name":"JARDIN ANAIS NIN","nameAddon":"Jardin","objectNumber":"674","district":"75019","locality":null,"type":"Promenades ouvertes","areaM2":3200,"areaHa":0.32,"designation":null,"dedicated":null,"builtYear":null,"renovatedYear":null,"planningAreaId":null,"planningAreaName":null,"centroid":[2.37071,48.899497],"bounds":[2.3705,48.89897,2.37093,48.90014],"amenities":{},"sourceId":"parks"}},{"type":"Feature","id":"paris:680","geometry":{"type":"Polygon","coordinates":[[[2.40350503,48.87846662],[2.40473129,48.87823503],[2.40455126,48.87828659],[2.40457192,48.87833273],[2.40472391,48.87830469],[2.40468406,48.87850642],[2.40361423,48.87870454],[2.40350503,48.87846662]]]},"properties":{"id":"paris:680","name":"PLATE-BANDES DU BOULEVARD SERURIER ESPACE CANIN","nameAddon":"Plate-bande","objectNumber":"680","district":"75019","locality":null,"type":"Promenades ouvertes","areaM2":3920,"areaHa":0.39,"designation":null,"dedicated":null,"builtYear":null,"renovatedYear":null,"planningAreaId":null,"planningAreaName":null,"centroid":[2.404119,48.878481],"bounds":[2.40351,48.87824,2.40473,48.8787],"amenities":{},"sourceId":"parks"}},{"type":"Feature","id":"paris:7","geometry":{"type":"Polygon","coordinates":[[[2.34976527,48.86985707],[2.3501386,48.86977293],[2.35015631,48.8699032],[2.34976969,48.86993758],[2.34976527,48.86985707]]]},"properties":{"id":"paris:7","name":"SQUARE JACQUES BIDAUT","nameAddon":"Square","objectNumber":"7","district":"75002","locality":null,"type":"Promenades ouvertes","areaM2":362,"areaHa":0.04,"designation":null,"dedicated":null,"builtYear":null,"renovatedYear":null,"planningAreaId":null,"planningAreaName":null,"centroid":[2.349973,48.869865],"bounds":[2.34977,48.86977,2.35016,48.86994],"amenities":{},"sourceId":"parks"}},{"type":"Feature","id":"paris:72","geometry":{"type":"MultiPolygon","coordinates":[[[[2.29171664,48.8577049],[2.29236002,48.85729057],[2.29237477,48.85730052],[2.29241757,48.85732947],[2.2918037,48.85772571],[2.29171664,48.8577049]]],[[[2.29193798,48.85780261],[2.2934874,48.85680568],[2.29402454,48.85717297],[2.29384008,48.85728786],[2.29352282,48.85729329],[2.29345641,48.85740456],[2.29312882,48.85749412],[2.29290158,48.85771576],[2.29282189,48.85793378],[2.29248249,48.85813371],[2.29193798,48.85780261]]],[[[2.29247807,48.85721458],[2.29331918,48.8566917],[2.29336345,48.85672245],[2.29253709,48.85725439],[2.29247807,48.85721458]]],[[[2.29426359,48.85701013],[2.29608895,48.85585399],[2.29591925,48.85532115],[2.29609928,48.85520536],[2.29615683,48.85520536],[2.29692416,48.85573096],[2.29700975,48.85584042],[2.29699942,48.85602859],[2.2970673,48.85620047],[2.2971883,48.8563027],[2.29727979,48.85624389],[2.29762952,48.85648363],[2.29754688,48.85656143],[2.29780659,48.85665732],[2.29823896,48.8566736],[2.29837914,48.85672426],[2.29918484,48.85729329],[2.29899891,48.85741089],[2.29820797,48.85728695],[2.29638556,48.85845486],[2.29426359,48.85701013]]],[[[2.29460594,48.85959924],[2.2946325,48.85955491],[2.29489221,48.85942555],[2.29490402,48.85937308],[2.29531277,48.85934956],[2.29561675,48.85923557],[2.29583514,48.85903926],[2.2958617,48.85887733],[2.29601222,48.85880948],[2.29598418,48.85873439],[2.29615831,48.85862041],[2.29666298,48.85897594],[2.29511356,48.85999095],[2.29460594,48.85959924]]],[[[2.29522128,48.86005609],[2.29596352,48.85957662],[2.29603435,48.85962367],[2.29523161,48.86013932],[2.29522128,48.86005609]]],[[[2.2960801,48.85949882],[2.29680169,48.85903293],[2.29720158,48.85931518],[2.29685628,48.85909625],[2.2966674,48.85921657],[2.29615093,48.85954858],[2.2960801,48.85949882]]],[[[2.29663199,48.85485797],[2.29680611,48.85474851],[2.29759705,48.85487064],[2.30125959,48.85246788],[2.3016403,48.85272481],[2.30142486,48.8528786],[2.30231762,48.85348471],[2.30286508,48.85383752],[2.30309528,48.85369549],[2.30348632,48.85396418],[2.30142928,48.85528858],[2.30137764,48.8552533],[2.2997264,48.85631265],[2.29989167,48.85683734],[2.29966737,48.85694952],[2.29887938,48.85641125],[2.29880413,48.85630993],[2.29880855,48.85611453],[2.29872149,48.85592727],[2.29863148,48.85584313],[2.29852523,48.85591189],[2.29817255,48.85567125],[2.29827142,48.85560612],[2.29823896,48.8555844],[2.29798515,48.85549937],[2.29758082,48.85548218],[2.29749671,48.85542157],[2.29743326,48.85542609],[2.29663199,48.85489416],[2.29663199,48.85485797]]],[[[2.29755574,48.85592636],[2.29761771,48.85586485],[2.29784053,48.85585218],[2.29824338,48.85612538],[2.29824633,48.85623304],[2.29817845,48.85629455],[2.29796596,48.85630451],[2.29756311,48.8560313],[2.29755574,48.85592636]]],[[[2.30098954,48.85203546],[2.30137764,48.85181201],[2.30205791,48.85232133],[2.30167867,48.85256468],[2.30143076,48.85239642],[2.30147798,48.85236747],[2.30098954,48.85203546]]],[[[2.30175983,48.85285598],[2.30201511,48.85269314],[2.30226154,48.8528605],[2.30200626,48.85302334],[2.30175983,48.85285598]]],[[[2.30265111,48.85346119],[2.30290492,48.85329835],[2.30315283,48.85346571],[2.30289902,48.85362855],[2.30265111,48.85346119]]],[[[2.30333876,48.85368916],[2.30375784,48.85341505],[2.30439532,48.85384838],[2.30450599,48.85391532],[2.3041238,48.85416139],[2.30364717,48.85384024],[2.30360437,48.85386919],[2.30333876,48.85368916]]]]},"properties":{"id":"paris:72","name":"JARDIN DU CHAMP DE MARS ET PELOUSES DE L'ECOLE MILITAIRE","nameAddon":"Jardin","objectNumber":"72","district":"75007","locality":null,"type":"Promenades ouvertes","areaM2":245405,"areaHa":24.54,"designation":null,"dedicated":null,"builtYear":null,"renovatedYear":null,"planningAreaId":null,"planningAreaName":null,"centroid":[2.298576,48.855656],"bounds":[2.29172,48.85181,2.30451,48.86014],"amenities":{},"sourceId":"parks"}},{"type":"Feature","id":"paris:73","geometry":{"type":"Polygon","coordinates":[[[2.31935828,48.85897684],[2.31939369,48.85890628],[2.31975818,48.85878777],[2.31986442,48.85881129],[2.32006068,48.85907635],[2.32002674,48.85914692],[2.31964603,48.85927266],[2.31956487,48.85925638],[2.31935828,48.85897684]]]},"properties":{"id":"paris:73","name":"SQUARE SAMUEL ROUSSEAU","nameAddon":"Square","objectNumber":"73","district":"75007","locality":null,"type":"Promenades ouvertes","areaM2":2047,"areaHa":0.2,"designation":null,"dedicated":null,"builtYear":null,"renovatedYear":null,"planningAreaId":null,"planningAreaName":null,"centroid":[2.319709,48.859028],"bounds":[2.31936,48.85879,2.32006,48.85927],"amenities":{},"sourceId":"parks"}},{"type":"Feature","id":"paris:738","geometry":{"type":"Polygon","coordinates":[[[2.39951638,48.86583861],[2.40023649,48.86496834],[2.40035159,48.86491949],[2.40104809,48.86489235],[2.40108351,48.86493125],[2.39993694,48.86632893],[2.39986906,48.86632893],[2.39951933,48.86592908],[2.39951638,48.86583861]]]},"properties":{"id":"paris:738","name":"SQUARE EDOUARD VAILLANT","nameAddon":"Square","objectNumber":"738","district":"75020","locality":null,"type":"Promenades ouvertes","areaM2":8085,"areaHa":0.81,"designation":null,"dedicated":null,"builtYear":null,"renovatedYear":null,"planningAreaId":null,"planningAreaName":null,"centroid":[2.400216,48.865525],"bounds":[2.39952,48.86489,2.40108,48.86633],"amenities":{},"sourceId":"parks"}},{"type":"Feature","id":"paris:739","geometry":{"type":"Polygon","coordinates":[[[2.38953812,48.86331102],[2.38960305,48.86291478],[2.38987309,48.86314275],[2.39016969,48.86331373],[2.39079094,48.8635019],[2.39211754,48.86358875],[2.39297488,48.86369549],[2.39356809,48.86389723],[2.3956753,48.86475665],[2.39555577,48.86484169],[2.38970192,48.86335263],[2.38964142,48.86331102],[2.38953812,48.86331102]]]},"properties":{"id":"paris:739","name":"JARDIN SAMUEL DE CHAMPLAIN","nameAddon":"Jardin","objectNumber":"739","district":"75020","locality":null,"type":"Promenades ouvertes","areaM2":13192,"areaHa":1.32,"designation":null,"dedicated":null,"builtYear":null,"renovatedYear":null,"planningAreaId":null,"planningAreaName":null,"centroid":[2.392723,48.86395],"bounds":[2.38954,48.86291,2.39568,48.86484],"amenities":{},"sourceId":"parks"}},{"type":"Feature","id":"paris:74","geometry":{"type":"Polygon","coordinates":[[[2.31428651,48.85727067],[2.31434997,48.85726705],[2.31434554,48.85722272],[2.31451376,48.85711145],[2.31449605,48.85698028],[2.31481774,48.8569658],[2.31490038,48.85782703],[2.31477052,48.85792654],[2.3143662,48.85795278],[2.31428651,48.85727067]]]},"properties":{"id":"paris:74","name":"SQUARE D'AJACCIO","nameAddon":"Square","objectNumber":"74","district":"75007","locality":null,"type":"Promenades ouvertes","areaM2":4472,"areaHa":0.45,"designation":null,"dedicated":null,"builtYear":null,"renovatedYear":null,"planningAreaId":null,"planningAreaName":null,"centroid":[2.314605,48.857487],"bounds":[2.31429,48.85697,2.3149,48.85795],"amenities":{},"sourceId":"parks"}},{"type":"Feature","id":"paris:740","geometry":{"type":"Polygon","coordinates":[[[2.38673884,48.87068844],[2.3867772,48.87048218],[2.38802412,48.87057536],[2.38814955,48.87064411],[2.38846681,48.87098064],[2.38769948,48.87154786],[2.38765373,48.87158404],[2.38766554,48.87153248],[2.38759618,48.87150081],[2.38795034,48.87123937],[2.38777178,48.87113624],[2.38778211,48.87090284],[2.38674031,48.87080152],[2.38679934,48.87076533],[2.38673884,48.87068844]]]},"properties":{"id":"paris:740","name":"JARDIN DE LA RUE DES COURONNES","nameAddon":"Jardin","objectNumber":"740","district":"75020","locality":null,"type":"Promenades ouvertes","areaM2":2870,"areaHa":0.29,"designation":null,"dedicated":null,"builtYear":null,"renovatedYear":null,"planningAreaId":null,"planningAreaName":null,"centroid":[2.387666,48.870837],"bounds":[2.38674,48.87048,2.38847,48.87158],"amenities":{},"sourceId":"parks"}},{"type":"Feature","id":"paris:741","geometry":{"type":"Polygon","coordinates":[[[2.40617593,48.87584585],[2.40622758,48.87581057],[2.40701115,48.8759526],[2.40705837,48.87600868],[2.40679275,48.87648363],[2.40655075,48.87645377],[2.40642679,48.87647548],[2.40617593,48.87584585]]]},"properties":{"id":"paris:741","name":"SQUARE DU DOCTEUR VARIOT","nameAddon":"Square","objectNumber":"741","district":"75020","locality":null,"type":"Promenades ouvertes","areaM2":3105,"areaHa":0.31,"designation":null,"dedicated":null,"builtYear":null,"renovatedYear":null,"planningAreaId":null,"planningAreaName":null,"centroid":[2.406608,48.876134],"bounds":[2.40618,48.87581,2.40706,48.87648],"amenities":{},"sourceId":"parks"}},{"type":"Feature","id":"paris:742","geometry":{"type":"Polygon","coordinates":[[[2.39992956,48.8509924],[2.4000845,48.85064773],[2.40040914,48.85071105],[2.40022616,48.85116248],[2.40003581,48.85106568],[2.39992956,48.8509924]]]},"properties":{"id":"paris:742","name":"SQUARE EMILY DICKINSON","nameAddon":"Square","objectNumber":"742","district":"75020","locality":null,"type":"Promenades ouvertes","areaM2":1170,"areaHa":0.12,"designation":null,"dedicated":null,"builtYear":null,"renovatedYear":null,"planningAreaId":null,"planningAreaName":null,"centroid":[2.400167,48.850885],"bounds":[2.39993,48.85065,2.40041,48.85116],"amenities":{},"sourceId":"parks"}},{"type":"Feature","id":"paris:743","geometry":{"type":"Polygon","coordinates":[[[2.40026748,48.86007056],[2.40047997,48.8598046],[2.40053605,48.85982178],[2.40086954,48.85948978],[2.40130928,48.85968156],[2.40091381,48.86007961],[2.40070427,48.860019],[2.40058327,48.86016374],[2.40026748,48.86007056]]]},"properties":{"id":"paris:743","name":"SQUARE HENRI KARCHER","nameAddon":"Square","objectNumber":"743","district":"75020","locality":null,"type":"Promenades ouvertes","areaM2":2630,"areaHa":0.26,"designation":null,"dedicated":null,"builtYear":null,"renovatedYear":null,"planningAreaId":null,"planningAreaName":null,"centroid":[2.400798,48.85984],"bounds":[2.40027,48.85949,2.40131,48.86016],"amenities":{},"sourceId":"parks"}},{"type":"Feature","id":"paris:744","geometry":{"type":"Polygon","coordinates":[[[2.40900621,48.8650579],[2.40916853,48.86503709],[2.40947251,48.86482902],[2.41120048,48.86521893],[2.41145872,48.86546499],[2.41119605,48.86614529],[2.41111047,48.8663615],[2.41103373,48.86639678],[2.40918919,48.8662638],[2.40909622,48.86620047],[2.40900621,48.8650579]]]},"properties":{"id":"paris:744","name":"SQUARE SEVERINE","nameAddon":"Square","objectNumber":"744","district":"75020","locality":null,"type":"Promenades ouvertes","areaM2":23897,"areaHa":2.39,"designation":null,"dedicated":null,"builtYear":null,"renovatedYear":null,"planningAreaId":null,"planningAreaName":null,"centroid":[2.41015,48.865658],"bounds":[2.40901,48.86483,2.41146,48.8664],"amenities":{},"sourceId":"parks"}},{"type":"Feature","id":"paris:745","geometry":{"type":"Polygon","coordinates":[[[2.38791345,48.86891532],[2.3881525,48.86878777],[2.38806986,48.86856161],[2.3881584,48.86848019],[2.38829564,48.86853356],[2.3883281,48.86860593],[2.38822038,48.86896599],[2.38817758,48.86898317],[2.38791345,48.86891532]]]},"properties":{"id":"paris:745","name":"SQUARE DE L'EGLISE NOTRE-DAME DE LA CROIX","nameAddon":"Square","objectNumber":"745","district":"75020","locality":null,"type":"Promenades ouvertes","areaM2":603,"areaHa":0.06,"designation":null,"dedicated":null,"builtYear":null,"renovatedYear":null,"planningAreaId":null,"planningAreaName":null,"centroid":[2.388172,48.86874],"bounds":[2.38791,48.86848,2.38833,48.86898],"amenities":{},"sourceId":"parks"}},{"type":"Feature","id":"paris:746","geometry":{"type":"Polygon","coordinates":[[[2.40258423,48.84961733],[2.4028469,48.84904017],[2.40295019,48.84897322],[2.40511643,48.84901845],[2.40517988,48.84909264],[2.40492017,48.84940836],[2.40456749,48.84983354],[2.40388132,48.84971865],[2.40258423,48.84961733]]]},"properties":{"id":"paris:746","name":"SQUARE SARAH BERNHARDT","nameAddon":"Square","objectNumber":"746","district":"75020","locality":null,"type":"Promenades ouvertes","areaM2":12874,"areaHa":1.29,"designation":null,"dedicated":null,"builtYear":null,"renovatedYear":null,"planningAreaId":null,"planningAreaName":null,"centroid":[2.40387,48.849349],"bounds":[2.40258,48.84897,2.40518,48.84983],"amenities":{},"sourceId":"parks"}},{"type":"Feature","id":"paris:747","geometry":{"type":"Polygon","coordinates":[[[2.4042399,48.84807943],[2.40431516,48.84801701],[2.40468702,48.84798444],[2.40478293,48.84803329],[2.40493492,48.84878325],[2.40486409,48.84883481],[2.40445534,48.84882576],[2.40436828,48.84876968],[2.4042399,48.84807943]]]},"properties":{"id":"paris:747","name":"SQUARE REJANE","nameAddon":"Square","objectNumber":"747","district":"75020","locality":null,"type":"Promenades ouvertes","areaM2":3745,"areaHa":0.37,"designation":null,"dedicated":null,"builtYear":null,"renovatedYear":null,"planningAreaId":null,"planningAreaName":null,"centroid":[2.404585,48.848418],"bounds":[2.40424,48.84798,2.40493,48.84883],"amenities":{},"sourceId":"parks"}},{"type":"Feature","id":"paris:748","geometry":{"type":"Polygon","coordinates":[[[2.39553806,48.87056993],[2.39571662,48.87029311],[2.39588484,48.87038357],[2.39600732,48.87028406],[2.39632163,48.87034919],[2.39640426,48.8701945],[2.39657396,48.87020988],[2.39647067,48.87040076],[2.39693254,48.87050841],[2.39705354,48.87028406],[2.39751099,48.8703311],[2.397753,48.87040619],[2.39753313,48.87075538],[2.3973472,48.8710503],[2.39725718,48.87109734],[2.39692221,48.87091641],[2.39683662,48.87098969],[2.39650756,48.87080695],[2.39628326,48.87098335],[2.39553806,48.87056993]]]},"properties":{"id":"paris:748","name":"SQUARE DES SAINTS-SIMONIENS - MENILMONTANT","nameAddon":"Square","objectNumber":"748","district":"75020","locality":null,"type":"Promenades ouvertes","areaM2":9050,"areaHa":0.91,"designation":null,"dedicated":null,"builtYear":null,"renovatedYear":null,"planningAreaId":null,"planningAreaName":null,"centroid":[2.396688,48.870621],"bounds":[2.39554,48.87019,2.39775,48.8711],"amenities":{},"sourceId":"parks"}},{"type":"Feature","id":"paris:749","geometry":{"type":"Polygon","coordinates":[[[2.39071273,48.8675294],[2.39081602,48.86737018],[2.392029,48.86648453],[2.39237282,48.86672698],[2.39247759,48.86685996],[2.39191095,48.86714221],[2.39094588,48.86761172],[2.39086472,48.86762801],[2.39078946,48.86754297],[2.39071273,48.8675294]]]},"properties":{"id":"paris:749","name":"SQUARE DU SERGENT AURELIE SALEL","nameAddon":"Square","objectNumber":"749","district":"75020","locality":null,"type":"Promenades ouvertes","areaM2":5773,"areaHa":0.58,"designation":null,"dedicated":null,"builtYear":null,"renovatedYear":null,"planningAreaId":null,"planningAreaName":null,"centroid":[2.391627,48.867051],"bounds":[2.39071,48.86648,2.39248,48.86763],"amenities":{},"sourceId":"parks"}},{"type":"Feature","id":"paris:75","geometry":{"type":"Polygon","coordinates":[[[2.31017834,48.85720101],[2.31103864,48.85715488],[2.31105782,48.85728695],[2.3112467,48.85738104],[2.3112526,48.85742537],[2.3113131,48.85742265],[2.31138246,48.85801791],[2.31040559,48.85735661],[2.31017834,48.85720101]]]},"properties":{"id":"paris:75","name":"SQUARE SANTIAGO DU CHILI","nameAddon":"Square","objectNumber":"75","district":"75007","locality":null,"type":"Promenades ouvertes","areaM2":3826,"areaHa":0.38,"designation":null,"dedicated":null,"builtYear":null,"renovatedYear":null,"planningAreaId":null,"planningAreaName":null,"centroid":[2.310919,48.857476],"bounds":[2.31018,48.85715,2.31138,48.85802],"amenities":{},"sourceId":"parks"}},{"type":"Feature","id":"paris:750","geometry":{"type":"Polygon","coordinates":[[[2.41335048,48.84757644],[2.41344788,48.8475683],[2.4134346,48.84750045],[2.413622,48.84748417],[2.41356445,48.84720282],[2.4138035,48.84718473],[2.41402633,48.84738375],[2.41411191,48.8475882],[2.41403223,48.84759544],[2.41439376,48.84917496],[2.41432588,48.84916591],[2.41424029,48.84872354],[2.41417537,48.84864755],[2.41410306,48.84862855],[2.41356445,48.84867831],[2.41335048,48.84757644]]]},"properties":{"id":"paris:750","name":"JARDIN MELINEE MANOUCHIAN","nameAddon":"Jardin d'immeubles","objectNumber":"750","district":"75020","locality":null,"type":"Promenades ouvertes","areaM2":7716,"areaHa":0.77,"designation":null,"dedicated":null,"builtYear":null,"renovatedYear":null,"planningAreaId":null,"planningAreaName":null,"centroid":[2.413815,48.848021],"bounds":[2.41335,48.84718,2.41439,48.84917],"amenities":{},"sourceId":"parks"}},{"type":"Feature","id":"paris:751","geometry":{"type":"Polygon","coordinates":[[[2.41095552,48.86430342],[2.41134952,48.86342591],[2.41162399,48.86357608],[2.41185714,48.86363941],[2.412108,48.86363941],[2.41234262,48.86357156],[2.41268497,48.8637941],[2.41243706,48.86396056],[2.41254183,48.86402117],[2.41250199,48.86405645],[2.4120593,48.86382576],[2.41196486,48.86390537],[2.41236328,48.86417496],[2.41208586,48.86440112],[2.41164465,48.86417134],[2.41154873,48.86425185],[2.41195158,48.86451692],[2.41183058,48.8645323],[2.41176417,48.86448978],[2.41148528,48.86452325],[2.41114736,48.86456396],[2.41116064,48.864611],[2.41104259,48.86462547],[2.41095552,48.86430342]]]},"properties":{"id":"paris:751","name":"JARDIN D'IMMEUBLES DE LA PORTE DE BAGNOLET","nameAddon":"Jardin d'immeubles","objectNumber":"751","district":"75020","locality":null,"type":"Promenades ouvertes","areaM2":18150,"areaHa":1.82,"designation":null,"dedicated":null,"builtYear":null,"renovatedYear":null,"planningAreaId":null,"planningAreaName":null,"centroid":[2.411684,48.864023],"bounds":[2.41096,48.86343,2.41268,48.86463],"amenities":{},"sourceId":"parks"}},{"type":"Feature","id":"paris:752","geometry":{"type":"MultiPolygon","coordinates":[[[[2.40960089,48.86092274],[2.40960384,48.86090465],[2.40986503,48.86092365],[2.40986208,48.86094084],[2.40960089,48.86092274]]],[[[2.40962155,48.86087027],[2.40965106,48.86075357],[2.40973665,48.86071105],[2.41000079,48.86073096],[2.41005539,48.8608178],[2.41000226,48.8608947],[2.40962155,48.86087027]]],[[[2.40993881,48.86094626],[2.40994029,48.86092455],[2.40998898,48.86092727],[2.40998751,48.86094988],[2.40993881,48.86094626]]],[[[2.41003768,48.86089922],[2.41020885,48.86074634],[2.41054087,48.86077167],[2.41060137,48.86093993],[2.41003768,48.86089922]]],[[[2.41004063,48.8609535],[2.41004653,48.86093088],[2.41058219,48.86096888],[2.41057629,48.8609924],[2.41004063,48.8609535]]],[[[2.41062793,48.86099692],[2.41063679,48.86096798],[2.41068696,48.8609725],[2.41068106,48.86100054],[2.41062793,48.86099692]]],[[[2.41063679,48.86085761],[2.41074746,48.86078705],[2.41097028,48.86080423],[2.41102193,48.86086213],[2.41099242,48.86096345],[2.41064564,48.86094084],[2.41063679,48.86085761]]]]},"properties":{"id":"paris:752","name":"JARDIN NICOLE MAESTRACCI","nameAddon":"Jardin","objectNumber":"752","district":"75020","locality":null,"type":"Promenades ouvertes","areaM2":2573,"areaHa":0.26,"designation":null,"dedicated":null,"builtYear":null,"renovatedYear":null,"planningAreaId":null,"planningAreaName":null,"centroid":[2.410305,48.860852],"bounds":[2.4096,48.86071,2.41102,48.861],"amenities":{},"sourceId":"parks"}},{"type":"Feature","id":"paris:753","geometry":{"type":"Polygon","coordinates":[[[2.38607037,48.87139407],[2.38643043,48.87102225],[2.38652339,48.87100507],[2.38710775,48.87127646],[2.38703987,48.8714013],[2.38710037,48.87153429],[2.38609989,48.87143025],[2.38607037,48.87139407]]]},"properties":{"id":"paris:753","name":"SQUARE ALEXANDRE LUQUET","nameAddon":"Square","objectNumber":"753","district":"75020","locality":null,"type":"Promenades ouvertes","areaM2":2740,"areaHa":0.27,"designation":null,"dedicated":null,"builtYear":null,"renovatedYear":null,"planningAreaId":null,"planningAreaName":null,"centroid":[2.386615,48.8713],"bounds":[2.38607,48.87101,2.38711,48.87153],"amenities":{},"sourceId":"parks"}},{"type":"Feature","id":"paris:754","geometry":{"type":"Polygon","coordinates":[[[2.38314566,48.87228334],[2.3834762,48.8715361],[2.38321206,48.87126922],[2.38325633,48.87118057],[2.38339504,48.87108377],[2.38351014,48.8710901],[2.38351162,48.87100326],[2.38365476,48.87095893],[2.38361491,48.87091098],[2.38410482,48.87065587],[2.38414909,48.87054189],[2.38436159,48.87056631],[2.38445603,48.87043514],[2.38454604,48.87039624],[2.38459326,48.87044328],[2.38472754,48.87038629],[2.38673294,48.87055003],[2.3867049,48.87069477],[2.3865898,48.87072643],[2.3864806,48.87089108],[2.38639059,48.87090375],[2.38637436,48.87099783],[2.3860084,48.87136783],[2.38584313,48.87131355],[2.38583575,48.87134974],[2.38569704,48.87136783],[2.38546389,48.87151348],[2.38533551,48.87151257],[2.38534584,48.87148001],[2.38529419,48.87147548],[2.38516728,48.8715379],[2.38500496,48.87154333],[2.38493561,48.87162294],[2.38500349,48.8717894],[2.38492233,48.87183192],[2.38488839,48.87194138],[2.38440143,48.87171341],[2.38400891,48.8716546],[2.38394546,48.87172517],[2.38379789,48.87250226],[2.38406793,48.87265877],[2.38389528,48.87279989],[2.38334782,48.87248055],[2.38342013,48.87234304],[2.38314566,48.87228334]]]},"properties":{"id":"paris:754","name":"PARC DE BELLEVILLE","nameAddon":"Parc","objectNumber":"754","district":"75020","locality":null,"type":"Promenades ouvertes","areaM2":36000,"areaHa":3.6,"designation":null,"dedicated":null,"builtYear":null,"renovatedYear":null,"planningAreaId":null,"planningAreaName":null,"centroid":[2.384695,48.871228],"bounds":[2.38315,48.87039,2.38673,48.8728],"amenities":{},"sourceId":"parks"}},{"type":"Feature","id":"paris:755","geometry":{"type":"Polygon","coordinates":[[[2.38755929,48.86596798],[2.38784409,48.86543061],[2.38793853,48.86540981],[2.38889179,48.86576895],[2.38871029,48.86601411],[2.38899656,48.86608739],[2.38892868,48.86620228],[2.38866012,48.8661471],[2.38852141,48.86633436],[2.38760061,48.86603582],[2.38755929,48.86596798]]]},"properties":{"id":"paris:755","name":"JARDIN TOUSSAINT LOUVERTURE","nameAddon":"Jardin","objectNumber":"755","district":"75020","locality":null,"type":"Promenades ouvertes","areaM2":6724,"areaHa":0.67,"designation":null,"dedicated":null,"builtYear":null,"renovatedYear":null,"planningAreaId":null,"planningAreaName":null,"centroid":[2.388232,48.865884],"bounds":[2.38756,48.86541,2.389,48.86633],"amenities":{},"sourceId":"parks"}},{"type":"Feature","id":"paris:756","geometry":{"type":"MultiPolygon","coordinates":[[[[2.39847606,48.85861046],[2.39872692,48.85837796],[2.39873577,48.85832187],[2.39892022,48.85841596],[2.39907959,48.85830378],[2.39931717,48.85842862],[2.39942194,48.8583472],[2.39950753,48.85839515],[2.39937472,48.8585788],[2.39910173,48.85880134],[2.39966099,48.8591044],[2.39954147,48.85919667],[2.39978938,48.85933508],[2.39962706,48.85946807],[2.39847606,48.85861046]]],[[[2.39970674,48.85921748],[2.39981741,48.85908359],[2.40009041,48.85889542],[2.40046522,48.85911254],[2.40012877,48.85944183],[2.39970674,48.85921748]]]]},"properties":{"id":"paris:756","name":"JARDIN NATUREL-PIERRE EMMANUEL","nameAddon":"Jardin","objectNumber":"756","district":"75020","locality":null,"type":"Promenades ouvertes","areaM2":6300,"areaHa":0.63,"designation":null,"dedicated":null,"builtYear":null,"renovatedYear":null,"planningAreaId":null,"planningAreaName":null,"centroid":[2.399391,48.858893],"bounds":[2.39848,48.8583,2.40047,48.85947],"amenities":{},"sourceId":"parks"}},{"type":"Feature","id":"paris:758","geometry":{"type":"Polygon","coordinates":[[[2.39920355,48.87537453],[2.39921535,48.87512756],[2.39992366,48.87524787],[2.39992071,48.87555365],[2.39932307,48.87547404],[2.39920355,48.87537453]]]},"properties":{"id":"paris:758","name":"SQUARE RUES BELLEVILLE - TELEGRAPHE","nameAddon":"Square","objectNumber":"758","district":"75020","locality":null,"type":"Promenades ouvertes","areaM2":1816,"areaHa":0.18,"designation":null,"dedicated":null,"builtYear":null,"renovatedYear":null,"planningAreaId":null,"planningAreaName":null,"centroid":[2.399567,48.875344],"bounds":[2.3992,48.87513,2.39992,48.87555],"amenities":{},"sourceId":"parks"}},{"type":"Feature","id":"paris:759","geometry":{"type":"Polygon","coordinates":[[[2.41546065,48.84845214],[2.41610402,48.84838972],[2.41617633,48.84875158],[2.41610845,48.84913787],[2.41600516,48.84917496],[2.41552852,48.84917496],[2.41546065,48.84845214]]]},"properties":{"id":"paris:759","name":"SQUARE DE LA PAIX","nameAddon":"Square","objectNumber":"759","district":"75020","locality":null,"type":"Promenades ouvertes","areaM2":3925,"areaHa":0.39,"designation":null,"dedicated":null,"builtYear":null,"renovatedYear":null,"planningAreaId":null,"planningAreaName":null,"centroid":[2.415821,48.848788],"bounds":[2.41546,48.84839,2.41618,48.84917],"amenities":{},"sourceId":"parks"}},{"type":"Feature","id":"paris:76","geometry":{"type":"Polygon","coordinates":[[[2.32501292,48.8515569],[2.32520623,48.85114438],[2.32525788,48.85115433],[2.32529624,48.85107744],[2.32524312,48.85106658],[2.32532133,48.85090375],[2.32543053,48.85087661],[2.32651217,48.85133979],[2.32654316,48.85152162],[2.32662137,48.85154152],[2.32658152,48.85160847],[2.32639559,48.85167993],[2.32619491,48.85168265],[2.32528444,48.85166546],[2.32501292,48.8515569]]]},"properties":{"id":"paris:76","name":"SQUARE BOUCICAUT","nameAddon":"Square","objectNumber":"76","district":"75007","locality":null,"type":"Promenades ouvertes","areaM2":7202,"areaHa":0.72,"designation":null,"dedicated":null,"builtYear":null,"renovatedYear":null,"planningAreaId":null,"planningAreaName":null,"centroid":[2.325757,48.85137],"bounds":[2.32501,48.85088,2.32662,48.85168],"amenities":{},"sourceId":"parks"}},{"type":"Feature","id":"paris:760","geometry":{"type":"Polygon","coordinates":[[[2.40053605,48.85409987],[2.40090643,48.85371902],[2.40110712,48.85380134],[2.4014716,48.85343224],[2.4015321,48.8534639],[2.40117943,48.85381039],[2.40181838,48.8540863],[2.40139044,48.85452144],[2.401296,48.85461643],[2.40069099,48.85434775],[2.40080904,48.85422833],[2.40053605,48.85409987]]]},"properties":{"id":"paris:760","name":"JARDIN CASQUE D'OR","nameAddon":"Jardin","objectNumber":"760","district":"75020","locality":null,"type":"Promenades ouvertes","areaM2":4167,"areaHa":0.42,"designation":null,"dedicated":null,"builtYear":null,"renovatedYear":null,"planningAreaId":null,"planningAreaName":null,"centroid":[2.401164,48.85413],"bounds":[2.40054,48.85343,2.40182,48.85462],"amenities":{},"sourceId":"parks"}},{"type":"Feature","id":"paris:762","geometry":{"type":"MultiPolygon","coordinates":[[[[2.40067033,48.8562068],[2.40081642,48.85604668],[2.401054,48.8560693],[2.40130486,48.85600688],[2.40143324,48.85609101],[2.40101711,48.85636874],[2.40067033,48.8562068]]],[[[2.40140225,48.85594265],[2.4016413,48.85575086],[2.40169295,48.85578976],[2.40162802,48.85582956],[2.40196447,48.85605663],[2.40176968,48.85617695],[2.40140225,48.85594265]]]]},"properties":{"id":"paris:762","name":"SQUARE DE LA PLACE DE LA REUNION","nameAddon":"Square","objectNumber":"762","district":"75020","locality":null,"type":"Promenades ouvertes","areaM2":1994,"areaHa":0.2,"designation":null,"dedicated":null,"builtYear":null,"renovatedYear":null,"planningAreaId":null,"planningAreaName":null,"centroid":[2.401296,48.856094],"bounds":[2.40067,48.85575,2.40196,48.85637],"amenities":{},"sourceId":"parks"}},{"type":"Feature","id":"paris:763","geometry":{"type":"Polygon","coordinates":[[[2.4108906,48.87074],[2.41098061,48.86980731],[2.4115266,48.8698254],[2.41156644,48.86938393],[2.41250642,48.86942012],[2.41261562,48.86973856],[2.41261562,48.86995477],[2.41256544,48.87090465],[2.41245182,48.87122942],[2.41263923,48.87133979],[2.41264513,48.87174778],[2.41256987,48.8717315],[2.41255216,48.87164013],[2.41126836,48.87102497],[2.41108981,48.87111815],[2.410957,48.87093903],[2.4108906,48.87074]]]},"properties":{"id":"paris:763","name":"SQUARE EMMANUEL FLEURY","nameAddon":"Square","objectNumber":"763","district":"75020","locality":null,"type":"Promenades ouvertes","areaM2":22917,"areaHa":2.29,"designation":null,"dedicated":null,"builtYear":null,"renovatedYear":null,"planningAreaId":null,"planningAreaName":null,"centroid":[2.41186,48.870424],"bounds":[2.41089,48.86938,2.41265,48.87175],"amenities":{},"sourceId":"parks"}},{"type":"Feature","id":"paris:764","geometry":{"type":"Polygon","coordinates":[[[2.38970339,48.86690429],[2.38992474,48.86678216],[2.39022577,48.86630451],[2.39083226,48.86639316],[2.39090751,48.86640492],[2.38990556,48.86698028],[2.38978455,48.86696942],[2.38970339,48.86690429]]]},"properties":{"id":"paris:764","name":"SQUARE ELISA BOREY","nameAddon":"Square","objectNumber":"764","district":"75020","locality":null,"type":"Promenades ouvertes","areaM2":2850,"areaHa":0.28,"designation":null,"dedicated":null,"builtYear":null,"renovatedYear":null,"planningAreaId":null,"planningAreaName":null,"centroid":[2.390277,48.866601],"bounds":[2.3897,48.8663,2.39091,48.86698],"amenities":{},"sourceId":"parks"}},{"type":"Feature","id":"paris:765","geometry":{"type":"Polygon","coordinates":[[[2.41076369,48.87212774],[2.41076959,48.87198752],[2.41131263,48.87243079],[2.41186304,48.87213678],[2.41224671,48.87235752],[2.41287976,48.87286141],[2.41283549,48.87291478],[2.41278531,48.8728994],[2.41243116,48.87334449],[2.41282811,48.87366926],[2.41279122,48.87369007],[2.4130347,48.87388728],[2.41302437,48.87393251],[2.41292845,48.87397865],[2.41277646,48.87393885],[2.41286205,48.87380767],[2.41232787,48.87340239],[2.41210652,48.8735209],[2.41212128,48.8735598],[2.41200618,48.87363579],[2.41208586,48.87370273],[2.41201798,48.87373982],[2.41120786,48.87352723],[2.4113023,48.87336982],[2.41156939,48.87322508],[2.41087584,48.87266238],[2.41120933,48.87248688],[2.41076369,48.87212774]]]},"properties":{"id":"paris:765","name":"SQUARE DE LA RUE LEON FRAPIE","nameAddon":"Square","objectNumber":"765","district":"75020","locality":null,"type":"Promenades ouvertes","areaM2":14030,"areaHa":1.4,"designation":null,"dedicated":null,"builtYear":null,"renovatedYear":null,"planningAreaId":null,"planningAreaName":null,"centroid":[2.41189,48.872926],"bounds":[2.41076,48.87199,2.41303,48.87398],"amenities":{},"sourceId":"parks"}},{"type":"Feature","id":"paris:766","geometry":{"type":"Polygon","coordinates":[[[2.38335815,48.8686765],[2.38365918,48.86818437],[2.38374477,48.86821784],[2.38381265,48.86830921],[2.38335815,48.8686765]]]},"properties":{"id":"paris:766","name":"JARDIN DES RUES MARONITES - PRESSOIR","nameAddon":"Jardin","objectNumber":"766","district":"75020","locality":null,"type":"Promenades ouvertes","areaM2":503,"areaHa":0.05,"designation":null,"dedicated":null,"builtYear":null,"renovatedYear":null,"planningAreaId":null,"planningAreaName":null,"centroid":[2.383616,48.868383],"bounds":[2.38336,48.86818,2.38381,48.86868],"amenities":{},"sourceId":"parks"}},{"type":"Feature","id":"paris:767","geometry":{"type":"Polygon","coordinates":[[[2.40596344,48.86177673],[2.40635744,48.86129274],[2.40649762,48.86130722],[2.40644155,48.86163108],[2.40651976,48.86170074],[2.40677209,48.86172155],[2.40703328,48.86169441],[2.40704804,48.8616157],[2.40785078,48.8616736],[2.40777405,48.86195947],[2.40723544,48.86192329],[2.40715576,48.86239913],[2.40730332,48.8626271],[2.40691523,48.86275737],[2.40626595,48.86208884],[2.40626005,48.86201737],[2.4061479,48.86200832],[2.40596344,48.86177673]],[[2.40613462,48.86191153],[2.40622315,48.86200289],[2.40635596,48.86192962],[2.40619659,48.86185634],[2.40613462,48.86191153]]]},"properties":{"id":"paris:767","name":"JARDIN DE L'HOSPICE DEBROUSSE","nameAddon":"Jardin","objectNumber":"767","district":"75020","locality":null,"type":"Promenades ouvertes","areaM2":10050,"areaHa":1,"designation":null,"dedicated":null,"builtYear":null,"renovatedYear":null,"planningAreaId":null,"planningAreaName":null,"centroid":[2.406836,48.862],"bounds":[2.40596,48.86129,2.40785,48.86276],"amenities":{},"sourceId":"parks"}},{"type":"Feature","id":"paris:768","geometry":{"type":"Polygon","coordinates":[[[2.39511456,48.87165732],[2.39518539,48.87164737],[2.39515292,48.87158042],[2.3953241,48.87154062],[2.39536541,48.87157771],[2.39515883,48.8717315],[2.39511456,48.87165732]]]},"properties":{"id":"paris:768","name":"SQUARE EMMI PIKLER","nameAddon":"Square","objectNumber":"768","district":"75020","locality":null,"type":"Promenades ouvertes","areaM2":157,"areaHa":0.02,"designation":null,"dedicated":null,"builtYear":null,"renovatedYear":null,"planningAreaId":null,"planningAreaName":null,"centroid":[2.395233,48.871622],"bounds":[2.39511,48.87154,2.39537,48.87173],"amenities":{},"sourceId":"parks"}},{"type":"Feature","id":"paris:769","geometry":{"type":"Polygon","coordinates":[[[2.40829052,48.86819794],[2.40839382,48.86813099],[2.40871846,48.86834449],[2.40872288,48.86845938],[2.40829052,48.86819794]]]},"properties":{"id":"paris:769","name":"JARDIN DU 60 RUE DE LA JUSTICE","nameAddon":"Jardin","objectNumber":"769","district":"75020","locality":null,"type":"Promenades ouvertes","areaM2":416,"areaHa":0.04,"designation":null,"dedicated":null,"builtYear":null,"renovatedYear":null,"planningAreaId":null,"planningAreaName":null,"centroid":[2.408525,48.868282],"bounds":[2.40829,48.86813,2.40872,48.86846],"amenities":{},"sourceId":"parks"}},{"type":"Feature","id":"paris:77","geometry":{"type":"MultiPolygon","coordinates":[[[[2.31155658,48.84785146],[2.31186794,48.84785598],[2.31190483,48.84816808],[2.31174694,48.84813461],[2.31155954,48.84818256],[2.31155658,48.84785146]]],[[[2.31157134,48.84826126],[2.31162889,48.84819975],[2.31174989,48.84817623],[2.31187237,48.84820517],[2.31191516,48.84827121],[2.31185171,48.84833544],[2.31172186,48.84835535],[2.31160823,48.84832368],[2.31157134,48.84826126]]],[[[2.31158462,48.84836982],[2.31176022,48.84840239],[2.31192549,48.84834992],[2.31196386,48.84868645],[2.31192402,48.84870092],[2.31168054,48.84873439],[2.31162004,48.84870092],[2.31158462,48.84836982]]],[[[2.31164955,48.84894427],[2.31170267,48.84890628],[2.31193435,48.84889452],[2.31199337,48.84892799],[2.3120524,48.84943731],[2.31188565,48.84938303],[2.31171153,48.84945269],[2.31164955,48.84894427]]],[[[2.3117189,48.84952144],[2.3118222,48.84944093],[2.3119491,48.8494355],[2.31206125,48.84950606],[2.31204945,48.84967342],[2.31190926,48.84975303],[2.31173514,48.84967523],[2.3117189,48.84952144]]],[[[2.31174399,48.84974217],[2.31192254,48.84979555],[2.31208781,48.8497277],[2.31210847,48.8501936],[2.31197124,48.85027501],[2.31180006,48.8501945],[2.31174399,48.84974217]]],[[[2.31188565,48.85089379],[2.31201993,48.8507979],[2.31212618,48.85080966],[2.3122221,48.85088113],[2.3122944,48.85150534],[2.31224276,48.8515361],[2.31201256,48.85151348],[2.31195205,48.85147458],[2.31188565,48.85089379]]],[[[2.31198304,48.85171522],[2.31203469,48.85168265],[2.31226046,48.85170617],[2.31232392,48.85174959],[2.31237114,48.85216845],[2.31221324,48.85214492],[2.31203322,48.85218473],[2.31198304,48.85171522]]],[[[2.31204207,48.85226253],[2.31214831,48.85220101],[2.31225899,48.85219468],[2.31238147,48.85224353],[2.31237114,48.85245884],[2.31223095,48.85251855],[2.31206568,48.85245884],[2.31204207,48.85226253]]],[[[2.31207453,48.85253573],[2.31225013,48.85256378],[2.31241393,48.85251764],[2.31243606,48.85294554],[2.31239032,48.85300887],[2.31229145,48.8530342],[2.31212175,48.85294644],[2.31207453,48.85253573]]]]},"properties":{"id":"paris:77","name":"PROMENADE DE L'AVENUE DE BRETEUIL","nameAddon":"Promenade","objectNumber":"77","district":"75007","locality":null,"type":"Promenades ouvertes","areaM2":11964,"areaHa":1.2,"designation":null,"dedicated":null,"builtYear":null,"renovatedYear":null,"planningAreaId":null,"planningAreaName":null,"centroid":[2.311997,48.850439],"bounds":[2.31156,48.84785,2.31244,48.85303],"amenities":{},"sourceId":"parks"}},{"type":"Feature","id":"paris:770","geometry":{"type":"Polygon","coordinates":[[[2.40570373,48.85962367],[2.40589261,48.85944454],[2.40597967,48.85948435],[2.40619512,48.85930432],[2.4065655,48.85949521],[2.40636629,48.85981364],[2.40570373,48.85962367]]]},"properties":{"id":"paris:770","name":"SQUARE DES FEMMES AFGHANES LUTTANT POUR LEUR LIBERTE","nameAddon":"Square","objectNumber":"770","district":"75020","locality":null,"type":"Promenades ouvertes","areaM2":1930,"areaHa":0.19,"designation":null,"dedicated":null,"builtYear":null,"renovatedYear":null,"planningAreaId":null,"planningAreaName":null,"centroid":[2.406179,48.859568],"bounds":[2.4057,48.8593,2.40657,48.85981],"amenities":{},"sourceId":"parks"}},{"type":"Feature","id":"paris:771","geometry":{"type":"Polygon","coordinates":[[[2.39057254,48.86451963],[2.39093555,48.86450335],[2.39086915,48.86483083],[2.39064485,48.86493758],[2.39059615,48.86490863],[2.39057254,48.86451963]]]},"properties":{"id":"paris:771","name":"SQUARE DE LA RUE DES MURIERS","nameAddon":"Square","objectNumber":"771","district":"75020","locality":null,"type":"Promenades ouvertes","areaM2":1750,"areaHa":0.18,"designation":null,"dedicated":null,"builtYear":null,"renovatedYear":null,"planningAreaId":null,"planningAreaName":null,"centroid":[2.390737,48.864693],"bounds":[2.39057,48.8645,2.39094,48.86494],"amenities":{},"sourceId":"parks"}},{"type":"Feature","id":"paris:772","geometry":{"type":"Polygon","coordinates":[[[2.39605011,48.873833],[2.39610914,48.87337615],[2.39623752,48.87310747],[2.39636442,48.873055],[2.39658577,48.87313009],[2.3962567,48.87354985],[2.39611799,48.87384838],[2.39605011,48.873833]]]},"properties":{"id":"paris:772","name":"JARDIN MARIO SOARES","nameAddon":"Jardin","objectNumber":"772","district":"75020","locality":null,"type":"Promenades ouvertes","areaM2":1470,"areaHa":0.15,"designation":null,"dedicated":null,"builtYear":null,"renovatedYear":null,"planningAreaId":null,"planningAreaName":null,"centroid":[2.396267,48.873374],"bounds":[2.39605,48.87306,2.39659,48.87385],"amenities":{},"sourceId":"parks"}},{"type":"Feature","id":"paris:773","geometry":{"type":"Polygon","coordinates":[[[2.41118867,48.85191876],[2.41126688,48.85144382],[2.41136132,48.85140492],[2.41169187,48.85143025],[2.41175827,48.85148544],[2.41168596,48.85190791],[2.41129197,48.85187624],[2.41128312,48.8519269],[2.41118867,48.85191876]]]},"properties":{"id":"paris:773","name":"JARDIN JANIS JOPLIN","nameAddon":"Square","objectNumber":"773","district":"75020","locality":null,"type":"Promenades ouvertes","areaM2":1885,"areaHa":0.19,"designation":null,"dedicated":null,"builtYear":null,"renovatedYear":null,"planningAreaId":null,"planningAreaName":null,"centroid":[2.411476,48.851661],"bounds":[2.41119,48.8514,2.41176,48.85193],"amenities":{},"sourceId":"parks"}},{"type":"Feature","id":"paris:774","geometry":{"type":"Polygon","coordinates":[[[2.40920542,48.85530577],[2.40941791,48.85527139],[2.40951973,48.85540166],[2.40949169,48.85544328],[2.40929543,48.85547042],[2.40920542,48.85530577]]]},"properties":{"id":"paris:774","name":"JARDIN DES RUES DES ORTEAUX - CROIX SAINT-SIMON","nameAddon":"Jardin","objectNumber":"774","district":"75020","locality":null,"type":"Promenades ouvertes","areaM2":366,"areaHa":0.04,"designation":null,"dedicated":null,"builtYear":null,"renovatedYear":null,"planningAreaId":null,"planningAreaName":null,"centroid":[2.409364,48.855371],"bounds":[2.40921,48.85527,2.40952,48.85547],"amenities":{},"sourceId":"parks"}},{"type":"Feature","id":"paris:775","geometry":{"type":"Polygon","coordinates":[[[2.40856056,48.85269857],[2.4093943,48.85156866],[2.40968352,48.85104397],[2.40985175,48.85121404],[2.40975436,48.85143568],[2.41002735,48.85166275],[2.40999046,48.85168174],[2.41036527,48.85194138],[2.41063679,48.85196219],[2.41046856,48.85292111],[2.41039183,48.85296001],[2.40856056,48.85269857]]]},"properties":{"id":"paris:775","name":"JARDIN DE LA GARE DE CHARONNE","nameAddon":"Jardin","objectNumber":"775","district":"75020","locality":null,"type":"Promenades ouvertes","areaM2":16253,"areaHa":1.63,"designation":null,"dedicated":null,"builtYear":null,"renovatedYear":null,"planningAreaId":null,"planningAreaName":null,"centroid":[2.409713,48.852242],"bounds":[2.40856,48.85104,2.41064,48.85296],"amenities":{},"sourceId":"parks"}},{"type":"Feature","id":"paris:776","geometry":{"type":"Polygon","coordinates":[[[2.40474899,48.86055184],[2.40508691,48.86039171],[2.40484343,48.86019088],[2.40520496,48.85999457],[2.40526399,48.86004342],[2.40544402,48.86007328],[2.40542188,48.86019721],[2.40517545,48.8601556],[2.40514004,48.86022978],[2.40533187,48.86027682],[2.40529941,48.86036367],[2.40541451,48.86038267],[2.4053481,48.86055455],[2.40586753,48.8606423],[2.40566536,48.86103311],[2.40535843,48.86096255],[2.40542188,48.86083318],[2.40500575,48.86059616],[2.40489065,48.86068663],[2.40474899,48.86055184]]]},"properties":{"id":"paris:776","name":"SQUARE ANTOINE BLONDIN","nameAddon":"Square","objectNumber":"776","district":"75020","locality":null,"type":"Promenades ouvertes","areaM2":5400,"areaHa":0.54,"designation":null,"dedicated":null,"builtYear":null,"renovatedYear":null,"planningAreaId":null,"planningAreaName":null,"centroid":[2.405308,48.860537],"bounds":[2.40475,48.85999,2.40587,48.86103],"amenities":{},"sourceId":"parks"}},{"type":"Feature","id":"paris:777","geometry":{"type":"Polygon","coordinates":[[[2.40566241,48.8578994],[2.40573619,48.85779446],[2.40589999,48.85769495],[2.40610658,48.85764701],[2.40621283,48.85779989],[2.40658321,48.85804777],[2.4065109,48.85814094],[2.40636039,48.85822689],[2.40618626,48.8582676],[2.40590589,48.858112],[2.40566241,48.8578994]]]},"properties":{"id":"paris:777","name":"SQUARE DE LA SALAMANDRE","nameAddon":"Square","objectNumber":"777","district":"75020","locality":null,"type":"Promenades ouvertes","areaM2":2800,"areaHa":0.28,"designation":null,"dedicated":null,"builtYear":null,"renovatedYear":null,"planningAreaId":null,"planningAreaName":null,"centroid":[2.40611,48.857969],"bounds":[2.40566,48.85765,2.40658,48.85827],"amenities":{},"sourceId":"parks"}},{"type":"Feature","id":"paris:78","geometry":{"type":"Polygon","coordinates":[[[2.32774875,48.85260268],[2.32793468,48.85258006],[2.32792288,48.85250226],[2.32808815,48.85251312],[2.32811471,48.85265515],[2.32830507,48.85264701],[2.32833753,48.85275375],[2.3282062,48.85279808],[2.32824309,48.8529184],[2.32799961,48.85296182],[2.32803503,48.85305138],[2.32791403,48.8530731],[2.32774875,48.85260268]]]},"properties":{"id":"paris:78","name":"SQUARE ROGER STEPHANE","nameAddon":"Square","objectNumber":"78","district":"75007","locality":null,"type":"Promenades ouvertes","areaM2":1438,"areaHa":0.14,"designation":null,"dedicated":null,"builtYear":null,"renovatedYear":null,"planningAreaId":null,"planningAreaName":null,"centroid":[2.328019,48.852766],"bounds":[2.32775,48.8525,2.32834,48.85307],"amenities":{},"sourceId":"parks"}},{"type":"Feature","id":"paris:780","geometry":{"type":"Polygon","coordinates":[[[2.38268674,48.87076533],[2.38277232,48.87067125],[2.38317075,48.8706613],[2.38360163,48.87041343],[2.38366213,48.87041795],[2.38387315,48.87057536],[2.38386872,48.87062059],[2.38345112,48.87087118],[2.3832888,48.87089832],[2.38326224,48.8710114],[2.38311025,48.87112629],[2.38303941,48.87112448],[2.38268674,48.87076533]]]},"properties":{"id":"paris:780","name":"JARDIN GABRIELE BUFFET","nameAddon":"Jardin","objectNumber":"780","district":"75020","locality":null,"type":"Promenades ouvertes","areaM2":3600,"areaHa":0.36,"designation":null,"dedicated":null,"builtYear":null,"renovatedYear":null,"planningAreaId":null,"planningAreaName":null,"centroid":[2.383271,48.870755],"bounds":[2.38269,48.87041,2.38387,48.87113],"amenities":{},"sourceId":"parks"}},{"type":"Feature","id":"paris:783","geometry":{"type":"Polygon","coordinates":[[[2.41144248,48.86022616],[2.4115443,48.85965533],[2.41175237,48.85967523],[2.41182467,48.85971956],[2.41173761,48.86020807],[2.41164317,48.86024064],[2.41144248,48.86022616]]]},"properties":{"id":"paris:783","name":"SQUARE LOUIS LUMIERE (CENTRE HANDISPORT)","nameAddon":"Square","objectNumber":"783","district":"75020","locality":null,"type":"Promenades ouvertes","areaM2":1333,"areaHa":0.13,"designation":null,"dedicated":null,"builtYear":null,"renovatedYear":null,"planningAreaId":null,"planningAreaName":null,"centroid":[2.411635,48.859952],"bounds":[2.41144,48.85966,2.41182,48.86024],"amenities":{},"sourceId":"parks"}},{"type":"Feature","id":"paris:784","geometry":{"type":"Polygon","coordinates":[[[2.39782973,48.86981817],[2.39816617,48.86956305],[2.39858378,48.86979012],[2.39862067,48.86985887],[2.39845097,48.87002895],[2.39832259,48.87006242],[2.39782973,48.86981817]]]},"properties":{"id":"paris:784","name":"JARDIN PIERRE SEGHERS","nameAddon":"Jardin","objectNumber":"784","district":"75020","locality":null,"type":"Promenades ouvertes","areaM2":1800,"areaHa":0.18,"designation":null,"dedicated":null,"builtYear":null,"renovatedYear":null,"planningAreaId":null,"planningAreaName":null,"centroid":[2.398249,48.869823],"bounds":[2.39783,48.86956,2.39862,48.87006],"amenities":{},"sourceId":"parks"}},{"type":"Feature","id":"paris:786","geometry":{"type":"Polygon","coordinates":[[[2.39315048,48.86994663],[2.39335117,48.8697078],[2.39391339,48.86988782],[2.39366696,48.87014927],[2.39315048,48.86994663]]]},"properties":{"id":"paris:786","name":"JARDIN JEAN-MICHEL ROSENFELD","nameAddon":"Jardin","objectNumber":"786","district":"75020","locality":null,"type":"Promenades ouvertes","areaM2":1800,"areaHa":0.18,"designation":null,"dedicated":null,"builtYear":null,"renovatedYear":null,"planningAreaId":null,"planningAreaName":null,"centroid":[2.393526,48.869924],"bounds":[2.39315,48.86971,2.39391,48.87015],"amenities":{},"sourceId":"parks"}},{"type":"Feature","id":"paris:79","geometry":{"type":"Polygon","coordinates":[[[2.32375863,48.85240365],[2.3244507,48.85237923],[2.32435774,48.85197395],[2.32486683,48.85214673],[2.32499669,48.8523159],[2.32489192,48.85238556],[2.32496423,48.85257554],[2.32489192,48.85264067],[2.32387963,48.85269857],[2.32379552,48.85265243],[2.32375863,48.85240365]]]},"properties":{"id":"paris:79","name":"SQUARE DES MISSIONS ETRANGERES","nameAddon":"Square","objectNumber":"79","district":"75007","locality":null,"type":"Promenades ouvertes","areaM2":3928,"areaHa":0.39,"designation":null,"dedicated":null,"builtYear":null,"renovatedYear":null,"planningAreaId":null,"planningAreaName":null,"centroid":[2.324443,48.852426],"bounds":[2.32376,48.85197,2.325,48.8527],"amenities":{},"sourceId":"parks"}},{"type":"Feature","id":"paris:8","geometry":{"type":"Polygon","coordinates":[[[2.35987633,48.86467704],[2.36104651,48.86386286],[2.36111439,48.86386557],[2.36162791,48.86431699],[2.36161906,48.86436222],[2.36026295,48.86505337],[2.36008882,48.86488511],[2.35987633,48.86467704]]]},"properties":{"id":"paris:8","name":"SQUARE DU TEMPLE - ELIE WIESEL","nameAddon":"Square","objectNumber":"8","district":"75003","locality":null,"type":"Promenades ouvertes","areaM2":7965,"areaHa":0.8,"designation":null,"dedicated":null,"builtYear":null,"renovatedYear":null,"planningAreaId":null,"planningAreaName":null,"centroid":[2.360755,48.864458],"bounds":[2.35988,48.86386,2.36163,48.86505],"amenities":{},"sourceId":"parks"}},{"type":"Feature","id":"paris:80","geometry":{"type":"MultiPolygon","coordinates":[[[[2.30208742,48.86282522],[2.30214054,48.86263253],[2.30244157,48.86261353],[2.30256257,48.86264791],[2.30262898,48.86263796],[2.30261422,48.86256197],[2.30288721,48.8625683],[2.30315578,48.86264701],[2.30320743,48.86260539],[2.30363094,48.86278089],[2.30358962,48.86283879],[2.302688,48.86282794],[2.30208742,48.86282522]]],[[[2.30352469,48.8625484],[2.30914244,48.86266781],[2.30913801,48.86275647],[2.30890781,48.86275194],[2.30890339,48.86282794],[2.30390836,48.86271938],[2.3035483,48.86260177],[2.30352469,48.8625484]]]]},"properties":{"id":"paris:80","name":"ESPLANADE HABIB BOURGUIBA","nameAddon":"Esplanade","objectNumber":"80","district":"75007","locality":null,"type":"Promenades ouvertes","areaM2":9640,"areaHa":0.96,"designation":null,"dedicated":null,"builtYear":null,"renovatedYear":null,"planningAreaId":null,"planningAreaName":null,"centroid":[2.305452,48.862698],"bounds":[2.30209,48.86255,2.30914,48.86284],"amenities":{},"sourceId":"parks"}},{"type":"Feature","id":"paris:81","geometry":{"type":"Polygon","coordinates":[[[2.3126279,48.85065949],[2.31374938,48.85115795],[2.31377742,48.85123304],[2.31368003,48.85127556],[2.31264265,48.85080333],[2.3126279,48.85065949]]]},"properties":{"id":"paris:81","name":"SQUARE PIERRE DE GAULLE","nameAddon":"Square","objectNumber":"81","district":"75007","locality":null,"type":"Promenades ouvertes","areaM2":1454,"areaHa":0.15,"designation":null,"dedicated":null,"builtYear":null,"renovatedYear":null,"planningAreaId":null,"planningAreaName":null,"centroid":[2.313197,48.850983],"bounds":[2.31263,48.85066,2.31378,48.85128],"amenities":{},"sourceId":"parks"}},{"type":"Feature","id":"paris:817","geometry":{"type":"Polygon","coordinates":[[[2.4035552,48.86020716],[2.40370129,48.86017731],[2.40391083,48.86027139],[2.40384885,48.86033563],[2.4035552,48.86020716]]]},"properties":{"id":"paris:817","name":"JARDIN DE L EGLISE SAINT GERMAIN DE CHARONNE","nameAddon":"Jardin","objectNumber":"817","district":"75020","locality":null,"type":"Promenades ouvertes","areaM2":192,"areaHa":0.02,"designation":null,"dedicated":null,"builtYear":null,"renovatedYear":null,"planningAreaId":null,"planningAreaName":null,"centroid":[2.403751,48.860249],"bounds":[2.40356,48.86018,2.40391,48.86034],"amenities":{},"sourceId":"parks"}},{"type":"Feature","id":"paris:82","geometry":{"type":"Polygon","coordinates":[[[2.31998543,48.85144201],[2.3201507,48.85059526],[2.32101394,48.85074272],[2.32099033,48.85080333],[2.32105821,48.85088022],[2.32094016,48.85147006],[2.32067307,48.85147006],[2.32067455,48.85164103],[2.32010495,48.85163651],[2.32011528,48.85144654],[2.31998543,48.85144201]]]},"properties":{"id":"paris:82","name":"JARDIN CATHERINE LABOURE","nameAddon":"Jardin","objectNumber":"82","district":"75007","locality":null,"type":"Promenades ouvertes","areaM2":7404,"areaHa":0.74,"designation":null,"dedicated":null,"builtYear":null,"renovatedYear":null,"planningAreaId":null,"planningAreaName":null,"centroid":[2.320506,48.851126],"bounds":[2.31999,48.8506,2.32106,48.85164],"amenities":{},"sourceId":"parks"}},{"type":"Feature","id":"paris:824","geometry":{"type":"Polygon","coordinates":[[[2.3615261,48.86306857],[2.36167218,48.8629962],[2.3617563,48.86306043],[2.36161463,48.86313461],[2.3615261,48.86306857]]]},"properties":{"id":"paris:824","name":"JARDINET MADELEINE DE SCUDERY","nameAddon":"Jardinet","objectNumber":"824","district":"75003","locality":null,"type":"Promenades ouvertes","areaM2":130,"areaHa":0.01,"designation":null,"dedicated":null,"builtYear":null,"renovatedYear":null,"planningAreaId":null,"planningAreaName":null,"centroid":[2.361642,48.863065],"bounds":[2.36153,48.863,2.36176,48.86313],"amenities":{},"sourceId":"parks"}},{"type":"Feature","id":"paris:825","geometry":{"type":"Polygon","coordinates":[[[2.35426596,48.86139226],[2.35439729,48.86134069],[2.35444304,48.86139587],[2.35453895,48.8613624],[2.35468061,48.86153157],[2.35484146,48.86140221],[2.35527825,48.86164737],[2.35540515,48.86159942],[2.35552173,48.8617315],[2.35488573,48.86197485],[2.35476472,48.86180297],[2.35452567,48.86175864],[2.35447993,48.86169622],[2.35451534,48.86166637],[2.35426596,48.86139226]]]},"properties":{"id":"paris:825","name":"JARDIN ANNE FRANK (HOTEL SAINT-AIGNAN)","nameAddon":"Jardin","objectNumber":"825","district":"75003","locality":null,"type":"Promenades ouvertes","areaM2":3707,"areaHa":0.37,"designation":null,"dedicated":null,"builtYear":null,"renovatedYear":null,"planningAreaId":null,"planningAreaName":null,"centroid":[2.354877,48.861655],"bounds":[2.35427,48.86134,2.35552,48.86197],"amenities":{},"sourceId":"parks"}},{"type":"Feature","id":"paris:827","geometry":{"type":"Polygon","coordinates":[[[2.34918091,48.85146282],[2.34929749,48.85147367],[2.34935504,48.85156233],[2.34933881,48.85156595],[2.34918091,48.85146282]]]},"properties":{"id":"paris:827","name":"SQUARE RESTIF DE LA BRETONNE","nameAddon":"Square","objectNumber":"827","district":"75005","locality":null,"type":"Promenades ouvertes","areaM2":43,"areaHa":0,"designation":null,"dedicated":null,"builtYear":null,"renovatedYear":null,"planningAreaId":null,"planningAreaName":null,"centroid":[2.34928,48.851505],"bounds":[2.34918,48.85146,2.34936,48.85157],"amenities":{},"sourceId":"parks"}},{"type":"Feature","id":"paris:83","geometry":{"type":"MultiPolygon","coordinates":[[[[2.31128802,48.85857699],[2.31226637,48.85854713],[2.31242131,48.85876334],[2.31278136,48.85890718],[2.31288466,48.85980369],[2.31282121,48.85986159],[2.31220586,48.85987878],[2.31143411,48.85985978],[2.31128802,48.85857699]]],[[[2.31152707,48.8600199],[2.31171153,48.8600199],[2.31281973,48.86004071],[2.31292302,48.86012213],[2.31301009,48.86088294],[2.31290089,48.86096436],[2.3116407,48.86103944],[2.31152707,48.8600199]]],[[[2.31166135,48.8612059],[2.31292893,48.86116519],[2.31304993,48.86121947],[2.31317979,48.86232043],[2.31277694,48.86234214],[2.31283596,48.86267776],[2.31272086,48.86269948],[2.31178383,48.86268591],[2.31177498,48.86256287],[2.31249509,48.86252307],[2.31249066,48.8624507],[2.31240508,48.86174417],[2.31172628,48.86179302],[2.31166135,48.8612059]]],[[[2.31318864,48.85888638],[2.31350885,48.85870726],[2.31361657,48.85847928],[2.31457574,48.85840872],[2.31474396,48.85986521],[2.31339966,48.85986249],[2.31329341,48.85977836],[2.31318864,48.85888638]]],[[[2.31333178,48.86010313],[2.31339818,48.86004342],[2.31468198,48.86002804],[2.31478233,48.86090194],[2.31456541,48.86091189],[2.31450786,48.86086394],[2.31435587,48.86087118],[2.31433226,48.86090375],[2.31353099,48.86093722],[2.31341884,48.86086485],[2.31333178,48.86010313]]],[[[2.31346016,48.86121042],[2.3135546,48.86113805],[2.31480004,48.86106568],[2.31483545,48.86137869],[2.31430127,48.86140583],[2.31432488,48.86160485],[2.31422454,48.86161209],[2.31433373,48.8626072],[2.31438981,48.86260177],[2.31439866,48.86267776],[2.31434554,48.86267505],[2.31435587,48.8627239],[2.31412567,48.86273385],[2.3140209,48.862704],[2.31398991,48.86228062],[2.31358706,48.86229962],[2.31346016,48.86121042]]]]},"properties":{"id":"paris:83","name":"ESPLANADE DES INVALIDES","nameAddon":"Esplanade","objectNumber":"83","district":"75007","locality":null,"type":"Promenades ouvertes","areaM2":32800,"areaHa":3.28,"designation":null,"dedicated":null,"builtYear":null,"renovatedYear":null,"planningAreaId":null,"planningAreaName":null,"centroid":[2.31311,48.860338],"bounds":[2.31129,48.85841,2.31484,48.86273],"amenities":{},"sourceId":"parks"}},{"type":"Feature","id":"paris:84","geometry":{"type":"MultiPolygon","coordinates":[[[[2.30976664,48.85422472],[2.30983009,48.854222],[2.30994519,48.85413335],[2.30994224,48.85408992],[2.31185466,48.85399132],[2.31196976,48.85485435],[2.31063431,48.85491677],[2.31074941,48.85593088],[2.30997175,48.85597069],[2.30976664,48.85422472]]],[[[2.31080253,48.85501267],[2.3111862,48.85499276],[2.31123194,48.85537995],[2.31084385,48.85539805],[2.31080253,48.85501267]]]]},"properties":{"id":"paris:84","name":"JARDIN DE L'INTENDANT","nameAddon":"Jardin","objectNumber":"84","district":"75007","locality":null,"type":"Promenades ouvertes","areaM2":15163,"areaHa":1.52,"designation":null,"dedicated":null,"builtYear":null,"renovatedYear":null,"planningAreaId":null,"planningAreaName":null,"centroid":[2.310713,48.854797],"bounds":[2.30977,48.85399,2.31197,48.85597],"amenities":{},"sourceId":"parks"}},{"type":"Feature","id":"paris:848","geometry":{"type":"Polygon","coordinates":[[[2.3690002,48.8756622],[2.36925106,48.87537272],[2.36979409,48.87533201],[2.36982065,48.87567306],[2.36982065,48.8757011],[2.36923778,48.87569387],[2.3690002,48.8756622]]]},"properties":{"id":"paris:848","name":"SQUARE JULIETTE DODU","nameAddon":"Square","objectNumber":"848","district":"75010","locality":null,"type":"Promenades ouvertes","areaM2":2000,"areaHa":0.2,"designation":null,"dedicated":null,"builtYear":null,"renovatedYear":null,"planningAreaId":null,"planningAreaName":null,"centroid":[2.369472,48.875535],"bounds":[2.369,48.87533,2.36982,48.8757],"amenities":{},"sourceId":"parks"}},{"type":"Feature","id":"paris:86","geometry":{"type":"MultiPolygon","coordinates":[[[[2.30771255,48.85755202],[2.30785126,48.85727067],[2.30792799,48.85727248],[2.30791028,48.8574118],[2.30799292,48.85742898],[2.30798111,48.8575493],[2.30821574,48.85757011],[2.30812868,48.85786864],[2.30812425,48.85790212],[2.30796488,48.85789307],[2.30800325,48.8576841],[2.30799292,48.85763253],[2.30792652,48.85762801],[2.30793537,48.85757192],[2.30771255,48.85755202]]],[[[2.30787339,48.85721458],[2.30802391,48.85690067],[2.30820394,48.85693233],[2.30827772,48.85711598],[2.30825853,48.85725348],[2.30787339,48.85721458]]]]},"properties":{"id":"paris:86","name":"JARDIN DE L'EGLISE PROTESTANTE LUTHERIENNE SAINT-JEAN-DENYS-BUHLER","nameAddon":"Jardin","objectNumber":"86","district":"75007","locality":null,"type":"Promenades ouvertes","areaM2":1209,"areaHa":0.12,"designation":null,"dedicated":null,"builtYear":null,"renovatedYear":null,"planningAreaId":null,"planningAreaName":null,"centroid":[2.308035,48.857367],"bounds":[2.30771,48.8569,2.30828,48.8579],"amenities":{},"sourceId":"parks"}},{"type":"Feature","id":"paris:862","geometry":{"type":"Polygon","coordinates":[[[2.37474486,48.87028858],[2.37509606,48.86987697],[2.37518902,48.86990501],[2.37511229,48.87000543],[2.37514918,48.87002081],[2.37525838,48.87002714],[2.37532331,48.86994572],[2.37548415,48.87001447],[2.37502965,48.87063597],[2.37496768,48.8707192],[2.37476552,48.87065406],[2.37498834,48.8703691],[2.37474486,48.87028858]]]},"properties":{"id":"paris:862","name":"SQUARE JULES VERNE","nameAddon":"Square","objectNumber":"862","district":"75011","locality":null,"type":"Promenades ouvertes","areaM2":2300,"areaHa":0.23,"designation":null,"dedicated":null,"builtYear":null,"renovatedYear":null,"planningAreaId":null,"planningAreaName":null,"centroid":[2.375081,48.870265],"bounds":[2.37474,48.86988,2.37548,48.87072],"amenities":{},"sourceId":"parks"}},{"type":"Feature","id":"paris:865","geometry":{"type":"Polygon","coordinates":[[[2.3884373,48.83874254],[2.38870881,48.83846119],[2.38882391,48.83851276],[2.38894049,48.83843043],[2.38937285,48.83860865],[2.38939056,48.83868102],[2.38915446,48.83886647],[2.38887113,48.83885471],[2.3885096,48.83882215],[2.3884373,48.83874254]]]},"properties":{"id":"paris:865","name":"SQUARE JEAN MORIN","nameAddon":"Square","objectNumber":"865","district":"75012","locality":null,"type":"Promenades ouvertes","areaM2":2479,"areaHa":0.25,"designation":null,"dedicated":null,"builtYear":null,"renovatedYear":null,"planningAreaId":null,"planningAreaName":null,"centroid":[2.388919,48.838674],"bounds":[2.38844,48.83843,2.38939,48.83887],"amenities":{},"sourceId":"parks"}},{"type":"Feature","id":"paris:866","geometry":{"type":"Polygon","coordinates":[[[2.40617593,48.83479736],[2.40642532,48.83459743],[2.40626595,48.83450968],[2.40646516,48.83435046],[2.40662748,48.83443821],[2.40686063,48.83425095],[2.40729594,48.83447983],[2.40741842,48.83462367],[2.40665109,48.8349032],[2.40654484,48.83489325],[2.40632202,48.83487606],[2.40617593,48.83479736]]]},"properties":{"id":"paris:866","name":"SQUARE VAN VOLLENHOVEN","nameAddon":"Square","objectNumber":"866","district":"75012","locality":null,"type":"Promenades ouvertes","areaM2":3687,"areaHa":0.37,"designation":null,"dedicated":null,"builtYear":null,"renovatedYear":null,"planningAreaId":null,"planningAreaName":null,"centroid":[2.406771,48.834603],"bounds":[2.40618,48.83425,2.40742,48.8349],"amenities":{},"sourceId":"parks"}},{"type":"Feature","id":"paris:867","geometry":{"type":"Polygon","coordinates":[[[2.4114174,48.84635155],[2.41184681,48.84635064],[2.41189551,48.84659399],[2.41147052,48.84663199],[2.4114174,48.84635155]]]},"properties":{"id":"paris:867","name":"SQUARE FERNAND FOUREAU","nameAddon":"Square","objectNumber":"867","district":"75012","locality":null,"type":"Promenades ouvertes","areaM2":920,"areaHa":0.09,"designation":null,"dedicated":null,"builtYear":null,"renovatedYear":null,"planningAreaId":null,"planningAreaName":null,"centroid":[2.411653,48.846482],"bounds":[2.41142,48.84635,2.4119,48.84663],"amenities":{},"sourceId":"parks"}},{"type":"Feature","id":"paris:868","geometry":{"type":"Polygon","coordinates":[[[2.38026374,48.8352913],[2.38039065,48.8352144],[2.38060756,48.83536096],[2.38251114,48.83385109],[2.38448111,48.83493125],[2.38285201,48.83622309],[2.38248162,48.83651981],[2.38026374,48.8352913]]]},"properties":{"id":"paris:868","name":"JARDIN YITZHAK RABIN","nameAddon":"Jardin","objectNumber":"868","district":"75012","locality":null,"type":"Promenades ouvertes","areaM2":59300,"areaHa":5.93,"designation":null,"dedicated":null,"builtYear":null,"renovatedYear":null,"planningAreaId":null,"planningAreaName":null,"centroid":[2.382485,48.835185],"bounds":[2.38026,48.83385,2.38448,48.83652],"amenities":{},"sourceId":"parks"}},{"type":"Feature","id":"paris:87","geometry":{"type":"Polygon","coordinates":[[[2.31309567,48.850038],[2.31322258,48.85002804],[2.31422159,48.85049394],[2.31425257,48.85056993],[2.31415371,48.85061697],[2.3131001,48.85014022],[2.31309567,48.850038]]]},"properties":{"id":"paris:87","name":"SQUARE DE L'ABBE ESQUERRE","nameAddon":"Square","objectNumber":"87","district":"75007","locality":null,"type":"Promenades ouvertes","areaM2":1486,"areaHa":0.15,"designation":null,"dedicated":null,"builtYear":null,"renovatedYear":null,"planningAreaId":null,"planningAreaName":null,"centroid":[2.313661,48.850314],"bounds":[2.3131,48.85003,2.31425,48.85062],"amenities":{},"sourceId":"parks"}},{"type":"Feature","id":"paris:874","geometry":{"type":"Polygon","coordinates":[[[2.34217311,48.83465623],[2.34221886,48.83409806],[2.34236494,48.83408811],[2.34251103,48.83386286],[2.34249332,48.83376968],[2.34278698,48.8337742],[2.34284895,48.83368012],[2.34293306,48.83370092],[2.34260547,48.83419667],[2.34272795,48.83422833],[2.34268221,48.83467794],[2.34217311,48.83465623]]]},"properties":{"id":"paris:874","name":"SQUARE HENRI CADIOU","nameAddon":"Square","objectNumber":"874","district":"75013","locality":null,"type":"Promenades ouvertes","areaM2":2567,"areaHa":0.26,"designation":null,"dedicated":null,"builtYear":null,"renovatedYear":null,"planningAreaId":null,"planningAreaName":null,"centroid":[2.3425,48.834254],"bounds":[2.34217,48.83368,2.34293,48.83468],"amenities":{},"sourceId":"parks"}},{"type":"Feature","id":"paris:875","geometry":{"type":"Polygon","coordinates":[[[2.36875967,48.82545413],[2.36912563,48.82500452],[2.36966571,48.82518274],[2.36937206,48.82569839],[2.36875967,48.82545413]]]},"properties":{"id":"paris:875","name":"SQUARE DES CHAMAILLARDS","nameAddon":"Square","objectNumber":"875","district":"75013","locality":null,"type":"Promenades ouvertes","areaM2":2816,"areaHa":0.28,"designation":null,"dedicated":null,"builtYear":null,"renovatedYear":null,"planningAreaId":null,"planningAreaName":null,"centroid":[2.369229,48.825343],"bounds":[2.36876,48.825,2.36967,48.8257],"amenities":{},"sourceId":"parks"}},{"type":"Feature","id":"paris:878","geometry":{"type":"MultiPolygon","coordinates":[[[[2.37426527,48.83698933],[2.37434791,48.83689976],[2.37437595,48.83691062],[2.37429184,48.83700018],[2.37426527,48.83698933]]],[[[2.37436562,48.83687986],[2.37449695,48.83673874],[2.37452499,48.8367505],[2.37439365,48.83689072],[2.37436562,48.83687986]]],[[[2.37454712,48.83672698],[2.37505917,48.83613353],[2.3750872,48.83614529],[2.37484225,48.83640854],[2.37454712,48.83672698]]],[[[2.37494407,48.83636693],[2.37513442,48.83616428],[2.37516984,48.83617876],[2.3749662,48.83637597],[2.37494407,48.83636693]]],[[[2.3750872,48.83610367],[2.37534397,48.83582504],[2.37538233,48.83584042],[2.37511524,48.83611453],[2.3750872,48.83610367]]],[[[2.37516394,48.83613443],[2.37543103,48.83586032],[2.37547677,48.83587842],[2.37519788,48.836148],[2.37516394,48.83613443]]],[[[2.37537348,48.83579428],[2.3755299,48.83563959],[2.37556974,48.83566039],[2.37541037,48.83580966],[2.37537348,48.83579428]]],[[[2.37545759,48.83582866],[2.37561253,48.83568482],[2.3756509,48.83570563],[2.37550481,48.83584766],[2.37545759,48.83582866]]],[[[2.37556384,48.83561154],[2.3758324,48.83542699],[2.37559925,48.83563054],[2.37556384,48.83561154]]],[[[2.37564352,48.83565497],[2.37587667,48.83545052],[2.37590471,48.8354668],[2.37568631,48.83567849],[2.37564352,48.83565497]]],[[[2.37586634,48.83539986],[2.37660416,48.83479193],[2.37662925,48.8348055],[2.37614966,48.83517912],[2.37586634,48.83539986]]],[[[2.37591061,48.83542338],[2.37603751,48.83534377],[2.37593865,48.83543876],[2.37591061,48.83542338]]]]},"properties":{"id":"paris:878","name":"PROMENADE PLANTEE ARTHUR RIMBAUD","nameAddon":"Promenade","objectNumber":"878","district":"75013","locality":null,"type":"Promenades ouvertes","areaM2":1365,"areaHa":0.14,"designation":null,"dedicated":null,"builtYear":null,"renovatedYear":null,"planningAreaId":null,"planningAreaName":null,"centroid":[2.37541,48.835876],"bounds":[2.37427,48.83479,2.37663,48.837],"amenities":{},"sourceId":"parks"}},{"type":"Feature","id":"paris:88","geometry":{"type":"MultiPolygon","coordinates":[[[[2.29070288,48.85769043],[2.29078108,48.85763977],[2.29091832,48.85773657],[2.29097587,48.85770128],[2.29143184,48.85799891],[2.29246921,48.85874616],[2.29254595,48.85880586],[2.29250906,48.85884838],[2.29224639,48.85869007],[2.2922036,48.85871449],[2.29079879,48.85776009],[2.29070288,48.85769043]]],[[[2.29339591,48.8597087],[2.29357447,48.8596101],[2.29356414,48.85954768],[2.29369694,48.85956758],[2.29527588,48.86065768],[2.29507666,48.86082504],[2.29339591,48.8597087]]],[[[2.29526407,48.86083861],[2.29541459,48.86075629],[2.29624094,48.86127737],[2.29736685,48.86176678],[2.29743621,48.86184006],[2.29772543,48.86189705],[2.29789661,48.8620436],[2.29776675,48.86203999],[2.29752475,48.86196761],[2.29750556,48.86190881],[2.29740965,48.86187534],[2.29732849,48.86189976],[2.29710714,48.8618102],[2.29713665,48.86178035],[2.29637965,48.86144834],[2.29625717,48.86138502],[2.29627636,48.8613416],[2.29620848,48.86130631],[2.29614355,48.86132712],[2.29526407,48.86083861]]],[[[2.2977697,48.86185272],[2.29837324,48.86207708],[2.29905203,48.86230233],[2.29916861,48.86235933],[2.29798367,48.86206803],[2.2977697,48.86185272]]],[[[2.29891627,48.8621594],[2.29977362,48.86232043],[2.29965557,48.86232676],[2.29944308,48.86239099],[2.29920697,48.86225891],[2.29891627,48.8621594]]],[[[2.29954047,48.86242356],[2.29966295,48.8623548],[2.30033436,48.86246336],[2.30091429,48.86250769],[2.30090691,48.86257192],[2.29954047,48.86242356]]]]},"properties":{"id":"paris:88","name":"PROMENADE D'AUSTRALIE 7E","nameAddon":"Promenade","objectNumber":"88","district":"75007","locality":null,"type":"Promenades ouvertes","areaM2":20756,"areaHa":2.08,"designation":null,"dedicated":null,"builtYear":null,"renovatedYear":null,"planningAreaId":null,"planningAreaName":null,"centroid":[2.29508,48.8604],"bounds":[2.2907,48.85764,2.30091,48.86257],"amenities":{},"sourceId":"parks"}},{"type":"Feature","id":"paris:894","geometry":{"type":"MultiPolygon","coordinates":[[[[2.28195235,48.84947983],[2.28218697,48.84948797],[2.28217959,48.84958748],[2.28260458,48.84989777],[2.28248505,48.84992039],[2.28195235,48.84947983]]],[[[2.28225928,48.84960376],[2.28226961,48.84949249],[2.28234782,48.84954858],[2.28271377,48.84981274],[2.28263999,48.84987878],[2.28225928,48.84960376]]],[[[2.28267098,48.85003528],[2.28286134,48.84994391],[2.28354456,48.85043604],[2.28381165,48.85063054],[2.28370245,48.85070382],[2.28327599,48.85047766],[2.28267098,48.85003528]]],[[[2.28389724,48.85086123],[2.28400201,48.85077438],[2.28415547,48.85085037],[2.28616529,48.85241813],[2.28609003,48.85246698],[2.28425877,48.85117152],[2.28389724,48.85086123]]]]},"properties":{"id":"paris:894","name":"PROMENADE DU QUAI DE GRENELLE","nameAddon":"Promenade","objectNumber":"894","district":"75015","locality":null,"type":"Promenades ouvertes","areaM2":5900,"areaHa":0.59,"designation":null,"dedicated":null,"builtYear":null,"renovatedYear":null,"planningAreaId":null,"planningAreaName":null,"centroid":[2.284026,48.850896],"bounds":[2.28195,48.84948,2.28617,48.85247],"amenities":{},"sourceId":"parks"}},{"type":"Feature","id":"paris:897","geometry":{"type":"Polygon","coordinates":[[[2.29339149,48.868112],[2.29405995,48.8679184],[2.29412488,48.86795187],[2.29419276,48.86788041],[2.29437131,48.86782884],[2.29443919,48.86784603],[2.29444952,48.86780622],[2.29495124,48.86766419],[2.29504863,48.86784422],[2.29479777,48.86791478],[2.29470628,48.86790483],[2.29470628,48.86794102],[2.29403634,48.86813371],[2.29397141,48.8681129],[2.29390353,48.86817261],[2.29350954,48.86828659],[2.29339149,48.868112]]]},"properties":{"id":"paris:897","name":"SQUARE THOMAS JEFFERSON","nameAddon":"Square","objectNumber":"897","district":"75016","locality":null,"type":"Promenades ouvertes","areaM2":2968,"areaHa":0.3,"designation":null,"dedicated":null,"builtYear":null,"renovatedYear":null,"planningAreaId":null,"planningAreaName":null,"centroid":[2.294224,48.867976],"bounds":[2.29339,48.86766,2.29505,48.86829],"amenities":{},"sourceId":"parks"}},{"type":"Feature","id":"paris:898","geometry":{"type":"Polygon","coordinates":[[[2.25083705,48.84563778],[2.2511071,48.84561335],[2.25444204,48.84552651],[2.25431808,48.8459915],[2.25398016,48.84672607],[2.25405099,48.84697123],[2.2543048,48.84717659],[2.25418085,48.84744346],[2.2542989,48.8478596],[2.25262553,48.84784512],[2.252627,48.84787407],[2.25250305,48.84787769],[2.25233187,48.84780894],[2.25232154,48.84777094],[2.25220202,48.84777275],[2.25207659,48.84787679],[2.25145092,48.84788493],[2.25134762,48.84785598],[2.25122367,48.84768862],[2.25119268,48.84751131],[2.25122219,48.84683282],[2.25115874,48.84637688],[2.2510525,48.84602225],[2.25083705,48.84563778]]]},"properties":{"id":"paris:898","name":"JARDIN DES SERRES D'AUTEUIL","nameAddon":"Jardin","objectNumber":"898","district":"75016","locality":null,"type":"Promenades ouvertes","areaM2":52100,"areaHa":5.21,"designation":null,"dedicated":null,"builtYear":null,"renovatedYear":null,"planningAreaId":null,"planningAreaName":null,"centroid":[2.252686,48.846685],"bounds":[2.25084,48.84553,2.25444,48.84788],"amenities":{},"sourceId":"parks"}},{"type":"Feature","id":"paris:9","geometry":{"type":"Polygon","coordinates":[[[2.35322268,48.86704089],[2.35415234,48.86683644],[2.35441205,48.86726434],[2.35351781,48.86751221],[2.35344698,48.86748236],[2.35322268,48.86704089]]]},"properties":{"id":"paris:9","name":"SQUARE EMILE CHAUTEMPS","nameAddon":"Square","objectNumber":"9","district":"75003","locality":null,"type":"Promenades ouvertes","areaM2":4069,"areaHa":0.41,"designation":null,"dedicated":null,"builtYear":null,"renovatedYear":null,"planningAreaId":null,"planningAreaName":null,"centroid":[2.353808,48.86717],"bounds":[2.35322,48.86684,2.35441,48.86751],"amenities":{},"sourceId":"parks"}},{"type":"Feature","id":"paris:917","geometry":{"type":"Polygon","coordinates":[[[2.33829661,48.88529853],[2.33842056,48.88526054],[2.33839843,48.88522435],[2.33869503,48.88513027],[2.33875111,48.88528587],[2.33839105,48.88539262],[2.33829661,48.88529853]]]},"properties":{"id":"paris:917","name":"JARDINET DU PASSAGE DES ABBESSES","nameAddon":"Jardinet","objectNumber":"917","district":"75018","locality":null,"type":"Promenades ouvertes","areaM2":461,"areaHa":0.05,"designation":null,"dedicated":null,"builtYear":null,"renovatedYear":null,"planningAreaId":null,"planningAreaName":null,"centroid":[2.338542,48.885267],"bounds":[2.3383,48.88513,2.33875,48.88539],"amenities":{},"sourceId":"parks"}},{"type":"Feature","id":"paris:95","geometry":{"type":"Polygon","coordinates":[[[2.30562895,48.87951511],[2.30624281,48.87870364],[2.30624281,48.8786186],[2.30616018,48.87855075],[2.30634611,48.87835806],[2.30647744,48.87840963],[2.30660287,48.87840782],[2.30711492,48.87818618],[2.30957333,48.8782884],[2.30969728,48.87825583],[2.30977106,48.87816266],[2.31002487,48.87822236],[2.30999093,48.87831645],[2.31006029,48.87840601],[2.31200518,48.87934322],[2.31199337,48.87952325],[2.31215274,48.87961281],[2.31200665,48.8798453],[2.31185319,48.87993125],[2.31174104,48.88033653],[2.31167316,48.88057898],[2.30917786,48.88027411],[2.30906276,48.88031753],[2.30899045,48.88023521],[2.30562895,48.87951511]]]},"properties":{"id":"paris:95","name":"PARC MONCEAU","nameAddon":"Parc","objectNumber":"95","district":"75008","locality":null,"type":"Promenades ouvertes","areaM2":83300,"areaHa":8.33,"designation":null,"dedicated":null,"builtYear":null,"renovatedYear":null,"planningAreaId":null,"planningAreaName":null,"centroid":[2.309016,48.879308],"bounds":[2.30563,48.87816,2.31215,48.88058],"amenities":{},"sourceId":"parks"}},{"type":"Feature","id":"paris:96","geometry":{"type":"Polygon","coordinates":[[[2.32251319,48.87351456],[2.32253533,48.87347747],[2.32361402,48.87343315],[2.32380142,48.87405193],[2.32331151,48.87413787],[2.32274634,48.87419215],[2.32251319,48.87351456]],[[2.32258845,48.87369549],[2.32262534,48.87382396],[2.32332627,48.8738719],[2.32336906,48.87371359],[2.32336759,48.87360503],[2.32266371,48.87355708],[2.32258845,48.87369549]]]},"properties":{"id":"paris:96","name":"SQUARE LOUIS XVI","nameAddon":"Square","objectNumber":"96","district":"75008","locality":null,"type":"Promenades ouvertes","areaM2":4184,"areaHa":0.42,"designation":null,"dedicated":null,"builtYear":null,"renovatedYear":null,"planningAreaId":null,"planningAreaName":null,"centroid":[2.323215,48.873823],"bounds":[2.32251,48.87343,2.3238,48.87419],"amenities":{},"sourceId":"parks"}},{"type":"Feature","id":"paris:97","geometry":{"type":"Polygon","coordinates":[[[2.31972424,48.87613081],[2.31982901,48.87575086],[2.32025842,48.8757581],[2.32029531,48.87578705],[2.32024366,48.87582504],[2.32061552,48.87585128],[2.3206229,48.87581147],[2.32041484,48.87579609],[2.32037794,48.87576443],[2.32105231,48.87579609],[2.32104641,48.87610277],[2.32084277,48.87611996],[2.32083982,48.87607834],[2.32070996,48.87608106],[2.32048272,48.87612358],[2.31972424,48.87613081]]]},"properties":{"id":"paris:97","name":"SQUARE MARCEL PAGNOL","nameAddon":"Square","objectNumber":"97","district":"75008","locality":null,"type":"Promenades ouvertes","areaM2":3764,"areaHa":0.38,"designation":null,"dedicated":null,"builtYear":null,"renovatedYear":null,"planningAreaId":null,"planningAreaName":null,"centroid":[2.320384,48.87595],"bounds":[2.31972,48.87575,2.32105,48.87613],"amenities":{},"sourceId":"parks"}},{"type":"Feature","id":"paris:98","geometry":{"type":"Polygon","coordinates":[[[2.31766867,48.87764158],[2.31787969,48.87746698],[2.3181822,48.87762891],[2.31810989,48.87772661],[2.31804054,48.87769224],[2.31768491,48.877685],[2.31766867,48.87764158]]]},"properties":{"id":"paris:98","name":"JARDIN DE LA MAIRIE DU VIIIEME","nameAddon":"Jardin","objectNumber":"98","district":"75008","locality":null,"type":"Promenades ouvertes","areaM2":563,"areaHa":0.06,"designation":null,"dedicated":null,"builtYear":null,"renovatedYear":null,"planningAreaId":null,"planningAreaName":null,"centroid":[2.317923,48.877612],"bounds":[2.31767,48.87747,2.31818,48.87773],"amenities":{},"sourceId":"parks"}},{"type":"Feature","id":"paris:99","geometry":{"type":"MultiPolygon","coordinates":[[[[2.30376817,48.86421024],[2.30483801,48.864222],[2.30475094,48.86431518],[2.30482768,48.86442102],[2.30418282,48.86436494],[2.30427431,48.86433327],[2.30428022,48.86427266],[2.30466093,48.86426814],[2.30466093,48.864241],[2.3041843,48.86425276],[2.30412232,48.86435046],[2.3037785,48.86426452],[2.30376817,48.86421024]],[[2.30427874,48.86435498],[2.30454731,48.86437398],[2.30454731,48.86438755],[2.30465355,48.86439027],[2.30465503,48.86436313],[2.30427874,48.86435498]]],[[[2.30510952,48.86434956],[2.30513018,48.86427447],[2.30984042,48.86437941],[2.30983304,48.86445992],[2.30510952,48.86434956]]]]},"properties":{"id":"paris:99","name":"PROMENADE DU COURS ALBERT 1ER","nameAddon":"Promenade","objectNumber":"99","district":"75008","locality":null,"type":"Promenades ouvertes","areaM2":4949,"areaHa":0.49,"designation":null,"dedicated":null,"builtYear":null,"renovatedYear":null,"planningAreaId":null,"planningAreaName":null,"centroid":[2.306729,48.864348],"bounds":[2.30377,48.86421,2.30984,48.86446],"amenities":{},"sourceId":"parks"}}]}
