{"type":"FeatureCollection","schemaVersion":1,"generatedAt":"2026-07-25T17:36:13.881Z","dataAsOf":"2026-07-17","sourceId":"parks","features":[{"type":"Feature","id":"stuttgart:osm:relation:10346693","geometry":{"type":"Polygon","coordinates":[[[9.14967685,48.72474127],[9.1497949,48.72472499],[9.1500738,48.72492763],[9.14993361,48.7250009],[9.14972112,48.7248643],[9.14967685,48.72474127]]]},"properties":{"id":"stuttgart:osm:relation:10346693","name":"Unbenannter Park 10346693","nameAddon":null,"objectNumber":"stuttgart:osm:relation:10346693","district":"Möhringen","locality":null,"type":"Park","areaM2":445.1,"areaHa":0.04,"designation":null,"dedicated":null,"builtYear":null,"renovatedYear":null,"planningAreaId":null,"planningAreaName":null,"centroid":[9.149859,48.724861],"bounds":[9.14968,48.72472,9.15007,48.725],"amenities":{"playground":{"status":"not-observed","count":0,"nearestMeters":null,"coverage":"community-mapped-observations"},"toilet":{"status":"not-observed","count":0,"nearestMeters":null,"coverage":"community-mapped-observations"},"drinkingFountain":{"status":"not-observed","count":0,"nearestMeters":null,"coverage":"community-mapped-observations"},"dogRun":{"status":"not-observed","count":0,"nearestMeters":null,"coverage":"community-mapped-observations"}},"sourceId":"parks"}},{"type":"Feature","id":"stuttgart:osm:relation:12542450","geometry":{"type":"Polygon","coordinates":[[[9.10145892,48.7165171],[9.10263501,48.71646553],[9.10329609,48.71649991],[9.10417262,48.71672064],[9.10430985,48.71692419],[9.10478944,48.71695857],[9.10537822,48.71689705],[9.10553758,48.71719016],[9.10553316,48.71731138],[9.10571614,48.71728515],[9.10575008,48.71736928],[9.10548594,48.71739732],[9.10550217,48.71767053],[9.1057486,48.71774471],[9.10575598,48.71779627],[9.10313377,48.71750226],[9.10291833,48.71761715],[9.10257598,48.71799439],[9.10162124,48.71781437],[9.1015327,48.71697214],[9.10145892,48.7165171]]]},"properties":{"id":"stuttgart:osm:relation:12542450","name":"Rohrer Park","nameAddon":null,"objectNumber":"stuttgart:osm:relation:12542450","district":"Vaihingen","locality":null,"type":"Park","areaM2":34186.4,"areaHa":3.42,"designation":null,"dedicated":null,"builtYear":null,"renovatedYear":null,"planningAreaId":null,"planningAreaName":null,"centroid":[9.10328,48.717177],"bounds":[9.10146,48.71647,9.10576,48.71799],"amenities":{"playground":{"status":"observed-nearby","count":2,"nearestMeters":0,"coverage":"community-mapped-observations"},"toilet":{"status":"observed-nearby","count":1,"nearestMeters":0,"coverage":"community-mapped-observations"},"drinkingFountain":{"status":"not-observed","count":0,"nearestMeters":null,"coverage":"community-mapped-observations"},"dogRun":{"status":"not-observed","count":0,"nearestMeters":null,"coverage":"community-mapped-observations"}},"sourceId":"parks"}},{"type":"Feature","id":"stuttgart:osm:relation:1579706","geometry":{"type":"Polygon","coordinates":[[[9.08938526,48.72098245],[9.08945166,48.72046318],[9.09052592,48.72034286],[9.09165331,48.72102406],[9.0919263,48.72137959],[9.09191745,48.72152343],[9.09111323,48.72195495],[9.09085352,48.72195495],[9.09014521,48.72183463],[9.08973056,48.72166817],[9.08942362,48.72148091],[9.08938526,48.72098245]]]},"properties":{"id":"stuttgart:osm:relation:1579706","name":"Waldheim Vaihingen","nameAddon":null,"objectNumber":"stuttgart:osm:relation:1579706","district":"Vaihingen","locality":null,"type":"Park","areaM2":24185.4,"areaHa":2.42,"designation":null,"dedicated":null,"builtYear":null,"renovatedYear":null,"planningAreaId":null,"planningAreaName":null,"centroid":[9.090533,48.721177],"bounds":[9.08939,48.72034,9.09193,48.72195],"amenities":{"playground":{"status":"observed-nearby","count":2,"nearestMeters":0,"coverage":"community-mapped-observations"},"toilet":{"status":"not-observed","count":0,"nearestMeters":null,"coverage":"community-mapped-observations"},"drinkingFountain":{"status":"not-observed","count":0,"nearestMeters":null,"coverage":"community-mapped-observations"},"dogRun":{"status":"not-observed","count":0,"nearestMeters":null,"coverage":"community-mapped-observations"}},"sourceId":"parks"}},{"type":"Feature","id":"stuttgart:osm:relation:19340594","geometry":{"type":"Polygon","coordinates":[[[9.16951827,48.77846481],[9.16956402,48.77834449],[9.16978832,48.77821603],[9.17081093,48.77871721],[9.17083307,48.77878415],[9.16991079,48.77856794],[9.16951827,48.77846481]]]},"properties":{"id":"stuttgart:osm:relation:19340594","name":"Unbenannter Park 19340594","nameAddon":null,"objectNumber":"stuttgart:osm:relation:19340594","district":"Stuttgart-Mitte","locality":null,"type":"Park","areaM2":2098.9,"areaHa":0.21,"designation":null,"dedicated":null,"builtYear":null,"renovatedYear":null,"planningAreaId":null,"planningAreaName":null,"centroid":[9.170079,48.778494],"bounds":[9.16952,48.77822,9.17083,48.77878],"amenities":{"playground":{"status":"not-observed","count":0,"nearestMeters":null,"coverage":"community-mapped-observations"},"toilet":{"status":"not-observed","count":0,"nearestMeters":null,"coverage":"community-mapped-observations"},"drinkingFountain":{"status":"not-observed","count":0,"nearestMeters":null,"coverage":"community-mapped-observations"},"dogRun":{"status":"not-observed","count":0,"nearestMeters":null,"coverage":"community-mapped-observations"}},"sourceId":"parks"}},{"type":"Feature","id":"stuttgart:osm:relation:20819291","geometry":{"type":"MultiPolygon","coordinates":[[[[9.18133223,48.74915415],[9.18135289,48.7490854],[9.18154472,48.74915144],[9.18145323,48.7492989],[9.18140011,48.74926361],[9.18133223,48.74915415]]],[[[9.18159046,48.74936494],[9.18178082,48.74915234],[9.18204053,48.74921567],[9.18186788,48.74934503],[9.18159046,48.74936494]]]]},"properties":{"id":"stuttgart:osm:relation:20819291","name":"Löwenplatz","nameAddon":null,"objectNumber":"stuttgart:osm:relation:20819291","district":"Degerloch","locality":null,"type":"Park","areaM2":760.1,"areaHa":0.08,"designation":null,"dedicated":null,"builtYear":null,"renovatedYear":null,"planningAreaId":null,"planningAreaName":null,"centroid":[9.181687,48.749238],"bounds":[9.18133,48.74909,9.18204,48.74936],"amenities":{"playground":{"status":"not-observed","count":0,"nearestMeters":null,"coverage":"community-mapped-observations"},"toilet":{"status":"not-observed","count":0,"nearestMeters":null,"coverage":"community-mapped-observations"},"drinkingFountain":{"status":"not-observed","count":0,"nearestMeters":null,"coverage":"community-mapped-observations"},"dogRun":{"status":"not-observed","count":0,"nearestMeters":null,"coverage":"community-mapped-observations"}},"sourceId":"parks"}},{"type":"Feature","id":"stuttgart:osm:relation:33833","geometry":{"type":"Polygon","coordinates":[[[9.10032268,48.72731229],[9.10172454,48.72755654],[9.10270584,48.72744979],[9.10372698,48.7274127],[9.10680663,48.72759996],[9.10684647,48.7276841],[9.10546233,48.72797268],[9.10429067,48.72812918],[9.1027383,48.72826217],[9.10247269,48.72839787],[9.10261582,48.728501],[9.10263353,48.72857699],[9.10258483,48.72860503],[9.10051304,48.72879682],[9.10035957,48.72873349],[9.10035662,48.72846933],[9.10032268,48.72731229]],[[9.10046582,48.7277429],[9.10063257,48.72799891],[9.100485,48.72813461],[9.1004791,48.72819703],[9.1005883,48.72837706],[9.10080817,48.72836258],[9.10079489,48.72826579],[9.10155631,48.7282305],[9.10157402,48.7284051],[9.10183816,48.72848652],[9.10208607,48.72846029],[9.10216428,48.72831102],[9.10207574,48.72820156],[9.1018175,48.72804777],[9.10185292,48.72793649],[9.10168322,48.72768771],[9.10092031,48.72752307],[9.10060896,48.72749322],[9.10049238,48.72754568],[9.10046582,48.7277429]],[[9.10345103,48.72780261],[9.10348645,48.72803872],[9.10551693,48.72784874],[9.10558185,48.7275873],[9.10433346,48.72749683],[9.10354547,48.72775556],[9.10345103,48.72780261]]]},"properties":{"id":"stuttgart:osm:relation:33833","name":"Unbenannter Park 33833","nameAddon":null,"objectNumber":"stuttgart:osm:relation:33833","district":"Vaihingen","locality":null,"type":"Park","areaM2":27302.8,"areaHa":2.73,"designation":null,"dedicated":null,"builtYear":null,"renovatedYear":null,"planningAreaId":null,"planningAreaName":null,"centroid":[9.102749,48.727978],"bounds":[9.10032,48.72731,9.10685,48.7288],"amenities":{"playground":{"status":"observed-nearby","count":1,"nearestMeters":0,"coverage":"community-mapped-observations"},"toilet":{"status":"not-observed","count":0,"nearestMeters":null,"coverage":"community-mapped-observations"},"drinkingFountain":{"status":"not-observed","count":0,"nearestMeters":null,"coverage":"community-mapped-observations"},"dogRun":{"status":"not-observed","count":0,"nearestMeters":null,"coverage":"community-mapped-observations"}},"sourceId":"parks"}},{"type":"Feature","id":"stuttgart:osm:relation:3756047","geometry":{"type":"MultiPolygon","coordinates":[[[[9.18843004,48.7893776],[9.18845513,48.7893378],[9.18883289,48.78935318],[9.18920918,48.78929799],[9.18925935,48.78924733],[9.19032181,48.78893975],[9.19045462,48.78914058],[9.19058447,48.78910802],[9.19065973,48.78902931],[9.19074089,48.78902931],[9.19075122,48.78898046],[9.19088698,48.78895151],[9.19106258,48.78882396],[9.19113341,48.78884024],[9.19119982,48.78880315],[9.19129868,48.78885471],[9.19142706,48.78886195],[9.19168678,48.78902479],[9.19168235,48.78907454],[9.19185943,48.78919758],[9.19184762,48.78924733],[9.1919642,48.78930161],[9.19195239,48.78935046],[9.19203503,48.78937127],[9.19202765,48.78942193],[9.19215308,48.78946445],[9.19215603,48.78951782],[9.19228293,48.78956396],[9.19271677,48.78989506],[9.19272267,48.78994934],[9.19280088,48.78994934],[9.19295287,48.79004161],[9.1929632,48.79009499],[9.19304731,48.79009951],[9.19332916,48.79032477],[9.19402123,48.79070925],[9.19403304,48.79076262],[9.19411567,48.79076624],[9.1941747,48.79084494],[9.19429865,48.79087751],[9.19436506,48.79095531],[9.19444769,48.79095712],[9.19455837,48.79106658],[9.19482693,48.79117785],[9.19488596,48.79125746],[9.19495974,48.79125565],[9.19506599,48.79131627],[9.1951678,48.79142663],[9.19525044,48.79143116],[9.19558836,48.79164103],[9.19559131,48.7916917],[9.19567542,48.79169531],[9.19568575,48.7917505],[9.19581856,48.79178397],[9.19583037,48.79183825],[9.19591595,48.79184096],[9.19614173,48.79200018],[9.19627011,48.79201918],[9.19641767,48.79217026],[9.19664934,48.792315],[9.19673198,48.79232314],[9.19681609,48.79244436],[9.19689578,48.79244436],[9.19691348,48.79249774],[9.19699464,48.79249683],[9.19701235,48.79254568],[9.19722042,48.79266329],[9.19729715,48.79266691],[9.19970244,48.79434051],[9.20055831,48.79477384],[9.20057897,48.79482269],[9.20163257,48.79533563],[9.20169898,48.7953311],[9.20191737,48.79544509],[9.20201181,48.79544056],[9.202152,48.79554279],[9.20223316,48.7955446],[9.20224201,48.79559435],[9.20231874,48.79559255],[9.2023822,48.79563868],[9.20247664,48.79554008],[9.20295769,48.79575538],[9.2031392,48.79578343],[9.20311411,48.79569749],[9.20288096,48.79556722],[9.20316871,48.79568482],[9.2032602,48.79567939],[9.20324987,48.79563325],[9.20271717,48.79534196],[9.2027452,48.79531753],[9.20382832,48.79572191],[9.20486127,48.7949602],[9.20492915,48.7962448],[9.20499555,48.79644201],[9.2051623,48.79666275],[9.20499407,48.79650715],[9.2048834,48.79656324],[9.20493948,48.79663018],[9.20481847,48.79671793],[9.20479929,48.79688258],[9.20511065,48.79697756],[9.20524198,48.79695676],[9.20538659,48.79684006],[9.2055253,48.79691876],[9.20550022,48.79695857],[9.20556515,48.79699385],[9.20584109,48.79713045],[9.20597095,48.79714583],[9.20642397,48.79739189],[9.20831869,48.79932061],[9.20853413,48.79963],[9.20858282,48.79994029],[9.20851347,48.80024516],[9.20823015,48.80062421],[9.20757349,48.80027682],[9.20761776,48.80033743],[9.20746724,48.80047946],[9.20739346,48.80044509],[9.2073728,48.80046589],[9.20395523,48.79892799],[9.20385046,48.7989877],[9.20383275,48.79886557],[9.20368961,48.79877691],[9.20386964,48.79860232],[9.20367043,48.798501],[9.20369109,48.79841777],[9.20150272,48.79740275],[9.19780624,48.79494029],[9.19105373,48.79073639],[9.18900112,48.78974579],[9.18843004,48.7893776]],[[9.18934494,48.78960105],[9.18936117,48.78969423],[9.18950578,48.78977293],[9.18964744,48.7897657],[9.18976992,48.78967704],[9.18975221,48.78955944],[9.18959875,48.78948887],[9.18941872,48.78952054],[9.18934494,48.78960105]],[[9.19146543,48.78942464],[9.19161447,48.78960014],[9.19157315,48.78962095],[9.1916366,48.78967614],[9.19167792,48.78965623],[9.19192435,48.78985073],[9.19217816,48.78991406],[9.19244378,48.78979917],[9.19170006,48.78915325],[9.19156135,48.78922291],[9.19146543,48.78942464]],[[9.19285105,48.79064411],[9.19286729,48.79072282],[9.19298534,48.79084223],[9.19358887,48.7911082],[9.1943562,48.79130812],[9.19461739,48.79111001],[9.19328784,48.79034015],[9.19291008,48.79059435],[9.19285105,48.79064411]],[[9.19450672,48.79149629],[9.19491252,48.7917713],[9.19511763,48.79164013],[9.19471183,48.79136512],[9.19450672,48.79149629]],[[9.20122235,48.79546499],[9.20168717,48.79564954],[9.20182441,48.79549846],[9.20135958,48.79531482],[9.20122235,48.79546499]],[[9.20243237,48.7972381],[9.2026183,48.79734304],[9.20301672,48.79738647],[9.2033148,48.79756921],[9.20353172,48.79760991],[9.20366305,48.79753031],[9.20369994,48.79730052],[9.2038357,48.79714854],[9.20359665,48.79709698],[9.20350958,48.79727519],[9.20338563,48.79734666],[9.20321741,48.79732043],[9.20292228,48.79716845],[9.20267437,48.79730595],[9.20251353,48.79727067],[9.20243237,48.7972381]],[[9.20330595,48.79588022],[9.20335612,48.79600597],[9.20351696,48.79607472],[9.20370437,48.79605482],[9.20382832,48.79594988],[9.20379881,48.79580966],[9.20363944,48.79573186],[9.20344318,48.79574724],[9.20330595,48.79588022]],[[9.20399507,48.79707798],[9.20420018,48.79718563],[9.20437136,48.79741542],[9.20449826,48.7974507],[9.20473141,48.797704],[9.20489816,48.7977049],[9.20533642,48.79752578],[9.20574222,48.79749322],[9.20562565,48.79740908],[9.20535413,48.79741089],[9.20500145,48.79723901],[9.2048716,48.7972562],[9.20449826,48.79708341],[9.20418247,48.79711145],[9.20407918,48.79706713],[9.20403786,48.79699385],[9.20399507,48.79707798]],[[9.20534675,48.79776732],[9.2054043,48.79797268],[9.20557105,48.79807491],[9.20567139,48.79807671],[9.20578944,48.79817804],[9.20633248,48.79812737],[9.20651103,48.79845305],[9.20677517,48.79863398],[9.20706292,48.79864664],[9.20718244,48.79858422],[9.20708505,48.79849376],[9.20710866,48.79844219],[9.20719573,48.79841415],[9.20719425,48.79834268],[9.20708948,48.79828478],[9.20680321,48.79831373],[9.20665122,48.79810476],[9.20666745,48.79782522],[9.20658186,48.79771847],[9.20633395,48.79759092],[9.20584552,48.79754026],[9.20620852,48.79760539],[9.20622623,48.79765334],[9.20615245,48.797723],[9.2059311,48.79776732],[9.20556662,48.79766329],[9.20542348,48.79769133],[9.20534675,48.79776732]],[[9.20611261,48.7973928],[9.20613327,48.7974326],[9.20618787,48.79742446],[9.20617458,48.79737923],[9.20611261,48.7973928]],[[9.20690502,48.798055],[9.20692568,48.79809028],[9.20698766,48.79807762],[9.206967,48.79803781],[9.20690502,48.798055]]],[[[9.20496161,48.7949213],[9.20546038,48.7945142],[9.20559171,48.79448525],[9.20606391,48.794592],[9.20640921,48.79477565],[9.2066704,48.79498372],[9.20659514,48.79502533],[9.20664089,48.79506061],[9.20622918,48.79529401],[9.20594291,48.79510132],[9.20512393,48.79575086],[9.20516082,48.79623847],[9.2057983,48.79648091],[9.20575993,48.79653067],[9.20597832,48.79660304],[9.20601669,48.79655419],[9.20622033,48.79662747],[9.2062587,48.796907],[9.20705849,48.79724353],[9.20783468,48.79741542],[9.20788337,48.79738013],[9.20814013,48.79741451],[9.20833197,48.79737652],[9.20861381,48.79738104],[9.20874662,48.79768319],[9.20879089,48.79767324],[9.20902699,48.79789126],[9.20913176,48.79784512],[9.20913914,48.79788583],[9.20959364,48.79784874],[9.20958773,48.79780713],[9.20975596,48.79777728],[9.20983121,48.79772028],[9.20982826,48.79761715],[9.20987696,48.79761353],[9.20980908,48.79751312],[9.21014552,48.79748598],[9.21017651,48.79738285],[9.21012782,48.79738647],[9.21011749,48.79732857],[9.20889123,48.79742718],[9.20890451,48.79749502],[9.2088632,48.79749774],[9.2087599,48.79731862],[9.20878794,48.79735571],[9.21020603,48.79722725],[9.2102562,48.79716754],[9.21062658,48.79714583],[9.21091581,48.79703908],[9.21115339,48.79699837],[9.21164182,48.79703003],[9.21164035,48.79713136],[9.21178791,48.79713226],[9.21178938,48.79700923],[9.21189858,48.79692871],[9.21212878,48.79699475],[9.2122247,48.79685815],[9.21202991,48.79679844],[9.21205057,48.79676678],[9.21230291,48.79684277],[9.21215092,48.79718835],[9.21151787,48.79718563],[9.21154148,48.79751583],[9.21143818,48.7975674],[9.21144999,48.79760177],[9.21124487,48.79767234],[9.211177,48.79763886],[9.2111283,48.79765515],[9.21073283,48.7978406],[9.21023111,48.79778361],[9.20987696,48.79795006],[9.20973382,48.79828569],[9.209905,48.79843948],[9.20968808,48.79850009],[9.2098504,48.79871268],[9.20988139,48.79884567],[9.2094446,48.79855256],[9.20939,48.79856794],[9.20859463,48.7981129],[9.20836886,48.79808033],[9.20833787,48.79819613],[9.20771663,48.79785869],[9.20677222,48.79743713],[9.20523165,48.79652524],[9.20508556,48.79636059],[9.20502064,48.796186],[9.20501326,48.79514203],[9.20496161,48.7949213]],[[9.20712637,48.79752307],[9.20714851,48.79755835],[9.20721048,48.79754568],[9.20718982,48.79750588],[9.20712637,48.79752307]],[[9.2077727,48.79767415],[9.20779483,48.79771033],[9.20785681,48.79769676],[9.20783615,48.79765696],[9.2077727,48.79767415]],[[9.20883959,48.7979772],[9.20886024,48.79801701],[9.20891632,48.79800887],[9.20890156,48.79796454],[9.20883959,48.7979772]],[[9.20893403,48.79790574],[9.20894436,48.79791478],[9.20896059,48.79790754],[9.20895026,48.79789759],[9.20893403,48.79790574]],[[9.20908897,48.79816266],[9.20910963,48.79819884],[9.2091716,48.79818527],[9.20915242,48.79814547],[9.20908897,48.79816266]],[[9.20971759,48.79805229],[9.20973825,48.798093],[9.20979432,48.79808486],[9.20978104,48.79803962],[9.20971759,48.79805229]],[[9.21063986,48.79735933],[9.2107343,48.79759454],[9.21085236,48.79771214],[9.21112092,48.7975873],[9.21153115,48.79750136],[9.21150459,48.79714764],[9.21106927,48.79722363],[9.21063986,48.79735933]]],[[[9.20502064,48.79637869],[9.20502359,48.79632803],[9.20522427,48.79656414],[9.20516082,48.79660033],[9.20508852,48.79651257],[9.20502064,48.79637869]]],[[[9.20524198,48.79661118],[9.20526854,48.7965949],[9.20532904,48.7966338],[9.20530248,48.79664918],[9.20524198,48.79661118]]],[[[9.20540873,48.79746698],[9.20548841,48.79741903],[9.20565959,48.79744889],[9.20551055,48.79748417],[9.20540873,48.79746698]]],[[[9.20600636,48.79711598],[9.20601817,48.79710602],[9.20612294,48.79717116],[9.20611999,48.79717297],[9.20600636,48.79711598]]],[[[9.20617458,48.79720011],[9.20621148,48.79716664],[9.20637675,48.79728334],[9.20644463,48.79733671],[9.20617458,48.79720011]]],[[[9.20669844,48.79750859],[9.2082331,48.79827664],[9.20810619,48.79828207],[9.20809439,48.79831916],[9.20841755,48.79856794],[9.20856954,48.79884657],[9.20867136,48.79886738],[9.20877466,48.79879591],[9.20888681,48.79877782],[9.20947116,48.79908811],[9.20908602,48.7991632],[9.20890304,48.79927809],[9.2087658,48.79946535],[9.20867579,48.79976389],[9.20848248,48.79937127],[9.20681944,48.79762801],[9.20669844,48.79750859]],[[9.20751299,48.79808938],[9.20753512,48.79812466],[9.2075971,48.798112],[9.20757644,48.79807129],[9.20751299,48.79808938]],[[9.2084692,48.79916501],[9.20847805,48.79919396],[9.20859463,48.79918853],[9.20867284,48.79904017],[9.20850462,48.7990655],[9.2084692,48.79916501]],[[9.20860791,48.79920843],[9.20862414,48.79925005],[9.20868612,48.79923919],[9.20867136,48.79919848],[9.20860791,48.79920843]],[[9.20889714,48.79879862],[9.20889861,48.79880586],[9.20890894,48.79880496],[9.20890746,48.79879772],[9.20889714,48.79879862]]],[[[9.21194728,48.79691695],[9.21201368,48.79682196],[9.21213911,48.79685906],[9.21207271,48.79695404],[9.21202401,48.79693957],[9.21194728,48.79691695]],[[9.2120609,48.79691605],[9.21208009,48.79692238],[9.21210517,48.79688529],[9.21208599,48.79687896],[9.2120609,48.79691605]]]]},"properties":{"id":"stuttgart:osm:relation:3756047","name":"Unterer Schlossgarten","nameAddon":null,"objectNumber":"stuttgart:osm:relation:3756047","district":"Stuttgart-Ost","locality":null,"type":"Park","areaM2":350112.3,"areaHa":35.01,"designation":null,"dedicated":null,"builtYear":null,"renovatedYear":null,"planningAreaId":null,"planningAreaName":null,"centroid":[9.200735,48.795278],"bounds":[9.18843,48.7888,9.2123,48.80062],"amenities":{"playground":{"status":"observed-nearby","count":3,"nearestMeters":0,"coverage":"community-mapped-observations"},"toilet":{"status":"observed-nearby","count":1,"nearestMeters":0,"coverage":"community-mapped-observations"},"drinkingFountain":{"status":"observed-nearby","count":9,"nearestMeters":0,"coverage":"community-mapped-observations"},"dogRun":{"status":"not-observed","count":0,"nearestMeters":null,"coverage":"community-mapped-observations"}},"sourceId":"parks"}},{"type":"Feature","id":"stuttgart:osm:relation:5197622","geometry":{"type":"Polygon","coordinates":[[[9.18934789,48.80711236],[9.18939659,48.80704632],[9.1897773,48.8037751],[9.19231687,48.8031138],[9.19282744,48.80295006],[9.19333801,48.80273657],[9.19520617,48.80173964],[9.19565919,48.80183915],[9.19630109,48.80184368],[9.19660508,48.80179754],[9.1974211,48.80149539],[9.19806153,48.80138502],[9.1988023,48.80134883],[9.19953717,48.80122037],[9.20137434,48.80049484],[9.20243089,48.79998914],[9.20395523,48.79892799],[9.20773138,48.80063235],[9.20780812,48.8006224],[9.20809734,48.80075176],[9.20775352,48.80106658],[9.20767383,48.80106387],[9.20729459,48.80130631],[9.2070275,48.80118781],[9.20695225,48.80123937],[9.20707767,48.80136059],[9.20686666,48.80156052],[9.20679435,48.80158042],[9.20676041,48.80178035],[9.20646528,48.80177764],[9.20633986,48.80181473],[9.20651988,48.80187896],[9.20651546,48.80191967],[9.20633838,48.80194681],[9.20631625,48.80198118],[9.20663203,48.80202823],[9.20652283,48.8026262],[9.20671172,48.80295097],[9.2066822,48.803055],[9.20613327,48.8032694],[9.20608457,48.80343405],[9.20580863,48.80361227],[9.20535118,48.80406007],[9.20505605,48.80381491],[9.20487455,48.80375882],[9.20401868,48.80399132],[9.20348745,48.80405826],[9.20301672,48.8044156],[9.20307132,48.80473313],[9.20297688,48.80489687],[9.20251648,48.80490049],[9.20174029,48.80547042],[9.20058339,48.80565678],[9.19975261,48.80593812],[9.19876984,48.80602135],[9.19771328,48.8058956],[9.19749931,48.80589651],[9.1974698,48.80600326],[9.19727797,48.80600326],[9.19727354,48.80588927],[9.19590415,48.80588656],[9.19541571,48.80615071],[9.19550868,48.80667089],[9.19435473,48.80674145],[9.19429718,48.80677583],[9.19318602,48.80686448],[9.1927271,48.8069459],[9.19022737,48.80715759],[9.18958252,48.80728515],[9.18934789,48.80711236]],[[9.19160562,48.80347114],[9.19170448,48.80363579],[9.19209848,48.80353356],[9.19215898,48.80364212],[9.19316684,48.80338249],[9.19314913,48.8033454],[9.19457607,48.80263977],[9.19461592,48.80260268],[9.19457312,48.80249683],[9.19441523,48.80241451],[9.19414666,48.80245341],[9.1929691,48.80303058],[9.19196272,48.80329021],[9.19200551,48.80336711],[9.19160562,48.80347114]],[[9.20528182,48.80021893],[9.2053379,48.80030487],[9.20546628,48.80030849],[9.20562712,48.80020536],[9.20563893,48.80010313],[9.20556072,48.80006513],[9.20545447,48.8000778],[9.20528182,48.80021893]],[[9.20540725,48.80062511],[9.2058706,48.80092184],[9.20659071,48.80043423],[9.20612736,48.80013751],[9.20576583,48.80038176],[9.20540725,48.80062511]]]},"properties":{"id":"stuttgart:osm:relation:5197622","name":"Rosensteinpark","nameAddon":null,"objectNumber":"stuttgart:osm:relation:5197622","district":"Bad Cannstatt","locality":null,"type":"Park","areaM2":605405.6,"areaHa":60.54,"designation":null,"dedicated":null,"builtYear":null,"renovatedYear":null,"planningAreaId":null,"planningAreaName":null,"centroid":[9.198535,48.803475],"bounds":[9.18935,48.79893,9.2081,48.80729],"amenities":{"playground":{"status":"observed-nearby","count":5,"nearestMeters":0,"coverage":"community-mapped-observations"},"toilet":{"status":"observed-nearby","count":5,"nearestMeters":0,"coverage":"community-mapped-observations"},"drinkingFountain":{"status":"not-observed","count":0,"nearestMeters":null,"coverage":"community-mapped-observations"},"dogRun":{"status":"not-observed","count":0,"nearestMeters":null,"coverage":"community-mapped-observations"}},"sourceId":"parks"}},{"type":"Feature","id":"stuttgart:osm:relation:5709614","geometry":{"type":"Polygon","coordinates":[[[9.12396239,48.81597702],[9.12406716,48.81574],[9.12411734,48.81531029],[9.12595598,48.81529582],[9.12596779,48.815351],[9.12605485,48.81534919],[9.12606075,48.81528768],[9.12632932,48.81526235],[9.12649754,48.81533472],[9.12659788,48.81532567],[9.1270332,48.81510856],[9.12723978,48.81494843],[9.12752458,48.81462367],[9.1275172,48.81448435],[9.12792005,48.81440112],[9.1283052,48.81426995],[9.12852064,48.81444816],[9.12877592,48.8145712],[9.12873461,48.81463814],[9.12737259,48.8153121],[9.12659198,48.81583771],[9.12599287,48.81601683],[9.12493336,48.81606296],[9.12440213,48.81603492],[9.12396239,48.81597702]],[[9.12419997,48.81557898],[9.12419997,48.81570382],[9.12429146,48.81578614],[9.12452166,48.81586846],[9.12513405,48.81592365],[9.12546607,48.81587299],[9.12620536,48.81567577],[9.12628652,48.8156224],[9.12630276,48.81553917],[9.12580104,48.81547132],[9.12513405,48.81561878],[9.12444935,48.81545685],[9.12433868,48.81547585],[9.12419997,48.81557898]]]},"properties":{"id":"stuttgart:osm:relation:5709614","name":"Unbenannter Park 5709614","nameAddon":null,"objectNumber":"stuttgart:osm:relation:5709614","district":"Weilimdorf","locality":null,"type":"Park","areaM2":18259.3,"areaHa":1.83,"designation":null,"dedicated":null,"builtYear":null,"renovatedYear":null,"planningAreaId":null,"planningAreaName":null,"centroid":[9.126465,48.815301],"bounds":[9.12396,48.81427,9.12878,48.81606],"amenities":{"playground":{"status":"observed-nearby","count":1,"nearestMeters":0,"coverage":"community-mapped-observations"},"toilet":{"status":"not-observed","count":0,"nearestMeters":null,"coverage":"community-mapped-observations"},"drinkingFountain":{"status":"not-observed","count":0,"nearestMeters":null,"coverage":"community-mapped-observations"},"dogRun":{"status":"not-observed","count":0,"nearestMeters":null,"coverage":"community-mapped-observations"}},"sourceId":"parks"}},{"type":"Feature","id":"stuttgart:osm:relation:5827784","geometry":{"type":"Polygon","coordinates":[[[9.18328154,48.78365569],[9.18329483,48.78344038],[9.18380982,48.78258639],[9.18396034,48.78247422],[9.18495639,48.78216302],[9.18543007,48.78211417],[9.18643941,48.78242084],[9.187009,48.78264881],[9.1873543,48.78292292],[9.1880508,48.78361046],[9.18840938,48.78414511],[9.18787963,48.78430432],[9.18948955,48.78608558],[9.18940692,48.7864393],[9.18922689,48.78683915],[9.18929034,48.7870626],[9.18950283,48.78731771],[9.19097995,48.78842862],[9.19095338,48.78857518],[9.18892291,48.78913335],[9.18864844,48.7891252],[9.18837545,48.78905283],[9.18839168,48.78886466],[9.18857761,48.78872173],[9.18811426,48.78821513],[9.18789881,48.7883074],[9.18751072,48.78789488],[9.18740743,48.78792383],[9.18719346,48.78755473],[9.18691899,48.78763977],[9.1870518,48.78786774],[9.18571044,48.78629998],[9.18497115,48.78520083],[9.1840356,48.78413244],[9.18369472,48.78425909],[9.18365045,48.78408088],[9.18328154,48.78365569]],[[9.18342321,48.78373078],[9.18344386,48.78379229],[9.18355011,48.78383481],[9.18364308,48.78381943],[9.18370505,48.78374796],[9.18365341,48.78367016],[9.18356044,48.78364936],[9.18342321,48.78373078]],[[9.18365636,48.78401303],[9.18367702,48.78407454],[9.18378326,48.78411706],[9.18387475,48.78410168],[9.18393673,48.78403112],[9.18388508,48.78395332],[9.18379359,48.78393161],[9.18365636,48.78401303]],[[9.18366964,48.783463],[9.1836903,48.78352452],[9.18379654,48.78356703],[9.18388803,48.78355166],[9.18395001,48.78348019],[9.18392197,48.78341867],[9.18380687,48.78338158],[9.18366964,48.783463]],[[9.18390574,48.78374163],[9.1839264,48.78380315],[9.18403264,48.78384567],[9.18414922,48.78381672],[9.18418759,48.78375972],[9.18415807,48.7836973],[9.18404297,48.78366021],[9.18390574,48.78374163]],[[9.1841566,48.78347295],[9.18417726,48.78353447],[9.1842835,48.78357699],[9.18440008,48.78354804],[9.18443697,48.78349014],[9.18438532,48.78341234],[9.18429236,48.78339153],[9.1841566,48.78347295]],[[9.1843868,48.7837552],[9.18440746,48.78381762],[9.1845137,48.78386014],[9.18460519,48.78384476],[9.18466717,48.78377329],[9.18463913,48.78371087],[9.18452403,48.78367469],[9.1843868,48.7837552]],[[9.1843927,48.78320246],[9.18441336,48.78326398],[9.1845196,48.7833074],[9.18463618,48.78327755],[9.18467307,48.78322055],[9.18464503,48.78315813],[9.18452993,48.78312195],[9.1843927,48.78320246]],[[9.1846229,48.783482],[9.18471882,48.78358151],[9.18481326,48.7835806],[9.18489884,48.78351999],[9.18487523,48.78343767],[9.1847926,48.78340239],[9.18466864,48.7834241],[9.1846229,48.783482]],[[9.18486343,48.7832097],[9.18495934,48.78331011],[9.18505379,48.78330921],[9.18513937,48.7832486],[9.18511576,48.78316627],[9.18503313,48.78313099],[9.18493573,48.78314004],[9.18486343,48.7832097]],[[9.18509953,48.78349285],[9.18512019,48.78355437],[9.18522791,48.78359689],[9.1853194,48.78358151],[9.18538138,48.78351095],[9.18532973,48.78343315],[9.18523676,48.78341143],[9.18509953,48.78349285]],[[9.18510248,48.78294373],[9.18512314,48.78300525],[9.18522939,48.78304777],[9.18532088,48.78303239],[9.18538285,48.78296182],[9.18535482,48.7828994],[9.18523824,48.78286231],[9.18510248,48.78294373]],[[9.18533121,48.78321874],[9.18535186,48.78328026],[9.18545811,48.78332368],[9.1855496,48.7833074],[9.18561158,48.78323684],[9.18555993,48.78315904],[9.18546696,48.78313823],[9.18533121,48.78321874]],[[9.1855983,48.78444907],[9.18614576,48.78474037],[9.18617822,48.78471051],[9.18604836,48.78464809],[9.1861797,48.78453049],[9.18638038,48.78462728],[9.18657812,48.78450335],[9.18633907,48.78438665],[9.18629922,48.78442283],[9.18592884,48.78424281],[9.18588752,48.7842799],[9.18583735,48.78425457],[9.18574291,48.7843387],[9.18582407,48.78437851],[9.18573553,48.78445631],[9.18564256,48.78441017],[9.1855983,48.78444907]],[[9.18619593,48.78290483],[9.18622249,48.78297901],[9.18633759,48.78302063],[9.18669617,48.78293287],[9.18652057,48.78271938],[9.18629185,48.78280984],[9.18619593,48.78290483]],[[9.18656926,48.78338882],[9.18669322,48.78356613],[9.18709016,48.78361136],[9.18715067,48.7836973],[9.18726872,48.78370545],[9.1873366,48.78364212],[9.18727019,48.78354894],[9.18719789,48.78354351],[9.18703114,48.7832486],[9.18677881,48.78319341],[9.18656926,48.78338882]],[[9.18680832,48.78280532],[9.18687325,48.78287407],[9.1869308,48.78287226],[9.18686439,48.78277818],[9.18680832,48.78280532]],[[9.18697949,48.782723],[9.18704442,48.78279175],[9.18710197,48.78278904],[9.18703704,48.78269676],[9.18697949,48.782723]],[[9.18702671,48.78297992],[9.18704737,48.78299711],[9.18706655,48.78298715],[9.18703704,48.78297449],[9.18702671,48.78297992]],[[9.18705623,48.78302424],[9.18752253,48.78344491],[9.18757122,48.78326669],[9.18749449,48.78312376],[9.18731446,48.78303872],[9.18705623,48.78302424]],[[9.18719641,48.78289578],[9.18721707,48.78291297],[9.18723625,48.78290302],[9.18720674,48.78289126],[9.18719641,48.78289578]],[[9.18766271,48.78355708],[9.18773945,48.78363579],[9.1878029,48.78360503],[9.18772026,48.78353628],[9.18766271,48.78355708]],[[9.18783389,48.78346481],[9.187918,48.78354985],[9.18796374,48.78352813],[9.18787816,48.78345486],[9.18783389,48.78346481]],[[9.18809655,48.78409445],[9.18809655,48.78413968],[9.18823526,48.78414872],[9.18831642,48.78406912],[9.18819099,48.78401484],[9.18809655,48.78409445]]]},"properties":{"id":"stuttgart:osm:relation:5827784","name":"Mittlerer Schlossgarten","nameAddon":null,"objectNumber":"stuttgart:osm:relation:5827784","district":"Stuttgart-Mitte","locality":null,"type":"Park","areaM2":180966.2,"areaHa":18.1,"designation":null,"dedicated":null,"builtYear":null,"renovatedYear":null,"planningAreaId":null,"planningAreaName":null,"centroid":[9.187016,48.785443],"bounds":[9.18328,48.78211,9.19098,48.78913],"amenities":{"playground":{"status":"observed-nearby","count":1,"nearestMeters":5,"coverage":"community-mapped-observations"},"toilet":{"status":"observed-nearby","count":4,"nearestMeters":0,"coverage":"community-mapped-observations"},"drinkingFountain":{"status":"not-observed","count":0,"nearestMeters":null,"coverage":"community-mapped-observations"},"dogRun":{"status":"not-observed","count":0,"nearestMeters":null,"coverage":"community-mapped-observations"}},"sourceId":"parks"}},{"type":"Feature","id":"stuttgart:osm:relation:7619450","geometry":{"type":"Polygon","coordinates":[[[9.17737899,48.8299231],[9.17738195,48.82980098],[9.17847982,48.8297087],[9.17858607,48.82985164],[9.17881036,48.82997557],[9.17903909,48.83003709],[9.17938143,48.83006875],[9.17925748,48.83062873],[9.17937258,48.83073639],[9.17957179,48.83055455],[9.18003367,48.83073186],[9.1802373,48.83070472],[9.17987135,48.83106839],[9.17984183,48.83146101],[9.18035093,48.83150805],[9.18018713,48.83172517],[9.17997317,48.8318093],[9.17977691,48.83200018],[9.17967656,48.83220735],[9.17963082,48.83282974],[9.17951424,48.83286955],[9.17897859,48.83219468],[9.17887677,48.83220373],[9.17874101,48.83194228],[9.17870707,48.83180387],[9.17913943,48.83174869],[9.17915419,48.83168084],[9.17904351,48.83148453],[9.17881331,48.83138864],[9.17794121,48.8308368],[9.17860968,48.83061426],[9.17835882,48.82998372],[9.1782688,48.82990411],[9.17762543,48.8301556],[9.17737899,48.8299231]],[[9.17894317,48.83069658],[9.17916747,48.83114076],[9.17930175,48.8316537],[9.17937111,48.8316926],[9.17952605,48.83162294],[9.17926929,48.83128913],[9.17928404,48.83091641],[9.17894317,48.83069658]]]},"properties":{"id":"stuttgart:osm:relation:7619450","name":"Unbenannter Park 7619450","nameAddon":null,"objectNumber":"stuttgart:osm:relation:7619450","district":"Zuffenhausen","locality":null,"type":"Park","areaM2":24612.4,"areaHa":2.46,"designation":null,"dedicated":null,"builtYear":null,"renovatedYear":null,"planningAreaId":null,"planningAreaName":null,"centroid":[9.17908,48.831092],"bounds":[9.17738,48.82971,9.18035,48.83287],"amenities":{"playground":{"status":"observed-nearby","count":2,"nearestMeters":0,"coverage":"community-mapped-observations"},"toilet":{"status":"not-observed","count":0,"nearestMeters":null,"coverage":"community-mapped-observations"},"drinkingFountain":{"status":"not-observed","count":0,"nearestMeters":null,"coverage":"community-mapped-observations"},"dogRun":{"status":"not-observed","count":0,"nearestMeters":null,"coverage":"community-mapped-observations"}},"sourceId":"parks"}},{"type":"Feature","id":"stuttgart:osm:relation:8430","geometry":{"type":"Polygon","coordinates":[[[9.10983612,48.72758911],[9.1098494,48.72750588],[9.11001024,48.72750498],[9.10992908,48.7274118],[9.11045588,48.72730233],[9.11267967,48.72702189],[9.11278296,48.7272173],[9.11272541,48.72780894],[9.11184889,48.72779808],[9.11166,48.72887914],[9.11027438,48.72887823],[9.11023306,48.72760177],[9.10983612,48.72758911]],[[9.11065952,48.728112],[9.11066247,48.72826307],[9.11080856,48.72826307],[9.11080856,48.728112],[9.11065952,48.728112]],[[9.11145489,48.72877058],[9.11145932,48.72879048],[9.11149621,48.72878958],[9.11149326,48.72876425],[9.11145489,48.72877058]]]},"properties":{"id":"stuttgart:osm:relation:8430","name":"Stadtpark Vaihingen","nameAddon":null,"objectNumber":"stuttgart:osm:relation:8430","district":"Vaihingen","locality":null,"type":"Park","areaM2":26622,"areaHa":2.66,"designation":null,"dedicated":null,"builtYear":null,"renovatedYear":null,"planningAreaId":null,"planningAreaName":null,"centroid":[9.111278,48.727897],"bounds":[9.10984,48.72702,9.11278,48.72888],"amenities":{"playground":{"status":"observed-nearby","count":2,"nearestMeters":0,"coverage":"community-mapped-observations"},"toilet":{"status":"observed-nearby","count":1,"nearestMeters":51,"coverage":"community-mapped-observations"},"drinkingFountain":{"status":"observed-nearby","count":1,"nearestMeters":22,"coverage":"community-mapped-observations"},"dogRun":{"status":"not-observed","count":0,"nearestMeters":null,"coverage":"community-mapped-observations"}},"sourceId":"parks"}},{"type":"Feature","id":"stuttgart:osm:relation:8703714","geometry":{"type":"Polygon","coordinates":[[[9.10549036,48.74605301],[9.10586813,48.745778],[9.10691731,48.74573367],[9.10698961,48.74582233],[9.10712389,48.74584856],[9.10692911,48.74592727],[9.1068996,48.74603221],[9.1067904,48.74609915],[9.10638903,48.74612448],[9.10648937,48.74605844],[9.10643772,48.74603221],[9.10655577,48.74598969],[9.10649527,48.74595712],[9.10681991,48.74594717],[9.10680958,48.74580423],[9.10643625,48.74581599],[9.10644363,48.74593088],[9.10635804,48.74588565],[9.10599798,48.74617785],[9.10571466,48.746186],[9.10549036,48.74605301]]]},"properties":{"id":"stuttgart:osm:relation:8703714","name":"Campuspark","nameAddon":null,"objectNumber":"stuttgart:osm:relation:8703714","district":"Vaihingen","locality":null,"type":"Park","areaM2":3010.2,"areaHa":0.3,"designation":null,"dedicated":null,"builtYear":null,"renovatedYear":null,"planningAreaId":null,"planningAreaName":null,"centroid":[9.106227,48.745949],"bounds":[9.10549,48.74573,9.10712,48.74619],"amenities":{"playground":{"status":"not-observed","count":0,"nearestMeters":null,"coverage":"community-mapped-observations"},"toilet":{"status":"not-observed","count":0,"nearestMeters":null,"coverage":"community-mapped-observations"},"drinkingFountain":{"status":"not-observed","count":0,"nearestMeters":null,"coverage":"community-mapped-observations"},"dogRun":{"status":"not-observed","count":0,"nearestMeters":null,"coverage":"community-mapped-observations"}},"sourceId":"parks"}},{"type":"Feature","id":"stuttgart:osm:relation:8774827","geometry":{"type":"Polygon","coordinates":[[[9.15671269,48.7740655],[9.15958871,48.77357427],[9.15880662,48.77477655],[9.15860446,48.77497829],[9.15754643,48.77447259],[9.15671269,48.7740655]],[[9.15750068,48.77418762],[9.15787549,48.77437036],[9.15791386,48.77433599],[9.15818538,48.77446535],[9.15833294,48.77423828],[9.15783565,48.77406731],[9.15757889,48.77411706],[9.15750068,48.77418762]]]},"properties":{"id":"stuttgart:osm:relation:8774827","name":"Elisabethenanlage","nameAddon":null,"objectNumber":"stuttgart:osm:relation:8774827","district":"Stuttgart-West","locality":null,"type":"Park","areaM2":13573.1,"areaHa":1.36,"designation":null,"dedicated":null,"builtYear":null,"renovatedYear":null,"planningAreaId":null,"planningAreaName":null,"centroid":[9.158354,48.774209],"bounds":[9.15671,48.77357,9.15959,48.77498],"amenities":{"playground":{"status":"observed-nearby","count":4,"nearestMeters":0,"coverage":"community-mapped-observations"},"toilet":{"status":"observed-nearby","count":1,"nearestMeters":59,"coverage":"community-mapped-observations"},"drinkingFountain":{"status":"observed-nearby","count":1,"nearestMeters":70,"coverage":"community-mapped-observations"},"dogRun":{"status":"not-observed","count":0,"nearestMeters":null,"coverage":"community-mapped-observations"}},"sourceId":"parks"}},{"type":"Feature","id":"stuttgart:osm:way:100298299","geometry":{"type":"Polygon","coordinates":[[[9.17005688,48.83689524],[9.1705645,48.83678397],[9.17077552,48.83724715],[9.17026937,48.83734938],[9.17005688,48.83689524]]]},"properties":{"id":"stuttgart:osm:way:100298299","name":"Unbenannter Park 100298299","nameAddon":null,"objectNumber":"stuttgart:osm:way:100298299","district":"Zuffenhausen","locality":null,"type":"Park","areaM2":2078.8,"areaHa":0.21,"designation":null,"dedicated":null,"builtYear":null,"renovatedYear":null,"planningAreaId":null,"planningAreaName":null,"centroid":[9.170417,48.837068],"bounds":[9.17006,48.83678,9.17078,48.83735],"amenities":{"playground":{"status":"observed-nearby","count":2,"nearestMeters":0,"coverage":"community-mapped-observations"},"toilet":{"status":"not-observed","count":0,"nearestMeters":null,"coverage":"community-mapped-observations"},"drinkingFountain":{"status":"not-observed","count":0,"nearestMeters":null,"coverage":"community-mapped-observations"},"dogRun":{"status":"not-observed","count":0,"nearestMeters":null,"coverage":"community-mapped-observations"}},"sourceId":"parks"}},{"type":"Feature","id":"stuttgart:osm:way:1023444108","geometry":{"type":"Polygon","coordinates":[[[9.22841982,48.83728695],[9.22887579,48.83682377],[9.22913403,48.83693143],[9.228712,48.83735209],[9.22856443,48.83734485],[9.22841982,48.83728695]]]},"properties":{"id":"stuttgart:osm:way:1023444108","name":"Grünzug Hofen Hartwald- / Hahnweiler- / Ruitlenstraße","nameAddon":null,"objectNumber":"stuttgart:osm:way:1023444108","district":"Mühlhausen","locality":null,"type":"Park","areaM2":1323,"areaHa":0.13,"designation":null,"dedicated":null,"builtYear":null,"renovatedYear":null,"planningAreaId":null,"planningAreaName":null,"centroid":[9.228779,48.837102],"bounds":[9.22842,48.83682,9.22913,48.83735],"amenities":{"playground":{"status":"not-observed","count":0,"nearestMeters":null,"coverage":"community-mapped-observations"},"toilet":{"status":"not-observed","count":0,"nearestMeters":null,"coverage":"community-mapped-observations"},"drinkingFountain":{"status":"not-observed","count":0,"nearestMeters":null,"coverage":"community-mapped-observations"},"dogRun":{"status":"not-observed","count":0,"nearestMeters":null,"coverage":"community-mapped-observations"}},"sourceId":"parks"}},{"type":"Feature","id":"stuttgart:osm:way:103877512","geometry":{"type":"Polygon","coordinates":[[[9.2121037,48.77587842],[9.21220109,48.77567215],[9.21242538,48.77578433],[9.21220551,48.77591731],[9.2121037,48.77587842]]]},"properties":{"id":"stuttgart:osm:way:103877512","name":"Unbenannter Park 103877512","nameAddon":null,"objectNumber":"stuttgart:osm:way:103877512","district":"Stuttgart-Ost","locality":null,"type":"Park","areaM2":323.8,"areaHa":0.03,"designation":null,"dedicated":null,"builtYear":null,"renovatedYear":null,"planningAreaId":null,"planningAreaName":null,"centroid":[9.212244,48.775801],"bounds":[9.2121,48.77567,9.21243,48.77592],"amenities":{"playground":{"status":"not-observed","count":0,"nearestMeters":null,"coverage":"community-mapped-observations"},"toilet":{"status":"not-observed","count":0,"nearestMeters":null,"coverage":"community-mapped-observations"},"drinkingFountain":{"status":"not-observed","count":0,"nearestMeters":null,"coverage":"community-mapped-observations"},"dogRun":{"status":"not-observed","count":0,"nearestMeters":null,"coverage":"community-mapped-observations"}},"sourceId":"parks"}},{"type":"Feature","id":"stuttgart:osm:way:1038784599","geometry":{"type":"Polygon","coordinates":[[[9.27789647,48.77543604],[9.27815028,48.77522978],[9.27795697,48.77510675],[9.27828013,48.77495748],[9.27852214,48.77536096],[9.27836867,48.77532206],[9.27811929,48.77555907],[9.27789647,48.77543604]]]},"properties":{"id":"stuttgart:osm:way:1038784599","name":"Trogwiesle","nameAddon":null,"objectNumber":"stuttgart:osm:way:1038784599","district":"Obertürkheim","locality":null,"type":"Park","areaM2":1410.5,"areaHa":0.14,"designation":null,"dedicated":null,"builtYear":null,"renovatedYear":null,"planningAreaId":null,"planningAreaName":null,"centroid":[9.278199,48.775259],"bounds":[9.2779,48.77496,9.27852,48.77556],"amenities":{"playground":{"status":"not-observed","count":0,"nearestMeters":null,"coverage":"community-mapped-observations"},"toilet":{"status":"observed-nearby","count":1,"nearestMeters":32,"coverage":"community-mapped-observations"},"drinkingFountain":{"status":"not-observed","count":0,"nearestMeters":null,"coverage":"community-mapped-observations"},"dogRun":{"status":"not-observed","count":0,"nearestMeters":null,"coverage":"community-mapped-observations"}},"sourceId":"parks"}},{"type":"Feature","id":"stuttgart:osm:way:103888473","geometry":{"type":"Polygon","coordinates":[[[9.22800074,48.77289398],[9.22828111,48.7728008],[9.22841244,48.77296635],[9.22816601,48.77307943],[9.22800074,48.77289398]]]},"properties":{"id":"stuttgart:osm:way:103888473","name":"Aussichtsplattform Schillerlinde","nameAddon":null,"objectNumber":"stuttgart:osm:way:103888473","district":"Wangen","locality":null,"type":"Park","areaM2":503.4,"areaHa":0.05,"designation":null,"dedicated":null,"builtYear":null,"renovatedYear":null,"planningAreaId":null,"planningAreaName":null,"centroid":[9.228211,48.772936],"bounds":[9.228,48.7728,9.22841,48.77308],"amenities":{"playground":{"status":"not-observed","count":0,"nearestMeters":null,"coverage":"community-mapped-observations"},"toilet":{"status":"not-observed","count":0,"nearestMeters":null,"coverage":"community-mapped-observations"},"drinkingFountain":{"status":"not-observed","count":0,"nearestMeters":null,"coverage":"community-mapped-observations"},"dogRun":{"status":"not-observed","count":0,"nearestMeters":null,"coverage":"community-mapped-observations"}},"sourceId":"parks"}},{"type":"Feature","id":"stuttgart:osm:way:106062626","geometry":{"type":"Polygon","coordinates":[[[9.11826348,48.81403293],[9.11853057,48.81294283],[9.11919018,48.81301067],[9.11907066,48.81362674],[9.11874011,48.81396508],[9.11868551,48.8141044],[9.11826348,48.81403293]]]},"properties":{"id":"stuttgart:osm:way:106062626","name":"Wormser Platz","nameAddon":null,"objectNumber":"stuttgart:osm:way:106062626","district":"Weilimdorf","locality":null,"type":"Park","areaM2":5668.4,"areaHa":0.57,"designation":null,"dedicated":null,"builtYear":null,"renovatedYear":null,"planningAreaId":null,"planningAreaName":null,"centroid":[9.118718,48.813489],"bounds":[9.11826,48.81294,9.11919,48.8141],"amenities":{"playground":{"status":"observed-nearby","count":1,"nearestMeters":0,"coverage":"community-mapped-observations"},"toilet":{"status":"not-observed","count":0,"nearestMeters":null,"coverage":"community-mapped-observations"},"drinkingFountain":{"status":"not-observed","count":0,"nearestMeters":null,"coverage":"community-mapped-observations"},"dogRun":{"status":"not-observed","count":0,"nearestMeters":null,"coverage":"community-mapped-observations"}},"sourceId":"parks"}},{"type":"Feature","id":"stuttgart:osm:way:1084016519","geometry":{"type":"Polygon","coordinates":[[[9.10826014,48.80240275],[9.10833982,48.80231048],[9.1084195,48.80228424],[9.10870578,48.80234395],[9.10960739,48.80262982],[9.10931079,48.80305591],[9.10924291,48.80302967],[9.10937129,48.80287498],[9.10931227,48.80278994],[9.10826014,48.80240275]]]},"properties":{"id":"stuttgart:osm:way:1084016519","name":"Unbenannter Park 1084016519","nameAddon":null,"objectNumber":"stuttgart:osm:way:1084016519","district":"Weilimdorf","locality":null,"type":"Park","areaM2":2413.2,"areaHa":0.24,"designation":null,"dedicated":null,"builtYear":null,"renovatedYear":null,"planningAreaId":null,"planningAreaName":null,"centroid":[9.108992,48.80257],"bounds":[9.10826,48.80228,9.10961,48.80306],"amenities":{"playground":{"status":"not-observed","count":0,"nearestMeters":null,"coverage":"community-mapped-observations"},"toilet":{"status":"not-observed","count":0,"nearestMeters":null,"coverage":"community-mapped-observations"},"drinkingFountain":{"status":"not-observed","count":0,"nearestMeters":null,"coverage":"community-mapped-observations"},"dogRun":{"status":"not-observed","count":0,"nearestMeters":null,"coverage":"community-mapped-observations"}},"sourceId":"parks"}},{"type":"Feature","id":"stuttgart:osm:way:10872364","geometry":{"type":"Polygon","coordinates":[[[9.17201358,48.77040438],[9.17254038,48.77022254],[9.17290191,48.77066673],[9.17275877,48.77073729],[9.17206818,48.77047223],[9.17201358,48.77040438]]]},"properties":{"id":"stuttgart:osm:way:10872364","name":"Rupert-Mayer-Platz","nameAddon":null,"objectNumber":"stuttgart:osm:way:10872364","district":"Stuttgart-Süd","locality":null,"type":"Park","areaM2":1829.6,"areaHa":0.18,"designation":null,"dedicated":null,"builtYear":null,"renovatedYear":null,"planningAreaId":null,"planningAreaName":null,"centroid":[9.172487,48.770479],"bounds":[9.17201,48.77022,9.1729,48.77074],"amenities":{"playground":{"status":"observed-nearby","count":1,"nearestMeters":0,"coverage":"community-mapped-observations"},"toilet":{"status":"observed-nearby","count":1,"nearestMeters":6,"coverage":"community-mapped-observations"},"drinkingFountain":{"status":"observed-nearby","count":1,"nearestMeters":0,"coverage":"community-mapped-observations"},"dogRun":{"status":"not-observed","count":0,"nearestMeters":null,"coverage":"community-mapped-observations"}},"sourceId":"parks"}},{"type":"Feature","id":"stuttgart:osm:way:10872923","geometry":{"type":"Polygon","coordinates":[[[9.175198,48.77115343],[9.17530572,48.77107834],[9.17554478,48.77122851],[9.17543706,48.7713036],[9.175198,48.77115343]]]},"properties":{"id":"stuttgart:osm:way:10872923","name":"Gerberplätzle","nameAddon":null,"objectNumber":"stuttgart:osm:way:10872923","district":"Stuttgart-Mitte","locality":null,"type":"Park","areaM2":278.9,"areaHa":0.03,"designation":null,"dedicated":null,"builtYear":null,"renovatedYear":null,"planningAreaId":null,"planningAreaName":null,"centroid":[9.175371,48.771191],"bounds":[9.1752,48.77108,9.17554,48.7713],"amenities":{"playground":{"status":"observed-nearby","count":3,"nearestMeters":12,"coverage":"community-mapped-observations"},"toilet":{"status":"not-observed","count":0,"nearestMeters":null,"coverage":"community-mapped-observations"},"drinkingFountain":{"status":"not-observed","count":0,"nearestMeters":null,"coverage":"community-mapped-observations"},"dogRun":{"status":"not-observed","count":0,"nearestMeters":null,"coverage":"community-mapped-observations"}},"sourceId":"parks"}},{"type":"Feature","id":"stuttgart:osm:way:109744675","geometry":{"type":"Polygon","coordinates":[[[9.21877505,48.79882667],[9.21883408,48.79853447],[9.21911592,48.79856613],[9.21905395,48.798852],[9.21877505,48.79882667]]]},"properties":{"id":"stuttgart:osm:way:109744675","name":"Unbenannter Park 109744675","nameAddon":null,"objectNumber":"stuttgart:osm:way:109744675","district":"Bad Cannstatt","locality":null,"type":"Park","areaM2":675.1,"areaHa":0.07,"designation":null,"dedicated":null,"builtYear":null,"renovatedYear":null,"planningAreaId":null,"planningAreaName":null,"centroid":[9.218944,48.798694],"bounds":[9.21878,48.79853,9.21912,48.79885],"amenities":{"playground":{"status":"not-observed","count":0,"nearestMeters":null,"coverage":"community-mapped-observations"},"toilet":{"status":"not-observed","count":0,"nearestMeters":null,"coverage":"community-mapped-observations"},"drinkingFountain":{"status":"observed-nearby","count":1,"nearestMeters":0,"coverage":"community-mapped-observations"},"dogRun":{"status":"not-observed","count":0,"nearestMeters":null,"coverage":"community-mapped-observations"}},"sourceId":"parks"}},{"type":"Feature","id":"stuttgart:osm:way:111803034","geometry":{"type":"Polygon","coordinates":[[[9.07634948,48.74932423],[9.07651032,48.74877601],[9.07753441,48.74888547],[9.07743259,48.74900941],[9.07681725,48.74934865],[9.07634948,48.74932423]]]},"properties":{"id":"stuttgart:osm:way:111803034","name":"Unbenannter Park 111803034","nameAddon":null,"objectNumber":"stuttgart:osm:way:111803034","district":"Vaihingen","locality":null,"type":"Park","areaM2":3455.2,"areaHa":0.35,"designation":null,"dedicated":null,"builtYear":null,"renovatedYear":null,"planningAreaId":null,"planningAreaName":null,"centroid":[9.076849,48.749052],"bounds":[9.07635,48.74878,9.07753,48.74935],"amenities":{"playground":{"status":"observed-nearby","count":2,"nearestMeters":31,"coverage":"community-mapped-observations"},"toilet":{"status":"not-observed","count":0,"nearestMeters":null,"coverage":"community-mapped-observations"},"drinkingFountain":{"status":"not-observed","count":0,"nearestMeters":null,"coverage":"community-mapped-observations"},"dogRun":{"status":"not-observed","count":0,"nearestMeters":null,"coverage":"community-mapped-observations"}},"sourceId":"parks"}},{"type":"Feature","id":"stuttgart:osm:way:1132560844","geometry":{"type":"Polygon","coordinates":[[[9.17899924,48.79109734],[9.17943013,48.79102949],[9.17945964,48.79117333],[9.17957622,48.7911869],[9.17955261,48.79126289],[9.17961163,48.79129636],[9.17958212,48.79137326],[9.17951719,48.7913805],[9.17971936,48.7921603],[9.17937996,48.79209517],[9.17912025,48.79151167],[9.17918665,48.79149629],[9.17911877,48.7913615],[9.17928699,48.79132079],[9.17920879,48.79118057],[9.17907745,48.79121314],[9.17903909,48.79117695],[9.17899924,48.79109734]]]},"properties":{"id":"stuttgart:osm:way:1132560844","name":"Unbenannter Park 1132560844","nameAddon":null,"objectNumber":"stuttgart:osm:way:1132560844","district":"Stuttgart-Nord","locality":null,"type":"Park","areaM2":3381.3,"areaHa":0.34,"designation":null,"dedicated":null,"builtYear":null,"renovatedYear":null,"planningAreaId":null,"planningAreaName":null,"centroid":[9.179396,48.791579],"bounds":[9.179,48.79103,9.17972,48.79216],"amenities":{"playground":{"status":"observed-nearby","count":2,"nearestMeters":40,"coverage":"community-mapped-observations"},"toilet":{"status":"not-observed","count":0,"nearestMeters":null,"coverage":"community-mapped-observations"},"drinkingFountain":{"status":"not-observed","count":0,"nearestMeters":null,"coverage":"community-mapped-observations"},"dogRun":{"status":"not-observed","count":0,"nearestMeters":null,"coverage":"community-mapped-observations"}},"sourceId":"parks"}},{"type":"Feature","id":"stuttgart:osm:way:1181431184","geometry":{"type":"Polygon","coordinates":[[[9.15548349,48.76943278],[9.15554841,48.76935227],[9.15559416,48.76944454],[9.15553956,48.76945088],[9.15548349,48.76943278]]]},"properties":{"id":"stuttgart:osm:way:1181431184","name":"Unbenannter Park 1181431184","nameAddon":null,"objectNumber":"stuttgart:osm:way:1181431184","district":"Stuttgart-West","locality":null,"type":"Park","areaM2":44.8,"areaHa":0,"designation":null,"dedicated":null,"builtYear":null,"renovatedYear":null,"planningAreaId":null,"planningAreaName":null,"centroid":[9.155542,48.769414],"bounds":[9.15548,48.76935,9.15559,48.76945],"amenities":{"playground":{"status":"observed-nearby","count":1,"nearestMeters":48,"coverage":"community-mapped-observations"},"toilet":{"status":"not-observed","count":0,"nearestMeters":null,"coverage":"community-mapped-observations"},"drinkingFountain":{"status":"not-observed","count":0,"nearestMeters":null,"coverage":"community-mapped-observations"},"dogRun":{"status":"not-observed","count":0,"nearestMeters":null,"coverage":"community-mapped-observations"}},"sourceId":"parks"}},{"type":"Feature","id":"stuttgart:osm:way:119037137","geometry":{"type":"Polygon","coordinates":[[[9.14836058,48.80592003],[9.14884902,48.80543061],[9.14883721,48.80506875],[9.14927253,48.80523973],[9.14870883,48.8060123],[9.14836058,48.80592003]]]},"properties":{"id":"stuttgart:osm:way:119037137","name":"Unbenannter Park 119037137","nameAddon":null,"objectNumber":"stuttgart:osm:way:119037137","district":"Feuerbach","locality":null,"type":"Park","areaM2":2411.2,"areaHa":0.24,"designation":null,"dedicated":null,"builtYear":null,"renovatedYear":null,"planningAreaId":null,"planningAreaName":null,"centroid":[9.148844,48.805561],"bounds":[9.14836,48.80507,9.14927,48.80601],"amenities":{"playground":{"status":"not-observed","count":0,"nearestMeters":null,"coverage":"community-mapped-observations"},"toilet":{"status":"not-observed","count":0,"nearestMeters":null,"coverage":"community-mapped-observations"},"drinkingFountain":{"status":"not-observed","count":0,"nearestMeters":null,"coverage":"community-mapped-observations"},"dogRun":{"status":"not-observed","count":0,"nearestMeters":null,"coverage":"community-mapped-observations"}},"sourceId":"parks"}},{"type":"Feature","id":"stuttgart:osm:way:1196490576","geometry":{"type":"Polygon","coordinates":[[[9.22844933,48.83552379],[9.22884038,48.83519631],[9.22902631,48.83530668],[9.22869134,48.83562964],[9.22844933,48.83552379]]]},"properties":{"id":"stuttgart:osm:way:1196490576","name":"Grünanlage Weißenseeweg / Ruitlenstraße","nameAddon":null,"objectNumber":"stuttgart:osm:way:1196490576","district":"Mühlhausen","locality":null,"type":"Park","areaM2":889.1,"areaHa":0.09,"designation":null,"dedicated":null,"builtYear":null,"renovatedYear":null,"planningAreaId":null,"planningAreaName":null,"centroid":[9.228746,48.835418],"bounds":[9.22845,48.8352,9.22903,48.83563],"amenities":{"playground":{"status":"not-observed","count":0,"nearestMeters":null,"coverage":"community-mapped-observations"},"toilet":{"status":"not-observed","count":0,"nearestMeters":null,"coverage":"community-mapped-observations"},"drinkingFountain":{"status":"not-observed","count":0,"nearestMeters":null,"coverage":"community-mapped-observations"},"dogRun":{"status":"not-observed","count":0,"nearestMeters":null,"coverage":"community-mapped-observations"}},"sourceId":"parks"}},{"type":"Feature","id":"stuttgart:osm:way:120864823","geometry":{"type":"Polygon","coordinates":[[[9.2062646,48.80009318],[9.20681501,48.79972227],[9.20720163,48.79997196],[9.20665269,48.80034196],[9.2062646,48.80009318]]]},"properties":{"id":"stuttgart:osm:way:120864823","name":"Rosengarten","nameAddon":null,"objectNumber":"stuttgart:osm:way:120864823","district":"Bad Cannstatt","locality":null,"type":"Park","areaM2":2291.9,"areaHa":0.23,"designation":null,"dedicated":null,"builtYear":null,"renovatedYear":null,"planningAreaId":null,"planningAreaName":null,"centroid":[9.206733,48.800032],"bounds":[9.20626,48.79972,9.2072,48.80034],"amenities":{"playground":{"status":"not-observed","count":0,"nearestMeters":null,"coverage":"community-mapped-observations"},"toilet":{"status":"not-observed","count":0,"nearestMeters":null,"coverage":"community-mapped-observations"},"drinkingFountain":{"status":"not-observed","count":0,"nearestMeters":null,"coverage":"community-mapped-observations"},"dogRun":{"status":"not-observed","count":0,"nearestMeters":null,"coverage":"community-mapped-observations"}},"sourceId":"parks"}},{"type":"Feature","id":"stuttgart:osm:way:1221562083","geometry":{"type":"Polygon","coordinates":[[[9.24239853,48.77233309],[9.24271875,48.77246336],[9.242673,48.77253845],[9.24260807,48.77250498],[9.24239853,48.77233309]]]},"properties":{"id":"stuttgart:osm:way:1221562083","name":"Unbenannter Park 1221562083","nameAddon":null,"objectNumber":"stuttgart:osm:way:1221562083","district":"Wangen","locality":null,"type":"Park","areaM2":141,"areaHa":0.01,"designation":null,"dedicated":null,"builtYear":null,"renovatedYear":null,"planningAreaId":null,"planningAreaName":null,"centroid":[9.242592,48.772447],"bounds":[9.2424,48.77233,9.24272,48.77254],"amenities":{"playground":{"status":"not-observed","count":0,"nearestMeters":null,"coverage":"community-mapped-observations"},"toilet":{"status":"observed-nearby","count":2,"nearestMeters":54,"coverage":"community-mapped-observations"},"drinkingFountain":{"status":"not-observed","count":0,"nearestMeters":null,"coverage":"community-mapped-observations"},"dogRun":{"status":"not-observed","count":0,"nearestMeters":null,"coverage":"community-mapped-observations"}},"sourceId":"parks"}},{"type":"Feature","id":"stuttgart:osm:way:122660413","geometry":{"type":"Polygon","coordinates":[[[9.22654133,48.84281165],[9.22672874,48.8426072],[9.22701944,48.84270219],[9.22722308,48.84249141],[9.22781333,48.84268591],[9.22822504,48.84238828],[9.22897909,48.84264972],[9.228833,48.84281437],[9.22919453,48.84293287],[9.2294144,48.84261534],[9.22971395,48.84255925],[9.22997662,48.84400308],[9.22974347,48.84439841],[9.2295236,48.84459381],[9.22926979,48.84474308],[9.22864412,48.84494572],[9.22784875,48.84504252],[9.22741196,48.84454225],[9.22671841,48.84390085],[9.22699288,48.84367831],[9.22712126,48.84344943],[9.22715815,48.84326217],[9.22705633,48.84299439],[9.22694566,48.84292473],[9.22654133,48.84281165]]]},"properties":{"id":"stuttgart:osm:way:122660413","name":"Unbenannter Park 122660413","nameAddon":null,"objectNumber":"stuttgart:osm:way:122660413","district":"Mühlhausen","locality":null,"type":"Park","areaM2":50638.5,"areaHa":5.06,"designation":null,"dedicated":null,"builtYear":null,"renovatedYear":null,"planningAreaId":null,"planningAreaName":null,"centroid":[9.228392,48.843687],"bounds":[9.22654,48.84239,9.22998,48.84504],"amenities":{"playground":{"status":"observed-nearby","count":1,"nearestMeters":62,"coverage":"community-mapped-observations"},"toilet":{"status":"not-observed","count":0,"nearestMeters":null,"coverage":"community-mapped-observations"},"drinkingFountain":{"status":"not-observed","count":0,"nearestMeters":null,"coverage":"community-mapped-observations"},"dogRun":{"status":"not-observed","count":0,"nearestMeters":null,"coverage":"community-mapped-observations"}},"sourceId":"parks"}},{"type":"Feature","id":"stuttgart:osm:way:1230600874","geometry":{"type":"Polygon","coordinates":[[[9.1918063,48.79491949],[9.19243935,48.79455491],[9.19277432,48.79486792],[9.19206159,48.79516012],[9.19193616,48.79504161],[9.1918063,48.79491949]]]},"properties":{"id":"stuttgart:osm:way:1230600874","name":"Wohnanlagen Park","nameAddon":null,"objectNumber":"stuttgart:osm:way:1230600874","district":"Stuttgart-Nord","locality":null,"type":"Park","areaM2":2311.4,"areaHa":0.23,"designation":null,"dedicated":null,"builtYear":null,"renovatedYear":null,"planningAreaId":null,"planningAreaName":null,"centroid":[9.192285,48.794868],"bounds":[9.19181,48.79455,9.19277,48.79516],"amenities":{"playground":{"status":"observed-nearby","count":1,"nearestMeters":19,"coverage":"community-mapped-observations"},"toilet":{"status":"not-observed","count":0,"nearestMeters":null,"coverage":"community-mapped-observations"},"drinkingFountain":{"status":"not-observed","count":0,"nearestMeters":null,"coverage":"community-mapped-observations"},"dogRun":{"status":"not-observed","count":0,"nearestMeters":null,"coverage":"community-mapped-observations"}},"sourceId":"parks"}},{"type":"Feature","id":"stuttgart:osm:way:125357520","geometry":{"type":"Polygon","coordinates":[[[9.16931168,48.76349466],[9.16942826,48.76324769],[9.16942678,48.76297992],[9.16948729,48.76295911],[9.17028708,48.76303781],[9.17025904,48.76318708],[9.17014985,48.76326217],[9.17035053,48.76342862],[9.17013804,48.76352723],[9.17021773,48.76361046],[9.16998458,48.76365388],[9.16995949,48.76356884],[9.16954779,48.7635399],[9.16955369,48.76351547],[9.16931168,48.76349466]]]},"properties":{"id":"stuttgart:osm:way:125357520","name":"Unbenannter Park 125357520","nameAddon":null,"objectNumber":"stuttgart:osm:way:125357520","district":"Stuttgart-Süd","locality":null,"type":"Park","areaM2":3954.4,"areaHa":0.4,"designation":null,"dedicated":null,"builtYear":null,"renovatedYear":null,"planningAreaId":null,"planningAreaName":null,"centroid":[9.169829,48.763285],"bounds":[9.16931,48.76296,9.17035,48.76365],"amenities":{"playground":{"status":"observed-nearby","count":2,"nearestMeters":0,"coverage":"community-mapped-observations"},"toilet":{"status":"not-observed","count":0,"nearestMeters":null,"coverage":"community-mapped-observations"},"drinkingFountain":{"status":"not-observed","count":0,"nearestMeters":null,"coverage":"community-mapped-observations"},"dogRun":{"status":"not-observed","count":0,"nearestMeters":null,"coverage":"community-mapped-observations"}},"sourceId":"parks"}},{"type":"Feature","id":"stuttgart:osm:way:1264552133","geometry":{"type":"Polygon","coordinates":[[[9.20826114,48.77750045],[9.20835558,48.77739551],[9.20883811,48.77829926],[9.2087481,48.77833002],[9.20833344,48.77791931],[9.20833197,48.77764791],[9.20826114,48.77750045]]]},"properties":{"id":"stuttgart:osm:way:1264552133","name":"Unbenannter Park 1264552133","nameAddon":null,"objectNumber":"stuttgart:osm:way:1264552133","district":"Stuttgart-Ost","locality":null,"type":"Park","areaM2":1397,"areaHa":0.14,"designation":null,"dedicated":null,"builtYear":null,"renovatedYear":null,"planningAreaId":null,"planningAreaName":null,"centroid":[9.208513,48.77789],"bounds":[9.20826,48.7774,9.20884,48.77833],"amenities":{"playground":{"status":"observed-nearby","count":1,"nearestMeters":22,"coverage":"community-mapped-observations"},"toilet":{"status":"not-observed","count":0,"nearestMeters":null,"coverage":"community-mapped-observations"},"drinkingFountain":{"status":"not-observed","count":0,"nearestMeters":null,"coverage":"community-mapped-observations"},"dogRun":{"status":"not-observed","count":0,"nearestMeters":null,"coverage":"community-mapped-observations"}},"sourceId":"parks"}},{"type":"Feature","id":"stuttgart:osm:way:1312878499","geometry":{"type":"Polygon","coordinates":[[[9.12529342,48.74317894],[9.12542328,48.74304777],[9.12596336,48.74285146],[9.12639129,48.74331826],[9.12570069,48.74358513],[9.12529342,48.74317894]]]},"properties":{"id":"stuttgart:osm:way:1312878499","name":"Unbenannter Park 1312878499","nameAddon":null,"objectNumber":"stuttgart:osm:way:1312878499","district":"Stuttgart-Süd","locality":null,"type":"Park","areaM2":3634.4,"areaHa":0.36,"designation":null,"dedicated":null,"builtYear":null,"renovatedYear":null,"planningAreaId":null,"planningAreaName":null,"centroid":[9.125828,48.743219],"bounds":[9.12529,48.74285,9.12639,48.74359],"amenities":{"playground":{"status":"observed-nearby","count":1,"nearestMeters":0,"coverage":"community-mapped-observations"},"toilet":{"status":"not-observed","count":0,"nearestMeters":null,"coverage":"community-mapped-observations"},"drinkingFountain":{"status":"not-observed","count":0,"nearestMeters":null,"coverage":"community-mapped-observations"},"dogRun":{"status":"not-observed","count":0,"nearestMeters":null,"coverage":"community-mapped-observations"}},"sourceId":"parks"}},{"type":"Feature","id":"stuttgart:osm:way:1316170869","geometry":{"type":"Polygon","coordinates":[[[9.16151884,48.72082685],[9.16197482,48.72062059],[9.16212976,48.72143297],[9.16196891,48.72148272],[9.16171215,48.7210901],[9.16161624,48.7210901],[9.16154098,48.72084947],[9.16151884,48.72082685]]]},"properties":{"id":"stuttgart:osm:way:1316170869","name":"Unbenannter Park 1316170869","nameAddon":null,"objectNumber":"stuttgart:osm:way:1316170869","district":"Möhringen","locality":null,"type":"Park","areaM2":2236.2,"areaHa":0.22,"designation":null,"dedicated":null,"builtYear":null,"renovatedYear":null,"planningAreaId":null,"planningAreaName":null,"centroid":[9.161866,48.721027],"bounds":[9.16152,48.72062,9.16213,48.72148],"amenities":{"playground":{"status":"not-observed","count":0,"nearestMeters":null,"coverage":"community-mapped-observations"},"toilet":{"status":"not-observed","count":0,"nearestMeters":null,"coverage":"community-mapped-observations"},"drinkingFountain":{"status":"not-observed","count":0,"nearestMeters":null,"coverage":"community-mapped-observations"},"dogRun":{"status":"not-observed","count":0,"nearestMeters":null,"coverage":"community-mapped-observations"}},"sourceId":"parks"}},{"type":"Feature","id":"stuttgart:osm:way:1319008141","geometry":{"type":"Polygon","coordinates":[[[9.20678402,48.82783155],[9.20680025,48.82774923],[9.20714851,48.82746698],[9.20732411,48.82759273],[9.20702012,48.82787588],[9.20693306,48.82790483],[9.20678402,48.82783155]]]},"properties":{"id":"stuttgart:osm:way:1319008141","name":"Landschaftspark Region Stuttgart - Neckarterrassen","nameAddon":null,"objectNumber":"stuttgart:osm:way:1319008141","district":"Münster","locality":null,"type":"Park","areaM2":939.9,"areaHa":0.09,"designation":null,"dedicated":null,"builtYear":null,"renovatedYear":null,"planningAreaId":null,"planningAreaName":null,"centroid":[9.207043,48.827696],"bounds":[9.20678,48.82747,9.20732,48.8279],"amenities":{"playground":{"status":"not-observed","count":0,"nearestMeters":null,"coverage":"community-mapped-observations"},"toilet":{"status":"not-observed","count":0,"nearestMeters":null,"coverage":"community-mapped-observations"},"drinkingFountain":{"status":"not-observed","count":0,"nearestMeters":null,"coverage":"community-mapped-observations"},"dogRun":{"status":"not-observed","count":0,"nearestMeters":null,"coverage":"community-mapped-observations"}},"sourceId":"parks"}},{"type":"Feature","id":"stuttgart:osm:way:1323017676","geometry":{"type":"Polygon","coordinates":[[[9.21160641,48.84376877],[9.21181004,48.84321332],[9.21225716,48.84328297],[9.21219076,48.84334178],[9.21206238,48.8433454],[9.21205205,48.8435028],[9.2119886,48.84350733],[9.21196499,48.84367831],[9.21190448,48.84368193],[9.21188973,48.84386195],[9.21220404,48.84392075],[9.21222617,48.84397141],[9.21199007,48.84395694],[9.21167724,48.84384114],[9.21160641,48.84376877]]]},"properties":{"id":"stuttgart:osm:way:1323017676","name":"Unbenannter Park 1323017676","nameAddon":null,"objectNumber":"stuttgart:osm:way:1323017676","district":"Mühlhausen","locality":null,"type":"Park","areaM2":1899,"areaHa":0.19,"designation":null,"dedicated":null,"builtYear":null,"renovatedYear":null,"planningAreaId":null,"planningAreaName":null,"centroid":[9.21188,48.843568],"bounds":[9.21161,48.84321,9.21226,48.84397],"amenities":{"playground":{"status":"observed-nearby","count":1,"nearestMeters":41,"coverage":"community-mapped-observations"},"toilet":{"status":"not-observed","count":0,"nearestMeters":null,"coverage":"community-mapped-observations"},"drinkingFountain":{"status":"not-observed","count":0,"nearestMeters":null,"coverage":"community-mapped-observations"},"dogRun":{"status":"not-observed","count":0,"nearestMeters":null,"coverage":"community-mapped-observations"}},"sourceId":"parks"}},{"type":"Feature","id":"stuttgart:osm:way:1327872078","geometry":{"type":"Polygon","coordinates":[[[9.17592402,48.77403926],[9.17596386,48.77402117],[9.17599042,48.7740474],[9.17595205,48.77406459],[9.17592402,48.77403926]]]},"properties":{"id":"stuttgart:osm:way:1327872078","name":"Unbenannter Park 1327872078","nameAddon":null,"objectNumber":"stuttgart:osm:way:1327872078","district":"Stuttgart-Mitte","locality":null,"type":"Park","areaM2":12.1,"areaHa":0,"designation":null,"dedicated":null,"builtYear":null,"renovatedYear":null,"planningAreaId":null,"planningAreaName":null,"centroid":[9.175958,48.774043],"bounds":[9.17592,48.77402,9.17599,48.77406],"amenities":{"playground":{"status":"not-observed","count":0,"nearestMeters":null,"coverage":"community-mapped-observations"},"toilet":{"status":"not-observed","count":0,"nearestMeters":null,"coverage":"community-mapped-observations"},"drinkingFountain":{"status":"not-observed","count":0,"nearestMeters":null,"coverage":"community-mapped-observations"},"dogRun":{"status":"not-observed","count":0,"nearestMeters":null,"coverage":"community-mapped-observations"}},"sourceId":"parks"}},{"type":"Feature","id":"stuttgart:osm:way:1341318288","geometry":{"type":"Polygon","coordinates":[[[9.22068453,48.73862674],[9.22069928,48.73798715],[9.22129692,48.73822779],[9.22077454,48.73866836],[9.22068453,48.73862674]]]},"properties":{"id":"stuttgart:osm:way:1341318288","name":"Unbenannter Park 1341318288","nameAddon":null,"objectNumber":"stuttgart:osm:way:1341318288","district":"Sillenbuch","locality":null,"type":"Park","areaM2":1827.9,"areaHa":0.18,"designation":null,"dedicated":null,"builtYear":null,"renovatedYear":null,"planningAreaId":null,"planningAreaName":null,"centroid":[9.220897,48.738312],"bounds":[9.22068,48.73799,9.2213,48.73867],"amenities":{"playground":{"status":"not-observed","count":0,"nearestMeters":null,"coverage":"community-mapped-observations"},"toilet":{"status":"not-observed","count":0,"nearestMeters":null,"coverage":"community-mapped-observations"},"drinkingFountain":{"status":"not-observed","count":0,"nearestMeters":null,"coverage":"community-mapped-observations"},"dogRun":{"status":"not-observed","count":0,"nearestMeters":null,"coverage":"community-mapped-observations"}},"sourceId":"parks"}},{"type":"Feature","id":"stuttgart:osm:way:136305939","geometry":{"type":"Polygon","coordinates":[[[9.22124084,48.80480731],[9.22137513,48.8044934],[9.22147547,48.80451239],[9.22152417,48.80439569],[9.22140316,48.80437398],[9.2214371,48.80429437],[9.22265303,48.80452144],[9.22243463,48.80502985],[9.22124084,48.80480731]]]},"properties":{"id":"stuttgart:osm:way:136305939","name":"Veielscher Garten","nameAddon":null,"objectNumber":"stuttgart:osm:way:136305939","district":"Bad Cannstatt","locality":null,"type":"Park","areaM2":5264.2,"areaHa":0.53,"designation":null,"dedicated":null,"builtYear":null,"renovatedYear":null,"planningAreaId":null,"planningAreaName":null,"centroid":[9.221955,48.804668],"bounds":[9.22124,48.80429,9.22265,48.80503],"amenities":{"playground":{"status":"observed-nearby","count":1,"nearestMeters":0,"coverage":"community-mapped-observations"},"toilet":{"status":"not-observed","count":0,"nearestMeters":null,"coverage":"community-mapped-observations"},"drinkingFountain":{"status":"not-observed","count":0,"nearestMeters":null,"coverage":"community-mapped-observations"},"dogRun":{"status":"not-observed","count":0,"nearestMeters":null,"coverage":"community-mapped-observations"}},"sourceId":"parks"}},{"type":"Feature","id":"stuttgart:osm:way:136648820","geometry":{"type":"Polygon","coordinates":[[[9.21870275,48.75057083],[9.21874997,48.75052651],[9.21898607,48.75049303],[9.21903181,48.75067487],[9.21921774,48.75065225],[9.21925316,48.75078705],[9.21944499,48.75076986],[9.21960289,48.75088022],[9.21998212,48.7506423],[9.22010903,48.75066582],[9.22008247,48.750778],[9.22030676,48.7508169],[9.22027873,48.75089922],[9.22049122,48.75106477],[9.22030529,48.75128732],[9.21961912,48.75102949],[9.21897279,48.75141216],[9.21880309,48.75121856],[9.21898164,48.7507789],[9.21895508,48.75070744],[9.21877358,48.75059074],[9.21870275,48.75057083]]]},"properties":{"id":"stuttgart:osm:way:136648820","name":"Unbenannter Park 136648820","nameAddon":null,"objectNumber":"stuttgart:osm:way:136648820","district":"Sillenbuch","locality":null,"type":"Park","areaM2":5782.7,"areaHa":0.58,"designation":null,"dedicated":null,"builtYear":null,"renovatedYear":null,"planningAreaId":null,"planningAreaName":null,"centroid":[9.219544,48.750972],"bounds":[9.2187,48.75049,9.22049,48.75141],"amenities":{"playground":{"status":"observed-nearby","count":2,"nearestMeters":0,"coverage":"community-mapped-observations"},"toilet":{"status":"not-observed","count":0,"nearestMeters":null,"coverage":"community-mapped-observations"},"drinkingFountain":{"status":"not-observed","count":0,"nearestMeters":null,"coverage":"community-mapped-observations"},"dogRun":{"status":"not-observed","count":0,"nearestMeters":null,"coverage":"community-mapped-observations"}},"sourceId":"parks"}},{"type":"Feature","id":"stuttgart:osm:way:136648821","geometry":{"type":"Polygon","coordinates":[[[9.21588871,48.74800434],[9.21607316,48.74791478],[9.21632697,48.74819794],[9.21588871,48.74800434]]]},"properties":{"id":"stuttgart:osm:way:136648821","name":"Unbenannter Park 136648821","nameAddon":null,"objectNumber":"stuttgart:osm:way:136648821","district":"Sillenbuch","locality":null,"type":"Park","areaM2":306,"areaHa":0.03,"designation":null,"dedicated":null,"builtYear":null,"renovatedYear":null,"planningAreaId":null,"planningAreaName":null,"centroid":[9.216096,48.748039],"bounds":[9.21589,48.74791,9.21633,48.7482],"amenities":{"playground":{"status":"not-observed","count":0,"nearestMeters":null,"coverage":"community-mapped-observations"},"toilet":{"status":"not-observed","count":0,"nearestMeters":null,"coverage":"community-mapped-observations"},"drinkingFountain":{"status":"not-observed","count":0,"nearestMeters":null,"coverage":"community-mapped-observations"},"dogRun":{"status":"not-observed","count":0,"nearestMeters":null,"coverage":"community-mapped-observations"}},"sourceId":"parks"}},{"type":"Feature","id":"stuttgart:osm:way:136648824","geometry":{"type":"Polygon","coordinates":[[[9.2109527,48.7497666],[9.21102648,48.74921386],[9.2111401,48.7492211],[9.21106632,48.74977384],[9.2109527,48.7497666]]]},"properties":{"id":"stuttgart:osm:way:136648824","name":"Unbenannter Park 136648824","nameAddon":null,"objectNumber":"stuttgart:osm:way:136648824","district":"Sillenbuch","locality":null,"type":"Park","areaM2":513.9,"areaHa":0.05,"designation":null,"dedicated":null,"builtYear":null,"renovatedYear":null,"planningAreaId":null,"planningAreaName":null,"centroid":[9.211046,48.749494],"bounds":[9.21095,48.74921,9.21114,48.74977],"amenities":{"playground":{"status":"not-observed","count":0,"nearestMeters":null,"coverage":"community-mapped-observations"},"toilet":{"status":"not-observed","count":0,"nearestMeters":null,"coverage":"community-mapped-observations"},"drinkingFountain":{"status":"not-observed","count":0,"nearestMeters":null,"coverage":"community-mapped-observations"},"dogRun":{"status":"not-observed","count":0,"nearestMeters":null,"coverage":"community-mapped-observations"}},"sourceId":"parks"}},{"type":"Feature","id":"stuttgart:osm:way:136648825","geometry":{"type":"Polygon","coordinates":[[[9.21093204,48.75012484],[9.21097336,48.74983264],[9.21106485,48.74983897],[9.21102353,48.75013027],[9.21093204,48.75012484]]]},"properties":{"id":"stuttgart:osm:way:136648825","name":"Unbenannter Park 136648825","nameAddon":null,"objectNumber":"stuttgart:osm:way:136648825","district":"Sillenbuch","locality":null,"type":"Park","areaM2":218.6,"areaHa":0.02,"designation":null,"dedicated":null,"builtYear":null,"renovatedYear":null,"planningAreaId":null,"planningAreaName":null,"centroid":[9.210998,48.749982],"bounds":[9.21093,48.74983,9.21106,48.75013],"amenities":{"playground":{"status":"not-observed","count":0,"nearestMeters":null,"coverage":"community-mapped-observations"},"toilet":{"status":"not-observed","count":0,"nearestMeters":null,"coverage":"community-mapped-observations"},"drinkingFountain":{"status":"not-observed","count":0,"nearestMeters":null,"coverage":"community-mapped-observations"},"dogRun":{"status":"not-observed","count":0,"nearestMeters":null,"coverage":"community-mapped-observations"}},"sourceId":"parks"}},{"type":"Feature","id":"stuttgart:osm:way:136648826","geometry":{"type":"Polygon","coordinates":[[[9.21464327,48.75054641],[9.21520253,48.75059435],[9.2151863,48.75067125],[9.21472148,48.75074815],[9.21464327,48.75054641]]]},"properties":{"id":"stuttgart:osm:way:136648826","name":"Unbenannter Park 136648826","nameAddon":null,"objectNumber":"stuttgart:osm:way:136648826","district":"Sillenbuch","locality":null,"type":"Park","areaM2":586.8,"areaHa":0.06,"designation":null,"dedicated":null,"builtYear":null,"renovatedYear":null,"planningAreaId":null,"planningAreaName":null,"centroid":[9.214899,48.75064],"bounds":[9.21464,48.75055,9.2152,48.75075],"amenities":{"playground":{"status":"observed-nearby","count":1,"nearestMeters":42,"coverage":"community-mapped-observations"},"toilet":{"status":"not-observed","count":0,"nearestMeters":null,"coverage":"community-mapped-observations"},"drinkingFountain":{"status":"not-observed","count":0,"nearestMeters":null,"coverage":"community-mapped-observations"},"dogRun":{"status":"not-observed","count":0,"nearestMeters":null,"coverage":"community-mapped-observations"}},"sourceId":"parks"}},{"type":"Feature","id":"stuttgart:osm:way:136648827","geometry":{"type":"Polygon","coordinates":[[[9.21648191,48.74824136],[9.21662652,48.74820337],[9.21686853,48.74844129],[9.21667817,48.7485218],[9.21648191,48.74824136]]]},"properties":{"id":"stuttgart:osm:way:136648827","name":"Unbenannter Park 136648827","nameAddon":null,"objectNumber":"stuttgart:osm:way:136648827","district":"Sillenbuch","locality":null,"type":"Park","areaM2":460.9,"areaHa":0.05,"designation":null,"dedicated":null,"builtYear":null,"renovatedYear":null,"planningAreaId":null,"planningAreaName":null,"centroid":[9.21667,48.74836],"bounds":[9.21648,48.7482,9.21687,48.74852],"amenities":{"playground":{"status":"not-observed","count":0,"nearestMeters":null,"coverage":"community-mapped-observations"},"toilet":{"status":"not-observed","count":0,"nearestMeters":null,"coverage":"community-mapped-observations"},"drinkingFountain":{"status":"not-observed","count":0,"nearestMeters":null,"coverage":"community-mapped-observations"},"dogRun":{"status":"not-observed","count":0,"nearestMeters":null,"coverage":"community-mapped-observations"}},"sourceId":"parks"}},{"type":"Feature","id":"stuttgart:osm:way:136648828","geometry":{"type":"Polygon","coordinates":[[[9.22071699,48.75136693],[9.22091768,48.75118781],[9.22102245,48.75120499],[9.22119953,48.75134521],[9.22071699,48.75136693]]]},"properties":{"id":"stuttgart:osm:way:136648828","name":"Unbenannter Park 136648828","nameAddon":null,"objectNumber":"stuttgart:osm:way:136648828","district":"Sillenbuch","locality":null,"type":"Park","areaM2":424.9,"areaHa":0.04,"designation":null,"dedicated":null,"builtYear":null,"renovatedYear":null,"planningAreaId":null,"planningAreaName":null,"centroid":[9.220957,48.751293],"bounds":[9.22072,48.75119,9.2212,48.75137],"amenities":{"playground":{"status":"not-observed","count":0,"nearestMeters":null,"coverage":"community-mapped-observations"},"toilet":{"status":"not-observed","count":0,"nearestMeters":null,"coverage":"community-mapped-observations"},"drinkingFountain":{"status":"not-observed","count":0,"nearestMeters":null,"coverage":"community-mapped-observations"},"dogRun":{"status":"not-observed","count":0,"nearestMeters":null,"coverage":"community-mapped-observations"}},"sourceId":"parks"}},{"type":"Feature","id":"stuttgart:osm:way:1376406607","geometry":{"type":"Polygon","coordinates":[[[9.08102872,48.78707346],[9.08105528,48.78705356],[9.08160865,48.78718654],[9.08190377,48.78713588],[9.08173703,48.78691153],[9.08181671,48.78677492],[9.08197165,48.78668174],[9.08227268,48.78665008],[9.08249403,48.7865569],[9.08198789,48.78606296],[9.0820115,48.78598969],[9.0838649,48.78515289],[9.08404788,48.78512665],[9.08423823,48.78526235],[9.08565189,48.78466437],[9.08614771,48.78515922],[9.08629085,48.78511127],[9.08655056,48.78515831],[9.08696521,48.78555093],[9.08997699,48.78422019],[9.09015111,48.78442555],[9.0861182,48.78620409],[9.08616837,48.78668989],[9.08604589,48.78706079],[9.08605032,48.78724353],[9.08557221,48.78761806],[9.08494654,48.78789488],[9.08463075,48.78798173],[9.08432972,48.78798173],[9.08312265,48.78784151],[9.08261503,48.78770762],[9.08180343,48.78783517],[9.08102872,48.78707346]]]},"properties":{"id":"stuttgart:osm:way:1376406607","name":"Parkanlage Schloss Solitude","nameAddon":null,"objectNumber":"stuttgart:osm:way:1376406607","district":"Stuttgart-West","locality":null,"type":"Park","areaM2":100448.9,"areaHa":10.04,"designation":null,"dedicated":null,"builtYear":null,"renovatedYear":null,"planningAreaId":null,"planningAreaName":null,"centroid":[9.084547,48.786379],"bounds":[9.08103,48.78422,9.09015,48.78798],"amenities":{"playground":{"status":"not-observed","count":0,"nearestMeters":null,"coverage":"community-mapped-observations"},"toilet":{"status":"observed-nearby","count":1,"nearestMeters":0,"coverage":"community-mapped-observations"},"drinkingFountain":{"status":"not-observed","count":0,"nearestMeters":null,"coverage":"community-mapped-observations"},"dogRun":{"status":"not-observed","count":0,"nearestMeters":null,"coverage":"community-mapped-observations"}},"sourceId":"parks"}},{"type":"Feature","id":"stuttgart:osm:way:143953327","geometry":{"type":"Polygon","coordinates":[[[9.20977957,48.82385381],[9.20980465,48.82364845],[9.20986073,48.82353266],[9.21006436,48.8233463],[9.21040819,48.82319884],[9.21137473,48.82292021],[9.21156361,48.82276551],[9.21164035,48.82253121],[9.2117038,48.82249231],[9.21227782,48.82249141],[9.21222322,48.82298896],[9.21208451,48.82307762],[9.21201516,48.8232676],[9.2116492,48.8233653],[9.21117109,48.82360503],[9.21021636,48.82387462],[9.20984302,48.82402298],[9.20977957,48.82385381]]]},"properties":{"id":"stuttgart:osm:way:143953327","name":"Grünanlage Lechweg","nameAddon":null,"objectNumber":"stuttgart:osm:way:143953327","district":"Münster","locality":null,"type":"Park","areaM2":12748.5,"areaHa":1.27,"designation":null,"dedicated":null,"builtYear":null,"renovatedYear":null,"planningAreaId":null,"planningAreaName":null,"centroid":[9.211083,48.823254],"bounds":[9.20978,48.82249,9.21228,48.82402],"amenities":{"playground":{"status":"observed-nearby","count":2,"nearestMeters":0,"coverage":"community-mapped-observations"},"toilet":{"status":"not-observed","count":0,"nearestMeters":null,"coverage":"community-mapped-observations"},"drinkingFountain":{"status":"not-observed","count":0,"nearestMeters":null,"coverage":"community-mapped-observations"},"dogRun":{"status":"not-observed","count":0,"nearestMeters":null,"coverage":"community-mapped-observations"}},"sourceId":"parks"}},{"type":"Feature","id":"stuttgart:osm:way:144318571","geometry":{"type":"Polygon","coordinates":[[[9.21403383,48.81096074],[9.21493987,48.81033834],[9.21415188,48.80977655],[9.21429207,48.80968337],[9.21443373,48.80978741],[9.21448685,48.80976208],[9.21516859,48.81025783],[9.21572196,48.80994482],[9.2161012,48.81027954],[9.21598905,48.81036638],[9.21608497,48.81043514],[9.21567917,48.81069477],[9.2153619,48.81074724],[9.21475542,48.81128732],[9.21461523,48.81133888],[9.21460195,48.81129546],[9.21421828,48.81107834],[9.21403383,48.81096074]]]},"properties":{"id":"stuttgart:osm:way:144318571","name":"Unbenannter Park 144318571","nameAddon":null,"objectNumber":"stuttgart:osm:way:144318571","district":"Bad Cannstatt","locality":null,"type":"Park","areaM2":11087.7,"areaHa":1.11,"designation":null,"dedicated":null,"builtYear":null,"renovatedYear":null,"planningAreaId":null,"planningAreaName":null,"centroid":[9.215041,48.810549],"bounds":[9.21403,48.80968,9.2161,48.81134],"amenities":{"playground":{"status":"observed-nearby","count":2,"nearestMeters":0,"coverage":"community-mapped-observations"},"toilet":{"status":"not-observed","count":0,"nearestMeters":null,"coverage":"community-mapped-observations"},"drinkingFountain":{"status":"observed-nearby","count":2,"nearestMeters":33,"coverage":"community-mapped-observations"},"dogRun":{"status":"not-observed","count":0,"nearestMeters":null,"coverage":"community-mapped-observations"}},"sourceId":"parks"}},{"type":"Feature","id":"stuttgart:osm:way:145198017","geometry":{"type":"Polygon","coordinates":[[[9.22952507,48.80888095],[9.22966821,48.80879862],[9.2302747,48.80883029],[9.23091512,48.80893975],[9.23043111,48.80992944],[9.23025109,48.80985526],[9.23013894,48.80986159],[9.23006663,48.8096499],[9.2295841,48.80910259],[9.22952507,48.80888095]]]},"properties":{"id":"stuttgart:osm:way:145198017","name":"Unbenannter Park 145198017","nameAddon":null,"objectNumber":"stuttgart:osm:way:145198017","district":"Bad Cannstatt","locality":null,"type":"Park","areaM2":7761.1,"areaHa":0.78,"designation":null,"dedicated":null,"builtYear":null,"renovatedYear":null,"planningAreaId":null,"planningAreaName":null,"centroid":[9.230228,48.809244],"bounds":[9.22953,48.8088,9.23092,48.80993],"amenities":{"playground":{"status":"not-observed","count":0,"nearestMeters":null,"coverage":"community-mapped-observations"},"toilet":{"status":"not-observed","count":0,"nearestMeters":null,"coverage":"community-mapped-observations"},"drinkingFountain":{"status":"not-observed","count":0,"nearestMeters":null,"coverage":"community-mapped-observations"},"dogRun":{"status":"not-observed","count":0,"nearestMeters":null,"coverage":"community-mapped-observations"}},"sourceId":"parks"}},{"type":"Feature","id":"stuttgart:osm:way:145319301","geometry":{"type":"Polygon","coordinates":[[[9.25221595,48.7551746],[9.2528431,48.75489597],[9.25407083,48.75462095],[9.25401918,48.75493848],[9.25442941,48.75493034],[9.25445744,48.75518817],[9.25363994,48.75519993],[9.25361485,48.75566854],[9.25281506,48.7556233],[9.25262913,48.7555844],[9.25243877,48.75545142],[9.25226317,48.75523611],[9.25221595,48.7551746]]]},"properties":{"id":"stuttgart:osm:way:145319301","name":"Unbenannter Park 145319301","nameAddon":null,"objectNumber":"stuttgart:osm:way:145319301","district":"Hedelfingen","locality":null,"type":"Park","areaM2":10235.3,"areaHa":1.02,"designation":null,"dedicated":null,"builtYear":null,"renovatedYear":null,"planningAreaId":null,"planningAreaName":null,"centroid":[9.253296,48.755171],"bounds":[9.25222,48.75462,9.25446,48.75567],"amenities":{"playground":{"status":"observed-nearby","count":1,"nearestMeters":0,"coverage":"community-mapped-observations"},"toilet":{"status":"not-observed","count":0,"nearestMeters":null,"coverage":"community-mapped-observations"},"drinkingFountain":{"status":"not-observed","count":0,"nearestMeters":null,"coverage":"community-mapped-observations"},"dogRun":{"status":"not-observed","count":0,"nearestMeters":null,"coverage":"community-mapped-observations"}},"sourceId":"parks"}},{"type":"Feature","id":"stuttgart:osm:way:148025956","geometry":{"type":"Polygon","coordinates":[[[9.19218407,48.82763434],[9.19230064,48.82745703],[9.19409206,48.82658495],[9.19536997,48.82573367],[9.19615501,48.82640402],[9.19647965,48.8267514],[9.19657114,48.82699294],[9.19690463,48.82719739],[9.19715992,48.8274326],[9.19759375,48.82750588],[9.19778411,48.82746065],[9.19787707,48.82754568],[9.19838912,48.82731138],[9.19847176,48.82737923],[9.19857062,48.82734214],[9.19878164,48.82754026],[9.19942502,48.82724172],[9.19852193,48.8263615],[9.19877426,48.82626289],[9.19913137,48.82626199],[9.19940141,48.8262068],[9.19992526,48.82753392],[9.20006249,48.82765877],[9.19893806,48.82797901],[9.19895872,48.82850914],[9.19946929,48.82884838],[9.20022186,48.82892528],[9.20088442,48.82894518],[9.201637,48.828501],[9.20229366,48.82873168],[9.20282636,48.82884838],[9.20337235,48.82888728],[9.20358927,48.82964628],[9.20335169,48.82960829],[9.20330742,48.82965895],[9.2033812,48.82969423],[9.20342547,48.83019269],[9.20338415,48.83047042],[9.20319675,48.83084404],[9.20336054,48.83104668],[9.20351696,48.83109101],[9.20364239,48.83091731],[9.20371175,48.83059707],[9.2034963,48.82992039],[9.20362173,48.82977474],[9.20364387,48.82987878],[9.20375601,48.82986792],[9.20379881,48.82997829],[9.20380028,48.83081238],[9.20357451,48.83166908],[9.20290014,48.83277185],[9.20272454,48.8328994],[9.20192327,48.83259635],[9.20181408,48.83273566],[9.20001675,48.83206441],[9.19975704,48.83230595],[9.19948847,48.83219559],[9.19977917,48.83191876],[9.2000197,48.83152614],[9.20061881,48.83094717],[9.20053617,48.83074453],[9.2008195,48.83067668],[9.20070735,48.83042609],[9.20116037,48.83031934],[9.20106002,48.8300778],[9.20129908,48.83002352],[9.20118693,48.82975303],[9.20010381,48.83000724],[9.19960652,48.83008685],[9.19932615,48.83008866],[9.19872557,48.830019],[9.19831534,48.82986249],[9.19806743,48.82937579],[9.19771918,48.82889542],[9.19695775,48.82826398],[9.19615058,48.82773476],[9.19541128,48.82736295],[9.19523126,48.82761534],[9.19528586,48.8276461],[9.19526077,48.82767595],[9.19515157,48.82767234],[9.19504533,48.82782341],[9.19481808,48.82773657],[9.19482251,48.82720373],[9.19365528,48.82711055],[9.19218407,48.82763434]]]},"properties":{"id":"stuttgart:osm:way:148025956","name":"Tapachtal","nameAddon":null,"objectNumber":"stuttgart:osm:way:148025956","district":"Münster","locality":null,"type":"Park","areaM2":182166.3,"areaHa":18.22,"designation":null,"dedicated":null,"builtYear":null,"renovatedYear":null,"planningAreaId":null,"planningAreaName":null,"centroid":[9.199777,48.829364],"bounds":[9.19218,48.82573,9.2038,48.8329],"amenities":{"playground":{"status":"observed-nearby","count":1,"nearestMeters":0,"coverage":"community-mapped-observations"},"toilet":{"status":"not-observed","count":0,"nearestMeters":null,"coverage":"community-mapped-observations"},"drinkingFountain":{"status":"observed-nearby","count":1,"nearestMeters":0,"coverage":"community-mapped-observations"},"dogRun":{"status":"observed-nearby","count":1,"nearestMeters":0,"coverage":"community-mapped-observations"}},"sourceId":"parks"}},{"type":"Feature","id":"stuttgart:osm:way:148025957","geometry":{"type":"Polygon","coordinates":[[[9.19897642,48.83268319],[9.19933353,48.83228062],[9.19969506,48.83242898],[9.19935861,48.83282703],[9.19897642,48.83268319]]]},"properties":{"id":"stuttgart:osm:way:148025957","name":"Unbenannter Park 148025957","nameAddon":null,"objectNumber":"stuttgart:osm:way:148025957","district":"Zuffenhausen","locality":null,"type":"Park","areaM2":1626.6,"areaHa":0.16,"designation":null,"dedicated":null,"builtYear":null,"renovatedYear":null,"planningAreaId":null,"planningAreaName":null,"centroid":[9.199339,48.832556],"bounds":[9.19898,48.83228,9.1997,48.83283],"amenities":{"playground":{"status":"observed-nearby","count":1,"nearestMeters":47,"coverage":"community-mapped-observations"},"toilet":{"status":"not-observed","count":0,"nearestMeters":null,"coverage":"community-mapped-observations"},"drinkingFountain":{"status":"not-observed","count":0,"nearestMeters":null,"coverage":"community-mapped-observations"},"dogRun":{"status":"not-observed","count":0,"nearestMeters":null,"coverage":"community-mapped-observations"}},"sourceId":"parks"}},{"type":"Feature","id":"stuttgart:osm:way:148025959","geometry":{"type":"Polygon","coordinates":[[[9.19812941,48.83371811],[9.1984024,48.83343134],[9.19889526,48.83276823],[9.19936304,48.8329374],[9.19842454,48.83384205],[9.19812941,48.83371811]]]},"properties":{"id":"stuttgart:osm:way:148025959","name":"Unbenannter Park 148025959","nameAddon":null,"objectNumber":"stuttgart:osm:way:148025959","district":"Zuffenhausen","locality":null,"type":"Park","areaM2":3714.9,"areaHa":0.37,"designation":null,"dedicated":null,"builtYear":null,"renovatedYear":null,"planningAreaId":null,"planningAreaName":null,"centroid":[9.198744,48.833284],"bounds":[9.19813,48.83277,9.19936,48.83384],"amenities":{"playground":{"status":"observed-nearby","count":2,"nearestMeters":0,"coverage":"community-mapped-observations"},"toilet":{"status":"not-observed","count":0,"nearestMeters":null,"coverage":"community-mapped-observations"},"drinkingFountain":{"status":"not-observed","count":0,"nearestMeters":null,"coverage":"community-mapped-observations"},"dogRun":{"status":"not-observed","count":0,"nearestMeters":null,"coverage":"community-mapped-observations"}},"sourceId":"parks"}},{"type":"Feature","id":"stuttgart:osm:way:148025960","geometry":{"type":"Polygon","coordinates":[[[9.19794791,48.83020807],[9.19840388,48.83014927],[9.19831534,48.82986249],[9.19872557,48.830019],[9.19865031,48.83030396],[9.19882886,48.8303302],[9.19877426,48.83059435],[9.19901627,48.83062692],[9.19896462,48.83086485],[9.19927008,48.83087932],[9.1992745,48.83106477],[9.19991641,48.83104758],[9.20061881,48.83094717],[9.2000197,48.83152614],[9.1992745,48.83117785],[9.19888789,48.83089832],[9.19859719,48.8305645],[9.19845995,48.83032115],[9.19801726,48.83033653],[9.19794791,48.83020807]]]},"properties":{"id":"stuttgart:osm:way:148025960","name":"Unbenannter Park 148025960","nameAddon":null,"objectNumber":"stuttgart:osm:way:148025960","district":"Zuffenhausen","locality":null,"type":"Park","areaM2":6144.4,"areaHa":0.61,"designation":null,"dedicated":null,"builtYear":null,"renovatedYear":null,"planningAreaId":null,"planningAreaName":null,"centroid":[9.199277,48.830815],"bounds":[9.19795,48.82986,9.20062,48.83153],"amenities":{"playground":{"status":"observed-nearby","count":1,"nearestMeters":46,"coverage":"community-mapped-observations"},"toilet":{"status":"not-observed","count":0,"nearestMeters":null,"coverage":"community-mapped-observations"},"drinkingFountain":{"status":"not-observed","count":0,"nearestMeters":null,"coverage":"community-mapped-observations"},"dogRun":{"status":"not-observed","count":0,"nearestMeters":null,"coverage":"community-mapped-observations"}},"sourceId":"parks"}},{"type":"Feature","id":"stuttgart:osm:way:154343244","geometry":{"type":"Polygon","coordinates":[[[9.22464219,48.83584856],[9.2247381,48.83574995],[9.22486501,48.83568844],[9.22506865,48.83548037],[9.22521031,48.83550027],[9.22528557,48.83580604],[9.22520588,48.83594898],[9.22513948,48.83598516],[9.22495502,48.83599059],[9.22468498,48.83585851],[9.22464219,48.83584856]]]},"properties":{"id":"stuttgart:osm:way:154343244","name":"Kelterplatz","nameAddon":null,"objectNumber":"stuttgart:osm:way:154343244","district":"Mühlhausen","locality":null,"type":"Park","areaM2":1628.5,"areaHa":0.16,"designation":null,"dedicated":null,"builtYear":null,"renovatedYear":null,"planningAreaId":null,"planningAreaName":null,"centroid":[9.225025,48.835766],"bounds":[9.22464,48.83548,9.22529,48.83599],"amenities":{"playground":{"status":"observed-nearby","count":1,"nearestMeters":0,"coverage":"community-mapped-observations"},"toilet":{"status":"observed-nearby","count":1,"nearestMeters":0,"coverage":"community-mapped-observations"},"drinkingFountain":{"status":"observed-nearby","count":1,"nearestMeters":64,"coverage":"community-mapped-observations"},"dogRun":{"status":"not-observed","count":0,"nearestMeters":null,"coverage":"community-mapped-observations"}},"sourceId":"parks"}},{"type":"Feature","id":"stuttgart:osm:way:160618356","geometry":{"type":"Polygon","coordinates":[[[9.19702563,48.78319522],[9.19705219,48.78299801],[9.19729862,48.78301158],[9.19735617,48.78305681],[9.19731043,48.78318256],[9.19717172,48.78320246],[9.19702563,48.78319522]]]},"properties":{"id":"stuttgart:osm:way:160618356","name":"Unbenannter Park 160618356","nameAddon":null,"objectNumber":"stuttgart:osm:way:160618356","district":"Stuttgart-Ost","locality":null,"type":"Park","areaM2":488.3,"areaHa":0.05,"designation":null,"dedicated":null,"builtYear":null,"renovatedYear":null,"planningAreaId":null,"planningAreaName":null,"centroid":[9.197181,48.783101],"bounds":[9.19703,48.783,9.19736,48.7832],"amenities":{"playground":{"status":"not-observed","count":0,"nearestMeters":null,"coverage":"community-mapped-observations"},"toilet":{"status":"not-observed","count":0,"nearestMeters":null,"coverage":"community-mapped-observations"},"drinkingFountain":{"status":"observed-nearby","count":1,"nearestMeters":58,"coverage":"community-mapped-observations"},"dogRun":{"status":"not-observed","count":0,"nearestMeters":null,"coverage":"community-mapped-observations"}},"sourceId":"parks"}},{"type":"Feature","id":"stuttgart:osm:way:170243686","geometry":{"type":"Polygon","coordinates":[[[9.20729312,48.71201104],[9.20740084,48.711575],[9.20750856,48.71158585],[9.2076089,48.71117695],[9.20814308,48.71123485],[9.20799995,48.71186991],[9.20808111,48.71187715],[9.20803241,48.71209517],[9.20729312,48.71201104]]]},"properties":{"id":"stuttgart:osm:way:170243686","name":"Unbenannter Park 170243686","nameAddon":null,"objectNumber":"stuttgart:osm:way:170243686","district":"Plieningen","locality":null,"type":"Park","areaM2":4402.7,"areaHa":0.44,"designation":null,"dedicated":null,"builtYear":null,"renovatedYear":null,"planningAreaId":null,"planningAreaName":null,"centroid":[9.20775,48.711659],"bounds":[9.20729,48.71118,9.20814,48.7121],"amenities":{"playground":{"status":"not-observed","count":0,"nearestMeters":null,"coverage":"community-mapped-observations"},"toilet":{"status":"not-observed","count":0,"nearestMeters":null,"coverage":"community-mapped-observations"},"drinkingFountain":{"status":"not-observed","count":0,"nearestMeters":null,"coverage":"community-mapped-observations"},"dogRun":{"status":"not-observed","count":0,"nearestMeters":null,"coverage":"community-mapped-observations"}},"sourceId":"parks"}},{"type":"Feature","id":"stuttgart:osm:way:172200402","geometry":{"type":"Polygon","coordinates":[[[9.16481837,48.79700561],[9.16508103,48.79687172],[9.16529648,48.79681111],[9.16557832,48.7967894],[9.16562259,48.79697485],[9.16575983,48.79696038],[9.16580557,48.79714945],[9.16603429,48.79712502],[9.16607856,48.79730867],[9.16634565,48.79728062],[9.16638992,48.79746517],[9.16761175,48.7972761],[9.16785523,48.79745522],[9.16810461,48.79753573],[9.16841745,48.79758187],[9.16876275,48.79754749],[9.16905345,48.7974706],[9.1689354,48.79787136],[9.16900033,48.79789578],[9.1686447,48.79837615],[9.16735056,48.79795459],[9.16713512,48.79793107],[9.16588525,48.79753845],[9.16548388,48.79739732],[9.1648346,48.79709426],[9.16481837,48.79700561]]]},"properties":{"id":"stuttgart:osm:way:172200402","name":"Feuerbacher Heide","nameAddon":null,"objectNumber":"stuttgart:osm:way:172200402","district":"Stuttgart-Nord","locality":null,"type":"Park","areaM2":17921.6,"areaHa":1.79,"designation":null,"dedicated":null,"builtYear":null,"renovatedYear":null,"planningAreaId":null,"planningAreaName":null,"centroid":[9.167185,48.797604],"bounds":[9.16482,48.79679,9.16905,48.79838],"amenities":{"playground":{"status":"observed-nearby","count":1,"nearestMeters":1,"coverage":"community-mapped-observations"},"toilet":{"status":"not-observed","count":0,"nearestMeters":null,"coverage":"community-mapped-observations"},"drinkingFountain":{"status":"not-observed","count":0,"nearestMeters":null,"coverage":"community-mapped-observations"},"dogRun":{"status":"not-observed","count":0,"nearestMeters":null,"coverage":"community-mapped-observations"}},"sourceId":"parks"}},{"type":"Feature","id":"stuttgart:osm:way:175849946","geometry":{"type":"Polygon","coordinates":[[[9.20888976,48.80898589],[9.20911996,48.80853718],[9.2092808,48.80857246],[9.20943279,48.80855527],[9.20903142,48.80904469],[9.20895616,48.80901393],[9.20888976,48.80898589]]]},"properties":{"id":"stuttgart:osm:way:175849946","name":"Kastanienallee","nameAddon":null,"objectNumber":"stuttgart:osm:way:175849946","district":"Bad Cannstatt","locality":null,"type":"Park","areaM2":934.5,"areaHa":0.09,"designation":null,"dedicated":null,"builtYear":null,"renovatedYear":null,"planningAreaId":null,"planningAreaName":null,"centroid":[9.209131,48.808766],"bounds":[9.20889,48.80854,9.20943,48.80904],"amenities":{"playground":{"status":"observed-nearby","count":1,"nearestMeters":11,"coverage":"community-mapped-observations"},"toilet":{"status":"not-observed","count":0,"nearestMeters":null,"coverage":"community-mapped-observations"},"drinkingFountain":{"status":"not-observed","count":0,"nearestMeters":null,"coverage":"community-mapped-observations"},"dogRun":{"status":"not-observed","count":0,"nearestMeters":null,"coverage":"community-mapped-observations"}},"sourceId":"parks"}},{"type":"Feature","id":"stuttgart:osm:way:200192887","geometry":{"type":"Polygon","coordinates":[[[9.22815125,48.79874344],[9.22878283,48.7982685],[9.2294085,48.79878234],[9.22827963,48.79900941],[9.22815125,48.79874344]]]},"properties":{"id":"stuttgart:osm:way:200192887","name":"Unbenannter Park 200192887","nameAddon":null,"objectNumber":"stuttgart:osm:way:200192887","district":"Bad Cannstatt","locality":null,"type":"Park","areaM2":3881,"areaHa":0.39,"designation":null,"dedicated":null,"builtYear":null,"renovatedYear":null,"planningAreaId":null,"planningAreaName":null,"centroid":[9.228723,48.798684],"bounds":[9.22815,48.79827,9.22941,48.79901],"amenities":{"playground":{"status":"observed-nearby","count":1,"nearestMeters":50,"coverage":"community-mapped-observations"},"toilet":{"status":"not-observed","count":0,"nearestMeters":null,"coverage":"community-mapped-observations"},"drinkingFountain":{"status":"not-observed","count":0,"nearestMeters":null,"coverage":"community-mapped-observations"},"dogRun":{"status":"not-observed","count":0,"nearestMeters":null,"coverage":"community-mapped-observations"}},"sourceId":"parks"}},{"type":"Feature","id":"stuttgart:osm:way:202713675","geometry":{"type":"Polygon","coordinates":[[[9.1686447,48.79837615],[9.16900033,48.79789578],[9.16970568,48.79748326],[9.16986652,48.79750859],[9.17082716,48.79800887],[9.17096292,48.79817894],[9.17113557,48.79828478],[9.17138496,48.79832911],[9.17170369,48.79826488],[9.17307161,48.79837615],[9.17341986,48.79859417],[9.17358661,48.79853356],[9.17377401,48.79881853],[9.17272336,48.79869278],[9.17207555,48.79849919],[9.17159597,48.79855799],[9.17146021,48.7990664],[9.17036086,48.79893613],[9.16902246,48.798501],[9.1686447,48.79837615]]]},"properties":{"id":"stuttgart:osm:way:202713675","name":"Rote Wand","nameAddon":null,"objectNumber":"stuttgart:osm:way:202713675","district":"Stuttgart-Nord","locality":null,"type":"Park","areaM2":26357.4,"areaHa":2.64,"designation":null,"dedicated":null,"builtYear":null,"renovatedYear":null,"planningAreaId":null,"planningAreaName":null,"centroid":[9.170625,48.798361],"bounds":[9.16864,48.79748,9.17377,48.79907],"amenities":{"playground":{"status":"not-observed","count":0,"nearestMeters":null,"coverage":"community-mapped-observations"},"toilet":{"status":"not-observed","count":0,"nearestMeters":null,"coverage":"community-mapped-observations"},"drinkingFountain":{"status":"not-observed","count":0,"nearestMeters":null,"coverage":"community-mapped-observations"},"dogRun":{"status":"not-observed","count":0,"nearestMeters":null,"coverage":"community-mapped-observations"}},"sourceId":"parks"}},{"type":"Feature","id":"stuttgart:osm:way:216871961","geometry":{"type":"Polygon","coordinates":[[[9.1754282,48.82551656],[9.17597861,48.82528587],[9.17682858,48.82597431],[9.17590926,48.82611815],[9.17570267,48.82581147],[9.1754282,48.82551656]]]},"properties":{"id":"stuttgart:osm:way:216871961","name":"Unbenannter Park 216871961","nameAddon":null,"objectNumber":"stuttgart:osm:way:216871961","district":"Zuffenhausen","locality":null,"type":"Park","areaM2":4902.5,"areaHa":0.49,"designation":null,"dedicated":null,"builtYear":null,"renovatedYear":null,"planningAreaId":null,"planningAreaName":null,"centroid":[9.176074,48.825735],"bounds":[9.17543,48.82529,9.17683,48.82612],"amenities":{"playground":{"status":"observed-nearby","count":6,"nearestMeters":0,"coverage":"community-mapped-observations"},"toilet":{"status":"not-observed","count":0,"nearestMeters":null,"coverage":"community-mapped-observations"},"drinkingFountain":{"status":"not-observed","count":0,"nearestMeters":null,"coverage":"community-mapped-observations"},"dogRun":{"status":"not-observed","count":0,"nearestMeters":null,"coverage":"community-mapped-observations"}},"sourceId":"parks"}},{"type":"Feature","id":"stuttgart:osm:way:225777488","geometry":{"type":"Polygon","coordinates":[[[9.18798145,48.7801954],[9.1880877,48.78010132],[9.18826035,48.78015017],[9.18879895,48.78092365],[9.18897455,48.7810892],[9.18910736,48.78114981],[9.18866467,48.78125746],[9.18798145,48.7801954]]]},"properties":{"id":"stuttgart:osm:way:225777488","name":"Unbenannter Park 225777488","nameAddon":null,"objectNumber":"stuttgart:osm:way:225777488","district":"Stuttgart-Mitte","locality":null,"type":"Park","areaM2":3157.9,"areaHa":0.32,"designation":null,"dedicated":null,"builtYear":null,"renovatedYear":null,"planningAreaId":null,"planningAreaName":null,"centroid":[9.188487,48.780709],"bounds":[9.18798,48.7801,9.18911,48.78126],"amenities":{"playground":{"status":"observed-nearby","count":1,"nearestMeters":0,"coverage":"community-mapped-observations"},"toilet":{"status":"not-observed","count":0,"nearestMeters":null,"coverage":"community-mapped-observations"},"drinkingFountain":{"status":"observed-nearby","count":1,"nearestMeters":20,"coverage":"community-mapped-observations"},"dogRun":{"status":"not-observed","count":0,"nearestMeters":null,"coverage":"community-mapped-observations"}},"sourceId":"parks"}},{"type":"Feature","id":"stuttgart:osm:way:226622542","geometry":{"type":"Polygon","coordinates":[[[9.18131747,48.80915144],[9.18137355,48.80897141],[9.18148274,48.80901484],[9.18169376,48.80893613],[9.18245666,48.80888728],[9.18249355,48.80914511],[9.1828359,48.80910168],[9.18283295,48.80886557],[9.18334647,48.80884295],[9.1836475,48.80877963],[9.18430859,48.80820246],[9.18456092,48.8079184],[9.18483539,48.80798263],[9.18448862,48.80856613],[9.18434253,48.8090085],[9.18421857,48.80913244],[9.18358405,48.8095522],[9.18395296,48.80919215],[9.18392345,48.80912249],[9.18377883,48.80903655],[9.18254815,48.8098055],[9.18197118,48.80938846],[9.18168343,48.80925276],[9.18131747,48.80915144]]]},"properties":{"id":"stuttgart:osm:way:226622542","name":"Unbenannter Park 226622542","nameAddon":null,"objectNumber":"stuttgart:osm:way:226622542","district":"Stuttgart-Nord","locality":null,"type":"Park","areaM2":15288,"areaHa":1.53,"designation":null,"dedicated":null,"builtYear":null,"renovatedYear":null,"planningAreaId":null,"planningAreaName":null,"centroid":[9.183178,48.809005],"bounds":[9.18132,48.80792,9.18484,48.80981],"amenities":{"playground":{"status":"observed-nearby","count":1,"nearestMeters":0,"coverage":"community-mapped-observations"},"toilet":{"status":"observed-nearby","count":1,"nearestMeters":28,"coverage":"community-mapped-observations"},"drinkingFountain":{"status":"not-observed","count":0,"nearestMeters":null,"coverage":"community-mapped-observations"},"dogRun":{"status":"not-observed","count":0,"nearestMeters":null,"coverage":"community-mapped-observations"}},"sourceId":"parks"}},{"type":"Feature","id":"stuttgart:osm:way:227361262","geometry":{"type":"Polygon","coordinates":[[[9.179529,48.83395242],[9.17970903,48.83388457],[9.17966771,48.83377239],[9.17992447,48.83376063],[9.18010302,48.83407092],[9.18050439,48.83446626],[9.18095889,48.83478288],[9.18172475,48.83512665],[9.18151816,48.83534467],[9.18089691,48.83499819],[9.18075968,48.83510132],[9.17984774,48.83464538],[9.17965443,48.83450335],[9.17978428,48.83438936],[9.17970165,48.83429437],[9.179529,48.83395242]]]},"properties":{"id":"stuttgart:osm:way:227361262","name":"Unbenannter Park 227361262","nameAddon":null,"objectNumber":"stuttgart:osm:way:227361262","district":"Zuffenhausen","locality":null,"type":"Park","areaM2":7951.9,"areaHa":0.8,"designation":null,"dedicated":null,"builtYear":null,"renovatedYear":null,"planningAreaId":null,"planningAreaName":null,"centroid":[9.180411,48.834584],"bounds":[9.17953,48.83376,9.18172,48.83534],"amenities":{"playground":{"status":"observed-nearby","count":1,"nearestMeters":17,"coverage":"community-mapped-observations"},"toilet":{"status":"not-observed","count":0,"nearestMeters":null,"coverage":"community-mapped-observations"},"drinkingFountain":{"status":"not-observed","count":0,"nearestMeters":null,"coverage":"community-mapped-observations"},"dogRun":{"status":"not-observed","count":0,"nearestMeters":null,"coverage":"community-mapped-observations"}},"sourceId":"parks"}},{"type":"Feature","id":"stuttgart:osm:way:22870764","geometry":{"type":"Polygon","coordinates":[[[9.20591782,48.86126922],[9.20597242,48.86113986],[9.2063369,48.86125927],[9.20668515,48.86140492],[9.20662761,48.86154876],[9.20591782,48.86126922]]]},"properties":{"id":"stuttgart:osm:way:22870764","name":"Unbenannter Park 22870764","nameAddon":null,"objectNumber":"stuttgart:osm:way:22870764","district":"Mühlhausen","locality":null,"type":"Park","areaM2":964.8,"areaHa":0.1,"designation":null,"dedicated":null,"builtYear":null,"renovatedYear":null,"planningAreaId":null,"planningAreaName":null,"centroid":[9.206308,48.861339],"bounds":[9.20592,48.86114,9.20669,48.86155],"amenities":{"playground":{"status":"not-observed","count":0,"nearestMeters":null,"coverage":"community-mapped-observations"},"toilet":{"status":"not-observed","count":0,"nearestMeters":null,"coverage":"community-mapped-observations"},"drinkingFountain":{"status":"not-observed","count":0,"nearestMeters":null,"coverage":"community-mapped-observations"},"dogRun":{"status":"not-observed","count":0,"nearestMeters":null,"coverage":"community-mapped-observations"}},"sourceId":"parks"}},{"type":"Feature","id":"stuttgart:osm:way:230702866","geometry":{"type":"Polygon","coordinates":[[[9.19104487,48.83190248],[9.19114817,48.83152162],[9.19142264,48.83089922],[9.19140788,48.83004885],[9.19151413,48.82981183],[9.19170153,48.82970689],[9.19205421,48.82960286],[9.19260757,48.8295911],[9.19337195,48.82970508],[9.19396368,48.82967614],[9.19430308,48.82955129],[9.1945318,48.8293378],[9.19441818,48.82841143],[9.19491547,48.82853899],[9.19491842,48.82969151],[9.194641,48.83049213],[9.19454361,48.83052108],[9.19439457,48.83098155],[9.19298386,48.83096617],[9.19254412,48.83219468],[9.19171481,48.83203003],[9.19104487,48.83190248]]]},"properties":{"id":"stuttgart:osm:way:230702866","name":"Unbenannter Park 230702866","nameAddon":null,"objectNumber":"stuttgart:osm:way:230702866","district":"Zuffenhausen","locality":null,"type":"Park","areaM2":53397.5,"areaHa":5.34,"designation":null,"dedicated":null,"builtYear":null,"renovatedYear":null,"planningAreaId":null,"planningAreaName":null,"centroid":[9.192919,48.830516],"bounds":[9.19104,48.82841,9.19492,48.83219],"amenities":{"playground":{"status":"observed-nearby","count":1,"nearestMeters":0,"coverage":"community-mapped-observations"},"toilet":{"status":"not-observed","count":0,"nearestMeters":null,"coverage":"community-mapped-observations"},"drinkingFountain":{"status":"not-observed","count":0,"nearestMeters":null,"coverage":"community-mapped-observations"},"dogRun":{"status":"not-observed","count":0,"nearestMeters":null,"coverage":"community-mapped-observations"}},"sourceId":"parks"}},{"type":"Feature","id":"stuttgart:osm:way:23458372","geometry":{"type":"Polygon","coordinates":[[[9.11614447,48.73154605],[9.11620054,48.73142754],[9.11642041,48.73142754],[9.11642189,48.73131898],[9.1167362,48.73131988],[9.1167362,48.73137778],[9.11697673,48.73141306],[9.11697673,48.73144834],[9.11709035,48.73149539],[9.11723054,48.73149358],[9.11723054,48.73153067],[9.11785178,48.73151438],[9.11785178,48.73147729],[9.11924478,48.73146734],[9.11950597,48.73239732],[9.11953991,48.73285869],[9.11949416,48.73310114],[9.11931709,48.73310566],[9.11676571,48.73186629],[9.11614447,48.73154605]]]},"properties":{"id":"stuttgart:osm:way:23458372","name":"Fanny-Leicht-Park","nameAddon":null,"objectNumber":"stuttgart:osm:way:23458372","district":"Vaihingen","locality":null,"type":"Park","areaM2":24181.4,"areaHa":2.42,"designation":null,"dedicated":null,"builtYear":null,"renovatedYear":null,"planningAreaId":null,"planningAreaName":null,"centroid":[9.118256,48.73205],"bounds":[9.11614,48.73132,9.11954,48.73311],"amenities":{"playground":{"status":"not-observed","count":0,"nearestMeters":null,"coverage":"community-mapped-observations"},"toilet":{"status":"not-observed","count":0,"nearestMeters":null,"coverage":"community-mapped-observations"},"drinkingFountain":{"status":"not-observed","count":0,"nearestMeters":null,"coverage":"community-mapped-observations"},"dogRun":{"status":"not-observed","count":0,"nearestMeters":null,"coverage":"community-mapped-observations"}},"sourceId":"parks"}},{"type":"Feature","id":"stuttgart:osm:way:236469823","geometry":{"type":"Polygon","coordinates":[[[9.16879521,48.75014474],[9.1691833,48.74975574],[9.16888965,48.74961824],[9.16919659,48.74931428],[9.17017346,48.74988963],[9.1698621,48.75000905],[9.16995654,48.75013027],[9.17035496,48.75032386],[9.17054974,48.75036096],[9.17090242,48.7505455],[9.1710736,48.75057355],[9.1718852,48.75110639],[9.17033283,48.75147639],[9.17028118,48.75143206],[9.17059549,48.75125927],[9.17045383,48.7511471],[9.17013952,48.75131988],[9.16976175,48.75098969],[9.16879521,48.75014474]]]},"properties":{"id":"stuttgart:osm:way:236469823","name":"Josefsanlage","nameAddon":null,"objectNumber":"stuttgart:osm:way:236469823","district":"Degerloch","locality":null,"type":"Park","areaM2":21020.3,"areaHa":2.1,"designation":null,"dedicated":null,"builtYear":null,"renovatedYear":null,"planningAreaId":null,"planningAreaName":null,"centroid":[9.170116,48.750526],"bounds":[9.1688,48.74931,9.17189,48.75148],"amenities":{"playground":{"status":"observed-nearby","count":1,"nearestMeters":0,"coverage":"community-mapped-observations"},"toilet":{"status":"not-observed","count":0,"nearestMeters":null,"coverage":"community-mapped-observations"},"drinkingFountain":{"status":"not-observed","count":0,"nearestMeters":null,"coverage":"community-mapped-observations"},"dogRun":{"status":"not-observed","count":0,"nearestMeters":null,"coverage":"community-mapped-observations"}},"sourceId":"parks"}},{"type":"Feature","id":"stuttgart:osm:way:23688364","geometry":{"type":"Polygon","coordinates":[[[9.17529244,48.74176678],[9.17652017,48.74014113],[9.17716798,48.74021621],[9.17722553,48.74027411],[9.17712666,48.74046228],[9.17539574,48.74179392],[9.17529244,48.74176678]]]},"properties":{"id":"stuttgart:osm:way:23688364","name":"Traifelbergplatz","nameAddon":null,"objectNumber":"stuttgart:osm:way:23688364","district":"Degerloch","locality":null,"type":"Park","areaM2":7140.3,"areaHa":0.71,"designation":null,"dedicated":null,"builtYear":null,"renovatedYear":null,"planningAreaId":null,"planningAreaName":null,"centroid":[9.17634,48.740796],"bounds":[9.17529,48.74014,9.17723,48.74179],"amenities":{"playground":{"status":"observed-nearby","count":1,"nearestMeters":0,"coverage":"community-mapped-observations"},"toilet":{"status":"not-observed","count":0,"nearestMeters":null,"coverage":"community-mapped-observations"},"drinkingFountain":{"status":"not-observed","count":0,"nearestMeters":null,"coverage":"community-mapped-observations"},"dogRun":{"status":"not-observed","count":0,"nearestMeters":null,"coverage":"community-mapped-observations"}},"sourceId":"parks"}},{"type":"Feature","id":"stuttgart:osm:way:24010492","geometry":{"type":"Polygon","coordinates":[[[9.12622307,48.78100054],[9.12686202,48.78034829],[9.1273298,48.78047946],[9.12716453,48.78093812],[9.12718961,48.78100054],[9.12747294,48.78121404],[9.12709812,48.78117604],[9.12622307,48.78100054]]]},"properties":{"id":"stuttgart:osm:way:24010492","name":"Unbenannter Park 24010492","nameAddon":null,"objectNumber":"stuttgart:osm:way:24010492","district":"Botnang","locality":null,"type":"Park","areaM2":4531.3,"areaHa":0.45,"designation":null,"dedicated":null,"builtYear":null,"renovatedYear":null,"planningAreaId":null,"planningAreaName":null,"centroid":[9.126879,48.780805],"bounds":[9.12622,48.78035,9.12747,48.78121],"amenities":{"playground":{"status":"observed-nearby","count":1,"nearestMeters":0,"coverage":"community-mapped-observations"},"toilet":{"status":"not-observed","count":0,"nearestMeters":null,"coverage":"community-mapped-observations"},"drinkingFountain":{"status":"not-observed","count":0,"nearestMeters":null,"coverage":"community-mapped-observations"},"dogRun":{"status":"not-observed","count":0,"nearestMeters":null,"coverage":"community-mapped-observations"}},"sourceId":"parks"}},{"type":"Feature","id":"stuttgart:osm:way:24040041","geometry":{"type":"Polygon","coordinates":[[[9.11838891,48.77675231],[9.11865157,48.77649086],[9.11854385,48.77628008],[9.11920346,48.77654424],[9.11956057,48.77660123],[9.12019657,48.7765958],[9.12159547,48.77674597],[9.12197176,48.77670346],[9.12222409,48.77686448],[9.12215474,48.77751131],[9.1219452,48.77770038],[9.12262399,48.778093],[9.12291322,48.77794825],[9.12300471,48.77777275],[9.12370416,48.77809752],[9.12340755,48.77870183],[9.12326884,48.77866655],[9.1232349,48.77870906],[9.1216058,48.7783264],[9.12125165,48.77830469],[9.12085913,48.7778397],[9.12046956,48.77751674],[9.11992653,48.77738194],[9.11934217,48.77728876],[9.11909279,48.77717387],[9.11879766,48.77695766],[9.11849516,48.77683192],[9.11838891,48.77675231]]]},"properties":{"id":"stuttgart:osm:way:24040041","name":"Unbenannter Park 24040041","nameAddon":null,"objectNumber":"stuttgart:osm:way:24040041","district":"Botnang","locality":null,"type":"Park","areaM2":38926.7,"areaHa":3.89,"designation":null,"dedicated":null,"builtYear":null,"renovatedYear":null,"planningAreaId":null,"planningAreaName":null,"centroid":[9.121157,48.777449],"bounds":[9.11839,48.77628,9.1237,48.77871],"amenities":{"playground":{"status":"observed-nearby","count":4,"nearestMeters":0,"coverage":"community-mapped-observations"},"toilet":{"status":"not-observed","count":0,"nearestMeters":null,"coverage":"community-mapped-observations"},"drinkingFountain":{"status":"not-observed","count":0,"nearestMeters":null,"coverage":"community-mapped-observations"},"dogRun":{"status":"not-observed","count":0,"nearestMeters":null,"coverage":"community-mapped-observations"}},"sourceId":"parks"}},{"type":"Feature","id":"stuttgart:osm:way:242749902","geometry":{"type":"Polygon","coordinates":[[[9.15446677,48.70888366],[9.15460843,48.70890809],[9.15482092,48.70865298],[9.15770727,48.70913425],[9.15784155,48.70932875],[9.15869595,48.70937036],[9.15862069,48.70954768],[9.15796846,48.70956396],[9.15792862,48.70976479],[9.15532412,48.70918762],[9.15483568,48.70915053],[9.15453465,48.70917677],[9.15446677,48.70888366]]]},"properties":{"id":"stuttgart:osm:way:242749902","name":"Unbenannter Park 242749902","nameAddon":null,"objectNumber":"stuttgart:osm:way:242749902","district":"Möhringen","locality":null,"type":"Park","areaM2":15059.6,"areaHa":1.51,"designation":null,"dedicated":null,"builtYear":null,"renovatedYear":null,"planningAreaId":null,"planningAreaName":null,"centroid":[9.156471,48.709193],"bounds":[9.15447,48.70865,9.1587,48.70976],"amenities":{"playground":{"status":"observed-nearby","count":1,"nearestMeters":0,"coverage":"community-mapped-observations"},"toilet":{"status":"not-observed","count":0,"nearestMeters":null,"coverage":"community-mapped-observations"},"drinkingFountain":{"status":"not-observed","count":0,"nearestMeters":null,"coverage":"community-mapped-observations"},"dogRun":{"status":"observed-nearby","count":1,"nearestMeters":16,"coverage":"community-mapped-observations"}},"sourceId":"parks"}},{"type":"Feature","id":"stuttgart:osm:way:24388990","geometry":{"type":"Polygon","coordinates":[[[9.18132042,48.76564592],[9.18145323,48.76555636],[9.18139716,48.76512032],[9.18167753,48.76426271],[9.18227368,48.76430251],[9.18261161,48.76383572],[9.18379654,48.76437308],[9.183587,48.76501538],[9.18344829,48.76500905],[9.18332286,48.76506875],[9.18327269,48.76520174],[9.18345419,48.76566401],[9.18331106,48.76623213],[9.18304839,48.76626018],[9.18252307,48.76650805],[9.18236517,48.76650805],[9.18225745,48.76647458],[9.18151963,48.76584494],[9.18132042,48.76564592]]]},"properties":{"id":"stuttgart:osm:way:24388990","name":"Weißenburgpark","nameAddon":null,"objectNumber":"stuttgart:osm:way:24388990","district":"Stuttgart-Süd","locality":null,"type":"Park","areaM2":35123.3,"areaHa":3.51,"designation":null,"dedicated":null,"builtYear":null,"renovatedYear":null,"planningAreaId":null,"planningAreaName":null,"centroid":[9.182534,48.765186],"bounds":[9.18132,48.76384,9.1838,48.76651],"amenities":{"playground":{"status":"observed-nearby","count":3,"nearestMeters":0,"coverage":"community-mapped-observations"},"toilet":{"status":"not-observed","count":0,"nearestMeters":null,"coverage":"community-mapped-observations"},"drinkingFountain":{"status":"not-observed","count":0,"nearestMeters":null,"coverage":"community-mapped-observations"},"dogRun":{"status":"not-observed","count":0,"nearestMeters":null,"coverage":"community-mapped-observations"}},"sourceId":"parks"}},{"type":"Feature","id":"stuttgart:osm:way:24457171","geometry":{"type":"Polygon","coordinates":[[[9.1722969,48.76105301],[9.17272336,48.76000543],[9.17319704,48.7601366],[9.17338149,48.76023973],[9.17348036,48.76037181],[9.17360874,48.76076081],[9.17402635,48.76101592],[9.17415325,48.76140944],[9.17361759,48.76119414],[9.17280599,48.76104758],[9.1722969,48.76105301]]]},"properties":{"id":"stuttgart:osm:way:24457171","name":"Unbenannter Park 24457171","nameAddon":null,"objectNumber":"stuttgart:osm:way:24457171","district":"Stuttgart-Süd","locality":null,"type":"Park","areaM2":9987,"areaHa":1,"designation":null,"dedicated":null,"builtYear":null,"renovatedYear":null,"planningAreaId":null,"planningAreaName":null,"centroid":[9.173139,48.760718],"bounds":[9.1723,48.76001,9.17415,48.76141],"amenities":{"playground":{"status":"observed-nearby","count":2,"nearestMeters":0,"coverage":"community-mapped-observations"},"toilet":{"status":"not-observed","count":0,"nearestMeters":null,"coverage":"community-mapped-observations"},"drinkingFountain":{"status":"not-observed","count":0,"nearestMeters":null,"coverage":"community-mapped-observations"},"dogRun":{"status":"observed-nearby","count":1,"nearestMeters":0,"coverage":"community-mapped-observations"}},"sourceId":"parks"}},{"type":"Feature","id":"stuttgart:osm:way:24475644","geometry":{"type":"Polygon","coordinates":[[[9.16338995,48.77333183],[9.16404366,48.77247693],[9.16418384,48.77251674],[9.1643742,48.77226886],[9.16628958,48.77281165],[9.16545437,48.77397775],[9.16338995,48.77333183]]]},"properties":{"id":"stuttgart:osm:way:24475644","name":"Feuerseeplatz","nameAddon":null,"objectNumber":"stuttgart:osm:way:24475644","district":"Stuttgart-West","locality":null,"type":"Park","areaM2":22952.3,"areaHa":2.3,"designation":null,"dedicated":null,"builtYear":null,"renovatedYear":null,"planningAreaId":null,"planningAreaName":null,"centroid":[9.164857,48.773103],"bounds":[9.16339,48.77227,9.16629,48.77398],"amenities":{"playground":{"status":"observed-nearby","count":1,"nearestMeters":0,"coverage":"community-mapped-observations"},"toilet":{"status":"observed-nearby","count":1,"nearestMeters":0,"coverage":"community-mapped-observations"},"drinkingFountain":{"status":"observed-nearby","count":1,"nearestMeters":0,"coverage":"community-mapped-observations"},"dogRun":{"status":"not-observed","count":0,"nearestMeters":null,"coverage":"community-mapped-observations"}},"sourceId":"parks"}},{"type":"Feature","id":"stuttgart:osm:way:24537938","geometry":{"type":"Polygon","coordinates":[[[9.16114108,48.76748779],[9.16128127,48.76737109],[9.16138308,48.76735299],[9.16211943,48.76834992],[9.16202794,48.76838701],[9.16127684,48.76765153],[9.16129307,48.7676063],[9.16115141,48.76753392],[9.16114108,48.76748779]]]},"properties":{"id":"stuttgart:osm:way:24537938","name":"Unbenannter Park 24537938","nameAddon":null,"objectNumber":"stuttgart:osm:way:24537938","district":"Stuttgart-West","locality":null,"type":"Park","areaM2":1996.4,"areaHa":0.2,"designation":null,"dedicated":null,"builtYear":null,"renovatedYear":null,"planningAreaId":null,"planningAreaName":null,"centroid":[9.161592,48.767812],"bounds":[9.16114,48.76735,9.16212,48.76839],"amenities":{"playground":{"status":"not-observed","count":0,"nearestMeters":null,"coverage":"community-mapped-observations"},"toilet":{"status":"not-observed","count":0,"nearestMeters":null,"coverage":"community-mapped-observations"},"drinkingFountain":{"status":"not-observed","count":0,"nearestMeters":null,"coverage":"community-mapped-observations"},"dogRun":{"status":"not-observed","count":0,"nearestMeters":null,"coverage":"community-mapped-observations"}},"sourceId":"parks"}},{"type":"Feature","id":"stuttgart:osm:way:24538318","geometry":{"type":"Polygon","coordinates":[[[9.16905345,48.76833725],[9.1690682,48.76827936],[9.1691774,48.76827755],[9.17037119,48.76870726],[9.16946663,48.76996291],[9.16951532,48.76943188],[9.16912575,48.76861046],[9.16905345,48.76833725]]]},"properties":{"id":"stuttgart:osm:way:24538318","name":"Unbenannter Park 24538318","nameAddon":null,"objectNumber":"stuttgart:osm:way:24538318","district":"Stuttgart-Süd","locality":null,"type":"Park","areaM2":7360.2,"areaHa":0.74,"designation":null,"dedicated":null,"builtYear":null,"renovatedYear":null,"planningAreaId":null,"planningAreaName":null,"centroid":[9.169658,48.768919],"bounds":[9.16905,48.76828,9.17037,48.76996],"amenities":{"playground":{"status":"observed-nearby","count":2,"nearestMeters":16,"coverage":"community-mapped-observations"},"toilet":{"status":"not-observed","count":0,"nearestMeters":null,"coverage":"community-mapped-observations"},"drinkingFountain":{"status":"not-observed","count":0,"nearestMeters":null,"coverage":"community-mapped-observations"},"dogRun":{"status":"not-observed","count":0,"nearestMeters":null,"coverage":"community-mapped-observations"}},"sourceId":"parks"}},{"type":"Feature","id":"stuttgart:osm:way:24651672","geometry":{"type":"Polygon","coordinates":[[[9.17357628,48.80190791],[9.17366629,48.80187534],[9.17401011,48.80188891],[9.17468153,48.80218111],[9.17529982,48.80227339],[9.17554625,48.80227791],[9.17675185,48.80203999],[9.17696877,48.80193143],[9.17710748,48.80178306],[9.17713994,48.80186629],[9.17726537,48.80193233],[9.17735096,48.80183373],[9.17815223,48.80241994],[9.17892989,48.8028008],[9.17843112,48.80332097],[9.17843112,48.80356432],[9.17976215,48.80385833],[9.17979461,48.80422291],[9.1823091,48.80402388],[9.18272523,48.80442193],[9.18281377,48.8046101],[9.18259095,48.8046888],[9.18250093,48.80476479],[9.18231205,48.80520445],[9.18225893,48.80523792],[9.18197118,48.80526325],[9.18115072,48.80523702],[9.18060031,48.80516284],[9.17916452,48.80482812],[9.17897121,48.805019],[9.17852852,48.8049222],[9.17810796,48.80501357],[9.17776414,48.80518093],[9.17769773,48.80531482],[9.17707796,48.80558802],[9.17695106,48.80623394],[9.17657772,48.80661661],[9.17635638,48.8067704],[9.17574251,48.80619052],[9.17550789,48.80580695],[9.17384927,48.80259815],[9.17357628,48.80190791]]]},"properties":{"id":"stuttgart:osm:way:24651672","name":"Wartberg","nameAddon":null,"objectNumber":"stuttgart:osm:way:24651672","district":"Stuttgart-Nord","locality":null,"type":"Park","areaM2":156642.2,"areaHa":15.66,"designation":null,"dedicated":null,"builtYear":null,"renovatedYear":null,"planningAreaId":null,"planningAreaName":null,"centroid":[9.177353,48.804013],"bounds":[9.17358,48.80178,9.18281,48.80677],"amenities":{"playground":{"status":"observed-nearby","count":4,"nearestMeters":0,"coverage":"community-mapped-observations"},"toilet":{"status":"observed-nearby","count":1,"nearestMeters":0,"coverage":"community-mapped-observations"},"drinkingFountain":{"status":"not-observed","count":0,"nearestMeters":null,"coverage":"community-mapped-observations"},"dogRun":{"status":"not-observed","count":0,"nearestMeters":null,"coverage":"community-mapped-observations"}},"sourceId":"parks"}},{"type":"Feature","id":"stuttgart:osm:way:24655537","geometry":{"type":"Polygon","coordinates":[[[9.17776266,48.80065587],[9.17794416,48.8002325],[9.17796335,48.80004795],[9.17781136,48.79974217],[9.17797663,48.79967794],[9.17834849,48.79978469],[9.1786141,48.79991677],[9.17881036,48.80008142],[9.1789476,48.80030849],[9.17898892,48.80094445],[9.17907008,48.80112177],[9.17918813,48.80123485],[9.17890923,48.80152072],[9.17819945,48.80127465],[9.17791613,48.80108648],[9.17778627,48.80086213],[9.17776266,48.80065587]]]},"properties":{"id":"stuttgart:osm:way:24655537","name":"Krokuswiese","nameAddon":null,"objectNumber":"stuttgart:osm:way:24655537","district":"Stuttgart-Nord","locality":null,"type":"Park","areaM2":13688.4,"areaHa":1.37,"designation":null,"dedicated":null,"builtYear":null,"renovatedYear":null,"planningAreaId":null,"planningAreaName":null,"centroid":[9.178426,48.800628],"bounds":[9.17776,48.79968,9.17919,48.80152],"amenities":{"playground":{"status":"not-observed","count":0,"nearestMeters":null,"coverage":"community-mapped-observations"},"toilet":{"status":"not-observed","count":0,"nearestMeters":null,"coverage":"community-mapped-observations"},"drinkingFountain":{"status":"not-observed","count":0,"nearestMeters":null,"coverage":"community-mapped-observations"},"dogRun":{"status":"not-observed","count":0,"nearestMeters":null,"coverage":"community-mapped-observations"}},"sourceId":"parks"}},{"type":"Feature","id":"stuttgart:osm:way:24769131","geometry":{"type":"Polygon","coordinates":[[[9.25427889,48.7871784],[9.25445006,48.7868292],[9.25566009,48.78720192],[9.25547563,48.78747693],[9.25636839,48.78831826],[9.25727739,48.78951511],[9.25732018,48.78978017],[9.25701325,48.78984169],[9.25614705,48.78865659],[9.25509934,48.78759544],[9.25515247,48.78745251],[9.25496654,48.78735752],[9.25427889,48.7871784]]]},"properties":{"id":"stuttgart:osm:way:24769131","name":"Unbenannter Park 24769131","nameAddon":null,"objectNumber":"stuttgart:osm:way:24769131","district":"Untertürkheim","locality":null,"type":"Park","areaM2":13270.5,"areaHa":1.33,"designation":null,"dedicated":null,"builtYear":null,"renovatedYear":null,"planningAreaId":null,"planningAreaName":null,"centroid":[9.255913,48.788209],"bounds":[9.25428,48.78683,9.25732,48.78984],"amenities":{"playground":{"status":"observed-nearby","count":2,"nearestMeters":0,"coverage":"community-mapped-observations"},"toilet":{"status":"not-observed","count":0,"nearestMeters":null,"coverage":"community-mapped-observations"},"drinkingFountain":{"status":"not-observed","count":0,"nearestMeters":null,"coverage":"community-mapped-observations"},"dogRun":{"status":"not-observed","count":0,"nearestMeters":null,"coverage":"community-mapped-observations"}},"sourceId":"parks"}},{"type":"Feature","id":"stuttgart:osm:way:24770245","geometry":{"type":"Polygon","coordinates":[[[9.25559663,48.79123394],[9.25583864,48.79096798],[9.25606736,48.79105301],[9.25632708,48.79077528],[9.25653662,48.79085308],[9.25675649,48.79081599],[9.2575917,48.79116881],[9.25774074,48.79115524],[9.25812588,48.79212321],[9.25747365,48.79219559],[9.25744118,48.7918482],[9.25656465,48.79150172],[9.25617951,48.79146282],[9.25559663,48.79123394]]]},"properties":{"id":"stuttgart:osm:way:24770245","name":"Unbenannter Park 24770245","nameAddon":null,"objectNumber":"stuttgart:osm:way:24770245","district":"Untertürkheim","locality":null,"type":"Park","areaM2":12979.8,"areaHa":1.3,"designation":null,"dedicated":null,"builtYear":null,"renovatedYear":null,"planningAreaId":null,"planningAreaName":null,"centroid":[9.257008,48.7914],"bounds":[9.2556,48.79078,9.25813,48.7922],"amenities":{"playground":{"status":"not-observed","count":0,"nearestMeters":null,"coverage":"community-mapped-observations"},"toilet":{"status":"not-observed","count":0,"nearestMeters":null,"coverage":"community-mapped-observations"},"drinkingFountain":{"status":"not-observed","count":0,"nearestMeters":null,"coverage":"community-mapped-observations"},"dogRun":{"status":"not-observed","count":0,"nearestMeters":null,"coverage":"community-mapped-observations"}},"sourceId":"parks"}},{"type":"Feature","id":"stuttgart:osm:way:24777926","geometry":{"type":"Polygon","coordinates":[[[9.2598686,48.79301791],[9.26017111,48.79292835],[9.26040869,48.79340058],[9.26008552,48.79346843],[9.2598686,48.79301791]]]},"properties":{"id":"stuttgart:osm:way:24777926","name":"Unbenannter Park 24777926","nameAddon":null,"objectNumber":"stuttgart:osm:way:24777926","district":"Untertürkheim","locality":null,"type":"Park","areaM2":1324.9,"areaHa":0.13,"designation":null,"dedicated":null,"builtYear":null,"renovatedYear":null,"planningAreaId":null,"planningAreaName":null,"centroid":[9.260135,48.793205],"bounds":[9.25987,48.79293,9.26041,48.79347],"amenities":{"playground":{"status":"observed-nearby","count":1,"nearestMeters":0,"coverage":"community-mapped-observations"},"toilet":{"status":"not-observed","count":0,"nearestMeters":null,"coverage":"community-mapped-observations"},"drinkingFountain":{"status":"not-observed","count":0,"nearestMeters":null,"coverage":"community-mapped-observations"},"dogRun":{"status":"not-observed","count":0,"nearestMeters":null,"coverage":"community-mapped-observations"}},"sourceId":"parks"}},{"type":"Feature","id":"stuttgart:osm:way:24824061","geometry":{"type":"Polygon","coordinates":[[[9.18970499,48.83442102],[9.18974631,48.83433508],[9.18983633,48.83434775],[9.189947,48.83430613],[9.19016244,48.83379862],[9.19092977,48.83391985],[9.19119982,48.83362584],[9.1914551,48.83276642],[9.19172809,48.83277094],[9.19182549,48.83228334],[9.19265479,48.83244255],[9.19250428,48.83297177],[9.19214717,48.83293107],[9.19194206,48.83380224],[9.19200256,48.83386195],[9.19201437,48.83401936],[9.19170153,48.83463271],[9.19002078,48.83445992],[9.18970499,48.83442102]]]},"properties":{"id":"stuttgart:osm:way:24824061","name":"Rotweganlage","nameAddon":null,"objectNumber":"stuttgart:osm:way:24824061","district":"Zuffenhausen","locality":null,"type":"Park","areaM2":21200.7,"areaHa":2.12,"designation":null,"dedicated":null,"builtYear":null,"renovatedYear":null,"planningAreaId":null,"planningAreaName":null,"centroid":[9.191395,48.833663],"bounds":[9.1897,48.83228,9.19265,48.83463],"amenities":{"playground":{"status":"observed-nearby","count":1,"nearestMeters":0,"coverage":"community-mapped-observations"},"toilet":{"status":"not-observed","count":0,"nearestMeters":null,"coverage":"community-mapped-observations"},"drinkingFountain":{"status":"not-observed","count":0,"nearestMeters":null,"coverage":"community-mapped-observations"},"dogRun":{"status":"not-observed","count":0,"nearestMeters":null,"coverage":"community-mapped-observations"}},"sourceId":"parks"}},{"type":"Feature","id":"stuttgart:osm:way:24824434","geometry":{"type":"Polygon","coordinates":[[[9.18659435,48.8351556],[9.18670207,48.8349412],[9.18724216,48.83494391],[9.18742661,48.83512575],[9.18739267,48.8354288],[9.1871123,48.83540166],[9.18696178,48.83525059],[9.18662977,48.83516917],[9.18659435,48.8351556]]]},"properties":{"id":"stuttgart:osm:way:24824434","name":"Unbenannter Park 24824434","nameAddon":null,"objectNumber":"stuttgart:osm:way:24824434","district":"Zuffenhausen","locality":null,"type":"Park","areaM2":2177.9,"areaHa":0.22,"designation":null,"dedicated":null,"builtYear":null,"renovatedYear":null,"planningAreaId":null,"planningAreaName":null,"centroid":[9.187068,48.835148],"bounds":[9.18659,48.83494,9.18743,48.83543],"amenities":{"playground":{"status":"not-observed","count":0,"nearestMeters":null,"coverage":"community-mapped-observations"},"toilet":{"status":"not-observed","count":0,"nearestMeters":null,"coverage":"community-mapped-observations"},"drinkingFountain":{"status":"not-observed","count":0,"nearestMeters":null,"coverage":"community-mapped-observations"},"dogRun":{"status":"not-observed","count":0,"nearestMeters":null,"coverage":"community-mapped-observations"}},"sourceId":"parks"}},{"type":"Feature","id":"stuttgart:osm:way:24824904","geometry":{"type":"Polygon","coordinates":[[[9.17617635,48.8300579],[9.17696434,48.83005157],[9.17756935,48.83059435],[9.17748377,48.83060159],[9.1763977,48.83024154],[9.17617635,48.8300579]]]},"properties":{"id":"stuttgart:osm:way:24824904","name":"Unbenannter Park 24824904","nameAddon":null,"objectNumber":"stuttgart:osm:way:24824904","district":"Zuffenhausen","locality":null,"type":"Park","areaM2":2452.2,"areaHa":0.25,"designation":null,"dedicated":null,"builtYear":null,"renovatedYear":null,"planningAreaId":null,"planningAreaName":null,"centroid":[9.176876,48.830264],"bounds":[9.17618,48.83005,9.17757,48.8306],"amenities":{"playground":{"status":"not-observed","count":0,"nearestMeters":null,"coverage":"community-mapped-observations"},"toilet":{"status":"not-observed","count":0,"nearestMeters":null,"coverage":"community-mapped-observations"},"drinkingFountain":{"status":"not-observed","count":0,"nearestMeters":null,"coverage":"community-mapped-observations"},"dogRun":{"status":"not-observed","count":0,"nearestMeters":null,"coverage":"community-mapped-observations"}},"sourceId":"parks"}},{"type":"Feature","id":"stuttgart:osm:way:24855794","geometry":{"type":"Polygon","coordinates":[[[9.26066545,48.78851818],[9.26077317,48.78835263],[9.26070529,48.78832097],[9.26081744,48.7882486],[9.26114946,48.78839244],[9.26132506,48.788425],[9.26202894,48.78844581],[9.26204665,48.78858241],[9.26347801,48.78909445],[9.263509,48.78904921],[9.26384102,48.78917405],[9.26351048,48.78943369],[9.26297925,48.78924733],[9.26290842,48.78932785],[9.26219126,48.78908721],[9.26228127,48.78895061],[9.26172348,48.78873439],[9.26147262,48.78870545],[9.26066545,48.78851818]]]},"properties":{"id":"stuttgart:osm:way:24855794","name":"Unbenannter Park 24855794","nameAddon":null,"objectNumber":"stuttgart:osm:way:24855794","district":"Untertürkheim","locality":null,"type":"Park","areaM2":8094.3,"areaHa":0.81,"designation":null,"dedicated":null,"builtYear":null,"renovatedYear":null,"planningAreaId":null,"planningAreaName":null,"centroid":[9.262305,48.788858],"bounds":[9.26067,48.78825,9.26384,48.78943],"amenities":{"playground":{"status":"observed-nearby","count":4,"nearestMeters":0,"coverage":"community-mapped-observations"},"toilet":{"status":"not-observed","count":0,"nearestMeters":null,"coverage":"community-mapped-observations"},"drinkingFountain":{"status":"not-observed","count":0,"nearestMeters":null,"coverage":"community-mapped-observations"},"dogRun":{"status":"not-observed","count":0,"nearestMeters":null,"coverage":"community-mapped-observations"}},"sourceId":"parks"}},{"type":"Feature","id":"stuttgart:osm:way:24869415","geometry":{"type":"Polygon","coordinates":[[[9.20438316,48.71053012],[9.20691535,48.7086376],[9.20906831,48.70713407],[9.20939738,48.70685272],[9.21105452,48.70756197],[9.21133194,48.70855437],[9.21089662,48.70878415],[9.20972202,48.70865298],[9.20896797,48.70941198],[9.2088145,48.70963271],[9.2081726,48.71100597],[9.20443923,48.71056993],[9.20438316,48.71053012]]]},"properties":{"id":"stuttgart:osm:way:24869415","name":"Exotischer Garten","nameAddon":null,"objectNumber":"stuttgart:osm:way:24869415","district":"Plieningen","locality":null,"type":"Park","areaM2":98726.9,"areaHa":9.87,"designation":null,"dedicated":null,"builtYear":null,"renovatedYear":null,"planningAreaId":null,"planningAreaName":null,"centroid":[9.208105,48.709078],"bounds":[9.20438,48.70685,9.21133,48.71101],"amenities":{"playground":{"status":"observed-nearby","count":2,"nearestMeters":33,"coverage":"community-mapped-observations"},"toilet":{"status":"observed-nearby","count":2,"nearestMeters":49,"coverage":"community-mapped-observations"},"drinkingFountain":{"status":"not-observed","count":0,"nearestMeters":null,"coverage":"community-mapped-observations"},"dogRun":{"status":"not-observed","count":0,"nearestMeters":null,"coverage":"community-mapped-observations"}},"sourceId":"parks"}},{"type":"Feature","id":"stuttgart:osm:way:24869440","geometry":{"type":"Polygon","coordinates":[[[9.21091728,48.70747603],[9.21201073,48.70644834],[9.2124062,48.70593812],[9.21238849,48.70505518],[9.21257738,48.7045133],[9.21418877,48.70498824],[9.2153073,48.70577076],[9.21536043,48.70634702],[9.21583853,48.70703003],[9.21621925,48.70735028],[9.21666932,48.70763344],[9.21827629,48.70835354],[9.2170397,48.70991496],[9.21688033,48.70971504],[9.2165793,48.70949792],[9.2158651,48.70920662],[9.21550209,48.70911073],[9.2148233,48.70900036],[9.21396005,48.70895694],[9.21313369,48.70902298],[9.21271313,48.70911797],[9.21239587,48.70923919],[9.21206238,48.70950154],[9.21180119,48.70995567],[9.21105452,48.70756197],[9.21091728,48.70747603]]]},"properties":{"id":"stuttgart:osm:way:24869440","name":"Botanischer Garten","nameAddon":null,"objectNumber":"stuttgart:osm:way:24869440","district":"Plieningen","locality":null,"type":"Park","areaM2":163584.9,"areaHa":16.36,"designation":null,"dedicated":null,"builtYear":null,"renovatedYear":null,"planningAreaId":null,"planningAreaName":null,"centroid":[9.214146,48.707496],"bounds":[9.21092,48.70451,9.21828,48.70996],"amenities":{"playground":{"status":"observed-nearby","count":3,"nearestMeters":0,"coverage":"community-mapped-observations"},"toilet":{"status":"observed-nearby","count":1,"nearestMeters":5,"coverage":"community-mapped-observations"},"drinkingFountain":{"status":"not-observed","count":0,"nearestMeters":null,"coverage":"community-mapped-observations"},"dogRun":{"status":"not-observed","count":0,"nearestMeters":null,"coverage":"community-mapped-observations"}},"sourceId":"parks"}},{"type":"Feature","id":"stuttgart:osm:way:24869468","geometry":{"type":"Polygon","coordinates":[[[9.21142343,48.71184187],[9.21167281,48.71081418],[9.21204024,48.71070744],[9.21327535,48.71045232],[9.2139143,48.71039624],[9.21440274,48.71041614],[9.21471115,48.71034648],[9.21593593,48.71070834],[9.21589756,48.71079609],[9.21685525,48.71137597],[9.21653946,48.71240727],[9.21597724,48.71234576],[9.21596396,48.71239913],[9.21504464,48.71229962],[9.21511252,48.71204451],[9.21458572,48.7119839],[9.2146108,48.71188348],[9.21416959,48.71183553],[9.21417992,48.71179483],[9.21406629,48.71178126],[9.21395857,48.7117704],[9.21394824,48.71181292],[9.21350555,48.71176497],[9.21347751,48.71187534],[9.21296694,48.71182016],[9.21290792,48.71205898],[9.2119945,48.71196038],[9.21200925,48.71190519],[9.21192514,48.71189615],[9.21142343,48.71184187]]]},"properties":{"id":"stuttgart:osm:way:24869468","name":"Schlosspark","nameAddon":null,"objectNumber":"stuttgart:osm:way:24869468","district":"Plieningen","locality":null,"type":"Park","areaM2":60859.7,"areaHa":6.09,"designation":null,"dedicated":null,"builtYear":null,"renovatedYear":null,"planningAreaId":null,"planningAreaName":null,"centroid":[9.214226,48.711329],"bounds":[9.21142,48.71035,9.21686,48.71241],"amenities":{"playground":{"status":"not-observed","count":0,"nearestMeters":null,"coverage":"community-mapped-observations"},"toilet":{"status":"not-observed","count":0,"nearestMeters":null,"coverage":"community-mapped-observations"},"drinkingFountain":{"status":"not-observed","count":0,"nearestMeters":null,"coverage":"community-mapped-observations"},"dogRun":{"status":"not-observed","count":0,"nearestMeters":null,"coverage":"community-mapped-observations"}},"sourceId":"parks"}},{"type":"Feature","id":"stuttgart:osm:way:24880931","geometry":{"type":"Polygon","coordinates":[[[9.1431383,48.72746969],[9.14332718,48.72695133],[9.14325045,48.72694319],[9.14330948,48.72670979],[9.14362084,48.72676316],[9.14362674,48.72673693],[9.14395581,48.72676045],[9.143944,48.72689705],[9.14398827,48.72689886],[9.14392482,48.72757102],[9.14347327,48.72751312],[9.1431383,48.72746969]]]},"properties":{"id":"stuttgart:osm:way:24880931","name":"Möhringer Park","nameAddon":null,"objectNumber":"stuttgart:osm:way:24880931","district":"Möhringen","locality":null,"type":"Park","areaM2":4604.4,"areaHa":0.46,"designation":null,"dedicated":null,"builtYear":null,"renovatedYear":null,"planningAreaId":null,"planningAreaName":null,"centroid":[9.143603,48.727145],"bounds":[9.14314,48.72671,9.14399,48.72757],"amenities":{"playground":{"status":"not-observed","count":0,"nearestMeters":null,"coverage":"community-mapped-observations"},"toilet":{"status":"not-observed","count":0,"nearestMeters":null,"coverage":"community-mapped-observations"},"drinkingFountain":{"status":"not-observed","count":0,"nearestMeters":null,"coverage":"community-mapped-observations"},"dogRun":{"status":"not-observed","count":0,"nearestMeters":null,"coverage":"community-mapped-observations"}},"sourceId":"parks"}},{"type":"Feature","id":"stuttgart:osm:way:24960585","geometry":{"type":"Polygon","coordinates":[[[9.17035053,48.78026868],[9.1706191,48.78020264],[9.17052466,48.78035372],[9.17057631,48.78044237],[9.17064714,48.78045232],[9.17059254,48.78055817],[9.17073125,48.78084856],[9.17219951,48.78131988],[9.17257284,48.78136421],[9.17343166,48.78050299],[9.17355267,48.7803112],[9.17503421,48.78077257],[9.17400126,48.78214312],[9.17376221,48.78221458],[9.17355562,48.78221006],[9.17329886,48.78227519],[9.1731749,48.78245522],[9.17299635,48.78247693],[9.17221131,48.78228605],[9.17253005,48.7818473],[9.17154432,48.78151981],[9.17128166,48.78186086],[9.17098948,48.78176859],[9.170383,48.78043966],[9.17035053,48.78026868]]]},"properties":{"id":"stuttgart:osm:way:24960585","name":"Stadtgarten Stuttgart","nameAddon":null,"objectNumber":"stuttgart:osm:way:24960585","district":"Stuttgart-Mitte","locality":null,"type":"Park","areaM2":36535.1,"areaHa":3.65,"designation":null,"dedicated":null,"builtYear":null,"renovatedYear":null,"planningAreaId":null,"planningAreaName":null,"centroid":[9.173025,48.781384],"bounds":[9.17035,48.7802,9.17503,48.78248],"amenities":{"playground":{"status":"observed-nearby","count":1,"nearestMeters":0,"coverage":"community-mapped-observations"},"toilet":{"status":"not-observed","count":0,"nearestMeters":null,"coverage":"community-mapped-observations"},"drinkingFountain":{"status":"not-observed","count":0,"nearestMeters":null,"coverage":"community-mapped-observations"},"dogRun":{"status":"not-observed","count":0,"nearestMeters":null,"coverage":"community-mapped-observations"}},"sourceId":"parks"}},{"type":"Feature","id":"stuttgart:osm:way:25243780","geometry":{"type":"Polygon","coordinates":[[[9.18122303,48.76600054],[9.18132928,48.76592998],[9.18183837,48.76629274],[9.18182361,48.76634793],[9.18174836,48.76635517],[9.18129976,48.76605301],[9.18122303,48.76600054]]]},"properties":{"id":"stuttgart:osm:way:25243780","name":"Ernst-Sieglin-Platz","nameAddon":null,"objectNumber":"stuttgart:osm:way:25243780","district":"Stuttgart-Süd","locality":null,"type":"Park","areaM2":568.3,"areaHa":0.06,"designation":null,"dedicated":null,"builtYear":null,"renovatedYear":null,"planningAreaId":null,"planningAreaName":null,"centroid":[9.181536,48.766146],"bounds":[9.18122,48.76593,9.18184,48.76636],"amenities":{"playground":{"status":"observed-nearby","count":2,"nearestMeters":30,"coverage":"community-mapped-observations"},"toilet":{"status":"not-observed","count":0,"nearestMeters":null,"coverage":"community-mapped-observations"},"drinkingFountain":{"status":"not-observed","count":0,"nearestMeters":null,"coverage":"community-mapped-observations"},"dogRun":{"status":"not-observed","count":0,"nearestMeters":null,"coverage":"community-mapped-observations"}},"sourceId":"parks"}},{"type":"Feature","id":"stuttgart:osm:way:25581537","geometry":{"type":"Polygon","coordinates":[[[9.16734614,48.79508323],[9.1673727,48.79493758],[9.16784933,48.79473222],[9.16821529,48.79435679],[9.16867568,48.79420843],[9.16901361,48.79397865],[9.16923495,48.79403383],[9.16878488,48.79496562],[9.16828169,48.7951746],[9.16810461,48.79509227],[9.16777259,48.79519269],[9.16756896,48.79530939],[9.16734614,48.79508323]]]},"properties":{"id":"stuttgart:osm:way:25581537","name":"Unbenannter Park 25581537","nameAddon":null,"objectNumber":"stuttgart:osm:way:25581537","district":"Stuttgart-Nord","locality":null,"type":"Park","areaM2":8814.2,"areaHa":0.88,"designation":null,"dedicated":null,"builtYear":null,"renovatedYear":null,"planningAreaId":null,"planningAreaName":null,"centroid":[9.168346,48.794699],"bounds":[9.16735,48.79398,9.16923,48.79531],"amenities":{"playground":{"status":"not-observed","count":0,"nearestMeters":null,"coverage":"community-mapped-observations"},"toilet":{"status":"not-observed","count":0,"nearestMeters":null,"coverage":"community-mapped-observations"},"drinkingFountain":{"status":"not-observed","count":0,"nearestMeters":null,"coverage":"community-mapped-observations"},"dogRun":{"status":"not-observed","count":0,"nearestMeters":null,"coverage":"community-mapped-observations"}},"sourceId":"parks"}},{"type":"Feature","id":"stuttgart:osm:way:25581538","geometry":{"type":"Polygon","coordinates":[[[9.17175829,48.79616609],[9.17213163,48.79609101],[9.17227919,48.79596707],[9.17270713,48.79531663],[9.17395109,48.79590555],[9.17472727,48.79656595],[9.17518029,48.7966139],[9.17506815,48.79672607],[9.1749132,48.79675954],[9.17346413,48.79683644],[9.17332099,48.79696761],[9.17242233,48.79648363],[9.17175829,48.79616609]]]},"properties":{"id":"stuttgart:osm:way:25581538","name":"Unbenannter Park 25581538","nameAddon":null,"objectNumber":"stuttgart:osm:way:25581538","district":"Stuttgart-Nord","locality":null,"type":"Park","areaM2":20198.6,"areaHa":2.02,"designation":null,"dedicated":null,"builtYear":null,"renovatedYear":null,"planningAreaId":null,"planningAreaName":null,"centroid":[9.173336,48.796245],"bounds":[9.17176,48.79532,9.17518,48.79697],"amenities":{"playground":{"status":"observed-nearby","count":1,"nearestMeters":0,"coverage":"community-mapped-observations"},"toilet":{"status":"not-observed","count":0,"nearestMeters":null,"coverage":"community-mapped-observations"},"drinkingFountain":{"status":"not-observed","count":0,"nearestMeters":null,"coverage":"community-mapped-observations"},"dogRun":{"status":"not-observed","count":0,"nearestMeters":null,"coverage":"community-mapped-observations"}},"sourceId":"parks"}},{"type":"Feature","id":"stuttgart:osm:way:25581926","geometry":{"type":"Polygon","coordinates":[[[9.17314244,48.7875095],[9.17337707,48.78722815],[9.17388911,48.78746698],[9.17402487,48.78773928],[9.17408537,48.78807762],[9.17389501,48.78826307],[9.17341396,48.78772933],[9.17314244,48.7875095]]]},"properties":{"id":"stuttgart:osm:way:25581926","name":"Unbenannter Park 25581926","nameAddon":null,"objectNumber":"stuttgart:osm:way:25581926","district":"Stuttgart-Nord","locality":null,"type":"Park","areaM2":3964.7,"areaHa":0.4,"designation":null,"dedicated":null,"builtYear":null,"renovatedYear":null,"planningAreaId":null,"planningAreaName":null,"centroid":[9.173674,48.787701],"bounds":[9.17314,48.78723,9.17409,48.78826],"amenities":{"playground":{"status":"observed-nearby","count":1,"nearestMeters":1,"coverage":"community-mapped-observations"},"toilet":{"status":"not-observed","count":0,"nearestMeters":null,"coverage":"community-mapped-observations"},"drinkingFountain":{"status":"not-observed","count":0,"nearestMeters":null,"coverage":"community-mapped-observations"},"dogRun":{"status":"not-observed","count":0,"nearestMeters":null,"coverage":"community-mapped-observations"}},"sourceId":"parks"}},{"type":"Feature","id":"stuttgart:osm:way:25582074","geometry":{"type":"Polygon","coordinates":[[[9.16836137,48.78805138],[9.168596,48.78797449],[9.16885866,48.7881907],[9.16907411,48.78815994],[9.16935005,48.78848833],[9.16982373,48.78862041],[9.17029593,48.78891171],[9.16989161,48.78917225],[9.16965256,48.78923738],[9.16922757,48.78927718],[9.16956697,48.78907816],[9.1693471,48.78882576],[9.16920396,48.7888719],[9.16892064,48.78888004],[9.1686624,48.78878234],[9.16880849,48.78863579],[9.16858862,48.78854442],[9.16879816,48.78832821],[9.16855173,48.78823503],[9.16836137,48.78805138]]]},"properties":{"id":"stuttgart:osm:way:25582074","name":"Unbenannter Park 25582074","nameAddon":null,"objectNumber":"stuttgart:osm:way:25582074","district":"Stuttgart-Nord","locality":null,"type":"Park","areaM2":7285,"areaHa":0.73,"designation":null,"dedicated":null,"builtYear":null,"renovatedYear":null,"planningAreaId":null,"planningAreaName":null,"centroid":[9.169315,48.788676],"bounds":[9.16836,48.78797,9.1703,48.78928],"amenities":{"playground":{"status":"not-observed","count":0,"nearestMeters":null,"coverage":"community-mapped-observations"},"toilet":{"status":"not-observed","count":0,"nearestMeters":null,"coverage":"community-mapped-observations"},"drinkingFountain":{"status":"not-observed","count":0,"nearestMeters":null,"coverage":"community-mapped-observations"},"dogRun":{"status":"not-observed","count":0,"nearestMeters":null,"coverage":"community-mapped-observations"}},"sourceId":"parks"}},{"type":"Feature","id":"stuttgart:osm:way:25596006","geometry":{"type":"Polygon","coordinates":[[[9.16610365,48.77863126],[9.16711594,48.77802696],[9.16740073,48.77814456],[9.16741106,48.77823231],[9.16733876,48.77832187],[9.16724727,48.77833544],[9.1669064,48.77891713],[9.16610365,48.77863126]]]},"properties":{"id":"stuttgart:osm:way:25596006","name":"Silcheranlage","nameAddon":null,"objectNumber":"stuttgart:osm:way:25596006","district":"Stuttgart-West","locality":null,"type":"Park","areaM2":4276.1,"areaHa":0.43,"designation":null,"dedicated":null,"builtYear":null,"renovatedYear":null,"planningAreaId":null,"planningAreaName":null,"centroid":[9.166826,48.778478],"bounds":[9.1661,48.77803,9.16741,48.77892],"amenities":{"playground":{"status":"not-observed","count":0,"nearestMeters":null,"coverage":"community-mapped-observations"},"toilet":{"status":"not-observed","count":0,"nearestMeters":null,"coverage":"community-mapped-observations"},"drinkingFountain":{"status":"not-observed","count":0,"nearestMeters":null,"coverage":"community-mapped-observations"},"dogRun":{"status":"not-observed","count":0,"nearestMeters":null,"coverage":"community-mapped-observations"}},"sourceId":"parks"}},{"type":"Feature","id":"stuttgart:osm:way:25716800","geometry":{"type":"Polygon","coordinates":[[[9.17062648,48.74566039],[9.17087438,48.74527592],[9.17137463,48.74541343],[9.17118427,48.74572643],[9.1709039,48.74569206],[9.17062648,48.74566039]]]},"properties":{"id":"stuttgart:osm:way:25716800","name":"Unbenannter Park 25716800","nameAddon":null,"objectNumber":"stuttgart:osm:way:25716800","district":"Degerloch","locality":null,"type":"Park","areaM2":1634.4,"areaHa":0.16,"designation":null,"dedicated":null,"builtYear":null,"renovatedYear":null,"planningAreaId":null,"planningAreaName":null,"centroid":[9.171005,48.745518],"bounds":[9.17063,48.74528,9.17137,48.74573],"amenities":{"playground":{"status":"not-observed","count":0,"nearestMeters":null,"coverage":"community-mapped-observations"},"toilet":{"status":"not-observed","count":0,"nearestMeters":null,"coverage":"community-mapped-observations"},"drinkingFountain":{"status":"not-observed","count":0,"nearestMeters":null,"coverage":"community-mapped-observations"},"dogRun":{"status":"not-observed","count":0,"nearestMeters":null,"coverage":"community-mapped-observations"}},"sourceId":"parks"}},{"type":"Feature","id":"stuttgart:osm:way:25744957","geometry":{"type":"Polygon","coordinates":[[[9.17520243,48.79718202],[9.1754828,48.79666998],[9.17621177,48.79623485],[9.17668102,48.7964393],[9.17735686,48.79701375],[9.177742,48.79709336],[9.17730669,48.7971205],[9.17689794,48.79702461],[9.17659691,48.79688981],[9.17630768,48.79685001],[9.17609667,48.79687263],[9.17596976,48.79692781],[9.17579859,48.79716121],[9.17520243,48.79718202]]]},"properties":{"id":"stuttgart:osm:way:25744957","name":"Unbenannter Park 25744957","nameAddon":null,"objectNumber":"stuttgart:osm:way:25744957","district":"Stuttgart-Nord","locality":null,"type":"Park","areaM2":8002,"areaHa":0.8,"designation":null,"dedicated":null,"builtYear":null,"renovatedYear":null,"planningAreaId":null,"planningAreaName":null,"centroid":[9.176239,48.796758],"bounds":[9.1752,48.79623,9.17774,48.79718],"amenities":{"playground":{"status":"not-observed","count":0,"nearestMeters":null,"coverage":"community-mapped-observations"},"toilet":{"status":"not-observed","count":0,"nearestMeters":null,"coverage":"community-mapped-observations"},"drinkingFountain":{"status":"not-observed","count":0,"nearestMeters":null,"coverage":"community-mapped-observations"},"dogRun":{"status":"not-observed","count":0,"nearestMeters":null,"coverage":"community-mapped-observations"}},"sourceId":"parks"}},{"type":"Feature","id":"stuttgart:osm:way:25745007","geometry":{"type":"Polygon","coordinates":[[[9.17661461,48.79738828],[9.17672234,48.79728967],[9.17748229,48.79737199],[9.17714732,48.7974326],[9.17675923,48.79763977],[9.17663822,48.79749141],[9.17661461,48.79738828]]]},"properties":{"id":"stuttgart:osm:way:25745007","name":"Unbenannter Park 25745007","nameAddon":null,"objectNumber":"stuttgart:osm:way:25745007","district":"Stuttgart-Nord","locality":null,"type":"Park","areaM2":1114.6,"areaHa":0.11,"designation":null,"dedicated":null,"builtYear":null,"renovatedYear":null,"planningAreaId":null,"planningAreaName":null,"centroid":[9.176908,48.797429],"bounds":[9.17661,48.79729,9.17748,48.79764],"amenities":{"playground":{"status":"not-observed","count":0,"nearestMeters":null,"coverage":"community-mapped-observations"},"toilet":{"status":"not-observed","count":0,"nearestMeters":null,"coverage":"community-mapped-observations"},"drinkingFountain":{"status":"not-observed","count":0,"nearestMeters":null,"coverage":"community-mapped-observations"},"dogRun":{"status":"not-observed","count":0,"nearestMeters":null,"coverage":"community-mapped-observations"}},"sourceId":"parks"}},{"type":"Feature","id":"stuttgart:osm:way:25746977","geometry":{"type":"Polygon","coordinates":[[[9.18192691,48.76747603],[9.18216744,48.76691424],[9.18242272,48.7666139],[9.18261013,48.76660394],[9.18314136,48.76636602],[9.18349699,48.76641578],[9.18362094,48.76655419],[9.18362094,48.76667813],[9.18297609,48.76722725],[9.18286984,48.7674118],[9.1828905,48.76750678],[9.18258062,48.76767143],[9.18240649,48.76767143],[9.18221761,48.76761896],[9.18192691,48.76747603]]]},"properties":{"id":"stuttgart:osm:way:25746977","name":"Bopseranlage","nameAddon":null,"objectNumber":"stuttgart:osm:way:25746977","district":"Stuttgart-Süd","locality":null,"type":"Park","areaM2":10001.9,"areaHa":1,"designation":null,"dedicated":null,"builtYear":null,"renovatedYear":null,"planningAreaId":null,"planningAreaName":null,"centroid":[9.182735,48.767004],"bounds":[9.18193,48.76637,9.18362,48.76767],"amenities":{"playground":{"status":"observed-nearby","count":2,"nearestMeters":0,"coverage":"community-mapped-observations"},"toilet":{"status":"not-observed","count":0,"nearestMeters":null,"coverage":"community-mapped-observations"},"drinkingFountain":{"status":"not-observed","count":0,"nearestMeters":null,"coverage":"community-mapped-observations"},"dogRun":{"status":"not-observed","count":0,"nearestMeters":null,"coverage":"community-mapped-observations"}},"sourceId":"parks"}},{"type":"Feature","id":"stuttgart:osm:way:25791549","geometry":{"type":"Polygon","coordinates":[[[9.16207368,48.78031663],[9.16252375,48.7797087],[9.16331617,48.779981],[9.16317156,48.78020083],[9.16325567,48.78022707],[9.16293103,48.78064954],[9.16214746,48.78037543],[9.16207368,48.78031663]]]},"properties":{"id":"stuttgart:osm:way:25791549","name":"Diakonissenplatz","nameAddon":null,"objectNumber":"stuttgart:osm:way:25791549","district":"Stuttgart-West","locality":null,"type":"Park","areaM2":5581.3,"areaHa":0.56,"designation":null,"dedicated":null,"builtYear":null,"renovatedYear":null,"planningAreaId":null,"planningAreaName":null,"centroid":[9.162714,48.780181],"bounds":[9.16207,48.77971,9.16332,48.78065],"amenities":{"playground":{"status":"not-observed","count":0,"nearestMeters":null,"coverage":"community-mapped-observations"},"toilet":{"status":"not-observed","count":0,"nearestMeters":null,"coverage":"community-mapped-observations"},"drinkingFountain":{"status":"observed-nearby","count":1,"nearestMeters":62,"coverage":"community-mapped-observations"},"dogRun":{"status":"not-observed","count":0,"nearestMeters":null,"coverage":"community-mapped-observations"}},"sourceId":"parks"}},{"type":"Feature","id":"stuttgart:osm:way:25843036","geometry":{"type":"Polygon","coordinates":[[[9.15615195,48.7740854],[9.15621688,48.77353537],[9.15627443,48.77330921],[9.15642642,48.77329202],[9.15662415,48.77379862],[9.15671564,48.77375339],[9.15674073,48.77381491],[9.15663743,48.77383391],[9.15669794,48.7739696],[9.15666252,48.77400036],[9.15661973,48.77395422],[9.15629066,48.77400941],[9.15630984,48.77405916],[9.15615195,48.7740854]]]},"properties":{"id":"stuttgart:osm:way:25843036","name":"Unbenannter Park 25843036","nameAddon":null,"objectNumber":"stuttgart:osm:way:25843036","district":"Stuttgart-West","locality":null,"type":"Park","areaM2":2118.5,"areaHa":0.21,"designation":null,"dedicated":null,"builtYear":null,"renovatedYear":null,"planningAreaId":null,"planningAreaName":null,"centroid":[9.15639,48.77372],"bounds":[9.15615,48.77329,9.15674,48.77409],"amenities":{"playground":{"status":"observed-nearby","count":1,"nearestMeters":36,"coverage":"community-mapped-observations"},"toilet":{"status":"observed-nearby","count":1,"nearestMeters":0,"coverage":"community-mapped-observations"},"drinkingFountain":{"status":"observed-nearby","count":1,"nearestMeters":25,"coverage":"community-mapped-observations"},"dogRun":{"status":"not-observed","count":0,"nearestMeters":null,"coverage":"community-mapped-observations"}},"sourceId":"parks"}},{"type":"Feature","id":"stuttgart:osm:way:25872502","geometry":{"type":"Polygon","coordinates":[[[9.1846347,48.80538448],[9.18522496,48.80508775],[9.1872333,48.80427357],[9.18730856,48.80436584],[9.18708869,48.80442102],[9.18691752,48.80453953],[9.18651319,48.80501809],[9.18643793,48.80505518],[9.18593769,48.8049602],[9.18572668,48.80565678],[9.18558206,48.80575719],[9.1859067,48.80592184],[9.18581817,48.80604487],[9.18612952,48.80616428],[9.18597606,48.80639859],[9.18603804,48.80641668],[9.18607345,48.80662294],[9.18662091,48.80680297],[9.18690276,48.80644563],[9.18679946,48.80685453],[9.18763763,48.80690338],[9.18781323,48.80670979],[9.18895094,48.80713769],[9.18895094,48.80730414],[9.18888602,48.80737109],[9.18602623,48.80828207],[9.18506411,48.80868193],[9.18494164,48.80866655],[9.18490622,48.80858694],[9.18522053,48.80805953],[9.18540794,48.80750498],[9.18548762,48.80694047],[9.18546254,48.8067324],[9.1851925,48.80608558],[9.18500361,48.80577619],[9.184738,48.80549032],[9.1846347,48.80538448]]]},"properties":{"id":"stuttgart:osm:way:25872502","name":"Leibfriedscher Garten","nameAddon":null,"objectNumber":"stuttgart:osm:way:25872502","district":"Stuttgart-Nord","locality":null,"type":"Park","areaM2":48003.5,"areaHa":4.8,"designation":null,"dedicated":null,"builtYear":null,"renovatedYear":null,"planningAreaId":null,"planningAreaName":null,"centroid":[9.186391,48.806903],"bounds":[9.18463,48.80427,9.18895,48.80868],"amenities":{"playground":{"status":"observed-nearby","count":1,"nearestMeters":4,"coverage":"community-mapped-observations"},"toilet":{"status":"not-observed","count":0,"nearestMeters":null,"coverage":"community-mapped-observations"},"drinkingFountain":{"status":"not-observed","count":0,"nearestMeters":null,"coverage":"community-mapped-observations"},"dogRun":{"status":"not-observed","count":0,"nearestMeters":null,"coverage":"community-mapped-observations"}},"sourceId":"parks"}},{"type":"Feature","id":"stuttgart:osm:way:25884416","geometry":{"type":"Polygon","coordinates":[[[9.19414076,48.77357337],[9.19414961,48.77346119],[9.194399,48.77317351],[9.19460706,48.77330469],[9.1946351,48.7734241],[9.19452443,48.77357518],[9.19441818,48.77358422],[9.19414076,48.77357337]]]},"properties":{"id":"stuttgart:osm:way:25884416","name":"Albrecht-Goes-Platz","nameAddon":null,"objectNumber":"stuttgart:osm:way:25884416","district":"Stuttgart-Ost","locality":null,"type":"Park","areaM2":1129.8,"areaHa":0.11,"designation":null,"dedicated":null,"builtYear":null,"renovatedYear":null,"planningAreaId":null,"planningAreaName":null,"centroid":[9.194397,48.773416],"bounds":[9.19414,48.77317,9.19464,48.77358],"amenities":{"playground":{"status":"not-observed","count":0,"nearestMeters":null,"coverage":"community-mapped-observations"},"toilet":{"status":"not-observed","count":0,"nearestMeters":null,"coverage":"community-mapped-observations"},"drinkingFountain":{"status":"observed-nearby","count":1,"nearestMeters":0,"coverage":"community-mapped-observations"},"dogRun":{"status":"not-observed","count":0,"nearestMeters":null,"coverage":"community-mapped-observations"}},"sourceId":"parks"}},{"type":"Feature","id":"stuttgart:osm:way:25885997","geometry":{"type":"Polygon","coordinates":[[[9.18656189,48.77294554],[9.18698244,48.7724706],[9.1869367,48.77228424],[9.18713739,48.77228605],[9.18700015,48.77304505],[9.18656189,48.77294554]]]},"properties":{"id":"stuttgart:osm:way:25885997","name":"Gerda-Taro-Platz","nameAddon":null,"objectNumber":"stuttgart:osm:way:25885997","district":"Stuttgart-Mitte","locality":null,"type":"Park","areaM2":1518.4,"areaHa":0.15,"designation":null,"dedicated":null,"builtYear":null,"renovatedYear":null,"planningAreaId":null,"planningAreaName":null,"centroid":[9.186912,48.77272],"bounds":[9.18656,48.77228,9.18714,48.77305],"amenities":{"playground":{"status":"not-observed","count":0,"nearestMeters":null,"coverage":"community-mapped-observations"},"toilet":{"status":"not-observed","count":0,"nearestMeters":null,"coverage":"community-mapped-observations"},"drinkingFountain":{"status":"not-observed","count":0,"nearestMeters":null,"coverage":"community-mapped-observations"},"dogRun":{"status":"not-observed","count":0,"nearestMeters":null,"coverage":"community-mapped-observations"}},"sourceId":"parks"}},{"type":"Feature","id":"stuttgart:osm:way:25902252","geometry":{"type":"Polygon","coordinates":[[[9.15933638,48.79011308],[9.15943229,48.79002895],[9.15970233,48.79017641],[9.16025865,48.79027049],[9.16031915,48.79032477],[9.16030439,48.79044056],[9.16024684,48.79048761],[9.16006829,48.79050479],[9.15959314,48.7902334],[9.15933638,48.79011308]]]},"properties":{"id":"stuttgart:osm:way:25902252","name":"Hugo-Borst-Anlage","nameAddon":null,"objectNumber":"stuttgart:osm:way:25902252","district":"Stuttgart-Nord","locality":null,"type":"Park","areaM2":1348.6,"areaHa":0.13,"designation":null,"dedicated":null,"builtYear":null,"renovatedYear":null,"planningAreaId":null,"planningAreaName":null,"centroid":[9.159911,48.790295],"bounds":[9.15934,48.79003,9.16032,48.7905],"amenities":{"playground":{"status":"not-observed","count":0,"nearestMeters":null,"coverage":"community-mapped-observations"},"toilet":{"status":"not-observed","count":0,"nearestMeters":null,"coverage":"community-mapped-observations"},"drinkingFountain":{"status":"not-observed","count":0,"nearestMeters":null,"coverage":"community-mapped-observations"},"dogRun":{"status":"not-observed","count":0,"nearestMeters":null,"coverage":"community-mapped-observations"}},"sourceId":"parks"}},{"type":"Feature","id":"stuttgart:osm:way:25950123","geometry":{"type":"Polygon","coordinates":[[[9.16628515,48.8062249],[9.16637812,48.80604758],[9.16704511,48.8057002],[9.16901508,48.80482812],[9.16927922,48.80416591],[9.16971601,48.80402207],[9.16976175,48.80377058],[9.16965403,48.80325222],[9.16946958,48.80275828],[9.16952713,48.80220373],[9.16995359,48.80207255],[9.16991965,48.80199747],[9.17054237,48.80193957],[9.17050843,48.80224082],[9.17103228,48.80213407],[9.1711518,48.80203365],[9.17117541,48.80182468],[9.17134659,48.80170798],[9.17141742,48.8012647],[9.17216704,48.8013226],[9.17215524,48.80158223],[9.17305833,48.80160575],[9.17394519,48.80349647],[9.1747804,48.80508866],[9.17549165,48.80630903],[9.17569824,48.80656143],[9.17700566,48.80753845],[9.17699385,48.80778361],[9.17668692,48.80881581],[9.17259055,48.80879139],[9.17231461,48.80898679],[9.17216262,48.80880405],[9.17112967,48.80903745],[9.17125953,48.80924462],[9.17154137,48.80918853],[9.1715945,48.80925276],[9.17176862,48.80919667],[9.1716063,48.80932151],[9.17128904,48.80942826],[9.1703402,48.80922562],[9.17048482,48.80907183],[9.17044202,48.80905283],[9.1702192,48.80926814],[9.16913166,48.80867469],[9.16907558,48.80856523],[9.16921134,48.80851276],[9.16935891,48.80850552],[9.16967617,48.8086195],[9.16976913,48.80854623],[9.1697588,48.80849195],[9.16997572,48.80861046],[9.17000819,48.80871992],[9.17020592,48.808833],[9.17055122,48.80880496],[9.17077552,48.80870002],[9.17086701,48.80843586],[9.1704435,48.80764881],[9.17062205,48.80703908],[9.17060139,48.80687715],[9.17046416,48.8068292],[9.16886457,48.80707708],[9.16857239,48.80697123],[9.16799689,48.80649177],[9.16772833,48.80666003],[9.16726793,48.80639045],[9.16654782,48.80677764],[9.16630434,48.8064402],[9.16628515,48.8062249]]]},"properties":{"id":"stuttgart:osm:way:25950123","name":"Höhenpark Killesberg","nameAddon":null,"objectNumber":"stuttgart:osm:way:25950123","district":"Stuttgart-Nord","locality":null,"type":"Park","areaM2":347884.9,"areaHa":34.79,"designation":null,"dedicated":null,"builtYear":null,"renovatedYear":null,"planningAreaId":null,"planningAreaName":null,"centroid":[9.172081,48.805736],"bounds":[9.16629,48.80126,9.17701,48.80943],"amenities":{"playground":{"status":"observed-nearby","count":5,"nearestMeters":0,"coverage":"community-mapped-observations"},"toilet":{"status":"observed-nearby","count":7,"nearestMeters":0,"coverage":"community-mapped-observations"},"drinkingFountain":{"status":"not-observed","count":0,"nearestMeters":null,"coverage":"community-mapped-observations"},"dogRun":{"status":"not-observed","count":0,"nearestMeters":null,"coverage":"community-mapped-observations"}},"sourceId":"parks"}},{"type":"Feature","id":"stuttgart:osm:way:26127711","geometry":{"type":"Polygon","coordinates":[[[9.15997238,48.75684368],[9.15997828,48.75675683],[9.16112927,48.75520716],[9.161237,48.75515198],[9.16153655,48.75522707],[9.16141998,48.75559164],[9.16148195,48.75565225],[9.16128274,48.75586575],[9.16117797,48.75607834],[9.16108796,48.75675412],[9.16015831,48.75687172],[9.15997238,48.75684368]]]},"properties":{"id":"stuttgart:osm:way:26127711","name":"Grünzug Eiernest","nameAddon":null,"objectNumber":"stuttgart:osm:way:26127711","district":"Stuttgart-Süd","locality":null,"type":"Park","areaM2":9737.4,"areaHa":0.97,"designation":null,"dedicated":null,"builtYear":null,"renovatedYear":null,"planningAreaId":null,"planningAreaName":null,"centroid":[9.16083,48.75613],"bounds":[9.15997,48.75515,9.16154,48.75687],"amenities":{"playground":{"status":"observed-nearby","count":1,"nearestMeters":0,"coverage":"community-mapped-observations"},"toilet":{"status":"not-observed","count":0,"nearestMeters":null,"coverage":"community-mapped-observations"},"drinkingFountain":{"status":"not-observed","count":0,"nearestMeters":null,"coverage":"community-mapped-observations"},"dogRun":{"status":"not-observed","count":0,"nearestMeters":null,"coverage":"community-mapped-observations"}},"sourceId":"parks"}},{"type":"Feature","id":"stuttgart:osm:way:27435133","geometry":{"type":"Polygon","coordinates":[[[9.17734948,48.76768952],[9.17779365,48.76743351],[9.17797515,48.76737018],[9.17810206,48.76747965],[9.17750295,48.76778451],[9.17734948,48.76768952]]]},"properties":{"id":"stuttgart:osm:way:27435133","name":"Unbenannter Park 27435133","nameAddon":null,"objectNumber":"stuttgart:osm:way:27435133","district":"Stuttgart-Süd","locality":null,"type":"Park","areaM2":939.2,"areaHa":0.09,"designation":null,"dedicated":null,"builtYear":null,"renovatedYear":null,"planningAreaId":null,"planningAreaName":null,"centroid":[9.17773,48.767574],"bounds":[9.17735,48.76737,9.1781,48.76778],"amenities":{"playground":{"status":"observed-nearby","count":2,"nearestMeters":0,"coverage":"community-mapped-observations"},"toilet":{"status":"not-observed","count":0,"nearestMeters":null,"coverage":"community-mapped-observations"},"drinkingFountain":{"status":"not-observed","count":0,"nearestMeters":null,"coverage":"community-mapped-observations"},"dogRun":{"status":"not-observed","count":0,"nearestMeters":null,"coverage":"community-mapped-observations"}},"sourceId":"parks"}},{"type":"Feature","id":"stuttgart:osm:way:274938435","geometry":{"type":"Polygon","coordinates":[[[9.22845671,48.79378686],[9.22947195,48.79325312],[9.2297169,48.79344853],[9.22893924,48.79388095],[9.22862788,48.79392528],[9.22845671,48.79378686]]]},"properties":{"id":"stuttgart:osm:way:274938435","name":"Unbenannter Park 274938435","nameAddon":null,"objectNumber":"stuttgart:osm:way:274938435","district":"Bad Cannstatt","locality":null,"type":"Park","areaM2":2703.6,"areaHa":0.27,"designation":null,"dedicated":null,"builtYear":null,"renovatedYear":null,"planningAreaId":null,"planningAreaName":null,"centroid":[9.229098,48.793614],"bounds":[9.22846,48.79325,9.22972,48.79393],"amenities":{"playground":{"status":"not-observed","count":0,"nearestMeters":null,"coverage":"community-mapped-observations"},"toilet":{"status":"not-observed","count":0,"nearestMeters":null,"coverage":"community-mapped-observations"},"drinkingFountain":{"status":"not-observed","count":0,"nearestMeters":null,"coverage":"community-mapped-observations"},"dogRun":{"status":"not-observed","count":0,"nearestMeters":null,"coverage":"community-mapped-observations"}},"sourceId":"parks"}},{"type":"Feature","id":"stuttgart:osm:way:274938436","geometry":{"type":"Polygon","coordinates":[[[9.22907205,48.79394427],[9.22968739,48.79359508],[9.2297715,48.79359146],[9.22980102,48.79353085],[9.23002531,48.79370273],[9.22971248,48.79386195],[9.22907205,48.79394427]]]},"properties":{"id":"stuttgart:osm:way:274938436","name":"Unbenannter Park 274938436","nameAddon":null,"objectNumber":"stuttgart:osm:way:274938436","district":"Bad Cannstatt","locality":null,"type":"Park","areaM2":1180.2,"areaHa":0.12,"designation":null,"dedicated":null,"builtYear":null,"renovatedYear":null,"planningAreaId":null,"planningAreaName":null,"centroid":[9.229623,48.793758],"bounds":[9.22907,48.79353,9.23003,48.79394],"amenities":{"playground":{"status":"not-observed","count":0,"nearestMeters":null,"coverage":"community-mapped-observations"},"toilet":{"status":"not-observed","count":0,"nearestMeters":null,"coverage":"community-mapped-observations"},"drinkingFountain":{"status":"not-observed","count":0,"nearestMeters":null,"coverage":"community-mapped-observations"},"dogRun":{"status":"not-observed","count":0,"nearestMeters":null,"coverage":"community-mapped-observations"}},"sourceId":"parks"}},{"type":"Feature","id":"stuttgart:osm:way:274938437","geometry":{"type":"Polygon","coordinates":[[[9.22839178,48.79390809],[9.22847884,48.79386105],[9.22861755,48.79397322],[9.22876217,48.79395513],[9.2287843,48.79398046],[9.22852459,48.79401393],[9.22844491,48.7939488],[9.22839178,48.79390809]]]},"properties":{"id":"stuttgart:osm:way:274938437","name":"Unbenannter Park 274938437","nameAddon":null,"objectNumber":"stuttgart:osm:way:274938437","district":"Bad Cannstatt","locality":null,"type":"Park","areaM2":175.7,"areaHa":0.02,"designation":null,"dedicated":null,"builtYear":null,"renovatedYear":null,"planningAreaId":null,"planningAreaName":null,"centroid":[9.228549,48.79395],"bounds":[9.22839,48.79386,9.22878,48.79401],"amenities":{"playground":{"status":"not-observed","count":0,"nearestMeters":null,"coverage":"community-mapped-observations"},"toilet":{"status":"not-observed","count":0,"nearestMeters":null,"coverage":"community-mapped-observations"},"drinkingFountain":{"status":"not-observed","count":0,"nearestMeters":null,"coverage":"community-mapped-observations"},"dogRun":{"status":"not-observed","count":0,"nearestMeters":null,"coverage":"community-mapped-observations"}},"sourceId":"parks"}},{"type":"Feature","id":"stuttgart:osm:way:274943998","geometry":{"type":"Polygon","coordinates":[[[9.22852754,48.79267234],[9.22865149,48.79259815],[9.22943211,48.79322417],[9.22930668,48.79329383],[9.22852754,48.79267234]]]},"properties":{"id":"stuttgart:osm:way:274943998","name":"Unbenannter Park 274943998","nameAddon":null,"objectNumber":"stuttgart:osm:way:274943998","district":"Bad Cannstatt","locality":null,"type":"Park","areaM2":1091.5,"areaHa":0.11,"designation":null,"dedicated":null,"builtYear":null,"renovatedYear":null,"planningAreaId":null,"planningAreaName":null,"centroid":[9.228978,48.792946],"bounds":[9.22853,48.7926,9.22943,48.79329],"amenities":{"playground":{"status":"not-observed","count":0,"nearestMeters":null,"coverage":"community-mapped-observations"},"toilet":{"status":"not-observed","count":0,"nearestMeters":null,"coverage":"community-mapped-observations"},"drinkingFountain":{"status":"not-observed","count":0,"nearestMeters":null,"coverage":"community-mapped-observations"},"dogRun":{"status":"not-observed","count":0,"nearestMeters":null,"coverage":"community-mapped-observations"}},"sourceId":"parks"}},{"type":"Feature","id":"stuttgart:osm:way:275143531","geometry":{"type":"Polygon","coordinates":[[[9.21921774,48.78592003],[9.21931218,48.78573096],[9.2198198,48.78596707],[9.21986702,48.78604035],[9.21978439,48.78612448],[9.21964863,48.78611724],[9.21921774,48.78592003]]]},"properties":{"id":"stuttgart:osm:way:275143531","name":"Unbenannter Park 275143531","nameAddon":null,"objectNumber":"stuttgart:osm:way:275143531","district":"Stuttgart-Ost","locality":null,"type":"Park","areaM2":1015.8,"areaHa":0.1,"designation":null,"dedicated":null,"builtYear":null,"renovatedYear":null,"planningAreaId":null,"planningAreaName":null,"centroid":[9.219536,48.785948],"bounds":[9.21922,48.78573,9.21987,48.78612],"amenities":{"playground":{"status":"observed-nearby","count":1,"nearestMeters":38,"coverage":"community-mapped-observations"},"toilet":{"status":"not-observed","count":0,"nearestMeters":null,"coverage":"community-mapped-observations"},"drinkingFountain":{"status":"not-observed","count":0,"nearestMeters":null,"coverage":"community-mapped-observations"},"dogRun":{"status":"not-observed","count":0,"nearestMeters":null,"coverage":"community-mapped-observations"}},"sourceId":"parks"}},{"type":"Feature","id":"stuttgart:osm:way:276034148","geometry":{"type":"Polygon","coordinates":[[[9.17156941,48.74853266],[9.17164172,48.74835625],[9.1725389,48.74851728],[9.17246512,48.74869459],[9.17185864,48.74858513],[9.17156941,48.74853266]]]},"properties":{"id":"stuttgart:osm:way:276034148","name":"Unbenannter Park 276034148","nameAddon":null,"objectNumber":"stuttgart:osm:way:276034148","district":"Degerloch","locality":null,"type":"Park","areaM2":1392.2,"areaHa":0.14,"designation":null,"dedicated":null,"builtYear":null,"renovatedYear":null,"planningAreaId":null,"planningAreaName":null,"centroid":[9.172054,48.748525],"bounds":[9.17157,48.74836,9.17254,48.74869],"amenities":{"playground":{"status":"observed-nearby","count":1,"nearestMeters":0,"coverage":"community-mapped-observations"},"toilet":{"status":"not-observed","count":0,"nearestMeters":null,"coverage":"community-mapped-observations"},"drinkingFountain":{"status":"not-observed","count":0,"nearestMeters":null,"coverage":"community-mapped-observations"},"dogRun":{"status":"not-observed","count":0,"nearestMeters":null,"coverage":"community-mapped-observations"}},"sourceId":"parks"}},{"type":"Feature","id":"stuttgart:osm:way:281005190","geometry":{"type":"Polygon","coordinates":[[[9.22894515,48.83675593],[9.22964755,48.83609191],[9.22990726,48.83620318],[9.22920191,48.8368681],[9.22894515,48.83675593]]]},"properties":{"id":"stuttgart:osm:way:281005190","name":"Grünzug Hofen Hartwald- / Hahnweiler- / Ruitlenstraße","nameAddon":null,"objectNumber":"stuttgart:osm:way:281005190","district":"Mühlhausen","locality":null,"type":"Park","areaM2":2038.4,"areaHa":0.2,"designation":null,"dedicated":null,"builtYear":null,"renovatedYear":null,"planningAreaId":null,"planningAreaName":null,"centroid":[9.229426,48.83648],"bounds":[9.22895,48.83609,9.22991,48.83687],"amenities":{"playground":{"status":"not-observed","count":0,"nearestMeters":null,"coverage":"community-mapped-observations"},"toilet":{"status":"not-observed","count":0,"nearestMeters":null,"coverage":"community-mapped-observations"},"drinkingFountain":{"status":"not-observed","count":0,"nearestMeters":null,"coverage":"community-mapped-observations"},"dogRun":{"status":"not-observed","count":0,"nearestMeters":null,"coverage":"community-mapped-observations"}},"sourceId":"parks"}},{"type":"Feature","id":"stuttgart:osm:way:28291686","geometry":{"type":"Polygon","coordinates":[[[9.17672234,48.79728967],[9.17684039,48.79713588],[9.17708829,48.79720735],[9.17750147,48.79724353],[9.17797073,48.79718473],[9.1783234,48.79707074],[9.1784813,48.79732947],[9.17748229,48.79737199],[9.1768212,48.79728424],[9.17672234,48.79728967]]]},"properties":{"id":"stuttgart:osm:way:28291686","name":"Unbenannter Park 28291686","nameAddon":null,"objectNumber":"stuttgart:osm:way:28291686","district":"Stuttgart-Nord","locality":null,"type":"Park","areaM2":2159.7,"areaHa":0.22,"designation":null,"dedicated":null,"builtYear":null,"renovatedYear":null,"planningAreaId":null,"planningAreaName":null,"centroid":[9.177701,48.797259],"bounds":[9.17672,48.79707,9.17848,48.79737],"amenities":{"playground":{"status":"not-observed","count":0,"nearestMeters":null,"coverage":"community-mapped-observations"},"toilet":{"status":"not-observed","count":0,"nearestMeters":null,"coverage":"community-mapped-observations"},"drinkingFountain":{"status":"not-observed","count":0,"nearestMeters":null,"coverage":"community-mapped-observations"},"dogRun":{"status":"not-observed","count":0,"nearestMeters":null,"coverage":"community-mapped-observations"}},"sourceId":"parks"}},{"type":"Feature","id":"stuttgart:osm:way:28303386","geometry":{"type":"Polygon","coordinates":[[[9.17563332,48.79939117],[9.17565102,48.79886466],[9.17597124,48.79886828],[9.17594025,48.79940022],[9.17575579,48.79939479],[9.17563332,48.79939117]]]},"properties":{"id":"stuttgart:osm:way:28303386","name":"Hermann-Lenz-Höhe","nameAddon":null,"objectNumber":"stuttgart:osm:way:28303386","district":"Stuttgart-Nord","locality":null,"type":"Park","areaM2":1362.9,"areaHa":0.14,"designation":null,"dedicated":null,"builtYear":null,"renovatedYear":null,"planningAreaId":null,"planningAreaName":null,"centroid":[9.175799,48.799129],"bounds":[9.17563,48.79886,9.17597,48.7994],"amenities":{"playground":{"status":"not-observed","count":0,"nearestMeters":null,"coverage":"community-mapped-observations"},"toilet":{"status":"not-observed","count":0,"nearestMeters":null,"coverage":"community-mapped-observations"},"drinkingFountain":{"status":"observed-nearby","count":1,"nearestMeters":0,"coverage":"community-mapped-observations"},"dogRun":{"status":"not-observed","count":0,"nearestMeters":null,"coverage":"community-mapped-observations"}},"sourceId":"parks"}},{"type":"Feature","id":"stuttgart:osm:way:28829768","geometry":{"type":"Polygon","coordinates":[[[9.20968365,48.78093269],[9.2120491,48.78071286],[9.21230143,48.78080423],[9.21206238,48.78105482],[9.21282676,48.78170436],[9.21326945,48.78222544],[9.21329306,48.78233942],[9.21541207,48.78364122],[9.21548586,48.7837751],[9.21543421,48.7838321],[9.21458129,48.78402298],[9.21448833,48.78399132],[9.21140129,48.78176588],[9.21089662,48.78152886],[9.21074021,48.78153248],[9.2104982,48.78160485],[9.20991237,48.78213859],[9.20978842,48.78202823],[9.20968365,48.78093269]]]},"properties":{"id":"stuttgart:osm:way:28829768","name":"Grünanlage Klingenbachtal","nameAddon":null,"objectNumber":"stuttgart:osm:way:28829768","district":"Stuttgart-Ost","locality":null,"type":"Park","areaM2":43162.3,"areaHa":4.32,"designation":null,"dedicated":null,"builtYear":null,"renovatedYear":null,"planningAreaId":null,"planningAreaName":null,"centroid":[9.212369,48.782119],"bounds":[9.20968,48.78071,9.21549,48.78402],"amenities":{"playground":{"status":"observed-nearby","count":2,"nearestMeters":0,"coverage":"community-mapped-observations"},"toilet":{"status":"not-observed","count":0,"nearestMeters":null,"coverage":"community-mapped-observations"},"drinkingFountain":{"status":"not-observed","count":0,"nearestMeters":null,"coverage":"community-mapped-observations"},"dogRun":{"status":"not-observed","count":0,"nearestMeters":null,"coverage":"community-mapped-observations"}},"sourceId":"parks"}},{"type":"Feature","id":"stuttgart:osm:way:29176156","geometry":{"type":"Polygon","coordinates":[[[9.14170693,48.78048308],[9.14229571,48.78005337],[9.14241081,48.78002533],[9.14260117,48.78006423],[9.14276349,48.77991406],[9.1431383,48.78006423],[9.14292286,48.78029492],[9.14281809,48.78033291],[9.14237835,48.78069568],[9.14221013,48.78063687],[9.14222636,48.78057355],[9.14214372,48.78054641],[9.14210978,48.78058983],[9.1419755,48.78053646],[9.14194746,48.78057083],[9.14170693,48.78048308]]]},"properties":{"id":"stuttgart:osm:way:29176156","name":"Unbenannter Park 29176156","nameAddon":null,"objectNumber":"stuttgart:osm:way:29176156","district":"Stuttgart-West","locality":null,"type":"Park","areaM2":4173.6,"areaHa":0.42,"designation":null,"dedicated":null,"builtYear":null,"renovatedYear":null,"planningAreaId":null,"planningAreaName":null,"centroid":[9.142444,48.780299],"bounds":[9.14171,48.77991,9.14314,48.7807],"amenities":{"playground":{"status":"observed-nearby","count":1,"nearestMeters":0,"coverage":"community-mapped-observations"},"toilet":{"status":"not-observed","count":0,"nearestMeters":null,"coverage":"community-mapped-observations"},"drinkingFountain":{"status":"not-observed","count":0,"nearestMeters":null,"coverage":"community-mapped-observations"},"dogRun":{"status":"not-observed","count":0,"nearestMeters":null,"coverage":"community-mapped-observations"}},"sourceId":"parks"}},{"type":"Feature","id":"stuttgart:osm:way:29551217","geometry":{"type":"Polygon","coordinates":[[[9.1529631,48.81749502],[9.15344268,48.81748417],[9.15356663,48.81744708],[9.15353122,48.81738104],[9.15343973,48.81738285],[9.15343383,48.81729057],[9.15359615,48.81727972],[9.15381454,48.81720735],[9.15412442,48.81664284],[9.15457302,48.81621404],[9.15485044,48.81623394],[9.15546578,48.81461824],[9.15597192,48.81474941],[9.15688387,48.81407364],[9.1571908,48.81413425],[9.15628918,48.81561697],[9.1561549,48.81576443],[9.1563246,48.81581599],[9.15571516,48.81662023],[9.15520016,48.81627465],[9.15474419,48.81634521],[9.15454498,48.81650443],[9.15528575,48.81682196],[9.15450809,48.81739099],[9.1546527,48.81752126],[9.15421149,48.81810295],[9.15384405,48.81800615],[9.15320215,48.81766329],[9.1529631,48.81749502]]]},"properties":{"id":"stuttgart:osm:way:29551217","name":"Unbenannter Park 29551217","nameAddon":null,"objectNumber":"stuttgart:osm:way:29551217","district":"Feuerbach","locality":null,"type":"Park","areaM2":34062.2,"areaHa":3.41,"designation":null,"dedicated":null,"builtYear":null,"renovatedYear":null,"planningAreaId":null,"planningAreaName":null,"centroid":[9.155227,48.816116],"bounds":[9.15296,48.81407,9.15719,48.8181],"amenities":{"playground":{"status":"observed-nearby","count":1,"nearestMeters":0,"coverage":"community-mapped-observations"},"toilet":{"status":"not-observed","count":0,"nearestMeters":null,"coverage":"community-mapped-observations"},"drinkingFountain":{"status":"not-observed","count":0,"nearestMeters":null,"coverage":"community-mapped-observations"},"dogRun":{"status":"not-observed","count":0,"nearestMeters":null,"coverage":"community-mapped-observations"}},"sourceId":"parks"}},{"type":"Feature","id":"stuttgart:osm:way:296052496","geometry":{"type":"Polygon","coordinates":[[[9.21833089,48.80809933],[9.21856994,48.80721277],[9.22117887,48.80771395],[9.22115821,48.80777999],[9.2224066,48.80800615],[9.22226198,48.80783608],[9.22192111,48.80757463],[9.22259991,48.80770219],[9.22266188,48.80786322],[9.22297029,48.80793921],[9.22301161,48.80784512],[9.22309424,48.80786141],[9.22314294,48.80775285],[9.22371844,48.80758458],[9.22416261,48.80739913],[9.22477352,48.80703184],[9.2254833,48.80641578],[9.22813502,48.80715307],[9.22808928,48.80723901],[9.22765691,48.80711417],[9.22726882,48.80770219],[9.22681875,48.80757192],[9.22661364,48.80788312],[9.22812174,48.80832459],[9.22549068,48.81129455],[9.22382468,48.81085851],[9.22397815,48.81068211],[9.22364171,48.81030668],[9.22339822,48.80990592],[9.22330526,48.80951782],[9.22337904,48.80905102],[9.22268549,48.80893161],[9.22264417,48.80903022],[9.22231658,48.80896418],[9.22230183,48.8090085],[9.22190488,48.80893523],[9.22193439,48.80885743],[9.21876915,48.80825583],[9.21855961,48.80825222],[9.21833089,48.80809933]]]},"properties":{"id":"stuttgart:osm:way:296052496","name":"Kurpark","nameAddon":null,"objectNumber":"stuttgart:osm:way:296052496","district":"Bad Cannstatt","locality":null,"type":"Park","areaM2":163348.3,"areaHa":16.33,"designation":null,"dedicated":null,"builtYear":null,"renovatedYear":null,"planningAreaId":null,"planningAreaName":null,"centroid":[9.224273,48.80862],"bounds":[9.21833,48.80642,9.22814,48.81129],"amenities":{"playground":{"status":"observed-nearby","count":3,"nearestMeters":0,"coverage":"community-mapped-observations"},"toilet":{"status":"observed-nearby","count":1,"nearestMeters":23,"coverage":"community-mapped-observations"},"drinkingFountain":{"status":"observed-nearby","count":3,"nearestMeters":0,"coverage":"community-mapped-observations"},"dogRun":{"status":"not-observed","count":0,"nearestMeters":null,"coverage":"community-mapped-observations"}},"sourceId":"parks"}},{"type":"Feature","id":"stuttgart:osm:way:30179227","geometry":{"type":"Polygon","coordinates":[[[9.22629638,48.80493125],[9.2263436,48.80483716],[9.22724964,48.80396779],[9.2273308,48.80394608],[9.22736031,48.80388004],[9.22776759,48.80395332],[9.22661364,48.80501086],[9.22629638,48.80493125]]]},"properties":{"id":"stuttgart:osm:way:30179227","name":"Unbenannter Park 30179227","nameAddon":null,"objectNumber":"stuttgart:osm:way:30179227","district":"Bad Cannstatt","locality":null,"type":"Park","areaM2":4045.9,"areaHa":0.4,"designation":null,"dedicated":null,"builtYear":null,"renovatedYear":null,"planningAreaId":null,"planningAreaName":null,"centroid":[9.227007,48.804433],"bounds":[9.2263,48.80388,9.22777,48.80501],"amenities":{"playground":{"status":"observed-nearby","count":2,"nearestMeters":0,"coverage":"community-mapped-observations"},"toilet":{"status":"not-observed","count":0,"nearestMeters":null,"coverage":"community-mapped-observations"},"drinkingFountain":{"status":"not-observed","count":0,"nearestMeters":null,"coverage":"community-mapped-observations"},"dogRun":{"status":"not-observed","count":0,"nearestMeters":null,"coverage":"community-mapped-observations"}},"sourceId":"parks"}},{"type":"Feature","id":"stuttgart:osm:way:310567156","geometry":{"type":"Polygon","coordinates":[[[9.14598481,48.72732405],[9.14599809,48.72717026],[9.14635372,48.72720735],[9.14634781,48.72736204],[9.14598481,48.72732405]]]},"properties":{"id":"stuttgart:osm:way:310567156","name":"Unbenannter Park 310567156","nameAddon":null,"objectNumber":"stuttgart:osm:way:310567156","district":"Möhringen","locality":null,"type":"Park","areaM2":463.3,"areaHa":0.05,"designation":null,"dedicated":null,"builtYear":null,"renovatedYear":null,"planningAreaId":null,"planningAreaName":null,"centroid":[9.146171,48.727266],"bounds":[9.14598,48.72717,9.14635,48.72736],"amenities":{"playground":{"status":"observed-nearby","count":1,"nearestMeters":1,"coverage":"community-mapped-observations"},"toilet":{"status":"not-observed","count":0,"nearestMeters":null,"coverage":"community-mapped-observations"},"drinkingFountain":{"status":"not-observed","count":0,"nearestMeters":null,"coverage":"community-mapped-observations"},"dogRun":{"status":"not-observed","count":0,"nearestMeters":null,"coverage":"community-mapped-observations"}},"sourceId":"parks"}},{"type":"Feature","id":"stuttgart:osm:way:314146241","geometry":{"type":"Polygon","coordinates":[[[9.21784688,48.80423828],[9.21798116,48.80416229],[9.21811397,48.80420572],[9.21808445,48.8042989],[9.21799592,48.80435227],[9.21784688,48.80423828]]]},"properties":{"id":"stuttgart:osm:way:314146241","name":"Unbenannter Park 314146241","nameAddon":null,"objectNumber":"stuttgart:osm:way:314146241","district":"Bad Cannstatt","locality":null,"type":"Park","areaM2":229.8,"areaHa":0.02,"designation":null,"dedicated":null,"builtYear":null,"renovatedYear":null,"planningAreaId":null,"planningAreaName":null,"centroid":[9.217993,48.80425],"bounds":[9.21785,48.80416,9.21811,48.80435],"amenities":{"playground":{"status":"not-observed","count":0,"nearestMeters":null,"coverage":"community-mapped-observations"},"toilet":{"status":"not-observed","count":0,"nearestMeters":null,"coverage":"community-mapped-observations"},"drinkingFountain":{"status":"not-observed","count":0,"nearestMeters":null,"coverage":"community-mapped-observations"},"dogRun":{"status":"not-observed","count":0,"nearestMeters":null,"coverage":"community-mapped-observations"}},"sourceId":"parks"}},{"type":"Feature","id":"stuttgart:osm:way:315188617","geometry":{"type":"Polygon","coordinates":[[[9.23721462,48.81295821],[9.23757172,48.81278451],[9.23761452,48.81258097],[9.23849252,48.81268771],[9.23837595,48.81313823],[9.23721462,48.81295821]]]},"properties":{"id":"stuttgart:osm:way:315188617","name":"Unbenannter Park 315188617","nameAddon":null,"objectNumber":"stuttgart:osm:way:315188617","district":"Bad Cannstatt","locality":null,"type":"Park","areaM2":3468.4,"areaHa":0.35,"designation":null,"dedicated":null,"builtYear":null,"renovatedYear":null,"planningAreaId":null,"planningAreaName":null,"centroid":[9.237959,48.812858],"bounds":[9.23721,48.81258,9.23849,48.81314],"amenities":{"playground":{"status":"not-observed","count":0,"nearestMeters":null,"coverage":"community-mapped-observations"},"toilet":{"status":"not-observed","count":0,"nearestMeters":null,"coverage":"community-mapped-observations"},"drinkingFountain":{"status":"not-observed","count":0,"nearestMeters":null,"coverage":"community-mapped-observations"},"dogRun":{"status":"not-observed","count":0,"nearestMeters":null,"coverage":"community-mapped-observations"}},"sourceId":"parks"}},{"type":"Feature","id":"stuttgart:osm:way:323059311","geometry":{"type":"Polygon","coordinates":[[[9.19618157,48.77343043],[9.19634241,48.77336077],[9.19715254,48.77378867],[9.19694595,48.77403022],[9.1961978,48.77382757],[9.19619485,48.77363579],[9.19618157,48.77343043]]]},"properties":{"id":"stuttgart:osm:way:323059311","name":"Unbenannter Park 323059311","nameAddon":null,"objectNumber":"stuttgart:osm:way:323059311","district":"Stuttgart-Ost","locality":null,"type":"Park","areaM2":2935.2,"areaHa":0.29,"designation":null,"dedicated":null,"builtYear":null,"renovatedYear":null,"planningAreaId":null,"planningAreaName":null,"centroid":[9.196598,48.773717],"bounds":[9.19618,48.77336,9.19715,48.77403],"amenities":{"playground":{"status":"observed-nearby","count":1,"nearestMeters":0,"coverage":"community-mapped-observations"},"toilet":{"status":"not-observed","count":0,"nearestMeters":null,"coverage":"community-mapped-observations"},"drinkingFountain":{"status":"not-observed","count":0,"nearestMeters":null,"coverage":"community-mapped-observations"},"dogRun":{"status":"not-observed","count":0,"nearestMeters":null,"coverage":"community-mapped-observations"}},"sourceId":"parks"}},{"type":"Feature","id":"stuttgart:osm:way:328749305","geometry":{"type":"Polygon","coordinates":[[[9.16358769,48.8278207],[9.16371607,48.82764701],[9.16398021,48.82762891],[9.16439191,48.82781979],[9.1643019,48.828055],[9.16403333,48.82816808],[9.1636659,48.82798987],[9.16358769,48.8278207]]]},"properties":{"id":"stuttgart:osm:way:328749305","name":"Max-Horkheimer-Anlage","nameAddon":null,"objectNumber":"stuttgart:osm:way:328749305","district":"Zuffenhausen","locality":null,"type":"Park","areaM2":2358.8,"areaHa":0.24,"designation":null,"dedicated":null,"builtYear":null,"renovatedYear":null,"planningAreaId":null,"planningAreaName":null,"centroid":[9.163983,48.827882],"bounds":[9.16359,48.82763,9.16439,48.82817],"amenities":{"playground":{"status":"not-observed","count":0,"nearestMeters":null,"coverage":"community-mapped-observations"},"toilet":{"status":"not-observed","count":0,"nearestMeters":null,"coverage":"community-mapped-observations"},"drinkingFountain":{"status":"not-observed","count":0,"nearestMeters":null,"coverage":"community-mapped-observations"},"dogRun":{"status":"not-observed","count":0,"nearestMeters":null,"coverage":"community-mapped-observations"}},"sourceId":"parks"}},{"type":"Feature","id":"stuttgart:osm:way:32905341","geometry":{"type":"Polygon","coordinates":[[[9.20075604,48.77495115],[9.20172849,48.77474127],[9.20236301,48.77485797],[9.20216528,48.7749991],[9.2019941,48.77493758],[9.2017639,48.77520716],[9.20168717,48.77518998],[9.20169602,48.77511127],[9.20123267,48.77516284],[9.20102166,48.77526868],[9.2008313,48.77507056],[9.20075604,48.77495115]]]},"properties":{"id":"stuttgart:osm:way:32905341","name":"Unbenannter Park 32905341","nameAddon":null,"objectNumber":"stuttgart:osm:way:32905341","district":"Stuttgart-Ost","locality":null,"type":"Park","areaM2":3457.7,"areaHa":0.35,"designation":null,"dedicated":null,"builtYear":null,"renovatedYear":null,"planningAreaId":null,"planningAreaName":null,"centroid":[9.201497,48.774976],"bounds":[9.20076,48.77474,9.20236,48.77527],"amenities":{"playground":{"status":"not-observed","count":0,"nearestMeters":null,"coverage":"community-mapped-observations"},"toilet":{"status":"observed-nearby","count":1,"nearestMeters":65,"coverage":"community-mapped-observations"},"drinkingFountain":{"status":"not-observed","count":0,"nearestMeters":null,"coverage":"community-mapped-observations"},"dogRun":{"status":"not-observed","count":0,"nearestMeters":null,"coverage":"community-mapped-observations"}},"sourceId":"parks"}},{"type":"Feature","id":"stuttgart:osm:way:334352551","geometry":{"type":"Polygon","coordinates":[[[9.21400579,48.86374616],[9.21528517,48.86307038],[9.21532354,48.86318437],[9.21551389,48.8633273],[9.21687738,48.86292473],[9.21722268,48.86297539],[9.21780999,48.86326036],[9.21840909,48.86374796],[9.21838106,48.86431518],[9.2176093,48.86434775],[9.2174883,48.86448525],[9.21753847,48.86501447],[9.21768603,48.86563959],[9.21778638,48.86567396],[9.21819808,48.86569025],[9.21845336,48.86613895],[9.21858912,48.86626199],[9.21867619,48.8662448],[9.21864077,48.86630812],[9.2169187,48.86639949],[9.21707512,48.86573367],[9.21557735,48.86584404],[9.21587395,48.86503347],[9.21548291,48.86378053],[9.21523795,48.86322146],[9.2141504,48.86381853],[9.21400579,48.86374616]]]},"properties":{"id":"stuttgart:osm:way:334352551","name":"Freizeitpark","nameAddon":null,"objectNumber":"stuttgart:osm:way:334352551","district":"Mühlhausen","locality":null,"type":"Park","areaM2":57697.7,"areaHa":5.77,"designation":null,"dedicated":null,"builtYear":null,"renovatedYear":null,"planningAreaId":null,"planningAreaName":null,"centroid":[9.216841,48.864518],"bounds":[9.21401,48.86292,9.21868,48.8664],"amenities":{"playground":{"status":"not-observed","count":0,"nearestMeters":null,"coverage":"community-mapped-observations"},"toilet":{"status":"not-observed","count":0,"nearestMeters":null,"coverage":"community-mapped-observations"},"drinkingFountain":{"status":"not-observed","count":0,"nearestMeters":null,"coverage":"community-mapped-observations"},"dogRun":{"status":"not-observed","count":0,"nearestMeters":null,"coverage":"community-mapped-observations"}},"sourceId":"parks"}},{"type":"Feature","id":"stuttgart:osm:way:335551708","geometry":{"type":"Polygon","coordinates":[[[9.17486598,48.76905102],[9.17496485,48.76877239],[9.17528802,48.7689488],[9.17488074,48.76905826],[9.17486598,48.76905102]]]},"properties":{"id":"stuttgart:osm:way:335551708","name":"Weißenburgplatz","nameAddon":null,"objectNumber":"stuttgart:osm:way:335551708","district":"Stuttgart-Süd","locality":null,"type":"Park","areaM2":457.7,"areaHa":0.05,"designation":null,"dedicated":null,"builtYear":null,"renovatedYear":null,"planningAreaId":null,"planningAreaName":null,"centroid":[9.175038,48.768928],"bounds":[9.17487,48.76877,9.17529,48.76906],"amenities":{"playground":{"status":"not-observed","count":0,"nearestMeters":null,"coverage":"community-mapped-observations"},"toilet":{"status":"not-observed","count":0,"nearestMeters":null,"coverage":"community-mapped-observations"},"drinkingFountain":{"status":"not-observed","count":0,"nearestMeters":null,"coverage":"community-mapped-observations"},"dogRun":{"status":"not-observed","count":0,"nearestMeters":null,"coverage":"community-mapped-observations"}},"sourceId":"parks"}},{"type":"Feature","id":"stuttgart:osm:way:336095379","geometry":{"type":"Polygon","coordinates":[[[9.20468419,48.80607653],[9.20520804,48.80596074],[9.20523018,48.80599511],[9.20527887,48.80598155],[9.20521985,48.80580514],[9.20533495,48.80567668],[9.20556367,48.80562873],[9.20577321,48.80567849],[9.20655382,48.80688981],[9.20651103,48.80707255],[9.20635609,48.80715578],[9.20616868,48.80717206],[9.20599603,48.80711688],[9.20588388,48.80697395],[9.20583371,48.80698842],[9.20587208,48.80704722],[9.20538217,48.80717387],[9.20528773,48.80700923],[9.2054043,48.80697847],[9.20497046,48.8063235],[9.20500883,48.80631355],[9.20494685,48.80621042],[9.20478896,48.80625204],[9.20468419,48.80607653]]]},"properties":{"id":"stuttgart:osm:way:336095379","name":"Maurischer Garten","nameAddon":null,"objectNumber":"stuttgart:osm:way:336095379","district":"Bad Cannstatt","locality":null,"type":"Park","areaM2":13176.8,"areaHa":1.32,"designation":null,"dedicated":null,"builtYear":null,"renovatedYear":null,"planningAreaId":null,"planningAreaName":null,"centroid":[9.205687,48.806457],"bounds":[9.20468,48.80563,9.20655,48.80717],"amenities":{"playground":{"status":"observed-nearby","count":1,"nearestMeters":46,"coverage":"community-mapped-observations"},"toilet":{"status":"observed-nearby","count":3,"nearestMeters":0,"coverage":"community-mapped-observations"},"drinkingFountain":{"status":"not-observed","count":0,"nearestMeters":null,"coverage":"community-mapped-observations"},"dogRun":{"status":"not-observed","count":0,"nearestMeters":null,"coverage":"community-mapped-observations"}},"sourceId":"parks"}},{"type":"Feature","id":"stuttgart:osm:way:34176066","geometry":{"type":"Polygon","coordinates":[[[9.20195279,48.71181654],[9.20259321,48.7114782],[9.20294294,48.71170527],[9.20200591,48.712296],[9.20195279,48.71181654]]]},"properties":{"id":"stuttgart:osm:way:34176066","name":"Unbenannter Park 34176066","nameAddon":null,"objectNumber":"stuttgart:osm:way:34176066","district":"Plieningen","locality":null,"type":"Park","areaM2":3043.7,"areaHa":0.3,"designation":null,"dedicated":null,"builtYear":null,"renovatedYear":null,"planningAreaId":null,"planningAreaName":null,"centroid":[9.20237,48.711843],"bounds":[9.20195,48.71148,9.20294,48.7123],"amenities":{"playground":{"status":"not-observed","count":0,"nearestMeters":null,"coverage":"community-mapped-observations"},"toilet":{"status":"not-observed","count":0,"nearestMeters":null,"coverage":"community-mapped-observations"},"drinkingFountain":{"status":"not-observed","count":0,"nearestMeters":null,"coverage":"community-mapped-observations"},"dogRun":{"status":"not-observed","count":0,"nearestMeters":null,"coverage":"community-mapped-observations"}},"sourceId":"parks"}},{"type":"Feature","id":"stuttgart:osm:way:34283238","geometry":{"type":"Polygon","coordinates":[[[9.227561,48.80939931],[9.22880201,48.80815542],[9.22901155,48.80823503],[9.22901893,48.80865298],[9.22910599,48.80891352],[9.22960623,48.80955129],[9.22978774,48.80988601],[9.22964165,48.80991406],[9.22951769,48.80988782],[9.22855558,48.80950154],[9.22834013,48.80972951],[9.22774103,48.80948435],[9.227561,48.80939931]]]},"properties":{"id":"stuttgart:osm:way:34283238","name":"Unbenannter Park 34283238","nameAddon":null,"objectNumber":"stuttgart:osm:way:34283238","district":"Bad Cannstatt","locality":null,"type":"Park","areaM2":13908.7,"areaHa":1.39,"designation":null,"dedicated":null,"builtYear":null,"renovatedYear":null,"planningAreaId":null,"planningAreaName":null,"centroid":[9.228685,48.809156],"bounds":[9.22756,48.80816,9.22979,48.80991],"amenities":{"playground":{"status":"not-observed","count":0,"nearestMeters":null,"coverage":"community-mapped-observations"},"toilet":{"status":"not-observed","count":0,"nearestMeters":null,"coverage":"community-mapped-observations"},"drinkingFountain":{"status":"not-observed","count":0,"nearestMeters":null,"coverage":"community-mapped-observations"},"dogRun":{"status":"not-observed","count":0,"nearestMeters":null,"coverage":"community-mapped-observations"}},"sourceId":"parks"}},{"type":"Feature","id":"stuttgart:osm:way:344442803","geometry":{"type":"Polygon","coordinates":[[[9.24497352,48.80709246],[9.24514469,48.80653338],[9.24547524,48.80658857],[9.24530849,48.80713588],[9.24497352,48.80709246]]]},"properties":{"id":"stuttgart:osm:way:344442803","name":"Grünanlage Flandernstraße / Im Geiger","nameAddon":null,"objectNumber":"stuttgart:osm:way:344442803","district":"Bad Cannstatt","locality":null,"type":"Park","areaM2":1586.8,"areaHa":0.16,"designation":null,"dedicated":null,"builtYear":null,"renovatedYear":null,"planningAreaId":null,"planningAreaName":null,"centroid":[9.245225,48.806838],"bounds":[9.24497,48.80653,9.24548,48.80714],"amenities":{"playground":{"status":"observed-nearby","count":1,"nearestMeters":54,"coverage":"community-mapped-observations"},"toilet":{"status":"not-observed","count":0,"nearestMeters":null,"coverage":"community-mapped-observations"},"drinkingFountain":{"status":"not-observed","count":0,"nearestMeters":null,"coverage":"community-mapped-observations"},"dogRun":{"status":"not-observed","count":0,"nearestMeters":null,"coverage":"community-mapped-observations"}},"sourceId":"parks"}},{"type":"Feature","id":"stuttgart:osm:way:344745916","geometry":{"type":"Polygon","coordinates":[[[9.14559081,48.77438484],[9.14570001,48.77433237],[9.14610581,48.77433961],[9.14609991,48.77444002],[9.14625632,48.77444183],[9.1462519,48.77450516],[9.14589332,48.77448706],[9.14585938,48.77440836],[9.1456218,48.77443278],[9.14559081,48.77438484]]]},"properties":{"id":"stuttgart:osm:way:344745916","name":"Unbenannter Park 344745916","nameAddon":null,"objectNumber":"stuttgart:osm:way:344745916","district":"Stuttgart-West","locality":null,"type":"Park","areaM2":541.6,"areaHa":0.05,"designation":null,"dedicated":null,"builtYear":null,"renovatedYear":null,"planningAreaId":null,"planningAreaName":null,"centroid":[9.145936,48.774411],"bounds":[9.14559,48.77433,9.14626,48.77451],"amenities":{"playground":{"status":"observed-nearby","count":2,"nearestMeters":0,"coverage":"community-mapped-observations"},"toilet":{"status":"not-observed","count":0,"nearestMeters":null,"coverage":"community-mapped-observations"},"drinkingFountain":{"status":"not-observed","count":0,"nearestMeters":null,"coverage":"community-mapped-observations"},"dogRun":{"status":"not-observed","count":0,"nearestMeters":null,"coverage":"community-mapped-observations"}},"sourceId":"parks"}},{"type":"Feature","id":"stuttgart:osm:way:344746988","geometry":{"type":"Polygon","coordinates":[[[9.14530601,48.7745133],[9.14531634,48.77449159],[9.14554654,48.77438846],[9.14555097,48.7745133],[9.14530601,48.7745133]]]},"properties":{"id":"stuttgart:osm:way:344746988","name":"Unbenannter Park 344746988","nameAddon":null,"objectNumber":"stuttgart:osm:way:344746988","district":"Stuttgart-West","locality":null,"type":"Park","areaM2":144.3,"areaHa":0.01,"designation":null,"dedicated":null,"builtYear":null,"renovatedYear":null,"planningAreaId":null,"planningAreaName":null,"centroid":[9.145459,48.774471],"bounds":[9.14531,48.77439,9.14555,48.77451],"amenities":{"playground":{"status":"observed-nearby","count":1,"nearestMeters":2,"coverage":"community-mapped-observations"},"toilet":{"status":"not-observed","count":0,"nearestMeters":null,"coverage":"community-mapped-observations"},"drinkingFountain":{"status":"not-observed","count":0,"nearestMeters":null,"coverage":"community-mapped-observations"},"dogRun":{"status":"not-observed","count":0,"nearestMeters":null,"coverage":"community-mapped-observations"}},"sourceId":"parks"}},{"type":"Feature","id":"stuttgart:osm:way:345971756","geometry":{"type":"Polygon","coordinates":[[[9.24649638,48.80436946],[9.24724748,48.80433237],[9.24721059,48.80478288],[9.24681954,48.80477384],[9.24681364,48.80468066],[9.2466587,48.80451601],[9.24649638,48.80436946]]]},"properties":{"id":"stuttgart:osm:way:345971756","name":"Unbenannter Park 345971756","nameAddon":null,"objectNumber":"stuttgart:osm:way:345971756","district":"Bad Cannstatt","locality":null,"type":"Park","areaM2":1910.5,"areaHa":0.19,"designation":null,"dedicated":null,"builtYear":null,"renovatedYear":null,"planningAreaId":null,"planningAreaName":null,"centroid":[9.246956,48.804537],"bounds":[9.2465,48.80433,9.24725,48.80478],"amenities":{"playground":{"status":"not-observed","count":0,"nearestMeters":null,"coverage":"community-mapped-observations"},"toilet":{"status":"not-observed","count":0,"nearestMeters":null,"coverage":"community-mapped-observations"},"drinkingFountain":{"status":"not-observed","count":0,"nearestMeters":null,"coverage":"community-mapped-observations"},"dogRun":{"status":"not-observed","count":0,"nearestMeters":null,"coverage":"community-mapped-observations"}},"sourceId":"parks"}},{"type":"Feature","id":"stuttgart:osm:way:34681994","geometry":{"type":"Polygon","coordinates":[[[9.21601561,48.70753302],[9.21607611,48.70744889],[9.21689804,48.70786864],[9.21798706,48.70833454],[9.21806675,48.70843857],[9.21753847,48.70901122],[9.21745583,48.70898317],[9.2175429,48.7086575],[9.21746764,48.70848109],[9.21735401,48.70841596],[9.21724187,48.70860051],[9.21690985,48.7081129],[9.21644207,48.70790845],[9.2161676,48.70770762],[9.21601561,48.70753302]]]},"properties":{"id":"stuttgart:osm:way:34681994","name":"Landschaftgeschichtlicher Garten","nameAddon":null,"objectNumber":"stuttgart:osm:way:34681994","district":"Plieningen","locality":null,"type":"Park","areaM2":5956.5,"areaHa":0.6,"designation":null,"dedicated":null,"builtYear":null,"renovatedYear":null,"planningAreaId":null,"planningAreaName":null,"centroid":[9.217195,48.708212],"bounds":[9.21602,48.70745,9.21807,48.70901],"amenities":{"playground":{"status":"not-observed","count":0,"nearestMeters":null,"coverage":"community-mapped-observations"},"toilet":{"status":"not-observed","count":0,"nearestMeters":null,"coverage":"community-mapped-observations"},"drinkingFountain":{"status":"not-observed","count":0,"nearestMeters":null,"coverage":"community-mapped-observations"},"dogRun":{"status":"not-observed","count":0,"nearestMeters":null,"coverage":"community-mapped-observations"}},"sourceId":"parks"}},{"type":"Feature","id":"stuttgart:osm:way:34710945","geometry":{"type":"Polygon","coordinates":[[[9.15218986,48.76003166],[9.15237727,48.7599421],[9.15253221,48.76001628],[9.15239498,48.76016465],[9.15219134,48.76007599],[9.15218986,48.76003166]]]},"properties":{"id":"stuttgart:osm:way:34710945","name":"Unbenannter Park 34710945","nameAddon":null,"objectNumber":"stuttgart:osm:way:34710945","district":"Stuttgart-Süd","locality":null,"type":"Park","areaM2":349.9,"areaHa":0.03,"designation":null,"dedicated":null,"builtYear":null,"renovatedYear":null,"planningAreaId":null,"planningAreaName":null,"centroid":[9.152359,48.760049],"bounds":[9.15219,48.75994,9.15253,48.76016],"amenities":{"playground":{"status":"observed-nearby","count":2,"nearestMeters":0,"coverage":"community-mapped-observations"},"toilet":{"status":"not-observed","count":0,"nearestMeters":null,"coverage":"community-mapped-observations"},"drinkingFountain":{"status":"observed-nearby","count":1,"nearestMeters":6,"coverage":"community-mapped-observations"},"dogRun":{"status":"not-observed","count":0,"nearestMeters":null,"coverage":"community-mapped-observations"}},"sourceId":"parks"}},{"type":"Feature","id":"stuttgart:osm:way:34749445","geometry":{"type":"Polygon","coordinates":[[[9.19279055,48.77980098],[9.19299714,48.77969694],[9.19306207,48.77957301],[9.19306945,48.77928895],[9.19322587,48.77922019],[9.19336753,48.77938574],[9.19339409,48.77953049],[9.19332031,48.7797856],[9.19351804,48.78008323],[9.19401238,48.78061969],[9.194399,48.78065406],[9.19455541,48.78078433],[9.19487415,48.7808558],[9.19521502,48.78100959],[9.19551901,48.78124389],[9.19553524,48.7813805],[9.19518551,48.78155871],[9.19539358,48.7817315],[9.19532275,48.78176407],[9.19608713,48.78226253],[9.19618304,48.78222634],[9.19636012,48.78239732],[9.19646194,48.78235209],[9.19656671,48.78251583],[9.19640439,48.78258368],[9.19647965,48.78263796],[9.19644718,48.78266058],[9.19570789,48.78250317],[9.19455689,48.78183011],[9.19425291,48.78137688],[9.19386629,48.78112267],[9.19378071,48.78116971],[9.19323767,48.7807581],[9.19300452,48.78065587],[9.19292926,48.78049665],[9.19308863,48.78028768],[9.19283925,48.78000814],[9.19294845,48.77994843],[9.19279055,48.77980098]]]},"properties":{"id":"stuttgart:osm:way:34749445","name":"Uhlandshöhe","nameAddon":null,"objectNumber":"stuttgart:osm:way:34749445","district":"Stuttgart-Ost","locality":null,"type":"Park","areaM2":24014,"areaHa":2.4,"designation":null,"dedicated":null,"builtYear":null,"renovatedYear":null,"planningAreaId":null,"planningAreaName":null,"centroid":[9.194433,48.78112],"bounds":[9.19279,48.77922,9.19657,48.78266],"amenities":{"playground":{"status":"observed-nearby","count":3,"nearestMeters":0,"coverage":"community-mapped-observations"},"toilet":{"status":"observed-nearby","count":1,"nearestMeters":0,"coverage":"community-mapped-observations"},"drinkingFountain":{"status":"observed-nearby","count":1,"nearestMeters":0,"coverage":"community-mapped-observations"},"dogRun":{"status":"not-observed","count":0,"nearestMeters":null,"coverage":"community-mapped-observations"}},"sourceId":"parks"}},{"type":"Feature","id":"stuttgart:osm:way:34750098","geometry":{"type":"Polygon","coordinates":[[[9.20860496,48.83140311],[9.20879974,48.8287543],[9.20910077,48.82784512],[9.20963791,48.82727429],[9.20993451,48.82711236],[9.21063986,48.82683915],[9.2107166,48.82686358],[9.21084055,48.82678035],[9.21094827,48.82722815],[9.21099402,48.82781527],[9.21141605,48.82887733],[9.21172446,48.82930794],[9.21251983,48.83008956],[9.21667965,48.83313733],[9.21672097,48.83311561],[9.21771112,48.83379591],[9.2202079,48.83537905],[9.22338494,48.83710422],[9.22360039,48.83726162],[9.22375238,48.8374896],[9.22331411,48.83766962],[9.22189898,48.83769948],[9.21882965,48.83757373],[9.21836335,48.83748236],[9.21815086,48.83740275],[9.21750896,48.83744075],[9.2166826,48.83730957],[9.21487347,48.83687534],[9.2135572,48.83642392],[9.21297137,48.83626108],[9.2113526,48.83555093],[9.21091581,48.83528858],[9.21018979,48.83476027],[9.20947411,48.83401484],[9.20906536,48.83340148],[9.20880269,48.83278542],[9.20863152,48.8321404],[9.20860496,48.83140311]]]},"properties":{"id":"stuttgart:osm:way:34750098","name":"Unbenannter Park 34750098","nameAddon":null,"objectNumber":"stuttgart:osm:way:34750098","district":"Mühlhausen","locality":null,"type":"Park","areaM2":515836.1,"areaHa":51.58,"designation":null,"dedicated":null,"builtYear":null,"renovatedYear":null,"planningAreaId":null,"planningAreaName":null,"centroid":[9.214119,48.833547],"bounds":[9.2086,48.82678,9.22375,48.8377],"amenities":{"playground":{"status":"observed-nearby","count":4,"nearestMeters":0,"coverage":"community-mapped-observations"},"toilet":{"status":"observed-nearby","count":2,"nearestMeters":0,"coverage":"community-mapped-observations"},"drinkingFountain":{"status":"not-observed","count":0,"nearestMeters":null,"coverage":"community-mapped-observations"},"dogRun":{"status":"not-observed","count":0,"nearestMeters":null,"coverage":"community-mapped-observations"}},"sourceId":"parks"}},{"type":"Feature","id":"stuttgart:osm:way:348686549","geometry":{"type":"Polygon","coordinates":[[[9.15629361,48.7732305],[9.15635854,48.77308757],[9.15645003,48.77323141],[9.15636887,48.77324588],[9.15629361,48.7732305]]]},"properties":{"id":"stuttgart:osm:way:348686549","name":"Unbenannter Park 348686549","nameAddon":null,"objectNumber":"stuttgart:osm:way:348686549","district":"Stuttgart-West","locality":null,"type":"Park","areaM2":113.4,"areaHa":0.01,"designation":null,"dedicated":null,"builtYear":null,"renovatedYear":null,"planningAreaId":null,"planningAreaName":null,"centroid":[9.156368,48.773188],"bounds":[9.15629,48.77309,9.15645,48.77325],"amenities":{"playground":{"status":"observed-nearby","count":1,"nearestMeters":58,"coverage":"community-mapped-observations"},"toilet":{"status":"observed-nearby","count":1,"nearestMeters":29,"coverage":"community-mapped-observations"},"drinkingFountain":{"status":"observed-nearby","count":1,"nearestMeters":67,"coverage":"community-mapped-observations"},"dogRun":{"status":"not-observed","count":0,"nearestMeters":null,"coverage":"community-mapped-observations"}},"sourceId":"parks"}},{"type":"Feature","id":"stuttgart:osm:way:35215990","geometry":{"type":"Polygon","coordinates":[[[9.16674555,48.76742537],[9.16683261,48.76739099],[9.16682228,48.76735209],[9.16732105,48.76717659],[9.16740516,48.76719287],[9.16763241,48.76711417],[9.1678995,48.76743079],[9.16725169,48.76766872],[9.16740073,48.76786322],[9.16702297,48.76795187],[9.16681195,48.76761625],[9.16686508,48.76760449],[9.16683557,48.76752397],[9.16674555,48.76742537]]]},"properties":{"id":"stuttgart:osm:way:35215990","name":"Städtisches Lapidarium","nameAddon":null,"objectNumber":"stuttgart:osm:way:35215990","district":"Stuttgart-Süd","locality":null,"type":"Park","areaM2":4059.5,"areaHa":0.41,"designation":null,"dedicated":null,"builtYear":null,"renovatedYear":null,"planningAreaId":null,"planningAreaName":null,"centroid":[9.167269,48.767494],"bounds":[9.16675,48.76711,9.1679,48.76795],"amenities":{"playground":{"status":"not-observed","count":0,"nearestMeters":null,"coverage":"community-mapped-observations"},"toilet":{"status":"not-observed","count":0,"nearestMeters":null,"coverage":"community-mapped-observations"},"drinkingFountain":{"status":"not-observed","count":0,"nearestMeters":null,"coverage":"community-mapped-observations"},"dogRun":{"status":"not-observed","count":0,"nearestMeters":null,"coverage":"community-mapped-observations"}},"sourceId":"parks"}},{"type":"Feature","id":"stuttgart:osm:way:35401253","geometry":{"type":"Polygon","coordinates":[[[9.16734761,48.77894789],[9.16777407,48.77842953],[9.16785228,48.77845757],[9.16802493,48.77844038],[9.16805739,48.77838158],[9.16899442,48.77864845],[9.16899885,48.77870002],[9.16889408,48.77868645],[9.16874356,48.77886195],[9.16868601,48.77883572],[9.16839531,48.778852],[9.16833629,48.77917044],[9.16820201,48.7792211],[9.16734761,48.77894789]]]},"properties":{"id":"stuttgart:osm:way:35401253","name":"Unbenannter Park 35401253","nameAddon":null,"objectNumber":"stuttgart:osm:way:35401253","district":"Stuttgart-Mitte","locality":null,"type":"Park","areaM2":5879.6,"areaHa":0.59,"designation":null,"dedicated":null,"builtYear":null,"renovatedYear":null,"planningAreaId":null,"planningAreaName":null,"centroid":[9.168104,48.778778],"bounds":[9.16735,48.77838,9.169,48.77922],"amenities":{"playground":{"status":"not-observed","count":0,"nearestMeters":null,"coverage":"community-mapped-observations"},"toilet":{"status":"not-observed","count":0,"nearestMeters":null,"coverage":"community-mapped-observations"},"drinkingFountain":{"status":"not-observed","count":0,"nearestMeters":null,"coverage":"community-mapped-observations"},"dogRun":{"status":"not-observed","count":0,"nearestMeters":null,"coverage":"community-mapped-observations"}},"sourceId":"parks"}},{"type":"Feature","id":"stuttgart:osm:way:355514284","geometry":{"type":"Polygon","coordinates":[[[9.09774327,48.74272028],[9.0977595,48.74258006],[9.09794691,48.74243622],[9.09825089,48.74235571],[9.09879982,48.74233671],[9.09932663,48.74242356],[9.09965127,48.74253845],[9.09988294,48.74272028],[9.09991098,48.74283879],[9.09984162,48.74296544],[9.09964389,48.74307129],[9.09929121,48.74314004],[9.09888394,48.7431509],[9.09837041,48.74308395],[9.09807529,48.74298625],[9.09787165,48.74286684],[9.09774327,48.74272028]]]},"properties":{"id":"stuttgart:osm:way:355514284","name":"Unbenannter Park 355514284","nameAddon":null,"objectNumber":"stuttgart:osm:way:355514284","district":"Vaihingen","locality":null,"type":"Park","areaM2":11271,"areaHa":1.13,"designation":null,"dedicated":null,"builtYear":null,"renovatedYear":null,"planningAreaId":null,"planningAreaName":null,"centroid":[9.098823,48.742745],"bounds":[9.09774,48.74234,9.09991,48.74315],"amenities":{"playground":{"status":"not-observed","count":0,"nearestMeters":null,"coverage":"community-mapped-observations"},"toilet":{"status":"not-observed","count":0,"nearestMeters":null,"coverage":"community-mapped-observations"},"drinkingFountain":{"status":"not-observed","count":0,"nearestMeters":null,"coverage":"community-mapped-observations"},"dogRun":{"status":"not-observed","count":0,"nearestMeters":null,"coverage":"community-mapped-observations"}},"sourceId":"parks"}},{"type":"Feature","id":"stuttgart:osm:way:35671063","geometry":{"type":"Polygon","coordinates":[[[9.20517558,48.7826271],[9.20574222,48.78262168],[9.20573337,48.78319341],[9.20544562,48.78318437],[9.20544414,48.78284965],[9.20517853,48.78284784],[9.20517853,48.78280532],[9.20517558,48.7826271]]]},"properties":{"id":"stuttgart:osm:way:35671063","name":"Unbenannter Park 35671063","nameAddon":null,"objectNumber":"stuttgart:osm:way:35671063","district":"Stuttgart-Ost","locality":null,"type":"Park","areaM2":1842.3,"areaHa":0.18,"designation":null,"dedicated":null,"builtYear":null,"renovatedYear":null,"planningAreaId":null,"planningAreaName":null,"centroid":[9.205518,48.78286],"bounds":[9.20518,48.78262,9.20574,48.78319],"amenities":{"playground":{"status":"observed-nearby","count":3,"nearestMeters":0,"coverage":"community-mapped-observations"},"toilet":{"status":"not-observed","count":0,"nearestMeters":null,"coverage":"community-mapped-observations"},"drinkingFountain":{"status":"not-observed","count":0,"nearestMeters":null,"coverage":"community-mapped-observations"},"dogRun":{"status":"not-observed","count":0,"nearestMeters":null,"coverage":"community-mapped-observations"}},"sourceId":"parks"}},{"type":"Feature","id":"stuttgart:osm:way:35671064","geometry":{"type":"Polygon","coordinates":[[[9.2044112,48.78249231],[9.20454548,48.78235209],[9.20473436,48.781926],[9.20493948,48.78195404],[9.20493062,48.78262891],[9.20475207,48.78262258],[9.2044112,48.78249231]]]},"properties":{"id":"stuttgart:osm:way:35671064","name":"Unbenannter Park 35671064","nameAddon":null,"objectNumber":"stuttgart:osm:way:35671064","district":"Stuttgart-Ost","locality":null,"type":"Park","areaM2":1905.2,"areaHa":0.19,"designation":null,"dedicated":null,"builtYear":null,"renovatedYear":null,"planningAreaId":null,"planningAreaName":null,"centroid":[9.204753,48.782312],"bounds":[9.20441,48.78193,9.20494,48.78263],"amenities":{"playground":{"status":"observed-nearby","count":2,"nearestMeters":44,"coverage":"community-mapped-observations"},"toilet":{"status":"not-observed","count":0,"nearestMeters":null,"coverage":"community-mapped-observations"},"drinkingFountain":{"status":"not-observed","count":0,"nearestMeters":null,"coverage":"community-mapped-observations"},"dogRun":{"status":"not-observed","count":0,"nearestMeters":null,"coverage":"community-mapped-observations"}},"sourceId":"parks"}},{"type":"Feature","id":"stuttgart:osm:way:35672374","geometry":{"type":"Polygon","coordinates":[[[9.1964885,48.78575357],[9.19654162,48.78558259],[9.19708613,48.78580876],[9.19708761,48.78592093],[9.19669361,48.78601321],[9.19651949,48.78600235],[9.1964885,48.78575357]]]},"properties":{"id":"stuttgart:osm:way:35672374","name":"Werfmershalden-Anlage","nameAddon":null,"objectNumber":"stuttgart:osm:way:35672374","district":"Stuttgart-Mitte","locality":null,"type":"Park","areaM2":1374.2,"areaHa":0.14,"designation":null,"dedicated":null,"builtYear":null,"renovatedYear":null,"planningAreaId":null,"planningAreaName":null,"centroid":[9.196742,48.785829],"bounds":[9.19649,48.78558,9.19709,48.78601],"amenities":{"playground":{"status":"observed-nearby","count":1,"nearestMeters":52,"coverage":"community-mapped-observations"},"toilet":{"status":"not-observed","count":0,"nearestMeters":null,"coverage":"community-mapped-observations"},"drinkingFountain":{"status":"not-observed","count":0,"nearestMeters":null,"coverage":"community-mapped-observations"},"dogRun":{"status":"not-observed","count":0,"nearestMeters":null,"coverage":"community-mapped-observations"}},"sourceId":"parks"}},{"type":"Feature","id":"stuttgart:osm:way:35828199","geometry":{"type":"Polygon","coordinates":[[[9.18170704,48.77721096],[9.18187379,48.77716754],[9.1819092,48.77706622],[9.18230025,48.77689072],[9.18264259,48.77664827],[9.18279311,48.7766139],[9.18296281,48.77664194],[9.18315169,48.77685453],[9.18323432,48.77683011],[9.18356339,48.77736656],[9.184223,48.77810747],[9.1826485,48.7785788],[9.1822604,48.77802063],[9.18241977,48.77797358],[9.18239764,48.77794102],[9.18222204,48.77769133],[9.18206119,48.77773928],[9.18170704,48.77721096]]]},"properties":{"id":"stuttgart:osm:way:35828199","name":"Akademiegarten","nameAddon":null,"objectNumber":"stuttgart:osm:way:35828199","district":"Stuttgart-Mitte","locality":null,"type":"Park","areaM2":21578.5,"areaHa":2.16,"designation":null,"dedicated":null,"builtYear":null,"renovatedYear":null,"planningAreaId":null,"planningAreaName":null,"centroid":[9.182912,48.77761],"bounds":[9.18171,48.77661,9.18422,48.77858],"amenities":{"playground":{"status":"not-observed","count":0,"nearestMeters":null,"coverage":"community-mapped-observations"},"toilet":{"status":"observed-nearby","count":1,"nearestMeters":9,"coverage":"community-mapped-observations"},"drinkingFountain":{"status":"not-observed","count":0,"nearestMeters":null,"coverage":"community-mapped-observations"},"dogRun":{"status":"not-observed","count":0,"nearestMeters":null,"coverage":"community-mapped-observations"}},"sourceId":"parks"}},{"type":"Feature","id":"stuttgart:osm:way:358349207","geometry":{"type":"Polygon","coordinates":[[[9.23047686,48.81884929],[9.2305167,48.81855346],[9.23062295,48.81859327],[9.2306805,48.81885652],[9.23061852,48.81885381],[9.23047686,48.81884929]]]},"properties":{"id":"stuttgart:osm:way:358349207","name":"Unbenannter Park 358349207","nameAddon":null,"objectNumber":"stuttgart:osm:way:358349207","district":"Bad Cannstatt","locality":null,"type":"Park","areaM2":364.4,"areaHa":0.04,"designation":null,"dedicated":null,"builtYear":null,"renovatedYear":null,"planningAreaId":null,"planningAreaName":null,"centroid":[9.230573,48.818728],"bounds":[9.23048,48.81855,9.23068,48.81886],"amenities":{"playground":{"status":"not-observed","count":0,"nearestMeters":null,"coverage":"community-mapped-observations"},"toilet":{"status":"not-observed","count":0,"nearestMeters":null,"coverage":"community-mapped-observations"},"drinkingFountain":{"status":"not-observed","count":0,"nearestMeters":null,"coverage":"community-mapped-observations"},"dogRun":{"status":"not-observed","count":0,"nearestMeters":null,"coverage":"community-mapped-observations"}},"sourceId":"parks"}},{"type":"Feature","id":"stuttgart:osm:way:359272849","geometry":{"type":"Polygon","coordinates":[[[9.20368518,48.79204089],[9.20370584,48.79195223],[9.20389915,48.79195223],[9.20411459,48.79146644],[9.20555924,48.79086032],[9.20646971,48.79086937],[9.20650513,48.7906622],[9.20817112,48.79084313],[9.20814899,48.79096345],[9.20849871,48.79107291],[9.20857987,48.79116971],[9.20955379,48.79128822],[9.20954199,48.79160937],[9.2102503,48.79164284],[9.21009388,48.79109734],[9.21132456,48.79143116],[9.21148688,48.79144201],[9.21139244,48.79151077],[9.21129505,48.791499],[9.2111888,48.7916926],[9.21094237,48.79161842],[9.2108922,48.79169893],[9.21058674,48.79160756],[9.21052181,48.79176859],[9.21070479,48.79206984],[9.21138358,48.79214583],[9.21123159,48.7923928],[9.21193105,48.79267143],[9.21226897,48.79269857],[9.21294628,48.79297992],[9.21301416,48.79292383],[9.21318386,48.79299982],[9.21394972,48.79239009],[9.21409138,48.7920626],[9.21457391,48.7921214],[9.21492511,48.79191514],[9.21516417,48.79141849],[9.21484248,48.7913425],[9.2147687,48.79125023],[9.21435257,48.79117424],[9.21443668,48.79105211],[9.21442487,48.79089741],[9.21426698,48.79021983],[9.21387003,48.78952054],[9.21398366,48.78926904],[9.21387741,48.78911435],[9.21388184,48.78902207],[9.21443815,48.78868193],[9.21457982,48.78960286],[9.21483215,48.78995205],[9.21490446,48.79052651],[9.21516269,48.79063145],[9.2153442,48.79121404],[9.2156526,48.79164556],[9.21491183,48.79245974],[9.21481297,48.79246517],[9.21308942,48.79360865],[9.21200778,48.79413425],[9.21175249,48.79441379],[9.21160936,48.79491587],[9.21071807,48.79473675],[9.21073283,48.79468247],[9.20867874,48.79438755],[9.2085784,48.79447259],[9.20720901,48.79441469],[9.20658334,48.79470327],[9.20621295,48.79449249],[9.20552383,48.79431066],[9.20564483,48.79414872],[9.20564778,48.79409173],[9.20551497,48.79394518],[9.20557548,48.7938909],[9.20516968,48.79340872],[9.20460008,48.79292292],[9.20368518,48.79204089]]]},"properties":{"id":"stuttgart:osm:way:359272849","name":"Park Villa Berg","nameAddon":null,"objectNumber":"stuttgart:osm:way:359272849","district":"Stuttgart-Ost","locality":null,"type":"Park","areaM2":231907.7,"areaHa":23.19,"designation":null,"dedicated":null,"builtYear":null,"renovatedYear":null,"planningAreaId":null,"planningAreaName":null,"centroid":[9.208987,48.792621],"bounds":[9.20369,48.78868,9.21565,48.79492],"amenities":{"playground":{"status":"observed-nearby","count":3,"nearestMeters":0,"coverage":"community-mapped-observations"},"toilet":{"status":"observed-nearby","count":1,"nearestMeters":29,"coverage":"community-mapped-observations"},"drinkingFountain":{"status":"not-observed","count":0,"nearestMeters":null,"coverage":"community-mapped-observations"},"dogRun":{"status":"not-observed","count":0,"nearestMeters":null,"coverage":"community-mapped-observations"}},"sourceId":"parks"}},{"type":"Feature","id":"stuttgart:osm:way:360759479","geometry":{"type":"Polygon","coordinates":[[[9.17107064,48.82784512],[9.17195898,48.82780713],[9.17201358,48.82835716],[9.17112524,48.82839515],[9.17107064,48.82784512]]]},"properties":{"id":"stuttgart:osm:way:360759479","name":"Hohensteinplatz","nameAddon":null,"objectNumber":"stuttgart:osm:way:360759479","district":"Zuffenhausen","locality":null,"type":"Park","areaM2":4000,"areaHa":0.4,"designation":null,"dedicated":null,"builtYear":null,"renovatedYear":null,"planningAreaId":null,"planningAreaName":null,"centroid":[9.171542,48.828101],"bounds":[9.17107,48.82781,9.17201,48.8284],"amenities":{"playground":{"status":"observed-nearby","count":1,"nearestMeters":0,"coverage":"community-mapped-observations"},"toilet":{"status":"not-observed","count":0,"nearestMeters":null,"coverage":"community-mapped-observations"},"drinkingFountain":{"status":"not-observed","count":0,"nearestMeters":null,"coverage":"community-mapped-observations"},"dogRun":{"status":"not-observed","count":0,"nearestMeters":null,"coverage":"community-mapped-observations"}},"sourceId":"parks"}},{"type":"Feature","id":"stuttgart:osm:way:360763458","geometry":{"type":"Polygon","coordinates":[[[9.17052466,48.82942645],[9.17081093,48.8294165],[9.17082126,48.82954858],[9.17053499,48.82955853],[9.17052466,48.82942645]]]},"properties":{"id":"stuttgart:osm:way:360763458","name":"Unbenannter Park 360763458","nameAddon":null,"objectNumber":"stuttgart:osm:way:360763458","district":"Zuffenhausen","locality":null,"type":"Park","areaM2":309.8,"areaHa":0.03,"designation":null,"dedicated":null,"builtYear":null,"renovatedYear":null,"planningAreaId":null,"planningAreaName":null,"centroid":[9.170673,48.829488],"bounds":[9.17052,48.82942,9.17082,48.82956],"amenities":{"playground":{"status":"not-observed","count":0,"nearestMeters":null,"coverage":"community-mapped-observations"},"toilet":{"status":"not-observed","count":0,"nearestMeters":null,"coverage":"community-mapped-observations"},"drinkingFountain":{"status":"not-observed","count":0,"nearestMeters":null,"coverage":"community-mapped-observations"},"dogRun":{"status":"not-observed","count":0,"nearestMeters":null,"coverage":"community-mapped-observations"}},"sourceId":"parks"}},{"type":"Feature","id":"stuttgart:osm:way:360983776","geometry":{"type":"Polygon","coordinates":[[[9.17075486,48.76409716],[9.17077109,48.76405645],[9.17115771,48.76411073],[9.17105589,48.76440384],[9.17089209,48.76426271],[9.17075486,48.76409716]]]},"properties":{"id":"stuttgart:osm:way:360983776","name":"Karl-Heinrich-Ulrichs-Platz","nameAddon":null,"objectNumber":"stuttgart:osm:way:360983776","district":"Stuttgart-Süd","locality":null,"type":"Park","areaM2":610.7,"areaHa":0.06,"designation":null,"dedicated":null,"builtYear":null,"renovatedYear":null,"planningAreaId":null,"planningAreaName":null,"centroid":[9.170974,48.764193],"bounds":[9.17075,48.76406,9.17116,48.7644],"amenities":{"playground":{"status":"observed-nearby","count":2,"nearestMeters":0,"coverage":"community-mapped-observations"},"toilet":{"status":"not-observed","count":0,"nearestMeters":null,"coverage":"community-mapped-observations"},"drinkingFountain":{"status":"not-observed","count":0,"nearestMeters":null,"coverage":"community-mapped-observations"},"dogRun":{"status":"not-observed","count":0,"nearestMeters":null,"coverage":"community-mapped-observations"}},"sourceId":"parks"}},{"type":"Feature","id":"stuttgart:osm:way:367534215","geometry":{"type":"Polygon","coordinates":[[[9.21520696,48.82261263],[9.21523647,48.82248417],[9.21552865,48.82231771],[9.21566293,48.82253031],[9.21532206,48.82262258],[9.21520696,48.82261263]]]},"properties":{"id":"stuttgart:osm:way:367534215","name":"Unbenannter Park 367534215","nameAddon":null,"objectNumber":"stuttgart:osm:way:367534215","district":"Münster","locality":null,"type":"Park","areaM2":655.7,"areaHa":0.07,"designation":null,"dedicated":null,"builtYear":null,"renovatedYear":null,"planningAreaId":null,"planningAreaName":null,"centroid":[9.21543,48.822493],"bounds":[9.21521,48.82232,9.21566,48.82262],"amenities":{"playground":{"status":"not-observed","count":0,"nearestMeters":null,"coverage":"community-mapped-observations"},"toilet":{"status":"not-observed","count":0,"nearestMeters":null,"coverage":"community-mapped-observations"},"drinkingFountain":{"status":"not-observed","count":0,"nearestMeters":null,"coverage":"community-mapped-observations"},"dogRun":{"status":"not-observed","count":0,"nearestMeters":null,"coverage":"community-mapped-observations"}},"sourceId":"parks"}},{"type":"Feature","id":"stuttgart:osm:way:367534219","geometry":{"type":"Polygon","coordinates":[[[9.22199932,48.81942283],[9.2224184,48.81912882],[9.22312818,48.81955129],[9.22259548,48.81966257],[9.22243316,48.81974851],[9.22199932,48.81942283]]]},"properties":{"id":"stuttgart:osm:way:367534219","name":"Alter Friedhof","nameAddon":null,"objectNumber":"stuttgart:osm:way:367534219","district":"Münster","locality":null,"type":"Park","areaM2":2732,"areaHa":0.27,"designation":null,"dedicated":null,"builtYear":null,"renovatedYear":null,"planningAreaId":null,"planningAreaName":null,"centroid":[9.222509,48.819452],"bounds":[9.222,48.81913,9.22313,48.81975],"amenities":{"playground":{"status":"observed-nearby","count":2,"nearestMeters":0,"coverage":"community-mapped-observations"},"toilet":{"status":"not-observed","count":0,"nearestMeters":null,"coverage":"community-mapped-observations"},"drinkingFountain":{"status":"not-observed","count":0,"nearestMeters":null,"coverage":"community-mapped-observations"},"dogRun":{"status":"not-observed","count":0,"nearestMeters":null,"coverage":"community-mapped-observations"}},"sourceId":"parks"}},{"type":"Feature","id":"stuttgart:osm:way:367534225","geometry":{"type":"Polygon","coordinates":[[[9.22227526,48.82008866],[9.22229002,48.82004071],[9.22282273,48.82000181],[9.22240512,48.82021531],[9.22233281,48.82020536],[9.22227526,48.82008866]]]},"properties":{"id":"stuttgart:osm:way:367534225","name":"Dreiecksplatz","nameAddon":null,"objectNumber":"stuttgart:osm:way:367534225","district":"Münster","locality":null,"type":"Park","areaM2":469.6,"areaHa":0.05,"designation":null,"dedicated":null,"builtYear":null,"renovatedYear":null,"planningAreaId":null,"planningAreaName":null,"centroid":[9.222481,48.820094],"bounds":[9.22228,48.82,9.22282,48.82022],"amenities":{"playground":{"status":"observed-nearby","count":2,"nearestMeters":0,"coverage":"community-mapped-observations"},"toilet":{"status":"not-observed","count":0,"nearestMeters":null,"coverage":"community-mapped-observations"},"drinkingFountain":{"status":"not-observed","count":0,"nearestMeters":null,"coverage":"community-mapped-observations"},"dogRun":{"status":"not-observed","count":0,"nearestMeters":null,"coverage":"community-mapped-observations"}},"sourceId":"parks"}},{"type":"Feature","id":"stuttgart:osm:way:367534242","geometry":{"type":"Polygon","coordinates":[[[9.22233577,48.81756106],[9.2224066,48.81725258],[9.22287142,48.81706532],[9.22293783,48.81707165],[9.22371549,48.81760901],[9.22504504,48.81870002],[9.22469974,48.81890356],[9.22488272,48.81937941],[9.22406669,48.81918943],[9.22371549,48.81899946],[9.22239774,48.81777456],[9.22233577,48.81756106]]]},"properties":{"id":"stuttgart:osm:way:367534242","name":"TSVgg Stuttgart-Münster","nameAddon":null,"objectNumber":"stuttgart:osm:way:367534242","district":"Münster","locality":null,"type":"Park","areaM2":22890.4,"areaHa":2.29,"designation":null,"dedicated":null,"builtYear":null,"renovatedYear":null,"planningAreaId":null,"planningAreaName":null,"centroid":[9.22364,48.818213],"bounds":[9.22234,48.81707,9.22505,48.81938],"amenities":{"playground":{"status":"not-observed","count":0,"nearestMeters":null,"coverage":"community-mapped-observations"},"toilet":{"status":"not-observed","count":0,"nearestMeters":null,"coverage":"community-mapped-observations"},"drinkingFountain":{"status":"not-observed","count":0,"nearestMeters":null,"coverage":"community-mapped-observations"},"dogRun":{"status":"not-observed","count":0,"nearestMeters":null,"coverage":"community-mapped-observations"}},"sourceId":"parks"}},{"type":"Feature","id":"stuttgart:osm:way:367534256","geometry":{"type":"Polygon","coordinates":[[[9.22453447,48.82004252],[9.2245507,48.81996834],[9.22487829,48.81990592],[9.22486353,48.82004523],[9.22477647,48.82003709],[9.22469679,48.8200977],[9.22462448,48.8200778],[9.22453447,48.82004252]]]},"properties":{"id":"stuttgart:osm:way:367534256","name":"ehem. Pfarrgarten","nameAddon":null,"objectNumber":"stuttgart:osm:way:367534256","district":"Münster","locality":null,"type":"Park","areaM2":328.8,"areaHa":0.03,"designation":null,"dedicated":null,"builtYear":null,"renovatedYear":null,"planningAreaId":null,"planningAreaName":null,"centroid":[9.224713,48.820001],"bounds":[9.22453,48.81991,9.22488,48.8201],"amenities":{"playground":{"status":"not-observed","count":0,"nearestMeters":null,"coverage":"community-mapped-observations"},"toilet":{"status":"not-observed","count":0,"nearestMeters":null,"coverage":"community-mapped-observations"},"drinkingFountain":{"status":"not-observed","count":0,"nearestMeters":null,"coverage":"community-mapped-observations"},"dogRun":{"status":"not-observed","count":0,"nearestMeters":null,"coverage":"community-mapped-observations"}},"sourceId":"parks"}},{"type":"Feature","id":"stuttgart:osm:way:367534394","geometry":{"type":"Polygon","coordinates":[[[9.21837073,48.82298896],[9.22033775,48.8226063],[9.22032595,48.82257825],[9.22042482,48.82260087],[9.22045728,48.82268319],[9.21932547,48.82305048],[9.21946713,48.82331826],[9.21838548,48.82307581],[9.21837073,48.82298896]]]},"properties":{"id":"stuttgart:osm:way:367534394","name":"Unbenannter Park 367534394","nameAddon":null,"objectNumber":"stuttgart:osm:way:367534394","district":"Münster","locality":null,"type":"Park","areaM2":3882.5,"areaHa":0.39,"designation":null,"dedicated":null,"builtYear":null,"renovatedYear":null,"planningAreaId":null,"planningAreaName":null,"centroid":[9.219319,48.822949],"bounds":[9.21837,48.82258,9.22046,48.82332],"amenities":{"playground":{"status":"observed-nearby","count":1,"nearestMeters":0,"coverage":"community-mapped-observations"},"toilet":{"status":"not-observed","count":0,"nearestMeters":null,"coverage":"community-mapped-observations"},"drinkingFountain":{"status":"not-observed","count":0,"nearestMeters":null,"coverage":"community-mapped-observations"},"dogRun":{"status":"not-observed","count":0,"nearestMeters":null,"coverage":"community-mapped-observations"}},"sourceId":"parks"}},{"type":"Feature","id":"stuttgart:osm:way:367534397","geometry":{"type":"Polygon","coordinates":[[[9.22516604,48.81934413],[9.22544493,48.81932785],[9.22642033,48.8194545],[9.22660626,48.8196499],[9.22678481,48.82011308],[9.22614143,48.82009227],[9.22588172,48.82012484],[9.22589943,48.82001538],[9.22616209,48.82003438],[9.22618423,48.81986702],[9.22646017,48.81988511],[9.2264764,48.81977384],[9.22659741,48.81974308],[9.22650592,48.81960648],[9.22646017,48.81957391],[9.22545379,48.81950787],[9.22546117,48.81944183],[9.22516899,48.8194156],[9.22516604,48.81934413]]]},"properties":{"id":"stuttgart:osm:way:367534397","name":"Unbenannter Park 367534397","nameAddon":null,"objectNumber":"stuttgart:osm:way:367534397","district":"Münster","locality":null,"type":"Park","areaM2":2909.8,"areaHa":0.29,"designation":null,"dedicated":null,"builtYear":null,"renovatedYear":null,"planningAreaId":null,"planningAreaName":null,"centroid":[9.22614,48.819714],"bounds":[9.22517,48.81933,9.22678,48.82012],"amenities":{"playground":{"status":"not-observed","count":0,"nearestMeters":null,"coverage":"community-mapped-observations"},"toilet":{"status":"not-observed","count":0,"nearestMeters":null,"coverage":"community-mapped-observations"},"drinkingFountain":{"status":"not-observed","count":0,"nearestMeters":null,"coverage":"community-mapped-observations"},"dogRun":{"status":"not-observed","count":0,"nearestMeters":null,"coverage":"community-mapped-observations"}},"sourceId":"parks"}},{"type":"Feature","id":"stuttgart:osm:way:367534399","geometry":{"type":"Polygon","coordinates":[[[9.21458277,48.82383391],[9.21469196,48.82381762],[9.21476279,48.82401845],[9.21568949,48.82386557],[9.2156408,48.82364031],[9.21570425,48.82363036],[9.21571901,48.82367107],[9.21582968,48.8236575],[9.2158769,48.82383752],[9.21741156,48.82358332],[9.21734221,48.82335625],[9.21748092,48.82333363],[9.21756798,48.82362674],[9.21823202,48.82351909],[9.21820546,48.82346662],[9.21831318,48.82345305],[9.21856846,48.82322146],[9.21878538,48.8232685],[9.21846074,48.82353085],[9.21815971,48.82359236],[9.21818037,48.82363488],[9.21765357,48.82376606],[9.21772145,48.82398046],[9.21754437,48.82401393],[9.21747944,48.82379772],[9.2159374,48.82404559],[9.2159979,48.82426995],[9.21581492,48.82429709],[9.2157559,48.82407364],[9.21505054,48.82415506],[9.21504317,48.82433599],[9.21469492,48.82433146],[9.21458277,48.82383391]]]},"properties":{"id":"stuttgart:osm:way:367534399","name":"Unbenannter Park 367534399","nameAddon":null,"objectNumber":"stuttgart:osm:way:367534399","district":"Münster","locality":null,"type":"Park","areaM2":8260,"areaHa":0.83,"designation":null,"dedicated":null,"builtYear":null,"renovatedYear":null,"planningAreaId":null,"planningAreaName":null,"centroid":[9.216453,48.823847],"bounds":[9.21458,48.82322,9.21879,48.82434],"amenities":{"playground":{"status":"observed-nearby","count":2,"nearestMeters":23,"coverage":"community-mapped-observations"},"toilet":{"status":"not-observed","count":0,"nearestMeters":null,"coverage":"community-mapped-observations"},"drinkingFountain":{"status":"not-observed","count":0,"nearestMeters":null,"coverage":"community-mapped-observations"},"dogRun":{"status":"not-observed","count":0,"nearestMeters":null,"coverage":"community-mapped-observations"}},"sourceId":"parks"}},{"type":"Feature","id":"stuttgart:osm:way:367534400","geometry":{"type":"Polygon","coordinates":[[[9.21584001,48.82439208],[9.21602299,48.82436222],[9.21614842,48.82483354],[9.21596544,48.82485887],[9.21584001,48.82439208]]]},"properties":{"id":"stuttgart:osm:way:367534400","name":"Unbenannter Park 367534400","nameAddon":null,"objectNumber":"stuttgart:osm:way:367534400","district":"Münster","locality":null,"type":"Park","areaM2":726.3,"areaHa":0.07,"designation":null,"dedicated":null,"builtYear":null,"renovatedYear":null,"planningAreaId":null,"planningAreaName":null,"centroid":[9.215994,48.824611],"bounds":[9.21584,48.82436,9.21615,48.82486],"amenities":{"playground":{"status":"not-observed","count":0,"nearestMeters":null,"coverage":"community-mapped-observations"},"toilet":{"status":"not-observed","count":0,"nearestMeters":null,"coverage":"community-mapped-observations"},"drinkingFountain":{"status":"not-observed","count":0,"nearestMeters":null,"coverage":"community-mapped-observations"},"dogRun":{"status":"not-observed","count":0,"nearestMeters":null,"coverage":"community-mapped-observations"}},"sourceId":"parks"}},{"type":"Feature","id":"stuttgart:osm:way:367534403","geometry":{"type":"Polygon","coordinates":[[[9.21757093,48.82410078],[9.21774948,48.82407364],[9.21789262,48.82452777],[9.21771112,48.82456305],[9.21757093,48.82410078]]]},"properties":{"id":"stuttgart:osm:way:367534403","name":"Unbenannter Park 367534403","nameAddon":null,"objectNumber":"stuttgart:osm:way:367534403","district":"Münster","locality":null,"type":"Park","areaM2":708.2,"areaHa":0.07,"designation":null,"dedicated":null,"builtYear":null,"renovatedYear":null,"planningAreaId":null,"planningAreaName":null,"centroid":[9.217731,48.824317],"bounds":[9.21757,48.82407,9.21789,48.82456],"amenities":{"playground":{"status":"not-observed","count":0,"nearestMeters":null,"coverage":"community-mapped-observations"},"toilet":{"status":"not-observed","count":0,"nearestMeters":null,"coverage":"community-mapped-observations"},"drinkingFountain":{"status":"not-observed","count":0,"nearestMeters":null,"coverage":"community-mapped-observations"},"dogRun":{"status":"not-observed","count":0,"nearestMeters":null,"coverage":"community-mapped-observations"}},"sourceId":"parks"}},{"type":"Feature","id":"stuttgart:osm:way:367534405","geometry":{"type":"Polygon","coordinates":[[[9.21367082,48.82454587],[9.21373428,48.82449701],[9.21483658,48.82442645],[9.2150166,48.82502262],[9.21486461,48.82504342],[9.21480706,48.82468699],[9.21476279,48.82463724],[9.2146595,48.82462728],[9.21458277,48.82474579],[9.21423009,48.82477927],[9.21429059,48.82508866],[9.21385528,48.82512213],[9.21377117,48.82508142],[9.21367082,48.82454587]]]},"properties":{"id":"stuttgart:osm:way:367534405","name":"Unbenannter Park 367534405","nameAddon":null,"objectNumber":"stuttgart:osm:way:367534405","district":"Münster","locality":null,"type":"Park","areaM2":4573.8,"areaHa":0.46,"designation":null,"dedicated":null,"builtYear":null,"renovatedYear":null,"planningAreaId":null,"planningAreaName":null,"centroid":[9.214236,48.824732],"bounds":[9.21367,48.82443,9.21502,48.82512],"amenities":{"playground":{"status":"observed-nearby","count":1,"nearestMeters":0,"coverage":"community-mapped-observations"},"toilet":{"status":"not-observed","count":0,"nearestMeters":null,"coverage":"community-mapped-observations"},"drinkingFountain":{"status":"not-observed","count":0,"nearestMeters":null,"coverage":"community-mapped-observations"},"dogRun":{"status":"not-observed","count":0,"nearestMeters":null,"coverage":"community-mapped-observations"}},"sourceId":"parks"}},{"type":"Feature","id":"stuttgart:osm:way:367534407","geometry":{"type":"Polygon","coordinates":[[[9.22049269,48.81709336],[9.22067863,48.81691967],[9.2209162,48.81695947],[9.22085865,48.81707979],[9.22093243,48.81720282],[9.22084242,48.8172372],[9.22049269,48.81709336]]]},"properties":{"id":"stuttgart:osm:way:367534407","name":"Unbenannter Park 367534407","nameAddon":null,"objectNumber":"stuttgart:osm:way:367534407","district":"Münster","locality":null,"type":"Park","areaM2":680.4,"areaHa":0.07,"designation":null,"dedicated":null,"builtYear":null,"renovatedYear":null,"planningAreaId":null,"planningAreaName":null,"centroid":[9.220739,48.817072],"bounds":[9.22049,48.81692,9.22093,48.81724],"amenities":{"playground":{"status":"not-observed","count":0,"nearestMeters":null,"coverage":"community-mapped-observations"},"toilet":{"status":"not-observed","count":0,"nearestMeters":null,"coverage":"community-mapped-observations"},"drinkingFountain":{"status":"not-observed","count":0,"nearestMeters":null,"coverage":"community-mapped-observations"},"dogRun":{"status":"not-observed","count":0,"nearestMeters":null,"coverage":"community-mapped-observations"}},"sourceId":"parks"}},{"type":"Feature","id":"stuttgart:osm:way:367653755","geometry":{"type":"Polygon","coordinates":[[[9.21724039,48.80736566],[9.21730679,48.80730324],[9.21739828,48.80735299],[9.21802543,48.80745974],[9.21800477,48.8075294],[9.2182999,48.8075683],[9.21818185,48.80794554],[9.21799149,48.80785598],[9.21752076,48.80750045],[9.21724039,48.80736566]]]},"properties":{"id":"stuttgart:osm:way:367653755","name":"Unbenannter Park 367653755","nameAddon":null,"objectNumber":"stuttgart:osm:way:367653755","district":"Bad Cannstatt","locality":null,"type":"Park","areaM2":1968.8,"areaHa":0.2,"designation":null,"dedicated":null,"builtYear":null,"renovatedYear":null,"planningAreaId":null,"planningAreaName":null,"centroid":[9.217882,48.807603],"bounds":[9.21724,48.8073,9.2183,48.80795],"amenities":{"playground":{"status":"observed-nearby","count":1,"nearestMeters":51,"coverage":"community-mapped-observations"},"toilet":{"status":"not-observed","count":0,"nearestMeters":null,"coverage":"community-mapped-observations"},"drinkingFountain":{"status":"not-observed","count":0,"nearestMeters":null,"coverage":"community-mapped-observations"},"dogRun":{"status":"not-observed","count":0,"nearestMeters":null,"coverage":"community-mapped-observations"}},"sourceId":"parks"}},{"type":"Feature","id":"stuttgart:osm:way:3678611","geometry":{"type":"Polygon","coordinates":[[[9.14926515,48.77092274],[9.14934483,48.7706034],[9.14958536,48.77035643],[9.15000297,48.77017188],[9.15025235,48.77012303],[9.15069947,48.77013389],[9.15142696,48.77037181],[9.15190211,48.77040438],[9.151818,48.77052289],[9.1508795,48.77101683],[9.15084261,48.77087118],[9.15068029,48.77084132],[9.15057699,48.77101049],[9.14997641,48.77149177],[9.15002363,48.77152614],[9.14983179,48.77168265],[9.14962521,48.77160213],[9.14928728,48.77107744],[9.14926515,48.77092274]]]},"properties":{"id":"stuttgart:osm:way:3678611","name":"Leipziger Platz","nameAddon":null,"objectNumber":"stuttgart:osm:way:3678611","district":"Stuttgart-West","locality":null,"type":"Park","areaM2":17190.6,"areaHa":1.72,"designation":null,"dedicated":null,"builtYear":null,"renovatedYear":null,"planningAreaId":null,"planningAreaName":null,"centroid":[9.150294,48.770743],"bounds":[9.14927,48.77012,9.1519,48.77168],"amenities":{"playground":{"status":"observed-nearby","count":1,"nearestMeters":0,"coverage":"community-mapped-observations"},"toilet":{"status":"observed-nearby","count":1,"nearestMeters":0,"coverage":"community-mapped-observations"},"drinkingFountain":{"status":"not-observed","count":0,"nearestMeters":null,"coverage":"community-mapped-observations"},"dogRun":{"status":"not-observed","count":0,"nearestMeters":null,"coverage":"community-mapped-observations"}},"sourceId":"parks"}},{"type":"Feature","id":"stuttgart:osm:way:37855386","geometry":{"type":"Polygon","coordinates":[[[9.17249611,48.75551294],[9.17251972,48.75536638],[9.17264515,48.75528677],[9.17291962,48.75554098],[9.17265843,48.75559616],[9.17249611,48.75551294]]]},"properties":{"id":"stuttgart:osm:way:37855386","name":"Santiago-de-Chile-Platz","nameAddon":null,"objectNumber":"stuttgart:osm:way:37855386","district":"Degerloch","locality":null,"type":"Park","areaM2":647.8,"areaHa":0.06,"designation":null,"dedicated":null,"builtYear":null,"renovatedYear":null,"planningAreaId":null,"planningAreaName":null,"centroid":[9.172673,48.755462],"bounds":[9.1725,48.75529,9.17292,48.7556],"amenities":{"playground":{"status":"not-observed","count":0,"nearestMeters":null,"coverage":"community-mapped-observations"},"toilet":{"status":"not-observed","count":0,"nearestMeters":null,"coverage":"community-mapped-observations"},"drinkingFountain":{"status":"not-observed","count":0,"nearestMeters":null,"coverage":"community-mapped-observations"},"dogRun":{"status":"not-observed","count":0,"nearestMeters":null,"coverage":"community-mapped-observations"}},"sourceId":"parks"}},{"type":"Feature","id":"stuttgart:osm:way:379535214","geometry":{"type":"Polygon","coordinates":[[[9.15232119,48.76873711],[9.15236251,48.7685806],[9.15262665,48.76853175],[9.1531387,48.76856613],[9.15322724,48.76872806],[9.15328183,48.76874344],[9.15322133,48.7688529],[9.15347072,48.76891442],[9.15348547,48.76886195],[9.15365074,48.76888004],[9.15356073,48.7691044],[9.15347662,48.7690854],[9.15350023,48.76897865],[9.15318887,48.76889542],[9.15311361,48.76875792],[9.15280373,48.76867107],[9.15258238,48.76865931],[9.1526237,48.768871],[9.15244367,48.76882215],[9.15242744,48.76876787],[9.15232119,48.76873711]]]},"properties":{"id":"stuttgart:osm:way:379535214","name":"Unbenannter Park 379535214","nameAddon":null,"objectNumber":"stuttgart:osm:way:379535214","district":"Stuttgart-West","locality":null,"type":"Park","areaM2":1723.3,"areaHa":0.17,"designation":null,"dedicated":null,"builtYear":null,"renovatedYear":null,"planningAreaId":null,"planningAreaName":null,"centroid":[9.152917,48.768726],"bounds":[9.15232,48.76853,9.15365,48.7691],"amenities":{"playground":{"status":"observed-nearby","count":1,"nearestMeters":0,"coverage":"community-mapped-observations"},"toilet":{"status":"not-observed","count":0,"nearestMeters":null,"coverage":"community-mapped-observations"},"drinkingFountain":{"status":"not-observed","count":0,"nearestMeters":null,"coverage":"community-mapped-observations"},"dogRun":{"status":"not-observed","count":0,"nearestMeters":null,"coverage":"community-mapped-observations"}},"sourceId":"parks"}},{"type":"Feature","id":"stuttgart:osm:way:380534856","geometry":{"type":"Polygon","coordinates":[[[9.09339899,48.8251158],[9.09354655,48.82347024],[9.09402909,48.82349557],[9.09387562,48.82513751],[9.09339899,48.8251158]]]},"properties":{"id":"stuttgart:osm:way:380534856","name":"Unbenannter Park 380534856","nameAddon":null,"objectNumber":"stuttgart:osm:way:380534856","district":"Weilimdorf","locality":null,"type":"Park","areaM2":6457.4,"areaHa":0.65,"designation":null,"dedicated":null,"builtYear":null,"renovatedYear":null,"planningAreaId":null,"planningAreaName":null,"centroid":[9.093713,48.824303],"bounds":[9.0934,48.82347,9.09403,48.82514],"amenities":{"playground":{"status":"not-observed","count":0,"nearestMeters":null,"coverage":"community-mapped-observations"},"toilet":{"status":"not-observed","count":0,"nearestMeters":null,"coverage":"community-mapped-observations"},"drinkingFountain":{"status":"not-observed","count":0,"nearestMeters":null,"coverage":"community-mapped-observations"},"dogRun":{"status":"not-observed","count":0,"nearestMeters":null,"coverage":"community-mapped-observations"}},"sourceId":"parks"}},{"type":"Feature","id":"stuttgart:osm:way:383671365","geometry":{"type":"Polygon","coordinates":[[[9.12046808,48.81554189],[9.12055072,48.81535462],[9.1240406,48.81567487],[9.1239255,48.81597431],[9.1237381,48.81592546],[9.12375728,48.81587299],[9.12339722,48.81578614],[9.12294568,48.81572191],[9.12292355,48.81577528],[9.12264317,48.81575629],[9.12264613,48.81570291],[9.12242035,48.81568663],[9.12240707,48.81574815],[9.12046808,48.81554189]]]},"properties":{"id":"stuttgart:osm:way:383671365","name":"Unbenannter Park 383671365","nameAddon":null,"objectNumber":"stuttgart:osm:way:383671365","district":"Weilimdorf","locality":null,"type":"Park","areaM2":5598.2,"areaHa":0.56,"designation":null,"dedicated":null,"builtYear":null,"renovatedYear":null,"planningAreaId":null,"planningAreaName":null,"centroid":[9.122263,48.815615],"bounds":[9.12047,48.81535,9.12404,48.81597],"amenities":{"playground":{"status":"observed-nearby","count":1,"nearestMeters":1,"coverage":"community-mapped-observations"},"toilet":{"status":"not-observed","count":0,"nearestMeters":null,"coverage":"community-mapped-observations"},"drinkingFountain":{"status":"not-observed","count":0,"nearestMeters":null,"coverage":"community-mapped-observations"},"dogRun":{"status":"not-observed","count":0,"nearestMeters":null,"coverage":"community-mapped-observations"}},"sourceId":"parks"}},{"type":"Feature","id":"stuttgart:osm:way:385376018","geometry":{"type":"Polygon","coordinates":[[[9.17374893,48.82642573],[9.17464021,48.82637416],[9.17473908,48.82633255],[9.17471547,48.82623847],[9.1758399,48.82602135],[9.17601551,48.82638683],[9.17379615,48.82664194],[9.17374893,48.82642573]]]},"properties":{"id":"stuttgart:osm:way:385376018","name":"Unbenannter Park 385376018","nameAddon":null,"objectNumber":"stuttgart:osm:way:385376018","district":"Zuffenhausen","locality":null,"type":"Park","areaM2":4850.6,"areaHa":0.49,"designation":null,"dedicated":null,"builtYear":null,"renovatedYear":null,"planningAreaId":null,"planningAreaName":null,"centroid":[9.175008,48.826356],"bounds":[9.17375,48.82602,9.17602,48.82664],"amenities":{"playground":{"status":"observed-nearby","count":7,"nearestMeters":0,"coverage":"community-mapped-observations"},"toilet":{"status":"not-observed","count":0,"nearestMeters":null,"coverage":"community-mapped-observations"},"drinkingFountain":{"status":"not-observed","count":0,"nearestMeters":null,"coverage":"community-mapped-observations"},"dogRun":{"status":"not-observed","count":0,"nearestMeters":null,"coverage":"community-mapped-observations"}},"sourceId":"parks"}},{"type":"Feature","id":"stuttgart:osm:way:389875726","geometry":{"type":"Polygon","coordinates":[[[9.1237558,48.81267053],[9.12420735,48.8127818],[9.12441394,48.81312285],[9.12436967,48.81315813],[9.12377941,48.81308938],[9.1237558,48.81267053]]]},"properties":{"id":"stuttgart:osm:way:389875726","name":"Unbenannter Park 389875726","nameAddon":null,"objectNumber":"stuttgart:osm:way:389875726","district":"Weilimdorf","locality":null,"type":"Park","areaM2":1747.7,"areaHa":0.17,"designation":null,"dedicated":null,"builtYear":null,"renovatedYear":null,"planningAreaId":null,"planningAreaName":null,"centroid":[9.124039,48.812938],"bounds":[9.12376,48.81267,9.12441,48.81316],"amenities":{"playground":{"status":"not-observed","count":0,"nearestMeters":null,"coverage":"community-mapped-observations"},"toilet":{"status":"not-observed","count":0,"nearestMeters":null,"coverage":"community-mapped-observations"},"drinkingFountain":{"status":"not-observed","count":0,"nearestMeters":null,"coverage":"community-mapped-observations"},"dogRun":{"status":"not-observed","count":0,"nearestMeters":null,"coverage":"community-mapped-observations"}},"sourceId":"parks"}},{"type":"Feature","id":"stuttgart:osm:way:390012512","geometry":{"type":"Polygon","coordinates":[[[9.2100806,48.78947078],[9.21036687,48.78938393],[9.21058379,48.78969332],[9.21029752,48.78978017],[9.2100806,48.78947078]]]},"properties":{"id":"stuttgart:osm:way:390012512","name":"Unbenannter Park 390012512","nameAddon":null,"objectNumber":"stuttgart:osm:way:390012512","district":"Stuttgart-Ost","locality":null,"type":"Park","areaM2":878.2,"areaHa":0.09,"designation":null,"dedicated":null,"builtYear":null,"renovatedYear":null,"planningAreaId":null,"planningAreaName":null,"centroid":[9.210332,48.789582],"bounds":[9.21008,48.78938,9.21058,48.78978],"amenities":{"playground":{"status":"not-observed","count":0,"nearestMeters":null,"coverage":"community-mapped-observations"},"toilet":{"status":"not-observed","count":0,"nearestMeters":null,"coverage":"community-mapped-observations"},"drinkingFountain":{"status":"not-observed","count":0,"nearestMeters":null,"coverage":"community-mapped-observations"},"dogRun":{"status":"not-observed","count":0,"nearestMeters":null,"coverage":"community-mapped-observations"}},"sourceId":"parks"}},{"type":"Feature","id":"stuttgart:osm:way:39163342","geometry":{"type":"Polygon","coordinates":[[[9.20582043,48.71916591],[9.20723704,48.71909083],[9.2078273,48.71901122],[9.20797634,48.71935679],[9.20791584,48.71938393],[9.20680025,48.71943459],[9.20631182,48.71953049],[9.20630296,48.71946264],[9.20594438,48.71951692],[9.20582043,48.71916591]]]},"properties":{"id":"stuttgart:osm:way:39163342","name":"Unbenannter Park 39163342","nameAddon":null,"objectNumber":"stuttgart:osm:way:39163342","district":"Birkach","locality":null,"type":"Park","areaM2":5666.2,"areaHa":0.57,"designation":null,"dedicated":null,"builtYear":null,"renovatedYear":null,"planningAreaId":null,"planningAreaName":null,"centroid":[9.206896,48.719273],"bounds":[9.20582,48.71901,9.20798,48.71953],"amenities":{"playground":{"status":"observed-nearby","count":1,"nearestMeters":4,"coverage":"community-mapped-observations"},"toilet":{"status":"not-observed","count":0,"nearestMeters":null,"coverage":"community-mapped-observations"},"drinkingFountain":{"status":"observed-nearby","count":1,"nearestMeters":69,"coverage":"community-mapped-observations"},"dogRun":{"status":"not-observed","count":0,"nearestMeters":null,"coverage":"community-mapped-observations"}},"sourceId":"parks"}},{"type":"Feature","id":"stuttgart:osm:way:391714149","geometry":{"type":"Polygon","coordinates":[[[9.15553808,48.80234395],[9.15604718,48.80215578],[9.15712144,48.80187896],[9.15768956,48.80242718],[9.15712882,48.80262891],[9.15793157,48.80335716],[9.15833884,48.80322508],[9.1585897,48.80342139],[9.1586443,48.80369007],[9.15822522,48.80371811],[9.15844952,48.80477474],[9.15833737,48.80477655],[9.15794928,48.80401031],[9.15780909,48.80397594],[9.15756413,48.80352904],[9.15712292,48.80306405],[9.15619917,48.80236385],[9.15553808,48.80234395]]]},"properties":{"id":"stuttgart:osm:way:391714149","name":"Unbenannter Park 391714149","nameAddon":null,"objectNumber":"stuttgart:osm:way:391714149","district":"Feuerbach","locality":null,"type":"Park","areaM2":15901.8,"areaHa":1.59,"designation":null,"dedicated":null,"builtYear":null,"renovatedYear":null,"planningAreaId":null,"planningAreaName":null,"centroid":[9.157378,48.802985],"bounds":[9.15554,48.80188,9.15864,48.80478],"amenities":{"playground":{"status":"observed-nearby","count":1,"nearestMeters":46,"coverage":"community-mapped-observations"},"toilet":{"status":"not-observed","count":0,"nearestMeters":null,"coverage":"community-mapped-observations"},"drinkingFountain":{"status":"not-observed","count":0,"nearestMeters":null,"coverage":"community-mapped-observations"},"dogRun":{"status":"not-observed","count":0,"nearestMeters":null,"coverage":"community-mapped-observations"}},"sourceId":"parks"}},{"type":"Feature","id":"stuttgart:osm:way:391716517","geometry":{"type":"Polygon","coordinates":[[[9.15329954,48.78975484],[9.15383225,48.78943731],[9.15522968,48.79033563],[9.15521787,48.79041433],[9.15527837,48.79047132],[9.15485339,48.79071739],[9.15457892,48.79052017],[9.15421739,48.79068753],[9.15436053,48.79050208],[9.15431921,48.79039624],[9.15405654,48.79021169],[9.15374076,48.79008775],[9.15346777,48.78991315],[9.15329954,48.78975484]]]},"properties":{"id":"stuttgart:osm:way:391716517","name":"Unbenannter Park 391716517","nameAddon":null,"objectNumber":"stuttgart:osm:way:391716517","district":"Stuttgart-Nord","locality":null,"type":"Park","areaM2":8362.9,"areaHa":0.84,"designation":null,"dedicated":null,"builtYear":null,"renovatedYear":null,"planningAreaId":null,"planningAreaName":null,"centroid":[9.154303,48.790084],"bounds":[9.1533,48.78944,9.15528,48.79072],"amenities":{"playground":{"status":"observed-nearby","count":1,"nearestMeters":0,"coverage":"community-mapped-observations"},"toilet":{"status":"not-observed","count":0,"nearestMeters":null,"coverage":"community-mapped-observations"},"drinkingFountain":{"status":"not-observed","count":0,"nearestMeters":null,"coverage":"community-mapped-observations"},"dogRun":{"status":"not-observed","count":0,"nearestMeters":null,"coverage":"community-mapped-observations"}},"sourceId":"parks"}},{"type":"Feature","id":"stuttgart:osm:way:391889465","geometry":{"type":"Polygon","coordinates":[[[9.14657211,48.77707979],[9.14685248,48.77692871],[9.14720959,48.7771983],[9.14695283,48.77732585],[9.14675066,48.77720373],[9.14657211,48.77707979]]]},"properties":{"id":"stuttgart:osm:way:391889465","name":"Unbenannter Park 391889465","nameAddon":null,"objectNumber":"stuttgart:osm:way:391889465","district":"Stuttgart-West","locality":null,"type":"Park","areaM2":1006.2,"areaHa":0.1,"designation":null,"dedicated":null,"builtYear":null,"renovatedYear":null,"planningAreaId":null,"planningAreaName":null,"centroid":[9.146892,48.777131],"bounds":[9.14657,48.77693,9.14721,48.77733],"amenities":{"playground":{"status":"observed-nearby","count":2,"nearestMeters":0,"coverage":"community-mapped-observations"},"toilet":{"status":"not-observed","count":0,"nearestMeters":null,"coverage":"community-mapped-observations"},"drinkingFountain":{"status":"not-observed","count":0,"nearestMeters":null,"coverage":"community-mapped-observations"},"dogRun":{"status":"not-observed","count":0,"nearestMeters":null,"coverage":"community-mapped-observations"}},"sourceId":"parks"}},{"type":"Feature","id":"stuttgart:osm:way:391890581","geometry":{"type":"Polygon","coordinates":[[[9.13822738,48.77766148],[9.13843102,48.77731229],[9.13987124,48.77776913],[9.13963809,48.77805319],[9.13877189,48.77783155],[9.13856235,48.77783336],[9.13822738,48.77766148]]]},"properties":{"id":"stuttgart:osm:way:391890581","name":"Unbenannter Park 391890581","nameAddon":null,"objectNumber":"stuttgart:osm:way:391890581","district":"Stuttgart-West","locality":null,"type":"Park","areaM2":4707.2,"areaHa":0.47,"designation":null,"dedicated":null,"builtYear":null,"renovatedYear":null,"planningAreaId":null,"planningAreaName":null,"centroid":[9.139006,48.777699],"bounds":[9.13823,48.77731,9.13987,48.77805],"amenities":{"playground":{"status":"not-observed","count":0,"nearestMeters":null,"coverage":"community-mapped-observations"},"toilet":{"status":"not-observed","count":0,"nearestMeters":null,"coverage":"community-mapped-observations"},"drinkingFountain":{"status":"not-observed","count":0,"nearestMeters":null,"coverage":"community-mapped-observations"},"dogRun":{"status":"not-observed","count":0,"nearestMeters":null,"coverage":"community-mapped-observations"}},"sourceId":"parks"}},{"type":"Feature","id":"stuttgart:osm:way:392048531","geometry":{"type":"Polygon","coordinates":[[[9.10695272,48.72779899],[9.10814208,48.72756559],[9.10864823,48.72750678],[9.10942441,48.72749774],[9.10953804,48.72754659],[9.10954837,48.72772752],[9.10890794,48.72773385],[9.10890942,48.72777004],[9.10811405,48.72776371],[9.10812143,48.72783246],[9.10783368,48.72784422],[9.1078322,48.72791388],[9.1069542,48.72792111],[9.10695272,48.72779899]]]},"properties":{"id":"stuttgart:osm:way:392048531","name":"Unbenannter Park 392048531","nameAddon":null,"objectNumber":"stuttgart:osm:way:392048531","district":"Vaihingen","locality":null,"type":"Park","areaM2":4821.8,"areaHa":0.48,"designation":null,"dedicated":null,"builtYear":null,"renovatedYear":null,"planningAreaId":null,"planningAreaName":null,"centroid":[9.108303,48.727698],"bounds":[9.10695,48.7275,9.10955,48.72792],"amenities":{"playground":{"status":"observed-nearby","count":1,"nearestMeters":0,"coverage":"community-mapped-observations"},"toilet":{"status":"not-observed","count":0,"nearestMeters":null,"coverage":"community-mapped-observations"},"drinkingFountain":{"status":"not-observed","count":0,"nearestMeters":null,"coverage":"community-mapped-observations"},"dogRun":{"status":"not-observed","count":0,"nearestMeters":null,"coverage":"community-mapped-observations"}},"sourceId":"parks"}},{"type":"Feature","id":"stuttgart:osm:way:392229096","geometry":{"type":"Polygon","coordinates":[[[9.19078664,48.77372354],[9.19122047,48.77370454],[9.19156872,48.77375158],[9.19179007,48.77383662],[9.19198928,48.77397594],[9.19210438,48.77415234],[9.19198928,48.77423557],[9.19155249,48.774203],[9.19146543,48.77414872],[9.19136066,48.77419215],[9.19080434,48.77415053],[9.19078664,48.77372354]]]},"properties":{"id":"stuttgart:osm:way:392229096","name":"Grünanlage Sünderstaffel","nameAddon":null,"objectNumber":"stuttgart:osm:way:392229096","district":"Stuttgart-Mitte","locality":null,"type":"Park","areaM2":4269.3,"areaHa":0.43,"designation":null,"dedicated":null,"builtYear":null,"renovatedYear":null,"planningAreaId":null,"planningAreaName":null,"centroid":[9.191381,48.773975],"bounds":[9.19079,48.7737,9.1921,48.77424],"amenities":{"playground":{"status":"not-observed","count":0,"nearestMeters":null,"coverage":"community-mapped-observations"},"toilet":{"status":"not-observed","count":0,"nearestMeters":null,"coverage":"community-mapped-observations"},"drinkingFountain":{"status":"not-observed","count":0,"nearestMeters":null,"coverage":"community-mapped-observations"},"dogRun":{"status":"not-observed","count":0,"nearestMeters":null,"coverage":"community-mapped-observations"}},"sourceId":"parks"}},{"type":"Feature","id":"stuttgart:osm:way:3934008","geometry":{"type":"Polygon","coordinates":[[[9.18093676,48.7799023],[9.18117581,48.77983535],[9.18139125,48.78013841],[9.18185018,48.77999638],[9.18163326,48.77969423],[9.18158309,48.77970961],[9.1811581,48.77911254],[9.18130271,48.77907454],[9.18124812,48.77898589],[9.18296871,48.7784829],[9.18306905,48.77862765],[9.18291559,48.77867378],[9.18302774,48.77884295],[9.18318563,48.77879591],[9.18328892,48.77894699],[9.18350289,48.77888276],[9.18385262,48.77936403],[9.18380097,48.77939117],[9.18388951,48.77952596],[9.18386737,48.7796101],[9.18394263,48.77979374],[9.18417578,48.77992853],[9.18430121,48.78011941],[9.18425104,48.78013389],[9.18430859,48.78022164],[9.18443402,48.78040257],[9.18448862,48.78038629],[9.18452698,48.7804469],[9.18450928,48.78052741],[9.18461109,48.78066582],[9.18429531,48.78066039],[9.18412561,48.7807789],[9.18413594,48.78094174],[9.18431597,48.78105211],[9.18456387,48.78104487],[9.18427465,48.78116881],[9.18431006,48.78123213],[9.18441336,48.78125565],[9.18484277,48.78181925],[9.18343501,48.78223539],[9.18326089,48.78193776],[9.18294362,48.78195857],[9.18289198,48.78191876],[9.18111826,48.78008232],[9.18106809,48.7800968],[9.18098398,48.77999729],[9.18093676,48.7799023]]]},"properties":{"id":"stuttgart:osm:way:3934008","name":"Oberer Schlossgarten","nameAddon":null,"objectNumber":"stuttgart:osm:way:3934008","district":"Stuttgart-Mitte","locality":null,"type":"Park","areaM2":64692.5,"areaHa":6.47,"designation":null,"dedicated":null,"builtYear":null,"renovatedYear":null,"planningAreaId":null,"planningAreaName":null,"centroid":[9.182969,48.78034],"bounds":[9.18094,48.77848,9.18484,48.78224],"amenities":{"playground":{"status":"not-observed","count":0,"nearestMeters":null,"coverage":"community-mapped-observations"},"toilet":{"status":"observed-nearby","count":1,"nearestMeters":74,"coverage":"community-mapped-observations"},"drinkingFountain":{"status":"not-observed","count":0,"nearestMeters":null,"coverage":"community-mapped-observations"},"dogRun":{"status":"not-observed","count":0,"nearestMeters":null,"coverage":"community-mapped-observations"}},"sourceId":"parks"}},{"type":"Feature","id":"stuttgart:osm:way:395390371","geometry":{"type":"Polygon","coordinates":[[[9.22187979,48.82144744],[9.22290831,48.82092908],[9.22337166,48.82129365],[9.22256301,48.82171341],[9.22266336,48.82180659],[9.22229445,48.82200109],[9.22221771,48.82193595],[9.22234167,48.82187805],[9.22237413,48.82180387],[9.22209524,48.82156233],[9.22203916,48.82158585],[9.22187979,48.82144744]]]},"properties":{"id":"stuttgart:osm:way:395390371","name":"Unbenannter Park 395390371","nameAddon":null,"objectNumber":"stuttgart:osm:way:395390371","district":"Münster","locality":null,"type":"Park","areaM2":5367.4,"areaHa":0.54,"designation":null,"dedicated":null,"builtYear":null,"renovatedYear":null,"planningAreaId":null,"planningAreaName":null,"centroid":[9.222621,48.821403],"bounds":[9.22188,48.82093,9.22337,48.822],"amenities":{"playground":{"status":"observed-nearby","count":2,"nearestMeters":0,"coverage":"community-mapped-observations"},"toilet":{"status":"not-observed","count":0,"nearestMeters":null,"coverage":"community-mapped-observations"},"drinkingFountain":{"status":"not-observed","count":0,"nearestMeters":null,"coverage":"community-mapped-observations"},"dogRun":{"status":"not-observed","count":0,"nearestMeters":null,"coverage":"community-mapped-observations"}},"sourceId":"parks"}},{"type":"Feature","id":"stuttgart:osm:way:395390375","geometry":{"type":"Polygon","coordinates":[[[9.22029643,48.82239823],[9.22065206,48.82224444],[9.22075388,48.82249864],[9.22042777,48.82249774],[9.220323,48.82245703],[9.22029643,48.82239823]]]},"properties":{"id":"stuttgart:osm:way:395390375","name":"Unbenannter Park 395390375","nameAddon":null,"objectNumber":"stuttgart:osm:way:395390375","district":"Münster","locality":null,"type":"Park","areaM2":599.2,"areaHa":0.06,"designation":null,"dedicated":null,"builtYear":null,"renovatedYear":null,"planningAreaId":null,"planningAreaName":null,"centroid":[9.220543,48.822402],"bounds":[9.2203,48.82224,9.22075,48.8225],"amenities":{"playground":{"status":"observed-nearby","count":1,"nearestMeters":45,"coverage":"community-mapped-observations"},"toilet":{"status":"not-observed","count":0,"nearestMeters":null,"coverage":"community-mapped-observations"},"drinkingFountain":{"status":"not-observed","count":0,"nearestMeters":null,"coverage":"community-mapped-observations"},"dogRun":{"status":"not-observed","count":0,"nearestMeters":null,"coverage":"community-mapped-observations"}},"sourceId":"parks"}},{"type":"Feature","id":"stuttgart:osm:way:397374262","geometry":{"type":"Polygon","coordinates":[[[9.20508409,48.80930071],[9.20590012,48.80934141],[9.20590012,48.80925366],[9.20691535,48.80920662],[9.20689174,48.80898951],[9.20730197,48.80888185],[9.20796896,48.80888004],[9.2079365,48.80935589],[9.20767383,48.80932423],[9.2073123,48.8093387],[9.20520361,48.80979464],[9.20508409,48.80930071]]]},"properties":{"id":"stuttgart:osm:way:397374262","name":"Unbenannter Park 397374262","nameAddon":null,"objectNumber":"stuttgart:osm:way:397374262","district":"Bad Cannstatt","locality":null,"type":"Park","areaM2":8762.5,"areaHa":0.88,"designation":null,"dedicated":null,"builtYear":null,"renovatedYear":null,"planningAreaId":null,"planningAreaName":null,"centroid":[9.206583,48.80931],"bounds":[9.20508,48.80888,9.20797,48.80979],"amenities":{"playground":{"status":"observed-nearby","count":1,"nearestMeters":0,"coverage":"community-mapped-observations"},"toilet":{"status":"not-observed","count":0,"nearestMeters":null,"coverage":"community-mapped-observations"},"drinkingFountain":{"status":"not-observed","count":0,"nearestMeters":null,"coverage":"community-mapped-observations"},"dogRun":{"status":"not-observed","count":0,"nearestMeters":null,"coverage":"community-mapped-observations"}},"sourceId":"parks"}},{"type":"Feature","id":"stuttgart:osm:way:3996884","geometry":{"type":"Polygon","coordinates":[[[9.16280265,48.7680152],[9.16328075,48.76759001],[9.16345636,48.76752488],[9.16346964,48.76730505],[9.16359211,48.76710964],[9.16426943,48.7668681],[9.16453652,48.76688258],[9.16470622,48.76694047],[9.1648287,48.76702189],[9.16498216,48.76729238],[9.16506037,48.76723539],[9.16528467,48.76738375],[9.16508989,48.76751402],[9.16523155,48.76774833],[9.16654634,48.76744346],[9.16674555,48.76742537],[9.16702297,48.76795187],[9.16740073,48.76786322],[9.16738598,48.76805591],[9.16663783,48.76820337],[9.16721333,48.76934594],[9.16895753,48.76878867],[9.16932644,48.76947259],[9.16930283,48.76975303],[9.16908296,48.77031844],[9.16848385,48.7701158],[9.16839089,48.77001176],[9.16837761,48.76990049],[9.16755125,48.76963904],[9.16698756,48.76959562],[9.16662602,48.7696888],[9.16627187,48.76964538],[9.16583656,48.76981726],[9.16596641,48.76944274],[9.16510464,48.76915506],[9.16462801,48.76972589],[9.16398316,48.76953501],[9.16411892,48.76930523],[9.16391085,48.76923014],[9.16421926,48.76872444],[9.16419122,48.76866112],[9.16399791,48.76851004],[9.16310515,48.76818708],[9.16280265,48.7680152]]]},"properties":{"id":"stuttgart:osm:way:3996884","name":"Karlshöhe","nameAddon":null,"objectNumber":"stuttgart:osm:way:3996884","district":"Stuttgart-Süd","locality":null,"type":"Park","areaM2":75356.3,"areaHa":7.54,"designation":null,"dedicated":null,"builtYear":null,"renovatedYear":null,"planningAreaId":null,"planningAreaName":null,"centroid":[9.165824,48.768571],"bounds":[9.1628,48.76687,9.16933,48.77032],"amenities":{"playground":{"status":"observed-nearby","count":4,"nearestMeters":0,"coverage":"community-mapped-observations"},"toilet":{"status":"observed-nearby","count":1,"nearestMeters":0,"coverage":"community-mapped-observations"},"drinkingFountain":{"status":"not-observed","count":0,"nearestMeters":null,"coverage":"community-mapped-observations"},"dogRun":{"status":"not-observed","count":0,"nearestMeters":null,"coverage":"community-mapped-observations"}},"sourceId":"parks"}},{"type":"Feature","id":"stuttgart:osm:way:399918710","geometry":{"type":"Polygon","coordinates":[[[9.16098319,48.77231138],[9.16116321,48.77204994],[9.1625208,48.77245703],[9.16231716,48.77275194],[9.16219469,48.77271576],[9.16217403,48.77274652],[9.16128569,48.77247422],[9.16132701,48.77241451],[9.16098319,48.77231138]]]},"properties":{"id":"stuttgart:osm:way:399918710","name":"Unbenannter Park 399918710","nameAddon":null,"objectNumber":"stuttgart:osm:way:399918710","district":"Stuttgart-West","locality":null,"type":"Park","areaM2":4085.8,"areaHa":0.41,"designation":null,"dedicated":null,"builtYear":null,"renovatedYear":null,"planningAreaId":null,"planningAreaName":null,"centroid":[9.161758,48.772414],"bounds":[9.16098,48.77205,9.16252,48.77275],"amenities":{"playground":{"status":"observed-nearby","count":1,"nearestMeters":0,"coverage":"community-mapped-observations"},"toilet":{"status":"not-observed","count":0,"nearestMeters":null,"coverage":"community-mapped-observations"},"drinkingFountain":{"status":"not-observed","count":0,"nearestMeters":null,"coverage":"community-mapped-observations"},"dogRun":{"status":"not-observed","count":0,"nearestMeters":null,"coverage":"community-mapped-observations"}},"sourceId":"parks"}},{"type":"Feature","id":"stuttgart:osm:way:40114884","geometry":{"type":"Polygon","coordinates":[[[9.1181292,48.71868012],[9.1205094,48.71856161],[9.11988521,48.71869821],[9.11965353,48.71888004],[9.12066877,48.71898679],[9.1202069,48.71966347],[9.12076616,48.72005247],[9.11983651,48.72022164],[9.11944694,48.72111362],[9.11916215,48.72080604],[9.11870175,48.72016012],[9.11927282,48.72004523],[9.11899687,48.71908269],[9.11825168,48.7192609],[9.11816609,48.71880224],[9.1181292,48.71868012]]]},"properties":{"id":"stuttgart:osm:way:40114884","name":"Unbenannter Park 40114884","nameAddon":null,"objectNumber":"stuttgart:osm:way:40114884","district":"Vaihingen","locality":null,"type":"Park","areaM2":24204.9,"areaHa":2.42,"designation":null,"dedicated":null,"builtYear":null,"renovatedYear":null,"planningAreaId":null,"planningAreaName":null,"centroid":[9.119497,48.719554],"bounds":[9.11813,48.71856,9.12077,48.72111],"amenities":{"playground":{"status":"not-observed","count":0,"nearestMeters":null,"coverage":"community-mapped-observations"},"toilet":{"status":"not-observed","count":0,"nearestMeters":null,"coverage":"community-mapped-observations"},"drinkingFountain":{"status":"not-observed","count":0,"nearestMeters":null,"coverage":"community-mapped-observations"},"dogRun":{"status":"not-observed","count":0,"nearestMeters":null,"coverage":"community-mapped-observations"}},"sourceId":"parks"}},{"type":"Feature","id":"stuttgart:osm:way:4017164","geometry":{"type":"Polygon","coordinates":[[[9.14169218,48.77324407],[9.14173054,48.77312647],[9.14194304,48.77294464],[9.14199173,48.7728216],[9.1419696,48.77270671],[9.14173497,48.77253212],[9.14187811,48.77246065],[9.14260117,48.77299439],[9.1425023,48.77305681],[9.14291253,48.77333002],[9.14255838,48.77325222],[9.14187221,48.77335806],[9.14173202,48.77330288],[9.14169218,48.77324407]]]},"properties":{"id":"stuttgart:osm:way:4017164","name":"Herderplatz","nameAddon":null,"objectNumber":"stuttgart:osm:way:4017164","district":"Stuttgart-West","locality":null,"type":"Park","areaM2":3649.5,"areaHa":0.36,"designation":null,"dedicated":null,"builtYear":null,"renovatedYear":null,"planningAreaId":null,"planningAreaName":null,"centroid":[9.142163,48.773023],"bounds":[9.14169,48.77246,9.14291,48.77336],"amenities":{"playground":{"status":"observed-nearby","count":1,"nearestMeters":0,"coverage":"community-mapped-observations"},"toilet":{"status":"not-observed","count":0,"nearestMeters":null,"coverage":"community-mapped-observations"},"drinkingFountain":{"status":"not-observed","count":0,"nearestMeters":null,"coverage":"community-mapped-observations"},"dogRun":{"status":"not-observed","count":0,"nearestMeters":null,"coverage":"community-mapped-observations"}},"sourceId":"parks"}},{"type":"Feature","id":"stuttgart:osm:way:407208768","geometry":{"type":"Polygon","coordinates":[[[9.20017907,48.72918762],[9.20072063,48.72919848],[9.20116627,48.72928895],[9.20154403,48.72951058],[9.20124153,48.72962005],[9.20060258,48.72949521],[9.20060258,48.72955853],[9.20128432,48.72971051],[9.20155879,48.72963362],[9.20187163,48.72970961],[9.201879,48.72992672],[9.20024695,48.72994029],[9.20028236,48.72948164],[9.20056569,48.72951963],[9.20056569,48.72948706],[9.20042845,48.72943278],[9.20025875,48.72942555],[9.20018497,48.72934413],[9.20017907,48.72918762]]]},"properties":{"id":"stuttgart:osm:way:407208768","name":"Schwimmerbund Schwaben 1895 Stuttgart e.V.","nameAddon":null,"objectNumber":"stuttgart:osm:way:407208768","district":"Birkach","locality":null,"type":"Park","areaM2":6994.2,"areaHa":0.7,"designation":null,"dedicated":null,"builtYear":null,"renovatedYear":null,"planningAreaId":null,"planningAreaName":null,"centroid":[9.200911,48.729614],"bounds":[9.20018,48.72919,9.20188,48.72994],"amenities":{"playground":{"status":"not-observed","count":0,"nearestMeters":null,"coverage":"community-mapped-observations"},"toilet":{"status":"not-observed","count":0,"nearestMeters":null,"coverage":"community-mapped-observations"},"drinkingFountain":{"status":"not-observed","count":0,"nearestMeters":null,"coverage":"community-mapped-observations"},"dogRun":{"status":"not-observed","count":0,"nearestMeters":null,"coverage":"community-mapped-observations"}},"sourceId":"parks"}},{"type":"Feature","id":"stuttgart:osm:way:407336491","geometry":{"type":"Polygon","coordinates":[[[9.21619859,48.80466166],[9.21647306,48.80470689],[9.2164583,48.80480007],[9.21621335,48.80479012],[9.21619859,48.80466166]]]},"properties":{"id":"stuttgart:osm:way:407336491","name":"Unbenannter Park 407336491","nameAddon":null,"objectNumber":"stuttgart:osm:way:407336491","district":"Bad Cannstatt","locality":null,"type":"Park","areaM2":257.9,"areaHa":0.03,"designation":null,"dedicated":null,"builtYear":null,"renovatedYear":null,"planningAreaId":null,"planningAreaName":null,"centroid":[9.21633,48.804738],"bounds":[9.2162,48.80466,9.21647,48.8048],"amenities":{"playground":{"status":"observed-nearby","count":1,"nearestMeters":0,"coverage":"community-mapped-observations"},"toilet":{"status":"not-observed","count":0,"nearestMeters":null,"coverage":"community-mapped-observations"},"drinkingFountain":{"status":"observed-nearby","count":1,"nearestMeters":44,"coverage":"community-mapped-observations"},"dogRun":{"status":"not-observed","count":0,"nearestMeters":null,"coverage":"community-mapped-observations"}},"sourceId":"parks"}},{"type":"Feature","id":"stuttgart:osm:way:409530659","geometry":{"type":"Polygon","coordinates":[[[9.17685367,48.77460919],[9.17691417,48.77457753],[9.17695991,48.77461462],[9.17689941,48.77464628],[9.17685367,48.77460919]]]},"properties":{"id":"stuttgart:osm:way:409530659","name":"Unbenannter Park 409530659","nameAddon":null,"objectNumber":"stuttgart:osm:way:409530659","district":"Stuttgart-Mitte","locality":null,"type":"Park","areaM2":30.5,"areaHa":0,"designation":null,"dedicated":null,"builtYear":null,"renovatedYear":null,"planningAreaId":null,"planningAreaName":null,"centroid":[9.176907,48.774612],"bounds":[9.17685,48.77458,9.17696,48.77465],"amenities":{"playground":{"status":"not-observed","count":0,"nearestMeters":null,"coverage":"community-mapped-observations"},"toilet":{"status":"observed-nearby","count":2,"nearestMeters":4,"coverage":"community-mapped-observations"},"drinkingFountain":{"status":"not-observed","count":0,"nearestMeters":null,"coverage":"community-mapped-observations"},"dogRun":{"status":"not-observed","count":0,"nearestMeters":null,"coverage":"community-mapped-observations"}},"sourceId":"parks"}},{"type":"Feature","id":"stuttgart:osm:way:409530660","geometry":{"type":"Polygon","coordinates":[[[9.17700271,48.77453682],[9.17706321,48.77450516],[9.17710895,48.77454315],[9.17704698,48.77457481],[9.17700271,48.77453682]]]},"properties":{"id":"stuttgart:osm:way:409530660","name":"Unbenannter Park 409530660","nameAddon":null,"objectNumber":"stuttgart:osm:way:409530660","district":"Stuttgart-Mitte","locality":null,"type":"Park","areaM2":30.3,"areaHa":0,"designation":null,"dedicated":null,"builtYear":null,"renovatedYear":null,"planningAreaId":null,"planningAreaName":null,"centroid":[9.177056,48.77454],"bounds":[9.177,48.77451,9.17711,48.77457],"amenities":{"playground":{"status":"not-observed","count":0,"nearestMeters":null,"coverage":"community-mapped-observations"},"toilet":{"status":"observed-nearby","count":2,"nearestMeters":10,"coverage":"community-mapped-observations"},"drinkingFountain":{"status":"observed-nearby","count":1,"nearestMeters":73,"coverage":"community-mapped-observations"},"dogRun":{"status":"not-observed","count":0,"nearestMeters":null,"coverage":"community-mapped-observations"}},"sourceId":"parks"}},{"type":"Feature","id":"stuttgart:osm:way:409530661","geometry":{"type":"Polygon","coordinates":[[[9.17673119,48.77465171],[9.17676808,48.77463271],[9.17680202,48.77466257],[9.17676513,48.77468066],[9.17673119,48.77465171]]]},"properties":{"id":"stuttgart:osm:way:409530661","name":"Unbenannter Park 409530661","nameAddon":null,"objectNumber":"stuttgart:osm:way:409530661","district":"Stuttgart-Mitte","locality":null,"type":"Park","areaM2":14,"areaHa":0,"designation":null,"dedicated":null,"builtYear":null,"renovatedYear":null,"planningAreaId":null,"planningAreaName":null,"centroid":[9.176767,48.774657],"bounds":[9.17673,48.77463,9.1768,48.77468],"amenities":{"playground":{"status":"not-observed","count":0,"nearestMeters":null,"coverage":"community-mapped-observations"},"toilet":{"status":"observed-nearby","count":2,"nearestMeters":3,"coverage":"community-mapped-observations"},"drinkingFountain":{"status":"not-observed","count":0,"nearestMeters":null,"coverage":"community-mapped-observations"},"dogRun":{"status":"not-observed","count":0,"nearestMeters":null,"coverage":"community-mapped-observations"}},"sourceId":"parks"}},{"type":"Feature","id":"stuttgart:osm:way:409530662","geometry":{"type":"Polygon","coordinates":[[[9.17683596,48.77473675],[9.17687285,48.77471775],[9.17690827,48.7747476],[9.17687285,48.7747666],[9.17683596,48.77473675]]]},"properties":{"id":"stuttgart:osm:way:409530662","name":"Unbenannter Park 409530662","nameAddon":null,"objectNumber":"stuttgart:osm:way:409530662","district":"Stuttgart-Mitte","locality":null,"type":"Park","areaM2":14.6,"areaHa":0,"designation":null,"dedicated":null,"builtYear":null,"renovatedYear":null,"planningAreaId":null,"planningAreaName":null,"centroid":[9.176872,48.774742],"bounds":[9.17684,48.77472,9.17691,48.77477],"amenities":{"playground":{"status":"not-observed","count":0,"nearestMeters":null,"coverage":"community-mapped-observations"},"toilet":{"status":"observed-nearby","count":2,"nearestMeters":4,"coverage":"community-mapped-observations"},"drinkingFountain":{"status":"observed-nearby","count":1,"nearestMeters":71,"coverage":"community-mapped-observations"},"dogRun":{"status":"not-observed","count":0,"nearestMeters":null,"coverage":"community-mapped-observations"}},"sourceId":"parks"}},{"type":"Feature","id":"stuttgart:osm:way:409530663","geometry":{"type":"Polygon","coordinates":[[[9.17657625,48.77452777],[9.17661757,48.77450516],[9.17665593,48.77453682],[9.17661609,48.77455944],[9.17657625,48.77452777]]]},"properties":{"id":"stuttgart:osm:way:409530663","name":"Unbenannter Park 409530663","nameAddon":null,"objectNumber":"stuttgart:osm:way:409530663","district":"Stuttgart-Mitte","locality":null,"type":"Park","areaM2":17.6,"areaHa":0,"designation":null,"dedicated":null,"builtYear":null,"renovatedYear":null,"planningAreaId":null,"planningAreaName":null,"centroid":[9.176616,48.774532],"bounds":[9.17658,48.77451,9.17666,48.77456],"amenities":{"playground":{"status":"not-observed","count":0,"nearestMeters":null,"coverage":"community-mapped-observations"},"toilet":{"status":"observed-nearby","count":2,"nearestMeters":14,"coverage":"community-mapped-observations"},"drinkingFountain":{"status":"not-observed","count":0,"nearestMeters":null,"coverage":"community-mapped-observations"},"dogRun":{"status":"not-observed","count":0,"nearestMeters":null,"coverage":"community-mapped-observations"}},"sourceId":"parks"}},{"type":"Feature","id":"stuttgart:osm:way:413669972","geometry":{"type":"Polygon","coordinates":[[[9.21302302,48.81632441],[9.21307171,48.81629546],[9.21367968,48.81665913],[9.21342587,48.81681654],[9.21304515,48.81679663],[9.21302302,48.81632441]]]},"properties":{"id":"stuttgart:osm:way:413669972","name":"Nastplatz","nameAddon":null,"objectNumber":"stuttgart:osm:way:413669972","district":"Bad Cannstatt","locality":null,"type":"Park","areaM2":1747.6,"areaHa":0.17,"designation":null,"dedicated":null,"builtYear":null,"renovatedYear":null,"planningAreaId":null,"planningAreaName":null,"centroid":[9.213272,48.816605],"bounds":[9.21302,48.8163,9.21368,48.81682],"amenities":{"playground":{"status":"observed-nearby","count":1,"nearestMeters":0,"coverage":"community-mapped-observations"},"toilet":{"status":"not-observed","count":0,"nearestMeters":null,"coverage":"community-mapped-observations"},"drinkingFountain":{"status":"not-observed","count":0,"nearestMeters":null,"coverage":"community-mapped-observations"},"dogRun":{"status":"not-observed","count":0,"nearestMeters":null,"coverage":"community-mapped-observations"}},"sourceId":"parks"}},{"type":"Feature","id":"stuttgart:osm:way:413676430","geometry":{"type":"Polygon","coordinates":[[[9.21666637,48.80873892],[9.21686705,48.80866655],[9.2169733,48.80874435],[9.21738795,48.80849466],[9.2175429,48.80832911],[9.21766832,48.80842229],[9.21808741,48.80818346],[9.21856109,48.80852542],[9.21794722,48.80886014],[9.21803428,48.80894156],[9.2179546,48.80899222],[9.21757979,48.80878777],[9.21722858,48.80906731],[9.21666637,48.80873892]]]},"properties":{"id":"stuttgart:osm:way:413676430","name":"Unbenannter Park 413676430","nameAddon":null,"objectNumber":"stuttgart:osm:way:413676430","district":"Bad Cannstatt","locality":null,"type":"Park","areaM2":5811,"areaHa":0.58,"designation":null,"dedicated":null,"builtYear":null,"renovatedYear":null,"planningAreaId":null,"planningAreaName":null,"centroid":[9.217691,48.808637],"bounds":[9.21667,48.80818,9.21856,48.80907],"amenities":{"playground":{"status":"observed-nearby","count":2,"nearestMeters":43,"coverage":"community-mapped-observations"},"toilet":{"status":"not-observed","count":0,"nearestMeters":null,"coverage":"community-mapped-observations"},"drinkingFountain":{"status":"not-observed","count":0,"nearestMeters":null,"coverage":"community-mapped-observations"},"dogRun":{"status":"not-observed","count":0,"nearestMeters":null,"coverage":"community-mapped-observations"}},"sourceId":"parks"}},{"type":"Feature","id":"stuttgart:osm:way:41966407","geometry":{"type":"Polygon","coordinates":[[[9.1635626,48.77017822],[9.16381936,48.76985073],[9.16410121,48.76993939],[9.1638474,48.77026959],[9.1635626,48.77017822]]]},"properties":{"id":"stuttgart:osm:way:41966407","name":"Grünanlage Reinsburgstraße 56 / Augustenstraße 49","nameAddon":null,"objectNumber":"stuttgart:osm:way:41966407","district":"Stuttgart-West","locality":null,"type":"Park","areaM2":947.4,"areaHa":0.09,"designation":null,"dedicated":null,"builtYear":null,"renovatedYear":null,"planningAreaId":null,"planningAreaName":null,"centroid":[9.163832,48.77006],"bounds":[9.16356,48.76985,9.1641,48.77027],"amenities":{"playground":{"status":"observed-nearby","count":1,"nearestMeters":73,"coverage":"community-mapped-observations"},"toilet":{"status":"not-observed","count":0,"nearestMeters":null,"coverage":"community-mapped-observations"},"drinkingFountain":{"status":"not-observed","count":0,"nearestMeters":null,"coverage":"community-mapped-observations"},"dogRun":{"status":"not-observed","count":0,"nearestMeters":null,"coverage":"community-mapped-observations"}},"sourceId":"parks"}},{"type":"Feature","id":"stuttgart:osm:way:42050103","geometry":{"type":"Polygon","coordinates":[[[9.15546135,48.80902569],[9.15613572,48.8088719],[9.15679533,48.80926],[9.15651791,48.80963814],[9.15547463,48.80964266],[9.15546135,48.80902569]]]},"properties":{"id":"stuttgart:osm:way:42050103","name":"Alter Friedhof","nameAddon":null,"objectNumber":"stuttgart:osm:way:42050103","district":"Feuerbach","locality":null,"type":"Park","areaM2":6360.8,"areaHa":0.64,"designation":null,"dedicated":null,"builtYear":null,"renovatedYear":null,"planningAreaId":null,"planningAreaName":null,"centroid":[9.156049,48.809301],"bounds":[9.15546,48.80887,9.1568,48.80964],"amenities":{"playground":{"status":"observed-nearby","count":1,"nearestMeters":0,"coverage":"community-mapped-observations"},"toilet":{"status":"observed-nearby","count":1,"nearestMeters":0,"coverage":"community-mapped-observations"},"drinkingFountain":{"status":"not-observed","count":0,"nearestMeters":null,"coverage":"community-mapped-observations"},"dogRun":{"status":"not-observed","count":0,"nearestMeters":null,"coverage":"community-mapped-observations"}},"sourceId":"parks"}},{"type":"Feature","id":"stuttgart:osm:way:421599053","geometry":{"type":"Polygon","coordinates":[[[9.21267772,48.80945631],[9.21288578,48.80932242],[9.21271313,48.80920662],[9.2129212,48.80907273],[9.21305401,48.80914872],[9.21320305,48.80906097],[9.2132724,48.80911344],[9.21278987,48.8094364],[9.21287398,48.80949159],[9.2128002,48.80953953],[9.21275888,48.80951149],[9.21267772,48.80945631]]]},"properties":{"id":"stuttgart:osm:way:421599053","name":"Unbenannter Park 421599053","nameAddon":null,"objectNumber":"stuttgart:osm:way:421599053","district":"Bad Cannstatt","locality":null,"type":"Park","areaM2":741.5,"areaHa":0.07,"designation":null,"dedicated":null,"builtYear":null,"renovatedYear":null,"planningAreaId":null,"planningAreaName":null,"centroid":[9.212937,48.809243],"bounds":[9.21268,48.80906,9.21327,48.80954],"amenities":{"playground":{"status":"observed-nearby","count":2,"nearestMeters":0,"coverage":"community-mapped-observations"},"toilet":{"status":"not-observed","count":0,"nearestMeters":null,"coverage":"community-mapped-observations"},"drinkingFountain":{"status":"not-observed","count":0,"nearestMeters":null,"coverage":"community-mapped-observations"},"dogRun":{"status":"not-observed","count":0,"nearestMeters":null,"coverage":"community-mapped-observations"}},"sourceId":"parks"}},{"type":"Feature","id":"stuttgart:osm:way:425339667","geometry":{"type":"Polygon","coordinates":[[[9.18350289,48.77888276],[9.18398838,48.77873711],[9.18366816,48.77827483],[9.184223,48.77810747],[9.1846229,48.77862041],[9.18402969,48.77879048],[9.18434253,48.77925819],[9.1838777,48.7793975],[9.18361504,48.77905916],[9.18350289,48.77888276]]]},"properties":{"id":"stuttgart:osm:way:425339667","name":"Unbenannter Park 425339667","nameAddon":null,"objectNumber":"stuttgart:osm:way:425339667","district":"Stuttgart-Mitte","locality":null,"type":"Park","areaM2":5382,"areaHa":0.54,"designation":null,"dedicated":null,"builtYear":null,"renovatedYear":null,"planningAreaId":null,"planningAreaName":null,"centroid":[9.18404,48.778733],"bounds":[9.1835,48.77811,9.18462,48.7794],"amenities":{"playground":{"status":"not-observed","count":0,"nearestMeters":null,"coverage":"community-mapped-observations"},"toilet":{"status":"not-observed","count":0,"nearestMeters":null,"coverage":"community-mapped-observations"},"drinkingFountain":{"status":"not-observed","count":0,"nearestMeters":null,"coverage":"community-mapped-observations"},"dogRun":{"status":"not-observed","count":0,"nearestMeters":null,"coverage":"community-mapped-observations"}},"sourceId":"parks"}},{"type":"Feature","id":"stuttgart:osm:way:425383993","geometry":{"type":"Polygon","coordinates":[[[9.21260099,48.82539533],[9.21267329,48.82534105],[9.21369296,48.82524154],[9.21377854,48.82571105],[9.21306729,48.82553193],[9.21309237,48.82549032],[9.21291087,48.82543604],[9.21287988,48.82547675],[9.21260099,48.82539533]]]},"properties":{"id":"stuttgart:osm:way:425383993","name":"Unbenannter Park 425383993","nameAddon":null,"objectNumber":"stuttgart:osm:way:425383993","district":"Münster","locality":null,"type":"Park","areaM2":2447.1,"areaHa":0.24,"designation":null,"dedicated":null,"builtYear":null,"renovatedYear":null,"planningAreaId":null,"planningAreaName":null,"centroid":[9.213333,48.82544],"bounds":[9.2126,48.82524,9.21378,48.82571],"amenities":{"playground":{"status":"observed-nearby","count":1,"nearestMeters":67,"coverage":"community-mapped-observations"},"toilet":{"status":"not-observed","count":0,"nearestMeters":null,"coverage":"community-mapped-observations"},"drinkingFountain":{"status":"not-observed","count":0,"nearestMeters":null,"coverage":"community-mapped-observations"},"dogRun":{"status":"not-observed","count":0,"nearestMeters":null,"coverage":"community-mapped-observations"}},"sourceId":"parks"}},{"type":"Feature","id":"stuttgart:osm:way:425997392","geometry":{"type":"Polygon","coordinates":[[[9.17280599,48.78663832],[9.17290339,48.78660575],[9.17326197,48.78666365],[9.17326492,48.78674507],[9.17338887,48.78686177],[9.17364858,48.78698209],[9.17344495,48.78716392],[9.17326787,48.78707798],[9.17301849,48.78685182],[9.17280599,48.78663832]]]},"properties":{"id":"stuttgart:osm:way:425997392","name":"Unbenannter Park 425997392","nameAddon":null,"objectNumber":"stuttgart:osm:way:425997392","district":"Stuttgart-Nord","locality":null,"type":"Park","areaM2":1523.7,"areaHa":0.15,"designation":null,"dedicated":null,"builtYear":null,"renovatedYear":null,"planningAreaId":null,"planningAreaName":null,"centroid":[9.173234,48.78687],"bounds":[9.17281,48.78661,9.17365,48.78716],"amenities":{"playground":{"status":"observed-nearby","count":1,"nearestMeters":74,"coverage":"community-mapped-observations"},"toilet":{"status":"not-observed","count":0,"nearestMeters":null,"coverage":"community-mapped-observations"},"drinkingFountain":{"status":"not-observed","count":0,"nearestMeters":null,"coverage":"community-mapped-observations"},"dogRun":{"status":"not-observed","count":0,"nearestMeters":null,"coverage":"community-mapped-observations"}},"sourceId":"parks"}},{"type":"Feature","id":"stuttgart:osm:way:426536635","geometry":{"type":"Polygon","coordinates":[[[9.1817882,48.7678017],[9.18194314,48.76765967],[9.18216301,48.7677628],[9.18269719,48.76786141],[9.1827636,48.76789669],[9.18287427,48.7682106],[9.18210399,48.76847838],[9.18203611,48.76841234],[9.18248175,48.76819703],[9.1819697,48.76787136],[9.1817882,48.7678017]]]},"properties":{"id":"stuttgart:osm:way:426536635","name":"Unbenannter Park 426536635","nameAddon":null,"objectNumber":"stuttgart:osm:way:426536635","district":"Stuttgart-Süd","locality":null,"type":"Park","areaM2":2781.3,"areaHa":0.28,"designation":null,"dedicated":null,"builtYear":null,"renovatedYear":null,"planningAreaId":null,"planningAreaName":null,"centroid":[9.182397,48.768035],"bounds":[9.18179,48.76766,9.18287,48.76848],"amenities":{"playground":{"status":"observed-nearby","count":1,"nearestMeters":61,"coverage":"community-mapped-observations"},"toilet":{"status":"not-observed","count":0,"nearestMeters":null,"coverage":"community-mapped-observations"},"drinkingFountain":{"status":"not-observed","count":0,"nearestMeters":null,"coverage":"community-mapped-observations"},"dogRun":{"status":"not-observed","count":0,"nearestMeters":null,"coverage":"community-mapped-observations"}},"sourceId":"parks"}},{"type":"Feature","id":"stuttgart:osm:way:426749231","geometry":{"type":"Polygon","coordinates":[[[9.14476003,48.7644355],[9.14496072,48.76402931],[9.14567788,48.76407002],[9.14648505,48.76443007],[9.14706497,48.7646101],[9.14951306,48.76507599],[9.15141958,48.76548942],[9.15149926,48.7655256],[9.15149336,48.76556812],[9.15123513,48.76565678],[9.15116134,48.7657201],[9.15122922,48.7658368],[9.14899363,48.7651565],[9.14572657,48.76466437],[9.14572952,48.76456215],[9.14476003,48.7644355]]]},"properties":{"id":"stuttgart:osm:way:426749231","name":"Hasenberganlage","nameAddon":null,"objectNumber":"stuttgart:osm:way:426749231","district":"Stuttgart-West","locality":null,"type":"Park","areaM2":16449.4,"areaHa":1.64,"designation":null,"dedicated":null,"builtYear":null,"renovatedYear":null,"planningAreaId":null,"planningAreaName":null,"centroid":[9.147792,48.76485],"bounds":[9.14476,48.76403,9.1515,48.76584],"amenities":{"playground":{"status":"observed-nearby","count":1,"nearestMeters":61,"coverage":"community-mapped-observations"},"toilet":{"status":"not-observed","count":0,"nearestMeters":null,"coverage":"community-mapped-observations"},"drinkingFountain":{"status":"not-observed","count":0,"nearestMeters":null,"coverage":"community-mapped-observations"},"dogRun":{"status":"not-observed","count":0,"nearestMeters":null,"coverage":"community-mapped-observations"}},"sourceId":"parks"}},{"type":"Feature","id":"stuttgart:osm:way:427751643","geometry":{"type":"Polygon","coordinates":[[[9.18951611,48.77767143],[9.19011817,48.77753121],[9.19013736,48.77757735],[9.18997356,48.77763615],[9.1898806,48.77778089],[9.19006505,48.77793107],[9.19003111,48.7780351],[9.19011227,48.77821422],[9.1903528,48.77819884],[9.18985994,48.77830107],[9.18951611,48.77767143]]]},"properties":{"id":"stuttgart:osm:way:427751643","name":"Unbenannter Park 427751643","nameAddon":null,"objectNumber":"stuttgart:osm:way:427751643","district":"Stuttgart-Mitte","locality":null,"type":"Park","areaM2":1988.9,"areaHa":0.2,"designation":null,"dedicated":null,"builtYear":null,"renovatedYear":null,"planningAreaId":null,"planningAreaName":null,"centroid":[9.189855,48.777917],"bounds":[9.18952,48.77753,9.19035,48.7783],"amenities":{"playground":{"status":"not-observed","count":0,"nearestMeters":null,"coverage":"community-mapped-observations"},"toilet":{"status":"not-observed","count":0,"nearestMeters":null,"coverage":"community-mapped-observations"},"drinkingFountain":{"status":"observed-nearby","count":1,"nearestMeters":0,"coverage":"community-mapped-observations"},"dogRun":{"status":"not-observed","count":0,"nearestMeters":null,"coverage":"community-mapped-observations"}},"sourceId":"parks"}},{"type":"Feature","id":"stuttgart:osm:way:427770614","geometry":{"type":"Polygon","coordinates":[[[9.19039412,48.7802343],[9.19041478,48.77976931],[9.19071728,48.7798055],[9.19075417,48.77971142],[9.19112161,48.77963995],[9.19110242,48.7800009],[9.19115259,48.78019088],[9.19039412,48.7802343]]]},"properties":{"id":"stuttgart:osm:way:427770614","name":"Unbenannter Park 427770614","nameAddon":null,"objectNumber":"stuttgart:osm:way:427770614","district":"Stuttgart-Mitte","locality":null,"type":"Park","areaM2":2820.9,"areaHa":0.28,"designation":null,"dedicated":null,"builtYear":null,"renovatedYear":null,"planningAreaId":null,"planningAreaName":null,"centroid":[9.190778,48.77997],"bounds":[9.19039,48.77964,9.19115,48.78023],"amenities":{"playground":{"status":"not-observed","count":0,"nearestMeters":null,"coverage":"community-mapped-observations"},"toilet":{"status":"not-observed","count":0,"nearestMeters":null,"coverage":"community-mapped-observations"},"drinkingFountain":{"status":"not-observed","count":0,"nearestMeters":null,"coverage":"community-mapped-observations"},"dogRun":{"status":"not-observed","count":0,"nearestMeters":null,"coverage":"community-mapped-observations"}},"sourceId":"parks"}},{"type":"Feature","id":"stuttgart:osm:way:437965054","geometry":{"type":"Polygon","coordinates":[[[9.1481658,48.83207889],[9.15206148,48.83247784],[9.15195671,48.8325873],[9.15170143,48.83268048],[9.15116872,48.83268591],[9.14836796,48.83258458],[9.14818056,48.83246969],[9.1481658,48.83207889]]]},"properties":{"id":"stuttgart:osm:way:437965054","name":"Unbenannter Park 437965054","nameAddon":null,"objectNumber":"stuttgart:osm:way:437965054","district":"Zuffenhausen","locality":null,"type":"Park","areaM2":11522.5,"areaHa":1.15,"designation":null,"dedicated":null,"builtYear":null,"renovatedYear":null,"planningAreaId":null,"planningAreaName":null,"centroid":[9.149839,48.83244],"bounds":[9.14817,48.83208,9.15206,48.83269],"amenities":{"playground":{"status":"not-observed","count":0,"nearestMeters":null,"coverage":"community-mapped-observations"},"toilet":{"status":"not-observed","count":0,"nearestMeters":null,"coverage":"community-mapped-observations"},"drinkingFountain":{"status":"not-observed","count":0,"nearestMeters":null,"coverage":"community-mapped-observations"},"dogRun":{"status":"not-observed","count":0,"nearestMeters":null,"coverage":"community-mapped-observations"}},"sourceId":"parks"}},{"type":"Feature","id":"stuttgart:osm:way:442176691","geometry":{"type":"Polygon","coordinates":[[[9.09335325,48.73237923],[9.0935982,48.73234485],[9.09360558,48.73253935],[9.09453523,48.73252669],[9.09478609,48.73258549],[9.09587216,48.73256649],[9.09639601,48.73248869],[9.0971722,48.73247874],[9.09773589,48.73252578],[9.09868472,48.73249683],[9.09889869,48.73246879],[9.09894444,48.73240546],[9.09944615,48.73234123],[9.09977079,48.7322381],[9.10013232,48.73243984],[9.09992426,48.73248236],[9.0995583,48.73246155],[9.09905954,48.73254207],[9.09754848,48.73257373],[9.09675016,48.73252126],[9.0967177,48.73266419],[9.09535273,48.73277366],[9.09460606,48.73272209],[9.09357902,48.73288855],[9.09351704,48.7328795],[9.09351409,48.73278542],[9.09336062,48.73276551],[9.09335325,48.73237923]]]},"properties":{"id":"stuttgart:osm:way:442176691","name":"Grünanlage Honigwiesenstraße","nameAddon":null,"objectNumber":"stuttgart:osm:way:442176691","district":"Vaihingen","locality":null,"type":"Park","areaM2":8665,"areaHa":0.87,"designation":null,"dedicated":null,"builtYear":null,"renovatedYear":null,"planningAreaId":null,"planningAreaName":null,"centroid":[9.095936,48.73259],"bounds":[9.09335,48.73224,9.10013,48.73289],"amenities":{"playground":{"status":"observed-nearby","count":1,"nearestMeters":0,"coverage":"community-mapped-observations"},"toilet":{"status":"not-observed","count":0,"nearestMeters":null,"coverage":"community-mapped-observations"},"drinkingFountain":{"status":"not-observed","count":0,"nearestMeters":null,"coverage":"community-mapped-observations"},"dogRun":{"status":"not-observed","count":0,"nearestMeters":null,"coverage":"community-mapped-observations"}},"sourceId":"parks"}},{"type":"Feature","id":"stuttgart:osm:way:444249894","geometry":{"type":"Polygon","coordinates":[[[9.08759826,48.73413606],[9.08765581,48.73422019],[9.08772516,48.73422562],[9.08794356,48.73410711],[9.08805866,48.73409716],[9.08806899,48.73420843],[9.08825344,48.73450516],[9.0882741,48.73499095],[9.08797012,48.7349991],[9.08780337,48.73491406],[9.08760121,48.73425457],[9.08759826,48.73413606]]]},"properties":{"id":"stuttgart:osm:way:444249894","name":"Unbenannter Park 444249894","nameAddon":null,"objectNumber":"stuttgart:osm:way:444249894","district":"Vaihingen","locality":null,"type":"Park","areaM2":3678.9,"areaHa":0.37,"designation":null,"dedicated":null,"builtYear":null,"renovatedYear":null,"planningAreaId":null,"planningAreaName":null,"centroid":[9.087965,48.734566],"bounds":[9.0876,48.7341,9.08827,48.735],"amenities":{"playground":{"status":"observed-nearby","count":4,"nearestMeters":0,"coverage":"community-mapped-observations"},"toilet":{"status":"not-observed","count":0,"nearestMeters":null,"coverage":"community-mapped-observations"},"drinkingFountain":{"status":"not-observed","count":0,"nearestMeters":null,"coverage":"community-mapped-observations"},"dogRun":{"status":"not-observed","count":0,"nearestMeters":null,"coverage":"community-mapped-observations"}},"sourceId":"parks"}},{"type":"Feature","id":"stuttgart:osm:way:45752731","geometry":{"type":"Polygon","coordinates":[[[9.19113046,48.77156595],[9.19132524,48.77158314],[9.1914064,48.77177311],[9.1913282,48.77179392],[9.19125884,48.77167993],[9.19113046,48.77156595]]]},"properties":{"id":"stuttgart:osm:way:45752731","name":"Heinrich-Heine-Höhe","nameAddon":null,"objectNumber":"stuttgart:osm:way:45752731","district":"Stuttgart-Ost","locality":null,"type":"Park","areaM2":214.8,"areaHa":0.02,"designation":null,"dedicated":null,"builtYear":null,"renovatedYear":null,"planningAreaId":null,"planningAreaName":null,"centroid":[9.191294,48.771666],"bounds":[9.19113,48.77157,9.19141,48.77179],"amenities":{"playground":{"status":"not-observed","count":0,"nearestMeters":null,"coverage":"community-mapped-observations"},"toilet":{"status":"not-observed","count":0,"nearestMeters":null,"coverage":"community-mapped-observations"},"drinkingFountain":{"status":"not-observed","count":0,"nearestMeters":null,"coverage":"community-mapped-observations"},"dogRun":{"status":"not-observed","count":0,"nearestMeters":null,"coverage":"community-mapped-observations"}},"sourceId":"parks"}},{"type":"Feature","id":"stuttgart:osm:way:45754580","geometry":{"type":"Polygon","coordinates":[[[9.19618304,48.78222634],[9.19686184,48.78189976],[9.1972396,48.78233581],[9.19647965,48.78263796],[9.19640439,48.78258368],[9.19656671,48.78251583],[9.19651063,48.78245522],[9.1965431,48.78243713],[9.19646194,48.78235209],[9.19636012,48.78239732],[9.19620518,48.78224806],[9.19618304,48.78222634]]]},"properties":{"id":"stuttgart:osm:way:45754580","name":"Parkanlage auf dem Stadtwasserwerk","nameAddon":null,"objectNumber":"stuttgart:osm:way:45754580","district":"Stuttgart-Ost","locality":null,"type":"Park","areaM2":3080,"areaHa":0.31,"designation":null,"dedicated":null,"builtYear":null,"renovatedYear":null,"planningAreaId":null,"planningAreaName":null,"centroid":[9.196724,48.78226],"bounds":[9.19618,48.7819,9.19724,48.78264],"amenities":{"playground":{"status":"not-observed","count":0,"nearestMeters":null,"coverage":"community-mapped-observations"},"toilet":{"status":"observed-nearby","count":1,"nearestMeters":18,"coverage":"community-mapped-observations"},"drinkingFountain":{"status":"observed-nearby","count":1,"nearestMeters":0,"coverage":"community-mapped-observations"},"dogRun":{"status":"not-observed","count":0,"nearestMeters":null,"coverage":"community-mapped-observations"}},"sourceId":"parks"}},{"type":"Feature","id":"stuttgart:osm:way:464453272","geometry":{"type":"Polygon","coordinates":[[[9.16971306,48.80103492],[9.17011296,48.79919034],[9.17078585,48.79933599],[9.17071354,48.79946445],[9.17085668,48.79956215],[9.1710308,48.79950516],[9.17106917,48.79938393],[9.17138496,48.79946264],[9.17141742,48.8012647],[9.17134659,48.80170798],[9.17117541,48.80182468],[9.1711518,48.80203365],[9.17103228,48.80213407],[9.17050843,48.80224082],[9.17054237,48.80193957],[9.16991965,48.80199747],[9.16971306,48.80148272],[9.16971306,48.80103492]]]},"properties":{"id":"stuttgart:osm:way:464453272","name":"Grüne Fuge","nameAddon":null,"objectNumber":"stuttgart:osm:way:464453272","district":"Stuttgart-Nord","locality":null,"type":"Park","areaM2":33413.7,"areaHa":3.34,"designation":null,"dedicated":null,"builtYear":null,"renovatedYear":null,"planningAreaId":null,"planningAreaName":null,"centroid":[9.170604,48.800734],"bounds":[9.16971,48.79919,9.17142,48.80224],"amenities":{"playground":{"status":"observed-nearby","count":1,"nearestMeters":11,"coverage":"community-mapped-observations"},"toilet":{"status":"not-observed","count":0,"nearestMeters":null,"coverage":"community-mapped-observations"},"drinkingFountain":{"status":"not-observed","count":0,"nearestMeters":null,"coverage":"community-mapped-observations"},"dogRun":{"status":"not-observed","count":0,"nearestMeters":null,"coverage":"community-mapped-observations"}},"sourceId":"parks"}},{"type":"Feature","id":"stuttgart:osm:way:464636073","geometry":{"type":"Polygon","coordinates":[[[9.17724766,48.79158404],[9.17747934,48.79147367],[9.17761067,48.79170707],[9.17748229,48.79177764],[9.17724766,48.79158404]]]},"properties":{"id":"stuttgart:osm:way:464636073","name":"Tunzhofer Platz","nameAddon":null,"objectNumber":"stuttgart:osm:way:464636073","district":"Stuttgart-Nord","locality":null,"type":"Park","areaM2":437.1,"areaHa":0.04,"designation":null,"dedicated":null,"builtYear":null,"renovatedYear":null,"planningAreaId":null,"planningAreaName":null,"centroid":[9.177446,48.791626],"bounds":[9.17725,48.79147,9.17761,48.79178],"amenities":{"playground":{"status":"observed-nearby","count":1,"nearestMeters":38,"coverage":"community-mapped-observations"},"toilet":{"status":"not-observed","count":0,"nearestMeters":null,"coverage":"community-mapped-observations"},"drinkingFountain":{"status":"not-observed","count":0,"nearestMeters":null,"coverage":"community-mapped-observations"},"dogRun":{"status":"not-observed","count":0,"nearestMeters":null,"coverage":"community-mapped-observations"}},"sourceId":"parks"}},{"type":"Feature","id":"stuttgart:osm:way:46618508","geometry":{"type":"Polygon","coordinates":[[[9.19624059,48.77962547],[9.19720861,48.77929347],[9.19763802,48.77927809],[9.19783576,48.77934594],[9.19799955,48.77949611],[9.19812646,48.77983445],[9.19624059,48.77962547]]]},"properties":{"id":"stuttgart:osm:way:46618508","name":"Wagenburgplatz","nameAddon":null,"objectNumber":"stuttgart:osm:way:46618508","district":"Stuttgart-Ost","locality":null,"type":"Park","areaM2":4925,"areaHa":0.49,"designation":null,"dedicated":null,"builtYear":null,"renovatedYear":null,"planningAreaId":null,"planningAreaName":null,"centroid":[9.197357,48.779553],"bounds":[9.19624,48.77928,9.19813,48.77983],"amenities":{"playground":{"status":"observed-nearby","count":1,"nearestMeters":0,"coverage":"community-mapped-observations"},"toilet":{"status":"not-observed","count":0,"nearestMeters":null,"coverage":"community-mapped-observations"},"drinkingFountain":{"status":"not-observed","count":0,"nearestMeters":null,"coverage":"community-mapped-observations"},"dogRun":{"status":"not-observed","count":0,"nearestMeters":null,"coverage":"community-mapped-observations"}},"sourceId":"parks"}},{"type":"Feature","id":"stuttgart:osm:way:467777800","geometry":{"type":"Polygon","coordinates":[[[9.21006141,48.78401484],[9.21010568,48.7839099],[9.21065462,48.78375611],[9.21079333,48.78397141],[9.21057346,48.78403293],[9.21060592,48.78408269],[9.21040524,48.78413877],[9.21038458,48.78410711],[9.21030784,48.78412339],[9.21018389,48.78419124],[9.21006141,48.78401484]]]},"properties":{"id":"stuttgart:osm:way:467777800","name":"Unbenannter Park 467777800","nameAddon":null,"objectNumber":"stuttgart:osm:way:467777800","district":"Stuttgart-Ost","locality":null,"type":"Park","areaM2":1453.9,"areaHa":0.15,"designation":null,"dedicated":null,"builtYear":null,"renovatedYear":null,"planningAreaId":null,"planningAreaName":null,"centroid":[9.210412,48.783969],"bounds":[9.21006,48.78376,9.21079,48.78419],"amenities":{"playground":{"status":"not-observed","count":0,"nearestMeters":null,"coverage":"community-mapped-observations"},"toilet":{"status":"not-observed","count":0,"nearestMeters":null,"coverage":"community-mapped-observations"},"drinkingFountain":{"status":"not-observed","count":0,"nearestMeters":null,"coverage":"community-mapped-observations"},"dogRun":{"status":"not-observed","count":0,"nearestMeters":null,"coverage":"community-mapped-observations"}},"sourceId":"parks"}},{"type":"Feature","id":"stuttgart:osm:way:483940250","geometry":{"type":"Polygon","coordinates":[[[9.14731141,48.77518183],[9.14732911,48.77500633],[9.14753128,48.77501086],[9.14751947,48.77518817],[9.14731141,48.77518183]]]},"properties":{"id":"stuttgart:osm:way:483940250","name":"Unbenannter Park 483940250","nameAddon":null,"objectNumber":"stuttgart:osm:way:483940250","district":"Stuttgart-West","locality":null,"type":"Park","areaM2":293.3,"areaHa":0.03,"designation":null,"dedicated":null,"builtYear":null,"renovatedYear":null,"planningAreaId":null,"planningAreaName":null,"centroid":[9.147423,48.775097],"bounds":[9.14731,48.77501,9.14753,48.77519],"amenities":{"playground":{"status":"observed-nearby","count":1,"nearestMeters":73,"coverage":"community-mapped-observations"},"toilet":{"status":"not-observed","count":0,"nearestMeters":null,"coverage":"community-mapped-observations"},"drinkingFountain":{"status":"not-observed","count":0,"nearestMeters":null,"coverage":"community-mapped-observations"},"dogRun":{"status":"not-observed","count":0,"nearestMeters":null,"coverage":"community-mapped-observations"}},"sourceId":"parks"}},{"type":"Feature","id":"stuttgart:osm:way:496186878","geometry":{"type":"Polygon","coordinates":[[[9.11384247,48.71869369],[9.11386018,48.71838158],[9.11515284,48.71850914],[9.11519563,48.71847566],[9.11570768,48.7184621],[9.11569587,48.71863126],[9.11720693,48.71869278],[9.11703575,48.71895875],[9.11593197,48.71897141],[9.11490936,48.71888457],[9.11384247,48.71869369]]]},"properties":{"id":"stuttgart:osm:way:496186878","name":"Dürrlewang Park","nameAddon":null,"objectNumber":"stuttgart:osm:way:496186878","district":"Vaihingen","locality":null,"type":"Park","areaM2":9387.2,"areaHa":0.94,"designation":null,"dedicated":null,"builtYear":null,"renovatedYear":null,"planningAreaId":null,"planningAreaName":null,"centroid":[9.115419,48.718713],"bounds":[9.11384,48.71838,9.11721,48.71897],"amenities":{"playground":{"status":"observed-nearby","count":1,"nearestMeters":0,"coverage":"community-mapped-observations"},"toilet":{"status":"not-observed","count":0,"nearestMeters":null,"coverage":"community-mapped-observations"},"drinkingFountain":{"status":"observed-nearby","count":1,"nearestMeters":0,"coverage":"community-mapped-observations"},"dogRun":{"status":"not-observed","count":0,"nearestMeters":null,"coverage":"community-mapped-observations"}},"sourceId":"parks"}},{"type":"Feature","id":"stuttgart:osm:way:496186879","geometry":{"type":"Polygon","coordinates":[[[9.11216172,48.71862946],[9.11216762,48.7185399],[9.11239044,48.71862041],[9.11364474,48.71873711],[9.11369196,48.71878506],[9.11366687,48.71893161],[9.11355915,48.71892166],[9.11241996,48.71868916],[9.11216172,48.71862946]]]},"properties":{"id":"stuttgart:osm:way:496186879","name":"Unbenannter Park 496186879","nameAddon":null,"objectNumber":"stuttgart:osm:way:496186879","district":"Vaihingen","locality":null,"type":"Park","areaM2":1532.9,"areaHa":0.15,"designation":null,"dedicated":null,"builtYear":null,"renovatedYear":null,"planningAreaId":null,"planningAreaName":null,"centroid":[9.113066,48.71875],"bounds":[9.11216,48.71854,9.11369,48.71893],"amenities":{"playground":{"status":"not-observed","count":0,"nearestMeters":null,"coverage":"community-mapped-observations"},"toilet":{"status":"not-observed","count":0,"nearestMeters":null,"coverage":"community-mapped-observations"},"drinkingFountain":{"status":"not-observed","count":0,"nearestMeters":null,"coverage":"community-mapped-observations"},"dogRun":{"status":"not-observed","count":0,"nearestMeters":null,"coverage":"community-mapped-observations"}},"sourceId":"parks"}},{"type":"Feature","id":"stuttgart:osm:way:497133751","geometry":{"type":"Polygon","coordinates":[[[9.14585938,48.72762801],[9.14589922,48.72746246],[9.14627698,48.72750136],[9.14630945,48.72736837],[9.14676247,48.72740818],[9.14669311,48.72773476],[9.14585938,48.72762801]]]},"properties":{"id":"stuttgart:osm:way:497133751","name":"Spitalhof Möhringen","nameAddon":null,"objectNumber":"stuttgart:osm:way:497133751","district":"Möhringen","locality":null,"type":"Park","areaM2":1749.4,"areaHa":0.17,"designation":null,"dedicated":null,"builtYear":null,"renovatedYear":null,"planningAreaId":null,"planningAreaName":null,"centroid":[9.146369,48.727554],"bounds":[9.14586,48.72737,9.14676,48.72773],"amenities":{"playground":{"status":"observed-nearby","count":1,"nearestMeters":0,"coverage":"community-mapped-observations"},"toilet":{"status":"not-observed","count":0,"nearestMeters":null,"coverage":"community-mapped-observations"},"drinkingFountain":{"status":"not-observed","count":0,"nearestMeters":null,"coverage":"community-mapped-observations"},"dogRun":{"status":"not-observed","count":0,"nearestMeters":null,"coverage":"community-mapped-observations"}},"sourceId":"parks"}},{"type":"Feature","id":"stuttgart:osm:way:515927787","geometry":{"type":"Polygon","coordinates":[[[9.22203326,48.7971015],[9.22210262,48.79671431],[9.22492551,48.79692871],[9.22484583,48.79731138],[9.22203326,48.7971015]]]},"properties":{"id":"stuttgart:osm:way:515927787","name":"Veielbrunnenpark","nameAddon":null,"objectNumber":"stuttgart:osm:way:515927787","district":"Bad Cannstatt","locality":null,"type":"Park","areaM2":8968,"areaHa":0.9,"designation":null,"dedicated":null,"builtYear":null,"renovatedYear":null,"planningAreaId":null,"planningAreaName":null,"centroid":[9.223475,48.797014],"bounds":[9.22203,48.79671,9.22493,48.79731],"amenities":{"playground":{"status":"observed-nearby","count":2,"nearestMeters":0,"coverage":"community-mapped-observations"},"toilet":{"status":"not-observed","count":0,"nearestMeters":null,"coverage":"community-mapped-observations"},"drinkingFountain":{"status":"not-observed","count":0,"nearestMeters":null,"coverage":"community-mapped-observations"},"dogRun":{"status":"not-observed","count":0,"nearestMeters":null,"coverage":"community-mapped-observations"}},"sourceId":"parks"}},{"type":"Feature","id":"stuttgart:osm:way:52481674","geometry":{"type":"Polygon","coordinates":[[[9.14777033,48.77759273],[9.14802857,48.77750498],[9.14846388,48.77750407],[9.14846535,48.77770762],[9.14820712,48.77771395],[9.14783231,48.77778451],[9.14777033,48.77759273]]]},"properties":{"id":"stuttgart:osm:way:52481674","name":"Unbenannter Park 52481674","nameAddon":null,"objectNumber":"stuttgart:osm:way:52481674","district":"Stuttgart-West","locality":null,"type":"Park","areaM2":1175,"areaHa":0.12,"designation":null,"dedicated":null,"builtYear":null,"renovatedYear":null,"planningAreaId":null,"planningAreaName":null,"centroid":[9.148126,48.777626],"bounds":[9.14777,48.7775,9.14847,48.77778],"amenities":{"playground":{"status":"observed-nearby","count":2,"nearestMeters":0,"coverage":"community-mapped-observations"},"toilet":{"status":"not-observed","count":0,"nearestMeters":null,"coverage":"community-mapped-observations"},"drinkingFountain":{"status":"not-observed","count":0,"nearestMeters":null,"coverage":"community-mapped-observations"},"dogRun":{"status":"not-observed","count":0,"nearestMeters":null,"coverage":"community-mapped-observations"}},"sourceId":"parks"}},{"type":"Feature","id":"stuttgart:osm:way:52598586","geometry":{"type":"Polygon","coordinates":[[[9.20360255,48.78958929],[9.20389325,48.78958024],[9.20394932,48.78964809],[9.20426659,48.78963995],[9.20439792,48.78953411],[9.20464435,48.78952325],[9.20461336,48.78960557],[9.20449236,48.78958115],[9.20436988,48.78966257],[9.20439792,48.78968247],[9.20400687,48.78999638],[9.20396556,48.79008051],[9.20387849,48.79007961],[9.20386964,48.79],[9.20363059,48.78969694],[9.20360255,48.78958929]]]},"properties":{"id":"stuttgart:osm:way:52598586","name":"Unbenannter Park 52598586","nameAddon":null,"objectNumber":"stuttgart:osm:way:52598586","district":"Stuttgart-Ost","locality":null,"type":"Park","areaM2":1831.9,"areaHa":0.18,"designation":null,"dedicated":null,"builtYear":null,"renovatedYear":null,"planningAreaId":null,"planningAreaName":null,"centroid":[9.204017,48.789755],"bounds":[9.2036,48.78952,9.20464,48.79008],"amenities":{"playground":{"status":"not-observed","count":0,"nearestMeters":null,"coverage":"community-mapped-observations"},"toilet":{"status":"not-observed","count":0,"nearestMeters":null,"coverage":"community-mapped-observations"},"drinkingFountain":{"status":"not-observed","count":0,"nearestMeters":null,"coverage":"community-mapped-observations"},"dogRun":{"status":"not-observed","count":0,"nearestMeters":null,"coverage":"community-mapped-observations"}},"sourceId":"parks"}},{"type":"Feature","id":"stuttgart:osm:way:531768565","geometry":{"type":"Polygon","coordinates":[[[9.1695891,48.8118084],[9.17014985,48.81098697],[9.17041251,48.8110702],[9.16990637,48.81180025],[9.16966584,48.81182558],[9.1695891,48.8118084]]]},"properties":{"id":"stuttgart:osm:way:531768565","name":"Unbenannter Park 531768565","nameAddon":null,"objectNumber":"stuttgart:osm:way:531768565","district":"Feuerbach","locality":null,"type":"Park","areaM2":2024.8,"areaHa":0.2,"designation":null,"dedicated":null,"builtYear":null,"renovatedYear":null,"planningAreaId":null,"planningAreaName":null,"centroid":[9.170009,48.811419],"bounds":[9.16959,48.81099,9.17041,48.81183],"amenities":{"playground":{"status":"observed-nearby","count":2,"nearestMeters":22,"coverage":"community-mapped-observations"},"toilet":{"status":"not-observed","count":0,"nearestMeters":null,"coverage":"community-mapped-observations"},"drinkingFountain":{"status":"observed-nearby","count":1,"nearestMeters":26,"coverage":"community-mapped-observations"},"dogRun":{"status":"not-observed","count":0,"nearestMeters":null,"coverage":"community-mapped-observations"}},"sourceId":"parks"}},{"type":"Feature","id":"stuttgart:osm:way:531979824","geometry":{"type":"Polygon","coordinates":[[[9.2159374,48.71303058],[9.21606283,48.71253302],[9.21649077,48.71258097],[9.21648486,48.71264972],[9.21639928,48.71263886],[9.21630188,48.71300253],[9.21638452,48.71301248],[9.21636829,48.71307762],[9.2159374,48.71303058]]]},"properties":{"id":"stuttgart:osm:way:531979824","name":"Unbenannter Park 531979824","nameAddon":null,"objectNumber":"stuttgart:osm:way:531979824","district":"Plieningen","locality":null,"type":"Park","areaM2":1554.7,"areaHa":0.16,"designation":null,"dedicated":null,"builtYear":null,"renovatedYear":null,"planningAreaId":null,"planningAreaName":null,"centroid":[9.216188,48.712802],"bounds":[9.21594,48.71253,9.21649,48.71308],"amenities":{"playground":{"status":"not-observed","count":0,"nearestMeters":null,"coverage":"community-mapped-observations"},"toilet":{"status":"not-observed","count":0,"nearestMeters":null,"coverage":"community-mapped-observations"},"drinkingFountain":{"status":"not-observed","count":0,"nearestMeters":null,"coverage":"community-mapped-observations"},"dogRun":{"status":"not-observed","count":0,"nearestMeters":null,"coverage":"community-mapped-observations"}},"sourceId":"parks"}},{"type":"Feature","id":"stuttgart:osm:way:531979825","geometry":{"type":"Polygon","coordinates":[[[9.21370181,48.71340691],[9.21382134,48.71297268],[9.2138966,48.71292835],[9.21633878,48.71320698],[9.21625466,48.71355075],[9.21510662,48.7134241],[9.2150712,48.71354985],[9.21370181,48.71340691]]]},"properties":{"id":"stuttgart:osm:way:531979825","name":"Unbenannter Park 531979825","nameAddon":null,"objectNumber":"stuttgart:osm:way:531979825","district":"Plieningen","locality":null,"type":"Park","areaM2":8842.8,"areaHa":0.88,"designation":null,"dedicated":null,"builtYear":null,"renovatedYear":null,"planningAreaId":null,"planningAreaName":null,"centroid":[9.21493,48.713268],"bounds":[9.2137,48.71293,9.21634,48.71355],"amenities":{"playground":{"status":"not-observed","count":0,"nearestMeters":null,"coverage":"community-mapped-observations"},"toilet":{"status":"not-observed","count":0,"nearestMeters":null,"coverage":"community-mapped-observations"},"drinkingFountain":{"status":"not-observed","count":0,"nearestMeters":null,"coverage":"community-mapped-observations"},"dogRun":{"status":"not-observed","count":0,"nearestMeters":null,"coverage":"community-mapped-observations"}},"sourceId":"parks"}},{"type":"Feature","id":"stuttgart:osm:way:531979826","geometry":{"type":"Polygon","coordinates":[[[9.21392611,48.71267324],[9.21402645,48.71222363],[9.21446176,48.71227248],[9.21446029,48.71232224],[9.21480411,48.71235842],[9.21478345,48.71242175],[9.21486609,48.7124326],[9.21478345,48.71276642],[9.21392611,48.71267324]]]},"properties":{"id":"stuttgart:osm:way:531979826","name":"Unbenannter Park 531979826","nameAddon":null,"objectNumber":"stuttgart:osm:way:531979826","district":"Plieningen","locality":null,"type":"Park","areaM2":3039,"areaHa":0.3,"designation":null,"dedicated":null,"builtYear":null,"renovatedYear":null,"planningAreaId":null,"planningAreaName":null,"centroid":[9.214386,48.712507],"bounds":[9.21393,48.71222,9.21487,48.71277],"amenities":{"playground":{"status":"not-observed","count":0,"nearestMeters":null,"coverage":"community-mapped-observations"},"toilet":{"status":"not-observed","count":0,"nearestMeters":null,"coverage":"community-mapped-observations"},"drinkingFountain":{"status":"not-observed","count":0,"nearestMeters":null,"coverage":"community-mapped-observations"},"dogRun":{"status":"not-observed","count":0,"nearestMeters":null,"coverage":"community-mapped-observations"}},"sourceId":"parks"}},{"type":"Feature","id":"stuttgart:osm:way:531979827","geometry":{"type":"Polygon","coordinates":[[[9.21292563,48.71256287],[9.21300531,48.71224082],[9.21307467,48.71224625],[9.2131027,48.71216211],[9.2133875,48.71218111],[9.21339783,48.71215397],[9.21393791,48.71221096],[9.2138538,48.71260358],[9.21324879,48.71253664],[9.21323108,48.71259544],[9.21292563,48.71256287]]]},"properties":{"id":"stuttgart:osm:way:531979827","name":"Unbenannter Park 531979827","nameAddon":null,"objectNumber":"stuttgart:osm:way:531979827","district":"Plieningen","locality":null,"type":"Park","areaM2":2973.6,"areaHa":0.3,"designation":null,"dedicated":null,"builtYear":null,"renovatedYear":null,"planningAreaId":null,"planningAreaName":null,"centroid":[9.21344,48.712379],"bounds":[9.21293,48.71215,9.21394,48.7126],"amenities":{"playground":{"status":"not-observed","count":0,"nearestMeters":null,"coverage":"community-mapped-observations"},"toilet":{"status":"not-observed","count":0,"nearestMeters":null,"coverage":"community-mapped-observations"},"drinkingFountain":{"status":"not-observed","count":0,"nearestMeters":null,"coverage":"community-mapped-observations"},"dogRun":{"status":"not-observed","count":0,"nearestMeters":null,"coverage":"community-mapped-observations"}},"sourceId":"parks"}},{"type":"Feature","id":"stuttgart:osm:way:531979828","geometry":{"type":"Polygon","coordinates":[[[9.21183956,48.71255202],[9.21195023,48.71211145],[9.2128607,48.71221458],[9.2127515,48.71265153],[9.21183956,48.71255202]]]},"properties":{"id":"stuttgart:osm:way:531979828","name":"Unbenannter Park 531979828","nameAddon":null,"objectNumber":"stuttgart:osm:way:531979828","district":"Plieningen","locality":null,"type":"Park","areaM2":3362.5,"areaHa":0.34,"designation":null,"dedicated":null,"builtYear":null,"renovatedYear":null,"planningAreaId":null,"planningAreaName":null,"centroid":[9.21235,48.712382],"bounds":[9.21184,48.71211,9.21286,48.71265],"amenities":{"playground":{"status":"not-observed","count":0,"nearestMeters":null,"coverage":"community-mapped-observations"},"toilet":{"status":"not-observed","count":0,"nearestMeters":null,"coverage":"community-mapped-observations"},"drinkingFountain":{"status":"not-observed","count":0,"nearestMeters":null,"coverage":"community-mapped-observations"},"dogRun":{"status":"not-observed","count":0,"nearestMeters":null,"coverage":"community-mapped-observations"}},"sourceId":"parks"}},{"type":"Feature","id":"stuttgart:osm:way:531979829","geometry":{"type":"Polygon","coordinates":[[[9.21489117,48.71289578],[9.21501956,48.71238737],[9.21593297,48.71248417],[9.21581345,48.71299168],[9.21489117,48.71289578]]]},"properties":{"id":"stuttgart:osm:way:531979829","name":"Unbenannter Park 531979829","nameAddon":null,"objectNumber":"stuttgart:osm:way:531979829","district":"Plieningen","locality":null,"type":"Park","areaM2":3902.4,"areaHa":0.39,"designation":null,"dedicated":null,"builtYear":null,"renovatedYear":null,"planningAreaId":null,"planningAreaName":null,"centroid":[9.215414,48.71269],"bounds":[9.21489,48.71239,9.21593,48.71299],"amenities":{"playground":{"status":"not-observed","count":0,"nearestMeters":null,"coverage":"community-mapped-observations"},"toilet":{"status":"not-observed","count":0,"nearestMeters":null,"coverage":"community-mapped-observations"},"drinkingFountain":{"status":"not-observed","count":0,"nearestMeters":null,"coverage":"community-mapped-observations"},"dogRun":{"status":"not-observed","count":0,"nearestMeters":null,"coverage":"community-mapped-observations"}},"sourceId":"parks"}},{"type":"Feature","id":"stuttgart:osm:way:531979830","geometry":{"type":"Polygon","coordinates":[[[9.21126553,48.71251493],[9.2113039,48.71233581],[9.2113585,48.71234214],[9.21143966,48.71199837],[9.21138654,48.71199294],[9.21140129,48.71193233],[9.21184251,48.71197937],[9.2116979,48.71256106],[9.21126553,48.71251493]]]},"properties":{"id":"stuttgart:osm:way:531979830","name":"Unbenannter Park 531979830","nameAddon":null,"objectNumber":"stuttgart:osm:way:531979830","district":"Plieningen","locality":null,"type":"Park","areaM2":1984.9,"areaHa":0.2,"designation":null,"dedicated":null,"builtYear":null,"renovatedYear":null,"planningAreaId":null,"planningAreaName":null,"centroid":[9.211565,48.712252],"bounds":[9.21127,48.71193,9.21184,48.71256],"amenities":{"playground":{"status":"not-observed","count":0,"nearestMeters":null,"coverage":"community-mapped-observations"},"toilet":{"status":"not-observed","count":0,"nearestMeters":null,"coverage":"community-mapped-observations"},"drinkingFountain":{"status":"not-observed","count":0,"nearestMeters":null,"coverage":"community-mapped-observations"},"dogRun":{"status":"not-observed","count":0,"nearestMeters":null,"coverage":"community-mapped-observations"}},"sourceId":"parks"}},{"type":"Feature","id":"stuttgart:osm:way:531979831","geometry":{"type":"Polygon","coordinates":[[[9.21117257,48.71288855],[9.21123602,48.71263525],[9.21368558,48.7128985],[9.2137446,48.7129573],[9.21364869,48.71335987],[9.21354097,48.71339425],[9.21233537,48.71325855],[9.21236341,48.71312737],[9.21172741,48.71306134],[9.21175397,48.71294464],[9.21117257,48.71288855]]]},"properties":{"id":"stuttgart:osm:way:531979831","name":"Unbenannter Park 531979831","nameAddon":null,"objectNumber":"stuttgart:osm:way:531979831","district":"Plieningen","locality":null,"type":"Park","areaM2":8554.3,"areaHa":0.86,"designation":null,"dedicated":null,"builtYear":null,"renovatedYear":null,"planningAreaId":null,"planningAreaName":null,"centroid":[9.212606,48.713003],"bounds":[9.21117,48.71264,9.21374,48.71339],"amenities":{"playground":{"status":"not-observed","count":0,"nearestMeters":null,"coverage":"community-mapped-observations"},"toilet":{"status":"not-observed","count":0,"nearestMeters":null,"coverage":"community-mapped-observations"},"drinkingFountain":{"status":"not-observed","count":0,"nearestMeters":null,"coverage":"community-mapped-observations"},"dogRun":{"status":"not-observed","count":0,"nearestMeters":null,"coverage":"community-mapped-observations"}},"sourceId":"parks"}},{"type":"Feature","id":"stuttgart:osm:way:53818877","geometry":{"type":"Polygon","coordinates":[[[9.17947735,48.76209788],[9.17955261,48.76208793],[9.17968394,48.76222182],[9.17994365,48.76237742],[9.17970017,48.76235842],[9.17950834,48.76222272],[9.17947735,48.76209788]]]},"properties":{"id":"stuttgart:osm:way:53818877","name":"Unbenannter Park 53818877","nameAddon":null,"objectNumber":"stuttgart:osm:way:53818877","district":"Stuttgart-Süd","locality":null,"type":"Park","areaM2":397.4,"areaHa":0.04,"designation":null,"dedicated":null,"builtYear":null,"renovatedYear":null,"planningAreaId":null,"planningAreaName":null,"centroid":[9.179658,48.762249],"bounds":[9.17948,48.76209,9.17994,48.76238],"amenities":{"playground":{"status":"not-observed","count":0,"nearestMeters":null,"coverage":"community-mapped-observations"},"toilet":{"status":"not-observed","count":0,"nearestMeters":null,"coverage":"community-mapped-observations"},"drinkingFountain":{"status":"not-observed","count":0,"nearestMeters":null,"coverage":"community-mapped-observations"},"dogRun":{"status":"not-observed","count":0,"nearestMeters":null,"coverage":"community-mapped-observations"}},"sourceId":"parks"}},{"type":"Feature","id":"stuttgart:osm:way:54617318","geometry":{"type":"Polygon","coordinates":[[[9.22015773,48.82158766],[9.22127773,48.82125204],[9.22148137,48.82115705],[9.22203916,48.82158585],[9.22055172,48.82226705],[9.22015773,48.82158766]]]},"properties":{"id":"stuttgart:osm:way:54617318","name":"Festwiese","nameAddon":null,"objectNumber":"stuttgart:osm:way:54617318","district":"Münster","locality":null,"type":"Park","areaM2":8486.4,"areaHa":0.85,"designation":null,"dedicated":null,"builtYear":null,"renovatedYear":null,"planningAreaId":null,"planningAreaName":null,"centroid":[9.221037,48.821677],"bounds":[9.22016,48.82116,9.22204,48.82227],"amenities":{"playground":{"status":"observed-nearby","count":3,"nearestMeters":12,"coverage":"community-mapped-observations"},"toilet":{"status":"not-observed","count":0,"nearestMeters":null,"coverage":"community-mapped-observations"},"drinkingFountain":{"status":"not-observed","count":0,"nearestMeters":null,"coverage":"community-mapped-observations"},"dogRun":{"status":"not-observed","count":0,"nearestMeters":null,"coverage":"community-mapped-observations"}},"sourceId":"parks"}},{"type":"Feature","id":"stuttgart:osm:way:551304005","geometry":{"type":"Polygon","coordinates":[[[9.10469204,48.80799349],[9.10480862,48.80789669],[9.10488978,48.80771757],[9.10502554,48.80757554],[9.10516572,48.80754116],[9.10582533,48.80816989],[9.10469352,48.80806314],[9.10469204,48.80799349]]]},"properties":{"id":"stuttgart:osm:way:551304005","name":"Unbenannter Park 551304005","nameAddon":null,"objectNumber":"stuttgart:osm:way:551304005","district":"Weilimdorf","locality":null,"type":"Park","areaM2":2913.9,"areaHa":0.29,"designation":null,"dedicated":null,"builtYear":null,"renovatedYear":null,"planningAreaId":null,"planningAreaName":null,"centroid":[9.105196,48.807906],"bounds":[9.10469,48.80754,9.10583,48.80817],"amenities":{"playground":{"status":"not-observed","count":0,"nearestMeters":null,"coverage":"community-mapped-observations"},"toilet":{"status":"not-observed","count":0,"nearestMeters":null,"coverage":"community-mapped-observations"},"drinkingFountain":{"status":"not-observed","count":0,"nearestMeters":null,"coverage":"community-mapped-observations"},"dogRun":{"status":"not-observed","count":0,"nearestMeters":null,"coverage":"community-mapped-observations"}},"sourceId":"parks"}},{"type":"Feature","id":"stuttgart:osm:way:56149783","geometry":{"type":"Polygon","coordinates":[[[9.16555766,48.79436584],[9.16656405,48.79407364],[9.16678244,48.79407364],[9.16691968,48.79450878],[9.1666334,48.79480821],[9.16591034,48.7944545],[9.16555766,48.79436584]]]},"properties":{"id":"stuttgart:osm:way:56149783","name":"Unbenannter Park 56149783","nameAddon":null,"objectNumber":"stuttgart:osm:way:56149783","district":"Stuttgart-Nord","locality":null,"type":"Park","areaM2":4167.3,"areaHa":0.42,"designation":null,"dedicated":null,"builtYear":null,"renovatedYear":null,"planningAreaId":null,"planningAreaName":null,"centroid":[9.166414,48.794401],"bounds":[9.16556,48.79407,9.16692,48.79481],"amenities":{"playground":{"status":"not-observed","count":0,"nearestMeters":null,"coverage":"community-mapped-observations"},"toilet":{"status":"not-observed","count":0,"nearestMeters":null,"coverage":"community-mapped-observations"},"drinkingFountain":{"status":"not-observed","count":0,"nearestMeters":null,"coverage":"community-mapped-observations"},"dogRun":{"status":"not-observed","count":0,"nearestMeters":null,"coverage":"community-mapped-observations"}},"sourceId":"parks"}},{"type":"Feature","id":"stuttgart:osm:way:577112187","geometry":{"type":"Polygon","coordinates":[[[9.15901616,48.77475394],[9.15921242,48.77446264],[9.15971119,48.774611],[9.15967872,48.77465895],[9.16063936,48.77494753],[9.16042687,48.77521983],[9.159965,48.7750787],[9.15993401,48.77502985],[9.15901616,48.77475394]]]},"properties":{"id":"stuttgart:osm:way:577112187","name":"Unbenannter Park 577112187","nameAddon":null,"objectNumber":"stuttgart:osm:way:577112187","district":"Stuttgart-West","locality":null,"type":"Park","areaM2":3874.3,"areaHa":0.39,"designation":null,"dedicated":null,"builtYear":null,"renovatedYear":null,"planningAreaId":null,"planningAreaName":null,"centroid":[9.159816,48.774843],"bounds":[9.15902,48.77446,9.16064,48.77522],"amenities":{"playground":{"status":"observed-nearby","count":3,"nearestMeters":0,"coverage":"community-mapped-observations"},"toilet":{"status":"not-observed","count":0,"nearestMeters":null,"coverage":"community-mapped-observations"},"drinkingFountain":{"status":"not-observed","count":0,"nearestMeters":null,"coverage":"community-mapped-observations"},"dogRun":{"status":"not-observed","count":0,"nearestMeters":null,"coverage":"community-mapped-observations"}},"sourceId":"parks"}},{"type":"Feature","id":"stuttgart:osm:way:583742801","geometry":{"type":"Polygon","coordinates":[[[9.21747502,48.74081509],[9.21753109,48.74012936],[9.21781294,48.74018003],[9.21828367,48.7401746],[9.21839434,48.74040709],[9.21913363,48.74040257],[9.21914101,48.74049213],[9.21904067,48.74060883],[9.21864962,48.74093812],[9.21843123,48.7407391],[9.21747502,48.74081509]]]},"properties":{"id":"stuttgart:osm:way:583742801","name":"Grünanlage Ilse-Beate-Jäkel-Weg","nameAddon":null,"objectNumber":"stuttgart:osm:way:583742801","district":"Sillenbuch","locality":null,"type":"Park","areaM2":6510.7,"areaHa":0.65,"designation":null,"dedicated":null,"builtYear":null,"renovatedYear":null,"planningAreaId":null,"planningAreaName":null,"centroid":[9.218189,48.740523],"bounds":[9.21748,48.74013,9.21914,48.74094],"amenities":{"playground":{"status":"observed-nearby","count":1,"nearestMeters":0,"coverage":"community-mapped-observations"},"toilet":{"status":"observed-nearby","count":1,"nearestMeters":12,"coverage":"community-mapped-observations"},"drinkingFountain":{"status":"not-observed","count":0,"nearestMeters":null,"coverage":"community-mapped-observations"},"dogRun":{"status":"not-observed","count":0,"nearestMeters":null,"coverage":"community-mapped-observations"}},"sourceId":"parks"}},{"type":"Feature","id":"stuttgart:osm:way:590815287","geometry":{"type":"Polygon","coordinates":[[[9.14819974,48.72542699],[9.14843289,48.72539805],[9.1484019,48.7256613],[9.14823515,48.72569206],[9.14819974,48.72542699]]]},"properties":{"id":"stuttgart:osm:way:590815287","name":"Unbenannter Park 590815287","nameAddon":null,"objectNumber":"stuttgart:osm:way:590815287","district":"Möhringen","locality":null,"type":"Park","areaM2":527,"areaHa":0.05,"designation":null,"dedicated":null,"builtYear":null,"renovatedYear":null,"planningAreaId":null,"planningAreaName":null,"centroid":[9.148317,48.725537],"bounds":[9.1482,48.7254,9.14843,48.72569],"amenities":{"playground":{"status":"not-observed","count":0,"nearestMeters":null,"coverage":"community-mapped-observations"},"toilet":{"status":"not-observed","count":0,"nearestMeters":null,"coverage":"community-mapped-observations"},"drinkingFountain":{"status":"not-observed","count":0,"nearestMeters":null,"coverage":"community-mapped-observations"},"dogRun":{"status":"not-observed","count":0,"nearestMeters":null,"coverage":"community-mapped-observations"}},"sourceId":"parks"}},{"type":"Feature","id":"stuttgart:osm:way:590815288","geometry":{"type":"Polygon","coordinates":[[[9.14822187,48.72538267],[9.14846535,48.72521169],[9.14854061,48.72502714],[9.14850962,48.72492491],[9.14869555,48.72488963],[9.14872359,48.72495477],[9.14842699,48.72534648],[9.14822187,48.72538267]]]},"properties":{"id":"stuttgart:osm:way:590815288","name":"Unbenannter Park 590815288","nameAddon":null,"objectNumber":"stuttgart:osm:way:590815288","district":"Möhringen","locality":null,"type":"Park","areaM2":457.3,"areaHa":0.05,"designation":null,"dedicated":null,"builtYear":null,"renovatedYear":null,"planningAreaId":null,"planningAreaName":null,"centroid":[9.148531,48.725112],"bounds":[9.14822,48.72489,9.14872,48.72538],"amenities":{"playground":{"status":"not-observed","count":0,"nearestMeters":null,"coverage":"community-mapped-observations"},"toilet":{"status":"not-observed","count":0,"nearestMeters":null,"coverage":"community-mapped-observations"},"drinkingFountain":{"status":"not-observed","count":0,"nearestMeters":null,"coverage":"community-mapped-observations"},"dogRun":{"status":"not-observed","count":0,"nearestMeters":null,"coverage":"community-mapped-observations"}},"sourceId":"parks"}},{"type":"Feature","id":"stuttgart:osm:way:60675220","geometry":{"type":"Polygon","coordinates":[[[9.18184132,48.76251764],[9.18196528,48.76239823],[9.18245814,48.76225891],[9.18262046,48.76239461],[9.18237403,48.76257282],[9.18199922,48.7626262],[9.18184132,48.76251764]]]},"properties":{"id":"stuttgart:osm:way:60675220","name":"Unbenannter Park 60675220","nameAddon":null,"objectNumber":"stuttgart:osm:way:60675220","district":"Stuttgart-Süd","locality":null,"type":"Park","areaM2":1333.2,"areaHa":0.13,"designation":null,"dedicated":null,"builtYear":null,"renovatedYear":null,"planningAreaId":null,"planningAreaName":null,"centroid":[9.182234,48.762453],"bounds":[9.18184,48.76226,9.18262,48.76263],"amenities":{"playground":{"status":"not-observed","count":0,"nearestMeters":null,"coverage":"community-mapped-observations"},"toilet":{"status":"not-observed","count":0,"nearestMeters":null,"coverage":"community-mapped-observations"},"drinkingFountain":{"status":"not-observed","count":0,"nearestMeters":null,"coverage":"community-mapped-observations"},"dogRun":{"status":"not-observed","count":0,"nearestMeters":null,"coverage":"community-mapped-observations"}},"sourceId":"parks"}},{"type":"Feature","id":"stuttgart:osm:way:612060382","geometry":{"type":"Polygon","coordinates":[[[9.14928728,48.83189434],[9.1493891,48.83154605],[9.15119381,48.83187263],[9.15201574,48.83176407],[9.15199951,48.83207255],[9.15173684,48.83218382],[9.15167191,48.83233128],[9.15054895,48.83222906],[9.15053862,48.83203003],[9.14928728,48.83189434]]]},"properties":{"id":"stuttgart:osm:way:612060382","name":"Unbenannter Park 612060382","nameAddon":null,"objectNumber":"stuttgart:osm:way:612060382","district":"Zuffenhausen","locality":null,"type":"Park","areaM2":8190.4,"areaHa":0.82,"designation":null,"dedicated":null,"builtYear":null,"renovatedYear":null,"planningAreaId":null,"planningAreaName":null,"centroid":[9.150747,48.831949],"bounds":[9.14929,48.83155,9.15202,48.83233],"amenities":{"playground":{"status":"not-observed","count":0,"nearestMeters":null,"coverage":"community-mapped-observations"},"toilet":{"status":"not-observed","count":0,"nearestMeters":null,"coverage":"community-mapped-observations"},"drinkingFountain":{"status":"not-observed","count":0,"nearestMeters":null,"coverage":"community-mapped-observations"},"dogRun":{"status":"not-observed","count":0,"nearestMeters":null,"coverage":"community-mapped-observations"}},"sourceId":"parks"}},{"type":"Feature","id":"stuttgart:osm:way:64764872","geometry":{"type":"Polygon","coordinates":[[[9.16820348,48.75279537],[9.16823595,48.75267053],[9.16897967,48.75269133],[9.16913018,48.75241903],[9.16926889,48.75274833],[9.16922905,48.75308305],[9.16886752,48.753074],[9.16870372,48.75318799],[9.16820348,48.75279537]]]},"properties":{"id":"stuttgart:osm:way:64764872","name":"Schimmelhüttenplatz","nameAddon":null,"objectNumber":"stuttgart:osm:way:64764872","district":"Degerloch","locality":null,"type":"Park","areaM2":3480.8,"areaHa":0.35,"designation":null,"dedicated":null,"builtYear":null,"renovatedYear":null,"planningAreaId":null,"planningAreaName":null,"centroid":[9.168808,48.752853],"bounds":[9.1682,48.75242,9.16927,48.75319],"amenities":{"playground":{"status":"not-observed","count":0,"nearestMeters":null,"coverage":"community-mapped-observations"},"toilet":{"status":"not-observed","count":0,"nearestMeters":null,"coverage":"community-mapped-observations"},"drinkingFountain":{"status":"not-observed","count":0,"nearestMeters":null,"coverage":"community-mapped-observations"},"dogRun":{"status":"not-observed","count":0,"nearestMeters":null,"coverage":"community-mapped-observations"}},"sourceId":"parks"}},{"type":"Feature","id":"stuttgart:osm:way:680036097","geometry":{"type":"Polygon","coordinates":[[[9.13627954,48.73089832],[9.13646252,48.73088294],[9.13657762,48.73082233],[9.13668682,48.73066401],[9.13727855,48.73067487],[9.13748661,48.73063235],[9.13760171,48.73064863],[9.13776993,48.73075357],[9.13831592,48.73071467],[9.13834396,48.7301755],[9.13846201,48.73001267],[9.1387232,48.7300199],[9.13929132,48.72984802],[9.13926328,48.72938665],[9.13916736,48.72932151],[9.13905079,48.728871],[9.13899914,48.72881762],[9.1387409,48.72875792],[9.13864499,48.72854894],[9.1389106,48.7285399],[9.13896372,48.72863669],[9.13912457,48.72874887],[9.13946397,48.7293577],[9.13949348,48.7300977],[9.13926033,48.73020897],[9.13921606,48.73042971],[9.13868335,48.73066944],[9.13866417,48.73100054],[9.13841331,48.73102497],[9.13740545,48.73094084],[9.13666321,48.73092455],[9.13627954,48.73089832]]]},"properties":{"id":"stuttgart:osm:way:680036097","name":"Grünanlage Vaihinger Straße / Probstsee","nameAddon":null,"objectNumber":"stuttgart:osm:way:680036097","district":"Möhringen","locality":null,"type":"Park","areaM2":12189.2,"areaHa":1.22,"designation":null,"dedicated":null,"builtYear":null,"renovatedYear":null,"planningAreaId":null,"planningAreaName":null,"centroid":[9.138451,48.730267],"bounds":[9.13628,48.72854,9.13949,48.73102],"amenities":{"playground":{"status":"observed-nearby","count":1,"nearestMeters":49,"coverage":"community-mapped-observations"},"toilet":{"status":"not-observed","count":0,"nearestMeters":null,"coverage":"community-mapped-observations"},"drinkingFountain":{"status":"not-observed","count":0,"nearestMeters":null,"coverage":"community-mapped-observations"},"dogRun":{"status":"not-observed","count":0,"nearestMeters":null,"coverage":"community-mapped-observations"}},"sourceId":"parks"}},{"type":"Feature","id":"stuttgart:osm:way:684089825","geometry":{"type":"Polygon","coordinates":[[[9.14299812,48.73049846],[9.14312502,48.73032386],[9.1437197,48.73049213],[9.14366363,48.73059888],[9.14523223,48.73094898],[9.14608368,48.73106658],[9.14673443,48.73119595],[9.14673296,48.73123304],[9.14872359,48.73161842],[9.14869408,48.73167813],[9.14465969,48.73091641],[9.14321651,48.73052922],[9.14299812,48.73049846]]]},"properties":{"id":"stuttgart:osm:way:684089825","name":"Grünanlage Probststraße / Bahnhof Möhringen","nameAddon":null,"objectNumber":"stuttgart:osm:way:684089825","district":"Möhringen","locality":null,"type":"Park","areaM2":4164,"areaHa":0.42,"designation":null,"dedicated":null,"builtYear":null,"renovatedYear":null,"planningAreaId":null,"planningAreaName":null,"centroid":[9.145555,48.731007],"bounds":[9.143,48.73032,9.14872,48.73168],"amenities":{"playground":{"status":"observed-nearby","count":1,"nearestMeters":0,"coverage":"community-mapped-observations"},"toilet":{"status":"not-observed","count":0,"nearestMeters":null,"coverage":"community-mapped-observations"},"drinkingFountain":{"status":"not-observed","count":0,"nearestMeters":null,"coverage":"community-mapped-observations"},"dogRun":{"status":"not-observed","count":0,"nearestMeters":null,"coverage":"community-mapped-observations"}},"sourceId":"parks"}},{"type":"Feature","id":"stuttgart:osm:way:72783660","geometry":{"type":"Polygon","coordinates":[[[9.21505792,48.7463027],[9.21522762,48.74630722],[9.2156526,48.7467514],[9.21538846,48.7468473],[9.2150594,48.74641759],[9.21505792,48.7463027]]]},"properties":{"id":"stuttgart:osm:way:72783660","name":"Unbenannter Park 72783660","nameAddon":null,"objectNumber":"stuttgart:osm:way:72783660","district":"Sillenbuch","locality":null,"type":"Park","areaM2":1138.3,"areaHa":0.11,"designation":null,"dedicated":null,"builtYear":null,"renovatedYear":null,"planningAreaId":null,"planningAreaName":null,"centroid":[9.215327,48.746573],"bounds":[9.21506,48.7463,9.21565,48.74685],"amenities":{"playground":{"status":"observed-nearby","count":1,"nearestMeters":0,"coverage":"community-mapped-observations"},"toilet":{"status":"not-observed","count":0,"nearestMeters":null,"coverage":"community-mapped-observations"},"drinkingFountain":{"status":"not-observed","count":0,"nearestMeters":null,"coverage":"community-mapped-observations"},"dogRun":{"status":"not-observed","count":0,"nearestMeters":null,"coverage":"community-mapped-observations"}},"sourceId":"parks"}},{"type":"Feature","id":"stuttgart:osm:way:729959211","geometry":{"type":"Polygon","coordinates":[[[9.15791976,48.77623032],[9.15856462,48.77531934],[9.15868709,48.77535915],[9.15844657,48.77632622],[9.15791976,48.77623032]]]},"properties":{"id":"stuttgart:osm:way:729959211","name":"Unbenannter Park 729959211","nameAddon":null,"objectNumber":"stuttgart:osm:way:729959211","district":"Stuttgart-West","locality":null,"type":"Park","areaM2":2738.1,"areaHa":0.27,"designation":null,"dedicated":null,"builtYear":null,"renovatedYear":null,"planningAreaId":null,"planningAreaName":null,"centroid":[9.158359,48.775903],"bounds":[9.15792,48.77532,9.15869,48.77633],"amenities":{"playground":{"status":"observed-nearby","count":4,"nearestMeters":0,"coverage":"community-mapped-observations"},"toilet":{"status":"not-observed","count":0,"nearestMeters":null,"coverage":"community-mapped-observations"},"drinkingFountain":{"status":"not-observed","count":0,"nearestMeters":null,"coverage":"community-mapped-observations"},"dogRun":{"status":"not-observed","count":0,"nearestMeters":null,"coverage":"community-mapped-observations"}},"sourceId":"parks"}},{"type":"Feature","id":"stuttgart:osm:way:729967236","geometry":{"type":"Polygon","coordinates":[[[9.20913914,48.72041885],[9.20948887,48.72037633],[9.20949477,48.72041162],[9.20916127,48.72051022],[9.20913914,48.72041885]]]},"properties":{"id":"stuttgart:osm:way:729967236","name":"Unbenannter Park 729967236","nameAddon":null,"objectNumber":"stuttgart:osm:way:729967236","district":"Birkach","locality":null,"type":"Park","areaM2":182.7,"areaHa":0.02,"designation":null,"dedicated":null,"builtYear":null,"renovatedYear":null,"planningAreaId":null,"planningAreaName":null,"centroid":[9.209295,48.720434],"bounds":[9.20914,48.72038,9.20949,48.72051],"amenities":{"playground":{"status":"not-observed","count":0,"nearestMeters":null,"coverage":"community-mapped-observations"},"toilet":{"status":"not-observed","count":0,"nearestMeters":null,"coverage":"community-mapped-observations"},"drinkingFountain":{"status":"not-observed","count":0,"nearestMeters":null,"coverage":"community-mapped-observations"},"dogRun":{"status":"not-observed","count":0,"nearestMeters":null,"coverage":"community-mapped-observations"}},"sourceId":"parks"}},{"type":"Feature","id":"stuttgart:osm:way:753276270","geometry":{"type":"Polygon","coordinates":[[[9.15027596,48.76856342],[9.15029957,48.76852542],[9.15094295,48.76869369],[9.15092081,48.76873168],[9.15027596,48.76856342]]]},"properties":{"id":"stuttgart:osm:way:753276270","name":"Reinsburgpark","nameAddon":null,"objectNumber":"stuttgart:osm:way:753276270","district":"Stuttgart-West","locality":null,"type":"Park","areaM2":231.7,"areaHa":0.02,"designation":null,"dedicated":null,"builtYear":null,"renovatedYear":null,"planningAreaId":null,"planningAreaName":null,"centroid":[9.150609,48.768628],"bounds":[9.15028,48.76853,9.15094,48.76873],"amenities":{"playground":{"status":"not-observed","count":0,"nearestMeters":null,"coverage":"community-mapped-observations"},"toilet":{"status":"not-observed","count":0,"nearestMeters":null,"coverage":"community-mapped-observations"},"drinkingFountain":{"status":"not-observed","count":0,"nearestMeters":null,"coverage":"community-mapped-observations"},"dogRun":{"status":"not-observed","count":0,"nearestMeters":null,"coverage":"community-mapped-observations"}},"sourceId":"parks"}},{"type":"Feature","id":"stuttgart:osm:way:77690484","geometry":{"type":"Polygon","coordinates":[[[9.21520253,48.74513389],[9.21557292,48.74521893],[9.21542831,48.74534105],[9.21520253,48.74513389]]]},"properties":{"id":"stuttgart:osm:way:77690484","name":"Unbenannter Park 77690484","nameAddon":null,"objectNumber":"stuttgart:osm:way:77690484","district":"Sillenbuch","locality":null,"type":"Park","areaM2":234.9,"areaHa":0.02,"designation":null,"dedicated":null,"builtYear":null,"renovatedYear":null,"planningAreaId":null,"planningAreaName":null,"centroid":[9.215401,48.745231],"bounds":[9.2152,48.74513,9.21557,48.74534],"amenities":{"playground":{"status":"not-observed","count":0,"nearestMeters":null,"coverage":"community-mapped-observations"},"toilet":{"status":"not-observed","count":0,"nearestMeters":null,"coverage":"community-mapped-observations"},"drinkingFountain":{"status":"not-observed","count":0,"nearestMeters":null,"coverage":"community-mapped-observations"},"dogRun":{"status":"not-observed","count":0,"nearestMeters":null,"coverage":"community-mapped-observations"}},"sourceId":"parks"}},{"type":"Feature","id":"stuttgart:osm:way:83825810","geometry":{"type":"Polygon","coordinates":[[[9.16111747,48.72208341],[9.1616487,48.72192419],[9.16182873,48.72217116],[9.16136833,48.72236295],[9.16127831,48.72225801],[9.16111747,48.72208341]]]},"properties":{"id":"stuttgart:osm:way:83825810","name":"SchwabenQuellen - Außenbereich","nameAddon":null,"objectNumber":"stuttgart:osm:way:83825810","district":"Möhringen","locality":null,"type":"Park","areaM2":1417.6,"areaHa":0.14,"designation":null,"dedicated":null,"builtYear":null,"renovatedYear":null,"planningAreaId":null,"planningAreaName":null,"centroid":[9.161483,48.722136],"bounds":[9.16112,48.72192,9.16183,48.72236],"amenities":{"playground":{"status":"not-observed","count":0,"nearestMeters":null,"coverage":"community-mapped-observations"},"toilet":{"status":"observed-nearby","count":1,"nearestMeters":68,"coverage":"community-mapped-observations"},"drinkingFountain":{"status":"not-observed","count":0,"nearestMeters":null,"coverage":"community-mapped-observations"},"dogRun":{"status":"not-observed","count":0,"nearestMeters":null,"coverage":"community-mapped-observations"}},"sourceId":"parks"}},{"type":"Feature","id":"stuttgart:osm:way:840928866","geometry":{"type":"Polygon","coordinates":[[[9.10833539,48.80546499],[9.10855674,48.8051547],[9.10926209,48.80543966],[9.1090496,48.8057011],[9.10833539,48.80546499]]]},"properties":{"id":"stuttgart:osm:way:840928866","name":"Hubertusplatz","nameAddon":null,"objectNumber":"stuttgart:osm:way:840928866","district":"Weilimdorf","locality":null,"type":"Park","areaM2":2116.6,"areaHa":0.21,"designation":null,"dedicated":null,"builtYear":null,"renovatedYear":null,"planningAreaId":null,"planningAreaName":null,"centroid":[9.108793,48.805436],"bounds":[9.10834,48.80515,9.10926,48.8057],"amenities":{"playground":{"status":"not-observed","count":0,"nearestMeters":null,"coverage":"community-mapped-observations"},"toilet":{"status":"not-observed","count":0,"nearestMeters":null,"coverage":"community-mapped-observations"},"drinkingFountain":{"status":"not-observed","count":0,"nearestMeters":null,"coverage":"community-mapped-observations"},"dogRun":{"status":"not-observed","count":0,"nearestMeters":null,"coverage":"community-mapped-observations"}},"sourceId":"parks"}},{"type":"Feature","id":"stuttgart:osm:way:857817850","geometry":{"type":"Polygon","coordinates":[[[9.15622573,48.77383662],[9.15636739,48.77380858],[9.15640281,48.77388638],[9.15626115,48.77391442],[9.15622573,48.77383662]]]},"properties":{"id":"stuttgart:osm:way:857817850","name":"Betonrohr auf Sand","nameAddon":null,"objectNumber":"stuttgart:osm:way:857817850","district":"Stuttgart-West","locality":null,"type":"Park","areaM2":98.4,"areaHa":0.01,"designation":null,"dedicated":null,"builtYear":null,"renovatedYear":null,"planningAreaId":null,"planningAreaName":null,"centroid":[9.156314,48.773861],"bounds":[9.15623,48.77381,9.1564,48.77391],"amenities":{"playground":{"status":"observed-nearby","count":1,"nearestMeters":60,"coverage":"community-mapped-observations"},"toilet":{"status":"observed-nearby","count":1,"nearestMeters":27,"coverage":"community-mapped-observations"},"drinkingFountain":{"status":"observed-nearby","count":1,"nearestMeters":29,"coverage":"community-mapped-observations"},"dogRun":{"status":"not-observed","count":0,"nearestMeters":null,"coverage":"community-mapped-observations"}},"sourceId":"parks"}},{"type":"Feature","id":"stuttgart:osm:way:869780276","geometry":{"type":"Polygon","coordinates":[[[9.21365312,48.8101357],[9.21376379,48.81006333],[9.21383757,48.81011308],[9.21372837,48.81018455],[9.21365312,48.8101357]]]},"properties":{"id":"stuttgart:osm:way:869780276","name":"Unbenannter Park 869780276","nameAddon":null,"objectNumber":"stuttgart:osm:way:869780276","district":"Bad Cannstatt","locality":null,"type":"Park","areaM2":87.8,"areaHa":0.01,"designation":null,"dedicated":null,"builtYear":null,"renovatedYear":null,"planningAreaId":null,"planningAreaName":null,"centroid":[9.213746,48.810124],"bounds":[9.21365,48.81006,9.21384,48.81018],"amenities":{"playground":{"status":"observed-nearby","count":1,"nearestMeters":74,"coverage":"community-mapped-observations"},"toilet":{"status":"not-observed","count":0,"nearestMeters":null,"coverage":"community-mapped-observations"},"drinkingFountain":{"status":"not-observed","count":0,"nearestMeters":null,"coverage":"community-mapped-observations"},"dogRun":{"status":"not-observed","count":0,"nearestMeters":null,"coverage":"community-mapped-observations"}},"sourceId":"parks"}},{"type":"Feature","id":"stuttgart:osm:way:870677112","geometry":{"type":"Polygon","coordinates":[[[9.13611279,48.74738194],[9.13641973,48.74733128],[9.13724608,48.74986611],[9.13764746,48.75065949],[9.13811966,48.75138683],[9.13824214,48.75178216],[9.13833215,48.75241813],[9.13857416,48.7531319],[9.13841331,48.75322236],[9.13785847,48.75251764],[9.13769468,48.75218021],[9.1372269,48.7508178],[9.1372815,48.75078795],[9.13733315,48.75082142],[9.13739069,48.75078252],[9.13714426,48.75059074],[9.13625888,48.74775556],[9.13611279,48.74738194]]]},"properties":{"id":"stuttgart:osm:way:870677112","name":"Grünanlage Nesenbach (Pumpwerk)","nameAddon":null,"objectNumber":"stuttgart:osm:way:870677112","district":"Stuttgart-Süd","locality":null,"type":"Park","areaM2":20421.9,"areaHa":2.04,"designation":null,"dedicated":null,"builtYear":null,"renovatedYear":null,"planningAreaId":null,"planningAreaName":null,"centroid":[9.137427,48.750601],"bounds":[9.13611,48.74733,9.13857,48.75322],"amenities":{"playground":{"status":"not-observed","count":0,"nearestMeters":null,"coverage":"community-mapped-observations"},"toilet":{"status":"not-observed","count":0,"nearestMeters":null,"coverage":"community-mapped-observations"},"drinkingFountain":{"status":"not-observed","count":0,"nearestMeters":null,"coverage":"community-mapped-observations"},"dogRun":{"status":"not-observed","count":0,"nearestMeters":null,"coverage":"community-mapped-observations"}},"sourceId":"parks"}},{"type":"Feature","id":"stuttgart:osm:way:871401088","geometry":{"type":"Polygon","coordinates":[[[9.21365459,48.8101366],[9.21376231,48.81006333],[9.21383757,48.81011218],[9.21372837,48.81018455],[9.21365459,48.8101366]]]},"properties":{"id":"stuttgart:osm:way:871401088","name":"Unbenannter Park 871401088","nameAddon":null,"objectNumber":"stuttgart:osm:way:871401088","district":"Bad Cannstatt","locality":null,"type":"Park","areaM2":87.8,"areaHa":0.01,"designation":null,"dedicated":null,"builtYear":null,"renovatedYear":null,"planningAreaId":null,"planningAreaName":null,"centroid":[9.213746,48.810124],"bounds":[9.21365,48.81006,9.21384,48.81018],"amenities":{"playground":{"status":"observed-nearby","count":1,"nearestMeters":74,"coverage":"community-mapped-observations"},"toilet":{"status":"not-observed","count":0,"nearestMeters":null,"coverage":"community-mapped-observations"},"drinkingFountain":{"status":"not-observed","count":0,"nearestMeters":null,"coverage":"community-mapped-observations"},"dogRun":{"status":"not-observed","count":0,"nearestMeters":null,"coverage":"community-mapped-observations"}},"sourceId":"parks"}},{"type":"Feature","id":"stuttgart:osm:way:90321609","geometry":{"type":"Polygon","coordinates":[[[9.26743567,48.78210693],[9.26766882,48.78184458],[9.26832253,48.78137054],[9.26838303,48.78140854],[9.26862799,48.78117604],[9.26891131,48.78106477],[9.26908249,48.78109463],[9.27008444,48.78241722],[9.26912528,48.78270671],[9.26792411,48.78248598],[9.2676762,48.78238647],[9.26748437,48.7822182],[9.26743567,48.78210693]]]},"properties":{"id":"stuttgart:osm:way:90321609","name":"Unbenannter Park 90321609","nameAddon":null,"objectNumber":"stuttgart:osm:way:90321609","district":"Untertürkheim","locality":null,"type":"Park","areaM2":21039.6,"areaHa":2.1,"designation":null,"dedicated":null,"builtYear":null,"renovatedYear":null,"planningAreaId":null,"planningAreaName":null,"centroid":[9.268759,48.781996],"bounds":[9.26744,48.78106,9.27008,48.78271],"amenities":{"playground":{"status":"not-observed","count":0,"nearestMeters":null,"coverage":"community-mapped-observations"},"toilet":{"status":"observed-nearby","count":1,"nearestMeters":0,"coverage":"community-mapped-observations"},"drinkingFountain":{"status":"not-observed","count":0,"nearestMeters":null,"coverage":"community-mapped-observations"},"dogRun":{"status":"not-observed","count":0,"nearestMeters":null,"coverage":"community-mapped-observations"}},"sourceId":"parks"}},{"type":"Feature","id":"stuttgart:osm:way:920976239","geometry":{"type":"Polygon","coordinates":[[[9.08886583,48.73634431],[9.0894369,48.73651891],[9.08943838,48.7366347],[9.08979696,48.73663651],[9.09081958,48.73691062],[9.09049789,48.73730686],[9.09138032,48.73786955],[9.09193959,48.73748688],[9.09198828,48.73752126],[9.09228636,48.73781798],[9.09152493,48.7381518],[9.09172857,48.73836439],[9.09174628,48.73881039],[9.09087418,48.73884205],[9.0907635,48.73876606],[9.09093468,48.73866112],[9.09093025,48.738093],[9.09056724,48.73769767],[9.08985451,48.73749864],[9.08976892,48.73708341],[9.08957266,48.7368871],[9.08888797,48.73667089],[9.08886583,48.73634431]]]},"properties":{"id":"stuttgart:osm:way:920976239","name":"Grünanlage Lauchäcker Nord","nameAddon":null,"objectNumber":"stuttgart:osm:way:920976239","district":"Vaihingen","locality":null,"type":"Park","areaM2":17920.5,"areaHa":1.79,"designation":null,"dedicated":null,"builtYear":null,"renovatedYear":null,"planningAreaId":null,"planningAreaName":null,"centroid":[9.09071,48.737626],"bounds":[9.08887,48.73634,9.09229,48.73884],"amenities":{"playground":{"status":"observed-nearby","count":4,"nearestMeters":1,"coverage":"community-mapped-observations"},"toilet":{"status":"not-observed","count":0,"nearestMeters":null,"coverage":"community-mapped-observations"},"drinkingFountain":{"status":"not-observed","count":0,"nearestMeters":null,"coverage":"community-mapped-observations"},"dogRun":{"status":"not-observed","count":0,"nearestMeters":null,"coverage":"community-mapped-observations"}},"sourceId":"parks"}},{"type":"Feature","id":"stuttgart:osm:way:92373995","geometry":{"type":"Polygon","coordinates":[[[9.25363404,48.78200199],[9.25406197,48.78169984],[9.25436448,48.78184368],[9.25430398,48.78191695],[9.25438661,48.78198209],[9.25455779,48.78193776],[9.25475257,48.78228424],[9.25439399,48.78244527],[9.25375061,48.78207074],[9.25363404,48.78200199]]]},"properties":{"id":"stuttgart:osm:way:92373995","name":"Alter Friedhof","nameAddon":null,"objectNumber":"stuttgart:osm:way:92373995","district":"Untertürkheim","locality":null,"type":"Park","areaM2":3420,"areaHa":0.34,"designation":null,"dedicated":null,"builtYear":null,"renovatedYear":null,"planningAreaId":null,"planningAreaName":null,"centroid":[9.254222,48.782079],"bounds":[9.25363,48.7817,9.25475,48.78245],"amenities":{"playground":{"status":"observed-nearby","count":1,"nearestMeters":0,"coverage":"community-mapped-observations"},"toilet":{"status":"not-observed","count":0,"nearestMeters":null,"coverage":"community-mapped-observations"},"drinkingFountain":{"status":"not-observed","count":0,"nearestMeters":null,"coverage":"community-mapped-observations"},"dogRun":{"status":"not-observed","count":0,"nearestMeters":null,"coverage":"community-mapped-observations"}},"sourceId":"parks"}},{"type":"Feature","id":"stuttgart:osm:way:93733164","geometry":{"type":"Polygon","coordinates":[[[9.20632067,48.7438131],[9.20675894,48.74351004],[9.20742592,48.74391623],[9.20730787,48.7440085],[9.20784205,48.74437127],[9.20755283,48.74457029],[9.20632067,48.7438131]]]},"properties":{"id":"stuttgart:osm:way:93733164","name":"Unbenannter Park 93733164","nameAddon":null,"objectNumber":"stuttgart:osm:way:93733164","district":"Sillenbuch","locality":null,"type":"Park","areaM2":4951,"areaHa":0.5,"designation":null,"dedicated":null,"builtYear":null,"renovatedYear":null,"planningAreaId":null,"planningAreaName":null,"centroid":[9.207074,48.744022],"bounds":[9.20632,48.74351,9.20784,48.74457],"amenities":{"playground":{"status":"observed-nearby","count":2,"nearestMeters":0,"coverage":"community-mapped-observations"},"toilet":{"status":"not-observed","count":0,"nearestMeters":null,"coverage":"community-mapped-observations"},"drinkingFountain":{"status":"not-observed","count":0,"nearestMeters":null,"coverage":"community-mapped-observations"},"dogRun":{"status":"not-observed","count":0,"nearestMeters":null,"coverage":"community-mapped-observations"}},"sourceId":"parks"}}]}
