{"type":"FeatureCollection","schemaVersion":1,"generatedAt":"2026-07-25T17:38:10.093Z","dataAsOf":"2026-07-17","sourceId":"parks","features":[{"type":"Feature","id":"barcelona:osm:relation:1165307","geometry":{"type":"Polygon","coordinates":[[[2.13905014,41.36520264],[2.13940724,41.36403112],[2.13970384,41.36332549],[2.1402882,41.3624715],[2.14157495,41.36092546],[2.14184942,41.36073277],[2.14297533,41.36028677],[2.14433882,41.35948254],[2.14472839,41.35916772],[2.14482873,41.35881943],[2.14483611,41.35803329],[2.14492465,41.35777275],[2.14518141,41.35739189],[2.14586758,41.35675321],[2.14606384,41.35634612],[2.14627043,41.35564502],[2.14652719,41.35521078],[2.14696546,41.35488873],[2.14780952,41.35444545],[2.15252418,41.35206622],[2.15283554,41.35201375],[2.15304951,41.35202551],[2.15532789,41.35240004],[2.15644348,41.35283517],[2.15890041,41.35423557],[2.16307351,41.35800344],[2.16503906,41.35943821],[2.16681573,41.36057264],[2.16852157,41.36180206],[2.16899525,41.36221277],[2.16929923,41.3625484],[2.17109951,41.36499729],[2.17225493,41.36718835],[2.17328493,41.36855437],[2.17336314,41.36877058],[2.1734443,41.36949882],[2.17372024,41.37087932],[2.17383977,41.37110458],[2.17445658,41.37187534],[2.17324508,41.37224534],[2.17245414,41.3723548],[2.17198637,41.37234938],[2.17147432,41.37229781],[2.17066715,41.37214221],[2.1695796,41.3718084],[2.16942023,41.37171522],[2.16813495,41.37152343],[2.16791656,41.37157319],[2.16698838,41.37201918],[2.1654729,41.37050027],[2.16432338,41.37105301],[2.16389545,41.37117876],[2.16278429,41.37141035],[2.16205828,41.37147729],[2.16102828,41.37150986],[2.16038933,41.37146463],[2.15978875,41.37131174],[2.15932687,41.37109915],[2.15884876,41.37074905],[2.15838394,41.37010313],[2.15825408,41.3701945],[2.15814046,41.37021802],[2.15719605,41.37022707],[2.15676369,41.37027773],[2.15632838,41.37083137],[2.15600078,41.37141397],[2.15457237,41.37090013],[2.15353499,41.37244979],[2.15163142,41.37174417],[2.15144549,41.37158223],[2.1511725,41.37156595],[2.14977655,41.37101954],[2.14959209,41.37089289],[2.14950798,41.37076533],[2.14922613,41.37096436],[2.14886017,41.37061607],[2.14818138,41.37034196],[2.14798955,41.37030396],[2.14763835,41.37030487],[2.14716172,41.3704279],[2.14673968,41.37059526],[2.14662163,41.37055817],[2.14639291,41.3706423],[2.14600482,41.37049846],[2.14548392,41.37020626],[2.14524634,41.37037],[2.14451295,41.36980821],[2.14423995,41.36929618],[2.1420265,41.36726615],[2.14187746,41.36702099],[2.14173727,41.36638231],[2.14155282,41.36610548],[2.14123998,41.36592998],[2.1398942,41.36586394],[2.13914458,41.36524516],[2.13905014,41.36520264]]]},"properties":{"id":"barcelona:osm:relation:1165307","name":"Parc de Montjuïc","nameAddon":null,"objectNumber":"barcelona:osm:relation:1165307","district":"Sants-Montjuïc","locality":null,"type":"Park","areaM2":4087190.5,"areaHa":408.72,"designation":null,"dedicated":null,"builtYear":null,"renovatedYear":null,"planningAreaId":null,"planningAreaName":null,"centroid":[2.156048,41.363561],"bounds":[2.13905,41.35201,2.17446,41.37245],"amenities":{"playground":{"status":"observed-nearby","count":28,"nearestMeters":0,"coverage":"community-mapped-observations"},"toilet":{"status":"observed-nearby","count":35,"nearestMeters":0,"coverage":"community-mapped-observations"},"drinkingFountain":{"status":"observed-nearby","count":117,"nearestMeters":0,"coverage":"community-mapped-observations"},"dogRun":{"status":"observed-nearby","count":4,"nearestMeters":0,"coverage":"community-mapped-observations"}},"sourceId":"parks"}},{"type":"Feature","id":"barcelona:osm:relation:12077275","geometry":{"type":"Polygon","coordinates":[[[2.17152597,41.40341053],[2.17176207,41.40324407],[2.17208818,41.40349557],[2.17216787,41.40343857],[2.17229035,41.40351728],[2.17192439,41.40379501],[2.17156581,41.40344762],[2.17152597,41.40341053]]]},"properties":{"id":"barcelona:osm:relation:12077275","name":"Jardins de les Treballadores de Numax","nameAddon":null,"objectNumber":"barcelona:osm:relation:12077275","district":"l'Eixample","locality":null,"type":"Park","areaM2":1737.7,"areaHa":0.17,"designation":null,"dedicated":null,"builtYear":null,"renovatedYear":null,"planningAreaId":null,"planningAreaName":null,"centroid":[2.171886,41.403514],"bounds":[2.17153,41.40324,2.17229,41.4038],"amenities":{"playground":{"status":"observed-nearby","count":3,"nearestMeters":0,"coverage":"community-mapped-observations"},"toilet":{"status":"not-observed","count":0,"nearestMeters":null,"coverage":"community-mapped-observations"},"drinkingFountain":{"status":"observed-nearby","count":1,"nearestMeters":61,"coverage":"community-mapped-observations"},"dogRun":{"status":"not-observed","count":0,"nearestMeters":null,"coverage":"community-mapped-observations"}},"sourceId":"parks"}},{"type":"Feature","id":"barcelona:osm:relation:14605522","geometry":{"type":"MultiPolygon","coordinates":[[[[2.19009539,41.45798173],[2.19034772,41.45776009],[2.19027542,41.45782522],[2.19009539,41.45798173]]],[[[2.19062809,41.4575095],[2.1913423,41.45687443],[2.19505353,41.45422472],[2.196479,41.45323322],[2.19062809,41.4575095]]],[[[2.2012999,41.44909987],[2.20138106,41.44879591],[2.20209822,41.44825222],[2.20330529,41.44698661],[2.20534315,41.44477022],[2.20451384,41.445759],[2.2012999,41.44909987]]],[[[2.20820146,41.44055636],[2.20834755,41.44012665],[2.20877991,41.43870002],[2.20853053,41.43990501],[2.20820146,41.44055636]]],[[[2.20893043,41.43819522],[2.20912964,41.43747512],[2.20938787,41.43644654],[2.2095192,41.4359924],[2.20934065,41.43686086],[2.20893043,41.43819522]]],[[[2.20954134,41.43591822],[2.20987778,41.43504071],[2.21032048,41.43420119],[2.21033376,41.43417405],[2.20954134,41.43591822]]]]},"properties":{"id":"barcelona:osm:relation:14605522","name":"Parc Fluvial del Besòs","nameAddon":null,"objectNumber":"barcelona:osm:relation:14605522","district":"Sant Andreu","locality":null,"type":"Park","areaM2":7610.6,"areaHa":0.76,"designation":null,"dedicated":null,"builtYear":null,"renovatedYear":null,"planningAreaId":null,"planningAreaName":null,"centroid":[2.200024,41.448643],"bounds":[2.1901,41.43417,2.21033,41.45798],"amenities":{"playground":{"status":"not-observed","count":0,"nearestMeters":null,"coverage":"community-mapped-observations"},"toilet":{"status":"not-observed","count":0,"nearestMeters":null,"coverage":"community-mapped-observations"},"drinkingFountain":{"status":"observed-nearby","count":1,"nearestMeters":57,"coverage":"community-mapped-observations"},"dogRun":{"status":"not-observed","count":0,"nearestMeters":null,"coverage":"community-mapped-observations"}},"sourceId":"parks"}},{"type":"Feature","id":"barcelona:osm:relation:15965978","geometry":{"type":"Polygon","coordinates":[[[2.1464785,41.3779772],[2.14708351,41.37752488],[2.14776525,41.3780342],[2.14748193,41.37823412],[2.147175,41.37801701],[2.14691381,41.37820698],[2.14660983,41.37797901],[2.14649915,41.37806043],[2.14651686,41.37801701],[2.1464785,41.3779772]],[[2.14663049,41.37793649],[2.14680609,41.37806676],[2.14712187,41.37782794],[2.14694627,41.37769767],[2.14663049,41.37793649]]]},"properties":{"id":"barcelona:osm:relation:15965978","name":"Parc sense nom 15965978","nameAddon":null,"objectNumber":"barcelona:osm:relation:15965978","district":"l'Eixample","locality":null,"type":"Park","areaM2":3274.6,"areaHa":0.33,"designation":null,"dedicated":null,"builtYear":null,"renovatedYear":null,"planningAreaId":null,"planningAreaName":null,"centroid":[2.147188,41.377921],"bounds":[2.14648,41.37752,2.14777,41.37823],"amenities":{"playground":{"status":"observed-nearby","count":2,"nearestMeters":52,"coverage":"community-mapped-observations"},"toilet":{"status":"not-observed","count":0,"nearestMeters":null,"coverage":"community-mapped-observations"},"drinkingFountain":{"status":"observed-nearby","count":3,"nearestMeters":42,"coverage":"community-mapped-observations"},"dogRun":{"status":"not-observed","count":0,"nearestMeters":null,"coverage":"community-mapped-observations"}},"sourceId":"parks"}},{"type":"Feature","id":"barcelona:osm:relation:16219021","geometry":{"type":"Polygon","coordinates":[[[2.15837804,41.36955944],[2.15839132,41.36939931],[2.15850199,41.36929528],[2.15899043,41.36905102],[2.15935343,41.36907816],[2.15984039,41.36906097],[2.16008092,41.36932151],[2.16035982,41.36943459],[2.16012667,41.36970418],[2.15989204,41.36974037],[2.15965889,41.36982721],[2.15963676,41.36976931],[2.15954674,41.36979645],[2.15957183,41.36986883],[2.15859053,41.3702144],[2.15850051,41.36990863],[2.15837804,41.36955944]],[[2.15940656,41.36948164],[2.15943607,41.36962819],[2.15958511,41.36973675],[2.15972677,41.36975846],[2.15972972,41.3696888],[2.15989204,41.36968337],[2.15991122,41.36939388],[2.15973267,41.36934775],[2.15974005,41.36927628],[2.15953199,41.36932423],[2.15940656,41.36948164]]]},"properties":{"id":"barcelona:osm:relation:16219021","name":"Jardins del Teatre Grec","nameAddon":null,"objectNumber":"barcelona:osm:relation:16219021","district":"Sants-Montjuïc","locality":null,"type":"Park","areaM2":11632.9,"areaHa":1.16,"designation":null,"dedicated":null,"builtYear":null,"renovatedYear":null,"planningAreaId":null,"planningAreaName":null,"centroid":[2.159175,41.369549],"bounds":[2.15838,41.36905,2.16036,41.37021],"amenities":{"playground":{"status":"not-observed","count":0,"nearestMeters":null,"coverage":"community-mapped-observations"},"toilet":{"status":"observed-nearby","count":1,"nearestMeters":53,"coverage":"community-mapped-observations"},"drinkingFountain":{"status":"observed-nearby","count":2,"nearestMeters":0,"coverage":"community-mapped-observations"},"dogRun":{"status":"not-observed","count":0,"nearestMeters":null,"coverage":"community-mapped-observations"}},"sourceId":"parks"}},{"type":"Feature","id":"barcelona:osm:relation:173394","geometry":{"type":"Polygon","coordinates":[[[2.16945122,41.38179121],[2.16972421,41.38147548],[2.16981865,41.38152886],[2.169919,41.38142754],[2.17015362,41.38155057],[2.16972126,41.38190067],[2.16967699,41.38191062],[2.16945122,41.38179121]],[[2.16953533,41.38178126],[2.16974487,41.3818672],[2.16985407,41.38175231],[2.16966371,41.3816528],[2.16953533,41.38178126]]]},"properties":{"id":"barcelona:osm:relation:173394","name":"Jardins del Doctor Fleming","nameAddon":null,"objectNumber":"barcelona:osm:relation:173394","district":"Ciutat Vella","locality":null,"type":"Park","areaM2":1242.6,"areaHa":0.12,"designation":null,"dedicated":null,"builtYear":null,"renovatedYear":null,"planningAreaId":null,"planningAreaName":null,"centroid":[2.169812,41.38164],"bounds":[2.16945,41.38143,2.17015,41.38191],"amenities":{"playground":{"status":"observed-nearby","count":1,"nearestMeters":0,"coverage":"community-mapped-observations"},"toilet":{"status":"observed-nearby","count":2,"nearestMeters":31,"coverage":"community-mapped-observations"},"drinkingFountain":{"status":"observed-nearby","count":2,"nearestMeters":0,"coverage":"community-mapped-observations"},"dogRun":{"status":"not-observed","count":0,"nearestMeters":null,"coverage":"community-mapped-observations"}},"sourceId":"parks"}},{"type":"Feature","id":"barcelona:osm:relation:17604331","geometry":{"type":"MultiPolygon","coordinates":[[[[2.2054671,41.3963235],[2.20668155,41.39543785],[2.20674501,41.39543604],[2.20785764,41.3962647],[2.20818228,41.39661842],[2.20880795,41.39802877],[2.2092108,41.39854623],[2.20849364,41.39906821],[2.20761268,41.39831554],[2.2064484,41.39720916],[2.20548924,41.39640854],[2.2054671,41.3963235]]],[[[2.2080539,41.39623575],[2.20815867,41.39619595],[2.20833869,41.39622761],[2.20862497,41.39635969],[2.20912668,41.3967315],[2.20921965,41.3966926],[2.2096166,41.39695404],[2.209683,41.39694228],[2.21021718,41.39716483],[2.21064659,41.39750045],[2.21062446,41.3975873],[2.21047984,41.39763886],[2.20948379,41.398463],[2.20920194,41.39826398],[2.20889058,41.3978397],[2.20844051,41.39672879],[2.20827082,41.39647548],[2.2080539,41.39623575]]]]},"properties":{"id":"barcelona:osm:relation:17604331","name":"Parc del Poblenou","nameAddon":null,"objectNumber":"barcelona:osm:relation:17604331","district":"Sant Martí","locality":null,"type":"Park","areaM2":74887.2,"areaHa":7.49,"designation":null,"dedicated":null,"builtYear":null,"renovatedYear":null,"planningAreaId":null,"planningAreaName":null,"centroid":[2.207986,41.397209],"bounds":[2.20547,41.39544,2.21065,41.39907],"amenities":{"playground":{"status":"observed-nearby","count":4,"nearestMeters":0,"coverage":"community-mapped-observations"},"toilet":{"status":"observed-nearby","count":1,"nearestMeters":58,"coverage":"community-mapped-observations"},"drinkingFountain":{"status":"observed-nearby","count":8,"nearestMeters":0,"coverage":"community-mapped-observations"},"dogRun":{"status":"observed-nearby","count":1,"nearestMeters":0,"coverage":"community-mapped-observations"}},"sourceId":"parks"}},{"type":"Feature","id":"barcelona:osm:relation:18086697","geometry":{"type":"Polygon","coordinates":[[[2.21228898,41.40478198],[2.21229488,41.40472046],[2.21253836,41.40454225],[2.21261804,41.40454587],[2.21358901,41.40527954],[2.21358901,41.40533291],[2.21329241,41.40555184],[2.21321272,41.40552741],[2.21228898,41.40478198]]]},"properties":{"id":"barcelona:osm:relation:18086697","name":"Parc sense nom 18086697","nameAddon":null,"objectNumber":"barcelona:osm:relation:18086697","district":"Sant Martí","locality":null,"type":"Park","areaM2":4928.3,"areaHa":0.49,"designation":null,"dedicated":null,"builtYear":null,"renovatedYear":null,"planningAreaId":null,"planningAreaName":null,"centroid":[2.212939,41.405043],"bounds":[2.21229,41.40454,2.21359,41.40555],"amenities":{"playground":{"status":"observed-nearby","count":1,"nearestMeters":51,"coverage":"community-mapped-observations"},"toilet":{"status":"not-observed","count":0,"nearestMeters":null,"coverage":"community-mapped-observations"},"drinkingFountain":{"status":"observed-nearby","count":1,"nearestMeters":33,"coverage":"community-mapped-observations"},"dogRun":{"status":"not-observed","count":0,"nearestMeters":null,"coverage":"community-mapped-observations"}},"sourceId":"parks"}},{"type":"Feature","id":"barcelona:osm:relation:19412385","geometry":{"type":"Polygon","coordinates":[[[2.13299265,41.36678126],[2.13310332,41.36658766],[2.13314464,41.3665569],[2.13314316,41.3666935],[2.13325974,41.36673512],[2.13343386,41.36666908],[2.13352092,41.36656685],[2.133577,41.36624208],[2.13351945,41.36598155],[2.13377031,41.36603673],[2.13366111,41.36619323],[2.13376883,41.3662837],[2.13341468,41.36679754],[2.13325974,41.36676678],[2.13316825,41.3669061],[2.13299265,41.36678126]]]},"properties":{"id":"barcelona:osm:relation:19412385","name":"Parc de Colita","nameAddon":null,"objectNumber":"barcelona:osm:relation:19412385","district":"Sants-Montjuïc","locality":null,"type":"Park","areaM2":1349.6,"areaHa":0.13,"designation":null,"dedicated":null,"builtYear":null,"renovatedYear":null,"planningAreaId":null,"planningAreaName":null,"centroid":[2.133448,41.366468],"bounds":[2.13299,41.36598,2.13377,41.36691],"amenities":{"playground":{"status":"observed-nearby","count":2,"nearestMeters":0,"coverage":"community-mapped-observations"},"toilet":{"status":"not-observed","count":0,"nearestMeters":null,"coverage":"community-mapped-observations"},"drinkingFountain":{"status":"observed-nearby","count":1,"nearestMeters":67,"coverage":"community-mapped-observations"},"dogRun":{"status":"observed-nearby","count":1,"nearestMeters":59,"coverage":"community-mapped-observations"}},"sourceId":"parks"}},{"type":"Feature","id":"barcelona:osm:relation:19871840","geometry":{"type":"Polygon","coordinates":[[[2.13204971,41.39345124],[2.13296018,41.39246336],[2.13301921,41.39249502],[2.13234336,41.39322689],[2.13264439,41.39338972],[2.13332024,41.39265696],[2.1340551,41.3930541],[2.13346928,41.39366836],[2.13381015,41.3938529],[2.13372161,41.39394608],[2.13298379,41.39354532],[2.13276835,41.39377239],[2.13355486,41.39419758],[2.13341615,41.39434322],[2.13223269,41.39354985],[2.13204971,41.39345124]]]},"properties":{"id":"barcelona:osm:relation:19871840","name":"Jardins del Camp de Sarrià","nameAddon":null,"objectNumber":"barcelona:osm:relation:19871840","district":"Sarrià - Sant Gervasi","locality":null,"type":"Park","areaM2":12002.7,"areaHa":1.2,"designation":null,"dedicated":null,"builtYear":null,"renovatedYear":null,"planningAreaId":null,"planningAreaName":null,"centroid":[2.133127,41.393369],"bounds":[2.13205,41.39246,2.13406,41.39434],"amenities":{"playground":{"status":"observed-nearby","count":1,"nearestMeters":0,"coverage":"community-mapped-observations"},"toilet":{"status":"observed-nearby","count":1,"nearestMeters":55,"coverage":"community-mapped-observations"},"drinkingFountain":{"status":"observed-nearby","count":2,"nearestMeters":0,"coverage":"community-mapped-observations"},"dogRun":{"status":"not-observed","count":0,"nearestMeters":null,"coverage":"community-mapped-observations"}},"sourceId":"parks"}},{"type":"Feature","id":"barcelona:osm:relation:20109926","geometry":{"type":"MultiPolygon","coordinates":[[[[2.20355173,41.40888999],[2.20384538,41.40889904],[2.20420691,41.40916863],[2.20401065,41.40932242],[2.2038439,41.40919938],[2.20355173,41.40888999]]],[[[2.20402245,41.40933056],[2.20422019,41.40917767],[2.20540513,41.41002533],[2.20541251,41.41018817],[2.20556892,41.41030487],[2.20544349,41.41039624],[2.20508934,41.41013117],[2.20428512,41.40952777],[2.20402245,41.40933056]]]]},"properties":{"id":"barcelona:osm:relation:20109926","name":"Jardins de Manuel Ibáñez Escofet","nameAddon":null,"objectNumber":"barcelona:osm:relation:20109926","district":"Sant Martí","locality":null,"type":"Park","areaM2":5038,"areaHa":0.5,"designation":null,"dedicated":null,"builtYear":null,"renovatedYear":null,"planningAreaId":null,"planningAreaName":null,"centroid":[2.204605,41.409613],"bounds":[2.20355,41.40889,2.20557,41.4104],"amenities":{"playground":{"status":"observed-nearby","count":1,"nearestMeters":0,"coverage":"community-mapped-observations"},"toilet":{"status":"not-observed","count":0,"nearestMeters":null,"coverage":"community-mapped-observations"},"drinkingFountain":{"status":"observed-nearby","count":1,"nearestMeters":44,"coverage":"community-mapped-observations"},"dogRun":{"status":"not-observed","count":0,"nearestMeters":null,"coverage":"community-mapped-observations"}},"sourceId":"parks"}},{"type":"Feature","id":"barcelona:osm:relation:20136979","geometry":{"type":"Polygon","coordinates":[[[2.13831379,41.38822779],[2.13884945,41.38768229],[2.13903243,41.38785327],[2.13883912,41.38798263],[2.13918737,41.38827936],[2.13892471,41.38843315],[2.13911507,41.3885417],[2.13905752,41.38860141],[2.1390162,41.38862584],[2.13879042,41.38849557],[2.13870926,41.38857246],[2.13846136,41.388425],[2.13852776,41.38836258],[2.13839348,41.38827936],[2.13831379,41.38822779]]]},"properties":{"id":"barcelona:osm:relation:20136979","name":"Jardins de Gaietà Renom","nameAddon":null,"objectNumber":"barcelona:osm:relation:20136979","district":"les Corts","locality":null,"type":"Park","areaM2":3627.9,"areaHa":0.36,"designation":null,"dedicated":null,"builtYear":null,"renovatedYear":null,"planningAreaId":null,"planningAreaName":null,"centroid":[2.138764,41.388198],"bounds":[2.13831,41.38768,2.13919,41.38863],"amenities":{"playground":{"status":"observed-nearby","count":2,"nearestMeters":53,"coverage":"community-mapped-observations"},"toilet":{"status":"not-observed","count":0,"nearestMeters":null,"coverage":"community-mapped-observations"},"drinkingFountain":{"status":"observed-nearby","count":2,"nearestMeters":0,"coverage":"community-mapped-observations"},"dogRun":{"status":"not-observed","count":0,"nearestMeters":null,"coverage":"community-mapped-observations"}},"sourceId":"parks"}},{"type":"Feature","id":"barcelona:osm:relation:20147738","geometry":{"type":"Polygon","coordinates":[[[2.13835659,41.38246336],[2.13867828,41.38197847],[2.13896898,41.38209246],[2.13883322,41.38230052],[2.1392464,41.38245974],[2.13927296,41.38250226],[2.13898668,41.38274742],[2.13892471,41.38275466],[2.13842004,41.38248779],[2.13835659,41.38246336]]]},"properties":{"id":"barcelona:osm:relation:20147738","name":"Jardins d'Elisard Sala","nameAddon":null,"objectNumber":"barcelona:osm:relation:20147738","district":"Sants-Montjuïc","locality":null,"type":"Park","areaM2":3209.5,"areaHa":0.32,"designation":null,"dedicated":null,"builtYear":null,"renovatedYear":null,"planningAreaId":null,"planningAreaName":null,"centroid":[2.138793,41.382401],"bounds":[2.13836,41.38198,2.13927,41.38275],"amenities":{"playground":{"status":"observed-nearby","count":1,"nearestMeters":0,"coverage":"community-mapped-observations"},"toilet":{"status":"not-observed","count":0,"nearestMeters":null,"coverage":"community-mapped-observations"},"drinkingFountain":{"status":"observed-nearby","count":1,"nearestMeters":0,"coverage":"community-mapped-observations"},"dogRun":{"status":"not-observed","count":0,"nearestMeters":null,"coverage":"community-mapped-observations"}},"sourceId":"parks"}},{"type":"Feature","id":"barcelona:osm:relation:20589176","geometry":{"type":"Polygon","coordinates":[[[2.13211612,41.37939931],[2.13213235,41.37915687],[2.13222531,41.37892618],[2.13257947,41.37840963],[2.13270047,41.37836892],[2.13330991,41.37855166],[2.13315792,41.37889271],[2.13309299,41.37888185],[2.1329469,41.37900036],[2.13291296,41.37915144],[2.13301626,41.3792021],[2.13284213,41.37958477],[2.13269457,41.37961733],[2.13211612,41.37939931]]]},"properties":{"id":"barcelona:osm:relation:20589176","name":"Jardins de Can Mantega","nameAddon":null,"objectNumber":"barcelona:osm:relation:20589176","district":"Sants-Montjuïc","locality":null,"type":"Park","areaM2":8324.4,"areaHa":0.83,"designation":null,"dedicated":null,"builtYear":null,"renovatedYear":null,"planningAreaId":null,"planningAreaName":null,"centroid":[2.132669,41.378985],"bounds":[2.13212,41.37837,2.13331,41.37962],"amenities":{"playground":{"status":"observed-nearby","count":1,"nearestMeters":0,"coverage":"community-mapped-observations"},"toilet":{"status":"not-observed","count":0,"nearestMeters":null,"coverage":"community-mapped-observations"},"drinkingFountain":{"status":"observed-nearby","count":2,"nearestMeters":0,"coverage":"community-mapped-observations"},"dogRun":{"status":"observed-nearby","count":2,"nearestMeters":0,"coverage":"community-mapped-observations"}},"sourceId":"parks"}},{"type":"Feature","id":"barcelona:osm:relation:271463","geometry":{"type":"Polygon","coordinates":[[[2.18291051,41.38814547],[2.18624988,41.38565135],[2.18653468,41.38586032],[2.18667043,41.38578433],[2.18727102,41.38626651],[2.18768862,41.386518],[2.18842054,41.38678759],[2.18926608,41.38718021],[2.18929264,41.38729691],[2.18921443,41.38739732],[2.18985486,41.38772119],[2.18890898,41.38884838],[2.18848989,41.38866293],[2.18833495,41.38880043],[2.18820067,41.38878596],[2.18785242,41.38862584],[2.18763403,41.38870002],[2.187454,41.38882396],[2.18730791,41.38909354],[2.18747613,41.38978198],[2.18743039,41.39000633],[2.187333,41.39019269],[2.18713526,41.39039986],[2.18650664,41.39086937],[2.18292674,41.38820246],[2.18291051,41.38814547]]]},"properties":{"id":"barcelona:osm:relation:271463","name":"Parc de la Ciutadella","nameAddon":null,"objectNumber":"barcelona:osm:relation:271463","district":"Ciutat Vella","locality":null,"type":"Park","areaM2":163811.4,"areaHa":16.38,"designation":null,"dedicated":null,"builtYear":null,"renovatedYear":null,"planningAreaId":null,"planningAreaName":null,"centroid":[2.186344,41.388104],"bounds":[2.18291,41.38565,2.18985,41.39087],"amenities":{"playground":{"status":"observed-nearby","count":4,"nearestMeters":0,"coverage":"community-mapped-observations"},"toilet":{"status":"observed-nearby","count":3,"nearestMeters":0,"coverage":"community-mapped-observations"},"drinkingFountain":{"status":"observed-nearby","count":17,"nearestMeters":0,"coverage":"community-mapped-observations"},"dogRun":{"status":"observed-nearby","count":1,"nearestMeters":0,"coverage":"community-mapped-observations"}},"sourceId":"parks"}},{"type":"Feature","id":"barcelona:osm:relation:3188699","geometry":{"type":"Polygon","coordinates":[[[2.1074715,41.4003691],[2.10781532,41.4001158],[2.1085251,41.39942193],[2.10876563,41.39930613],[2.10820194,41.39893885],[2.10845575,41.39860232],[2.10871546,41.39836801],[2.10862102,41.39811471],[2.10901206,41.39763615],[2.10991368,41.39822779],[2.11013502,41.39832097],[2.11003763,41.39839696],[2.11010551,41.39844491],[2.1105423,41.39844038],[2.11120928,41.39752488],[2.11145867,41.39776099],[2.11146752,41.39762439],[2.11157229,41.39757373],[2.11165493,41.39746336],[2.11177888,41.39743713],[2.11240898,41.39763253],[2.11261852,41.39809119],[2.11313204,41.39866293],[2.11325009,41.39896689],[2.11323534,41.39934322],[2.11292693,41.39988059],[2.11296382,41.40014203],[2.11313056,41.40042338],[2.11285905,41.40038086],[2.11254474,41.40041976],[2.11232339,41.40052651],[2.11217288,41.40067035],[2.11131701,41.40026597],[2.11101598,41.40025692],[2.11059542,41.40049484],[2.10923341,41.40084132],[2.10910503,41.40104216],[2.10850739,41.40125384],[2.10833474,41.40100416],[2.10803076,41.40091641],[2.10784926,41.4007979],[2.10765152,41.40074181],[2.10752167,41.40054912],[2.1074715,41.4003691]]]},"properties":{"id":"barcelona:osm:relation:3188699","name":"Parc del Castell de l'Oreneta","nameAddon":null,"objectNumber":"barcelona:osm:relation:3188699","district":"Sarrià - Sant Gervasi","locality":null,"type":"Park","areaM2":122190.3,"areaHa":12.22,"designation":null,"dedicated":null,"builtYear":null,"renovatedYear":null,"planningAreaId":null,"planningAreaName":null,"centroid":[2.110531,41.399345],"bounds":[2.10747,41.39744,2.11325,41.40125],"amenities":{"playground":{"status":"observed-nearby","count":4,"nearestMeters":0,"coverage":"community-mapped-observations"},"toilet":{"status":"observed-nearby","count":1,"nearestMeters":0,"coverage":"community-mapped-observations"},"drinkingFountain":{"status":"observed-nearby","count":5,"nearestMeters":0,"coverage":"community-mapped-observations"},"dogRun":{"status":"observed-nearby","count":1,"nearestMeters":17,"coverage":"community-mapped-observations"}},"sourceId":"parks"}},{"type":"Feature","id":"barcelona:osm:relation:3454109","geometry":{"type":"Polygon","coordinates":[[[2.14171514,41.36355799],[2.14185532,41.36334901],[2.1420811,41.36320156],[2.1427348,41.36296092],[2.14350361,41.36302334],[2.1439522,41.36324407],[2.14414109,41.36347205],[2.14409239,41.36373439],[2.14326013,41.36436946],[2.14267135,41.36465714],[2.14252674,41.36453411],[2.14206782,41.3648254],[2.14194239,41.36473946],[2.14204863,41.36375611],[2.14184942,41.36372625],[2.14171514,41.36355799]]]},"properties":{"id":"barcelona:osm:relation:3454109","name":"Parc sense nom 3454109","nameAddon":null,"objectNumber":"barcelona:osm:relation:3454109","district":"Sants-Montjuïc","locality":null,"type":"Park","areaM2":25939,"areaHa":2.59,"designation":null,"dedicated":null,"builtYear":null,"renovatedYear":null,"planningAreaId":null,"planningAreaName":null,"centroid":[2.142867,41.363759],"bounds":[2.14172,41.36296,2.14414,41.36483],"amenities":{"playground":{"status":"not-observed","count":0,"nearestMeters":null,"coverage":"community-mapped-observations"},"toilet":{"status":"not-observed","count":0,"nearestMeters":null,"coverage":"community-mapped-observations"},"drinkingFountain":{"status":"observed-nearby","count":2,"nearestMeters":12,"coverage":"community-mapped-observations"},"dogRun":{"status":"not-observed","count":0,"nearestMeters":null,"coverage":"community-mapped-observations"}},"sourceId":"parks"}},{"type":"Feature","id":"barcelona:osm:relation:5375470","geometry":{"type":"Polygon","coordinates":[[[2.16983341,41.44199566],[2.16987768,41.44196309],[2.17014034,41.44214583],[2.17005476,41.44225529],[2.16993228,41.44218382],[2.1699854,41.44213045],[2.16990129,41.44205627],[2.16983341,41.44199566]]]},"properties":{"id":"barcelona:osm:relation:5375470","name":"Parc sense nom 5375470","nameAddon":null,"objectNumber":"barcelona:osm:relation:5375470","district":"Nou Barris","locality":null,"type":"Park","areaM2":300.1,"areaHa":0.03,"designation":null,"dedicated":null,"builtYear":null,"renovatedYear":null,"planningAreaId":null,"planningAreaName":null,"centroid":[2.169999,41.442117],"bounds":[2.16983,41.44196,2.17014,41.44226],"amenities":{"playground":{"status":"observed-nearby","count":1,"nearestMeters":23,"coverage":"community-mapped-observations"},"toilet":{"status":"not-observed","count":0,"nearestMeters":null,"coverage":"community-mapped-observations"},"drinkingFountain":{"status":"observed-nearby","count":1,"nearestMeters":73,"coverage":"community-mapped-observations"},"dogRun":{"status":"observed-nearby","count":1,"nearestMeters":74,"coverage":"community-mapped-observations"}},"sourceId":"parks"}},{"type":"Feature","id":"barcelona:osm:relation:6410616","geometry":{"type":"MultiPolygon","coordinates":[[[[2.18092725,41.43209698],[2.18243978,41.43061154],[2.18247962,41.43063416],[2.18233944,41.43121042],[2.18327499,41.43404288],[2.18323072,41.43409716],[2.18175509,41.4343776],[2.18167393,41.43435046],[2.18092725,41.43209698]]],[[[2.18173148,41.43452868],[2.18176837,41.43449159],[2.18331188,41.43420843],[2.18406298,41.43637959],[2.1839951,41.43646101],[2.18255783,41.43674688],[2.18245896,41.43669531],[2.18235862,41.43640311],[2.1823719,41.43624842],[2.18185986,41.43491858],[2.18173148,41.43452868]]],[[[2.1827113,41.43692781],[2.18406741,41.43665189],[2.18473735,41.43861317],[2.18483031,41.43944997],[2.18391689,41.43938303],[2.18343879,41.43930432],[2.18279836,41.43718382],[2.1827113,41.43692781]]]]},"properties":{"id":"barcelona:osm:relation:6410616","name":"Parc de Can Dragó","nameAddon":null,"objectNumber":"barcelona:osm:relation:6410616","district":"Nou Barris","locality":null,"type":"Park","areaM2":114713.9,"areaHa":11.47,"designation":null,"dedicated":null,"builtYear":null,"renovatedYear":null,"planningAreaId":null,"planningAreaName":null,"centroid":[2.182865,41.435241],"bounds":[2.18093,41.43061,2.18483,41.43945],"amenities":{"playground":{"status":"observed-nearby","count":6,"nearestMeters":0,"coverage":"community-mapped-observations"},"toilet":{"status":"observed-nearby","count":4,"nearestMeters":0,"coverage":"community-mapped-observations"},"drinkingFountain":{"status":"observed-nearby","count":7,"nearestMeters":0,"coverage":"community-mapped-observations"},"dogRun":{"status":"observed-nearby","count":1,"nearestMeters":0,"coverage":"community-mapped-observations"}},"sourceId":"parks"}},{"type":"Feature","id":"barcelona:osm:relation:6950065","geometry":{"type":"Polygon","coordinates":[[[2.16581968,41.42923467],[2.16600118,41.4290085],[2.1659215,41.42884748],[2.16598937,41.4287543],[2.16606021,41.42893794],[2.1662786,41.42898408],[2.16645715,41.42907997],[2.16662095,41.42901212],[2.166739,41.42907726],[2.16635828,41.42921657],[2.16632139,41.42920029],[2.16608382,41.42946988],[2.16583148,41.42935046],[2.16589936,41.42927538],[2.16581968,41.42923467]],[[2.16608382,41.42911163],[2.16614727,41.42913063],[2.16628893,41.42907726],[2.16623138,41.42903022],[2.16609562,41.4290474],[2.16608382,41.42911163]]]},"properties":{"id":"barcelona:osm:relation:6950065","name":"Parc sense nom 6950065","nameAddon":null,"objectNumber":"barcelona:osm:relation:6950065","district":"Nou Barris","locality":null,"type":"Park","areaM2":1981.7,"areaHa":0.2,"designation":null,"dedicated":null,"builtYear":null,"renovatedYear":null,"planningAreaId":null,"planningAreaName":null,"centroid":[2.166157,41.429157],"bounds":[2.16582,41.42875,2.16674,41.42947],"amenities":{"playground":{"status":"observed-nearby","count":2,"nearestMeters":0,"coverage":"community-mapped-observations"},"toilet":{"status":"not-observed","count":0,"nearestMeters":null,"coverage":"community-mapped-observations"},"drinkingFountain":{"status":"observed-nearby","count":1,"nearestMeters":42,"coverage":"community-mapped-observations"},"dogRun":{"status":"not-observed","count":0,"nearestMeters":null,"coverage":"community-mapped-observations"}},"sourceId":"parks"}},{"type":"Feature","id":"barcelona:osm:relation:7233021","geometry":{"type":"Polygon","coordinates":[[[2.18771076,41.41219197],[2.1878052,41.41211326],[2.18777421,41.4120816],[2.18785537,41.41206441],[2.18781996,41.41197304],[2.18823018,41.411888],[2.18879092,41.41232405],[2.18878502,41.41238466],[2.18885438,41.41243441],[2.18850022,41.41270309],[2.18839841,41.41262529],[2.18834528,41.41266781],[2.18822428,41.41257463],[2.18771076,41.41219197]]]},"properties":{"id":"barcelona:osm:relation:7233021","name":"Jardins de Joana Tomàs","nameAddon":null,"objectNumber":"barcelona:osm:relation:7233021","district":"Sant Martí","locality":null,"type":"Park","areaM2":4585.3,"areaHa":0.46,"designation":null,"dedicated":null,"builtYear":null,"renovatedYear":null,"planningAreaId":null,"planningAreaName":null,"centroid":[2.188285,41.412281],"bounds":[2.18771,41.41189,2.18885,41.4127],"amenities":{"playground":{"status":"observed-nearby","count":1,"nearestMeters":0,"coverage":"community-mapped-observations"},"toilet":{"status":"not-observed","count":0,"nearestMeters":null,"coverage":"community-mapped-observations"},"drinkingFountain":{"status":"observed-nearby","count":2,"nearestMeters":0,"coverage":"community-mapped-observations"},"dogRun":{"status":"observed-nearby","count":1,"nearestMeters":0,"coverage":"community-mapped-observations"}},"sourceId":"parks"}},{"type":"Feature","id":"barcelona:osm:relation:7317301","geometry":{"type":"Polygon","coordinates":[[[2.20941001,41.40358151],[2.20962988,41.40338158],[2.21049608,41.40409535],[2.21006814,41.40434141],[2.20942919,41.40367107],[2.20941001,41.40358151]]]},"properties":{"id":"barcelona:osm:relation:7317301","name":"Jardins de Remedios Varo","nameAddon":null,"objectNumber":"barcelona:osm:relation:7317301","district":"Sant Martí","locality":null,"type":"Park","areaM2":4027.1,"areaHa":0.4,"designation":null,"dedicated":null,"builtYear":null,"renovatedYear":null,"planningAreaId":null,"planningAreaName":null,"centroid":[2.209917,41.403876],"bounds":[2.20941,41.40338,2.2105,41.40434],"amenities":{"playground":{"status":"observed-nearby","count":1,"nearestMeters":0,"coverage":"community-mapped-observations"},"toilet":{"status":"not-observed","count":0,"nearestMeters":null,"coverage":"community-mapped-observations"},"drinkingFountain":{"status":"observed-nearby","count":2,"nearestMeters":0,"coverage":"community-mapped-observations"},"dogRun":{"status":"not-observed","count":0,"nearestMeters":null,"coverage":"community-mapped-observations"}},"sourceId":"parks"}},{"type":"Feature","id":"barcelona:osm:relation:7319522","geometry":{"type":"Polygon","coordinates":[[[2.19558033,41.41483807],[2.19584005,41.41463904],[2.1961942,41.41490411],[2.19593449,41.41510494],[2.19558033,41.41483807]]]},"properties":{"id":"barcelona:osm:relation:7319522","name":"Plaça de Montserrat Garriga","nameAddon":null,"objectNumber":"barcelona:osm:relation:7319522","district":"Sant Martí","locality":null,"type":"Park","areaM2":1297.7,"areaHa":0.13,"designation":null,"dedicated":null,"builtYear":null,"renovatedYear":null,"planningAreaId":null,"planningAreaName":null,"centroid":[2.195887,41.414872],"bounds":[2.19558,41.41464,2.19619,41.4151],"amenities":{"playground":{"status":"observed-nearby","count":1,"nearestMeters":38,"coverage":"community-mapped-observations"},"toilet":{"status":"observed-nearby","count":1,"nearestMeters":50,"coverage":"community-mapped-observations"},"drinkingFountain":{"status":"observed-nearby","count":2,"nearestMeters":37,"coverage":"community-mapped-observations"},"dogRun":{"status":"not-observed","count":0,"nearestMeters":null,"coverage":"community-mapped-observations"}},"sourceId":"parks"}},{"type":"Feature","id":"barcelona:osm:relation:7325447","geometry":{"type":"Polygon","coordinates":[[[2.21124865,41.40580062],[2.21192154,41.4052922],[2.21222847,41.40552832],[2.21244834,41.40535824],[2.21291317,41.40570653],[2.21202189,41.40638321],[2.21124865,41.40580062]]]},"properties":{"id":"barcelona:osm:relation:7325447","name":"Plaça de Ramon Calsina","nameAddon":null,"objectNumber":"barcelona:osm:relation:7325447","district":"Sant Martí","locality":null,"type":"Park","areaM2":8692.3,"areaHa":0.87,"designation":null,"dedicated":null,"builtYear":null,"renovatedYear":null,"planningAreaId":null,"planningAreaName":null,"centroid":[2.212069,41.405802],"bounds":[2.21125,41.40529,2.21291,41.40638],"amenities":{"playground":{"status":"observed-nearby","count":1,"nearestMeters":0,"coverage":"community-mapped-observations"},"toilet":{"status":"not-observed","count":0,"nearestMeters":null,"coverage":"community-mapped-observations"},"drinkingFountain":{"status":"observed-nearby","count":2,"nearestMeters":0,"coverage":"community-mapped-observations"},"dogRun":{"status":"not-observed","count":0,"nearestMeters":null,"coverage":"community-mapped-observations"}},"sourceId":"parks"}},{"type":"Feature","id":"barcelona:osm:relation:7359686","geometry":{"type":"Polygon","coordinates":[[[2.16936563,41.39335173],[2.16969913,41.39309752],[2.17002819,41.39333002],[2.16965633,41.39361589],[2.16936563,41.39335173]]]},"properties":{"id":"barcelona:osm:relation:7359686","name":"Jardins de la Torre de les Aigües","nameAddon":null,"objectNumber":"barcelona:osm:relation:7359686","district":"l'Eixample","locality":null,"type":"Park","areaM2":1589.2,"areaHa":0.16,"designation":null,"dedicated":null,"builtYear":null,"renovatedYear":null,"planningAreaId":null,"planningAreaName":null,"centroid":[2.16969,41.393351],"bounds":[2.16937,41.3931,2.17003,41.39362],"amenities":{"playground":{"status":"not-observed","count":0,"nearestMeters":null,"coverage":"community-mapped-observations"},"toilet":{"status":"not-observed","count":0,"nearestMeters":null,"coverage":"community-mapped-observations"},"drinkingFountain":{"status":"observed-nearby","count":3,"nearestMeters":0,"coverage":"community-mapped-observations"},"dogRun":{"status":"not-observed","count":0,"nearestMeters":null,"coverage":"community-mapped-observations"}},"sourceId":"parks"}},{"type":"Feature","id":"barcelona:osm:relation:7363113","geometry":{"type":"Polygon","coordinates":[[[2.17917862,41.38296816],[2.17937931,41.38271666],[2.17957114,41.38277366],[2.17945014,41.38298715],[2.17935717,41.38303239],[2.17917862,41.38296816]]]},"properties":{"id":"barcelona:osm:relation:7363113","name":"Plaça de Carme Simó","nameAddon":null,"objectNumber":"barcelona:osm:relation:7363113","district":"Ciutat Vella","locality":null,"type":"Park","areaM2":638.7,"areaHa":0.06,"designation":null,"dedicated":null,"builtYear":null,"renovatedYear":null,"planningAreaId":null,"planningAreaName":null,"centroid":[2.179382,41.382879],"bounds":[2.17918,41.38272,2.17957,41.38303],"amenities":{"playground":{"status":"not-observed","count":0,"nearestMeters":null,"coverage":"community-mapped-observations"},"toilet":{"status":"not-observed","count":0,"nearestMeters":null,"coverage":"community-mapped-observations"},"drinkingFountain":{"status":"observed-nearby","count":3,"nearestMeters":0,"coverage":"community-mapped-observations"},"dogRun":{"status":"not-observed","count":0,"nearestMeters":null,"coverage":"community-mapped-observations"}},"sourceId":"parks"}},{"type":"Feature","id":"barcelona:osm:relation:7363118","geometry":{"type":"Polygon","coordinates":[[[2.17859132,41.38356251],[2.17875659,41.38344853],[2.17872855,41.38342681],[2.17903253,41.38325764],[2.17899417,41.38323412],[2.17919633,41.38300615],[2.17932471,41.38306676],[2.1786164,41.38358151],[2.17859132,41.38356251]]]},"properties":{"id":"barcelona:osm:relation:7363118","name":"Parc sense nom 7363118","nameAddon":null,"objectNumber":"barcelona:osm:relation:7363118","district":"Ciutat Vella","locality":null,"type":"Park","areaM2":557.3,"areaHa":0.06,"designation":null,"dedicated":null,"builtYear":null,"renovatedYear":null,"planningAreaId":null,"planningAreaName":null,"centroid":[2.179028,41.383236],"bounds":[2.17859,41.38301,2.17932,41.38358],"amenities":{"playground":{"status":"not-observed","count":0,"nearestMeters":null,"coverage":"community-mapped-observations"},"toilet":{"status":"not-observed","count":0,"nearestMeters":null,"coverage":"community-mapped-observations"},"drinkingFountain":{"status":"observed-nearby","count":2,"nearestMeters":31,"coverage":"community-mapped-observations"},"dogRun":{"status":"not-observed","count":0,"nearestMeters":null,"coverage":"community-mapped-observations"}},"sourceId":"parks"}},{"type":"Feature","id":"barcelona:osm:relation:7647887","geometry":{"type":"Polygon","coordinates":[[[2.1878657,41.42072462],[2.18814017,41.42058169],[2.18845743,41.42080152],[2.18822133,41.42098426],[2.1878657,41.42072462]]]},"properties":{"id":"barcelona:osm:relation:7647887","name":"Jardins de Mercè Rovira","nameAddon":null,"objectNumber":"barcelona:osm:relation:7647887","district":"Sant Andreu","locality":null,"type":"Park","areaM2":1077.1,"areaHa":0.11,"designation":null,"dedicated":null,"builtYear":null,"renovatedYear":null,"planningAreaId":null,"planningAreaName":null,"centroid":[2.188169,41.420776],"bounds":[2.18787,41.42058,2.18846,41.42098],"amenities":{"playground":{"status":"observed-nearby","count":1,"nearestMeters":0,"coverage":"community-mapped-observations"},"toilet":{"status":"not-observed","count":0,"nearestMeters":null,"coverage":"community-mapped-observations"},"drinkingFountain":{"status":"observed-nearby","count":1,"nearestMeters":0,"coverage":"community-mapped-observations"},"dogRun":{"status":"not-observed","count":0,"nearestMeters":null,"coverage":"community-mapped-observations"}},"sourceId":"parks"}},{"type":"Feature","id":"barcelona:osm:relation:7649153","geometry":{"type":"Polygon","coordinates":[[[2.19101028,41.41359508],[2.19122425,41.41346843],[2.19130098,41.41347205],[2.19164481,41.41443188],[2.19175253,41.41440926],[2.19184992,41.41469242],[2.19186615,41.41482631],[2.19161677,41.41500633],[2.19154446,41.41476027],[2.19133492,41.4148055],[2.19101176,41.41377239],[2.19101028,41.41359508]]]},"properties":{"id":"barcelona:osm:relation:7649153","name":"Parc sense nom 7649153","nameAddon":null,"objectNumber":"barcelona:osm:relation:7649153","district":"Sant Martí","locality":null,"type":"Park","areaM2":5548.5,"areaHa":0.55,"designation":null,"dedicated":null,"builtYear":null,"renovatedYear":null,"planningAreaId":null,"planningAreaName":null,"centroid":[2.191401,41.414249],"bounds":[2.19101,41.41347,2.19187,41.41501],"amenities":{"playground":{"status":"observed-nearby","count":3,"nearestMeters":0,"coverage":"community-mapped-observations"},"toilet":{"status":"not-observed","count":0,"nearestMeters":null,"coverage":"community-mapped-observations"},"drinkingFountain":{"status":"observed-nearby","count":4,"nearestMeters":0,"coverage":"community-mapped-observations"},"dogRun":{"status":"not-observed","count":0,"nearestMeters":null,"coverage":"community-mapped-observations"}},"sourceId":"parks"}},{"type":"Feature","id":"barcelona:osm:relation:7699629","geometry":{"type":"MultiPolygon","coordinates":[[[[2.20662991,41.40737832],[2.20688962,41.40718202],[2.20733821,41.40763886],[2.20700915,41.4078207],[2.20682174,41.40763434],[2.206897,41.40757735],[2.20662991,41.40737832]]],[[[2.2070298,41.40799258],[2.20745184,41.40775466],[2.20770122,41.40800796],[2.2074297,41.40822598],[2.20718032,41.40810928],[2.2070298,41.40799258]]]]},"properties":{"id":"barcelona:osm:relation:7699629","name":"Jardins de les sufragistes catalanes","nameAddon":null,"objectNumber":"barcelona:osm:relation:7699629","district":"Sant Martí","locality":null,"type":"Park","areaM2":3390.1,"areaHa":0.34,"designation":null,"dedicated":null,"builtYear":null,"renovatedYear":null,"planningAreaId":null,"planningAreaName":null,"centroid":[2.207163,41.407728],"bounds":[2.20663,41.40718,2.2077,41.40823],"amenities":{"playground":{"status":"not-observed","count":0,"nearestMeters":null,"coverage":"community-mapped-observations"},"toilet":{"status":"not-observed","count":0,"nearestMeters":null,"coverage":"community-mapped-observations"},"drinkingFountain":{"status":"not-observed","count":0,"nearestMeters":null,"coverage":"community-mapped-observations"},"dogRun":{"status":"not-observed","count":0,"nearestMeters":null,"coverage":"community-mapped-observations"}},"sourceId":"parks"}},{"type":"Feature","id":"barcelona:osm:relation:7707811","geometry":{"type":"Polygon","coordinates":[[[2.20678928,41.41726977],[2.20718179,41.41697576],[2.20762449,41.41730867],[2.20723197,41.41760358],[2.20695602,41.41739551],[2.20678928,41.41726977]]]},"properties":{"id":"barcelona:osm:relation:7707811","name":"Plaça de Puigcerdà","nameAddon":null,"objectNumber":"barcelona:osm:relation:7707811","district":"Sant Martí","locality":null,"type":"Park","areaM2":2425.8,"areaHa":0.24,"designation":null,"dedicated":null,"builtYear":null,"renovatedYear":null,"planningAreaId":null,"planningAreaName":null,"centroid":[2.207207,41.41729],"bounds":[2.20679,41.41698,2.20762,41.4176],"amenities":{"playground":{"status":"observed-nearby","count":3,"nearestMeters":0,"coverage":"community-mapped-observations"},"toilet":{"status":"not-observed","count":0,"nearestMeters":null,"coverage":"community-mapped-observations"},"drinkingFountain":{"status":"observed-nearby","count":1,"nearestMeters":0,"coverage":"community-mapped-observations"},"dogRun":{"status":"not-observed","count":0,"nearestMeters":null,"coverage":"community-mapped-observations"}},"sourceId":"parks"}},{"type":"Feature","id":"barcelona:osm:relation:7708297","geometry":{"type":"Polygon","coordinates":[[[2.17474581,41.40439388],[2.17488599,41.40435137],[2.17543788,41.40390809],[2.17579499,41.40390266],[2.17639409,41.40434413],[2.17558987,41.40495477],[2.17541722,41.40495748],[2.17534787,41.40500995],[2.17474728,41.40456124],[2.17474581,41.40439388]]]},"properties":{"id":"barcelona:osm:relation:7708297","name":"Plaça de Gaudí","nameAddon":null,"objectNumber":"barcelona:osm:relation:7708297","district":"l'Eixample","locality":null,"type":"Park","areaM2":9865.2,"areaHa":0.99,"designation":null,"dedicated":null,"builtYear":null,"renovatedYear":null,"planningAreaId":null,"planningAreaName":null,"centroid":[2.175532,41.404428],"bounds":[2.17475,41.4039,2.17639,41.40501],"amenities":{"playground":{"status":"observed-nearby","count":1,"nearestMeters":0,"coverage":"community-mapped-observations"},"toilet":{"status":"observed-nearby","count":2,"nearestMeters":35,"coverage":"community-mapped-observations"},"drinkingFountain":{"status":"observed-nearby","count":4,"nearestMeters":0,"coverage":"community-mapped-observations"},"dogRun":{"status":"not-observed","count":0,"nearestMeters":null,"coverage":"community-mapped-observations"}},"sourceId":"parks"}},{"type":"Feature","id":"barcelona:osm:relation:7842755","geometry":{"type":"Polygon","coordinates":[[[2.15315428,41.36991677],[2.15352024,41.36936494],[2.15327823,41.36926995],[2.15336972,41.36913968],[2.15446907,41.36957934],[2.15463877,41.36935679],[2.15491324,41.36944002],[2.15512721,41.36939479],[2.15563335,41.36909625],[2.15593881,41.36919667],[2.15617491,41.3691632],[2.15688764,41.36884748],[2.15754873,41.36841596],[2.15774794,41.36841234],[2.15797371,41.36848743],[2.15819211,41.36872625],[2.15824228,41.36887009],[2.15825408,41.36950154],[2.15832934,41.3697865],[2.15826146,41.36979464],[2.15803716,41.36947259],[2.15777155,41.36929166],[2.15755758,41.36933689],[2.15703373,41.36978107],[2.1571872,41.37010403],[2.15634608,41.37025149],[2.15626935,41.3701936],[2.15629591,41.36969785],[2.1560303,41.36961733],[2.15559941,41.36960286],[2.15520542,41.36973675],[2.15506818,41.37006513],[2.15469337,41.37051384],[2.15315428,41.36991677]],[[2.1575989,41.36866926],[2.15763432,41.36876063],[2.15776565,41.36875611],[2.15776712,41.36863941],[2.15767268,41.36862041],[2.1575989,41.36866926]]]},"properties":{"id":"barcelona:osm:relation:7842755","name":"Parc sense nom 7842755","nameAddon":null,"objectNumber":"barcelona:osm:relation:7842755","district":"Sants-Montjuïc","locality":null,"type":"Park","areaM2":38641.5,"areaHa":3.86,"designation":null,"dedicated":null,"builtYear":null,"renovatedYear":null,"planningAreaId":null,"planningAreaName":null,"centroid":[2.155906,41.369505],"bounds":[2.15315,41.36841,2.15833,41.37051],"amenities":{"playground":{"status":"observed-nearby","count":1,"nearestMeters":35,"coverage":"community-mapped-observations"},"toilet":{"status":"observed-nearby","count":4,"nearestMeters":33,"coverage":"community-mapped-observations"},"drinkingFountain":{"status":"observed-nearby","count":7,"nearestMeters":0,"coverage":"community-mapped-observations"},"dogRun":{"status":"not-observed","count":0,"nearestMeters":null,"coverage":"community-mapped-observations"}},"sourceId":"parks"}},{"type":"Feature","id":"barcelona:osm:relation:7843316","geometry":{"type":"Polygon","coordinates":[[[2.17139021,41.37114167],[2.17185946,41.36957481],[2.17199965,41.36960286],[2.17233314,41.36952325],[2.17256334,41.36954677],[2.17260023,41.36978379],[2.17237446,41.3703899],[2.17245414,41.37040528],[2.17238036,41.37063506],[2.1722992,41.37062059],[2.17212655,41.37127917],[2.17145071,41.37117152],[2.17139021,41.37114167]],[[2.17190963,41.3704279],[2.1719539,41.37049303],[2.17204244,41.37046228],[2.17199669,41.37039081],[2.17190963,41.3704279]]]},"properties":{"id":"barcelona:osm:relation:7843316","name":"Jardins de Miramar","nameAddon":null,"objectNumber":"barcelona:osm:relation:7843316","district":"Sants-Montjuïc","locality":null,"type":"Park","areaM2":12072.7,"areaHa":1.21,"designation":null,"dedicated":null,"builtYear":null,"renovatedYear":null,"planningAreaId":null,"planningAreaName":null,"centroid":[2.172013,41.370389],"bounds":[2.17139,41.36952,2.1726,41.37128],"amenities":{"playground":{"status":"not-observed","count":0,"nearestMeters":null,"coverage":"community-mapped-observations"},"toilet":{"status":"observed-nearby","count":1,"nearestMeters":12,"coverage":"community-mapped-observations"},"drinkingFountain":{"status":"observed-nearby","count":3,"nearestMeters":0,"coverage":"community-mapped-observations"},"dogRun":{"status":"not-observed","count":0,"nearestMeters":null,"coverage":"community-mapped-observations"}},"sourceId":"parks"}},{"type":"Feature","id":"barcelona:osm:relation:8268990","geometry":{"type":"Polygon","coordinates":[[[2.1872843,41.4015569],[2.18761484,41.40131084],[2.18961876,41.40281165],[2.18932658,41.40302696],[2.18901965,41.40279899],[2.18909048,41.4027429],[2.18917164,41.40280441],[2.18925132,41.40261806],[2.18904769,41.40257011],[2.18909933,41.40250407],[2.18887061,41.40242898],[2.18883962,41.40235299],[2.18856515,41.40225891],[2.18836151,41.4020038],[2.18838512,41.40194862],[2.18805311,41.40170074],[2.18787898,41.40183282],[2.18795571,41.40189343],[2.1880413,41.40183011],[2.18809885,41.40187443],[2.18792177,41.40200923],[2.18802654,41.40208884],[2.18792915,41.40216302],[2.18770043,41.40199113],[2.18778454,41.40193143],[2.1872843,41.4015569]]]},"properties":{"id":"barcelona:osm:relation:8268990","name":"Jardins d'Elisava","nameAddon":null,"objectNumber":"barcelona:osm:relation:8268990","district":"Sant Martí","locality":null,"type":"Park","areaM2":5415.4,"areaHa":0.54,"designation":null,"dedicated":null,"builtYear":null,"renovatedYear":null,"planningAreaId":null,"planningAreaName":null,"centroid":[2.188343,41.402072],"bounds":[2.18728,41.40131,2.18962,41.40303],"amenities":{"playground":{"status":"not-observed","count":0,"nearestMeters":null,"coverage":"community-mapped-observations"},"toilet":{"status":"observed-nearby","count":2,"nearestMeters":35,"coverage":"community-mapped-observations"},"drinkingFountain":{"status":"observed-nearby","count":2,"nearestMeters":0,"coverage":"community-mapped-observations"},"dogRun":{"status":"not-observed","count":0,"nearestMeters":null,"coverage":"community-mapped-observations"}},"sourceId":"parks"}},{"type":"Feature","id":"barcelona:osm:relation:8677226","geometry":{"type":"Polygon","coordinates":[[[2.1963698,41.41360503],[2.19699694,41.41313009],[2.19774804,41.41369549],[2.19733487,41.41400941],[2.19706187,41.41380677],[2.19685086,41.41396599],[2.19647604,41.41368464],[2.1963698,41.41360503]]]},"properties":{"id":"barcelona:osm:relation:8677226","name":"Plaça de la Infància","nameAddon":null,"objectNumber":"barcelona:osm:relation:8677226","district":"Sant Martí","locality":null,"type":"Park","areaM2":5812.2,"areaHa":0.58,"designation":null,"dedicated":null,"builtYear":null,"renovatedYear":null,"planningAreaId":null,"planningAreaName":null,"centroid":[2.197055,41.413603],"bounds":[2.19637,41.41313,2.19775,41.41401],"amenities":{"playground":{"status":"observed-nearby","count":3,"nearestMeters":0,"coverage":"community-mapped-observations"},"toilet":{"status":"not-observed","count":0,"nearestMeters":null,"coverage":"community-mapped-observations"},"drinkingFountain":{"status":"observed-nearby","count":2,"nearestMeters":0,"coverage":"community-mapped-observations"},"dogRun":{"status":"not-observed","count":0,"nearestMeters":null,"coverage":"community-mapped-observations"}},"sourceId":"parks"}},{"type":"Feature","id":"barcelona:osm:relation:8813210","geometry":{"type":"Polygon","coordinates":[[[2.18557108,41.41810838],[2.18653468,41.41735661],[2.18658927,41.4173548],[2.18662174,41.41877963],[2.18654353,41.418833],[2.18631333,41.41866383],[2.18628677,41.41868373],[2.1857762,41.41829745],[2.18580128,41.41827845],[2.18557108,41.41810838]],[[2.1859636,41.41830469],[2.18607132,41.4183852],[2.1860669,41.41845848],[2.18617167,41.41846029],[2.18627939,41.41854261],[2.18633694,41.41850009],[2.18641662,41.41851728],[2.18655681,41.41841505],[2.1865332,41.4180939],[2.18613478,41.41809933],[2.18599902,41.41820156],[2.18602115,41.41825945],[2.1859636,41.41830469]],[[2.18607428,41.41777004],[2.1861274,41.41793378],[2.18627791,41.41791207],[2.18626168,41.41777094],[2.18615544,41.41774199],[2.18607428,41.41777004]]]},"properties":{"id":"barcelona:osm:relation:8813210","name":"Parc sense nom 8813210","nameAddon":null,"objectNumber":"barcelona:osm:relation:8813210","district":"Sant Andreu","locality":null,"type":"Park","areaM2":5813.8,"areaHa":0.58,"designation":null,"dedicated":null,"builtYear":null,"renovatedYear":null,"planningAreaId":null,"planningAreaName":null,"centroid":[2.186245,41.418065],"bounds":[2.18557,41.41735,2.18662,41.41883],"amenities":{"playground":{"status":"observed-nearby","count":3,"nearestMeters":0,"coverage":"community-mapped-observations"},"toilet":{"status":"not-observed","count":0,"nearestMeters":null,"coverage":"community-mapped-observations"},"drinkingFountain":{"status":"observed-nearby","count":5,"nearestMeters":0,"coverage":"community-mapped-observations"},"dogRun":{"status":"not-observed","count":0,"nearestMeters":null,"coverage":"community-mapped-observations"}},"sourceId":"parks"}},{"type":"Feature","id":"barcelona:osm:relation:8895762","geometry":{"type":"Polygon","coordinates":[[[2.18973681,41.41876244],[2.18997586,41.41858603],[2.18975304,41.41842139],[2.18992421,41.41829293],[2.19083763,41.41899493],[2.1904156,41.41932965],[2.19002751,41.41905193],[2.19014704,41.41896418],[2.19011162,41.41881129],[2.1899552,41.41892799],[2.18973681,41.41876244]]]},"properties":{"id":"barcelona:osm:relation:8895762","name":"Jardins de Pepa Colomer","nameAddon":null,"objectNumber":"barcelona:osm:relation:8895762","district":"Sant Andreu","locality":null,"type":"Park","areaM2":4517.3,"areaHa":0.45,"designation":null,"dedicated":null,"builtYear":null,"renovatedYear":null,"planningAreaId":null,"planningAreaName":null,"centroid":[2.190258,41.418841],"bounds":[2.18974,41.41829,2.19084,41.41933],"amenities":{"playground":{"status":"observed-nearby","count":1,"nearestMeters":0,"coverage":"community-mapped-observations"},"toilet":{"status":"not-observed","count":0,"nearestMeters":null,"coverage":"community-mapped-observations"},"drinkingFountain":{"status":"observed-nearby","count":2,"nearestMeters":44,"coverage":"community-mapped-observations"},"dogRun":{"status":"not-observed","count":0,"nearestMeters":null,"coverage":"community-mapped-observations"}},"sourceId":"parks"}},{"type":"Feature","id":"barcelona:osm:relation:8916284","geometry":{"type":"MultiPolygon","coordinates":[[[[2.19903628,41.40707979],[2.19950258,41.4067125],[2.20081737,41.4070427],[2.20091919,41.4071784],[2.20104757,41.40711326],[2.20163192,41.40754568],[2.20062701,41.40828207],[2.19925172,41.40724263],[2.19903628,41.40707979]]],[[[2.20081737,41.40827755],[2.20171603,41.40760539],[2.20272832,41.40837163],[2.20173964,41.40912068],[2.20126744,41.40875339],[2.20137073,41.40867107],[2.20097379,41.40838701],[2.20081737,41.40827755]]],[[[2.2018695,41.40751674],[2.20207314,41.40735933],[2.20360042,41.40772481],[2.20286556,41.4082694],[2.20231072,41.40784965],[2.2018695,41.40751674]]]]},"properties":{"id":"barcelona:osm:relation:8916284","name":"Parc del Centre del Poblenou","nameAddon":null,"objectNumber":"barcelona:osm:relation:8916284","district":"Sant Martí","locality":null,"type":"Park","areaM2":38298.7,"areaHa":3.83,"designation":null,"dedicated":null,"builtYear":null,"renovatedYear":null,"planningAreaId":null,"planningAreaName":null,"centroid":[2.201247,41.407806],"bounds":[2.19904,41.40671,2.2036,41.40912],"amenities":{"playground":{"status":"observed-nearby","count":2,"nearestMeters":0,"coverage":"community-mapped-observations"},"toilet":{"status":"observed-nearby","count":1,"nearestMeters":0,"coverage":"community-mapped-observations"},"drinkingFountain":{"status":"observed-nearby","count":7,"nearestMeters":0,"coverage":"community-mapped-observations"},"dogRun":{"status":"observed-nearby","count":1,"nearestMeters":0,"coverage":"community-mapped-observations"}},"sourceId":"parks"}},{"type":"Feature","id":"barcelona:osm:relation:9161173","geometry":{"type":"Polygon","coordinates":[[[2.16967699,41.43075991],[2.17175764,41.43074724],[2.17177535,41.43101773],[2.17003115,41.43105754],[2.17003852,41.4313027],[2.16982751,41.43096164],[2.16967699,41.43075991]]]},"properties":{"id":"barcelona:osm:relation:9161173","name":"Jardins d'Ignacio Urenda","nameAddon":null,"objectNumber":"barcelona:osm:relation:9161173","district":"Nou Barris","locality":null,"type":"Park","areaM2":5447.5,"areaHa":0.54,"designation":null,"dedicated":null,"builtYear":null,"renovatedYear":null,"planningAreaId":null,"planningAreaName":null,"centroid":[2.170734,41.430902],"bounds":[2.16968,41.43075,2.17178,41.4313],"amenities":{"playground":{"status":"observed-nearby","count":2,"nearestMeters":0,"coverage":"community-mapped-observations"},"toilet":{"status":"not-observed","count":0,"nearestMeters":null,"coverage":"community-mapped-observations"},"drinkingFountain":{"status":"observed-nearby","count":2,"nearestMeters":25,"coverage":"community-mapped-observations"},"dogRun":{"status":"not-observed","count":0,"nearestMeters":null,"coverage":"community-mapped-observations"}},"sourceId":"parks"}},{"type":"Feature","id":"barcelona:osm:relation:9365707","geometry":{"type":"Polygon","coordinates":[[[2.14372643,41.36709879],[2.14381792,41.36682016],[2.14475052,41.36620952],[2.14477413,41.3663226],[2.14466494,41.36669984],[2.14450557,41.36688439],[2.1444554,41.36703456],[2.14449524,41.36715849],[2.14475495,41.36738285],[2.14493055,41.36783336],[2.14421487,41.36744979],[2.14391089,41.36734123],[2.14372643,41.36709879]]]},"properties":{"id":"barcelona:osm:relation:9365707","name":"Mirador del Llobregat","nameAddon":null,"objectNumber":"barcelona:osm:relation:9365707","district":"Sants-Montjuïc","locality":null,"type":"Park","areaM2":7728.3,"areaHa":0.77,"designation":null,"dedicated":null,"builtYear":null,"renovatedYear":null,"planningAreaId":null,"planningAreaName":null,"centroid":[2.144326,41.367028],"bounds":[2.14373,41.36621,2.14493,41.36783],"amenities":{"playground":{"status":"observed-nearby","count":1,"nearestMeters":48,"coverage":"community-mapped-observations"},"toilet":{"status":"not-observed","count":0,"nearestMeters":null,"coverage":"community-mapped-observations"},"drinkingFountain":{"status":"observed-nearby","count":5,"nearestMeters":0,"coverage":"community-mapped-observations"},"dogRun":{"status":"not-observed","count":0,"nearestMeters":null,"coverage":"community-mapped-observations"}},"sourceId":"parks"}},{"type":"Feature","id":"barcelona:osm:relation:9372925","geometry":{"type":"Polygon","coordinates":[[[2.14881738,41.36639045],[2.14947699,41.36661028],[2.15027531,41.36672879],[2.15107806,41.36671431],[2.15166831,41.36660937],[2.15167569,41.36664556],[2.15150009,41.36676678],[2.15132006,41.36720011],[2.15126842,41.36725801],[2.15117693,41.36725348],[2.15108248,41.3670825],[2.15098362,41.36702823],[2.15055716,41.36713136],[2.15019563,41.36714221],[2.14991526,41.36710422],[2.14973965,41.3670436],[2.14973228,41.36699747],[2.14934271,41.36694409],[2.14930729,41.36697214],[2.14909185,41.36695404],[2.14901659,41.3666157],[2.14884542,41.36644292],[2.14881738,41.36639045]]]},"properties":{"id":"barcelona:osm:relation:9372925","name":"Parc sense nom 9372925","nameAddon":null,"objectNumber":"barcelona:osm:relation:9372925","district":"Sants-Montjuïc","locality":null,"type":"Park","areaM2":9211.4,"areaHa":0.92,"designation":null,"dedicated":null,"builtYear":null,"renovatedYear":null,"planningAreaId":null,"planningAreaName":null,"centroid":[2.150259,41.366858],"bounds":[2.14882,41.36639,2.15168,41.36726],"amenities":{"playground":{"status":"not-observed","count":0,"nearestMeters":null,"coverage":"community-mapped-observations"},"toilet":{"status":"observed-nearby","count":1,"nearestMeters":69,"coverage":"community-mapped-observations"},"drinkingFountain":{"status":"observed-nearby","count":1,"nearestMeters":74,"coverage":"community-mapped-observations"},"dogRun":{"status":"not-observed","count":0,"nearestMeters":null,"coverage":"community-mapped-observations"}},"sourceId":"parks"}},{"type":"Feature","id":"barcelona:osm:relation:9811351","geometry":{"type":"MultiPolygon","coordinates":[[[[2.21114536,41.40737923],[2.21342079,41.40571467],[2.21408335,41.40597702],[2.2149466,41.40663561],[2.21559736,41.40730957],[2.21544684,41.40745793],[2.21460278,41.40957934],[2.21427076,41.4098453],[2.21411582,41.40987425],[2.21393726,41.40978017],[2.21114536,41.40765605],[2.21114536,41.40737923]]],[[[2.21384577,41.40533201],[2.21498201,41.40449792],[2.21821071,41.40691876],[2.21663178,41.40811561],[2.21652258,41.40810385],[2.21508236,41.40659309],[2.21411434,41.40582233],[2.21384577,41.40533201]]]]},"properties":{"id":"barcelona:osm:relation:9811351","name":"Parc de Diagonal Mar","nameAddon":null,"objectNumber":"barcelona:osm:relation:9811351","district":"Sant Martí","locality":null,"type":"Park","areaM2":159961.3,"areaHa":16,"designation":null,"dedicated":null,"builtYear":null,"renovatedYear":null,"planningAreaId":null,"planningAreaName":null,"centroid":[2.214499,41.407139],"bounds":[2.21115,41.4045,2.21821,41.40987],"amenities":{"playground":{"status":"observed-nearby","count":11,"nearestMeters":0,"coverage":"community-mapped-observations"},"toilet":{"status":"not-observed","count":0,"nearestMeters":null,"coverage":"community-mapped-observations"},"drinkingFountain":{"status":"observed-nearby","count":10,"nearestMeters":0,"coverage":"community-mapped-observations"},"dogRun":{"status":"observed-nearby","count":1,"nearestMeters":0,"coverage":"community-mapped-observations"}},"sourceId":"parks"}},{"type":"Feature","id":"barcelona:osm:way:1001060756","geometry":{"type":"Polygon","coordinates":[[[2.21451719,41.41164556],[2.21489348,41.41139678],[2.21580837,41.41209969],[2.21548963,41.41234847],[2.21451719,41.41164556]]]},"properties":{"id":"barcelona:osm:way:1001060756","name":"Parc sense nom 1001060756","nameAddon":null,"objectNumber":"barcelona:osm:way:1001060756","district":"Sant Martí","locality":null,"type":"Park","areaM2":4447.8,"areaHa":0.44,"designation":null,"dedicated":null,"builtYear":null,"renovatedYear":null,"planningAreaId":null,"planningAreaName":null,"centroid":[2.21517,41.411868],"bounds":[2.21452,41.4114,2.21581,41.41235],"amenities":{"playground":{"status":"observed-nearby","count":1,"nearestMeters":28,"coverage":"community-mapped-observations"},"toilet":{"status":"not-observed","count":0,"nearestMeters":null,"coverage":"community-mapped-observations"},"drinkingFountain":{"status":"observed-nearby","count":1,"nearestMeters":23,"coverage":"community-mapped-observations"},"dogRun":{"status":"not-observed","count":0,"nearestMeters":null,"coverage":"community-mapped-observations"}},"sourceId":"parks"}},{"type":"Feature","id":"barcelona:osm:way:100612532","geometry":{"type":"Polygon","coordinates":[[[2.1379139,41.37233762],[2.13807326,41.37202099],[2.13941314,41.37246427],[2.13922721,41.3727628],[2.13830642,41.37246427],[2.1379139,41.37233762]]]},"properties":{"id":"barcelona:osm:way:100612532","name":"Plaça de la Farga","nameAddon":null,"objectNumber":"barcelona:osm:way:100612532","district":"Sants-Montjuïc","locality":null,"type":"Park","areaM2":4576.2,"areaHa":0.46,"designation":null,"dedicated":null,"builtYear":null,"renovatedYear":null,"planningAreaId":null,"planningAreaName":null,"centroid":[2.138654,41.372395],"bounds":[2.13791,41.37202,2.13941,41.37276],"amenities":{"playground":{"status":"observed-nearby","count":1,"nearestMeters":0,"coverage":"community-mapped-observations"},"toilet":{"status":"not-observed","count":0,"nearestMeters":null,"coverage":"community-mapped-observations"},"drinkingFountain":{"status":"observed-nearby","count":3,"nearestMeters":0,"coverage":"community-mapped-observations"},"dogRun":{"status":"not-observed","count":0,"nearestMeters":null,"coverage":"community-mapped-observations"}},"sourceId":"parks"}},{"type":"Feature","id":"barcelona:osm:way:100612533","geometry":{"type":"Polygon","coordinates":[[[2.14045937,41.37094536],[2.14064678,41.37083318],[2.14080762,41.37098335],[2.14114702,41.37075086],[2.14183319,41.37135517],[2.1415056,41.37172064],[2.14058185,41.37113443],[2.14063054,41.37110458],[2.1405907,41.37106749],[2.14045937,41.37094536]]]},"properties":{"id":"barcelona:osm:way:100612533","name":"Jardins de Celestina Vigneaux i Cibils","nameAddon":null,"objectNumber":"barcelona:osm:way:100612533","district":"Sants-Montjuïc","locality":null,"type":"Park","areaM2":5710,"areaHa":0.57,"designation":null,"dedicated":null,"builtYear":null,"renovatedYear":null,"planningAreaId":null,"planningAreaName":null,"centroid":[2.141197,41.371211],"bounds":[2.14046,41.37075,2.14183,41.37172],"amenities":{"playground":{"status":"observed-nearby","count":2,"nearestMeters":0,"coverage":"community-mapped-observations"},"toilet":{"status":"not-observed","count":0,"nearestMeters":null,"coverage":"community-mapped-observations"},"drinkingFountain":{"status":"observed-nearby","count":2,"nearestMeters":0,"coverage":"community-mapped-observations"},"dogRun":{"status":"not-observed","count":0,"nearestMeters":null,"coverage":"community-mapped-observations"}},"sourceId":"parks"}},{"type":"Feature","id":"barcelona:osm:way:100624772","geometry":{"type":"Polygon","coordinates":[[[2.19374759,41.44909354],[2.19391729,41.44858513],[2.19429948,41.44817532],[2.19453706,41.4480161],[2.19514059,41.44777185],[2.19548589,41.44771124],[2.19599056,41.44769224],[2.19668263,41.44782522],[2.19676675,41.44829021],[2.19678003,41.44889452],[2.19675494,41.44911163],[2.19663246,41.44938574],[2.19647162,41.44957301],[2.19571019,41.45019179],[2.1952734,41.45077257],[2.19472446,41.45060521],[2.19422865,41.45029311],[2.19396451,41.4500199],[2.19377563,41.44956577],[2.19374759,41.44909354]]]},"properties":{"id":"barcelona:osm:way:100624772","name":"Parc de la Trinitat","nameAddon":null,"objectNumber":"barcelona:osm:way:100624772","district":"Sant Andreu","locality":null,"type":"Park","areaM2":62630.1,"areaHa":6.26,"designation":null,"dedicated":null,"builtYear":null,"renovatedYear":null,"planningAreaId":null,"planningAreaName":null,"centroid":[2.19527,41.449081],"bounds":[2.19375,41.44769,2.19678,41.45077],"amenities":{"playground":{"status":"observed-nearby","count":1,"nearestMeters":0,"coverage":"community-mapped-observations"},"toilet":{"status":"not-observed","count":0,"nearestMeters":null,"coverage":"community-mapped-observations"},"drinkingFountain":{"status":"observed-nearby","count":10,"nearestMeters":0,"coverage":"community-mapped-observations"},"dogRun":{"status":"not-observed","count":0,"nearestMeters":null,"coverage":"community-mapped-observations"}},"sourceId":"parks"}},{"type":"Feature","id":"barcelona:osm:way:10068992","geometry":{"type":"Polygon","coordinates":[[[2.15510802,41.40701285],[2.15539872,41.40669984],[2.15588421,41.40695495],[2.15559646,41.40726615],[2.15531019,41.40711688],[2.15510802,41.40701285]]]},"properties":{"id":"barcelona:osm:way:10068992","name":"Plaça del Nord","nameAddon":null,"objectNumber":"barcelona:osm:way:10068992","district":"Gràcia","locality":null,"type":"Park","areaM2":2091.4,"areaHa":0.21,"designation":null,"dedicated":null,"builtYear":null,"renovatedYear":null,"planningAreaId":null,"planningAreaName":null,"centroid":[2.155497,41.406983],"bounds":[2.15511,41.4067,2.15588,41.40727],"amenities":{"playground":{"status":"observed-nearby","count":1,"nearestMeters":0,"coverage":"community-mapped-observations"},"toilet":{"status":"not-observed","count":0,"nearestMeters":null,"coverage":"community-mapped-observations"},"drinkingFountain":{"status":"observed-nearby","count":1,"nearestMeters":0,"coverage":"community-mapped-observations"},"dogRun":{"status":"not-observed","count":0,"nearestMeters":null,"coverage":"community-mapped-observations"}},"sourceId":"parks"}},{"type":"Feature","id":"barcelona:osm:way:1016853829","geometry":{"type":"Polygon","coordinates":[[[2.16002485,41.4148046],[2.16017536,41.41469242],[2.16022258,41.41483445],[2.16010158,41.41484621],[2.16002485,41.4148046]]]},"properties":{"id":"barcelona:osm:way:1016853829","name":"Parc sense nom 1016853829","nameAddon":null,"objectNumber":"barcelona:osm:way:1016853829","district":"Horta-Guinardó","locality":null,"type":"Park","areaM2":188.9,"areaHa":0.02,"designation":null,"dedicated":null,"builtYear":null,"renovatedYear":null,"planningAreaId":null,"planningAreaName":null,"centroid":[2.160136,41.414786],"bounds":[2.16002,41.41469,2.16022,41.41485],"amenities":{"playground":{"status":"not-observed","count":0,"nearestMeters":null,"coverage":"community-mapped-observations"},"toilet":{"status":"not-observed","count":0,"nearestMeters":null,"coverage":"community-mapped-observations"},"drinkingFountain":{"status":"not-observed","count":0,"nearestMeters":null,"coverage":"community-mapped-observations"},"dogRun":{"status":"not-observed","count":0,"nearestMeters":null,"coverage":"community-mapped-observations"}},"sourceId":"parks"}},{"type":"Feature","id":"barcelona:osm:way:1037363045","geometry":{"type":"Polygon","coordinates":[[[2.21705971,41.41515108],[2.21730319,41.41496743],[2.21769128,41.41526687],[2.21744928,41.41544961],[2.21705971,41.41515108]]]},"properties":{"id":"barcelona:osm:way:1037363045","name":"Jardins de Mercè Climent i Pascual","nameAddon":null,"objectNumber":"barcelona:osm:way:1037363045","district":"Sant Martí","locality":null,"type":"Park","areaM2":1334.5,"areaHa":0.13,"designation":null,"dedicated":null,"builtYear":null,"renovatedYear":null,"planningAreaId":null,"planningAreaName":null,"centroid":[2.217376,41.415209],"bounds":[2.21706,41.41497,2.21769,41.41545],"amenities":{"playground":{"status":"observed-nearby","count":1,"nearestMeters":69,"coverage":"community-mapped-observations"},"toilet":{"status":"not-observed","count":0,"nearestMeters":null,"coverage":"community-mapped-observations"},"drinkingFountain":{"status":"observed-nearby","count":2,"nearestMeters":0,"coverage":"community-mapped-observations"},"dogRun":{"status":"not-observed","count":0,"nearestMeters":null,"coverage":"community-mapped-observations"}},"sourceId":"parks"}},{"type":"Feature","id":"barcelona:osm:way:1038292682","geometry":{"type":"Polygon","coordinates":[[[2.21108338,41.41928804],[2.21121176,41.41919305],[2.21183153,41.41966257],[2.21170315,41.41975755],[2.21108338,41.41928804]]]},"properties":{"id":"barcelona:osm:way:1038292682","name":"Jardins d'Anna Canalias Mestres","nameAddon":null,"objectNumber":"barcelona:osm:way:1038292682","district":"Sant Martí","locality":null,"type":"Park","areaM2":1107,"areaHa":0.11,"designation":null,"dedicated":null,"builtYear":null,"renovatedYear":null,"planningAreaId":null,"planningAreaName":null,"centroid":[2.211457,41.419475],"bounds":[2.21108,41.41919,2.21183,41.41976],"amenities":{"playground":{"status":"observed-nearby","count":1,"nearestMeters":0,"coverage":"community-mapped-observations"},"toilet":{"status":"not-observed","count":0,"nearestMeters":null,"coverage":"community-mapped-observations"},"drinkingFountain":{"status":"observed-nearby","count":4,"nearestMeters":0,"coverage":"community-mapped-observations"},"dogRun":{"status":"not-observed","count":0,"nearestMeters":null,"coverage":"community-mapped-observations"}},"sourceId":"parks"}},{"type":"Feature","id":"barcelona:osm:way:1038293499","geometry":{"type":"Polygon","coordinates":[[[2.21320682,41.41764791],[2.21348424,41.41744255],[2.21415418,41.41795097],[2.21387529,41.41815723],[2.21320682,41.41764791]]]},"properties":{"id":"barcelona:osm:way:1038293499","name":"Jardins d'Antònia Adroher i Pascual","nameAddon":null,"objectNumber":"barcelona:osm:way:1038293499","district":"Sant Martí","locality":null,"type":"Park","areaM2":2591.4,"areaHa":0.26,"designation":null,"dedicated":null,"builtYear":null,"renovatedYear":null,"planningAreaId":null,"planningAreaName":null,"centroid":[2.21368,41.4178],"bounds":[2.21321,41.41744,2.21415,41.41816],"amenities":{"playground":{"status":"observed-nearby","count":2,"nearestMeters":0,"coverage":"community-mapped-observations"},"toilet":{"status":"not-observed","count":0,"nearestMeters":null,"coverage":"community-mapped-observations"},"drinkingFountain":{"status":"observed-nearby","count":4,"nearestMeters":0,"coverage":"community-mapped-observations"},"dogRun":{"status":"not-observed","count":0,"nearestMeters":null,"coverage":"community-mapped-observations"}},"sourceId":"parks"}},{"type":"Feature","id":"barcelona:osm:way:1038295052","geometry":{"type":"Polygon","coordinates":[[[2.21440504,41.41854532],[2.21468098,41.41834178],[2.21506908,41.41863579],[2.21479313,41.41884024],[2.21440504,41.41854532]]]},"properties":{"id":"barcelona:osm:way:1038295052","name":"Jardins de Clémence Jacquinet","nameAddon":null,"objectNumber":"barcelona:osm:way:1038295052","district":"Sant Martí","locality":null,"type":"Park","areaM2":1488.4,"areaHa":0.15,"designation":null,"dedicated":null,"builtYear":null,"renovatedYear":null,"planningAreaId":null,"planningAreaName":null,"centroid":[2.214737,41.418591],"bounds":[2.21441,41.41834,2.21507,41.41884],"amenities":{"playground":{"status":"observed-nearby","count":3,"nearestMeters":0,"coverage":"community-mapped-observations"},"toilet":{"status":"not-observed","count":0,"nearestMeters":null,"coverage":"community-mapped-observations"},"drinkingFountain":{"status":"observed-nearby","count":3,"nearestMeters":0,"coverage":"community-mapped-observations"},"dogRun":{"status":"not-observed","count":0,"nearestMeters":null,"coverage":"community-mapped-observations"}},"sourceId":"parks"}},{"type":"Feature","id":"barcelona:osm:way:1038295783","geometry":{"type":"Polygon","coordinates":[[[2.21442275,41.41666817],[2.21468394,41.41646734],[2.21538634,41.41698209],[2.21512368,41.41718202],[2.21442275,41.41666817]]]},"properties":{"id":"barcelona:osm:way:1038295783","name":"Jardins de Pepita i Elisa Úriz Pi","nameAddon":null,"objectNumber":"barcelona:osm:way:1038295783","district":"Sant Martí","locality":null,"type":"Park","areaM2":2553.4,"areaHa":0.26,"designation":null,"dedicated":null,"builtYear":null,"renovatedYear":null,"planningAreaId":null,"planningAreaName":null,"centroid":[2.214904,41.416825],"bounds":[2.21442,41.41647,2.21539,41.41718],"amenities":{"playground":{"status":"observed-nearby","count":2,"nearestMeters":16,"coverage":"community-mapped-observations"},"toilet":{"status":"not-observed","count":0,"nearestMeters":null,"coverage":"community-mapped-observations"},"drinkingFountain":{"status":"observed-nearby","count":2,"nearestMeters":0,"coverage":"community-mapped-observations"},"dogRun":{"status":"not-observed","count":0,"nearestMeters":null,"coverage":"community-mapped-observations"}},"sourceId":"parks"}},{"type":"Feature","id":"barcelona:osm:way:1038296900","geometry":{"type":"Polygon","coordinates":[[[2.21611973,41.41623032],[2.21641043,41.41600145],[2.21735631,41.4167125],[2.21695494,41.41700742],[2.21673507,41.41684187],[2.21684132,41.41676316],[2.21611973,41.41623032]]]},"properties":{"id":"barcelona:osm:way:1038296900","name":"Jardins de Maria Pi Ferrer","nameAddon":null,"objectNumber":"barcelona:osm:way:1038296900","district":"Sant Martí","locality":null,"type":"Park","areaM2":4175.6,"areaHa":0.42,"designation":null,"dedicated":null,"builtYear":null,"renovatedYear":null,"planningAreaId":null,"planningAreaName":null,"centroid":[2.216748,41.416499],"bounds":[2.21612,41.416,2.21736,41.41701],"amenities":{"playground":{"status":"observed-nearby","count":1,"nearestMeters":0,"coverage":"community-mapped-observations"},"toilet":{"status":"not-observed","count":0,"nearestMeters":null,"coverage":"community-mapped-observations"},"drinkingFountain":{"status":"observed-nearby","count":2,"nearestMeters":0,"coverage":"community-mapped-observations"},"dogRun":{"status":"not-observed","count":0,"nearestMeters":null,"coverage":"community-mapped-observations"}},"sourceId":"parks"}},{"type":"Feature","id":"barcelona:osm:way:1038298470","geometry":{"type":"Polygon","coordinates":[[[2.21804839,41.4145911],[2.21830367,41.4143975],[2.21909462,41.41498372],[2.21883933,41.41517731],[2.21804839,41.4145911]]]},"properties":{"id":"barcelona:osm:way:1038298470","name":"Jardins de Virgínia Amposta Amposta","nameAddon":null,"objectNumber":"barcelona:osm:way:1038298470","district":"Sant Martí","locality":null,"type":"Park","areaM2":2805,"areaHa":0.28,"designation":null,"dedicated":null,"builtYear":null,"renovatedYear":null,"planningAreaId":null,"planningAreaName":null,"centroid":[2.218572,41.414787],"bounds":[2.21805,41.4144,2.21909,41.41518],"amenities":{"playground":{"status":"observed-nearby","count":1,"nearestMeters":0,"coverage":"community-mapped-observations"},"toilet":{"status":"not-observed","count":0,"nearestMeters":null,"coverage":"community-mapped-observations"},"drinkingFountain":{"status":"observed-nearby","count":4,"nearestMeters":7,"coverage":"community-mapped-observations"},"dogRun":{"status":"not-observed","count":0,"nearestMeters":null,"coverage":"community-mapped-observations"}},"sourceId":"parks"}},{"type":"Feature","id":"barcelona:osm:way:1039296030","geometry":{"type":"Polygon","coordinates":[[[2.21111289,41.41081147],[2.21195696,41.41017369],[2.21283201,41.41084856],[2.21259443,41.41101502],[2.2122211,41.41073639],[2.21182415,41.41103401],[2.21219896,41.41131446],[2.21198942,41.41147548],[2.21111289,41.41081147]]]},"properties":{"id":"barcelona:osm:way:1039296030","name":"Plaça de Dolors Renau","nameAddon":null,"objectNumber":"barcelona:osm:way:1039296030","district":"Sant Martí","locality":null,"type":"Park","areaM2":8332.3,"areaHa":0.83,"designation":null,"dedicated":null,"builtYear":null,"renovatedYear":null,"planningAreaId":null,"planningAreaName":null,"centroid":[2.211911,41.410775],"bounds":[2.21111,41.41017,2.21283,41.41148],"amenities":{"playground":{"status":"observed-nearby","count":3,"nearestMeters":0,"coverage":"community-mapped-observations"},"toilet":{"status":"not-observed","count":0,"nearestMeters":null,"coverage":"community-mapped-observations"},"drinkingFountain":{"status":"observed-nearby","count":4,"nearestMeters":0,"coverage":"community-mapped-observations"},"dogRun":{"status":"not-observed","count":0,"nearestMeters":null,"coverage":"community-mapped-observations"}},"sourceId":"parks"}},{"type":"Feature","id":"barcelona:osm:way:1041199434","geometry":{"type":"Polygon","coordinates":[[[2.19327096,41.42530758],[2.19393057,41.42512394],[2.19413568,41.42579066],[2.19391877,41.42585399],[2.19359412,41.42536276],[2.19334917,41.42542519],[2.19327096,41.42530758]]]},"properties":{"id":"barcelona:osm:way:1041199434","name":"Parc sense nom 1041199434","nameAddon":null,"objectNumber":"barcelona:osm:way:1041199434","district":"Sant Andreu","locality":null,"type":"Park","areaM2":2457.7,"areaHa":0.25,"designation":null,"dedicated":null,"builtYear":null,"renovatedYear":null,"planningAreaId":null,"planningAreaName":null,"centroid":[2.193803,41.425451],"bounds":[2.19327,41.42512,2.19414,41.42585],"amenities":{"playground":{"status":"not-observed","count":0,"nearestMeters":null,"coverage":"community-mapped-observations"},"toilet":{"status":"observed-nearby","count":1,"nearestMeters":3,"coverage":"community-mapped-observations"},"drinkingFountain":{"status":"not-observed","count":0,"nearestMeters":null,"coverage":"community-mapped-observations"},"dogRun":{"status":"not-observed","count":0,"nearestMeters":null,"coverage":"community-mapped-observations"}},"sourceId":"parks"}},{"type":"Feature","id":"barcelona:osm:way:1055734153","geometry":{"type":"Polygon","coordinates":[[[2.13805703,41.37958115],[2.13811016,41.37952777],[2.13836839,41.37963633],[2.13831675,41.37969423],[2.13805703,41.37958115]]]},"properties":{"id":"barcelona:osm:way:1055734153","name":"Parc sense nom 1055734153","nameAddon":null,"objectNumber":"barcelona:osm:way:1055734153","district":"Sants-Montjuïc","locality":null,"type":"Park","areaM2":187.4,"areaHa":0.02,"designation":null,"dedicated":null,"builtYear":null,"renovatedYear":null,"planningAreaId":null,"planningAreaName":null,"centroid":[2.138214,41.37961],"bounds":[2.13806,41.37953,2.13837,41.37969],"amenities":{"playground":{"status":"not-observed","count":0,"nearestMeters":null,"coverage":"community-mapped-observations"},"toilet":{"status":"observed-nearby","count":1,"nearestMeters":44,"coverage":"community-mapped-observations"},"drinkingFountain":{"status":"observed-nearby","count":1,"nearestMeters":73,"coverage":"community-mapped-observations"},"dogRun":{"status":"not-observed","count":0,"nearestMeters":null,"coverage":"community-mapped-observations"}},"sourceId":"parks"}},{"type":"Feature","id":"barcelona:osm:way:1056835780","geometry":{"type":"Polygon","coordinates":[[[2.15819358,41.40572191],[2.15843411,41.40551565],[2.15854036,41.40558079],[2.15842673,41.40568482],[2.15854183,41.40576624],[2.15843559,41.4058558],[2.15819358,41.40572191]]]},"properties":{"id":"barcelona:osm:way:1056835780","name":"Jardí de l'alzina","nameAddon":null,"objectNumber":"barcelona:osm:way:1056835780","district":"Gràcia","locality":null,"type":"Park","areaM2":540.3,"areaHa":0.05,"designation":null,"dedicated":null,"builtYear":null,"renovatedYear":null,"planningAreaId":null,"planningAreaName":null,"centroid":[2.158389,41.405693],"bounds":[2.15819,41.40552,2.15854,41.40586],"amenities":{"playground":{"status":"not-observed","count":0,"nearestMeters":null,"coverage":"community-mapped-observations"},"toilet":{"status":"not-observed","count":0,"nearestMeters":null,"coverage":"community-mapped-observations"},"drinkingFountain":{"status":"not-observed","count":0,"nearestMeters":null,"coverage":"community-mapped-observations"},"dogRun":{"status":"not-observed","count":0,"nearestMeters":null,"coverage":"community-mapped-observations"}},"sourceId":"parks"}},{"type":"Feature","id":"barcelona:osm:way:106406131","geometry":{"type":"Polygon","coordinates":[[[2.13007088,41.41474217],[2.13069065,41.41425276],[2.13051505,41.41412882],[2.13051948,41.41402207],[2.13063015,41.41392256],[2.13067885,41.41390628],[2.13072754,41.41394699],[2.13076443,41.41391804],[2.13110235,41.41415777],[2.13124992,41.41421657],[2.13085887,41.41462005],[2.13113777,41.41480188],[2.13090314,41.41530396],[2.13047521,41.41516826],[2.13016237,41.41481093],[2.13007088,41.41474217]]]},"properties":{"id":"barcelona:osm:way:106406131","name":"Parc de Teodor Roviralta","nameAddon":null,"objectNumber":"barcelona:osm:way:106406131","district":"Sarrià - Sant Gervasi","locality":null,"type":"Park","areaM2":7734,"areaHa":0.77,"designation":null,"dedicated":null,"builtYear":null,"renovatedYear":null,"planningAreaId":null,"planningAreaName":null,"centroid":[2.130702,41.41464],"bounds":[2.13007,41.41391,2.13125,41.4153],"amenities":{"playground":{"status":"not-observed","count":0,"nearestMeters":null,"coverage":"community-mapped-observations"},"toilet":{"status":"not-observed","count":0,"nearestMeters":null,"coverage":"community-mapped-observations"},"drinkingFountain":{"status":"observed-nearby","count":1,"nearestMeters":33,"coverage":"community-mapped-observations"},"dogRun":{"status":"not-observed","count":0,"nearestMeters":null,"coverage":"community-mapped-observations"}},"sourceId":"parks"}},{"type":"Feature","id":"barcelona:osm:way:106409536","geometry":{"type":"Polygon","coordinates":[[[2.14330883,41.41082052],[2.1440009,41.41091189],[2.14417355,41.41088294],[2.14434915,41.41075086],[2.14448934,41.41077257],[2.14453656,41.41072643],[2.14461624,41.41077528],[2.14457197,41.41081328],[2.14508107,41.41111815],[2.1446428,41.41127103],[2.14368511,41.41135426],[2.14355526,41.41123485],[2.14340769,41.41098064],[2.14330883,41.41082052]]]},"properties":{"id":"barcelona:osm:way:106409536","name":"Jardins de Mercè Rodoreda","nameAddon":null,"objectNumber":"barcelona:osm:way:106409536","district":"Sarrià - Sant Gervasi","locality":null,"type":"Park","areaM2":6132.2,"areaHa":0.61,"designation":null,"dedicated":null,"builtYear":null,"renovatedYear":null,"planningAreaId":null,"planningAreaName":null,"centroid":[2.144165,41.411068],"bounds":[2.14331,41.41073,2.14508,41.41135],"amenities":{"playground":{"status":"observed-nearby","count":2,"nearestMeters":0,"coverage":"community-mapped-observations"},"toilet":{"status":"not-observed","count":0,"nearestMeters":null,"coverage":"community-mapped-observations"},"drinkingFountain":{"status":"observed-nearby","count":4,"nearestMeters":0,"coverage":"community-mapped-observations"},"dogRun":{"status":"observed-nearby","count":1,"nearestMeters":0,"coverage":"community-mapped-observations"}},"sourceId":"parks"}},{"type":"Feature","id":"barcelona:osm:way:106488477","geometry":{"type":"Polygon","coordinates":[[[2.13506887,41.40548942],[2.13553222,41.40511489],[2.13630102,41.40576805],[2.13628479,41.40580695],[2.1361387,41.40588927],[2.13563404,41.40604216],[2.13514265,41.40556179],[2.13506887,41.40548942]]]},"properties":{"id":"barcelona:osm:way:106488477","name":"Jardins de Vil·la Florida","nameAddon":null,"objectNumber":"barcelona:osm:way:106488477","district":"Sarrià - Sant Gervasi","locality":null,"type":"Park","areaM2":5305.7,"areaHa":0.53,"designation":null,"dedicated":null,"builtYear":null,"renovatedYear":null,"planningAreaId":null,"planningAreaName":null,"centroid":[2.135664,41.405613],"bounds":[2.13507,41.40511,2.1363,41.40604],"amenities":{"playground":{"status":"observed-nearby","count":2,"nearestMeters":0,"coverage":"community-mapped-observations"},"toilet":{"status":"observed-nearby","count":2,"nearestMeters":0,"coverage":"community-mapped-observations"},"drinkingFountain":{"status":"observed-nearby","count":2,"nearestMeters":0,"coverage":"community-mapped-observations"},"dogRun":{"status":"not-observed","count":0,"nearestMeters":null,"coverage":"community-mapped-observations"}},"sourceId":"parks"}},{"type":"Feature","id":"barcelona:osm:way:107324288","geometry":{"type":"Polygon","coordinates":[[[2.12116689,41.39393432],[2.12117131,41.39370454],[2.1212569,41.39322598],[2.12140299,41.3928795],[2.12280189,41.3935797],[2.12203751,41.39438303],[2.12124952,41.39397775],[2.12116689,41.39393432]]]},"properties":{"id":"barcelona:osm:way:107324288","name":"Jardins de Vil·la Cecília","nameAddon":null,"objectNumber":"barcelona:osm:way:107324288","district":"Sarrià - Sant Gervasi","locality":null,"type":"Park","areaM2":12863.9,"areaHa":1.29,"designation":null,"dedicated":null,"builtYear":null,"renovatedYear":null,"planningAreaId":null,"planningAreaName":null,"centroid":[2.121853,41.393651],"bounds":[2.12117,41.39288,2.1228,41.39438],"amenities":{"playground":{"status":"observed-nearby","count":1,"nearestMeters":21,"coverage":"community-mapped-observations"},"toilet":{"status":"not-observed","count":0,"nearestMeters":null,"coverage":"community-mapped-observations"},"drinkingFountain":{"status":"observed-nearby","count":2,"nearestMeters":0,"coverage":"community-mapped-observations"},"dogRun":{"status":"observed-nearby","count":1,"nearestMeters":30,"coverage":"community-mapped-observations"}},"sourceId":"parks"}},{"type":"Feature","id":"barcelona:osm:way:107324289","geometry":{"type":"Polygon","coordinates":[[[2.1216509,41.39266872],[2.12178518,41.39263434],[2.12192389,41.39248779],[2.12195045,41.39230505],[2.12258055,41.39161751],[2.12272959,41.39154695],[2.12285649,41.39155962],[2.12401487,41.3921793],[2.1235102,41.39272661],[2.12342461,41.39291207],[2.12289338,41.39343496],[2.12172615,41.39272481],[2.1216509,41.39266872]]]},"properties":{"id":"barcelona:osm:way:107324289","name":"Jardins de Vil·la Amèlia","nameAddon":null,"objectNumber":"barcelona:osm:way:107324289","district":"Sarrià - Sant Gervasi","locality":null,"type":"Park","areaM2":21675,"areaHa":2.17,"designation":null,"dedicated":null,"builtYear":null,"renovatedYear":null,"planningAreaId":null,"planningAreaName":null,"centroid":[2.122832,41.392451],"bounds":[2.12165,41.39155,2.12401,41.39343],"amenities":{"playground":{"status":"observed-nearby","count":1,"nearestMeters":0,"coverage":"community-mapped-observations"},"toilet":{"status":"observed-nearby","count":1,"nearestMeters":0,"coverage":"community-mapped-observations"},"drinkingFountain":{"status":"observed-nearby","count":6,"nearestMeters":0,"coverage":"community-mapped-observations"},"dogRun":{"status":"observed-nearby","count":1,"nearestMeters":0,"coverage":"community-mapped-observations"}},"sourceId":"parks"}},{"type":"Feature","id":"barcelona:osm:way:1082902262","geometry":{"type":"Polygon","coordinates":[[[2.19756064,41.42155147],[2.19778641,41.42136059],[2.1979443,41.42147458],[2.19770525,41.42165189],[2.19756064,41.42155147]]]},"properties":{"id":"barcelona:osm:way:1082902262","name":"Plaça de Joaquín Maurín","nameAddon":null,"objectNumber":"barcelona:osm:way:1082902262","district":"Sant Martí","locality":null,"type":"Park","areaM2":502.4,"areaHa":0.05,"designation":null,"dedicated":null,"builtYear":null,"renovatedYear":null,"planningAreaId":null,"planningAreaName":null,"centroid":[2.197751,41.421508],"bounds":[2.19756,41.42136,2.19794,41.42165],"amenities":{"playground":{"status":"observed-nearby","count":5,"nearestMeters":0,"coverage":"community-mapped-observations"},"toilet":{"status":"not-observed","count":0,"nearestMeters":null,"coverage":"community-mapped-observations"},"drinkingFountain":{"status":"observed-nearby","count":3,"nearestMeters":11,"coverage":"community-mapped-observations"},"dogRun":{"status":"not-observed","count":0,"nearestMeters":null,"coverage":"community-mapped-observations"}},"sourceId":"parks"}},{"type":"Feature","id":"barcelona:osm:way:1089908388","geometry":{"type":"Polygon","coordinates":[[[2.13933051,41.35091189],[2.1398883,41.35033201],[2.14064825,41.3506034],[2.1405302,41.3508757],[2.14059661,41.35093541],[2.14049036,41.35100778],[2.14142739,41.35191243],[2.14097732,41.3522372],[2.14079286,41.35208793],[2.14072941,41.3521404],[2.14064825,41.35213136],[2.13933051,41.35091189]]]},"properties":{"id":"barcelona:osm:way:1089908388","name":"Parc de les Tretze Roses","nameAddon":null,"objectNumber":"barcelona:osm:way:1089908388","district":"Sants-Montjuïc","locality":null,"type":"Park","areaM2":15887.4,"areaHa":1.59,"designation":null,"dedicated":null,"builtYear":null,"renovatedYear":null,"planningAreaId":null,"planningAreaName":null,"centroid":[2.140343,41.351267],"bounds":[2.13933,41.35033,2.14143,41.35224],"amenities":{"playground":{"status":"observed-nearby","count":1,"nearestMeters":0,"coverage":"community-mapped-observations"},"toilet":{"status":"not-observed","count":0,"nearestMeters":null,"coverage":"community-mapped-observations"},"drinkingFountain":{"status":"observed-nearby","count":3,"nearestMeters":0,"coverage":"community-mapped-observations"},"dogRun":{"status":"not-observed","count":0,"nearestMeters":null,"coverage":"community-mapped-observations"}},"sourceId":"parks"}},{"type":"Feature","id":"barcelona:osm:way:1090686113","geometry":{"type":"Polygon","coordinates":[[[2.16479411,41.3751565],[2.16516892,41.3751556],[2.16516597,41.37531029],[2.16496823,41.37545775],[2.16482215,41.37534558],[2.16479706,41.37536457],[2.16479411,41.37523792],[2.16479411,41.3751565]]]},"properties":{"id":"barcelona:osm:way:1090686113","name":"Espai Talia","nameAddon":null,"objectNumber":"barcelona:osm:way:1090686113","district":"l'Eixample","locality":null,"type":"Park","areaM2":805.5,"areaHa":0.08,"designation":null,"dedicated":null,"builtYear":null,"renovatedYear":null,"planningAreaId":null,"planningAreaName":null,"centroid":[2.164977,41.375275],"bounds":[2.16479,41.37516,2.16517,41.37546],"amenities":{"playground":{"status":"not-observed","count":0,"nearestMeters":null,"coverage":"community-mapped-observations"},"toilet":{"status":"not-observed","count":0,"nearestMeters":null,"coverage":"community-mapped-observations"},"drinkingFountain":{"status":"not-observed","count":0,"nearestMeters":null,"coverage":"community-mapped-observations"},"dogRun":{"status":"not-observed","count":0,"nearestMeters":null,"coverage":"community-mapped-observations"}},"sourceId":"parks"}},{"type":"Feature","id":"barcelona:osm:way:1092711017","geometry":{"type":"Polygon","coordinates":[[[2.11014535,41.40582142],[2.11020142,41.40577528],[2.11025455,41.40600145],[2.11018224,41.40608377],[2.11018667,41.40605573],[2.11016748,41.40588927],[2.11014535,41.40582142]]]},"properties":{"id":"barcelona:osm:way:1092711017","name":"Parc sense nom 1092711017","nameAddon":null,"objectNumber":"barcelona:osm:way:1092711017","district":"Sarrià - Sant Gervasi","locality":null,"type":"Park","areaM2":193,"areaHa":0.02,"designation":null,"dedicated":null,"builtYear":null,"renovatedYear":null,"planningAreaId":null,"planningAreaName":null,"centroid":[2.110201,41.405923],"bounds":[2.11015,41.40578,2.11025,41.40608],"amenities":{"playground":{"status":"not-observed","count":0,"nearestMeters":null,"coverage":"community-mapped-observations"},"toilet":{"status":"not-observed","count":0,"nearestMeters":null,"coverage":"community-mapped-observations"},"drinkingFountain":{"status":"not-observed","count":0,"nearestMeters":null,"coverage":"community-mapped-observations"},"dogRun":{"status":"not-observed","count":0,"nearestMeters":null,"coverage":"community-mapped-observations"}},"sourceId":"parks"}},{"type":"Feature","id":"barcelona:osm:way:1096325151","geometry":{"type":"Polygon","coordinates":[[[2.14794233,41.42452144],[2.14806333,41.4245721],[2.14807956,41.42454768],[2.14913169,41.42499095],[2.1494947,41.42455944],[2.15016611,41.42503076],[2.15012627,41.42504523],[2.15019858,41.42509499],[2.15013217,41.42517188],[2.15033286,41.42522435],[2.15039189,41.42543785],[2.15065307,41.42568934],[2.15101903,41.42573005],[2.15127874,41.42569387],[2.1515296,41.42556993],[2.15169635,41.42537181],[2.15176718,41.42599331],[2.15076227,41.42600597],[2.15061471,41.42593993],[2.15055716,41.42595441],[2.15035795,41.42578976],[2.15038451,41.42575719],[2.15021481,41.42571196],[2.15022219,41.42567849],[2.14988279,41.42565497],[2.14936042,41.42544237],[2.14805448,41.42459472],[2.14794233,41.42452144]]]},"properties":{"id":"barcelona:osm:way:1096325151","name":"Parc dels Garrofers","nameAddon":null,"objectNumber":"barcelona:osm:way:1096325151","district":"Horta-Guinardó","locality":null,"type":"Park","areaM2":14161.3,"areaHa":1.42,"designation":null,"dedicated":null,"builtYear":null,"renovatedYear":null,"planningAreaId":null,"planningAreaName":null,"centroid":[2.150035,41.425346],"bounds":[2.14794,41.42452,2.15177,41.42601],"amenities":{"playground":{"status":"observed-nearby","count":2,"nearestMeters":0,"coverage":"community-mapped-observations"},"toilet":{"status":"not-observed","count":0,"nearestMeters":null,"coverage":"community-mapped-observations"},"drinkingFountain":{"status":"observed-nearby","count":3,"nearestMeters":2,"coverage":"community-mapped-observations"},"dogRun":{"status":"not-observed","count":0,"nearestMeters":null,"coverage":"community-mapped-observations"}},"sourceId":"parks"}},{"type":"Feature","id":"barcelona:osm:way:1105706048","geometry":{"type":"Polygon","coordinates":[[[2.16528845,41.37668355],[2.16534009,41.37663561],[2.16557324,41.3766347],[2.16555554,41.37673874],[2.1654611,41.37679935],[2.16528845,41.37668355]]]},"properties":{"id":"barcelona:osm:way:1105706048","name":"Parc de Josep Maria Folch i Torres","nameAddon":null,"objectNumber":"barcelona:osm:way:1105706048","district":"l'Eixample","locality":null,"type":"Park","areaM2":284.6,"areaHa":0.03,"designation":null,"dedicated":null,"builtYear":null,"renovatedYear":null,"planningAreaId":null,"planningAreaName":null,"centroid":[2.165446,41.376699],"bounds":[2.16529,41.37663,2.16557,41.3768],"amenities":{"playground":{"status":"observed-nearby","count":1,"nearestMeters":72,"coverage":"community-mapped-observations"},"toilet":{"status":"not-observed","count":0,"nearestMeters":null,"coverage":"community-mapped-observations"},"drinkingFountain":{"status":"observed-nearby","count":2,"nearestMeters":17,"coverage":"community-mapped-observations"},"dogRun":{"status":"not-observed","count":0,"nearestMeters":null,"coverage":"community-mapped-observations"}},"sourceId":"parks"}},{"type":"Feature","id":"barcelona:osm:way:1111736453","geometry":{"type":"Polygon","coordinates":[[[2.2066786,41.43779718],[2.20670959,41.43765243],[2.20695455,41.43768229],[2.20706227,41.43719649],[2.2068424,41.43716935],[2.20686453,41.43707074],[2.20748578,41.43712593],[2.2075994,41.43659128],[2.20776024,41.43661118],[2.20731313,41.4387154],[2.20712867,41.43869459],[2.20726738,41.43805591],[2.20702538,41.43803781],[2.20693684,41.43866474],[2.20672435,41.43864031],[2.20687191,41.43782341],[2.2066786,41.43779718]]]},"properties":{"id":"barcelona:osm:way:1111736453","name":"Plaça de la Lluita per les Llibertats","nameAddon":null,"objectNumber":"barcelona:osm:way:1111736453","district":"Sant Andreu","locality":null,"type":"Park","areaM2":8830.2,"areaHa":0.88,"designation":null,"dedicated":null,"builtYear":null,"renovatedYear":null,"planningAreaId":null,"planningAreaName":null,"centroid":[2.207221,41.43772],"bounds":[2.20668,41.43659,2.20776,41.43872],"amenities":{"playground":{"status":"observed-nearby","count":5,"nearestMeters":0,"coverage":"community-mapped-observations"},"toilet":{"status":"not-observed","count":0,"nearestMeters":null,"coverage":"community-mapped-observations"},"drinkingFountain":{"status":"observed-nearby","count":5,"nearestMeters":0,"coverage":"community-mapped-observations"},"dogRun":{"status":"not-observed","count":0,"nearestMeters":null,"coverage":"community-mapped-observations"}},"sourceId":"parks"}},{"type":"Feature","id":"barcelona:osm:way:1118752884","geometry":{"type":"Polygon","coordinates":[[[2.17363318,41.45454768],[2.17430164,41.4544744],[2.17441526,41.45441198],[2.17446101,41.45443821],[2.17428984,41.45459924],[2.17382944,41.45464809],[2.17363318,41.45454768]]]},"properties":{"id":"barcelona:osm:way:1118752884","name":"Parc sense nom 1118752884","nameAddon":null,"objectNumber":"barcelona:osm:way:1118752884","district":"Nou Barris","locality":null,"type":"Park","areaM2":750,"areaHa":0.08,"designation":null,"dedicated":null,"builtYear":null,"renovatedYear":null,"planningAreaId":null,"planningAreaName":null,"centroid":[2.174065,41.454552],"bounds":[2.17363,41.45441,2.17446,41.45465],"amenities":{"playground":{"status":"not-observed","count":0,"nearestMeters":null,"coverage":"community-mapped-observations"},"toilet":{"status":"not-observed","count":0,"nearestMeters":null,"coverage":"community-mapped-observations"},"drinkingFountain":{"status":"observed-nearby","count":3,"nearestMeters":2,"coverage":"community-mapped-observations"},"dogRun":{"status":"not-observed","count":0,"nearestMeters":null,"coverage":"community-mapped-observations"}},"sourceId":"parks"}},{"type":"Feature","id":"barcelona:osm:way:1124672737","geometry":{"type":"Polygon","coordinates":[[[2.14856947,41.43495386],[2.14893396,41.43474308],[2.14950946,41.43455672],[2.14989017,41.43452596],[2.14999937,41.43447349],[2.15021038,41.43450878],[2.15026498,41.43477746],[2.15043616,41.43493487],[2.14988722,41.43485345],[2.14934271,41.43486883],[2.14933238,41.43483988],[2.14881591,41.43516284],[2.14865211,41.43503166],[2.14856947,41.43495386]]]},"properties":{"id":"barcelona:osm:way:1124672737","name":"Jardins de Can Marcet","nameAddon":null,"objectNumber":"barcelona:osm:way:1124672737","district":"Horta-Guinardó","locality":null,"type":"Park","areaM2":4696.8,"areaHa":0.47,"designation":null,"dedicated":null,"builtYear":null,"renovatedYear":null,"planningAreaId":null,"planningAreaName":null,"centroid":[2.14951,41.434776],"bounds":[2.14857,41.43447,2.15044,41.43516],"amenities":{"playground":{"status":"observed-nearby","count":7,"nearestMeters":0,"coverage":"community-mapped-observations"},"toilet":{"status":"not-observed","count":0,"nearestMeters":null,"coverage":"community-mapped-observations"},"drinkingFountain":{"status":"observed-nearby","count":1,"nearestMeters":0,"coverage":"community-mapped-observations"},"dogRun":{"status":"observed-nearby","count":1,"nearestMeters":0,"coverage":"community-mapped-observations"}},"sourceId":"parks"}},{"type":"Feature","id":"barcelona:osm:way:1128383027","geometry":{"type":"Polygon","coordinates":[[[2.13942642,41.37447168],[2.13954005,41.37428533],[2.13984551,41.37432694],[2.13978943,41.37455129],[2.13953267,41.37449159],[2.13942642,41.37447168]]]},"properties":{"id":"barcelona:osm:way:1128383027","name":"Parc sense nom 1128383027","nameAddon":null,"objectNumber":"barcelona:osm:way:1128383027","district":"Sants-Montjuïc","locality":null,"type":"Park","areaM2":703.1,"areaHa":0.07,"designation":null,"dedicated":null,"builtYear":null,"renovatedYear":null,"planningAreaId":null,"planningAreaName":null,"centroid":[2.139653,41.374412],"bounds":[2.13943,41.37429,2.13985,41.37455],"amenities":{"playground":{"status":"observed-nearby","count":1,"nearestMeters":0,"coverage":"community-mapped-observations"},"toilet":{"status":"not-observed","count":0,"nearestMeters":null,"coverage":"community-mapped-observations"},"drinkingFountain":{"status":"observed-nearby","count":2,"nearestMeters":0,"coverage":"community-mapped-observations"},"dogRun":{"status":"observed-nearby","count":1,"nearestMeters":0,"coverage":"community-mapped-observations"}},"sourceId":"parks"}},{"type":"Feature","id":"barcelona:osm:way:114458602","geometry":{"type":"Polygon","coordinates":[[[2.19332851,41.44728062],[2.19409584,41.4476063],[2.19477611,41.44771214],[2.19481448,41.44779446],[2.19434522,41.44802786],[2.19405452,41.44826307],[2.19385089,41.44850461],[2.19389368,41.44821151],[2.19384793,41.4479374],[2.1937594,41.44773023],[2.19356461,41.44747965],[2.19332851,41.44728062]]]},"properties":{"id":"barcelona:osm:way:114458602","name":"Parc sense nom 114458602","nameAddon":null,"objectNumber":"barcelona:osm:way:114458602","district":"Sant Andreu","locality":null,"type":"Park","areaM2":4510.6,"areaHa":0.45,"designation":null,"dedicated":null,"builtYear":null,"renovatedYear":null,"planningAreaId":null,"planningAreaName":null,"centroid":[2.194106,41.447837],"bounds":[2.19333,41.44728,2.19481,41.4485],"amenities":{"playground":{"status":"not-observed","count":0,"nearestMeters":null,"coverage":"community-mapped-observations"},"toilet":{"status":"not-observed","count":0,"nearestMeters":null,"coverage":"community-mapped-observations"},"drinkingFountain":{"status":"observed-nearby","count":2,"nearestMeters":57,"coverage":"community-mapped-observations"},"dogRun":{"status":"not-observed","count":0,"nearestMeters":null,"coverage":"community-mapped-observations"}},"sourceId":"parks"}},{"type":"Feature","id":"barcelona:osm:way:1149480264","geometry":{"type":"Polygon","coordinates":[[[2.12592729,41.40948254],[2.12608076,41.40909354],[2.12621947,41.4091641],[2.12612798,41.40935589],[2.12613241,41.40960105],[2.12592729,41.40948254]]]},"properties":{"id":"barcelona:osm:way:1149480264","name":"Parc sense nom 1149480264","nameAddon":null,"objectNumber":"barcelona:osm:way:1149480264","district":"Sarrià - Sant Gervasi","locality":null,"type":"Park","areaM2":627.6,"areaHa":0.06,"designation":null,"dedicated":null,"builtYear":null,"renovatedYear":null,"planningAreaId":null,"planningAreaName":null,"centroid":[2.126074,41.409345],"bounds":[2.12593,41.40909,2.12622,41.4096],"amenities":{"playground":{"status":"not-observed","count":0,"nearestMeters":null,"coverage":"community-mapped-observations"},"toilet":{"status":"not-observed","count":0,"nearestMeters":null,"coverage":"community-mapped-observations"},"drinkingFountain":{"status":"not-observed","count":0,"nearestMeters":null,"coverage":"community-mapped-observations"},"dogRun":{"status":"not-observed","count":0,"nearestMeters":null,"coverage":"community-mapped-observations"}},"sourceId":"parks"}},{"type":"Feature","id":"barcelona:osm:way:1150452896","geometry":{"type":"Polygon","coordinates":[[[2.14959947,41.38786864],[2.14973818,41.3877619],[2.14988869,41.38787136],[2.14974998,41.38797901],[2.14959947,41.38786864]]]},"properties":{"id":"barcelona:osm:way:1150452896","name":"Placeta de les filadores","nameAddon":null,"objectNumber":"barcelona:osm:way:1150452896","district":"l'Eixample","locality":null,"type":"Park","areaM2":292.1,"areaHa":0.03,"designation":null,"dedicated":null,"builtYear":null,"renovatedYear":null,"planningAreaId":null,"planningAreaName":null,"centroid":[2.149744,41.38787],"bounds":[2.1496,41.38776,2.14989,41.38798],"amenities":{"playground":{"status":"not-observed","count":0,"nearestMeters":null,"coverage":"community-mapped-observations"},"toilet":{"status":"not-observed","count":0,"nearestMeters":null,"coverage":"community-mapped-observations"},"drinkingFountain":{"status":"observed-nearby","count":1,"nearestMeters":33,"coverage":"community-mapped-observations"},"dogRun":{"status":"not-observed","count":0,"nearestMeters":null,"coverage":"community-mapped-observations"}},"sourceId":"parks"}},{"type":"Feature","id":"barcelona:osm:way:1155392165","geometry":{"type":"Polygon","coordinates":[[[2.17464251,41.44434503],[2.17506897,41.44405735],[2.1751826,41.44414872],[2.17497453,41.44446897],[2.17468531,41.44436041],[2.17464251,41.44434503]]]},"properties":{"id":"barcelona:osm:way:1155392165","name":"Plaça de Luisa Alba","nameAddon":null,"objectNumber":"barcelona:osm:way:1155392165","district":"Nou Barris","locality":null,"type":"Park","areaM2":942.6,"areaHa":0.09,"designation":null,"dedicated":null,"builtYear":null,"renovatedYear":null,"planningAreaId":null,"planningAreaName":null,"centroid":[2.174944,41.444273],"bounds":[2.17464,41.44406,2.17518,41.44447],"amenities":{"playground":{"status":"observed-nearby","count":1,"nearestMeters":0,"coverage":"community-mapped-observations"},"toilet":{"status":"not-observed","count":0,"nearestMeters":null,"coverage":"community-mapped-observations"},"drinkingFountain":{"status":"observed-nearby","count":1,"nearestMeters":0,"coverage":"community-mapped-observations"},"dogRun":{"status":"not-observed","count":0,"nearestMeters":null,"coverage":"community-mapped-observations"}},"sourceId":"parks"}},{"type":"Feature","id":"barcelona:osm:way:1158549672","geometry":{"type":"Polygon","coordinates":[[[2.21188613,41.40680297],[2.21302089,41.40602045],[2.21296039,41.40714402],[2.21188613,41.40680297]]]},"properties":{"id":"barcelona:osm:way:1158549672","name":"Plaça de les Treballadores i Treballadors de Macosa","nameAddon":null,"objectNumber":"barcelona:osm:way:1158549672","district":"Sant Martí","locality":null,"type":"Park","areaM2":5700.5,"areaHa":0.57,"designation":null,"dedicated":null,"builtYear":null,"renovatedYear":null,"planningAreaId":null,"planningAreaName":null,"centroid":[2.212622,41.406656],"bounds":[2.21189,41.40602,2.21302,41.40714],"amenities":{"playground":{"status":"observed-nearby","count":4,"nearestMeters":43,"coverage":"community-mapped-observations"},"toilet":{"status":"not-observed","count":0,"nearestMeters":null,"coverage":"community-mapped-observations"},"drinkingFountain":{"status":"observed-nearby","count":2,"nearestMeters":0,"coverage":"community-mapped-observations"},"dogRun":{"status":"observed-nearby","count":1,"nearestMeters":72,"coverage":"community-mapped-observations"}},"sourceId":"parks"}},{"type":"Feature","id":"barcelona:osm:way:1158979532","geometry":{"type":"Polygon","coordinates":[[[2.15955412,41.38023883],[2.15974005,41.38012122],[2.16013995,41.38042338],[2.15996877,41.38054641],[2.15955412,41.38023883]]]},"properties":{"id":"barcelona:osm:way:1158979532","name":"Jardí de Cristina Fernández Pereira","nameAddon":null,"objectNumber":"barcelona:osm:way:1158979532","district":"l'Eixample","locality":null,"type":"Park","areaM2":972.1,"areaHa":0.1,"designation":null,"dedicated":null,"builtYear":null,"renovatedYear":null,"planningAreaId":null,"planningAreaName":null,"centroid":[2.15985,41.380332],"bounds":[2.15955,41.38012,2.16014,41.38055],"amenities":{"playground":{"status":"observed-nearby","count":1,"nearestMeters":0,"coverage":"community-mapped-observations"},"toilet":{"status":"not-observed","count":0,"nearestMeters":null,"coverage":"community-mapped-observations"},"drinkingFountain":{"status":"observed-nearby","count":1,"nearestMeters":69,"coverage":"community-mapped-observations"},"dogRun":{"status":"not-observed","count":0,"nearestMeters":null,"coverage":"community-mapped-observations"}},"sourceId":"parks"}},{"type":"Feature","id":"barcelona:osm:way:1158981559","geometry":{"type":"Polygon","coordinates":[[[2.14004619,41.41725439],[2.14015096,41.4171784],[2.14021737,41.41723177],[2.1406335,41.41693957],[2.14058185,41.4168862],[2.14067629,41.41672879],[2.14096404,41.41688891],[2.14087107,41.41703727],[2.14113816,41.4171404],[2.14097584,41.4172761],[2.14038116,41.41750226],[2.14004619,41.41725439]]]},"properties":{"id":"barcelona:osm:way:1158981559","name":"Jardins de Margaret Michaelis","nameAddon":null,"objectNumber":"barcelona:osm:way:1158981559","district":"Gràcia","locality":null,"type":"Park","areaM2":3374.5,"areaHa":0.34,"designation":null,"dedicated":null,"builtYear":null,"renovatedYear":null,"planningAreaId":null,"planningAreaName":null,"centroid":[2.140621,41.417165],"bounds":[2.14005,41.41673,2.14114,41.4175],"amenities":{"playground":{"status":"observed-nearby","count":1,"nearestMeters":0,"coverage":"community-mapped-observations"},"toilet":{"status":"not-observed","count":0,"nearestMeters":null,"coverage":"community-mapped-observations"},"drinkingFountain":{"status":"observed-nearby","count":2,"nearestMeters":0,"coverage":"community-mapped-observations"},"dogRun":{"status":"not-observed","count":0,"nearestMeters":null,"coverage":"community-mapped-observations"}},"sourceId":"parks"}},{"type":"Feature","id":"barcelona:osm:way:116403913","geometry":{"type":"Polygon","coordinates":[[[2.13711262,41.41452868],[2.13734578,41.41442193],[2.13755532,41.41439479],[2.1378047,41.41443459],[2.13810868,41.41462728],[2.13821345,41.41488692],[2.13810278,41.41516646],[2.13773977,41.41493396],[2.13711262,41.41452868]]]},"properties":{"id":"barcelona:osm:way:116403913","name":"Parc sense nom 116403913","nameAddon":null,"objectNumber":"barcelona:osm:way:116403913","district":"Gràcia","locality":null,"type":"Park","areaM2":4015.7,"areaHa":0.4,"designation":null,"dedicated":null,"builtYear":null,"renovatedYear":null,"planningAreaId":null,"planningAreaName":null,"centroid":[2.137755,41.414709],"bounds":[2.13711,41.41439,2.13821,41.41517],"amenities":{"playground":{"status":"not-observed","count":0,"nearestMeters":null,"coverage":"community-mapped-observations"},"toilet":{"status":"not-observed","count":0,"nearestMeters":null,"coverage":"community-mapped-observations"},"drinkingFountain":{"status":"observed-nearby","count":1,"nearestMeters":50,"coverage":"community-mapped-observations"},"dogRun":{"status":"observed-nearby","count":1,"nearestMeters":0,"coverage":"community-mapped-observations"}},"sourceId":"parks"}},{"type":"Feature","id":"barcelona:osm:way:116403915","geometry":{"type":"Polygon","coordinates":[[[2.13619625,41.41556902],[2.13621986,41.41537905],[2.13632316,41.41522254],[2.13653418,41.41534829],[2.13644859,41.41540347],[2.13660648,41.41550208],[2.13655336,41.41556902],[2.1365873,41.41559616],[2.13671273,41.41547585],[2.13714361,41.41575629],[2.13694293,41.41593722],[2.13703294,41.41599602],[2.13670682,41.41600507],[2.13646039,41.41592003],[2.13628479,41.41577528],[2.13619625,41.41556902]]]},"properties":{"id":"barcelona:osm:way:116403915","name":"Parc sense nom 116403915","nameAddon":null,"objectNumber":"barcelona:osm:way:116403915","district":"Gràcia","locality":null,"type":"Park","areaM2":3740.1,"areaHa":0.37,"designation":null,"dedicated":null,"builtYear":null,"renovatedYear":null,"planningAreaId":null,"planningAreaName":null,"centroid":[2.136605,41.415682],"bounds":[2.1362,41.41522,2.13714,41.41601],"amenities":{"playground":{"status":"observed-nearby","count":1,"nearestMeters":55,"coverage":"community-mapped-observations"},"toilet":{"status":"not-observed","count":0,"nearestMeters":null,"coverage":"community-mapped-observations"},"drinkingFountain":{"status":"observed-nearby","count":2,"nearestMeters":0,"coverage":"community-mapped-observations"},"dogRun":{"status":"not-observed","count":0,"nearestMeters":null,"coverage":"community-mapped-observations"}},"sourceId":"parks"}},{"type":"Feature","id":"barcelona:osm:way:1188266698","geometry":{"type":"Polygon","coordinates":[[[2.18995078,41.43946897],[2.1900157,41.43887823],[2.1905853,41.438871],[2.19054103,41.43972861],[2.19002161,41.43977655],[2.18995078,41.43946897]]]},"properties":{"id":"barcelona:osm:way:1188266698","name":"Jarrdins Casa Bloc","nameAddon":null,"objectNumber":"barcelona:osm:way:1188266698","district":"Sant Andreu","locality":null,"type":"Park","areaM2":4614.7,"areaHa":0.46,"designation":null,"dedicated":null,"builtYear":null,"renovatedYear":null,"planningAreaId":null,"planningAreaName":null,"centroid":[2.190271,41.439311],"bounds":[2.18995,41.43887,2.19059,41.43978],"amenities":{"playground":{"status":"observed-nearby","count":1,"nearestMeters":0,"coverage":"community-mapped-observations"},"toilet":{"status":"not-observed","count":0,"nearestMeters":null,"coverage":"community-mapped-observations"},"drinkingFountain":{"status":"observed-nearby","count":3,"nearestMeters":7,"coverage":"community-mapped-observations"},"dogRun":{"status":"not-observed","count":0,"nearestMeters":null,"coverage":"community-mapped-observations"}},"sourceId":"parks"}},{"type":"Feature","id":"barcelona:osm:way:118943718","geometry":{"type":"Polygon","coordinates":[[[2.13965515,41.42076895],[2.13992667,41.42066673],[2.14001078,41.42067758],[2.14026901,41.42116157],[2.14005947,41.42122851],[2.13983518,41.42146553],[2.13981304,41.42134069],[2.13987502,41.42137959],[2.13993404,41.42130722],[2.13987502,41.42116157],[2.13966695,41.42117604],[2.13972893,41.42096617],[2.13965515,41.42076895]]]},"properties":{"id":"barcelona:osm:way:118943718","name":"Parc sense nom 118943718","nameAddon":null,"objectNumber":"barcelona:osm:way:118943718","district":"Horta-Guinardó","locality":null,"type":"Park","areaM2":2334.9,"areaHa":0.23,"designation":null,"dedicated":null,"builtYear":null,"renovatedYear":null,"planningAreaId":null,"planningAreaName":null,"centroid":[2.139936,41.420995],"bounds":[2.13966,41.42067,2.14027,41.42147],"amenities":{"playground":{"status":"observed-nearby","count":1,"nearestMeters":0,"coverage":"community-mapped-observations"},"toilet":{"status":"not-observed","count":0,"nearestMeters":null,"coverage":"community-mapped-observations"},"drinkingFountain":{"status":"observed-nearby","count":3,"nearestMeters":0,"coverage":"community-mapped-observations"},"dogRun":{"status":"not-observed","count":0,"nearestMeters":null,"coverage":"community-mapped-observations"}},"sourceId":"parks"}},{"type":"Feature","id":"barcelona:osm:way:1196782007","geometry":{"type":"Polygon","coordinates":[[[2.15194721,41.37170436],[2.15212724,41.37142663],[2.15235744,41.37150986],[2.1524991,41.37122399],[2.15226447,41.37112991],[2.15236777,41.37099692],[2.15255665,41.37112719],[2.15341399,41.37143749],[2.15334906,41.37151348],[2.15276176,41.37128641],[2.15246811,41.37170074],[2.15356746,41.37212593],[2.15387882,41.37163651],[2.15391571,41.3716546],[2.15351876,41.37223629],[2.1533712,41.37227519],[2.15194721,41.37170436]]]},"properties":{"id":"barcelona:osm:way:1196782007","name":"Parc sense nom 1196782007","nameAddon":null,"objectNumber":"barcelona:osm:way:1196782007","district":"Sants-Montjuïc","locality":null,"type":"Park","areaM2":5566.7,"areaHa":0.56,"designation":null,"dedicated":null,"builtYear":null,"renovatedYear":null,"planningAreaId":null,"planningAreaName":null,"centroid":[2.152726,41.371689],"bounds":[2.15195,41.371,2.15392,41.37228],"amenities":{"playground":{"status":"not-observed","count":0,"nearestMeters":null,"coverage":"community-mapped-observations"},"toilet":{"status":"observed-nearby","count":1,"nearestMeters":0,"coverage":"community-mapped-observations"},"drinkingFountain":{"status":"observed-nearby","count":2,"nearestMeters":3,"coverage":"community-mapped-observations"},"dogRun":{"status":"not-observed","count":0,"nearestMeters":null,"coverage":"community-mapped-observations"}},"sourceId":"parks"}},{"type":"Feature","id":"barcelona:osm:way:1199162929","geometry":{"type":"Polygon","coordinates":[[[2.15994664,41.42503528],[2.15995697,41.42498643],[2.16013405,41.42503347],[2.16011634,41.42508323],[2.15994664,41.42503528]]]},"properties":{"id":"barcelona:osm:way:1199162929","name":"Plaça del Torrent del Carmel","nameAddon":null,"objectNumber":"barcelona:osm:way:1199162929","district":"Horta-Guinardó","locality":null,"type":"Park","areaM2":85.4,"areaHa":0.01,"designation":null,"dedicated":null,"builtYear":null,"renovatedYear":null,"planningAreaId":null,"planningAreaName":null,"centroid":[2.160039,41.425035],"bounds":[2.15995,41.42499,2.16013,41.42508],"amenities":{"playground":{"status":"not-observed","count":0,"nearestMeters":null,"coverage":"community-mapped-observations"},"toilet":{"status":"not-observed","count":0,"nearestMeters":null,"coverage":"community-mapped-observations"},"drinkingFountain":{"status":"observed-nearby","count":1,"nearestMeters":8,"coverage":"community-mapped-observations"},"dogRun":{"status":"not-observed","count":0,"nearestMeters":null,"coverage":"community-mapped-observations"}},"sourceId":"parks"}},{"type":"Feature","id":"barcelona:osm:way:120328526","geometry":{"type":"Polygon","coordinates":[[[2.1628743,41.37774471],[2.16308827,41.37758097],[2.16301744,41.37752759],[2.1630927,41.3774706],[2.16346751,41.37775104],[2.16318566,41.37796363],[2.1628743,41.37774471]]]},"properties":{"id":"barcelona:osm:way:120328526","name":"Jardins de Càndida Pérez","nameAddon":null,"objectNumber":"barcelona:osm:way:120328526","district":"l'Eixample","locality":null,"type":"Park","areaM2":1285.6,"areaHa":0.13,"designation":null,"dedicated":null,"builtYear":null,"renovatedYear":null,"planningAreaId":null,"planningAreaName":null,"centroid":[2.163167,41.377732],"bounds":[2.16287,41.37747,2.16347,41.37796],"amenities":{"playground":{"status":"observed-nearby","count":1,"nearestMeters":0,"coverage":"community-mapped-observations"},"toilet":{"status":"observed-nearby","count":3,"nearestMeters":6,"coverage":"community-mapped-observations"},"drinkingFountain":{"status":"observed-nearby","count":3,"nearestMeters":0,"coverage":"community-mapped-observations"},"dogRun":{"status":"not-observed","count":0,"nearestMeters":null,"coverage":"community-mapped-observations"}},"sourceId":"parks"}},{"type":"Feature","id":"barcelona:osm:way:1209705568","geometry":{"type":"Polygon","coordinates":[[[2.18637531,41.45120047],[2.18702311,41.45117333],[2.18714854,41.45137145],[2.18735513,41.45129184],[2.18746728,41.45150262],[2.18676487,41.45152976],[2.18667781,41.45128732],[2.18644761,41.45130089],[2.18641367,41.45125475],[2.18637531,41.45120047]]]},"properties":{"id":"barcelona:osm:way:1209705568","name":"Plaça de la Terra","nameAddon":null,"objectNumber":"barcelona:osm:way:1209705568","district":"Nou Barris","locality":null,"type":"Park","areaM2":2016.1,"areaHa":0.2,"designation":null,"dedicated":null,"builtYear":null,"renovatedYear":null,"planningAreaId":null,"planningAreaName":null,"centroid":[2.186952,41.451356],"bounds":[2.18638,41.45117,2.18747,41.45153],"amenities":{"playground":{"status":"not-observed","count":0,"nearestMeters":null,"coverage":"community-mapped-observations"},"toilet":{"status":"not-observed","count":0,"nearestMeters":null,"coverage":"community-mapped-observations"},"drinkingFountain":{"status":"observed-nearby","count":2,"nearestMeters":28,"coverage":"community-mapped-observations"},"dogRun":{"status":"not-observed","count":0,"nearestMeters":null,"coverage":"community-mapped-observations"}},"sourceId":"parks"}},{"type":"Feature","id":"barcelona:osm:way:1218606617","geometry":{"type":"Polygon","coordinates":[[[2.13868565,41.40566039],[2.13917852,41.40541071],[2.13901767,41.40575176],[2.13868565,41.40566039]]]},"properties":{"id":"barcelona:osm:way:1218606617","name":"Parc sense nom 1218606617","nameAddon":null,"objectNumber":"barcelona:osm:way:1218606617","district":"Sarrià - Sant Gervasi","locality":null,"type":"Park","areaM2":658,"areaHa":0.07,"designation":null,"dedicated":null,"builtYear":null,"renovatedYear":null,"planningAreaId":null,"planningAreaName":null,"centroid":[2.138961,41.405608],"bounds":[2.13869,41.40541,2.13918,41.40575],"amenities":{"playground":{"status":"observed-nearby","count":1,"nearestMeters":0,"coverage":"community-mapped-observations"},"toilet":{"status":"observed-nearby","count":1,"nearestMeters":50,"coverage":"community-mapped-observations"},"drinkingFountain":{"status":"observed-nearby","count":2,"nearestMeters":2,"coverage":"community-mapped-observations"},"dogRun":{"status":"not-observed","count":0,"nearestMeters":null,"coverage":"community-mapped-observations"}},"sourceId":"parks"}},{"type":"Feature","id":"barcelona:osm:way:1218606678","geometry":{"type":"Polygon","coordinates":[[[2.13589375,41.41318165],[2.13597934,41.41299801],[2.13634234,41.41309752],[2.13628037,41.41327121],[2.13613133,41.41324227],[2.13589375,41.41318165]]]},"properties":{"id":"barcelona:osm:way:1218606678","name":"Parc sense nom 1218606678","nameAddon":null,"objectNumber":"barcelona:osm:way:1218606678","district":"Sarrià - Sant Gervasi","locality":null,"type":"Park","areaM2":704.3,"areaHa":0.07,"designation":null,"dedicated":null,"builtYear":null,"renovatedYear":null,"planningAreaId":null,"planningAreaName":null,"centroid":[2.136121,41.413139],"bounds":[2.13589,41.413,2.13634,41.41327],"amenities":{"playground":{"status":"not-observed","count":0,"nearestMeters":null,"coverage":"community-mapped-observations"},"toilet":{"status":"not-observed","count":0,"nearestMeters":null,"coverage":"community-mapped-observations"},"drinkingFountain":{"status":"not-observed","count":0,"nearestMeters":null,"coverage":"community-mapped-observations"},"dogRun":{"status":"not-observed","count":0,"nearestMeters":null,"coverage":"community-mapped-observations"}},"sourceId":"parks"}},{"type":"Feature","id":"barcelona:osm:way:1219332412","geometry":{"type":"Polygon","coordinates":[[[2.17122936,41.4042998],[2.17138283,41.4041831],[2.17149498,41.40426814],[2.17133708,41.40437851],[2.17128986,41.40434322],[2.17122936,41.4042998]]]},"properties":{"id":"barcelona:osm:way:1219332412","name":"Parc sense nom 1219332412","nameAddon":null,"objectNumber":"barcelona:osm:way:1219332412","district":"Gràcia","locality":null,"type":"Park","areaM2":234,"areaHa":0.02,"designation":null,"dedicated":null,"builtYear":null,"renovatedYear":null,"planningAreaId":null,"planningAreaName":null,"centroid":[2.171362,41.404282],"bounds":[2.17123,41.40418,2.17149,41.40438],"amenities":{"playground":{"status":"observed-nearby","count":1,"nearestMeters":0,"coverage":"community-mapped-observations"},"toilet":{"status":"not-observed","count":0,"nearestMeters":null,"coverage":"community-mapped-observations"},"drinkingFountain":{"status":"not-observed","count":0,"nearestMeters":null,"coverage":"community-mapped-observations"},"dogRun":{"status":"not-observed","count":0,"nearestMeters":null,"coverage":"community-mapped-observations"}},"sourceId":"parks"}},{"type":"Feature","id":"barcelona:osm:way:123161014","geometry":{"type":"Polygon","coordinates":[[[2.11713397,41.39044328],[2.11822299,41.39050479],[2.11765782,41.39093812],[2.11732433,41.39073277],[2.11719299,41.39057717],[2.11713397,41.39044328]]]},"properties":{"id":"barcelona:osm:way:123161014","name":"Parc sense nom 123161014","nameAddon":null,"objectNumber":"barcelona:osm:way:123161014","district":"les Corts","locality":null,"type":"Park","areaM2":2685.9,"areaHa":0.27,"designation":null,"dedicated":null,"builtYear":null,"renovatedYear":null,"planningAreaId":null,"planningAreaName":null,"centroid":[2.117635,41.390636],"bounds":[2.11713,41.39044,2.11822,41.39094],"amenities":{"playground":{"status":"not-observed","count":0,"nearestMeters":null,"coverage":"community-mapped-observations"},"toilet":{"status":"not-observed","count":0,"nearestMeters":null,"coverage":"community-mapped-observations"},"drinkingFountain":{"status":"not-observed","count":0,"nearestMeters":null,"coverage":"community-mapped-observations"},"dogRun":{"status":"not-observed","count":0,"nearestMeters":null,"coverage":"community-mapped-observations"}},"sourceId":"parks"}},{"type":"Feature","id":"barcelona:osm:way:123161017","geometry":{"type":"Polygon","coordinates":[[[2.1171502,41.39029039],[2.11735679,41.3900769],[2.11780243,41.38988782],[2.11803854,41.38985345],[2.11884571,41.3898824],[2.1190464,41.38963181],[2.11920724,41.38967252],[2.1192397,41.38971865],[2.11839859,41.39035643],[2.1171502,41.39029039]]]},"properties":{"id":"barcelona:osm:way:123161017","name":"Jardins de William Shakespeare","nameAddon":null,"objectNumber":"barcelona:osm:way:123161017","district":"les Corts","locality":null,"type":"Park","areaM2":6227.8,"areaHa":0.62,"designation":null,"dedicated":null,"builtYear":null,"renovatedYear":null,"planningAreaId":null,"planningAreaName":null,"centroid":[2.118152,41.390075],"bounds":[2.11715,41.38963,2.11924,41.39036],"amenities":{"playground":{"status":"not-observed","count":0,"nearestMeters":null,"coverage":"community-mapped-observations"},"toilet":{"status":"not-observed","count":0,"nearestMeters":null,"coverage":"community-mapped-observations"},"drinkingFountain":{"status":"not-observed","count":0,"nearestMeters":null,"coverage":"community-mapped-observations"},"dogRun":{"status":"not-observed","count":0,"nearestMeters":null,"coverage":"community-mapped-observations"}},"sourceId":"parks"}},{"type":"Feature","id":"barcelona:osm:way:123162859","geometry":{"type":"Polygon","coordinates":[[[2.12163761,41.39029401],[2.12170697,41.39011399],[2.12275762,41.38783517],[2.12308964,41.38777185],[2.12192241,41.39039352],[2.12178075,41.39034467],[2.12163761,41.39029401]]]},"properties":{"id":"barcelona:osm:way:123162859","name":"Jardins de la Font dels Ocellets","nameAddon":null,"objectNumber":"barcelona:osm:way:123162859","district":"les Corts","locality":null,"type":"Park","areaM2":7629.7,"areaHa":0.76,"designation":null,"dedicated":null,"builtYear":null,"renovatedYear":null,"planningAreaId":null,"planningAreaName":null,"centroid":[2.12234,41.389097],"bounds":[2.12164,41.38777,2.12309,41.39039],"amenities":{"playground":{"status":"observed-nearby","count":1,"nearestMeters":0,"coverage":"community-mapped-observations"},"toilet":{"status":"not-observed","count":0,"nearestMeters":null,"coverage":"community-mapped-observations"},"drinkingFountain":{"status":"observed-nearby","count":2,"nearestMeters":43,"coverage":"community-mapped-observations"},"dogRun":{"status":"not-observed","count":0,"nearestMeters":null,"coverage":"community-mapped-observations"}},"sourceId":"parks"}},{"type":"Feature","id":"barcelona:osm:way:1231705730","geometry":{"type":"Polygon","coordinates":[[[2.13425432,41.36915053],[2.13428973,41.36906821],[2.13465864,41.36914511],[2.1347339,41.36900308],[2.13478554,41.36901755],[2.13488294,41.36883752],[2.13481801,41.36881581],[2.13511461,41.36835897],[2.13537432,41.36806676],[2.13543187,41.36810204],[2.13556911,41.36797177],[2.13522971,41.36777185],[2.13545253,41.36759996],[2.13569749,41.36773023],[2.13556468,41.36787317],[2.13593507,41.36807129],[2.13607525,41.36792473],[2.13634677,41.36806405],[2.13686914,41.36749502],[2.13696801,41.36744527],[2.13693555,41.36739732],[2.13789766,41.36691153],[2.13821788,41.3671404],[2.13809688,41.3672761],[2.13795374,41.36720735],[2.13771026,41.36732224],[2.1375745,41.36744255],[2.13798473,41.36766058],[2.13793751,41.36771124],[2.13784897,41.3677049],[2.13786668,41.36774652],[2.13778404,41.36781437],[2.13738857,41.36759544],[2.13623019,41.36881672],[2.13610772,41.36888457],[2.13579636,41.36933418],[2.13571815,41.36931066],[2.13570044,41.36913696],[2.13555583,41.36907545],[2.13534186,41.36912158],[2.13527251,41.36926814],[2.13510133,41.36922562],[2.13505264,41.36933327],[2.13445943,41.3692021],[2.13425432,41.36915053]]]},"properties":{"id":"barcelona:osm:way:1231705730","name":"Parc de Can Batlló","nameAddon":null,"objectNumber":"barcelona:osm:way:1231705730","district":"Sants-Montjuïc","locality":null,"type":"Park","areaM2":24098.8,"areaHa":2.41,"designation":null,"dedicated":null,"builtYear":null,"renovatedYear":null,"planningAreaId":null,"planningAreaName":null,"centroid":[2.136151,41.368259],"bounds":[2.13425,41.36691,2.13822,41.36933],"amenities":{"playground":{"status":"observed-nearby","count":1,"nearestMeters":4,"coverage":"community-mapped-observations"},"toilet":{"status":"not-observed","count":0,"nearestMeters":null,"coverage":"community-mapped-observations"},"drinkingFountain":{"status":"observed-nearby","count":3,"nearestMeters":0,"coverage":"community-mapped-observations"},"dogRun":{"status":"observed-nearby","count":2,"nearestMeters":0,"coverage":"community-mapped-observations"}},"sourceId":"parks"}},{"type":"Feature","id":"barcelona:osm:way:123214367","geometry":{"type":"Polygon","coordinates":[[[2.11453242,41.39020807],[2.11469622,41.38999548],[2.11496183,41.38992401],[2.11520974,41.38997738],[2.1153632,41.39010675],[2.11540895,41.39026959],[2.1152422,41.39051384],[2.11513448,41.39056088],[2.11489543,41.39057988],[2.11466228,41.39049122],[2.11457374,41.39039895],[2.11453242,41.39020807]]]},"properties":{"id":"barcelona:osm:way:123214367","name":"Parc sense nom 123214367","nameAddon":null,"objectNumber":"barcelona:osm:way:123214367","district":"les Corts","locality":null,"type":"Park","areaM2":4187.2,"areaHa":0.42,"designation":null,"dedicated":null,"builtYear":null,"renovatedYear":null,"planningAreaId":null,"planningAreaName":null,"centroid":[2.114969,41.390255],"bounds":[2.11453,41.38992,2.11541,41.39058],"amenities":{"playground":{"status":"not-observed","count":0,"nearestMeters":null,"coverage":"community-mapped-observations"},"toilet":{"status":"not-observed","count":0,"nearestMeters":null,"coverage":"community-mapped-observations"},"drinkingFountain":{"status":"observed-nearby","count":1,"nearestMeters":16,"coverage":"community-mapped-observations"},"dogRun":{"status":"not-observed","count":0,"nearestMeters":null,"coverage":"community-mapped-observations"}},"sourceId":"parks"}},{"type":"Feature","id":"barcelona:osm:way:123246908","geometry":{"type":"Polygon","coordinates":[[[2.13061097,41.39011218],[2.1308087,41.38967252],[2.13163063,41.38988059],[2.13162325,41.38989597],[2.13077771,41.39015922],[2.13061097,41.39011218]]]},"properties":{"id":"barcelona:osm:way:123246908","name":"Parc sense nom 123246908","nameAddon":null,"objectNumber":"barcelona:osm:way:123246908","district":"les Corts","locality":null,"type":"Park","areaM2":2366.9,"areaHa":0.24,"designation":null,"dedicated":null,"builtYear":null,"renovatedYear":null,"planningAreaId":null,"planningAreaName":null,"centroid":[2.131022,41.389919],"bounds":[2.13061,41.38967,2.13163,41.39016],"amenities":{"playground":{"status":"not-observed","count":0,"nearestMeters":null,"coverage":"community-mapped-observations"},"toilet":{"status":"not-observed","count":0,"nearestMeters":null,"coverage":"community-mapped-observations"},"drinkingFountain":{"status":"observed-nearby","count":2,"nearestMeters":67,"coverage":"community-mapped-observations"},"dogRun":{"status":"not-observed","count":0,"nearestMeters":null,"coverage":"community-mapped-observations"}},"sourceId":"parks"}},{"type":"Feature","id":"barcelona:osm:way:123257333","geometry":{"type":"Polygon","coordinates":[[[2.1405848,41.39266691],[2.14062907,41.39248779],[2.1407545,41.39259273],[2.14093748,41.39247693],[2.14106438,41.39250769],[2.14124589,41.39265786],[2.14085189,41.39290483],[2.1405848,41.39266691]]]},"properties":{"id":"barcelona:osm:way:123257333","name":"Plaça de Joan Llongueras","nameAddon":null,"objectNumber":"barcelona:osm:way:123257333","district":"Sarrià - Sant Gervasi","locality":null,"type":"Park","areaM2":1487.3,"areaHa":0.15,"designation":null,"dedicated":null,"builtYear":null,"renovatedYear":null,"planningAreaId":null,"planningAreaName":null,"centroid":[2.140895,41.392669],"bounds":[2.14058,41.39248,2.14125,41.3929],"amenities":{"playground":{"status":"observed-nearby","count":1,"nearestMeters":44,"coverage":"community-mapped-observations"},"toilet":{"status":"not-observed","count":0,"nearestMeters":null,"coverage":"community-mapped-observations"},"drinkingFountain":{"status":"observed-nearby","count":3,"nearestMeters":0,"coverage":"community-mapped-observations"},"dogRun":{"status":"observed-nearby","count":1,"nearestMeters":32,"coverage":"community-mapped-observations"}},"sourceId":"parks"}},{"type":"Feature","id":"barcelona:osm:way:123257334","geometry":{"type":"Polygon","coordinates":[[[2.13933936,41.39264791],[2.13951054,41.39226977],[2.13978353,41.392296],[2.14003291,41.39225258],[2.14013178,41.39203003],[2.14058775,41.39215035],[2.14048741,41.39236475],[2.14062907,41.39248779],[2.1405848,41.39266691],[2.140421,41.39252759],[2.13998274,41.39280894],[2.13992224,41.39279899],[2.13933936,41.39264791]]]},"properties":{"id":"barcelona:osm:way:123257334","name":"Plaça de Wagner","nameAddon":null,"objectNumber":"barcelona:osm:way:123257334","district":"Sarrià - Sant Gervasi","locality":null,"type":"Park","areaM2":5299.7,"areaHa":0.53,"designation":null,"dedicated":null,"builtYear":null,"renovatedYear":null,"planningAreaId":null,"planningAreaName":null,"centroid":[2.140013,41.392448],"bounds":[2.13934,41.39203,2.14063,41.39281],"amenities":{"playground":{"status":"observed-nearby","count":1,"nearestMeters":0,"coverage":"community-mapped-observations"},"toilet":{"status":"not-observed","count":0,"nearestMeters":null,"coverage":"community-mapped-observations"},"drinkingFountain":{"status":"observed-nearby","count":3,"nearestMeters":0,"coverage":"community-mapped-observations"},"dogRun":{"status":"observed-nearby","count":1,"nearestMeters":0,"coverage":"community-mapped-observations"}},"sourceId":"parks"}},{"type":"Feature","id":"barcelona:osm:way:123269956","geometry":{"type":"Polygon","coordinates":[[[2.12327557,41.38800344],[2.12335231,41.38783155],[2.12382599,41.38795006],[2.12374925,41.38812104],[2.12327557,41.38800344]]]},"properties":{"id":"barcelona:osm:way:123269956","name":"Parc sense nom 123269956","nameAddon":null,"objectNumber":"barcelona:osm:way:123269956","district":"les Corts","locality":null,"type":"Park","areaM2":839.1,"areaHa":0.08,"designation":null,"dedicated":null,"builtYear":null,"renovatedYear":null,"planningAreaId":null,"planningAreaName":null,"centroid":[2.123551,41.387976],"bounds":[2.12328,41.38783,2.12383,41.38812],"amenities":{"playground":{"status":"not-observed","count":0,"nearestMeters":null,"coverage":"community-mapped-observations"},"toilet":{"status":"not-observed","count":0,"nearestMeters":null,"coverage":"community-mapped-observations"},"drinkingFountain":{"status":"observed-nearby","count":1,"nearestMeters":57,"coverage":"community-mapped-observations"},"dogRun":{"status":"not-observed","count":0,"nearestMeters":null,"coverage":"community-mapped-observations"}},"sourceId":"parks"}},{"type":"Feature","id":"barcelona:osm:way:123269966","geometry":{"type":"Polygon","coordinates":[[[2.12307931,41.38788764],[2.12312801,41.38777366],[2.12329918,41.38781527],[2.12324606,41.38792654],[2.12307931,41.38788764]]]},"properties":{"id":"barcelona:osm:way:123269966","name":"Parc sense nom 123269966","nameAddon":null,"objectNumber":"barcelona:osm:way:123269966","district":"les Corts","locality":null,"type":"Park","areaM2":195.4,"areaHa":0.02,"designation":null,"dedicated":null,"builtYear":null,"renovatedYear":null,"planningAreaId":null,"planningAreaName":null,"centroid":[2.123188,41.38785],"bounds":[2.12308,41.38777,2.1233,41.38793],"amenities":{"playground":{"status":"not-observed","count":0,"nearestMeters":null,"coverage":"community-mapped-observations"},"toilet":{"status":"not-observed","count":0,"nearestMeters":null,"coverage":"community-mapped-observations"},"drinkingFountain":{"status":"observed-nearby","count":1,"nearestMeters":44,"coverage":"community-mapped-observations"},"dogRun":{"status":"not-observed","count":0,"nearestMeters":null,"coverage":"community-mapped-observations"}},"sourceId":"parks"}},{"type":"Feature","id":"barcelona:osm:way:123270927","geometry":{"type":"Polygon","coordinates":[[[2.12195488,41.39040709],[2.12207735,41.39013117],[2.12225,41.39017369],[2.1221231,41.39046137],[2.12195488,41.39040709]]]},"properties":{"id":"barcelona:osm:way:123270927","name":"Parc sense nom 123270927","nameAddon":null,"objectNumber":"barcelona:osm:way:123270927","district":"les Corts","locality":null,"type":"Park","areaM2":501.3,"areaHa":0.05,"designation":null,"dedicated":null,"builtYear":null,"renovatedYear":null,"planningAreaId":null,"planningAreaName":null,"centroid":[2.122102,41.390294],"bounds":[2.12195,41.39013,2.12225,41.39046],"amenities":{"playground":{"status":"observed-nearby","count":1,"nearestMeters":44,"coverage":"community-mapped-observations"},"toilet":{"status":"not-observed","count":0,"nearestMeters":null,"coverage":"community-mapped-observations"},"drinkingFountain":{"status":"not-observed","count":0,"nearestMeters":null,"coverage":"community-mapped-observations"},"dogRun":{"status":"not-observed","count":0,"nearestMeters":null,"coverage":"community-mapped-observations"}},"sourceId":"parks"}},{"type":"Feature","id":"barcelona:osm:way:123273371","geometry":{"type":"Polygon","coordinates":[[[2.12447674,41.38704994],[2.12461398,41.38674507],[2.12488844,41.38681382],[2.1250729,41.38640492],[2.12533999,41.38647367],[2.12538721,41.38637235],[2.12604239,41.38653519],[2.12580482,41.38705989],[2.12549493,41.38701194],[2.1253695,41.3870436],[2.12515996,41.38741542],[2.1250788,41.3873937],[2.12515258,41.38723539],[2.12503453,41.38720554],[2.12474678,41.38713497],[2.12472317,41.38718744],[2.1246612,41.38717206],[2.12464054,41.38722272],[2.12457561,41.38720825],[2.124552,41.38725982],[2.12449888,41.38724715],[2.12457413,41.38707346],[2.12447674,41.38704994]]]},"properties":{"id":"barcelona:osm:way:123273371","name":"Jardins de Jaume Vicens i Vives","nameAddon":null,"objectNumber":"barcelona:osm:way:123273371","district":"les Corts","locality":null,"type":"Park","areaM2":7614,"areaHa":0.76,"designation":null,"dedicated":null,"builtYear":null,"renovatedYear":null,"planningAreaId":null,"planningAreaName":null,"centroid":[2.125271,41.386828],"bounds":[2.12448,41.38637,2.12604,41.38742],"amenities":{"playground":{"status":"observed-nearby","count":2,"nearestMeters":0,"coverage":"community-mapped-observations"},"toilet":{"status":"not-observed","count":0,"nearestMeters":null,"coverage":"community-mapped-observations"},"drinkingFountain":{"status":"not-observed","count":0,"nearestMeters":null,"coverage":"community-mapped-observations"},"dogRun":{"status":"not-observed","count":0,"nearestMeters":null,"coverage":"community-mapped-observations"}},"sourceId":"parks"}},{"type":"Feature","id":"barcelona:osm:way:123277214","geometry":{"type":"Polygon","coordinates":[[[2.13580521,41.39269857],[2.13588637,41.39250859],[2.13599852,41.39247512],[2.13752875,41.39286412],[2.13755236,41.39292835],[2.13774125,41.3929184],[2.13831527,41.39305319],[2.13842299,41.3932296],[2.13815147,41.39382396],[2.13770436,41.39386647],[2.13736643,41.39404288],[2.13719379,41.39418129],[2.13707278,41.39410982],[2.13742841,41.39380677],[2.13620658,41.39297268],[2.13580521,41.39269857]]]},"properties":{"id":"barcelona:osm:way:123277214","name":"Jardins de Piscines i esports","nameAddon":null,"objectNumber":"barcelona:osm:way:123277214","district":"Sarrià - Sant Gervasi","locality":null,"type":"Park","areaM2":17014.8,"areaHa":1.7,"designation":null,"dedicated":null,"builtYear":null,"renovatedYear":null,"planningAreaId":null,"planningAreaName":null,"centroid":[2.137259,41.393214],"bounds":[2.13581,41.39248,2.13842,41.39418],"amenities":{"playground":{"status":"observed-nearby","count":1,"nearestMeters":0,"coverage":"community-mapped-observations"},"toilet":{"status":"not-observed","count":0,"nearestMeters":null,"coverage":"community-mapped-observations"},"drinkingFountain":{"status":"observed-nearby","count":2,"nearestMeters":0,"coverage":"community-mapped-observations"},"dogRun":{"status":"observed-nearby","count":1,"nearestMeters":0,"coverage":"community-mapped-observations"}},"sourceId":"parks"}},{"type":"Feature","id":"barcelona:osm:way:123620568","geometry":{"type":"Polygon","coordinates":[[[2.1242067,41.39068663],[2.12426277,41.3905636],[2.12454167,41.39063687],[2.12472612,41.39023069],[2.12444723,41.39016103],[2.12449592,41.39005157],[2.12552149,41.39030034],[2.1252544,41.39089379],[2.12518947,41.39087751],[2.1251334,41.39092093],[2.1242067,41.39068663]]]},"properties":{"id":"barcelona:osm:way:123620568","name":"Plaça del Mirall de Pedralbes","nameAddon":null,"objectNumber":"barcelona:osm:way:123620568","district":"les Corts","locality":null,"type":"Park","areaM2":5567.7,"areaHa":0.56,"designation":null,"dedicated":null,"builtYear":null,"renovatedYear":null,"planningAreaId":null,"planningAreaName":null,"centroid":[2.124941,41.390514],"bounds":[2.12421,41.39005,2.12552,41.39092],"amenities":{"playground":{"status":"not-observed","count":0,"nearestMeters":null,"coverage":"community-mapped-observations"},"toilet":{"status":"not-observed","count":0,"nearestMeters":null,"coverage":"community-mapped-observations"},"drinkingFountain":{"status":"observed-nearby","count":1,"nearestMeters":0,"coverage":"community-mapped-observations"},"dogRun":{"status":"not-observed","count":0,"nearestMeters":null,"coverage":"community-mapped-observations"}},"sourceId":"parks"}},{"type":"Feature","id":"barcelona:osm:way:123653300","geometry":{"type":"Polygon","coordinates":[[[2.13535514,41.39374344],[2.13547614,41.39345486],[2.13556911,41.39351728],[2.13549975,41.3936765],[2.13535514,41.39374344]]]},"properties":{"id":"barcelona:osm:way:123653300","name":"Parc sense nom 123653300","nameAddon":null,"objectNumber":"barcelona:osm:way:123653300","district":"Sarrià - Sant Gervasi","locality":null,"type":"Park","areaM2":250.4,"areaHa":0.03,"designation":null,"dedicated":null,"builtYear":null,"renovatedYear":null,"planningAreaId":null,"planningAreaName":null,"centroid":[2.13547,41.393598],"bounds":[2.13536,41.39345,2.13557,41.39374],"amenities":{"playground":{"status":"not-observed","count":0,"nearestMeters":null,"coverage":"community-mapped-observations"},"toilet":{"status":"observed-nearby","count":1,"nearestMeters":68,"coverage":"community-mapped-observations"},"drinkingFountain":{"status":"not-observed","count":0,"nearestMeters":null,"coverage":"community-mapped-observations"},"dogRun":{"status":"not-observed","count":0,"nearestMeters":null,"coverage":"community-mapped-observations"}},"sourceId":"parks"}},{"type":"Feature","id":"barcelona:osm:way:123653302","geometry":{"type":"Polygon","coordinates":[[[2.13560157,41.39383752],[2.13575947,41.39370273],[2.13615494,41.3939696],[2.13560157,41.39383752]]]},"properties":{"id":"barcelona:osm:way:123653302","name":"Parc sense nom 123653302","nameAddon":null,"objectNumber":"barcelona:osm:way:123653302","district":"Sarrià - Sant Gervasi","locality":null,"type":"Park","areaM2":442.8,"areaHa":0.04,"designation":null,"dedicated":null,"builtYear":null,"renovatedYear":null,"planningAreaId":null,"planningAreaName":null,"centroid":[2.135839,41.393837],"bounds":[2.1356,41.3937,2.13615,41.39397],"amenities":{"playground":{"status":"not-observed","count":0,"nearestMeters":null,"coverage":"community-mapped-observations"},"toilet":{"status":"not-observed","count":0,"nearestMeters":null,"coverage":"community-mapped-observations"},"drinkingFountain":{"status":"not-observed","count":0,"nearestMeters":null,"coverage":"community-mapped-observations"},"dogRun":{"status":"not-observed","count":0,"nearestMeters":null,"coverage":"community-mapped-observations"}},"sourceId":"parks"}},{"type":"Feature","id":"barcelona:osm:way:123653303","geometry":{"type":"Polygon","coordinates":[[[2.1353758,41.39378686],[2.13566798,41.39364212],[2.13570929,41.39366474],[2.13552631,41.39381943],[2.1353758,41.39378686]]]},"properties":{"id":"barcelona:osm:way:123653303","name":"Parc sense nom 123653303","nameAddon":null,"objectNumber":"barcelona:osm:way:123653303","district":"Sarrià - Sant Gervasi","locality":null,"type":"Park","areaM2":164.7,"areaHa":0.02,"designation":null,"dedicated":null,"builtYear":null,"renovatedYear":null,"planningAreaId":null,"planningAreaName":null,"centroid":[2.135551,41.393739],"bounds":[2.13538,41.39364,2.13571,41.39382],"amenities":{"playground":{"status":"not-observed","count":0,"nearestMeters":null,"coverage":"community-mapped-observations"},"toilet":{"status":"observed-nearby","count":1,"nearestMeters":67,"coverage":"community-mapped-observations"},"drinkingFountain":{"status":"not-observed","count":0,"nearestMeters":null,"coverage":"community-mapped-observations"},"dogRun":{"status":"not-observed","count":0,"nearestMeters":null,"coverage":"community-mapped-observations"}},"sourceId":"parks"}},{"type":"Feature","id":"barcelona:osm:way:123728216","geometry":{"type":"Polygon","coordinates":[[[2.12901875,41.3883083],[2.1294644,41.38741361],[2.12993955,41.38753031],[2.12991299,41.38759544],[2.13026862,41.38769133],[2.13023615,41.38776371],[2.12987905,41.38767234],[2.12951752,41.38843043],[2.12913828,41.38833816],[2.12901875,41.3883083]]]},"properties":{"id":"barcelona:osm:way:123728216","name":"Jardins de Clara Campoamor","nameAddon":null,"objectNumber":"barcelona:osm:way:123728216","district":"les Corts","locality":null,"type":"Park","areaM2":4875,"areaHa":0.49,"designation":null,"dedicated":null,"builtYear":null,"renovatedYear":null,"planningAreaId":null,"planningAreaName":null,"centroid":[2.129518,41.38791],"bounds":[2.12902,41.38741,2.13027,41.38843],"amenities":{"playground":{"status":"observed-nearby","count":1,"nearestMeters":0,"coverage":"community-mapped-observations"},"toilet":{"status":"not-observed","count":0,"nearestMeters":null,"coverage":"community-mapped-observations"},"drinkingFountain":{"status":"observed-nearby","count":1,"nearestMeters":0,"coverage":"community-mapped-observations"},"dogRun":{"status":"not-observed","count":0,"nearestMeters":null,"coverage":"community-mapped-observations"}},"sourceId":"parks"}},{"type":"Feature","id":"barcelona:osm:way:123759217","geometry":{"type":"Polygon","coordinates":[[[2.11509316,41.39322417],[2.11687131,41.39185001],[2.11739221,41.39223449],[2.11560373,41.39359598],[2.11509316,41.39322417]]]},"properties":{"id":"barcelona:osm:way:123759217","name":"Parc sense nom 123759217","nameAddon":null,"objectNumber":"barcelona:osm:way:123759217","district":"les Corts","locality":null,"type":"Park","areaM2":12798.4,"areaHa":1.28,"designation":null,"dedicated":null,"builtYear":null,"renovatedYear":null,"planningAreaId":null,"planningAreaName":null,"centroid":[2.116244,41.392723],"bounds":[2.11509,41.39185,2.11739,41.3936],"amenities":{"playground":{"status":"not-observed","count":0,"nearestMeters":null,"coverage":"community-mapped-observations"},"toilet":{"status":"not-observed","count":0,"nearestMeters":null,"coverage":"community-mapped-observations"},"drinkingFountain":{"status":"not-observed","count":0,"nearestMeters":null,"coverage":"community-mapped-observations"},"dogRun":{"status":"not-observed","count":0,"nearestMeters":null,"coverage":"community-mapped-observations"}},"sourceId":"parks"}},{"type":"Feature","id":"barcelona:osm:way:123759618","geometry":{"type":"Polygon","coordinates":[[[2.11506808,41.39423467],[2.11562439,41.39380315],[2.11748222,41.39520355],[2.11706461,41.39535462],[2.11666177,41.3954089],[2.11506808,41.39423467]]]},"properties":{"id":"barcelona:osm:way:123759618","name":"Parc sense nom 123759618","nameAddon":null,"objectNumber":"barcelona:osm:way:123759618","district":"les Corts","locality":null,"type":"Park","areaM2":14178.3,"areaHa":1.42,"designation":null,"dedicated":null,"builtYear":null,"renovatedYear":null,"planningAreaId":null,"planningAreaName":null,"centroid":[2.116225,41.394663],"bounds":[2.11507,41.3938,2.11748,41.39541],"amenities":{"playground":{"status":"not-observed","count":0,"nearestMeters":null,"coverage":"community-mapped-observations"},"toilet":{"status":"not-observed","count":0,"nearestMeters":null,"coverage":"community-mapped-observations"},"drinkingFountain":{"status":"observed-nearby","count":1,"nearestMeters":44,"coverage":"community-mapped-observations"},"dogRun":{"status":"not-observed","count":0,"nearestMeters":null,"coverage":"community-mapped-observations"}},"sourceId":"parks"}},{"type":"Feature","id":"barcelona:osm:way:123759620","geometry":{"type":"Polygon","coordinates":[[[2.11449553,41.39466166],[2.11492346,41.39433146],[2.11648174,41.39547585],[2.11583393,41.39566039],[2.11457079,41.39473494],[2.11449553,41.39466166]]]},"properties":{"id":"barcelona:osm:way:123759620","name":"Parc sense nom 123759620","nameAddon":null,"objectNumber":"barcelona:osm:way:123759620","district":"les Corts","locality":null,"type":"Park","areaM2":8890.1,"areaHa":0.89,"designation":null,"dedicated":null,"builtYear":null,"renovatedYear":null,"planningAreaId":null,"planningAreaName":null,"centroid":[2.115437,41.395031],"bounds":[2.1145,41.39433,2.11648,41.39566],"amenities":{"playground":{"status":"not-observed","count":0,"nearestMeters":null,"coverage":"community-mapped-observations"},"toilet":{"status":"not-observed","count":0,"nearestMeters":null,"coverage":"community-mapped-observations"},"drinkingFountain":{"status":"observed-nearby","count":1,"nearestMeters":0,"coverage":"community-mapped-observations"},"dogRun":{"status":"not-observed","count":0,"nearestMeters":null,"coverage":"community-mapped-observations"}},"sourceId":"parks"}},{"type":"Feature","id":"barcelona:osm:way:124080108","geometry":{"type":"Polygon","coordinates":[[[2.19301567,41.43592817],[2.19303043,41.43569296],[2.19318537,41.43569296],[2.19333294,41.43513479],[2.19310569,41.43506875],[2.19316029,41.43487244],[2.19328424,41.43490592],[2.1933167,41.43481274],[2.19342148,41.43488963],[2.19339196,41.43491858],[2.19352625,41.43494663],[2.19335212,41.43545323],[2.19326358,41.4359345],[2.19308946,41.43593179],[2.19301567,41.43592817]]]},"properties":{"id":"barcelona:osm:way:124080108","name":"Jardins del Reg","nameAddon":null,"objectNumber":"barcelona:osm:way:124080108","district":"Sant Andreu","locality":null,"type":"Park","areaM2":1965.7,"areaHa":0.2,"designation":null,"dedicated":null,"builtYear":null,"renovatedYear":null,"planningAreaId":null,"planningAreaName":null,"centroid":[2.193269,41.435365],"bounds":[2.19302,41.43481,2.19353,41.43593],"amenities":{"playground":{"status":"not-observed","count":0,"nearestMeters":null,"coverage":"community-mapped-observations"},"toilet":{"status":"not-observed","count":0,"nearestMeters":null,"coverage":"community-mapped-observations"},"drinkingFountain":{"status":"not-observed","count":0,"nearestMeters":null,"coverage":"community-mapped-observations"},"dogRun":{"status":"observed-nearby","count":1,"nearestMeters":72,"coverage":"community-mapped-observations"}},"sourceId":"parks"}},{"type":"Feature","id":"barcelona:osm:way:124189492","geometry":{"type":"Polygon","coordinates":[[[2.15846805,41.39574362],[2.15893583,41.39541704],[2.15902141,41.39522616],[2.15907601,41.39526778],[2.1590347,41.39530758],[2.15912766,41.39537905],[2.15897124,41.39549665],[2.15955117,41.39588927],[2.1594523,41.39596888],[2.15937262,41.39591641],[2.15914832,41.3960892],[2.15934753,41.39625023],[2.15903765,41.39617152],[2.1585256,41.39578614],[2.15846805,41.39574362]]]},"properties":{"id":"barcelona:osm:way:124189492","name":"Jardins del Palau Robert","nameAddon":null,"objectNumber":"barcelona:osm:way:124189492","district":"l'Eixample","locality":null,"type":"Park","areaM2":3941.2,"areaHa":0.39,"designation":null,"dedicated":null,"builtYear":null,"renovatedYear":null,"planningAreaId":null,"planningAreaName":null,"centroid":[2.158996,41.395795],"bounds":[2.15847,41.39523,2.15955,41.39625],"amenities":{"playground":{"status":"not-observed","count":0,"nearestMeters":null,"coverage":"community-mapped-observations"},"toilet":{"status":"observed-nearby","count":1,"nearestMeters":9,"coverage":"community-mapped-observations"},"drinkingFountain":{"status":"observed-nearby","count":3,"nearestMeters":0,"coverage":"community-mapped-observations"},"dogRun":{"status":"not-observed","count":0,"nearestMeters":null,"coverage":"community-mapped-observations"}},"sourceId":"parks"}},{"type":"Feature","id":"barcelona:osm:way:126754500","geometry":{"type":"Polygon","coordinates":[[[2.1739283,41.37215035],[2.17439608,41.3720038],[2.17464842,41.37232133],[2.17410833,41.3725095],[2.1739283,41.37215035]]]},"properties":{"id":"barcelona:osm:way:126754500","name":"Jardins de les Hortes de Sant Bertran","nameAddon":null,"objectNumber":"barcelona:osm:way:126754500","district":"Sants-Montjuïc","locality":null,"type":"Park","areaM2":1921.3,"areaHa":0.19,"designation":null,"dedicated":null,"builtYear":null,"renovatedYear":null,"planningAreaId":null,"planningAreaName":null,"centroid":[2.174271,41.372251],"bounds":[2.17393,41.372,2.17465,41.37251],"amenities":{"playground":{"status":"observed-nearby","count":3,"nearestMeters":14,"coverage":"community-mapped-observations"},"toilet":{"status":"not-observed","count":0,"nearestMeters":null,"coverage":"community-mapped-observations"},"drinkingFountain":{"status":"observed-nearby","count":1,"nearestMeters":29,"coverage":"community-mapped-observations"},"dogRun":{"status":"observed-nearby","count":1,"nearestMeters":0,"coverage":"community-mapped-observations"}},"sourceId":"parks"}},{"type":"Feature","id":"barcelona:osm:way:126754501","geometry":{"type":"Polygon","coordinates":[[[2.17341331,41.37061697],[2.1734443,41.36992853],[2.17367154,41.37105211],[2.17342364,41.37111905],[2.17341331,41.37061697]]]},"properties":{"id":"barcelona:osm:way:126754501","name":"Parc sense nom 126754501","nameAddon":null,"objectNumber":"barcelona:osm:way:126754501","district":"Sants-Montjuïc","locality":null,"type":"Park","areaM2":1466.8,"areaHa":0.15,"designation":null,"dedicated":null,"builtYear":null,"renovatedYear":null,"planningAreaId":null,"planningAreaName":null,"centroid":[2.173507,41.37069],"bounds":[2.17341,41.36993,2.17367,41.37112],"amenities":{"playground":{"status":"not-observed","count":0,"nearestMeters":null,"coverage":"community-mapped-observations"},"toilet":{"status":"observed-nearby","count":1,"nearestMeters":71,"coverage":"community-mapped-observations"},"drinkingFountain":{"status":"not-observed","count":0,"nearestMeters":null,"coverage":"community-mapped-observations"},"dogRun":{"status":"not-observed","count":0,"nearestMeters":null,"coverage":"community-mapped-observations"}},"sourceId":"parks"}},{"type":"Feature","id":"barcelona:osm:way:1279300636","geometry":{"type":"Polygon","coordinates":[[[2.15364419,41.42489958],[2.15381389,41.42466528],[2.1543643,41.42491768],[2.15415624,41.42511489],[2.15364419,41.42489958]]]},"properties":{"id":"barcelona:osm:way:1279300636","name":"Interior d'illa Can Grau \"El Ranxo\"","nameAddon":null,"objectNumber":"barcelona:osm:way:1279300636","district":"Horta-Guinardó","locality":null,"type":"Park","areaM2":1472.5,"areaHa":0.15,"designation":null,"dedicated":null,"builtYear":null,"renovatedYear":null,"planningAreaId":null,"planningAreaName":null,"centroid":[2.153993,41.424896],"bounds":[2.15364,41.42467,2.15436,41.42511],"amenities":{"playground":{"status":"observed-nearby","count":1,"nearestMeters":0,"coverage":"community-mapped-observations"},"toilet":{"status":"not-observed","count":0,"nearestMeters":null,"coverage":"community-mapped-observations"},"drinkingFountain":{"status":"observed-nearby","count":2,"nearestMeters":0,"coverage":"community-mapped-observations"},"dogRun":{"status":"not-observed","count":0,"nearestMeters":null,"coverage":"community-mapped-observations"}},"sourceId":"parks"}},{"type":"Feature","id":"barcelona:osm:way:1282510869","geometry":{"type":"Polygon","coordinates":[[[2.11814921,41.39986792],[2.11883538,41.39944002],[2.11916592,41.39913606],[2.11930316,41.39917948],[2.11939612,41.39912158],[2.1188944,41.39958115],[2.11831595,41.39993667],[2.11822889,41.39991134],[2.11814921,41.39986792]]]},"properties":{"id":"barcelona:osm:way:1282510869","name":"Parc sense nom 1282510869","nameAddon":null,"objectNumber":"barcelona:osm:way:1282510869","district":"Sarrià - Sant Gervasi","locality":null,"type":"Park","areaM2":1866.1,"areaHa":0.19,"designation":null,"dedicated":null,"builtYear":null,"renovatedYear":null,"planningAreaId":null,"planningAreaName":null,"centroid":[2.118754,41.399556],"bounds":[2.11815,41.39912,2.1194,41.39994],"amenities":{"playground":{"status":"not-observed","count":0,"nearestMeters":null,"coverage":"community-mapped-observations"},"toilet":{"status":"not-observed","count":0,"nearestMeters":null,"coverage":"community-mapped-observations"},"drinkingFountain":{"status":"not-observed","count":0,"nearestMeters":null,"coverage":"community-mapped-observations"},"dogRun":{"status":"not-observed","count":0,"nearestMeters":null,"coverage":"community-mapped-observations"}},"sourceId":"parks"}},{"type":"Feature","id":"barcelona:osm:way:1286890059","geometry":{"type":"Polygon","coordinates":[[[2.1440673,41.41261353],[2.14434325,41.41254297],[2.14456164,41.41288583],[2.14475495,41.41292202],[2.14466641,41.41319613],[2.14449671,41.41311019],[2.14425471,41.41288855],[2.1440673,41.41261353]]]},"properties":{"id":"barcelona:osm:way:1286890059","name":"Jardins de Canals-Junyer","nameAddon":null,"objectNumber":"barcelona:osm:way:1286890059","district":"Gràcia","locality":null,"type":"Park","areaM2":1731,"areaHa":0.17,"designation":null,"dedicated":null,"builtYear":null,"renovatedYear":null,"planningAreaId":null,"planningAreaName":null,"centroid":[2.144421,41.412856],"bounds":[2.14407,41.41254,2.14475,41.4132],"amenities":{"playground":{"status":"observed-nearby","count":1,"nearestMeters":74,"coverage":"community-mapped-observations"},"toilet":{"status":"not-observed","count":0,"nearestMeters":null,"coverage":"community-mapped-observations"},"drinkingFountain":{"status":"not-observed","count":0,"nearestMeters":null,"coverage":"community-mapped-observations"},"dogRun":{"status":"not-observed","count":0,"nearestMeters":null,"coverage":"community-mapped-observations"}},"sourceId":"parks"}},{"type":"Feature","id":"barcelona:osm:way:1287650922","geometry":{"type":"Polygon","coordinates":[[[2.21954321,41.40853809],[2.22001099,41.40829835],[2.22054369,41.40879953],[2.22097458,41.40932965],[2.22078422,41.4094943],[2.2205673,41.40981364],[2.21968192,41.40880405],[2.21954321,41.40853809]]]},"properties":{"id":"barcelona:osm:way:1287650922","name":"Parc del Camp de la Bota","nameAddon":null,"objectNumber":"barcelona:osm:way:1287650922","district":"Sant Martí","locality":null,"type":"Park","areaM2":8760.6,"areaHa":0.88,"designation":null,"dedicated":null,"builtYear":null,"renovatedYear":null,"planningAreaId":null,"planningAreaName":null,"centroid":[2.220268,41.409006],"bounds":[2.21954,41.4083,2.22097,41.40981],"amenities":{"playground":{"status":"observed-nearby","count":2,"nearestMeters":25,"coverage":"community-mapped-observations"},"toilet":{"status":"not-observed","count":0,"nearestMeters":null,"coverage":"community-mapped-observations"},"drinkingFountain":{"status":"observed-nearby","count":2,"nearestMeters":20,"coverage":"community-mapped-observations"},"dogRun":{"status":"not-observed","count":0,"nearestMeters":null,"coverage":"community-mapped-observations"}},"sourceId":"parks"}},{"type":"Feature","id":"barcelona:osm:way:1289686074","geometry":{"type":"Polygon","coordinates":[[[2.13072607,41.43154876],[2.1310271,41.43126651],[2.13124992,41.43124842],[2.13159227,41.43151619],[2.13165424,41.43166184],[2.1313355,41.43157319],[2.13113482,41.43156595],[2.13073492,41.43162475],[2.13072607,41.43154876]]]},"properties":{"id":"barcelona:osm:way:1289686074","name":"Mirador de la Rabassada","nameAddon":null,"objectNumber":"barcelona:osm:way:1289686074","district":"Horta-Guinardó","locality":null,"type":"Park","areaM2":1970.2,"areaHa":0.2,"designation":null,"dedicated":null,"builtYear":null,"renovatedYear":null,"planningAreaId":null,"planningAreaName":null,"centroid":[2.131175,41.431462],"bounds":[2.13073,41.43125,2.13165,41.43166],"amenities":{"playground":{"status":"not-observed","count":0,"nearestMeters":null,"coverage":"community-mapped-observations"},"toilet":{"status":"not-observed","count":0,"nearestMeters":null,"coverage":"community-mapped-observations"},"drinkingFountain":{"status":"not-observed","count":0,"nearestMeters":null,"coverage":"community-mapped-observations"},"dogRun":{"status":"not-observed","count":0,"nearestMeters":null,"coverage":"community-mapped-observations"}},"sourceId":"parks"}},{"type":"Feature","id":"barcelona:osm:way:1290114031","geometry":{"type":"Polygon","coordinates":[[[2.16553783,41.37045685],[2.16564112,41.3702732],[2.16575032,41.37020536],[2.165982,41.37018455],[2.1662181,41.37029673],[2.16634943,41.37045052],[2.16669473,41.37065225],[2.1673322,41.37088475],[2.16781031,41.37096707],[2.16837843,41.37100959],[2.16883293,41.37111362],[2.16910445,41.37128279],[2.16926529,41.37150534],[2.16923578,41.37158857],[2.16913838,41.37160485],[2.16805674,41.37143658],[2.16706659,41.37190157],[2.16697805,41.37190791],[2.16557915,41.37055274],[2.16553783,41.37045685]]]},"properties":{"id":"barcelona:osm:way:1290114031","name":"Parc de la Primavera","nameAddon":null,"objectNumber":"barcelona:osm:way:1290114031","district":"Sants-Montjuïc","locality":null,"type":"Park","areaM2":22924.8,"areaHa":2.29,"designation":null,"dedicated":null,"builtYear":null,"renovatedYear":null,"planningAreaId":null,"planningAreaName":null,"centroid":[2.167182,41.371117],"bounds":[2.16554,41.37018,2.16927,41.37191],"amenities":{"playground":{"status":"observed-nearby","count":1,"nearestMeters":0,"coverage":"community-mapped-observations"},"toilet":{"status":"not-observed","count":0,"nearestMeters":null,"coverage":"community-mapped-observations"},"drinkingFountain":{"status":"observed-nearby","count":4,"nearestMeters":0,"coverage":"community-mapped-observations"},"dogRun":{"status":"observed-nearby","count":1,"nearestMeters":0,"coverage":"community-mapped-observations"}},"sourceId":"parks"}},{"type":"Feature","id":"barcelona:osm:way:1302327590","geometry":{"type":"Polygon","coordinates":[[[2.16423484,41.36876877],[2.16428944,41.3685788],[2.16501693,41.3681319],[2.16532976,41.36831373],[2.1652914,41.36839244],[2.16501693,41.36834992],[2.16466278,41.36846119],[2.16455653,41.36854623],[2.16448275,41.36873711],[2.16423484,41.36876877]]]},"properties":{"id":"barcelona:osm:way:1302327590","name":"Jardins de Joan Brossa","nameAddon":null,"objectNumber":"barcelona:osm:way:1302327590","district":"Sants-Montjuïc","locality":null,"type":"Park","areaM2":1623.4,"areaHa":0.16,"designation":null,"dedicated":null,"builtYear":null,"renovatedYear":null,"planningAreaId":null,"planningAreaName":null,"centroid":[2.164754,41.368424],"bounds":[2.16423,41.36813,2.16533,41.36877],"amenities":{"playground":{"status":"observed-nearby","count":1,"nearestMeters":46,"coverage":"community-mapped-observations"},"toilet":{"status":"not-observed","count":0,"nearestMeters":null,"coverage":"community-mapped-observations"},"drinkingFountain":{"status":"observed-nearby","count":4,"nearestMeters":8,"coverage":"community-mapped-observations"},"dogRun":{"status":"not-observed","count":0,"nearestMeters":null,"coverage":"community-mapped-observations"}},"sourceId":"parks"}},{"type":"Feature","id":"barcelona:osm:way:133295433","geometry":{"type":"Polygon","coordinates":[[[2.11872471,41.38919938],[2.11930758,41.3882296],[2.11966911,41.38887914],[2.12011181,41.38904017],[2.11969568,41.38932694],[2.11951565,41.38932513],[2.11941383,41.38922652],[2.11931201,41.38926],[2.11918658,41.38924733],[2.11897999,41.38914058],[2.1188885,41.38927176],[2.11872471,41.38919938]]]},"properties":{"id":"barcelona:osm:way:133295433","name":"Parc sense nom 133295433","nameAddon":null,"objectNumber":"barcelona:osm:way:133295433","district":"les Corts","locality":null,"type":"Park","areaM2":6184.8,"areaHa":0.62,"designation":null,"dedicated":null,"builtYear":null,"renovatedYear":null,"planningAreaId":null,"planningAreaName":null,"centroid":[2.119363,41.388924],"bounds":[2.11872,41.38823,2.12011,41.38933],"amenities":{"playground":{"status":"observed-nearby","count":1,"nearestMeters":75,"coverage":"community-mapped-observations"},"toilet":{"status":"not-observed","count":0,"nearestMeters":null,"coverage":"community-mapped-observations"},"drinkingFountain":{"status":"observed-nearby","count":1,"nearestMeters":26,"coverage":"community-mapped-observations"},"dogRun":{"status":"not-observed","count":0,"nearestMeters":null,"coverage":"community-mapped-observations"}},"sourceId":"parks"}},{"type":"Feature","id":"barcelona:osm:way:133728059","geometry":{"type":"Polygon","coordinates":[[[2.13575209,41.42674236],[2.13583177,41.42631355],[2.13586424,41.42621494],[2.13598229,41.42624842],[2.13607378,41.42605301],[2.13639104,41.42610639],[2.13647663,41.42607291],[2.13647515,41.42611724],[2.13670535,41.42621947],[2.13680717,41.42618419],[2.1367024,41.42625746],[2.13675552,41.42626108],[2.13675257,41.4263036],[2.13662419,41.42637054],[2.13661829,41.42642301],[2.13637038,41.42640944],[2.13635267,41.42657228],[2.13642055,41.4265759],[2.13643678,41.42665008],[2.13681602,41.42669984],[2.13713771,41.42695766],[2.13686177,41.42700199],[2.13673634,41.42711598],[2.13663304,41.42687986],[2.13633939,41.42695314],[2.13635857,41.42702642],[2.13606935,41.42707617],[2.13598966,41.42698209],[2.13615051,41.42689162],[2.13593949,41.42676769],[2.13575209,41.42674236]]]},"properties":{"id":"barcelona:osm:way:133728059","name":"Jardins de Manuel Jiménez Arnalot","nameAddon":null,"objectNumber":"barcelona:osm:way:133728059","district":"Horta-Guinardó","locality":null,"type":"Park","areaM2":6657.7,"areaHa":0.67,"designation":null,"dedicated":null,"builtYear":null,"renovatedYear":null,"planningAreaId":null,"planningAreaName":null,"centroid":[2.136316,41.426586],"bounds":[2.13575,41.42605,2.13714,41.42712],"amenities":{"playground":{"status":"observed-nearby","count":6,"nearestMeters":0,"coverage":"community-mapped-observations"},"toilet":{"status":"not-observed","count":0,"nearestMeters":null,"coverage":"community-mapped-observations"},"drinkingFountain":{"status":"observed-nearby","count":5,"nearestMeters":0,"coverage":"community-mapped-observations"},"dogRun":{"status":"observed-nearby","count":1,"nearestMeters":8,"coverage":"community-mapped-observations"}},"sourceId":"parks"}},{"type":"Feature","id":"barcelona:osm:way:1347409306","geometry":{"type":"Polygon","coordinates":[[[2.18181411,41.44612538],[2.18188937,41.44585037],[2.18201775,41.44587027],[2.18194249,41.44614529],[2.18181411,41.44612538]]]},"properties":{"id":"barcelona:osm:way:1347409306","name":"Parc sense nom 1347409306","nameAddon":null,"objectNumber":"barcelona:osm:way:1347409306","district":"Nou Barris","locality":null,"type":"Park","areaM2":340.4,"areaHa":0.03,"designation":null,"dedicated":null,"builtYear":null,"renovatedYear":null,"planningAreaId":null,"planningAreaName":null,"centroid":[2.181916,41.445998],"bounds":[2.18181,41.44585,2.18202,41.44615],"amenities":{"playground":{"status":"observed-nearby","count":1,"nearestMeters":50,"coverage":"community-mapped-observations"},"toilet":{"status":"not-observed","count":0,"nearestMeters":null,"coverage":"community-mapped-observations"},"drinkingFountain":{"status":"observed-nearby","count":2,"nearestMeters":48,"coverage":"community-mapped-observations"},"dogRun":{"status":"not-observed","count":0,"nearestMeters":null,"coverage":"community-mapped-observations"}},"sourceId":"parks"}},{"type":"Feature","id":"barcelona:osm:way:134885657","geometry":{"type":"Polygon","coordinates":[[[2.11229535,41.39702913],[2.1127956,41.39754478],[2.11302432,41.3973548],[2.11301104,41.39724806],[2.11318074,41.39735299],[2.11399676,41.39827845],[2.1140853,41.39865026],[2.11388609,41.39992401],[2.11377689,41.39954044],[2.11358359,41.39963181],[2.11319844,41.39962095],[2.11335043,41.39935679],[2.11335486,41.39895242],[2.11318074,41.39856432],[2.11263918,41.39793287],[2.11244882,41.39740908],[2.11229535,41.39702913]]]},"properties":{"id":"barcelona:osm:way:134885657","name":"Parc sense nom 134885657","nameAddon":null,"objectNumber":"barcelona:osm:way:134885657","district":"Sarrià - Sant Gervasi","locality":null,"type":"Park","areaM2":18119.9,"areaHa":1.81,"designation":null,"dedicated":null,"builtYear":null,"renovatedYear":null,"planningAreaId":null,"planningAreaName":null,"centroid":[2.113395,41.398415],"bounds":[2.1123,41.39703,2.11409,41.39992],"amenities":{"playground":{"status":"not-observed","count":0,"nearestMeters":null,"coverage":"community-mapped-observations"},"toilet":{"status":"not-observed","count":0,"nearestMeters":null,"coverage":"community-mapped-observations"},"drinkingFountain":{"status":"observed-nearby","count":2,"nearestMeters":0,"coverage":"community-mapped-observations"},"dogRun":{"status":"observed-nearby","count":1,"nearestMeters":0,"coverage":"community-mapped-observations"}},"sourceId":"parks"}},{"type":"Feature","id":"barcelona:osm:way:134885664","geometry":{"type":"Polygon","coordinates":[[[2.11583393,41.4024715],[2.11606708,41.40241089],[2.11653043,41.40202008],[2.11707199,41.40170527],[2.11723579,41.40166003],[2.11716348,41.40146282],[2.1169141,41.40148363],[2.11689049,41.40140221],[2.1170956,41.40137054],[2.11808871,41.4014194],[2.1181861,41.40139859],[2.11835137,41.40124661],[2.11828054,41.40114891],[2.11830858,41.40104668],[2.1187129,41.40088294],[2.11890621,41.40072372],[2.11895933,41.40075267],[2.11866421,41.40099873],[2.11840007,41.40105663],[2.1183676,41.40109282],[2.11851369,41.40137145],[2.11850041,41.40144111],[2.11824512,41.40155238],[2.11773603,41.40158223],[2.11750731,41.40168265],[2.11747484,41.40179483],[2.11757814,41.40212502],[2.11746304,41.40224172],[2.11725645,41.4022571],[2.11711626,41.40232857],[2.1170838,41.40248688],[2.11719152,41.40255202],[2.11723726,41.40274109],[2.11716348,41.4030152],[2.11711921,41.40312737],[2.11684179,41.40325041],[2.11699673,41.40343676],[2.11684032,41.40349828],[2.11627072,41.4029763],[2.11607299,41.40270762],[2.11583393,41.4024715]]]},"properties":{"id":"barcelona:osm:way:134885664","name":"Parc de Joan Reventós","nameAddon":null,"objectNumber":"barcelona:osm:way:134885664","district":"Sarrià - Sant Gervasi","locality":null,"type":"Park","areaM2":17544.6,"areaHa":1.75,"designation":null,"dedicated":null,"builtYear":null,"renovatedYear":null,"planningAreaId":null,"planningAreaName":null,"centroid":[2.116994,41.402285],"bounds":[2.11583,41.40072,2.11896,41.4035],"amenities":{"playground":{"status":"observed-nearby","count":1,"nearestMeters":0,"coverage":"community-mapped-observations"},"toilet":{"status":"not-observed","count":0,"nearestMeters":null,"coverage":"community-mapped-observations"},"drinkingFountain":{"status":"observed-nearby","count":3,"nearestMeters":0,"coverage":"community-mapped-observations"},"dogRun":{"status":"not-observed","count":0,"nearestMeters":null,"coverage":"community-mapped-observations"}},"sourceId":"parks"}},{"type":"Feature","id":"barcelona:osm:way:1350016121","geometry":{"type":"Polygon","coordinates":[[[2.18601378,41.4028008],[2.18613625,41.40266058],[2.18633842,41.40275014],[2.18644171,41.40269043],[2.18644466,41.40264248],[2.18657599,41.40271576],[2.186424,41.40277547],[2.18653172,41.40283065],[2.18653763,41.40291388],[2.18640777,41.4030152],[2.18619085,41.40296001],[2.18611855,41.40301339],[2.18605067,41.40296906],[2.18610969,41.40288855],[2.18601378,41.4028008]]]},"properties":{"id":"barcelona:osm:way:1350016121","name":"Àgora Berta Càceres","nameAddon":null,"objectNumber":"barcelona:osm:way:1350016121","district":"l'Eixample","locality":null,"type":"Park","areaM2":1227.3,"areaHa":0.12,"designation":null,"dedicated":null,"builtYear":null,"renovatedYear":null,"planningAreaId":null,"planningAreaName":null,"centroid":[2.186289,41.402841],"bounds":[2.18601,41.40264,2.18658,41.40302],"amenities":{"playground":{"status":"observed-nearby","count":1,"nearestMeters":64,"coverage":"community-mapped-observations"},"toilet":{"status":"observed-nearby","count":1,"nearestMeters":34,"coverage":"community-mapped-observations"},"drinkingFountain":{"status":"observed-nearby","count":3,"nearestMeters":10,"coverage":"community-mapped-observations"},"dogRun":{"status":"observed-nearby","count":1,"nearestMeters":11,"coverage":"community-mapped-observations"}},"sourceId":"parks"}},{"type":"Feature","id":"barcelona:osm:way:135069815","geometry":{"type":"Polygon","coordinates":[[[2.13047668,41.4130351],[2.13058883,41.41295097],[2.13092823,41.41320789],[2.13081608,41.41329112],[2.13047668,41.4130351]]]},"properties":{"id":"barcelona:osm:way:135069815","name":"Parc sense nom 135069815","nameAddon":null,"objectNumber":"barcelona:osm:way:135069815","district":"Sarrià - Sant Gervasi","locality":null,"type":"Park","areaM2":528.8,"areaHa":0.05,"designation":null,"dedicated":null,"builtYear":null,"renovatedYear":null,"planningAreaId":null,"planningAreaName":null,"centroid":[2.130702,41.413121],"bounds":[2.13048,41.41295,2.13093,41.41329],"amenities":{"playground":{"status":"not-observed","count":0,"nearestMeters":null,"coverage":"community-mapped-observations"},"toilet":{"status":"observed-nearby","count":1,"nearestMeters":23,"coverage":"community-mapped-observations"},"drinkingFountain":{"status":"not-observed","count":0,"nearestMeters":null,"coverage":"community-mapped-observations"},"dogRun":{"status":"not-observed","count":0,"nearestMeters":null,"coverage":"community-mapped-observations"}},"sourceId":"parks"}},{"type":"Feature","id":"barcelona:osm:way:1354374036","geometry":{"type":"Polygon","coordinates":[[[2.18389624,41.40235209],[2.1841043,41.40220644],[2.18415595,41.40231229],[2.18389624,41.40235209]]]},"properties":{"id":"barcelona:osm:way:1354374036","name":"Parc sense nom 1354374036","nameAddon":null,"objectNumber":"barcelona:osm:way:1354374036","district":"l'Eixample","locality":null,"type":"Park","areaM2":138.4,"areaHa":0.01,"designation":null,"dedicated":null,"builtYear":null,"renovatedYear":null,"planningAreaId":null,"planningAreaName":null,"centroid":[2.184052,41.40229],"bounds":[2.1839,41.40221,2.18416,41.40235],"amenities":{"playground":{"status":"observed-nearby","count":2,"nearestMeters":56,"coverage":"community-mapped-observations"},"toilet":{"status":"not-observed","count":0,"nearestMeters":null,"coverage":"community-mapped-observations"},"drinkingFountain":{"status":"observed-nearby","count":2,"nearestMeters":40,"coverage":"community-mapped-observations"},"dogRun":{"status":"not-observed","count":0,"nearestMeters":null,"coverage":"community-mapped-observations"}},"sourceId":"parks"}},{"type":"Feature","id":"barcelona:osm:way:1355970403","geometry":{"type":"Polygon","coordinates":[[[2.13838758,41.35372897],[2.13880666,41.3531527],[2.13936297,41.35338249],[2.139149,41.35367378],[2.13886568,41.35355437],[2.13865762,41.35383752],[2.13838758,41.35372897]]]},"properties":{"id":"barcelona:osm:way:1355970403","name":"Jardins de Justa Freire","nameAddon":null,"objectNumber":"barcelona:osm:way:1355970403","district":"Sants-Montjuïc","locality":null,"type":"Park","areaM2":2878,"areaHa":0.29,"designation":null,"dedicated":null,"builtYear":null,"renovatedYear":null,"planningAreaId":null,"planningAreaName":null,"centroid":[2.138866,41.353486],"bounds":[2.13839,41.35315,2.13936,41.35384],"amenities":{"playground":{"status":"observed-nearby","count":2,"nearestMeters":0,"coverage":"community-mapped-observations"},"toilet":{"status":"not-observed","count":0,"nearestMeters":null,"coverage":"community-mapped-observations"},"drinkingFountain":{"status":"observed-nearby","count":1,"nearestMeters":0,"coverage":"community-mapped-observations"},"dogRun":{"status":"not-observed","count":0,"nearestMeters":null,"coverage":"community-mapped-observations"}},"sourceId":"parks"}},{"type":"Feature","id":"barcelona:osm:way:136416922","geometry":{"type":"Polygon","coordinates":[[[2.13965515,41.399241],[2.13965958,41.39900941],[2.13979681,41.39890809],[2.13980419,41.39862674],[2.14019376,41.39863398],[2.14041805,41.39879862],[2.14041067,41.39917677],[2.14033099,41.39924824],[2.13965515,41.399241]]]},"properties":{"id":"barcelona:osm:way:136416922","name":"Jardins de Can Castelló","nameAddon":null,"objectNumber":"barcelona:osm:way:136416922","district":"Sarrià - Sant Gervasi","locality":null,"type":"Park","areaM2":3682.4,"areaHa":0.37,"designation":null,"dedicated":null,"builtYear":null,"renovatedYear":null,"planningAreaId":null,"planningAreaName":null,"centroid":[2.140056,41.398964],"bounds":[2.13966,41.39863,2.14042,41.39925],"amenities":{"playground":{"status":"not-observed","count":0,"nearestMeters":null,"coverage":"community-mapped-observations"},"toilet":{"status":"observed-nearby","count":1,"nearestMeters":0,"coverage":"community-mapped-observations"},"drinkingFountain":{"status":"observed-nearby","count":1,"nearestMeters":0,"coverage":"community-mapped-observations"},"dogRun":{"status":"not-observed","count":0,"nearestMeters":null,"coverage":"community-mapped-observations"}},"sourceId":"parks"}},{"type":"Feature","id":"barcelona:osm:way:1371342202","geometry":{"type":"Polygon","coordinates":[[[2.14311109,41.36038176],[2.1438858,41.3599611],[2.1446915,41.36048942],[2.14479332,41.36036276],[2.14579823,41.36077167],[2.14577019,41.36091551],[2.14457492,41.36063325],[2.14448786,41.36081328],[2.14541456,41.36103673],[2.14444359,41.36135878],[2.14311109,41.36038176]]]},"properties":{"id":"barcelona:osm:way:1371342202","name":"Jardins del Tren de la Potassa","nameAddon":null,"objectNumber":"barcelona:osm:way:1371342202","district":"Sants-Montjuïc","locality":null,"type":"Park","areaM2":14404.1,"areaHa":1.44,"designation":null,"dedicated":null,"builtYear":null,"renovatedYear":null,"planningAreaId":null,"planningAreaName":null,"centroid":[2.144327,41.360665],"bounds":[2.14311,41.35996,2.1458,41.36136],"amenities":{"playground":{"status":"observed-nearby","count":4,"nearestMeters":0,"coverage":"community-mapped-observations"},"toilet":{"status":"not-observed","count":0,"nearestMeters":null,"coverage":"community-mapped-observations"},"drinkingFountain":{"status":"observed-nearby","count":5,"nearestMeters":0,"coverage":"community-mapped-observations"},"dogRun":{"status":"not-observed","count":0,"nearestMeters":null,"coverage":"community-mapped-observations"}},"sourceId":"parks"}},{"type":"Feature","id":"barcelona:osm:way:1371901132","geometry":{"type":"Polygon","coordinates":[[[2.2107794,41.41437127],[2.21092991,41.4143378],[2.21100665,41.41420481],[2.21204254,41.41498733],[2.21183005,41.41514655],[2.2107794,41.41437127]]]},"properties":{"id":"barcelona:osm:way:1371901132","name":"Parc sense nom 1371901132","nameAddon":null,"objectNumber":"barcelona:osm:way:1371901132","district":"Sant Martí","locality":null,"type":"Park","areaM2":3101.2,"areaHa":0.31,"designation":null,"dedicated":null,"builtYear":null,"renovatedYear":null,"planningAreaId":null,"planningAreaName":null,"centroid":[2.211423,41.414684],"bounds":[2.21078,41.4142,2.21204,41.41515],"amenities":{"playground":{"status":"not-observed","count":0,"nearestMeters":null,"coverage":"community-mapped-observations"},"toilet":{"status":"not-observed","count":0,"nearestMeters":null,"coverage":"community-mapped-observations"},"drinkingFountain":{"status":"observed-nearby","count":1,"nearestMeters":21,"coverage":"community-mapped-observations"},"dogRun":{"status":"not-observed","count":0,"nearestMeters":null,"coverage":"community-mapped-observations"}},"sourceId":"parks"}},{"type":"Feature","id":"barcelona:osm:way:1371901133","geometry":{"type":"Polygon","coordinates":[[[2.20976268,41.41361046],[2.20990877,41.41346752],[2.20991763,41.41358241],[2.21007109,41.41369369],[2.21016848,41.41364303],[2.21082957,41.41413425],[2.21090925,41.41413335],[2.21100074,41.41420119],[2.21093434,41.41425185],[2.21081334,41.41425638],[2.21077497,41.41436855],[2.20976268,41.41361046]]]},"properties":{"id":"barcelona:osm:way:1371901133","name":"Parc sense nom 1371901133","nameAddon":null,"objectNumber":"barcelona:osm:way:1371901133","district":"Sant Martí","locality":null,"type":"Park","areaM2":2385.3,"areaHa":0.24,"designation":null,"dedicated":null,"builtYear":null,"renovatedYear":null,"planningAreaId":null,"planningAreaName":null,"centroid":[2.210393,41.413948],"bounds":[2.20976,41.41347,2.211,41.41437],"amenities":{"playground":{"status":"not-observed","count":0,"nearestMeters":null,"coverage":"community-mapped-observations"},"toilet":{"status":"not-observed","count":0,"nearestMeters":null,"coverage":"community-mapped-observations"},"drinkingFountain":{"status":"not-observed","count":0,"nearestMeters":null,"coverage":"community-mapped-observations"},"dogRun":{"status":"not-observed","count":0,"nearestMeters":null,"coverage":"community-mapped-observations"}},"sourceId":"parks"}},{"type":"Feature","id":"barcelona:osm:way:1373153847","geometry":{"type":"Polygon","coordinates":[[[2.15045386,41.43462547],[2.15048042,41.43453772],[2.1505852,41.43448525],[2.15094968,41.43448435],[2.15148238,41.43442555],[2.15178784,41.43474127],[2.15223201,41.43496834],[2.15224971,41.43505609],[2.15220397,41.43509951],[2.15185719,41.4349222],[2.15183949,41.43487606],[2.15150894,41.43481636],[2.1511179,41.43482993],[2.15071653,41.43495748],[2.15055716,41.43481636],[2.15045386,41.43462547]]]},"properties":{"id":"barcelona:osm:way:1373153847","name":"Parc sense nom 1373153847","nameAddon":null,"objectNumber":"barcelona:osm:way:1373153847","district":"Horta-Guinardó","locality":null,"type":"Park","areaM2":4870.1,"areaHa":0.49,"designation":null,"dedicated":null,"builtYear":null,"renovatedYear":null,"planningAreaId":null,"planningAreaName":null,"centroid":[2.151201,41.434702],"bounds":[2.15045,41.43443,2.15225,41.4351],"amenities":{"playground":{"status":"observed-nearby","count":4,"nearestMeters":0,"coverage":"community-mapped-observations"},"toilet":{"status":"not-observed","count":0,"nearestMeters":null,"coverage":"community-mapped-observations"},"drinkingFountain":{"status":"not-observed","count":0,"nearestMeters":null,"coverage":"community-mapped-observations"},"dogRun":{"status":"observed-nearby","count":1,"nearestMeters":24,"coverage":"community-mapped-observations"}},"sourceId":"parks"}},{"type":"Feature","id":"barcelona:osm:way:138213575","geometry":{"type":"Polygon","coordinates":[[[2.13265472,41.40146463],[2.13297936,41.40107291],[2.13309151,41.40112538],[2.133062,41.40115705],[2.13399608,41.40156957],[2.1340492,41.40154786],[2.13377473,41.40189615],[2.13337779,41.40172698],[2.13325531,41.40158766],[2.13321252,41.40157228],[2.13315792,41.40163832],[2.13302658,41.40162023],[2.13265472,41.40146463]]]},"properties":{"id":"barcelona:osm:way:138213575","name":"Plaça de Ferran Casablancas","nameAddon":null,"objectNumber":"barcelona:osm:way:138213575","district":"Sarrià - Sant Gervasi","locality":null,"type":"Park","areaM2":4529.5,"areaHa":0.45,"designation":null,"dedicated":null,"builtYear":null,"renovatedYear":null,"planningAreaId":null,"planningAreaName":null,"centroid":[2.133335,41.401497],"bounds":[2.13265,41.40107,2.13405,41.4019],"amenities":{"playground":{"status":"observed-nearby","count":1,"nearestMeters":0,"coverage":"community-mapped-observations"},"toilet":{"status":"not-observed","count":0,"nearestMeters":null,"coverage":"community-mapped-observations"},"drinkingFountain":{"status":"observed-nearby","count":1,"nearestMeters":0,"coverage":"community-mapped-observations"},"dogRun":{"status":"observed-nearby","count":1,"nearestMeters":0,"coverage":"community-mapped-observations"}},"sourceId":"parks"}},{"type":"Feature","id":"barcelona:osm:way:1384267756","geometry":{"type":"Polygon","coordinates":[[[2.14662754,41.42113714],[2.14669689,41.42089108],[2.14835698,41.42126741],[2.14877606,41.4215768],[2.14790249,41.42156143],[2.14696988,41.42121133],[2.14662754,41.42113714]]]},"properties":{"id":"barcelona:osm:way:1384267756","name":"Jardins de Pepita Pardell Terrade","nameAddon":null,"objectNumber":"barcelona:osm:way:1384267756","district":"Gràcia","locality":null,"type":"Park","areaM2":5945.8,"areaHa":0.59,"designation":null,"dedicated":null,"builtYear":null,"renovatedYear":null,"planningAreaId":null,"planningAreaName":null,"centroid":[2.14766,41.421275],"bounds":[2.14663,41.42089,2.14878,41.42158],"amenities":{"playground":{"status":"not-observed","count":0,"nearestMeters":null,"coverage":"community-mapped-observations"},"toilet":{"status":"not-observed","count":0,"nearestMeters":null,"coverage":"community-mapped-observations"},"drinkingFountain":{"status":"observed-nearby","count":2,"nearestMeters":0,"coverage":"community-mapped-observations"},"dogRun":{"status":"not-observed","count":0,"nearestMeters":null,"coverage":"community-mapped-observations"}},"sourceId":"parks"}},{"type":"Feature","id":"barcelona:osm:way:1388217134","geometry":{"type":"Polygon","coordinates":[[[2.1408091,41.41358965],[2.14097289,41.41347566],[2.14161479,41.41312466],[2.14223161,41.41288131],[2.14235556,41.41284603],[2.14237622,41.41288402],[2.14252231,41.41283789],[2.1425592,41.41277818],[2.14268021,41.41274652],[2.14282629,41.41310295],[2.1427348,41.41302424],[2.14257691,41.41301339],[2.14122228,41.41370906],[2.14118096,41.41367107],[2.14103635,41.41375068],[2.14081205,41.41364483],[2.1408091,41.41358965]]]},"properties":{"id":"barcelona:osm:way:1388217134","name":"Parc sense nom 1388217134","nameAddon":null,"objectNumber":"barcelona:osm:way:1388217134","district":"Gràcia","locality":null,"type":"Park","areaM2":5432.2,"areaHa":0.54,"designation":null,"dedicated":null,"builtYear":null,"renovatedYear":null,"planningAreaId":null,"planningAreaName":null,"centroid":[2.141771,41.413257],"bounds":[2.14081,41.41275,2.14283,41.41375],"amenities":{"playground":{"status":"observed-nearby","count":3,"nearestMeters":0,"coverage":"community-mapped-observations"},"toilet":{"status":"not-observed","count":0,"nearestMeters":null,"coverage":"community-mapped-observations"},"drinkingFountain":{"status":"observed-nearby","count":1,"nearestMeters":0,"coverage":"community-mapped-observations"},"dogRun":{"status":"observed-nearby","count":1,"nearestMeters":0,"coverage":"community-mapped-observations"}},"sourceId":"parks"}},{"type":"Feature","id":"barcelona:osm:way:1395934605","geometry":{"type":"Polygon","coordinates":[[[2.21182563,41.41433599],[2.21207353,41.4141442],[2.21233029,41.41434051],[2.21208239,41.41452868],[2.21182563,41.41433599]]]},"properties":{"id":"barcelona:osm:way:1395934605","name":"Jardins de Núria Pompeia","nameAddon":null,"objectNumber":"barcelona:osm:way:1395934605","district":"Sant Martí","locality":null,"type":"Park","areaM2":898.8,"areaHa":0.09,"designation":null,"dedicated":null,"builtYear":null,"renovatedYear":null,"planningAreaId":null,"planningAreaName":null,"centroid":[2.212078,41.414337],"bounds":[2.21183,41.41414,2.21233,41.41453],"amenities":{"playground":{"status":"not-observed","count":0,"nearestMeters":null,"coverage":"community-mapped-observations"},"toilet":{"status":"not-observed","count":0,"nearestMeters":null,"coverage":"community-mapped-observations"},"drinkingFountain":{"status":"observed-nearby","count":1,"nearestMeters":69,"coverage":"community-mapped-observations"},"dogRun":{"status":"not-observed","count":0,"nearestMeters":null,"coverage":"community-mapped-observations"}},"sourceId":"parks"}},{"type":"Feature","id":"barcelona:osm:way:1417557090","geometry":{"type":"Polygon","coordinates":[[[2.19363544,41.44085489],[2.19367971,41.4400778],[2.19392614,41.44008866],[2.19393795,41.44087842],[2.19363544,41.44085489]]]},"properties":{"id":"barcelona:osm:way:1417557090","name":"Parc sense nom 1417557090","nameAddon":null,"objectNumber":"barcelona:osm:way:1417557090","district":"Sant Andreu","locality":null,"type":"Park","areaM2":2048.7,"areaHa":0.2,"designation":null,"dedicated":null,"builtYear":null,"renovatedYear":null,"planningAreaId":null,"planningAreaName":null,"centroid":[2.193795,41.440488],"bounds":[2.19364,41.44008,2.19394,41.44088],"amenities":{"playground":{"status":"observed-nearby","count":1,"nearestMeters":61,"coverage":"community-mapped-observations"},"toilet":{"status":"not-observed","count":0,"nearestMeters":null,"coverage":"community-mapped-observations"},"drinkingFountain":{"status":"not-observed","count":0,"nearestMeters":null,"coverage":"community-mapped-observations"},"dogRun":{"status":"not-observed","count":0,"nearestMeters":null,"coverage":"community-mapped-observations"}},"sourceId":"parks"}},{"type":"Feature","id":"barcelona:osm:way:1417557091","geometry":{"type":"Polygon","coordinates":[[[2.19426554,41.44088927],[2.19427439,41.44026506],[2.19433342,41.44026235],[2.19441605,41.44089108],[2.19426554,41.44088927]]]},"properties":{"id":"barcelona:osm:way:1417557091","name":"Parc sense nom 1417557091","nameAddon":null,"objectNumber":"barcelona:osm:way:1417557091","district":"Sant Andreu","locality":null,"type":"Park","areaM2":643.9,"areaHa":0.06,"designation":null,"dedicated":null,"builtYear":null,"renovatedYear":null,"planningAreaId":null,"planningAreaName":null,"centroid":[2.194325,41.440622],"bounds":[2.19427,41.44026,2.19442,41.44089],"amenities":{"playground":{"status":"not-observed","count":0,"nearestMeters":null,"coverage":"community-mapped-observations"},"toilet":{"status":"not-observed","count":0,"nearestMeters":null,"coverage":"community-mapped-observations"},"drinkingFountain":{"status":"not-observed","count":0,"nearestMeters":null,"coverage":"community-mapped-observations"},"dogRun":{"status":"not-observed","count":0,"nearestMeters":null,"coverage":"community-mapped-observations"}},"sourceId":"parks"}},{"type":"Feature","id":"barcelona:osm:way:1417557092","geometry":{"type":"Polygon","coordinates":[[[2.19416962,41.44210964],[2.19424783,41.44110367],[2.19441901,41.44111091],[2.19434522,41.44222453],[2.19429948,41.44222272],[2.19416962,41.44210964]]]},"properties":{"id":"barcelona:osm:way:1417557092","name":"Parc sense nom 1417557092","nameAddon":null,"objectNumber":"barcelona:osm:way:1417557092","district":"Sant Andreu","locality":null,"type":"Park","areaM2":1779.9,"areaHa":0.18,"designation":null,"dedicated":null,"builtYear":null,"renovatedYear":null,"planningAreaId":null,"planningAreaName":null,"centroid":[2.194296,41.441651],"bounds":[2.19417,41.4411,2.19442,41.44222],"amenities":{"playground":{"status":"not-observed","count":0,"nearestMeters":null,"coverage":"community-mapped-observations"},"toilet":{"status":"not-observed","count":0,"nearestMeters":null,"coverage":"community-mapped-observations"},"drinkingFountain":{"status":"not-observed","count":0,"nearestMeters":null,"coverage":"community-mapped-observations"},"dogRun":{"status":"not-observed","count":0,"nearestMeters":null,"coverage":"community-mapped-observations"}},"sourceId":"parks"}},{"type":"Feature","id":"barcelona:osm:way:142601307","geometry":{"type":"Polygon","coordinates":[[[2.13341763,41.3983843],[2.13482244,41.39837434],[2.13419529,41.3991831],[2.13414512,41.39917677],[2.13341763,41.3983843]]]},"properties":{"id":"barcelona:osm:way:142601307","name":"Jardí de les Tres Torres","nameAddon":null,"objectNumber":"barcelona:osm:way:142601307","district":"Sarrià - Sant Gervasi","locality":null,"type":"Park","areaM2":5407.1,"areaHa":0.54,"designation":null,"dedicated":null,"builtYear":null,"renovatedYear":null,"planningAreaId":null,"planningAreaName":null,"centroid":[2.134138,41.398655],"bounds":[2.13342,41.39837,2.13482,41.39918],"amenities":{"playground":{"status":"not-observed","count":0,"nearestMeters":null,"coverage":"community-mapped-observations"},"toilet":{"status":"not-observed","count":0,"nearestMeters":null,"coverage":"community-mapped-observations"},"drinkingFountain":{"status":"observed-nearby","count":2,"nearestMeters":0,"coverage":"community-mapped-observations"},"dogRun":{"status":"not-observed","count":0,"nearestMeters":null,"coverage":"community-mapped-observations"}},"sourceId":"parks"}},{"type":"Feature","id":"barcelona:osm:way:142987526","geometry":{"type":"Polygon","coordinates":[[[2.10246908,41.38230505],[2.10545577,41.38291931],[2.10861364,41.38371449],[2.10891319,41.38409625],[2.10867709,41.38455672],[2.10795993,41.38436584],[2.10766775,41.38457301],[2.10745379,41.38467975],[2.10717784,41.38473132],[2.10521377,41.38576081],[2.10442873,41.38487154],[2.10408491,41.38440384],[2.10398604,41.38436132],[2.10249122,41.38246608],[2.10246908,41.38230505]]]},"properties":{"id":"barcelona:osm:way:142987526","name":"Parc i Roserar de Cervantes","nameAddon":null,"objectNumber":"barcelona:osm:way:142987526","district":"les Corts","locality":null,"type":"Park","areaM2":92618.9,"areaHa":9.26,"designation":null,"dedicated":null,"builtYear":null,"renovatedYear":null,"planningAreaId":null,"planningAreaName":null,"centroid":[2.105588,41.38394],"bounds":[2.10247,41.38231,2.10891,41.38576],"amenities":{"playground":{"status":"observed-nearby","count":5,"nearestMeters":0,"coverage":"community-mapped-observations"},"toilet":{"status":"not-observed","count":0,"nearestMeters":null,"coverage":"community-mapped-observations"},"drinkingFountain":{"status":"observed-nearby","count":7,"nearestMeters":0,"coverage":"community-mapped-observations"},"dogRun":{"status":"not-observed","count":0,"nearestMeters":null,"coverage":"community-mapped-observations"}},"sourceId":"parks"}},{"type":"Feature","id":"barcelona:osm:way:144048929","geometry":{"type":"Polygon","coordinates":[[[2.12819682,41.37260811],[2.12854507,41.37217659],[2.12950719,41.3726063],[2.12914713,41.37304596],[2.12819682,41.37260811]]]},"properties":{"id":"barcelona:osm:way:144048929","name":"Plaça de l'Olivereta","nameAddon":null,"objectNumber":"barcelona:osm:way:144048929","district":"Sants-Montjuïc","locality":null,"type":"Park","areaM2":5259.9,"areaHa":0.53,"designation":null,"dedicated":null,"builtYear":null,"renovatedYear":null,"planningAreaId":null,"planningAreaName":null,"centroid":[2.128851,41.37261],"bounds":[2.1282,41.37218,2.12951,41.37305],"amenities":{"playground":{"status":"observed-nearby","count":1,"nearestMeters":0,"coverage":"community-mapped-observations"},"toilet":{"status":"not-observed","count":0,"nearestMeters":null,"coverage":"community-mapped-observations"},"drinkingFountain":{"status":"observed-nearby","count":1,"nearestMeters":0,"coverage":"community-mapped-observations"},"dogRun":{"status":"observed-nearby","count":1,"nearestMeters":0,"coverage":"community-mapped-observations"}},"sourceId":"parks"}},{"type":"Feature","id":"barcelona:osm:way:1442017191","geometry":{"type":"Polygon","coordinates":[[[2.11521121,41.3877628],[2.11567456,41.38701646],[2.1159387,41.38706893],[2.11544732,41.38782884],[2.11521121,41.3877628]]]},"properties":{"id":"barcelona:osm:way:1442017191","name":"Parc sense nom 1442017191","nameAddon":null,"objectNumber":"barcelona:osm:way:1442017191","district":"les Corts","locality":null,"type":"Park","areaM2":2181.7,"areaHa":0.22,"designation":null,"dedicated":null,"builtYear":null,"renovatedYear":null,"planningAreaId":null,"planningAreaName":null,"centroid":[2.115571,41.387415],"bounds":[2.11521,41.38702,2.11594,41.38783],"amenities":{"playground":{"status":"observed-nearby","count":2,"nearestMeters":0,"coverage":"community-mapped-observations"},"toilet":{"status":"not-observed","count":0,"nearestMeters":null,"coverage":"community-mapped-observations"},"drinkingFountain":{"status":"not-observed","count":0,"nearestMeters":null,"coverage":"community-mapped-observations"},"dogRun":{"status":"not-observed","count":0,"nearestMeters":null,"coverage":"community-mapped-observations"}},"sourceId":"parks"}},{"type":"Feature","id":"barcelona:osm:way:1442545491","geometry":{"type":"Polygon","coordinates":[[[2.19132164,41.41552922],[2.19151052,41.41536276],[2.19179827,41.4154677],[2.19202405,41.41635245],[2.19161234,41.41666003],[2.19137181,41.41580876],[2.19158136,41.41576172],[2.19153709,41.41551294],[2.19132164,41.41552922]]]},"properties":{"id":"barcelona:osm:way:1442545491","name":"Jardins de la Torre del Fang","nameAddon":null,"objectNumber":"barcelona:osm:way:1442545491","district":"Sant Andreu","locality":null,"type":"Park","areaM2":4624.1,"areaHa":0.46,"designation":null,"dedicated":null,"builtYear":null,"renovatedYear":null,"planningAreaId":null,"planningAreaName":null,"centroid":[2.191691,41.416009],"bounds":[2.19132,41.41536,2.19202,41.41666],"amenities":{"playground":{"status":"not-observed","count":0,"nearestMeters":null,"coverage":"community-mapped-observations"},"toilet":{"status":"not-observed","count":0,"nearestMeters":null,"coverage":"community-mapped-observations"},"drinkingFountain":{"status":"observed-nearby","count":3,"nearestMeters":0,"coverage":"community-mapped-observations"},"dogRun":{"status":"not-observed","count":0,"nearestMeters":null,"coverage":"community-mapped-observations"}},"sourceId":"parks"}},{"type":"Feature","id":"barcelona:osm:way:1442884537","geometry":{"type":"Polygon","coordinates":[[[2.19459903,41.43573005],[2.19463297,41.43545594],[2.19579578,41.43572734],[2.195964,41.43641759],[2.19621928,41.43704179],[2.19632996,41.4371784],[2.19512436,41.43741722],[2.19459903,41.43573005]]]},"properties":{"id":"barcelona:osm:way:1442884537","name":"Parc de les Treballadores i els Treballadors de la Maquinista","nameAddon":null,"objectNumber":"barcelona:osm:way:1442884537","district":"Sant Andreu","locality":null,"type":"Park","areaM2":19092.6,"areaHa":1.91,"designation":null,"dedicated":null,"builtYear":null,"renovatedYear":null,"planningAreaId":null,"planningAreaName":null,"centroid":[2.195391,41.436452],"bounds":[2.1946,41.43546,2.19633,41.43742],"amenities":{"playground":{"status":"observed-nearby","count":1,"nearestMeters":0,"coverage":"community-mapped-observations"},"toilet":{"status":"not-observed","count":0,"nearestMeters":null,"coverage":"community-mapped-observations"},"drinkingFountain":{"status":"observed-nearby","count":2,"nearestMeters":0,"coverage":"community-mapped-observations"},"dogRun":{"status":"observed-nearby","count":1,"nearestMeters":0,"coverage":"community-mapped-observations"}},"sourceId":"parks"}},{"type":"Feature","id":"barcelona:osm:way:1451292134","geometry":{"type":"Polygon","coordinates":[[[2.11415613,41.38914872],[2.11420926,41.38910892],[2.11426533,41.3891433],[2.11526434,41.38831645],[2.1153632,41.38837887],[2.11545765,41.38831192],[2.11626482,41.38878325],[2.11722841,41.38916139],[2.11656142,41.38970508],[2.11625449,41.38947349],[2.11637254,41.3893776],[2.11613201,41.38921476],[2.11604052,41.38928985],[2.11566571,41.38905193],[2.11533074,41.38940022],[2.11479804,41.38979645],[2.11442027,41.3894156],[2.11415613,41.38914872]]]},"properties":{"id":"barcelona:osm:way:1451292134","name":"Jardins de Torre Girona","nameAddon":null,"objectNumber":"barcelona:osm:way:1451292134","district":"les Corts","locality":null,"type":"Park","areaM2":18711.1,"areaHa":1.87,"designation":null,"dedicated":null,"builtYear":null,"renovatedYear":null,"planningAreaId":null,"planningAreaName":null,"centroid":[2.11557,41.38906],"bounds":[2.11416,41.38831,2.11723,41.3898],"amenities":{"playground":{"status":"not-observed","count":0,"nearestMeters":null,"coverage":"community-mapped-observations"},"toilet":{"status":"not-observed","count":0,"nearestMeters":null,"coverage":"community-mapped-observations"},"drinkingFountain":{"status":"observed-nearby","count":2,"nearestMeters":53,"coverage":"community-mapped-observations"},"dogRun":{"status":"not-observed","count":0,"nearestMeters":null,"coverage":"community-mapped-observations"}},"sourceId":"parks"}},{"type":"Feature","id":"barcelona:osm:way:145237964","geometry":{"type":"Polygon","coordinates":[[[2.12548755,41.37859598],[2.12581072,41.37805681],[2.12654559,41.37850642],[2.12606895,41.37897865],[2.12570595,41.37872083],[2.12548755,41.37859598]]]},"properties":{"id":"barcelona:osm:way:145237964","name":"Jardins de Josep Goday i Casals","nameAddon":null,"objectNumber":"barcelona:osm:way:145237964","district":"les Corts","locality":null,"type":"Park","areaM2":4636.1,"areaHa":0.46,"designation":null,"dedicated":null,"builtYear":null,"renovatedYear":null,"planningAreaId":null,"planningAreaName":null,"centroid":[2.12599,41.378524],"bounds":[2.12549,41.37806,2.12655,41.37898],"amenities":{"playground":{"status":"observed-nearby","count":1,"nearestMeters":63,"coverage":"community-mapped-observations"},"toilet":{"status":"not-observed","count":0,"nearestMeters":null,"coverage":"community-mapped-observations"},"drinkingFountain":{"status":"observed-nearby","count":3,"nearestMeters":0,"coverage":"community-mapped-observations"},"dogRun":{"status":"not-observed","count":0,"nearestMeters":null,"coverage":"community-mapped-observations"}},"sourceId":"parks"}},{"type":"Feature","id":"barcelona:osm:way:145239556","geometry":{"type":"Polygon","coordinates":[[[2.1250124,41.38402207],[2.12525588,41.38375249],[2.12670348,41.3844934],[2.12661642,41.38459291],[2.12683038,41.38470599],[2.12691007,41.38461552],[2.12700303,41.38466166],[2.12697204,41.38485887],[2.12603649,41.38457662],[2.12601288,41.38459834],[2.12533556,41.38421476],[2.1250124,41.38402207]]]},"properties":{"id":"barcelona:osm:way:145239556","name":"Parc sense nom 145239556","nameAddon":null,"objectNumber":"barcelona:osm:way:145239556","district":"les Corts","locality":null,"type":"Park","areaM2":6207.9,"areaHa":0.62,"designation":null,"dedicated":null,"builtYear":null,"renovatedYear":null,"planningAreaId":null,"planningAreaName":null,"centroid":[2.125936,41.384307],"bounds":[2.12501,41.38375,2.127,41.38486],"amenities":{"playground":{"status":"not-observed","count":0,"nearestMeters":null,"coverage":"community-mapped-observations"},"toilet":{"status":"not-observed","count":0,"nearestMeters":null,"coverage":"community-mapped-observations"},"drinkingFountain":{"status":"not-observed","count":0,"nearestMeters":null,"coverage":"community-mapped-observations"},"dogRun":{"status":"not-observed","count":0,"nearestMeters":null,"coverage":"community-mapped-observations"}},"sourceId":"parks"}},{"type":"Feature","id":"barcelona:osm:way:145244297","geometry":{"type":"Polygon","coordinates":[[[2.12275467,41.38459291],[2.1231162,41.38413063],[2.12306308,41.38410711],[2.12371974,41.38306495],[2.12460512,41.38183373],[2.12537098,41.38099059],[2.12578711,41.38111001],[2.12647328,41.38142482],[2.12686137,41.38169984],[2.12538721,41.38362222],[2.12472022,41.38333816],[2.12458004,41.38336982],[2.12446198,41.38354804],[2.12466267,41.3836195],[2.1246066,41.38368735],[2.12501978,41.38387371],[2.1249519,41.38397413],[2.12486779,41.38392889],[2.12479991,41.38399674],[2.12447822,41.38385652],[2.12440001,41.38395694],[2.1247763,41.3841243],[2.12470842,41.38421024],[2.12433065,41.38404559],[2.12422441,41.38418039],[2.12460069,41.38434775],[2.12438378,41.38472318],[2.1252603,41.3850389],[2.12434098,41.38572372],[2.12452986,41.38541976],[2.12441624,41.38537362],[2.12445903,41.38531753],[2.12410636,41.38515017],[2.12396322,41.3851746],[2.12291699,41.38474127],[2.12281665,41.38476027],[2.12283288,41.38466709],[2.12275467,41.38459291]]]},"properties":{"id":"barcelona:osm:way:145244297","name":"Jardins de la Maternitat","nameAddon":null,"objectNumber":"barcelona:osm:way:145244297","district":"les Corts","locality":null,"type":"Park","areaM2":68060.6,"areaHa":6.81,"designation":null,"dedicated":null,"builtYear":null,"renovatedYear":null,"planningAreaId":null,"planningAreaName":null,"centroid":[2.124768,41.383124],"bounds":[2.12275,41.38099,2.12686,41.38572],"amenities":{"playground":{"status":"observed-nearby","count":3,"nearestMeters":0,"coverage":"community-mapped-observations"},"toilet":{"status":"not-observed","count":0,"nearestMeters":null,"coverage":"community-mapped-observations"},"drinkingFountain":{"status":"observed-nearby","count":4,"nearestMeters":0,"coverage":"community-mapped-observations"},"dogRun":{"status":"observed-nearby","count":1,"nearestMeters":70,"coverage":"community-mapped-observations"}},"sourceId":"parks"}},{"type":"Feature","id":"barcelona:osm:way:1464893293","geometry":{"type":"Polygon","coordinates":[[[2.20667713,41.43895513],[2.20670074,41.43884205],[2.20712867,41.43889361],[2.20710506,41.43900669],[2.20667713,41.43895513]]]},"properties":{"id":"barcelona:osm:way:1464893293","name":"Parc sense nom 1464893293","nameAddon":null,"objectNumber":"barcelona:osm:way:1464893293","district":"Sant Andreu","locality":null,"type":"Park","areaM2":459.3,"areaHa":0.05,"designation":null,"dedicated":null,"builtYear":null,"renovatedYear":null,"planningAreaId":null,"planningAreaName":null,"centroid":[2.206903,41.438924],"bounds":[2.20668,41.43884,2.20713,41.43901],"amenities":{"playground":{"status":"not-observed","count":0,"nearestMeters":null,"coverage":"community-mapped-observations"},"toilet":{"status":"not-observed","count":0,"nearestMeters":null,"coverage":"community-mapped-observations"},"drinkingFountain":{"status":"observed-nearby","count":1,"nearestMeters":67,"coverage":"community-mapped-observations"},"dogRun":{"status":"not-observed","count":0,"nearestMeters":null,"coverage":"community-mapped-observations"}},"sourceId":"parks"}},{"type":"Feature","id":"barcelona:osm:way:1464893294","geometry":{"type":"Polygon","coordinates":[[[2.20587438,41.43883933],[2.20590832,41.43868916],[2.20621673,41.43872716],[2.20620492,41.43878234],[2.20632888,41.43879772],[2.20630822,41.43889271],[2.20587438,41.43883933]]]},"properties":{"id":"barcelona:osm:way:1464893294","name":"Parc sense nom 1464893294","nameAddon":null,"objectNumber":"barcelona:osm:way:1464893294","district":"Sant Andreu","locality":null,"type":"Park","areaM2":553.9,"areaHa":0.06,"designation":null,"dedicated":null,"builtYear":null,"renovatedYear":null,"planningAreaId":null,"planningAreaName":null,"centroid":[2.206089,41.438794],"bounds":[2.20587,41.43869,2.20633,41.43889],"amenities":{"playground":{"status":"not-observed","count":0,"nearestMeters":null,"coverage":"community-mapped-observations"},"toilet":{"status":"not-observed","count":0,"nearestMeters":null,"coverage":"community-mapped-observations"},"drinkingFountain":{"status":"observed-nearby","count":2,"nearestMeters":24,"coverage":"community-mapped-observations"},"dogRun":{"status":"not-observed","count":0,"nearestMeters":null,"coverage":"community-mapped-observations"}},"sourceId":"parks"}},{"type":"Feature","id":"barcelona:osm:way:1464893295","geometry":{"type":"Polygon","coordinates":[[[2.20648234,41.43884929],[2.20651481,41.43879862],[2.20659449,41.43882034],[2.20656203,41.43888095],[2.20648234,41.43884929]]]},"properties":{"id":"barcelona:osm:way:1464893295","name":"Parc sense nom 1464893295","nameAddon":null,"objectNumber":"barcelona:osm:way:1464893295","district":"Sant Andreu","locality":null,"type":"Park","areaM2":76.1,"areaHa":0.01,"designation":null,"dedicated":null,"builtYear":null,"renovatedYear":null,"planningAreaId":null,"planningAreaName":null,"centroid":[2.206539,41.438838],"bounds":[2.20648,41.4388,2.20659,41.43888],"amenities":{"playground":{"status":"not-observed","count":0,"nearestMeters":null,"coverage":"community-mapped-observations"},"toilet":{"status":"not-observed","count":0,"nearestMeters":null,"coverage":"community-mapped-observations"},"drinkingFountain":{"status":"observed-nearby","count":2,"nearestMeters":57,"coverage":"community-mapped-observations"},"dogRun":{"status":"not-observed","count":0,"nearestMeters":null,"coverage":"community-mapped-observations"}},"sourceId":"parks"}},{"type":"Feature","id":"barcelona:osm:way:1464893296","geometry":{"type":"Polygon","coordinates":[[[2.2029172,41.43845576],[2.20293491,41.43837706],[2.20336284,41.43842953],[2.20334661,41.43850914],[2.2029172,41.43845576]]]},"properties":{"id":"barcelona:osm:way:1464893296","name":"Parc sense nom 1464893296","nameAddon":null,"objectNumber":"barcelona:osm:way:1464893296","district":"Sant Andreu","locality":null,"type":"Park","areaM2":322.4,"areaHa":0.03,"designation":null,"dedicated":null,"builtYear":null,"renovatedYear":null,"planningAreaId":null,"planningAreaName":null,"centroid":[2.203141,41.438443],"bounds":[2.20292,41.43838,2.20336,41.43851],"amenities":{"playground":{"status":"observed-nearby","count":3,"nearestMeters":28,"coverage":"community-mapped-observations"},"toilet":{"status":"not-observed","count":0,"nearestMeters":null,"coverage":"community-mapped-observations"},"drinkingFountain":{"status":"observed-nearby","count":1,"nearestMeters":53,"coverage":"community-mapped-observations"},"dogRun":{"status":"not-observed","count":0,"nearestMeters":null,"coverage":"community-mapped-observations"}},"sourceId":"parks"}},{"type":"Feature","id":"barcelona:osm:way:1464893297","geometry":{"type":"Polygon","coordinates":[[[2.20352516,41.43844491],[2.20354287,41.43837073],[2.20395605,41.438425],[2.20393834,41.43849738],[2.20377455,41.43847747],[2.20352516,41.43844491]]]},"properties":{"id":"barcelona:osm:way:1464893297","name":"Parc sense nom 1464893297","nameAddon":null,"objectNumber":"barcelona:osm:way:1464893297","district":"Sant Andreu","locality":null,"type":"Park","areaM2":292.9,"areaHa":0.03,"designation":null,"dedicated":null,"builtYear":null,"renovatedYear":null,"planningAreaId":null,"planningAreaName":null,"centroid":[2.20374,41.438435],"bounds":[2.20353,41.43837,2.20396,41.4385],"amenities":{"playground":{"status":"observed-nearby","count":4,"nearestMeters":0,"coverage":"community-mapped-observations"},"toilet":{"status":"not-observed","count":0,"nearestMeters":null,"coverage":"community-mapped-observations"},"drinkingFountain":{"status":"observed-nearby","count":2,"nearestMeters":66,"coverage":"community-mapped-observations"},"dogRun":{"status":"not-observed","count":0,"nearestMeters":null,"coverage":"community-mapped-observations"}},"sourceId":"parks"}},{"type":"Feature","id":"barcelona:osm:way:1464893298","geometry":{"type":"Polygon","coordinates":[[[2.20491817,41.43869459],[2.20494768,41.43856703],[2.20522953,41.43860322],[2.20520001,41.43873078],[2.20491817,41.43869459]]]},"properties":{"id":"barcelona:osm:way:1464893298","name":"Parc sense nom 1464893298","nameAddon":null,"objectNumber":"barcelona:osm:way:1464893298","district":"Sant Andreu","locality":null,"type":"Park","areaM2":343.3,"areaHa":0.03,"designation":null,"dedicated":null,"builtYear":null,"renovatedYear":null,"planningAreaId":null,"planningAreaName":null,"centroid":[2.205074,41.438649],"bounds":[2.20492,41.43857,2.20523,41.43873],"amenities":{"playground":{"status":"observed-nearby","count":3,"nearestMeters":47,"coverage":"community-mapped-observations"},"toilet":{"status":"not-observed","count":0,"nearestMeters":null,"coverage":"community-mapped-observations"},"drinkingFountain":{"status":"observed-nearby","count":3,"nearestMeters":47,"coverage":"community-mapped-observations"},"dogRun":{"status":"not-observed","count":0,"nearestMeters":null,"coverage":"community-mapped-observations"}},"sourceId":"parks"}},{"type":"Feature","id":"barcelona:osm:way:1464893299","geometry":{"type":"Polygon","coordinates":[[[2.20424823,41.43861046],[2.20426446,41.43853447],[2.20451089,41.43856523],[2.20449318,41.43864122],[2.20424823,41.43861046]]]},"properties":{"id":"barcelona:osm:way:1464893299","name":"Parc sense nom 1464893299","nameAddon":null,"objectNumber":"barcelona:osm:way:1464893299","district":"Sant Andreu","locality":null,"type":"Park","areaM2":178.4,"areaHa":0.02,"designation":null,"dedicated":null,"builtYear":null,"renovatedYear":null,"planningAreaId":null,"planningAreaName":null,"centroid":[2.204379,41.438588],"bounds":[2.20425,41.43853,2.20451,41.43864],"amenities":{"playground":{"status":"observed-nearby","count":4,"nearestMeters":17,"coverage":"community-mapped-observations"},"toilet":{"status":"not-observed","count":0,"nearestMeters":null,"coverage":"community-mapped-observations"},"drinkingFountain":{"status":"observed-nearby","count":1,"nearestMeters":41,"coverage":"community-mapped-observations"},"dogRun":{"status":"not-observed","count":0,"nearestMeters":null,"coverage":"community-mapped-observations"}},"sourceId":"parks"}},{"type":"Feature","id":"barcelona:osm:way:1464893304","geometry":{"type":"Polygon","coordinates":[[[2.20515574,41.43844762],[2.20520887,41.43820427],[2.20532692,41.43821874],[2.2052738,41.4384621],[2.20515574,41.43844762]]]},"properties":{"id":"barcelona:osm:way:1464893304","name":"Parc sense nom 1464893304","nameAddon":null,"objectNumber":"barcelona:osm:way:1464893304","district":"Sant Andreu","locality":null,"type":"Park","areaM2":272.3,"areaHa":0.03,"designation":null,"dedicated":null,"builtYear":null,"renovatedYear":null,"planningAreaId":null,"planningAreaName":null,"centroid":[2.205241,41.438333],"bounds":[2.20516,41.4382,2.20533,41.43846],"amenities":{"playground":{"status":"not-observed","count":0,"nearestMeters":null,"coverage":"community-mapped-observations"},"toilet":{"status":"not-observed","count":0,"nearestMeters":null,"coverage":"community-mapped-observations"},"drinkingFountain":{"status":"observed-nearby","count":1,"nearestMeters":69,"coverage":"community-mapped-observations"},"dogRun":{"status":"not-observed","count":0,"nearestMeters":null,"coverage":"community-mapped-observations"}},"sourceId":"parks"}},{"type":"Feature","id":"barcelona:osm:way:1464893305","geometry":{"type":"Polygon","coordinates":[[[2.20521477,41.43816627],[2.20527084,41.43793468],[2.2053948,41.43795187],[2.20533872,41.43818256],[2.20521477,41.43816627]]]},"properties":{"id":"barcelona:osm:way:1464893305","name":"Parc sense nom 1464893305","nameAddon":null,"objectNumber":"barcelona:osm:way:1464893305","district":"Sant Andreu","locality":null,"type":"Park","areaM2":271.6,"areaHa":0.03,"designation":null,"dedicated":null,"builtYear":null,"renovatedYear":null,"planningAreaId":null,"planningAreaName":null,"centroid":[2.205305,41.438059],"bounds":[2.20521,41.43793,2.20539,41.43818],"amenities":{"playground":{"status":"not-observed","count":0,"nearestMeters":null,"coverage":"community-mapped-observations"},"toilet":{"status":"not-observed","count":0,"nearestMeters":null,"coverage":"community-mapped-observations"},"drinkingFountain":{"status":"observed-nearby","count":1,"nearestMeters":59,"coverage":"community-mapped-observations"},"dogRun":{"status":"not-observed","count":0,"nearestMeters":null,"coverage":"community-mapped-observations"}},"sourceId":"parks"}},{"type":"Feature","id":"barcelona:osm:way:1464893306","geometry":{"type":"Polygon","coordinates":[[[2.20528855,41.4378795],[2.20535496,41.43757463],[2.20547153,41.43758911],[2.20540513,41.43789307],[2.20528855,41.4378795]]]},"properties":{"id":"barcelona:osm:way:1464893306","name":"Parc sense nom 1464893306","nameAddon":null,"objectNumber":"barcelona:osm:way:1464893306","district":"Sant Andreu","locality":null,"type":"Park","areaM2":337.9,"areaHa":0.03,"designation":null,"dedicated":null,"builtYear":null,"renovatedYear":null,"planningAreaId":null,"planningAreaName":null,"centroid":[2.20538,41.437734],"bounds":[2.20529,41.43757,2.20547,41.43789],"amenities":{"playground":{"status":"not-observed","count":0,"nearestMeters":null,"coverage":"community-mapped-observations"},"toilet":{"status":"not-observed","count":0,"nearestMeters":null,"coverage":"community-mapped-observations"},"drinkingFountain":{"status":"observed-nearby","count":1,"nearestMeters":27,"coverage":"community-mapped-observations"},"dogRun":{"status":"not-observed","count":0,"nearestMeters":null,"coverage":"community-mapped-observations"}},"sourceId":"parks"}},{"type":"Feature","id":"barcelona:osm:way:147604444","geometry":{"type":"Polygon","coordinates":[[[2.1288284,41.381186],[2.12910286,41.38046589],[2.1295367,41.38056631],[2.12927109,41.38133526],[2.1288284,41.381186]]]},"properties":{"id":"barcelona:osm:way:147604444","name":"Jardins dels Doctors Dolsa","nameAddon":null,"objectNumber":"barcelona:osm:way:147604444","district":"les Corts","locality":null,"type":"Park","areaM2":3314.3,"areaHa":0.33,"designation":null,"dedicated":null,"builtYear":null,"renovatedYear":null,"planningAreaId":null,"planningAreaName":null,"centroid":[2.129186,41.380892],"bounds":[2.12883,41.38047,2.12954,41.38134],"amenities":{"playground":{"status":"observed-nearby","count":1,"nearestMeters":59,"coverage":"community-mapped-observations"},"toilet":{"status":"not-observed","count":0,"nearestMeters":null,"coverage":"community-mapped-observations"},"drinkingFountain":{"status":"observed-nearby","count":2,"nearestMeters":0,"coverage":"community-mapped-observations"},"dogRun":{"status":"not-observed","count":0,"nearestMeters":null,"coverage":"community-mapped-observations"}},"sourceId":"parks"}},{"type":"Feature","id":"barcelona:osm:way:147852982","geometry":{"type":"Polygon","coordinates":[[[2.12176895,41.37795459],[2.12196226,41.37768229],[2.12212753,41.37776913],[2.12190323,41.37804234],[2.12183387,41.37799801],[2.12176895,41.37795459]]]},"properties":{"id":"barcelona:osm:way:147852982","name":"Jardí del Clot d'en Salvi","nameAddon":null,"objectNumber":"barcelona:osm:way:147852982","district":"les Corts","locality":null,"type":"Park","areaM2":550.2,"areaHa":0.06,"designation":null,"dedicated":null,"builtYear":null,"renovatedYear":null,"planningAreaId":null,"planningAreaName":null,"centroid":[2.121943,41.377859],"bounds":[2.12177,41.37768,2.12213,41.37804],"amenities":{"playground":{"status":"not-observed","count":0,"nearestMeters":null,"coverage":"community-mapped-observations"},"toilet":{"status":"not-observed","count":0,"nearestMeters":null,"coverage":"community-mapped-observations"},"drinkingFountain":{"status":"observed-nearby","count":1,"nearestMeters":1,"coverage":"community-mapped-observations"},"dogRun":{"status":"not-observed","count":0,"nearestMeters":null,"coverage":"community-mapped-observations"}},"sourceId":"parks"}},{"type":"Feature","id":"barcelona:osm:way:147859888","geometry":{"type":"Polygon","coordinates":[[[2.11328256,41.37809933],[2.11378575,41.37808033],[2.11381378,41.37851818],[2.11331059,41.37853628],[2.11328256,41.37809933]]]},"properties":{"id":"barcelona:osm:way:147859888","name":"Jardins d'Ernest Lluch","nameAddon":null,"objectNumber":"barcelona:osm:way:147859888","district":"les Corts","locality":null,"type":"Park","areaM2":2044.2,"areaHa":0.2,"designation":null,"dedicated":null,"builtYear":null,"renovatedYear":null,"planningAreaId":null,"planningAreaName":null,"centroid":[2.113548,41.378309],"bounds":[2.11328,41.37808,2.11381,41.37854],"amenities":{"playground":{"status":"not-observed","count":0,"nearestMeters":null,"coverage":"community-mapped-observations"},"toilet":{"status":"not-observed","count":0,"nearestMeters":null,"coverage":"community-mapped-observations"},"drinkingFountain":{"status":"observed-nearby","count":1,"nearestMeters":0,"coverage":"community-mapped-observations"},"dogRun":{"status":"not-observed","count":0,"nearestMeters":null,"coverage":"community-mapped-observations"}},"sourceId":"parks"}},{"type":"Feature","id":"barcelona:osm:way:1489467724","geometry":{"type":"Polygon","coordinates":[[[2.14946076,41.36983354],[2.14996838,41.36969423],[2.15003773,41.36971594],[2.14959799,41.37027411],[2.14951388,41.3699421],[2.14946076,41.36983354]]]},"properties":{"id":"barcelona:osm:way:1489467724","name":"Parc sense nom 1489467724","nameAddon":null,"objectNumber":"barcelona:osm:way:1489467724","district":"Sants-Montjuïc","locality":null,"type":"Park","areaM2":1320.6,"areaHa":0.13,"designation":null,"dedicated":null,"builtYear":null,"renovatedYear":null,"planningAreaId":null,"planningAreaName":null,"centroid":[2.149713,41.369925],"bounds":[2.14946,41.36969,2.15004,41.37027],"amenities":{"playground":{"status":"observed-nearby","count":1,"nearestMeters":54,"coverage":"community-mapped-observations"},"toilet":{"status":"not-observed","count":0,"nearestMeters":null,"coverage":"community-mapped-observations"},"drinkingFountain":{"status":"observed-nearby","count":1,"nearestMeters":58,"coverage":"community-mapped-observations"},"dogRun":{"status":"not-observed","count":0,"nearestMeters":null,"coverage":"community-mapped-observations"}},"sourceId":"parks"}},{"type":"Feature","id":"barcelona:osm:way:1500824040","geometry":{"type":"Polygon","coordinates":[[[2.20543021,41.41255473],[2.20570321,41.41234847],[2.20592603,41.41251493],[2.20573124,41.41266238],[2.20565451,41.4126063],[2.20554679,41.41269133],[2.20543021,41.41255473]]]},"properties":{"id":"barcelona:osm:way:1500824040","name":"Parc sense nom 1500824040","nameAddon":null,"objectNumber":"barcelona:osm:way:1500824040","district":"Sant Martí","locality":null,"type":"Park","areaM2":802.7,"areaHa":0.08,"designation":null,"dedicated":null,"builtYear":null,"renovatedYear":null,"planningAreaId":null,"planningAreaName":null,"centroid":[2.205674,41.412526],"bounds":[2.20543,41.41235,2.20593,41.41269],"amenities":{"playground":{"status":"not-observed","count":0,"nearestMeters":null,"coverage":"community-mapped-observations"},"toilet":{"status":"not-observed","count":0,"nearestMeters":null,"coverage":"community-mapped-observations"},"drinkingFountain":{"status":"not-observed","count":0,"nearestMeters":null,"coverage":"community-mapped-observations"},"dogRun":{"status":"not-observed","count":0,"nearestMeters":null,"coverage":"community-mapped-observations"}},"sourceId":"parks"}},{"type":"Feature","id":"barcelona:osm:way:1509520116","geometry":{"type":"Polygon","coordinates":[[[2.17756723,41.46109734],[2.17764544,41.46108558],[2.17811911,41.46136421],[2.17800844,41.46146644],[2.17768823,41.46129274],[2.17775168,41.46120771],[2.17764839,41.46115343],[2.17757313,41.46117333],[2.17756723,41.46109734]]]},"properties":{"id":"barcelona:osm:way:1509520116","name":"Parc sense nom 1509520116","nameAddon":null,"objectNumber":"barcelona:osm:way:1509520116","district":"Nou Barris","locality":null,"type":"Park","areaM2":631.2,"areaHa":0.06,"designation":null,"dedicated":null,"builtYear":null,"renovatedYear":null,"planningAreaId":null,"planningAreaName":null,"centroid":[2.177854,41.461287],"bounds":[2.17757,41.46109,2.17812,41.46147],"amenities":{"playground":{"status":"observed-nearby","count":1,"nearestMeters":0,"coverage":"community-mapped-observations"},"toilet":{"status":"not-observed","count":0,"nearestMeters":null,"coverage":"community-mapped-observations"},"drinkingFountain":{"status":"observed-nearby","count":1,"nearestMeters":45,"coverage":"community-mapped-observations"},"dogRun":{"status":"not-observed","count":0,"nearestMeters":null,"coverage":"community-mapped-observations"}},"sourceId":"parks"}},{"type":"Feature","id":"barcelona:osm:way:1525633768","geometry":{"type":"Polygon","coordinates":[[[2.14176383,41.42398227],[2.14187156,41.42395875],[2.14201469,41.42411887],[2.14202207,41.42419938],[2.14207667,41.42418853],[2.1421962,41.4243188],[2.14219915,41.42440384],[2.14226408,41.42439117],[2.14237918,41.42453139],[2.14238213,41.42463633],[2.1421962,41.42472046],[2.14210913,41.42471504],[2.14207519,41.42454225],[2.14187303,41.424241],[2.14189074,41.42414511],[2.14176383,41.42398227]]]},"properties":{"id":"barcelona:osm:way:1525633768","name":"Cobertura de la Ronda de Dalt","nameAddon":null,"objectNumber":"barcelona:osm:way:1525633768","district":"Horta-Guinardó","locality":null,"type":"Park","areaM2":1550.4,"areaHa":0.16,"designation":null,"dedicated":null,"builtYear":null,"renovatedYear":null,"planningAreaId":null,"planningAreaName":null,"centroid":[2.142099,41.424387],"bounds":[2.14176,41.42396,2.14238,41.42472],"amenities":{"playground":{"status":"observed-nearby","count":1,"nearestMeters":18,"coverage":"community-mapped-observations"},"toilet":{"status":"not-observed","count":0,"nearestMeters":null,"coverage":"community-mapped-observations"},"drinkingFountain":{"status":"observed-nearby","count":1,"nearestMeters":19,"coverage":"community-mapped-observations"},"dogRun":{"status":"not-observed","count":0,"nearestMeters":null,"coverage":"community-mapped-observations"}},"sourceId":"parks"}},{"type":"Feature","id":"barcelona:osm:way:1536551005","geometry":{"type":"Polygon","coordinates":[[[2.21722498,41.40466257],[2.21759537,41.40440293],[2.21887475,41.40537453],[2.21892639,41.40534286],[2.21964798,41.40588294],[2.21927022,41.40617785],[2.21912118,41.40606115],[2.21722498,41.40466257]]]},"properties":{"id":"barcelona:osm:way:1536551005","name":"Parc sense nom 1536551005","nameAddon":null,"objectNumber":"barcelona:osm:way:1536551005","district":"Sant Martí","locality":null,"type":"Park","areaM2":10129,"areaHa":1.01,"designation":null,"dedicated":null,"builtYear":null,"renovatedYear":null,"planningAreaId":null,"planningAreaName":null,"centroid":[2.218451,41.405298],"bounds":[2.21722,41.4044,2.21965,41.40618],"amenities":{"playground":{"status":"observed-nearby","count":1,"nearestMeters":74,"coverage":"community-mapped-observations"},"toilet":{"status":"observed-nearby","count":1,"nearestMeters":2,"coverage":"community-mapped-observations"},"drinkingFountain":{"status":"not-observed","count":0,"nearestMeters":null,"coverage":"community-mapped-observations"},"dogRun":{"status":"observed-nearby","count":1,"nearestMeters":11,"coverage":"community-mapped-observations"}},"sourceId":"parks"}},{"type":"Feature","id":"barcelona:osm:way:153691251","geometry":{"type":"Polygon","coordinates":[[[2.17114525,41.37359056],[2.17126921,41.37355437],[2.17136807,41.37374887],[2.17187127,41.37360413],[2.17208523,41.3739886],[2.1724748,41.37387371],[2.17284371,41.37460648],[2.17167796,41.37467071],[2.17135774,41.37397684],[2.17114525,41.37359056]]]},"properties":{"id":"barcelona:osm:way:153691251","name":"Jardins de les Tres Xemeneies","nameAddon":null,"objectNumber":"barcelona:osm:way:153691251","district":"Sants-Montjuïc","locality":null,"type":"Park","areaM2":9718.8,"areaHa":0.97,"designation":null,"dedicated":null,"builtYear":null,"renovatedYear":null,"planningAreaId":null,"planningAreaName":null,"centroid":[2.171994,41.374191],"bounds":[2.17115,41.37355,2.17284,41.37467],"amenities":{"playground":{"status":"observed-nearby","count":1,"nearestMeters":0,"coverage":"community-mapped-observations"},"toilet":{"status":"not-observed","count":0,"nearestMeters":null,"coverage":"community-mapped-observations"},"drinkingFountain":{"status":"observed-nearby","count":2,"nearestMeters":0,"coverage":"community-mapped-observations"},"dogRun":{"status":"not-observed","count":0,"nearestMeters":null,"coverage":"community-mapped-observations"}},"sourceId":"parks"}},{"type":"Feature","id":"barcelona:osm:way:1537171191","geometry":{"type":"Polygon","coordinates":[[[2.14026901,41.43357608],[2.14044166,41.43313914],[2.14085927,41.43267324],[2.1411544,41.43263796],[2.14144657,41.43329654],[2.1415174,41.43332821],[2.14169743,41.43330559],[2.14194386,41.43382938],[2.14192763,41.43389452],[2.1418509,41.43394156],[2.1416871,41.43385471],[2.14175793,41.43368193],[2.14150855,41.43363036],[2.14144657,41.43380134],[2.14113374,41.43372716],[2.14106438,41.43390085],[2.1407545,41.43382667],[2.14066301,41.43399493],[2.14054496,41.43396599],[2.14062464,41.43380948],[2.14048151,41.4335399],[2.14026901,41.43357608]]]},"properties":{"id":"barcelona:osm:way:1537171191","name":"Parc sense nom 1537171191","nameAddon":null,"objectNumber":"barcelona:osm:way:1537171191","district":"Horta-Guinardó","locality":null,"type":"Park","areaM2":10746.2,"areaHa":1.07,"designation":null,"dedicated":null,"builtYear":null,"renovatedYear":null,"planningAreaId":null,"planningAreaName":null,"centroid":[2.141034,41.433359],"bounds":[2.14027,41.43264,2.14194,41.43399],"amenities":{"playground":{"status":"observed-nearby","count":1,"nearestMeters":0,"coverage":"community-mapped-observations"},"toilet":{"status":"not-observed","count":0,"nearestMeters":null,"coverage":"community-mapped-observations"},"drinkingFountain":{"status":"observed-nearby","count":2,"nearestMeters":0,"coverage":"community-mapped-observations"},"dogRun":{"status":"not-observed","count":0,"nearestMeters":null,"coverage":"community-mapped-observations"}},"sourceId":"parks"}},{"type":"Feature","id":"barcelona:osm:way:156576575","geometry":{"type":"Polygon","coordinates":[[[2.12893317,41.38205356],[2.12950719,41.38157047],[2.13042356,41.3818491],[2.12960606,41.38253031],[2.12893317,41.38205356]]]},"properties":{"id":"barcelona:osm:way:156576575","name":"Plaça del Sòl de Baix","nameAddon":null,"objectNumber":"barcelona:osm:way:156576575","district":"les Corts","locality":null,"type":"Park","areaM2":6732.5,"areaHa":0.67,"designation":null,"dedicated":null,"builtYear":null,"renovatedYear":null,"planningAreaId":null,"planningAreaName":null,"centroid":[2.129641,41.382011],"bounds":[2.12893,41.38157,2.13042,41.38253],"amenities":{"playground":{"status":"observed-nearby","count":1,"nearestMeters":0,"coverage":"community-mapped-observations"},"toilet":{"status":"not-observed","count":0,"nearestMeters":null,"coverage":"community-mapped-observations"},"drinkingFountain":{"status":"observed-nearby","count":2,"nearestMeters":0,"coverage":"community-mapped-observations"},"dogRun":{"status":"not-observed","count":0,"nearestMeters":null,"coverage":"community-mapped-observations"}},"sourceId":"parks"}},{"type":"Feature","id":"barcelona:osm:way:159500803","geometry":{"type":"Polygon","coordinates":[[[2.1676052,41.40522526],[2.16792541,41.40499367],[2.16822792,41.40523521],[2.16791656,41.40546228],[2.1676052,41.40522526]]]},"properties":{"id":"barcelona:osm:way:159500803","name":"Pati d'Escola Justo Domínguez","nameAddon":null,"objectNumber":"barcelona:osm:way:159500803","district":"Gràcia","locality":null,"type":"Park","areaM2":1353.7,"areaHa":0.14,"designation":null,"dedicated":null,"builtYear":null,"renovatedYear":null,"planningAreaId":null,"planningAreaName":null,"centroid":[2.167918,41.405229],"bounds":[2.16761,41.40499,2.16823,41.40546],"amenities":{"playground":{"status":"observed-nearby","count":2,"nearestMeters":13,"coverage":"community-mapped-observations"},"toilet":{"status":"observed-nearby","count":1,"nearestMeters":46,"coverage":"community-mapped-observations"},"drinkingFountain":{"status":"observed-nearby","count":2,"nearestMeters":7,"coverage":"community-mapped-observations"},"dogRun":{"status":"not-observed","count":0,"nearestMeters":null,"coverage":"community-mapped-observations"}},"sourceId":"parks"}},{"type":"Feature","id":"barcelona:osm:way:161051259","geometry":{"type":"Polygon","coordinates":[[[2.12382599,41.39483445],[2.12409308,41.39455853],[2.12414325,41.39458567],[2.12430999,41.39441107],[2.12432918,41.3947277],[2.12406356,41.39510494],[2.12387025,41.39496472],[2.12393518,41.39489777],[2.12382599,41.39483445]]]},"properties":{"id":"barcelona:osm:way:161051259","name":"Jardins de Can Senillosa","nameAddon":null,"objectNumber":"barcelona:osm:way:161051259","district":"Sarrià - Sant Gervasi","locality":null,"type":"Park","areaM2":1704.4,"areaHa":0.17,"designation":null,"dedicated":null,"builtYear":null,"renovatedYear":null,"planningAreaId":null,"planningAreaName":null,"centroid":[2.124106,41.39478],"bounds":[2.12383,41.39441,2.12433,41.3951],"amenities":{"playground":{"status":"not-observed","count":0,"nearestMeters":null,"coverage":"community-mapped-observations"},"toilet":{"status":"not-observed","count":0,"nearestMeters":null,"coverage":"community-mapped-observations"},"drinkingFountain":{"status":"observed-nearby","count":1,"nearestMeters":0,"coverage":"community-mapped-observations"},"dogRun":{"status":"not-observed","count":0,"nearestMeters":null,"coverage":"community-mapped-observations"}},"sourceId":"parks"}},{"type":"Feature","id":"barcelona:osm:way:161051629","geometry":{"type":"Polygon","coordinates":[[[2.11402185,41.39182196],[2.11438928,41.39153519],[2.11504299,41.39200651],[2.11467556,41.39229329],[2.11402185,41.39182196]]]},"properties":{"id":"barcelona:osm:way:161051629","name":"Jardins de Rubió i Tudurí","nameAddon":null,"objectNumber":"barcelona:osm:way:161051629","district":"les Corts","locality":null,"type":"Park","areaM2":3346.5,"areaHa":0.33,"designation":null,"dedicated":null,"builtYear":null,"renovatedYear":null,"planningAreaId":null,"planningAreaName":null,"centroid":[2.114532,41.391914],"bounds":[2.11402,41.39154,2.11504,41.39229],"amenities":{"playground":{"status":"not-observed","count":0,"nearestMeters":null,"coverage":"community-mapped-observations"},"toilet":{"status":"not-observed","count":0,"nearestMeters":null,"coverage":"community-mapped-observations"},"drinkingFountain":{"status":"observed-nearby","count":1,"nearestMeters":0,"coverage":"community-mapped-observations"},"dogRun":{"status":"not-observed","count":0,"nearestMeters":null,"coverage":"community-mapped-observations"}},"sourceId":"parks"}},{"type":"Feature","id":"barcelona:osm:way:161707555","geometry":{"type":"Polygon","coordinates":[[[2.20375389,41.4240076],[2.2038867,41.42390809],[2.2042984,41.42421838],[2.20416412,41.4243188],[2.20375389,41.4240076]]]},"properties":{"id":"barcelona:osm:way:161707555","name":"Parc sense nom 161707555","nameAddon":null,"objectNumber":"barcelona:osm:way:161707555","district":"Sant Martí","locality":null,"type":"Park","areaM2":766.6,"areaHa":0.08,"designation":null,"dedicated":null,"builtYear":null,"renovatedYear":null,"planningAreaId":null,"planningAreaName":null,"centroid":[2.204026,41.424113],"bounds":[2.20375,41.42391,2.2043,41.42432],"amenities":{"playground":{"status":"observed-nearby","count":2,"nearestMeters":65,"coverage":"community-mapped-observations"},"toilet":{"status":"not-observed","count":0,"nearestMeters":null,"coverage":"community-mapped-observations"},"drinkingFountain":{"status":"observed-nearby","count":1,"nearestMeters":0,"coverage":"community-mapped-observations"},"dogRun":{"status":"not-observed","count":0,"nearestMeters":null,"coverage":"community-mapped-observations"}},"sourceId":"parks"}},{"type":"Feature","id":"barcelona:osm:way:163037297","geometry":{"type":"Polygon","coordinates":[[[2.17789187,41.44187986],[2.17817666,41.44175954],[2.17829767,41.44190157],[2.17911517,41.44154424],[2.17929962,41.44171703],[2.17830947,41.44214402],[2.17819142,41.44195857],[2.17795975,41.44199747],[2.17789187,41.44187986]]]},"properties":{"id":"barcelona:osm:way:163037297","name":"Parc sense nom 163037297","nameAddon":null,"objectNumber":"barcelona:osm:way:163037297","district":"Nou Barris","locality":null,"type":"Park","areaM2":2730.8,"areaHa":0.27,"designation":null,"dedicated":null,"builtYear":null,"renovatedYear":null,"planningAreaId":null,"planningAreaName":null,"centroid":[2.178612,41.441848],"bounds":[2.17789,41.44154,2.1793,41.44214],"amenities":{"playground":{"status":"observed-nearby","count":1,"nearestMeters":59,"coverage":"community-mapped-observations"},"toilet":{"status":"observed-nearby","count":1,"nearestMeters":36,"coverage":"community-mapped-observations"},"drinkingFountain":{"status":"observed-nearby","count":4,"nearestMeters":0,"coverage":"community-mapped-observations"},"dogRun":{"status":"not-observed","count":0,"nearestMeters":null,"coverage":"community-mapped-observations"}},"sourceId":"parks"}},{"type":"Feature","id":"barcelona:osm:way:163689482","geometry":{"type":"Polygon","coordinates":[[[2.14706137,41.43164556],[2.14765753,41.43146282],[2.14787592,41.43128732],[2.148053,41.43097521],[2.14806923,41.43068663],[2.14801463,41.4305256],[2.1481017,41.43039805],[2.14829353,41.43051022],[2.14844995,41.43069296],[2.14875393,41.4315361],[2.14720008,41.43194228],[2.14707908,41.43168446],[2.14706137,41.43164556]]]},"properties":{"id":"barcelona:osm:way:163689482","name":"Jardins de Can Brasó","nameAddon":null,"objectNumber":"barcelona:osm:way:163689482","district":"Horta-Guinardó","locality":null,"type":"Park","areaM2":9022.8,"areaHa":0.9,"designation":null,"dedicated":null,"builtYear":null,"renovatedYear":null,"planningAreaId":null,"planningAreaName":null,"centroid":[2.148054,41.431313],"bounds":[2.14706,41.4304,2.14875,41.43194],"amenities":{"playground":{"status":"observed-nearby","count":4,"nearestMeters":0,"coverage":"community-mapped-observations"},"toilet":{"status":"observed-nearby","count":1,"nearestMeters":54,"coverage":"community-mapped-observations"},"drinkingFountain":{"status":"observed-nearby","count":6,"nearestMeters":0,"coverage":"community-mapped-observations"},"dogRun":{"status":"observed-nearby","count":1,"nearestMeters":0,"coverage":"community-mapped-observations"}},"sourceId":"parks"}},{"type":"Feature","id":"barcelona:osm:way:163689484","geometry":{"type":"Polygon","coordinates":[[[2.14852078,41.43360774],[2.14942682,41.4333662],[2.14974703,41.43414511],[2.14931615,41.43423195],[2.14888821,41.4343767],[2.14852078,41.43360774]]]},"properties":{"id":"barcelona:osm:way:163689484","name":"Plaça de Joan Cornudella","nameAddon":null,"objectNumber":"barcelona:osm:way:163689484","district":"Horta-Guinardó","locality":null,"type":"Park","areaM2":6948.9,"areaHa":0.69,"designation":null,"dedicated":null,"builtYear":null,"renovatedYear":null,"planningAreaId":null,"planningAreaName":null,"centroid":[2.149141,41.433864],"bounds":[2.14852,41.43337,2.14975,41.43438],"amenities":{"playground":{"status":"observed-nearby","count":7,"nearestMeters":0,"coverage":"community-mapped-observations"},"toilet":{"status":"not-observed","count":0,"nearestMeters":null,"coverage":"community-mapped-observations"},"drinkingFountain":{"status":"observed-nearby","count":3,"nearestMeters":40,"coverage":"community-mapped-observations"},"dogRun":{"status":"observed-nearby","count":1,"nearestMeters":59,"coverage":"community-mapped-observations"}},"sourceId":"parks"}},{"type":"Feature","id":"barcelona:osm:way:163689489","geometry":{"type":"Polygon","coordinates":[[[2.14726796,41.43218111],[2.14890297,41.43176678],[2.14904168,41.43202642],[2.14793938,41.43230414],[2.14796594,41.43236475],[2.147417,41.4325095],[2.14726796,41.43218111]]]},"properties":{"id":"barcelona:osm:way:163689489","name":"Plaça de les Sibil·les","nameAddon":null,"objectNumber":"barcelona:osm:way:163689489","district":"Horta-Guinardó","locality":null,"type":"Park","areaM2":5055.9,"areaHa":0.51,"designation":null,"dedicated":null,"builtYear":null,"renovatedYear":null,"planningAreaId":null,"planningAreaName":null,"centroid":[2.148115,41.432127],"bounds":[2.14727,41.43177,2.14904,41.43251],"amenities":{"playground":{"status":"observed-nearby","count":2,"nearestMeters":0,"coverage":"community-mapped-observations"},"toilet":{"status":"observed-nearby","count":1,"nearestMeters":31,"coverage":"community-mapped-observations"},"drinkingFountain":{"status":"observed-nearby","count":5,"nearestMeters":0,"coverage":"community-mapped-observations"},"dogRun":{"status":"observed-nearby","count":1,"nearestMeters":36,"coverage":"community-mapped-observations"}},"sourceId":"parks"}},{"type":"Feature","id":"barcelona:osm:way:163689490","geometry":{"type":"Polygon","coordinates":[[[2.14948289,41.4315958],[2.15016907,41.43142211],[2.15027974,41.43166998],[2.14964521,41.43183463],[2.14957291,41.4317903],[2.14948289,41.4315958]]]},"properties":{"id":"barcelona:osm:way:163689490","name":"Parc sense nom 163689490","nameAddon":null,"objectNumber":"barcelona:osm:way:163689490","district":"Horta-Guinardó","locality":null,"type":"Park","areaM2":1748.2,"areaHa":0.17,"designation":null,"dedicated":null,"builtYear":null,"renovatedYear":null,"planningAreaId":null,"planningAreaName":null,"centroid":[2.149884,41.431632],"bounds":[2.14948,41.43142,2.15028,41.43183],"amenities":{"playground":{"status":"observed-nearby","count":1,"nearestMeters":57,"coverage":"community-mapped-observations"},"toilet":{"status":"not-observed","count":0,"nearestMeters":null,"coverage":"community-mapped-observations"},"drinkingFountain":{"status":"observed-nearby","count":3,"nearestMeters":0,"coverage":"community-mapped-observations"},"dogRun":{"status":"not-observed","count":0,"nearestMeters":null,"coverage":"community-mapped-observations"}},"sourceId":"parks"}},{"type":"Feature","id":"barcelona:osm:way:163689491","geometry":{"type":"Polygon","coordinates":[[[2.14993739,41.4332495],[2.15045534,41.4331138],[2.15079621,41.43384838],[2.15042435,41.43394608],[2.15040074,41.43389271],[2.15025613,41.4339307],[2.14993739,41.4332495]]]},"properties":{"id":"barcelona:osm:way:163689491","name":"Plaça de Josep Pallach","nameAddon":null,"objectNumber":"barcelona:osm:way:163689491","district":"Horta-Guinardó","locality":null,"type":"Park","areaM2":3869.4,"areaHa":0.39,"designation":null,"dedicated":null,"builtYear":null,"renovatedYear":null,"planningAreaId":null,"planningAreaName":null,"centroid":[2.150368,41.433541],"bounds":[2.14994,41.43311,2.1508,41.43395],"amenities":{"playground":{"status":"observed-nearby","count":4,"nearestMeters":0,"coverage":"community-mapped-observations"},"toilet":{"status":"not-observed","count":0,"nearestMeters":null,"coverage":"community-mapped-observations"},"drinkingFountain":{"status":"observed-nearby","count":2,"nearestMeters":0,"coverage":"community-mapped-observations"},"dogRun":{"status":"not-observed","count":0,"nearestMeters":null,"coverage":"community-mapped-observations"}},"sourceId":"parks"}},{"type":"Feature","id":"barcelona:osm:way:163689492","geometry":{"type":"Polygon","coordinates":[[[2.14942682,41.43229329],[2.14957291,41.43225348],[2.1495493,41.43214312],[2.14997133,41.43203275],[2.15012184,41.4323349],[2.14951683,41.43249774],[2.14942682,41.43229329]]]},"properties":{"id":"barcelona:osm:way:163689492","name":"Parc sense nom 163689492","nameAddon":null,"objectNumber":"barcelona:osm:way:163689492","district":"Horta-Guinardó","locality":null,"type":"Park","areaM2":1748.1,"areaHa":0.17,"designation":null,"dedicated":null,"builtYear":null,"renovatedYear":null,"planningAreaId":null,"planningAreaName":null,"centroid":[2.149773,41.432269],"bounds":[2.14943,41.43203,2.15012,41.4325],"amenities":{"playground":{"status":"observed-nearby","count":1,"nearestMeters":55,"coverage":"community-mapped-observations"},"toilet":{"status":"not-observed","count":0,"nearestMeters":null,"coverage":"community-mapped-observations"},"drinkingFountain":{"status":"observed-nearby","count":4,"nearestMeters":37,"coverage":"community-mapped-observations"},"dogRun":{"status":"not-observed","count":0,"nearestMeters":null,"coverage":"community-mapped-observations"}},"sourceId":"parks"}},{"type":"Feature","id":"barcelona:osm:way:165070104","geometry":{"type":"Polygon","coordinates":[[[2.19930337,41.41526597],[2.19976081,41.414962],[2.20027138,41.41534377],[2.20002938,41.41554822],[2.19997183,41.41577076],[2.19930337,41.41526597]]]},"properties":{"id":"barcelona:osm:way:165070104","name":"Plaça d'Eduard Torroja","nameAddon":null,"objectNumber":"barcelona:osm:way:165070104","district":"Sant Martí","locality":null,"type":"Park","areaM2":3357.7,"areaHa":0.34,"designation":null,"dedicated":null,"builtYear":null,"renovatedYear":null,"planningAreaId":null,"planningAreaName":null,"centroid":[2.199803,41.415332],"bounds":[2.1993,41.41496,2.20027,41.41577],"amenities":{"playground":{"status":"observed-nearby","count":2,"nearestMeters":25,"coverage":"community-mapped-observations"},"toilet":{"status":"not-observed","count":0,"nearestMeters":null,"coverage":"community-mapped-observations"},"drinkingFountain":{"status":"observed-nearby","count":2,"nearestMeters":28,"coverage":"community-mapped-observations"},"dogRun":{"status":"not-observed","count":0,"nearestMeters":null,"coverage":"community-mapped-observations"}},"sourceId":"parks"}},{"type":"Feature","id":"barcelona:osm:way:168026863","geometry":{"type":"Polygon","coordinates":[[[2.0964234,41.41921748],[2.09652669,41.41910892],[2.09687642,41.41932785],[2.09682477,41.41938393],[2.09673623,41.41933599],[2.09670082,41.41937127],[2.0964234,41.41921748]]]},"properties":{"id":"barcelona:osm:way:168026863","name":"Parc sense nom 168026863","nameAddon":null,"objectNumber":"barcelona:osm:way:168026863","district":"Sarrià - Sant Gervasi","locality":null,"type":"Park","areaM2":484.7,"areaHa":0.05,"designation":null,"dedicated":null,"builtYear":null,"renovatedYear":null,"planningAreaId":null,"planningAreaName":null,"centroid":[2.096638,41.419255],"bounds":[2.09642,41.41911,2.09688,41.41938],"amenities":{"playground":{"status":"observed-nearby","count":1,"nearestMeters":70,"coverage":"community-mapped-observations"},"toilet":{"status":"not-observed","count":0,"nearestMeters":null,"coverage":"community-mapped-observations"},"drinkingFountain":{"status":"not-observed","count":0,"nearestMeters":null,"coverage":"community-mapped-observations"},"dogRun":{"status":"not-observed","count":0,"nearestMeters":null,"coverage":"community-mapped-observations"}},"sourceId":"parks"}},{"type":"Feature","id":"barcelona:osm:way:169696240","geometry":{"type":"Polygon","coordinates":[[[2.12659428,41.39668717],[2.12673889,41.396537],[2.12692335,41.39664284],[2.12676693,41.3967894],[2.12659428,41.39668717]]]},"properties":{"id":"barcelona:osm:way:169696240","name":"Plaça de Rafael Benet","nameAddon":null,"objectNumber":"barcelona:osm:way:169696240","district":"Sarrià - Sant Gervasi","locality":null,"type":"Park","areaM2":390.6,"areaHa":0.04,"designation":null,"dedicated":null,"builtYear":null,"renovatedYear":null,"planningAreaId":null,"planningAreaName":null,"centroid":[2.126757,41.396664],"bounds":[2.12659,41.39654,2.12692,41.39679],"amenities":{"playground":{"status":"not-observed","count":0,"nearestMeters":null,"coverage":"community-mapped-observations"},"toilet":{"status":"not-observed","count":0,"nearestMeters":null,"coverage":"community-mapped-observations"},"drinkingFountain":{"status":"not-observed","count":0,"nearestMeters":null,"coverage":"community-mapped-observations"},"dogRun":{"status":"not-observed","count":0,"nearestMeters":null,"coverage":"community-mapped-observations"}},"sourceId":"parks"}},{"type":"Feature","id":"barcelona:osm:way:169696246","geometry":{"type":"Polygon","coordinates":[[[2.12741474,41.39765515],[2.12750623,41.39750678],[2.12756968,41.39749322],[2.12759771,41.39762439],[2.12741474,41.39765515]]]},"properties":{"id":"barcelona:osm:way:169696246","name":"Parc sense nom 169696246","nameAddon":null,"objectNumber":"barcelona:osm:way:169696246","district":"Sarrià - Sant Gervasi","locality":null,"type":"Park","areaM2":199.1,"areaHa":0.02,"designation":null,"dedicated":null,"builtYear":null,"renovatedYear":null,"planningAreaId":null,"planningAreaName":null,"centroid":[2.12752,41.397581],"bounds":[2.12741,41.39749,2.1276,41.39766],"amenities":{"playground":{"status":"not-observed","count":0,"nearestMeters":null,"coverage":"community-mapped-observations"},"toilet":{"status":"not-observed","count":0,"nearestMeters":null,"coverage":"community-mapped-observations"},"drinkingFountain":{"status":"not-observed","count":0,"nearestMeters":null,"coverage":"community-mapped-observations"},"dogRun":{"status":"not-observed","count":0,"nearestMeters":null,"coverage":"community-mapped-observations"}},"sourceId":"parks"}},{"type":"Feature","id":"barcelona:osm:way:170073207","geometry":{"type":"Polygon","coordinates":[[[2.12961344,41.40333002],[2.13003842,41.40291026],[2.13042504,41.40318075],[2.13088396,41.40341053],[2.13051505,41.40382034],[2.12961344,41.40333002]]]},"properties":{"id":"barcelona:osm:way:170073207","name":"Jardins del Dr. Roig i Raventós","nameAddon":null,"objectNumber":"barcelona:osm:way:170073207","district":"Sarrià - Sant Gervasi","locality":null,"type":"Park","areaM2":5081.2,"areaHa":0.51,"designation":null,"dedicated":null,"builtYear":null,"renovatedYear":null,"planningAreaId":null,"planningAreaName":null,"centroid":[2.130251,41.403373],"bounds":[2.12961,41.40291,2.13088,41.40382],"amenities":{"playground":{"status":"observed-nearby","count":1,"nearestMeters":0,"coverage":"community-mapped-observations"},"toilet":{"status":"not-observed","count":0,"nearestMeters":null,"coverage":"community-mapped-observations"},"drinkingFountain":{"status":"observed-nearby","count":1,"nearestMeters":0,"coverage":"community-mapped-observations"},"dogRun":{"status":"observed-nearby","count":1,"nearestMeters":0,"coverage":"community-mapped-observations"}},"sourceId":"parks"}},{"type":"Feature","id":"barcelona:osm:way:170083954","geometry":{"type":"Polygon","coordinates":[[[2.12998825,41.39467794],[2.13073344,41.39415687],[2.13100644,41.39437127],[2.13085445,41.39454768],[2.13078804,41.39460014],[2.13067147,41.39457572],[2.13048554,41.39460919],[2.13012401,41.3947675],[2.1300517,41.39471865],[2.12998825,41.39467794]]]},"properties":{"id":"barcelona:osm:way:170083954","name":"Parc sense nom 170083954","nameAddon":null,"objectNumber":"barcelona:osm:way:170083954","district":"Sarrià - Sant Gervasi","locality":null,"type":"Park","areaM2":2315.3,"areaHa":0.23,"designation":null,"dedicated":null,"builtYear":null,"renovatedYear":null,"planningAreaId":null,"planningAreaName":null,"centroid":[2.130548,41.394471],"bounds":[2.12999,41.39416,2.13101,41.39477],"amenities":{"playground":{"status":"observed-nearby","count":2,"nearestMeters":20,"coverage":"community-mapped-observations"},"toilet":{"status":"not-observed","count":0,"nearestMeters":null,"coverage":"community-mapped-observations"},"drinkingFountain":{"status":"observed-nearby","count":1,"nearestMeters":15,"coverage":"community-mapped-observations"},"dogRun":{"status":"not-observed","count":0,"nearestMeters":null,"coverage":"community-mapped-observations"}},"sourceId":"parks"}},{"type":"Feature","id":"barcelona:osm:way:170084894","geometry":{"type":"Polygon","coordinates":[[[2.13151553,41.40425185],[2.13198478,41.40377691],[2.13262521,41.40413335],[2.13232861,41.40443369],[2.13209841,41.40429799],[2.131911,41.4044744],[2.13154357,41.40426723],[2.13151553,41.40425185]]]},"properties":{"id":"barcelona:osm:way:170084894","name":"Jardins de Ca n'Altimira","nameAddon":null,"objectNumber":"barcelona:osm:way:170084894","district":"Sarrià - Sant Gervasi","locality":null,"type":"Park","areaM2":3766.1,"areaHa":0.38,"designation":null,"dedicated":null,"builtYear":null,"renovatedYear":null,"planningAreaId":null,"planningAreaName":null,"centroid":[2.132062,41.404151],"bounds":[2.13152,41.40378,2.13263,41.40447],"amenities":{"playground":{"status":"observed-nearby","count":1,"nearestMeters":0,"coverage":"community-mapped-observations"},"toilet":{"status":"not-observed","count":0,"nearestMeters":null,"coverage":"community-mapped-observations"},"drinkingFountain":{"status":"observed-nearby","count":1,"nearestMeters":0,"coverage":"community-mapped-observations"},"dogRun":{"status":"not-observed","count":0,"nearestMeters":null,"coverage":"community-mapped-observations"}},"sourceId":"parks"}},{"type":"Feature","id":"barcelona:osm:way:170205896","geometry":{"type":"Polygon","coordinates":[[[2.13220613,41.39764339],[2.1326075,41.39730143],[2.13261636,41.39757554],[2.13250864,41.39766058],[2.13220613,41.39764339]]]},"properties":{"id":"barcelona:osm:way:170205896","name":"Jardins de Winston Churchill","nameAddon":null,"objectNumber":"barcelona:osm:way:170205896","district":"Sarrià - Sant Gervasi","locality":null,"type":"Park","areaM2":680.5,"areaHa":0.07,"designation":null,"dedicated":null,"builtYear":null,"renovatedYear":null,"planningAreaId":null,"planningAreaName":null,"centroid":[2.13247,41.39753],"bounds":[2.13221,41.3973,2.13262,41.39766],"amenities":{"playground":{"status":"not-observed","count":0,"nearestMeters":null,"coverage":"community-mapped-observations"},"toilet":{"status":"not-observed","count":0,"nearestMeters":null,"coverage":"community-mapped-observations"},"drinkingFountain":{"status":"not-observed","count":0,"nearestMeters":null,"coverage":"community-mapped-observations"},"dogRun":{"status":"not-observed","count":0,"nearestMeters":null,"coverage":"community-mapped-observations"}},"sourceId":"parks"}},{"type":"Feature","id":"barcelona:osm:way:174662637","geometry":{"type":"Polygon","coordinates":[[[2.18432269,41.44928261],[2.18556666,41.44871087],[2.18577472,41.44910802],[2.18471226,41.45001628],[2.18465914,41.44992853],[2.18432269,41.44928261]]]},"properties":{"id":"barcelona:osm:way:174662637","name":"Parc de la Trinitat Nova","nameAddon":null,"objectNumber":"barcelona:osm:way:174662637","district":"Nou Barris","locality":null,"type":"Park","areaM2":8074,"areaHa":0.81,"designation":null,"dedicated":null,"builtYear":null,"renovatedYear":null,"planningAreaId":null,"planningAreaName":null,"centroid":[2.185035,41.449317],"bounds":[2.18432,41.44871,2.18577,41.45002],"amenities":{"playground":{"status":"observed-nearby","count":3,"nearestMeters":0,"coverage":"community-mapped-observations"},"toilet":{"status":"not-observed","count":0,"nearestMeters":null,"coverage":"community-mapped-observations"},"drinkingFountain":{"status":"observed-nearby","count":2,"nearestMeters":0,"coverage":"community-mapped-observations"},"dogRun":{"status":"not-observed","count":0,"nearestMeters":null,"coverage":"community-mapped-observations"}},"sourceId":"parks"}},{"type":"Feature","id":"barcelona:osm:way:174746515","geometry":{"type":"Polygon","coordinates":[[[2.18513577,41.45022254],[2.18622036,41.45017912],[2.1863635,41.45037],[2.18653763,41.45030306],[2.18670585,41.45050751],[2.18596213,41.45053555],[2.1856552,41.45029763],[2.18529809,41.45031753],[2.18513577,41.45022254]]]},"properties":{"id":"barcelona:osm:way:174746515","name":"Plaça de l'Aire","nameAddon":null,"objectNumber":"barcelona:osm:way:174746515","district":"Nou Barris","locality":null,"type":"Park","areaM2":2646.5,"areaHa":0.26,"designation":null,"dedicated":null,"builtYear":null,"renovatedYear":null,"planningAreaId":null,"planningAreaName":null,"centroid":[2.186026,41.45035],"bounds":[2.18514,41.45018,2.18671,41.45054],"amenities":{"playground":{"status":"observed-nearby","count":1,"nearestMeters":59,"coverage":"community-mapped-observations"},"toilet":{"status":"not-observed","count":0,"nearestMeters":null,"coverage":"community-mapped-observations"},"drinkingFountain":{"status":"observed-nearby","count":4,"nearestMeters":0,"coverage":"community-mapped-observations"},"dogRun":{"status":"not-observed","count":0,"nearestMeters":null,"coverage":"community-mapped-observations"}},"sourceId":"parks"}},{"type":"Feature","id":"barcelona:osm:way:174746517","geometry":{"type":"Polygon","coordinates":[[[2.18661584,41.45169079],[2.18732857,41.45167089],[2.18736841,41.45189705],[2.18683275,41.45219468],[2.18676635,41.45213316],[2.18661584,41.45169079]]]},"properties":{"id":"barcelona:osm:way:174746517","name":"Plaça de la Terra","nameAddon":null,"objectNumber":"barcelona:osm:way:174746517","district":"Nou Barris","locality":null,"type":"Park","areaM2":2441.3,"areaHa":0.24,"designation":null,"dedicated":null,"builtYear":null,"renovatedYear":null,"planningAreaId":null,"planningAreaName":null,"centroid":[2.186983,41.451876],"bounds":[2.18662,41.45167,2.18737,41.45219],"amenities":{"playground":{"status":"not-observed","count":0,"nearestMeters":null,"coverage":"community-mapped-observations"},"toilet":{"status":"not-observed","count":0,"nearestMeters":null,"coverage":"community-mapped-observations"},"drinkingFountain":{"status":"observed-nearby","count":1,"nearestMeters":30,"coverage":"community-mapped-observations"},"dogRun":{"status":"not-observed","count":0,"nearestMeters":null,"coverage":"community-mapped-observations"}},"sourceId":"parks"}},{"type":"Feature","id":"barcelona:osm:way:175105013","geometry":{"type":"Polygon","coordinates":[[[2.19025328,41.44981997],[2.19081993,41.44975484],[2.19102209,41.45009499],[2.19038609,41.45017279],[2.19037576,41.45014384],[2.19025328,41.44981997]]]},"properties":{"id":"barcelona:osm:way:175105013","name":"Plaça de la Trinitat","nameAddon":null,"objectNumber":"barcelona:osm:way:175105013","district":"Sant Andreu","locality":null,"type":"Park","areaM2":2039.2,"areaHa":0.2,"designation":null,"dedicated":null,"builtYear":null,"renovatedYear":null,"planningAreaId":null,"planningAreaName":null,"centroid":[2.190622,41.449964],"bounds":[2.19025,41.44975,2.19102,41.45017],"amenities":{"playground":{"status":"observed-nearby","count":1,"nearestMeters":0,"coverage":"community-mapped-observations"},"toilet":{"status":"observed-nearby","count":1,"nearestMeters":55,"coverage":"community-mapped-observations"},"drinkingFountain":{"status":"observed-nearby","count":1,"nearestMeters":0,"coverage":"community-mapped-observations"},"dogRun":{"status":"not-observed","count":0,"nearestMeters":null,"coverage":"community-mapped-observations"}},"sourceId":"parks"}},{"type":"Feature","id":"barcelona:osm:way:175803262","geometry":{"type":"Polygon","coordinates":[[[2.19642292,41.38828478],[2.19669887,41.38817984],[2.19687889,41.38793016],[2.1975267,41.38835625],[2.19807711,41.38857699],[2.19882231,41.38881039],[2.1992709,41.38909535],[2.19947159,41.38927085],[2.19995117,41.39],[2.19932255,41.39045594],[2.19887396,41.39011127],[2.19686119,41.38861046],[2.19642292,41.38828478]]]},"properties":{"id":"barcelona:osm:way:175803262","name":"Parc del Port Olímpic","nameAddon":null,"objectNumber":"barcelona:osm:way:175803262","district":"Sant Martí","locality":null,"type":"Park","areaM2":27532.5,"areaHa":2.75,"designation":null,"dedicated":null,"builtYear":null,"renovatedYear":null,"planningAreaId":null,"planningAreaName":null,"centroid":[2.198378,41.389204],"bounds":[2.19642,41.38793,2.19995,41.39046],"amenities":{"playground":{"status":"observed-nearby","count":3,"nearestMeters":0,"coverage":"community-mapped-observations"},"toilet":{"status":"not-observed","count":0,"nearestMeters":null,"coverage":"community-mapped-observations"},"drinkingFountain":{"status":"observed-nearby","count":2,"nearestMeters":0,"coverage":"community-mapped-observations"},"dogRun":{"status":"observed-nearby","count":1,"nearestMeters":54,"coverage":"community-mapped-observations"}},"sourceId":"parks"}},{"type":"Feature","id":"barcelona:osm:way:175817393","geometry":{"type":"Polygon","coordinates":[[[2.16402087,41.41652072],[2.1643219,41.41630812],[2.16465687,41.41649358],[2.16433961,41.41681111],[2.16428649,41.41674417],[2.16421566,41.41674145],[2.16402973,41.41663289],[2.16402087,41.41652072]]]},"properties":{"id":"barcelona:osm:way:175817393","name":"Plaça de les Pedreres de Can Baró","nameAddon":null,"objectNumber":"barcelona:osm:way:175817393","district":"Horta-Guinardó","locality":null,"type":"Park","areaM2":1627.5,"areaHa":0.16,"designation":null,"dedicated":null,"builtYear":null,"renovatedYear":null,"planningAreaId":null,"planningAreaName":null,"centroid":[2.164318,41.41655],"bounds":[2.16402,41.41631,2.16466,41.41681],"amenities":{"playground":{"status":"observed-nearby","count":2,"nearestMeters":3,"coverage":"community-mapped-observations"},"toilet":{"status":"not-observed","count":0,"nearestMeters":null,"coverage":"community-mapped-observations"},"drinkingFountain":{"status":"observed-nearby","count":3,"nearestMeters":0,"coverage":"community-mapped-observations"},"dogRun":{"status":"not-observed","count":0,"nearestMeters":null,"coverage":"community-mapped-observations"}},"sourceId":"parks"}},{"type":"Feature","id":"barcelona:osm:way:176252440","geometry":{"type":"Polygon","coordinates":[[[2.17275665,41.39413606],[2.17314327,41.39384295],[2.1733469,41.39399674],[2.17296029,41.39428895],[2.17275665,41.39413606]]]},"properties":{"id":"barcelona:osm:way:176252440","name":"Jardins de Jaume Perich","nameAddon":null,"objectNumber":"barcelona:osm:way:176252440","district":"l'Eixample","locality":null,"type":"Park","areaM2":1104.9,"areaHa":0.11,"designation":null,"dedicated":null,"builtYear":null,"renovatedYear":null,"planningAreaId":null,"planningAreaName":null,"centroid":[2.173052,41.394066],"bounds":[2.17276,41.39384,2.17335,41.39429],"amenities":{"playground":{"status":"observed-nearby","count":1,"nearestMeters":0,"coverage":"community-mapped-observations"},"toilet":{"status":"not-observed","count":0,"nearestMeters":null,"coverage":"community-mapped-observations"},"drinkingFountain":{"status":"observed-nearby","count":4,"nearestMeters":0,"coverage":"community-mapped-observations"},"dogRun":{"status":"not-observed","count":0,"nearestMeters":null,"coverage":"community-mapped-observations"}},"sourceId":"parks"}},{"type":"Feature","id":"barcelona:osm:way:176252452","geometry":{"type":"Polygon","coordinates":[[[2.171827,41.39518183],[2.1721177,41.39493667],[2.1722446,41.39502081],[2.17193914,41.39525602],[2.171827,41.39518183]]]},"properties":{"id":"barcelona:osm:way:176252452","name":"Jardins de Sofia Barat","nameAddon":null,"objectNumber":"barcelona:osm:way:176252452","district":"l'Eixample","locality":null,"type":"Park","areaM2":486.5,"areaHa":0.05,"designation":null,"dedicated":null,"builtYear":null,"renovatedYear":null,"planningAreaId":null,"planningAreaName":null,"centroid":[2.172035,41.395096],"bounds":[2.17183,41.39494,2.17224,41.39526],"amenities":{"playground":{"status":"not-observed","count":0,"nearestMeters":null,"coverage":"community-mapped-observations"},"toilet":{"status":"observed-nearby","count":1,"nearestMeters":12,"coverage":"community-mapped-observations"},"drinkingFountain":{"status":"observed-nearby","count":2,"nearestMeters":56,"coverage":"community-mapped-observations"},"dogRun":{"status":"not-observed","count":0,"nearestMeters":null,"coverage":"community-mapped-observations"}},"sourceId":"parks"}},{"type":"Feature","id":"barcelona:osm:way:176252468","geometry":{"type":"Polygon","coordinates":[[[2.16270313,41.39621766],[2.16273559,41.39616881],[2.16330371,41.39659218],[2.16298645,41.39682377],[2.16274445,41.39664646],[2.16301006,41.39645468],[2.16270313,41.39621766]]]},"properties":{"id":"barcelona:osm:way:176252468","name":"Jardins de Laura Albéniz","nameAddon":null,"objectNumber":"barcelona:osm:way:176252468","district":"l'Eixample","locality":null,"type":"Park","areaM2":1277,"areaHa":0.13,"designation":null,"dedicated":null,"builtYear":null,"renovatedYear":null,"planningAreaId":null,"planningAreaName":null,"centroid":[2.162999,41.396564],"bounds":[2.1627,41.39617,2.1633,41.39682],"amenities":{"playground":{"status":"observed-nearby","count":1,"nearestMeters":0,"coverage":"community-mapped-observations"},"toilet":{"status":"not-observed","count":0,"nearestMeters":null,"coverage":"community-mapped-observations"},"drinkingFountain":{"status":"observed-nearby","count":2,"nearestMeters":0,"coverage":"community-mapped-observations"},"dogRun":{"status":"not-observed","count":0,"nearestMeters":null,"coverage":"community-mapped-observations"}},"sourceId":"parks"}},{"type":"Feature","id":"barcelona:osm:way:176252470","geometry":{"type":"Polygon","coordinates":[[[2.16730417,41.39507418],[2.16737057,41.39502443],[2.16741632,41.39505971],[2.16739271,41.395019],[2.16756978,41.3948842],[2.16778375,41.39502443],[2.16750928,41.39522888],[2.16740894,41.39515379],[2.16730417,41.39507418]]]},"properties":{"id":"barcelona:osm:way:176252470","name":"Jardins del Rector Oliveras","nameAddon":null,"objectNumber":"barcelona:osm:way:176252470","district":"l'Eixample","locality":null,"type":"Park","areaM2":756.4,"areaHa":0.08,"designation":null,"dedicated":null,"builtYear":null,"renovatedYear":null,"planningAreaId":null,"planningAreaName":null,"centroid":[2.167544,41.395055],"bounds":[2.1673,41.39488,2.16778,41.39523],"amenities":{"playground":{"status":"not-observed","count":0,"nearestMeters":null,"coverage":"community-mapped-observations"},"toilet":{"status":"not-observed","count":0,"nearestMeters":null,"coverage":"community-mapped-observations"},"drinkingFountain":{"status":"observed-nearby","count":2,"nearestMeters":0,"coverage":"community-mapped-observations"},"dogRun":{"status":"not-observed","count":0,"nearestMeters":null,"coverage":"community-mapped-observations"}},"sourceId":"parks"}},{"type":"Feature","id":"barcelona:osm:way:177879259","geometry":{"type":"Polygon","coordinates":[[[2.1654006,41.41402026],[2.16555406,41.41373892],[2.1662727,41.41369821],[2.1670356,41.41404559],[2.16658996,41.41479193],[2.16577688,41.4145332],[2.16583591,41.41446083],[2.16633172,41.41459743],[2.16641583,41.41436675],[2.16592297,41.41422019],[2.16585657,41.41407002],[2.16541978,41.41405555],[2.1654006,41.41402026]]]},"properties":{"id":"barcelona:osm:way:177879259","name":"Jardins d'Hiroshima","nameAddon":null,"objectNumber":"barcelona:osm:way:177879259","district":"Horta-Guinardó","locality":null,"type":"Park","areaM2":8270.3,"areaHa":0.83,"designation":null,"dedicated":null,"builtYear":null,"renovatedYear":null,"planningAreaId":null,"planningAreaName":null,"centroid":[2.166287,41.414141],"bounds":[2.1654,41.4137,2.16704,41.41479],"amenities":{"playground":{"status":"observed-nearby","count":2,"nearestMeters":24,"coverage":"community-mapped-observations"},"toilet":{"status":"not-observed","count":0,"nearestMeters":null,"coverage":"community-mapped-observations"},"drinkingFountain":{"status":"observed-nearby","count":3,"nearestMeters":53,"coverage":"community-mapped-observations"},"dogRun":{"status":"observed-nearby","count":1,"nearestMeters":0,"coverage":"community-mapped-observations"}},"sourceId":"parks"}},{"type":"Feature","id":"barcelona:osm:way:177883868","geometry":{"type":"Polygon","coordinates":[[[2.16811724,41.41240546],[2.168374,41.41198028],[2.16867061,41.41209788],[2.16816004,41.41243441],[2.16811724,41.41240546]]]},"properties":{"id":"barcelona:osm:way:177883868","name":"Parc sense nom 177883868","nameAddon":null,"objectNumber":"barcelona:osm:way:177883868","district":"Horta-Guinardó","locality":null,"type":"Park","areaM2":918.3,"areaHa":0.09,"designation":null,"dedicated":null,"builtYear":null,"renovatedYear":null,"planningAreaId":null,"planningAreaName":null,"centroid":[2.168376,41.412185],"bounds":[2.16812,41.41198,2.16867,41.41243],"amenities":{"playground":{"status":"observed-nearby","count":1,"nearestMeters":0,"coverage":"community-mapped-observations"},"toilet":{"status":"not-observed","count":0,"nearestMeters":null,"coverage":"community-mapped-observations"},"drinkingFountain":{"status":"observed-nearby","count":1,"nearestMeters":0,"coverage":"community-mapped-observations"},"dogRun":{"status":"not-observed","count":0,"nearestMeters":null,"coverage":"community-mapped-observations"}},"sourceId":"parks"}},{"type":"Feature","id":"barcelona:osm:way:179303220","geometry":{"type":"Polygon","coordinates":[[[2.13349436,41.36561516],[2.133577,41.36552289],[2.13438122,41.36491677],[2.134576,41.36506333],[2.13464683,41.3650398],[2.13466897,41.36494391],[2.13475751,41.36505518],[2.1347339,41.36517279],[2.13447419,41.36589108],[2.13356667,41.36563325],[2.13349436,41.36561516]]]},"properties":{"id":"barcelona:osm:way:179303220","name":"Jardins del Valent Petit","nameAddon":null,"objectNumber":"barcelona:osm:way:179303220","district":"Sants-Montjuïc","locality":null,"type":"Park","areaM2":6154.5,"areaHa":0.62,"designation":null,"dedicated":null,"builtYear":null,"renovatedYear":null,"planningAreaId":null,"planningAreaName":null,"centroid":[2.134228,41.365425],"bounds":[2.13349,41.36492,2.13476,41.36589],"amenities":{"playground":{"status":"not-observed","count":0,"nearestMeters":null,"coverage":"community-mapped-observations"},"toilet":{"status":"not-observed","count":0,"nearestMeters":null,"coverage":"community-mapped-observations"},"drinkingFountain":{"status":"not-observed","count":0,"nearestMeters":null,"coverage":"community-mapped-observations"},"dogRun":{"status":"observed-nearby","count":1,"nearestMeters":0,"coverage":"community-mapped-observations"}},"sourceId":"parks"}},{"type":"Feature","id":"barcelona:osm:way:183087983","geometry":{"type":"Polygon","coordinates":[[[2.20461419,41.40378415],[2.20497277,41.40348743],[2.20525461,41.40348381],[2.20596882,41.40401122],[2.20596882,41.40419486],[2.20518673,41.4047856],[2.20495211,41.40478379],[2.20481782,41.40468247],[2.20532692,41.40432513],[2.20461419,41.40378415]]]},"properties":{"id":"barcelona:osm:way:183087983","name":"Jardins de Josep Trueta","nameAddon":null,"objectNumber":"barcelona:osm:way:183087983","district":"Sant Martí","locality":null,"type":"Park","areaM2":8442.4,"areaHa":0.84,"designation":null,"dedicated":null,"builtYear":null,"renovatedYear":null,"planningAreaId":null,"planningAreaName":null,"centroid":[2.205315,41.404069],"bounds":[2.20461,41.40348,2.20597,41.40479],"amenities":{"playground":{"status":"observed-nearby","count":1,"nearestMeters":0,"coverage":"community-mapped-observations"},"toilet":{"status":"not-observed","count":0,"nearestMeters":null,"coverage":"community-mapped-observations"},"drinkingFountain":{"status":"observed-nearby","count":2,"nearestMeters":0,"coverage":"community-mapped-observations"},"dogRun":{"status":"not-observed","count":0,"nearestMeters":null,"coverage":"community-mapped-observations"}},"sourceId":"parks"}},{"type":"Feature","id":"barcelona:osm:way:183216137","geometry":{"type":"Polygon","coordinates":[[[2.14300927,41.43022526],[2.14415142,41.42992401],[2.14439637,41.43004704],[2.14455279,41.43039805],[2.14452623,41.43044418],[2.14446868,41.43052379],[2.14392859,41.43082142],[2.14365855,41.43090103],[2.14363642,41.4310901],[2.14352279,41.4311869],[2.14353165,41.43126922],[2.1434682,41.43122851],[2.14303141,41.4302732],[2.14300927,41.43022526]]]},"properties":{"id":"barcelona:osm:way:183216137","name":"Jardins de Pedro Muñoz Seca","nameAddon":null,"objectNumber":"barcelona:osm:way:183216137","district":"Horta-Guinardó","locality":null,"type":"Park","areaM2":9895.1,"areaHa":0.99,"designation":null,"dedicated":null,"builtYear":null,"renovatedYear":null,"planningAreaId":null,"planningAreaName":null,"centroid":[2.143771,41.430456],"bounds":[2.14301,41.42992,2.14455,41.43127],"amenities":{"playground":{"status":"observed-nearby","count":1,"nearestMeters":0,"coverage":"community-mapped-observations"},"toilet":{"status":"not-observed","count":0,"nearestMeters":null,"coverage":"community-mapped-observations"},"drinkingFountain":{"status":"observed-nearby","count":3,"nearestMeters":0,"coverage":"community-mapped-observations"},"dogRun":{"status":"not-observed","count":0,"nearestMeters":null,"coverage":"community-mapped-observations"}},"sourceId":"parks"}},{"type":"Feature","id":"barcelona:osm:way:183216139","geometry":{"type":"Polygon","coordinates":[[[2.14159118,41.43279356],[2.14161922,41.43274109],[2.14377365,41.43217206],[2.1438312,41.43225258],[2.14396844,41.43259815],[2.14181548,41.43316175],[2.14175055,41.43313823],[2.14159118,41.43279356]]]},"properties":{"id":"barcelona:osm:way:183216139","name":"Jardins de Montbau","nameAddon":null,"objectNumber":"barcelona:osm:way:183216139","district":"Horta-Guinardó","locality":null,"type":"Park","areaM2":9739.2,"areaHa":0.97,"designation":null,"dedicated":null,"builtYear":null,"renovatedYear":null,"planningAreaId":null,"planningAreaName":null,"centroid":[2.142779,41.432672],"bounds":[2.14159,41.43217,2.14397,41.43316],"amenities":{"playground":{"status":"observed-nearby","count":2,"nearestMeters":0,"coverage":"community-mapped-observations"},"toilet":{"status":"not-observed","count":0,"nearestMeters":null,"coverage":"community-mapped-observations"},"drinkingFountain":{"status":"observed-nearby","count":5,"nearestMeters":0,"coverage":"community-mapped-observations"},"dogRun":{"status":"observed-nearby","count":1,"nearestMeters":17,"coverage":"community-mapped-observations"}},"sourceId":"parks"}},{"type":"Feature","id":"barcelona:osm:way:18593605","geometry":{"type":"Polygon","coordinates":[[[2.13926115,41.37740094],[2.13946922,41.37685725],[2.13980714,41.37648363],[2.14048003,41.37649086],[2.14179335,41.37659942],[2.14193353,41.37841415],[2.14233195,41.37864845],[2.14198223,41.37900489],[2.14159709,41.37876696],[2.14152331,41.37866564],[2.14040182,41.3779573],[2.139664,41.37760358],[2.13967433,41.3774896],[2.13959317,41.37739732],[2.13944413,41.37737199],[2.1393187,41.37742084],[2.13926115,41.37740094]]]},"properties":{"id":"barcelona:osm:way:18593605","name":"Parc de l'Espanya Industrial","nameAddon":null,"objectNumber":"barcelona:osm:way:18593605","district":"Sants-Montjuïc","locality":null,"type":"Park","areaM2":37567.2,"areaHa":3.76,"designation":null,"dedicated":null,"builtYear":null,"renovatedYear":null,"planningAreaId":null,"planningAreaName":null,"centroid":[2.140882,41.377463],"bounds":[2.13926,41.37648,2.14233,41.379],"amenities":{"playground":{"status":"observed-nearby","count":2,"nearestMeters":0,"coverage":"community-mapped-observations"},"toilet":{"status":"observed-nearby","count":2,"nearestMeters":48,"coverage":"community-mapped-observations"},"drinkingFountain":{"status":"observed-nearby","count":4,"nearestMeters":0,"coverage":"community-mapped-observations"},"dogRun":{"status":"observed-nearby","count":1,"nearestMeters":0,"coverage":"community-mapped-observations"}},"sourceId":"parks"}},{"type":"Feature","id":"barcelona:osm:way:18619134","geometry":{"type":"Polygon","coordinates":[[[2.16952058,41.38116519],[2.17016248,41.38051656],[2.17046203,41.38060521],[2.17026282,41.38080876],[2.1703971,41.38087842],[2.17029086,41.38098878],[2.17024069,41.38095983],[2.17028496,41.3809137],[2.17020527,41.38086937],[2.16977734,41.38131084],[2.16965191,41.38123937],[2.16952058,41.38116519]]]},"properties":{"id":"barcelona:osm:way:18619134","name":"Jardins de Rubió i Lluch","nameAddon":null,"objectNumber":"barcelona:osm:way:18619134","district":"Ciutat Vella","locality":null,"type":"Park","areaM2":2519.7,"areaHa":0.25,"designation":null,"dedicated":null,"builtYear":null,"renovatedYear":null,"planningAreaId":null,"planningAreaName":null,"centroid":[2.169998,41.380902],"bounds":[2.16952,41.38052,2.17046,41.38131],"amenities":{"playground":{"status":"observed-nearby","count":1,"nearestMeters":39,"coverage":"community-mapped-observations"},"toilet":{"status":"observed-nearby","count":1,"nearestMeters":26,"coverage":"community-mapped-observations"},"drinkingFountain":{"status":"observed-nearby","count":3,"nearestMeters":20,"coverage":"community-mapped-observations"},"dogRun":{"status":"not-observed","count":0,"nearestMeters":null,"coverage":"community-mapped-observations"}},"sourceId":"parks"}},{"type":"Feature","id":"barcelona:osm:way:198342713","geometry":{"type":"Polygon","coordinates":[[[2.1920388,41.39116609],[2.19243575,41.39088837],[2.19284598,41.39078252],[2.19326211,41.39109372],[2.19319865,41.39116519],[2.1920388,41.39116609]]]},"properties":{"id":"barcelona:osm:way:198342713","name":"Parc sense nom 198342713","nameAddon":null,"objectNumber":"barcelona:osm:way:198342713","district":"Sant Martí","locality":null,"type":"Park","areaM2":2607.7,"areaHa":0.26,"designation":null,"dedicated":null,"builtYear":null,"renovatedYear":null,"planningAreaId":null,"planningAreaName":null,"centroid":[2.192698,41.391024],"bounds":[2.19204,41.39078,2.19326,41.39117],"amenities":{"playground":{"status":"observed-nearby","count":3,"nearestMeters":40,"coverage":"community-mapped-observations"},"toilet":{"status":"not-observed","count":0,"nearestMeters":null,"coverage":"community-mapped-observations"},"drinkingFountain":{"status":"observed-nearby","count":3,"nearestMeters":49,"coverage":"community-mapped-observations"},"dogRun":{"status":"not-observed","count":0,"nearestMeters":null,"coverage":"community-mapped-observations"}},"sourceId":"parks"}},{"type":"Feature","id":"barcelona:osm:way:198437130","geometry":{"type":"Polygon","coordinates":[[[2.19201962,41.39152886],[2.19295075,41.391499],[2.1932503,41.39120047],[2.19323702,41.39156143],[2.19272055,41.39195676],[2.19249035,41.39195133],[2.19201962,41.39160213],[2.19201962,41.39152886]]]},"properties":{"id":"barcelona:osm:way:198437130","name":"Parc sense nom 198437130","nameAddon":null,"objectNumber":"barcelona:osm:way:198437130","district":"Sant Martí","locality":null,"type":"Park","areaM2":3802.6,"areaHa":0.38,"designation":null,"dedicated":null,"builtYear":null,"renovatedYear":null,"planningAreaId":null,"planningAreaName":null,"centroid":[2.192679,41.391651],"bounds":[2.19202,41.3912,2.19325,41.39196],"amenities":{"playground":{"status":"observed-nearby","count":4,"nearestMeters":0,"coverage":"community-mapped-observations"},"toilet":{"status":"not-observed","count":0,"nearestMeters":null,"coverage":"community-mapped-observations"},"drinkingFountain":{"status":"observed-nearby","count":2,"nearestMeters":0,"coverage":"community-mapped-observations"},"dogRun":{"status":"not-observed","count":0,"nearestMeters":null,"coverage":"community-mapped-observations"}},"sourceId":"parks"}},{"type":"Feature","id":"barcelona:osm:way:198437132","geometry":{"type":"Polygon","coordinates":[[[2.19246526,41.39018545],[2.19341262,41.38946988],[2.1926689,41.3889108],[2.19334179,41.38835987],[2.1934864,41.38833816],[2.19428325,41.38896508],[2.194298,41.38906369],[2.19273678,41.39025511],[2.19246526,41.39018545]]]},"properties":{"id":"barcelona:osm:way:198437132","name":"Parc de Carles I","nameAddon":null,"objectNumber":"barcelona:osm:way:198437132","district":"Sant Martí","locality":null,"type":"Park","areaM2":12600.5,"areaHa":1.26,"designation":null,"dedicated":null,"builtYear":null,"renovatedYear":null,"planningAreaId":null,"planningAreaName":null,"centroid":[2.193423,41.389125],"bounds":[2.19247,41.38834,2.1943,41.39026],"amenities":{"playground":{"status":"not-observed","count":0,"nearestMeters":null,"coverage":"community-mapped-observations"},"toilet":{"status":"not-observed","count":0,"nearestMeters":null,"coverage":"community-mapped-observations"},"drinkingFountain":{"status":"observed-nearby","count":1,"nearestMeters":50,"coverage":"community-mapped-observations"},"dogRun":{"status":"observed-nearby","count":1,"nearestMeters":37,"coverage":"community-mapped-observations"}},"sourceId":"parks"}},{"type":"Feature","id":"barcelona:osm:way:198437137","geometry":{"type":"Polygon","coordinates":[[[2.19433047,41.39036096],[2.19461822,41.38966076],[2.19494581,41.38995205],[2.19482481,41.39003438],[2.19473922,41.38996653],[2.19463445,41.39003257],[2.19455919,41.39020536],[2.19433047,41.39036096]]]},"properties":{"id":"barcelona:osm:way:198437137","name":"Parc sense nom 198437137","nameAddon":null,"objectNumber":"barcelona:osm:way:198437137","district":"Sant Martí","locality":null,"type":"Park","areaM2":1158,"areaHa":0.12,"designation":null,"dedicated":null,"builtYear":null,"renovatedYear":null,"planningAreaId":null,"planningAreaName":null,"centroid":[2.194622,41.389977],"bounds":[2.19433,41.38966,2.19495,41.39036],"amenities":{"playground":{"status":"not-observed","count":0,"nearestMeters":null,"coverage":"community-mapped-observations"},"toilet":{"status":"not-observed","count":0,"nearestMeters":null,"coverage":"community-mapped-observations"},"drinkingFountain":{"status":"observed-nearby","count":1,"nearestMeters":66,"coverage":"community-mapped-observations"},"dogRun":{"status":"not-observed","count":0,"nearestMeters":null,"coverage":"community-mapped-observations"}},"sourceId":"parks"}},{"type":"Feature","id":"barcelona:osm:way:198445470","geometry":{"type":"Polygon","coordinates":[[[2.19640817,41.39139135],[2.19653507,41.3913036],[2.19725813,41.39189072],[2.19713123,41.39197847],[2.19640817,41.39139135]]]},"properties":{"id":"barcelona:osm:way:198445470","name":"Parc sense nom 198445470","nameAddon":null,"objectNumber":"barcelona:osm:way:198445470","district":"Sant Martí","locality":null,"type":"Park","areaM2":1278.9,"areaHa":0.13,"designation":null,"dedicated":null,"builtYear":null,"renovatedYear":null,"planningAreaId":null,"planningAreaName":null,"centroid":[2.196833,41.391641],"bounds":[2.19641,41.3913,2.19726,41.39198],"amenities":{"playground":{"status":"not-observed","count":0,"nearestMeters":null,"coverage":"community-mapped-observations"},"toilet":{"status":"not-observed","count":0,"nearestMeters":null,"coverage":"community-mapped-observations"},"drinkingFountain":{"status":"not-observed","count":0,"nearestMeters":null,"coverage":"community-mapped-observations"},"dogRun":{"status":"not-observed","count":0,"nearestMeters":null,"coverage":"community-mapped-observations"}},"sourceId":"parks"}},{"type":"Feature","id":"barcelona:osm:way:198464708","geometry":{"type":"Polygon","coordinates":[[[2.19084354,41.39258097],[2.19096011,41.39249141],[2.19088043,41.3924317],[2.19132902,41.3921983],[2.19163005,41.39196761],[2.19159316,41.39193776],[2.19165071,41.39189796],[2.19174368,41.39197033],[2.19186173,41.39188529],[2.19189124,41.39190791],[2.19171121,41.39203637],[2.19189567,41.3921784],[2.19194141,41.39216754],[2.19180418,41.39227158],[2.19188829,41.39233581],[2.1916758,41.39249683],[2.19182336,41.39260991],[2.19176729,41.39264881],[2.19161382,41.39253031],[2.19108407,41.39252397],[2.19092912,41.39264429],[2.19089076,41.39261806],[2.19084354,41.39258097]]]},"properties":{"id":"barcelona:osm:way:198464708","name":"Jardins de Margarida Comas","nameAddon":null,"objectNumber":"barcelona:osm:way:198464708","district":"Sant Martí","locality":null,"type":"Park","areaM2":3328.5,"areaHa":0.33,"designation":null,"dedicated":null,"builtYear":null,"renovatedYear":null,"planningAreaId":null,"planningAreaName":null,"centroid":[2.191463,41.39232],"bounds":[2.19084,41.39189,2.19194,41.39265],"amenities":{"playground":{"status":"observed-nearby","count":5,"nearestMeters":0,"coverage":"community-mapped-observations"},"toilet":{"status":"not-observed","count":0,"nearestMeters":null,"coverage":"community-mapped-observations"},"drinkingFountain":{"status":"observed-nearby","count":5,"nearestMeters":0,"coverage":"community-mapped-observations"},"dogRun":{"status":"not-observed","count":0,"nearestMeters":null,"coverage":"community-mapped-observations"}},"sourceId":"parks"}},{"type":"Feature","id":"barcelona:osm:way:198505175","geometry":{"type":"Polygon","coordinates":[[[2.19446475,41.39104216],[2.19456214,41.39097069],[2.1945105,41.39084132],[2.19501221,41.39047132],[2.19519224,41.39060973],[2.19457837,41.39106658],[2.19446475,41.39104216]]]},"properties":{"id":"barcelona:osm:way:198505175","name":"Parc sense nom 198505175","nameAddon":null,"objectNumber":"barcelona:osm:way:198505175","district":"Sant Martí","locality":null,"type":"Park","areaM2":1461.5,"areaHa":0.15,"designation":null,"dedicated":null,"builtYear":null,"renovatedYear":null,"planningAreaId":null,"planningAreaName":null,"centroid":[2.194818,41.390758],"bounds":[2.19446,41.39047,2.19519,41.39107],"amenities":{"playground":{"status":"not-observed","count":0,"nearestMeters":null,"coverage":"community-mapped-observations"},"toilet":{"status":"not-observed","count":0,"nearestMeters":null,"coverage":"community-mapped-observations"},"drinkingFountain":{"status":"not-observed","count":0,"nearestMeters":null,"coverage":"community-mapped-observations"},"dogRun":{"status":"not-observed","count":0,"nearestMeters":null,"coverage":"community-mapped-observations"}},"sourceId":"parks"}},{"type":"Feature","id":"barcelona:osm:way:206811435","geometry":{"type":"Polygon","coordinates":[[[2.19596252,41.39224896],[2.19599204,41.39223177],[2.1961337,41.39223358],[2.19613075,41.39236656],[2.19596252,41.39224896]]]},"properties":{"id":"barcelona:osm:way:206811435","name":"Parc sense nom 206811435","nameAddon":null,"objectNumber":"barcelona:osm:way:206811435","district":"Sant Martí","locality":null,"type":"Park","areaM2":101.6,"areaHa":0.01,"designation":null,"dedicated":null,"builtYear":null,"renovatedYear":null,"planningAreaId":null,"planningAreaName":null,"centroid":[2.196071,41.392279],"bounds":[2.19596,41.39223,2.19613,41.39237],"amenities":{"playground":{"status":"not-observed","count":0,"nearestMeters":null,"coverage":"community-mapped-observations"},"toilet":{"status":"not-observed","count":0,"nearestMeters":null,"coverage":"community-mapped-observations"},"drinkingFountain":{"status":"observed-nearby","count":1,"nearestMeters":64,"coverage":"community-mapped-observations"},"dogRun":{"status":"not-observed","count":0,"nearestMeters":null,"coverage":"community-mapped-observations"}},"sourceId":"parks"}},{"type":"Feature","id":"barcelona:osm:way:206811438","geometry":{"type":"Polygon","coordinates":[[[2.19618239,41.39223358],[2.19632405,41.39223087],[2.19634766,41.39224625],[2.19618682,41.39237018],[2.19618239,41.39223358]]]},"properties":{"id":"barcelona:osm:way:206811438","name":"Parc sense nom 206811438","nameAddon":null,"objectNumber":"barcelona:osm:way:206811438","district":"Sant Martí","locality":null,"type":"Park","areaM2":99.4,"areaHa":0.01,"designation":null,"dedicated":null,"builtYear":null,"renovatedYear":null,"planningAreaId":null,"planningAreaName":null,"centroid":[2.196243,41.392279],"bounds":[2.19618,41.39223,2.19635,41.39237],"amenities":{"playground":{"status":"not-observed","count":0,"nearestMeters":null,"coverage":"community-mapped-observations"},"toilet":{"status":"not-observed","count":0,"nearestMeters":null,"coverage":"community-mapped-observations"},"drinkingFountain":{"status":"observed-nearby","count":1,"nearestMeters":66,"coverage":"community-mapped-observations"},"dogRun":{"status":"not-observed","count":0,"nearestMeters":null,"coverage":"community-mapped-observations"}},"sourceId":"parks"}},{"type":"Feature","id":"barcelona:osm:way:208437132","geometry":{"type":"Polygon","coordinates":[[[2.19159759,41.40343315],[2.19187058,41.40322327],[2.19191632,41.40342048],[2.19287696,41.40268229],[2.19304224,41.40280441],[2.19277219,41.40300977],[2.19329309,41.40339515],[2.19356314,41.4031907],[2.19361036,41.4032296],[2.19360298,41.40335806],[2.19254495,41.40414692],[2.19159759,41.40343315]]]},"properties":{"id":"barcelona:osm:way:208437132","name":"Jardins de Ca l'Aranyó","nameAddon":null,"objectNumber":"barcelona:osm:way:208437132","district":"Sant Martí","locality":null,"type":"Park","areaM2":11385.5,"areaHa":1.14,"designation":null,"dedicated":null,"builtYear":null,"renovatedYear":null,"planningAreaId":null,"planningAreaName":null,"centroid":[2.192598,41.40347],"bounds":[2.1916,41.40268,2.19361,41.40415],"amenities":{"playground":{"status":"observed-nearby","count":1,"nearestMeters":0,"coverage":"community-mapped-observations"},"toilet":{"status":"not-observed","count":0,"nearestMeters":null,"coverage":"community-mapped-observations"},"drinkingFountain":{"status":"observed-nearby","count":1,"nearestMeters":69,"coverage":"community-mapped-observations"},"dogRun":{"status":"not-observed","count":0,"nearestMeters":null,"coverage":"community-mapped-observations"}},"sourceId":"parks"}},{"type":"Feature","id":"barcelona:osm:way:214436144","geometry":{"type":"Polygon","coordinates":[[[2.15116807,41.36141125],[2.15121087,41.36116248],[2.15131564,41.36098969],[2.15142336,41.36086665],[2.15154879,41.36080333],[2.15174357,41.3607789],[2.15190146,41.36080152],[2.1523353,41.36116971],[2.15290047,41.36156504],[2.15336087,41.36175321],[2.15332988,41.3618871],[2.15145582,41.36188981],[2.15127874,41.36174417],[2.15121972,41.36159309],[2.15116807,41.36141125]]]},"properties":{"id":"barcelona:osm:way:214436144","name":"Parc sense nom 214436144","nameAddon":null,"objectNumber":"barcelona:osm:way:214436144","district":"Sants-Montjuïc","locality":null,"type":"Park","areaM2":13765.8,"areaHa":1.38,"designation":null,"dedicated":null,"builtYear":null,"renovatedYear":null,"planningAreaId":null,"planningAreaName":null,"centroid":[2.152024,41.361455],"bounds":[2.15117,41.36078,2.15336,41.36189],"amenities":{"playground":{"status":"not-observed","count":0,"nearestMeters":null,"coverage":"community-mapped-observations"},"toilet":{"status":"not-observed","count":0,"nearestMeters":null,"coverage":"community-mapped-observations"},"drinkingFountain":{"status":"observed-nearby","count":1,"nearestMeters":51,"coverage":"community-mapped-observations"},"dogRun":{"status":"not-observed","count":0,"nearestMeters":null,"coverage":"community-mapped-observations"}},"sourceId":"parks"}},{"type":"Feature","id":"barcelona:osm:way:214436176","geometry":{"type":"Polygon","coordinates":[[[2.14626748,41.36321151],[2.14639734,41.36306043],[2.14697874,41.36283698],[2.14754243,41.36256197],[2.14799693,41.36226524],[2.14864916,41.36173512],[2.14909037,41.36125746],[2.14936337,41.3607581],[2.14950946,41.36031663],[2.14976769,41.36001447],[2.15005692,41.35994482],[2.1504332,41.35999005],[2.15125661,41.36028768],[2.15140713,41.3605256],[2.15131564,41.36079519],[2.15110167,41.36114891],[2.15105592,41.36140402],[2.15111347,41.36203999],[2.15098804,41.36261896],[2.1506634,41.36312647],[2.15029745,41.36348923],[2.14994034,41.36376063],[2.14951388,41.3639497],[2.14945928,41.36387009],[2.15006577,41.36304957],[2.14987394,41.36297539],[2.14973965,41.36273747],[2.14961865,41.36264067],[2.14948142,41.36255835],[2.14913759,41.3624715],[2.14878197,41.36249141],[2.1486226,41.36253664],[2.14835698,41.36270581],[2.14819319,41.36300344],[2.14799102,41.36306767],[2.1486344,41.36386376],[2.14858128,41.36388728],[2.14844552,41.36379862],[2.14810612,41.36335263],[2.1477564,41.36313823],[2.14737568,41.36306314],[2.14705399,41.36308757],[2.14634421,41.36323684],[2.14626748,41.36321151]]]},"properties":{"id":"barcelona:osm:way:214436176","name":"Parc sense nom 214436176","nameAddon":null,"objectNumber":"barcelona:osm:way:214436176","district":"Sants-Montjuïc","locality":null,"type":"Park","areaM2":69979.7,"areaHa":7,"designation":null,"dedicated":null,"builtYear":null,"renovatedYear":null,"planningAreaId":null,"planningAreaName":null,"centroid":[2.149703,41.361838],"bounds":[2.14627,41.35994,2.15141,41.36395],"amenities":{"playground":{"status":"not-observed","count":0,"nearestMeters":null,"coverage":"community-mapped-observations"},"toilet":{"status":"not-observed","count":0,"nearestMeters":null,"coverage":"community-mapped-observations"},"drinkingFountain":{"status":"observed-nearby","count":3,"nearestMeters":0,"coverage":"community-mapped-observations"},"dogRun":{"status":"not-observed","count":0,"nearestMeters":null,"coverage":"community-mapped-observations"}},"sourceId":"parks"}},{"type":"Feature","id":"barcelona:osm:way:214443800","geometry":{"type":"Polygon","coordinates":[[[2.16299826,41.36467614],[2.16306909,41.36458929],[2.16358113,41.36461824],[2.16437503,41.36457391],[2.16438831,41.36460286],[2.16465687,41.3645531],[2.16525893,41.36460829],[2.1652914,41.36451873],[2.16567654,41.3645712],[2.16620924,41.36475032],[2.16630073,41.364611],[2.16678622,41.36480731],[2.16704003,41.36419667],[2.16712266,41.36421295],[2.16718021,41.36489506],[2.16724957,41.36487878],[2.16732483,41.36502804],[2.1676052,41.36583861],[2.16768046,41.36666094],[2.16763619,41.36668898],[2.16725104,41.36661118],[2.16676556,41.3661281],[2.1665088,41.36645468],[2.16594511,41.36629546],[2.16604397,41.3664592],[2.16578426,41.36643568],[2.16586542,41.36662204],[2.1656544,41.36654605],[2.16570605,41.36668265],[2.16542568,41.36677492],[2.16519105,41.36664194],[2.16501693,41.36660394],[2.16480886,41.36660756],[2.16436027,41.3667125],[2.16411236,41.36669622],[2.16387921,41.36706713],[2.16368443,41.36723087],[2.16332732,41.36732224],[2.1630986,41.36732405],[2.16335241,41.36494482],[2.16306023,41.36480912],[2.16299826,41.36467614]]]},"properties":{"id":"barcelona:osm:way:214443800","name":"Parc sense nom 214443800","nameAddon":null,"objectNumber":"barcelona:osm:way:214443800","district":"Sants-Montjuïc","locality":null,"type":"Park","areaM2":82357.9,"areaHa":8.24,"designation":null,"dedicated":null,"builtYear":null,"renovatedYear":null,"planningAreaId":null,"planningAreaName":null,"centroid":[2.165202,41.365683],"bounds":[2.163,41.3642,2.16768,41.36732],"amenities":{"playground":{"status":"observed-nearby","count":3,"nearestMeters":0,"coverage":"community-mapped-observations"},"toilet":{"status":"observed-nearby","count":1,"nearestMeters":47,"coverage":"community-mapped-observations"},"drinkingFountain":{"status":"observed-nearby","count":4,"nearestMeters":0,"coverage":"community-mapped-observations"},"dogRun":{"status":"not-observed","count":0,"nearestMeters":null,"coverage":"community-mapped-observations"}},"sourceId":"parks"}},{"type":"Feature","id":"barcelona:osm:way:216946609","geometry":{"type":"Polygon","coordinates":[[[2.20341449,41.39479103],[2.20416707,41.39427266],[2.20591275,41.39559797],[2.2058552,41.39569658],[2.20521625,41.39620318],[2.20484438,41.39598516],[2.20418035,41.39537],[2.20394425,41.39521983],[2.20341449,41.39479103]]]},"properties":{"id":"barcelona:osm:way:216946609","name":"Parc del Poblenou","nameAddon":null,"objectNumber":"barcelona:osm:way:216946609","district":"Sant Martí","locality":null,"type":"Park","areaM2":18895.1,"areaHa":1.89,"designation":null,"dedicated":null,"builtYear":null,"renovatedYear":null,"planningAreaId":null,"planningAreaName":null,"centroid":[2.204689,41.395238],"bounds":[2.20341,41.39427,2.20591,41.3962],"amenities":{"playground":{"status":"not-observed","count":0,"nearestMeters":null,"coverage":"community-mapped-observations"},"toilet":{"status":"not-observed","count":0,"nearestMeters":null,"coverage":"community-mapped-observations"},"drinkingFountain":{"status":"observed-nearby","count":4,"nearestMeters":0,"coverage":"community-mapped-observations"},"dogRun":{"status":"not-observed","count":0,"nearestMeters":null,"coverage":"community-mapped-observations"}},"sourceId":"parks"}},{"type":"Feature","id":"barcelona:osm:way:216954181","geometry":{"type":"Polygon","coordinates":[[[2.15991122,41.36911978],[2.16011781,41.36893794],[2.16015028,41.36895875],[2.16019012,41.36892528],[2.16015323,41.36890266],[2.16046754,41.3686376],[2.16075824,41.3687362],[2.16056788,41.36899674],[2.1606151,41.36910259],[2.16035982,41.36943459],[2.16008092,41.36932151],[2.15997468,41.36917677],[2.15991122,41.36911978]]]},"properties":{"id":"barcelona:osm:way:216954181","name":"Jardí d'Escultures","nameAddon":null,"objectNumber":"barcelona:osm:way:216954181","district":"Sants-Montjuïc","locality":null,"type":"Park","areaM2":3152.5,"areaHa":0.32,"designation":null,"dedicated":null,"builtYear":null,"renovatedYear":null,"planningAreaId":null,"planningAreaName":null,"centroid":[2.160345,41.369038],"bounds":[2.15991,41.36864,2.16076,41.36943],"amenities":{"playground":{"status":"not-observed","count":0,"nearestMeters":null,"coverage":"community-mapped-observations"},"toilet":{"status":"observed-nearby","count":1,"nearestMeters":23,"coverage":"community-mapped-observations"},"drinkingFountain":{"status":"observed-nearby","count":2,"nearestMeters":16,"coverage":"community-mapped-observations"},"dogRun":{"status":"not-observed","count":0,"nearestMeters":null,"coverage":"community-mapped-observations"}},"sourceId":"parks"}},{"type":"Feature","id":"barcelona:osm:way:216980009","geometry":{"type":"Polygon","coordinates":[[[2.16700756,41.38209246],[2.16746059,41.38164465],[2.16765684,41.38173783],[2.1675565,41.38183825],[2.16814381,41.3821793],[2.16809954,41.38222182],[2.16801838,41.38217387],[2.16763766,41.38259544],[2.16704741,41.38224082],[2.16712709,41.38217026],[2.16706069,41.38212593],[2.16700756,41.38209246]]]},"properties":{"id":"barcelona:osm:way:216980009","name":"Plaça de les Caramelles","nameAddon":null,"objectNumber":"barcelona:osm:way:216980009","district":"Ciutat Vella","locality":null,"type":"Park","areaM2":4711.3,"areaHa":0.47,"designation":null,"dedicated":null,"builtYear":null,"renovatedYear":null,"planningAreaId":null,"planningAreaName":null,"centroid":[2.16752,41.382137],"bounds":[2.16701,41.38164,2.16814,41.3826],"amenities":{"playground":{"status":"observed-nearby","count":1,"nearestMeters":0,"coverage":"community-mapped-observations"},"toilet":{"status":"observed-nearby","count":1,"nearestMeters":23,"coverage":"community-mapped-observations"},"drinkingFountain":{"status":"observed-nearby","count":2,"nearestMeters":0,"coverage":"community-mapped-observations"},"dogRun":{"status":"not-observed","count":0,"nearestMeters":null,"coverage":"community-mapped-observations"}},"sourceId":"parks"}},{"type":"Feature","id":"barcelona:osm:way:217164633","geometry":{"type":"Polygon","coordinates":[[[2.17481074,41.39729419],[2.17487861,41.39724444],[2.17505274,41.39737923],[2.17534049,41.39716935],[2.17528294,41.39712412],[2.17535525,41.39708884],[2.17556331,41.39724896],[2.17511177,41.39759635],[2.17493469,41.39746698],[2.17498634,41.39742898],[2.17481074,41.39729419]]]},"properties":{"id":"barcelona:osm:way:217164633","name":"Jardins del Carlit","nameAddon":null,"objectNumber":"barcelona:osm:way:217164633","district":"l'Eixample","locality":null,"type":"Park","areaM2":1247,"areaHa":0.12,"designation":null,"dedicated":null,"builtYear":null,"renovatedYear":null,"planningAreaId":null,"planningAreaName":null,"centroid":[2.175213,41.39735],"bounds":[2.17481,41.39709,2.17556,41.3976],"amenities":{"playground":{"status":"observed-nearby","count":1,"nearestMeters":0,"coverage":"community-mapped-observations"},"toilet":{"status":"not-observed","count":0,"nearestMeters":null,"coverage":"community-mapped-observations"},"drinkingFountain":{"status":"observed-nearby","count":3,"nearestMeters":0,"coverage":"community-mapped-observations"},"dogRun":{"status":"not-observed","count":0,"nearestMeters":null,"coverage":"community-mapped-observations"}},"sourceId":"parks"}},{"type":"Feature","id":"barcelona:osm:way:217166115","geometry":{"type":"Polygon","coordinates":[[[2.18383278,41.39909716],[2.18573783,41.3976271],[2.18592081,41.3974905],[2.18599016,41.39748598],[2.18670142,41.39801339],[2.18670732,41.39841415],[2.18473587,41.39994572],[2.18467537,41.39990049],[2.18443779,41.40008051],[2.18433893,41.40005428],[2.18383278,41.39909716]]]},"properties":{"id":"barcelona:osm:way:217166115","name":"Parc de L'Auditori","nameAddon":null,"objectNumber":"barcelona:osm:way:217166115","district":"l'Eixample","locality":null,"type":"Park","areaM2":33254.5,"areaHa":3.33,"designation":null,"dedicated":null,"builtYear":null,"renovatedYear":null,"planningAreaId":null,"planningAreaName":null,"centroid":[2.185288,41.398753],"bounds":[2.18383,41.39749,2.18671,41.40008],"amenities":{"playground":{"status":"not-observed","count":0,"nearestMeters":null,"coverage":"community-mapped-observations"},"toilet":{"status":"not-observed","count":0,"nearestMeters":null,"coverage":"community-mapped-observations"},"drinkingFountain":{"status":"observed-nearby","count":1,"nearestMeters":0,"coverage":"community-mapped-observations"},"dogRun":{"status":"not-observed","count":0,"nearestMeters":null,"coverage":"community-mapped-observations"}},"sourceId":"parks"}},{"type":"Feature","id":"barcelona:osm:way:217167373","geometry":{"type":"Polygon","coordinates":[[[2.18114565,41.39242627],[2.18132272,41.39230233],[2.18219483,41.39295821],[2.18164736,41.39339967],[2.18147619,41.39341958],[2.18114565,41.39242627]]]},"properties":{"id":"barcelona:osm:way:217167373","name":"Plaça d'André Malraux","nameAddon":null,"objectNumber":"barcelona:osm:way:217167373","district":"l'Eixample","locality":null,"type":"Park","areaM2":5420.2,"areaHa":0.54,"designation":null,"dedicated":null,"builtYear":null,"renovatedYear":null,"planningAreaId":null,"planningAreaName":null,"centroid":[2.181605,41.392881],"bounds":[2.18115,41.3923,2.18219,41.39342],"amenities":{"playground":{"status":"observed-nearby","count":1,"nearestMeters":0,"coverage":"community-mapped-observations"},"toilet":{"status":"observed-nearby","count":1,"nearestMeters":58,"coverage":"community-mapped-observations"},"drinkingFountain":{"status":"observed-nearby","count":2,"nearestMeters":0,"coverage":"community-mapped-observations"},"dogRun":{"status":"not-observed","count":0,"nearestMeters":null,"coverage":"community-mapped-observations"}},"sourceId":"parks"}},{"type":"Feature","id":"barcelona:osm:way:217477245","geometry":{"type":"Polygon","coordinates":[[[2.13760549,41.36387552],[2.13804523,41.36283789],[2.13800834,41.3628207],[2.13810573,41.36259363],[2.13798178,41.36254297],[2.13802457,41.36248055],[2.13817508,41.36253121],[2.13839791,41.36203456],[2.1390767,41.36220463],[2.13899701,41.36316627],[2.13882436,41.36380043],[2.13835364,41.36368102],[2.13812344,41.36384838],[2.1378652,41.3644355],[2.13763648,41.36427899],[2.13775453,41.36398227],[2.13760549,41.36387552]]]},"properties":{"id":"barcelona:osm:way:217477245","name":"Parc de Can Sabaté","nameAddon":null,"objectNumber":"barcelona:osm:way:217477245","district":"Sants-Montjuïc","locality":null,"type":"Park","areaM2":17255.5,"areaHa":1.73,"designation":null,"dedicated":null,"builtYear":null,"renovatedYear":null,"planningAreaId":null,"planningAreaName":null,"centroid":[2.138401,41.363114],"bounds":[2.13761,41.36203,2.13908,41.36444],"amenities":{"playground":{"status":"observed-nearby","count":3,"nearestMeters":0,"coverage":"community-mapped-observations"},"toilet":{"status":"not-observed","count":0,"nearestMeters":null,"coverage":"community-mapped-observations"},"drinkingFountain":{"status":"observed-nearby","count":5,"nearestMeters":0,"coverage":"community-mapped-observations"},"dogRun":{"status":"not-observed","count":0,"nearestMeters":null,"coverage":"community-mapped-observations"}},"sourceId":"parks"}},{"type":"Feature","id":"barcelona:osm:way:217477246","geometry":{"type":"Polygon","coordinates":[[[2.1397791,41.36597069],[2.13980714,41.36592908],[2.14103782,41.36596707],[2.14134623,41.36605935],[2.14148346,41.3661471],[2.14161037,41.36630812],[2.14183614,41.36713859],[2.14204716,41.3673937],[2.14237918,41.36767686],[2.1414628,41.3681138],[2.14127983,41.36788945],[2.14071466,41.36832278],[2.14054496,41.36786412],[2.14092567,41.3677818],[2.14039887,41.36646372],[2.14024245,41.36649358],[2.14020851,41.3664212],[2.13998126,41.36647006],[2.1397791,41.36597069]]]},"properties":{"id":"barcelona:osm:way:217477246","name":"Parc de la Font Florida","nameAddon":null,"objectNumber":"barcelona:osm:way:217477246","district":"Sants-Montjuïc","locality":null,"type":"Park","areaM2":26457.9,"areaHa":2.65,"designation":null,"dedicated":null,"builtYear":null,"renovatedYear":null,"planningAreaId":null,"planningAreaName":null,"centroid":[2.141109,41.366981],"bounds":[2.13978,41.36593,2.14238,41.36832],"amenities":{"playground":{"status":"observed-nearby","count":2,"nearestMeters":0,"coverage":"community-mapped-observations"},"toilet":{"status":"not-observed","count":0,"nearestMeters":null,"coverage":"community-mapped-observations"},"drinkingFountain":{"status":"observed-nearby","count":3,"nearestMeters":0,"coverage":"community-mapped-observations"},"dogRun":{"status":"observed-nearby","count":1,"nearestMeters":0,"coverage":"community-mapped-observations"}},"sourceId":"parks"}},{"type":"Feature","id":"barcelona:osm:way:219154321","geometry":{"type":"Polygon","coordinates":[[[2.10867857,41.37803239],[2.10942967,41.37682739],[2.1095123,41.37624661],[2.10989154,41.3765958],[2.10985317,41.37672788],[2.10891467,41.37809843],[2.10867857,41.37803239]]]},"properties":{"id":"barcelona:osm:way:219154321","name":"Jardí d'Áurea Cuadrado","nameAddon":null,"objectNumber":"barcelona:osm:way:219154321","district":"les Corts","locality":null,"type":"Park","areaM2":5378.1,"areaHa":0.54,"designation":null,"dedicated":null,"builtYear":null,"renovatedYear":null,"planningAreaId":null,"planningAreaName":null,"centroid":[2.109345,41.377177],"bounds":[2.10868,41.37625,2.10989,41.3781],"amenities":{"playground":{"status":"not-observed","count":0,"nearestMeters":null,"coverage":"community-mapped-observations"},"toilet":{"status":"not-observed","count":0,"nearestMeters":null,"coverage":"community-mapped-observations"},"drinkingFountain":{"status":"observed-nearby","count":1,"nearestMeters":0,"coverage":"community-mapped-observations"},"dogRun":{"status":"not-observed","count":0,"nearestMeters":null,"coverage":"community-mapped-observations"}},"sourceId":"parks"}},{"type":"Feature","id":"barcelona:osm:way:220130722","geometry":{"type":"Polygon","coordinates":[[[2.10601947,41.37921476],[2.10749511,41.37846481],[2.10756298,41.37839877],[2.10803371,41.37824407],[2.10784926,41.37884024],[2.10779909,41.38020536],[2.10777843,41.38040347],[2.1077135,41.38044147],[2.10601947,41.37921476]]]},"properties":{"id":"barcelona:osm:way:220130722","name":"Parc de Can Rigal","nameAddon":null,"objectNumber":"barcelona:osm:way:220130722","district":"les Corts","locality":null,"type":"Park","areaM2":19253.9,"areaHa":1.93,"designation":null,"dedicated":null,"builtYear":null,"renovatedYear":null,"planningAreaId":null,"planningAreaName":null,"centroid":[2.10724,41.379306],"bounds":[2.10602,41.37824,2.10803,41.38044],"amenities":{"playground":{"status":"observed-nearby","count":3,"nearestMeters":0,"coverage":"community-mapped-observations"},"toilet":{"status":"not-observed","count":0,"nearestMeters":null,"coverage":"community-mapped-observations"},"drinkingFountain":{"status":"observed-nearby","count":2,"nearestMeters":0,"coverage":"community-mapped-observations"},"dogRun":{"status":"observed-nearby","count":1,"nearestMeters":0,"coverage":"community-mapped-observations"}},"sourceId":"parks"}},{"type":"Feature","id":"barcelona:osm:way:220144948","geometry":{"type":"Polygon","coordinates":[[[2.19428915,41.3948444],[2.19497237,41.39433327],[2.19499746,41.39435951],[2.19501221,41.39429256],[2.19569543,41.3948055],[2.19560247,41.39482088],[2.19567035,41.39484169],[2.19499155,41.39534105],[2.194934,41.39534105],[2.19428915,41.3948444]]]},"properties":{"id":"barcelona:osm:way:220144948","name":"Jardins de Mercè Plantada","nameAddon":null,"objectNumber":"barcelona:osm:way:220144948","district":"Sant Martí","locality":null,"type":"Park","areaM2":7026.6,"areaHa":0.7,"designation":null,"dedicated":null,"builtYear":null,"renovatedYear":null,"planningAreaId":null,"planningAreaName":null,"centroid":[2.194994,41.39483],"bounds":[2.19429,41.39429,2.1957,41.39534],"amenities":{"playground":{"status":"not-observed","count":0,"nearestMeters":null,"coverage":"community-mapped-observations"},"toilet":{"status":"not-observed","count":0,"nearestMeters":null,"coverage":"community-mapped-observations"},"drinkingFountain":{"status":"observed-nearby","count":2,"nearestMeters":27,"coverage":"community-mapped-observations"},"dogRun":{"status":"not-observed","count":0,"nearestMeters":null,"coverage":"community-mapped-observations"}},"sourceId":"parks"}},{"type":"Feature","id":"barcelona:osm:way:220144997","geometry":{"type":"Polygon","coordinates":[[[2.18798228,41.39861136],[2.18827002,41.39804686],[2.18885585,41.39820608],[2.18814017,41.39873168],[2.18806344,41.39867469],[2.18798228,41.39861136]]]},"properties":{"id":"barcelona:osm:way:220144997","name":"Parc sense nom 220144997","nameAddon":null,"objectNumber":"barcelona:osm:way:220144997","district":"Sant Martí","locality":null,"type":"Park","areaM2":2523.2,"areaHa":0.25,"designation":null,"dedicated":null,"builtYear":null,"renovatedYear":null,"planningAreaId":null,"planningAreaName":null,"centroid":[2.188356,41.398359],"bounds":[2.18798,41.39805,2.18886,41.39873],"amenities":{"playground":{"status":"not-observed","count":0,"nearestMeters":null,"coverage":"community-mapped-observations"},"toilet":{"status":"not-observed","count":0,"nearestMeters":null,"coverage":"community-mapped-observations"},"drinkingFountain":{"status":"observed-nearby","count":1,"nearestMeters":55,"coverage":"community-mapped-observations"},"dogRun":{"status":"not-observed","count":0,"nearestMeters":null,"coverage":"community-mapped-observations"}},"sourceId":"parks"}},{"type":"Feature","id":"barcelona:osm:way:220165215","geometry":{"type":"Polygon","coordinates":[[[2.2122388,41.40144201],[2.21230373,41.40139316],[2.21554866,41.40384114],[2.21549111,41.40388909],[2.21390775,41.40268771],[2.2131655,41.40213678],[2.2122388,41.40144201]]]},"properties":{"id":"barcelona:osm:way:220165215","name":"Parc lineal Garcia Fària","nameAddon":null,"objectNumber":"barcelona:osm:way:220165215","district":"Sant Martí","locality":null,"type":"Park","areaM2":3061.7,"areaHa":0.31,"designation":null,"dedicated":null,"builtYear":null,"renovatedYear":null,"planningAreaId":null,"planningAreaName":null,"centroid":[2.21387,41.40262],"bounds":[2.21224,41.40139,2.21555,41.40389],"amenities":{"playground":{"status":"observed-nearby","count":2,"nearestMeters":42,"coverage":"community-mapped-observations"},"toilet":{"status":"observed-nearby","count":1,"nearestMeters":73,"coverage":"community-mapped-observations"},"drinkingFountain":{"status":"observed-nearby","count":1,"nearestMeters":65,"coverage":"community-mapped-observations"},"dogRun":{"status":"not-observed","count":0,"nearestMeters":null,"coverage":"community-mapped-observations"}},"sourceId":"parks"}},{"type":"Feature","id":"barcelona:osm:way:220165220","geometry":{"type":"Polygon","coordinates":[[[2.20934803,41.39888999],[2.20947346,41.39885019],[2.2100283,41.39952144],[2.21056986,41.40003438],[2.21160871,41.40080876],[2.21215174,41.40110096],[2.21204992,41.40129908],[2.21016258,41.39986792],[2.20961365,41.39922291],[2.20934803,41.39888999]]]},"properties":{"id":"barcelona:osm:way:220165220","name":"Parc lineal Garcia Fària","nameAddon":null,"objectNumber":"barcelona:osm:way:220165220","district":"Sant Martí","locality":null,"type":"Park","areaM2":4473.4,"areaHa":0.45,"designation":null,"dedicated":null,"builtYear":null,"renovatedYear":null,"planningAreaId":null,"planningAreaName":null,"centroid":[2.210743,41.400167],"bounds":[2.20935,41.39885,2.21215,41.4013],"amenities":{"playground":{"status":"observed-nearby","count":1,"nearestMeters":45,"coverage":"community-mapped-observations"},"toilet":{"status":"not-observed","count":0,"nearestMeters":null,"coverage":"community-mapped-observations"},"drinkingFountain":{"status":"observed-nearby","count":2,"nearestMeters":39,"coverage":"community-mapped-observations"},"dogRun":{"status":"not-observed","count":0,"nearestMeters":null,"coverage":"community-mapped-observations"}},"sourceId":"parks"}},{"type":"Feature","id":"barcelona:osm:way:220167950","geometry":{"type":"Polygon","coordinates":[[[2.2069693,41.4004469],[2.20702833,41.40037091],[2.20707998,41.40037272],[2.20795798,41.40103854],[2.20788715,41.40113895],[2.20781189,41.40113353],[2.2069693,41.4004469]]]},"properties":{"id":"barcelona:osm:way:220167950","name":"Parc sense nom 220167950","nameAddon":null,"objectNumber":"barcelona:osm:way:220167950","district":"Sant Martí","locality":null,"type":"Park","areaM2":1553.2,"areaHa":0.16,"designation":null,"dedicated":null,"builtYear":null,"renovatedYear":null,"planningAreaId":null,"planningAreaName":null,"centroid":[2.207478,41.400766],"bounds":[2.20697,41.40037,2.20796,41.40114],"amenities":{"playground":{"status":"observed-nearby","count":1,"nearestMeters":38,"coverage":"community-mapped-observations"},"toilet":{"status":"not-observed","count":0,"nearestMeters":null,"coverage":"community-mapped-observations"},"drinkingFountain":{"status":"observed-nearby","count":2,"nearestMeters":0,"coverage":"community-mapped-observations"},"dogRun":{"status":"not-observed","count":0,"nearestMeters":null,"coverage":"community-mapped-observations"}},"sourceId":"parks"}},{"type":"Feature","id":"barcelona:osm:way:220167951","geometry":{"type":"Polygon","coordinates":[[[2.20796979,41.40125746],[2.20804652,41.40115433],[2.20812178,41.40115614],[2.20905881,41.40186448],[2.20905143,41.40192419],[2.20894223,41.40200289],[2.20886845,41.40199294],[2.20796979,41.40125746]]]},"properties":{"id":"barcelona:osm:way:220167951","name":"Parc sense nom 220167951","nameAddon":null,"objectNumber":"barcelona:osm:way:220167951","district":"Sant Martí","locality":null,"type":"Park","areaM2":2270,"areaHa":0.23,"designation":null,"dedicated":null,"builtYear":null,"renovatedYear":null,"planningAreaId":null,"planningAreaName":null,"centroid":[2.208531,41.401588],"bounds":[2.20797,41.40115,2.20906,41.402],"amenities":{"playground":{"status":"observed-nearby","count":2,"nearestMeters":68,"coverage":"community-mapped-observations"},"toilet":{"status":"not-observed","count":0,"nearestMeters":null,"coverage":"community-mapped-observations"},"drinkingFountain":{"status":"observed-nearby","count":1,"nearestMeters":51,"coverage":"community-mapped-observations"},"dogRun":{"status":"not-observed","count":0,"nearestMeters":null,"coverage":"community-mapped-observations"}},"sourceId":"parks"}},{"type":"Feature","id":"barcelona:osm:way:220167952","geometry":{"type":"Polygon","coordinates":[[[2.20902929,41.40212321],[2.20916505,41.40197937],[2.2092285,41.40199204],[2.21016996,41.40270309],[2.21016701,41.40275375],[2.21000616,41.40287226],[2.20993829,41.40286503],[2.20902929,41.40212321]]]},"properties":{"id":"barcelona:osm:way:220167952","name":"Parc sense nom 220167952","nameAddon":null,"objectNumber":"barcelona:osm:way:220167952","district":"Sant Martí","locality":null,"type":"Park","areaM2":2896.2,"areaHa":0.29,"designation":null,"dedicated":null,"builtYear":null,"renovatedYear":null,"planningAreaId":null,"planningAreaName":null,"centroid":[2.209612,41.402437],"bounds":[2.20903,41.40198,2.21017,41.40287],"amenities":{"playground":{"status":"observed-nearby","count":1,"nearestMeters":59,"coverage":"community-mapped-observations"},"toilet":{"status":"not-observed","count":0,"nearestMeters":null,"coverage":"community-mapped-observations"},"drinkingFountain":{"status":"observed-nearby","count":2,"nearestMeters":0,"coverage":"community-mapped-observations"},"dogRun":{"status":"not-observed","count":0,"nearestMeters":null,"coverage":"community-mapped-observations"}},"sourceId":"parks"}},{"type":"Feature","id":"barcelona:osm:way:220244119","geometry":{"type":"Polygon","coordinates":[[[2.17834784,41.41407545],[2.17878315,41.41374796],[2.17887907,41.41382396],[2.17932176,41.41352813],[2.17957262,41.41372535],[2.17955639,41.41390899],[2.17895137,41.41435227],[2.17871232,41.41434594],[2.17864297,41.41429618],[2.17834784,41.41407545]]]},"properties":{"id":"barcelona:osm:way:220244119","name":"Jardins de Can Miralletes","nameAddon":null,"objectNumber":"barcelona:osm:way:220244119","district":"Sant Martí","locality":null,"type":"Park","areaM2":4948.5,"areaHa":0.49,"designation":null,"dedicated":null,"builtYear":null,"renovatedYear":null,"planningAreaId":null,"planningAreaName":null,"centroid":[2.179005,41.413973],"bounds":[2.17835,41.41353,2.17957,41.41435],"amenities":{"playground":{"status":"observed-nearby","count":1,"nearestMeters":0,"coverage":"community-mapped-observations"},"toilet":{"status":"not-observed","count":0,"nearestMeters":null,"coverage":"community-mapped-observations"},"drinkingFountain":{"status":"observed-nearby","count":2,"nearestMeters":0,"coverage":"community-mapped-observations"},"dogRun":{"status":"observed-nearby","count":1,"nearestMeters":0,"coverage":"community-mapped-observations"}},"sourceId":"parks"}},{"type":"Feature","id":"barcelona:osm:way:220356484","geometry":{"type":"Polygon","coordinates":[[[2.19001275,41.43878958],[2.19010129,41.43872987],[2.19039347,41.43869459],[2.19042446,41.43884295],[2.19056169,41.43882667],[2.19057202,41.43888547],[2.19050414,41.43972227],[2.19001718,41.43979012],[2.19006588,41.43913787],[2.1900585,41.43900941],[2.19001275,41.43878958]]]},"properties":{"id":"barcelona:osm:way:220356484","name":"Jardins de Gatcpac","nameAddon":null,"objectNumber":"barcelona:osm:way:220356484","district":"Sant Andreu","locality":null,"type":"Park","areaM2":4658.1,"areaHa":0.47,"designation":null,"dedicated":null,"builtYear":null,"renovatedYear":null,"planningAreaId":null,"planningAreaName":null,"centroid":[2.190284,41.439243],"bounds":[2.19001,41.43869,2.19057,41.43979],"amenities":{"playground":{"status":"observed-nearby","count":1,"nearestMeters":0,"coverage":"community-mapped-observations"},"toilet":{"status":"not-observed","count":0,"nearestMeters":null,"coverage":"community-mapped-observations"},"drinkingFountain":{"status":"observed-nearby","count":3,"nearestMeters":0,"coverage":"community-mapped-observations"},"dogRun":{"status":"not-observed","count":0,"nearestMeters":null,"coverage":"community-mapped-observations"}},"sourceId":"parks"}},{"type":"Feature","id":"barcelona:osm:way:223410411","geometry":{"type":"Polygon","coordinates":[[[2.1928932,41.41106749],[2.19349083,41.41061607],[2.19357937,41.41061697],[2.19378153,41.41076895],[2.19366053,41.41086032],[2.19370775,41.41089922],[2.19329605,41.41121766],[2.19354543,41.4114013],[2.19345984,41.41146372],[2.19296255,41.41111996],[2.1928932,41.41106749]]]},"properties":{"id":"barcelona:osm:way:223410411","name":"Jardins Leonor Serrano","nameAddon":null,"objectNumber":"barcelona:osm:way:223410411","district":"Sant Martí","locality":null,"type":"Park","areaM2":2799.7,"areaHa":0.28,"designation":null,"dedicated":null,"builtYear":null,"renovatedYear":null,"planningAreaId":null,"planningAreaName":null,"centroid":[2.193353,41.410984],"bounds":[2.19289,41.41062,2.19378,41.41146],"amenities":{"playground":{"status":"not-observed","count":0,"nearestMeters":null,"coverage":"community-mapped-observations"},"toilet":{"status":"not-observed","count":0,"nearestMeters":null,"coverage":"community-mapped-observations"},"drinkingFountain":{"status":"observed-nearby","count":1,"nearestMeters":68,"coverage":"community-mapped-observations"},"dogRun":{"status":"not-observed","count":0,"nearestMeters":null,"coverage":"community-mapped-observations"}},"sourceId":"parks"}},{"type":"Feature","id":"barcelona:osm:way:225618328","geometry":{"type":"Polygon","coordinates":[[[2.15287686,41.43389633],[2.15306279,41.43364755],[2.15300967,41.43334268],[2.15386849,41.43183463],[2.1541887,41.43143749],[2.15448973,41.4312068],[2.15545627,41.43060792],[2.15561712,41.43054731],[2.15607014,41.43060521],[2.15642134,41.43051113],[2.15646561,41.43057536],[2.15640363,41.43078614],[2.15625164,41.43093631],[2.15574993,41.43123485],[2.15517885,41.43138592],[2.15499145,41.43149177],[2.15476272,41.43164737],[2.15436283,41.43205175],[2.15406622,41.43251221],[2.15362796,41.43340601],[2.15326053,41.43467433],[2.1531469,41.43464538],[2.15296245,41.43424552],[2.15287686,41.43389633]]]},"properties":{"id":"barcelona:osm:way:225618328","name":"Parc de les Rieres d'Horta","nameAddon":null,"objectNumber":"barcelona:osm:way:225618328","district":"Horta-Guinardó","locality":null,"type":"Park","areaM2":26512.3,"areaHa":2.65,"designation":null,"dedicated":null,"builtYear":null,"renovatedYear":null,"planningAreaId":null,"planningAreaName":null,"centroid":[2.154322,41.432186],"bounds":[2.15288,41.43051,2.15647,41.43467],"amenities":{"playground":{"status":"observed-nearby","count":2,"nearestMeters":0,"coverage":"community-mapped-observations"},"toilet":{"status":"not-observed","count":0,"nearestMeters":null,"coverage":"community-mapped-observations"},"drinkingFountain":{"status":"observed-nearby","count":5,"nearestMeters":0,"coverage":"community-mapped-observations"},"dogRun":{"status":"not-observed","count":0,"nearestMeters":null,"coverage":"community-mapped-observations"}},"sourceId":"parks"}},{"type":"Feature","id":"barcelona:osm:way:227207626","geometry":{"type":"Polygon","coordinates":[[[2.14298714,41.44033291],[2.14357001,41.43999367],[2.14396549,41.43952687],[2.14508549,41.4391044],[2.14582036,41.43862131],[2.14625715,41.43863126],[2.14718385,41.4381138],[2.14820056,41.43887642],[2.14756161,41.43938031],[2.14765015,41.43944545],[2.14761621,41.43962186],[2.14702153,41.44016284],[2.14693742,41.44053012],[2.1466718,41.44092455],[2.14522568,41.44184277],[2.14467084,41.44169531],[2.14298714,41.44049937],[2.14298714,41.44033291]]]},"properties":{"id":"barcelona:osm:way:227207626","name":"Parc del Laberint d'Horta","nameAddon":null,"objectNumber":"barcelona:osm:way:227207626","district":"Horta-Guinardó","locality":null,"type":"Park","areaM2":89991.4,"areaHa":9,"designation":null,"dedicated":null,"builtYear":null,"renovatedYear":null,"planningAreaId":null,"planningAreaName":null,"centroid":[2.145615,41.440014],"bounds":[2.14299,41.43811,2.1482,41.44184],"amenities":{"playground":{"status":"observed-nearby","count":1,"nearestMeters":0,"coverage":"community-mapped-observations"},"toilet":{"status":"observed-nearby","count":2,"nearestMeters":0,"coverage":"community-mapped-observations"},"drinkingFountain":{"status":"observed-nearby","count":6,"nearestMeters":0,"coverage":"community-mapped-observations"},"dogRun":{"status":"not-observed","count":0,"nearestMeters":null,"coverage":"community-mapped-observations"}},"sourceId":"parks"}},{"type":"Feature","id":"barcelona:osm:way:231675093","geometry":{"type":"Polygon","coordinates":[[[2.19373136,41.38613172],[2.19396746,41.38593993],[2.19393647,41.38574362],[2.19520109,41.38666003],[2.19519372,41.38678306],[2.19487055,41.38701918],[2.19471266,41.38700018],[2.19427734,41.38667089],[2.19386712,41.38622671],[2.19373136,41.38613172]]]},"properties":{"id":"barcelona:osm:way:231675093","name":"Parc de les Cascades","nameAddon":null,"objectNumber":"barcelona:osm:way:231675093","district":"Ciutat Vella","locality":null,"type":"Park","areaM2":7244,"areaHa":0.72,"designation":null,"dedicated":null,"builtYear":null,"renovatedYear":null,"planningAreaId":null,"planningAreaName":null,"centroid":[2.194482,41.386454],"bounds":[2.19373,41.38574,2.1952,41.38702],"amenities":{"playground":{"status":"observed-nearby","count":1,"nearestMeters":52,"coverage":"community-mapped-observations"},"toilet":{"status":"not-observed","count":0,"nearestMeters":null,"coverage":"community-mapped-observations"},"drinkingFountain":{"status":"not-observed","count":0,"nearestMeters":null,"coverage":"community-mapped-observations"},"dogRun":{"status":"not-observed","count":0,"nearestMeters":null,"coverage":"community-mapped-observations"}},"sourceId":"parks"}},{"type":"Feature","id":"barcelona:osm:way:231675095","geometry":{"type":"Polygon","coordinates":[[[2.19497975,41.38719106],[2.19500483,41.38707708],[2.19532357,41.38684639],[2.19540473,41.38683825],[2.19611451,41.38733852],[2.19590055,41.38739099],[2.19577659,41.3874715],[2.19564379,41.38770309],[2.19497975,41.38719106]]]},"properties":{"id":"barcelona:osm:way:231675095","name":"Parc de les Cascades","nameAddon":null,"objectNumber":"barcelona:osm:way:231675095","district":"Ciutat Vella","locality":null,"type":"Park","areaM2":4438.5,"areaHa":0.44,"designation":null,"dedicated":null,"builtYear":null,"renovatedYear":null,"planningAreaId":null,"planningAreaName":null,"centroid":[2.195493,41.387237],"bounds":[2.19498,41.38684,2.19611,41.3877],"amenities":{"playground":{"status":"not-observed","count":0,"nearestMeters":null,"coverage":"community-mapped-observations"},"toilet":{"status":"not-observed","count":0,"nearestMeters":null,"coverage":"community-mapped-observations"},"drinkingFountain":{"status":"not-observed","count":0,"nearestMeters":null,"coverage":"community-mapped-observations"},"dogRun":{"status":"not-observed","count":0,"nearestMeters":null,"coverage":"community-mapped-observations"}},"sourceId":"parks"}},{"type":"Feature","id":"barcelona:osm:way:231675096","geometry":{"type":"Polygon","coordinates":[[[2.19428767,41.3868102],[2.1946374,41.38706984],[2.19464035,41.38719559],[2.194571,41.38724082],[2.19447213,41.38715488],[2.19428767,41.3868102]]]},"properties":{"id":"barcelona:osm:way:231675096","name":"Parc sense nom 231675096","nameAddon":null,"objectNumber":"barcelona:osm:way:231675096","district":"Sant Martí","locality":null,"type":"Park","areaM2":533.5,"areaHa":0.05,"designation":null,"dedicated":null,"builtYear":null,"renovatedYear":null,"planningAreaId":null,"planningAreaName":null,"centroid":[2.194499,41.387056],"bounds":[2.19429,41.38681,2.19464,41.38724],"amenities":{"playground":{"status":"observed-nearby","count":2,"nearestMeters":47,"coverage":"community-mapped-observations"},"toilet":{"status":"not-observed","count":0,"nearestMeters":null,"coverage":"community-mapped-observations"},"drinkingFountain":{"status":"not-observed","count":0,"nearestMeters":null,"coverage":"community-mapped-observations"},"dogRun":{"status":"not-observed","count":0,"nearestMeters":null,"coverage":"community-mapped-observations"}},"sourceId":"parks"}},{"type":"Feature","id":"barcelona:osm:way:231989009","geometry":{"type":"Polygon","coordinates":[[[2.16178971,41.43926723],[2.16244342,41.4386584],[2.1637228,41.43787769],[2.16375083,41.43775104],[2.16328748,41.43745793],[2.16363573,41.43727519],[2.16350735,41.43683282],[2.16465983,41.43645649],[2.16548766,41.4363036],[2.16564998,41.43635788],[2.16748715,41.43590917],[2.16829432,41.43581147],[2.16836515,41.43603582],[2.16872668,41.43600868],[2.16809806,41.43670074],[2.16826186,41.43681925],[2.16932284,41.43711598],[2.16646305,41.43744075],[2.16618711,41.43750678],[2.16542273,41.43786412],[2.1644916,41.43805681],[2.16410499,41.4382495],[2.16364754,41.43861046],[2.16330667,41.43897232],[2.16303072,41.43929166],[2.16304843,41.43944274],[2.1629171,41.43945359],[2.16274445,41.43938303],[2.16226487,41.43932242],[2.162045,41.43933237],[2.16191662,41.43938393],[2.16178971,41.43926723]]]},"properties":{"id":"barcelona:osm:way:231989009","name":"Parc Central de Nou Barris","nameAddon":null,"objectNumber":"barcelona:osm:way:231989009","district":"Nou Barris","locality":null,"type":"Park","areaM2":78543.5,"areaHa":7.85,"designation":null,"dedicated":null,"builtYear":null,"renovatedYear":null,"planningAreaId":null,"planningAreaName":null,"centroid":[2.165484,41.43727],"bounds":[2.16179,41.43581,2.16932,41.43945],"amenities":{"playground":{"status":"observed-nearby","count":7,"nearestMeters":0,"coverage":"community-mapped-observations"},"toilet":{"status":"not-observed","count":0,"nearestMeters":null,"coverage":"community-mapped-observations"},"drinkingFountain":{"status":"observed-nearby","count":6,"nearestMeters":0,"coverage":"community-mapped-observations"},"dogRun":{"status":"observed-nearby","count":1,"nearestMeters":0,"coverage":"community-mapped-observations"}},"sourceId":"parks"}},{"type":"Feature","id":"barcelona:osm:way:232478453","geometry":{"type":"Polygon","coordinates":[[[2.13449042,41.41608196],[2.13496115,41.41549484],[2.13547614,41.41573548],[2.13533596,41.4159137],[2.13482981,41.41632441],[2.13449042,41.41608196]]]},"properties":{"id":"barcelona:osm:way:232478453","name":"Parc del Torrent Maduixers","nameAddon":null,"objectNumber":"barcelona:osm:way:232478453","district":"Sarrià - Sant Gervasi","locality":null,"type":"Park","areaM2":3793.7,"areaHa":0.38,"designation":null,"dedicated":null,"builtYear":null,"renovatedYear":null,"planningAreaId":null,"planningAreaName":null,"centroid":[2.134966,41.415902],"bounds":[2.13449,41.41549,2.13548,41.41632],"amenities":{"playground":{"status":"observed-nearby","count":1,"nearestMeters":0,"coverage":"community-mapped-observations"},"toilet":{"status":"not-observed","count":0,"nearestMeters":null,"coverage":"community-mapped-observations"},"drinkingFountain":{"status":"observed-nearby","count":1,"nearestMeters":0,"coverage":"community-mapped-observations"},"dogRun":{"status":"not-observed","count":0,"nearestMeters":null,"coverage":"community-mapped-observations"}},"sourceId":"parks"}},{"type":"Feature","id":"barcelona:osm:way:233386775","geometry":{"type":"Polygon","coordinates":[[[2.14354936,41.41179573],[2.14417355,41.4117505],[2.14434325,41.41176859],[2.1443521,41.41174417],[2.14450704,41.41176678],[2.14436686,41.41188167],[2.14374266,41.41207979],[2.14354936,41.41179573]]]},"properties":{"id":"barcelona:osm:way:233386775","name":"Jardí dels Arabescos","nameAddon":null,"objectNumber":"barcelona:osm:way:233386775","district":"Gràcia","locality":null,"type":"Park","areaM2":1569.8,"areaHa":0.16,"designation":null,"dedicated":null,"builtYear":null,"renovatedYear":null,"planningAreaId":null,"planningAreaName":null,"centroid":[2.143979,41.411876],"bounds":[2.14355,41.41174,2.14451,41.41208],"amenities":{"playground":{"status":"observed-nearby","count":3,"nearestMeters":26,"coverage":"community-mapped-observations"},"toilet":{"status":"not-observed","count":0,"nearestMeters":null,"coverage":"community-mapped-observations"},"drinkingFountain":{"status":"observed-nearby","count":5,"nearestMeters":0,"coverage":"community-mapped-observations"},"dogRun":{"status":"observed-nearby","count":1,"nearestMeters":69,"coverage":"community-mapped-observations"}},"sourceId":"parks"}},{"type":"Feature","id":"barcelona:osm:way:233386776","geometry":{"type":"Polygon","coordinates":[[[2.14342245,41.41165641],[2.14345491,41.41160123],[2.14366003,41.41157228],[2.14455722,41.41150172],[2.14456755,41.41152614],[2.14514895,41.41142482],[2.1453334,41.41142844],[2.14493498,41.41169803],[2.1448007,41.41166817],[2.14465166,41.41170255],[2.14444949,41.41166456],[2.14402746,41.41166908],[2.14347557,41.41172426],[2.14342245,41.41165641]]]},"properties":{"id":"barcelona:osm:way:233386776","name":"Jardí dels Arabescos","nameAddon":null,"objectNumber":"barcelona:osm:way:233386776","district":"Gràcia","locality":null,"type":"Park","areaM2":2605.7,"areaHa":0.26,"designation":null,"dedicated":null,"builtYear":null,"renovatedYear":null,"planningAreaId":null,"planningAreaName":null,"centroid":[2.144409,41.411591],"bounds":[2.14342,41.41142,2.14533,41.41172],"amenities":{"playground":{"status":"observed-nearby","count":3,"nearestMeters":28,"coverage":"community-mapped-observations"},"toilet":{"status":"not-observed","count":0,"nearestMeters":null,"coverage":"community-mapped-observations"},"drinkingFountain":{"status":"observed-nearby","count":5,"nearestMeters":5,"coverage":"community-mapped-observations"},"dogRun":{"status":"observed-nearby","count":1,"nearestMeters":43,"coverage":"community-mapped-observations"}},"sourceId":"parks"}},{"type":"Feature","id":"barcelona:osm:way:23431084","geometry":{"type":"Polygon","coordinates":[[[2.17234052,41.40261534],[2.17306948,41.40204179],[2.1732805,41.40204541],[2.17399176,41.40257192],[2.17399176,41.40274018],[2.17327017,41.40328207],[2.17308129,41.40328117],[2.17284224,41.40306495],[2.17279944,41.4030731],[2.17234199,41.40273385],[2.17234052,41.40261534]]]},"properties":{"id":"barcelona:osm:way:23431084","name":"Plaça de la Sagrada Família","nameAddon":null,"objectNumber":"barcelona:osm:way:23431084","district":"l'Eixample","locality":null,"type":"Park","areaM2":11630.5,"areaHa":1.16,"designation":null,"dedicated":null,"builtYear":null,"renovatedYear":null,"planningAreaId":null,"planningAreaName":null,"centroid":[2.173178,41.402659],"bounds":[2.17234,41.40204,2.17399,41.40328],"amenities":{"playground":{"status":"observed-nearby","count":2,"nearestMeters":0,"coverage":"community-mapped-observations"},"toilet":{"status":"observed-nearby","count":3,"nearestMeters":42,"coverage":"community-mapped-observations"},"drinkingFountain":{"status":"observed-nearby","count":4,"nearestMeters":0,"coverage":"community-mapped-observations"},"dogRun":{"status":"observed-nearby","count":1,"nearestMeters":0,"coverage":"community-mapped-observations"}},"sourceId":"parks"}},{"type":"Feature","id":"barcelona:osm:way:234883800","geometry":{"type":"Polygon","coordinates":[[[2.18821543,41.41656233],[2.18878797,41.4170038],[2.1887865,41.41720916],[2.18852088,41.41740546],[2.18821543,41.41656233]]]},"properties":{"id":"barcelona:osm:way:234883800","name":"Plaça d'Islàndia","nameAddon":null,"objectNumber":"barcelona:osm:way:234883800","district":"Sant Andreu","locality":null,"type":"Park","areaM2":1865.1,"areaHa":0.19,"designation":null,"dedicated":null,"builtYear":null,"renovatedYear":null,"planningAreaId":null,"planningAreaName":null,"centroid":[2.188534,41.41702],"bounds":[2.18822,41.41656,2.18879,41.41741],"amenities":{"playground":{"status":"not-observed","count":0,"nearestMeters":null,"coverage":"community-mapped-observations"},"toilet":{"status":"not-observed","count":0,"nearestMeters":null,"coverage":"community-mapped-observations"},"drinkingFountain":{"status":"observed-nearby","count":1,"nearestMeters":0,"coverage":"community-mapped-observations"},"dogRun":{"status":"not-observed","count":0,"nearestMeters":null,"coverage":"community-mapped-observations"}},"sourceId":"parks"}},{"type":"Feature","id":"barcelona:osm:way:239562129","geometry":{"type":"Polygon","coordinates":[[[2.20069342,41.40504614],[2.20096051,41.4048444],[2.20179277,41.40564411],[2.20152125,41.4058368],[2.20141353,41.40573548],[2.20080557,41.40515289],[2.20069342,41.40504614]]]},"properties":{"id":"barcelona:osm:way:239562129","name":"Jardins Teresa de Calcuta","nameAddon":null,"objectNumber":"barcelona:osm:way:239562129","district":"Sant Martí","locality":null,"type":"Park","areaM2":3505.5,"areaHa":0.35,"designation":null,"dedicated":null,"builtYear":null,"renovatedYear":null,"planningAreaId":null,"planningAreaName":null,"centroid":[2.201242,41.405342],"bounds":[2.20069,41.40484,2.20179,41.40584],"amenities":{"playground":{"status":"observed-nearby","count":2,"nearestMeters":0,"coverage":"community-mapped-observations"},"toilet":{"status":"not-observed","count":0,"nearestMeters":null,"coverage":"community-mapped-observations"},"drinkingFountain":{"status":"observed-nearby","count":2,"nearestMeters":0,"coverage":"community-mapped-observations"},"dogRun":{"status":"not-observed","count":0,"nearestMeters":null,"coverage":"community-mapped-observations"}},"sourceId":"parks"}},{"type":"Feature","id":"barcelona:osm:way:239562132","geometry":{"type":"Polygon","coordinates":[[[2.20166291,41.4059345],[2.2019241,41.4057391],[2.20304411,41.40639407],[2.20272832,41.40663289],[2.20168209,41.40600688],[2.20171751,41.40597793],[2.20166291,41.4059345]]]},"properties":{"id":"barcelona:osm:way:239562132","name":"Jardins Teresa de Calcuta","nameAddon":null,"objectNumber":"barcelona:osm:way:239562132","district":"Sant Martí","locality":null,"type":"Park","areaM2":4297.5,"areaHa":0.43,"designation":null,"dedicated":null,"builtYear":null,"renovatedYear":null,"planningAreaId":null,"planningAreaName":null,"centroid":[2.202337,41.406187],"bounds":[2.20166,41.40574,2.20304,41.40663],"amenities":{"playground":{"status":"observed-nearby","count":2,"nearestMeters":0,"coverage":"community-mapped-observations"},"toilet":{"status":"not-observed","count":0,"nearestMeters":null,"coverage":"community-mapped-observations"},"drinkingFountain":{"status":"observed-nearby","count":2,"nearestMeters":0,"coverage":"community-mapped-observations"},"dogRun":{"status":"not-observed","count":0,"nearestMeters":null,"coverage":"community-mapped-observations"}},"sourceId":"parks"}},{"type":"Feature","id":"barcelona:osm:way:240408875","geometry":{"type":"Polygon","coordinates":[[[2.16929775,41.44215578],[2.16937891,41.44215578],[2.16953386,41.44227067],[2.16945712,41.44237561],[2.16933464,41.44232495],[2.16929775,41.44215578]]]},"properties":{"id":"barcelona:osm:way:240408875","name":"Parc sense nom 240408875","nameAddon":null,"objectNumber":"barcelona:osm:way:240408875","district":"Nou Barris","locality":null,"type":"Park","areaM2":261.2,"areaHa":0.03,"designation":null,"dedicated":null,"builtYear":null,"renovatedYear":null,"planningAreaId":null,"planningAreaName":null,"centroid":[2.169405,41.442262],"bounds":[2.1693,41.44216,2.16953,41.44238],"amenities":{"playground":{"status":"observed-nearby","count":1,"nearestMeters":10,"coverage":"community-mapped-observations"},"toilet":{"status":"not-observed","count":0,"nearestMeters":null,"coverage":"community-mapped-observations"},"drinkingFountain":{"status":"observed-nearby","count":1,"nearestMeters":54,"coverage":"community-mapped-observations"},"dogRun":{"status":"not-observed","count":0,"nearestMeters":null,"coverage":"community-mapped-observations"}},"sourceId":"parks"}},{"type":"Feature","id":"barcelona:osm:way:240408878","geometry":{"type":"Polygon","coordinates":[[[2.1693435,41.44199656],[2.16980242,41.4419459],[2.16975077,41.44199475],[2.16935383,41.44203456],[2.1693435,41.44199656]]]},"properties":{"id":"barcelona:osm:way:240408878","name":"Parc sense nom 240408878","nameAddon":null,"objectNumber":"barcelona:osm:way:240408878","district":"Nou Barris","locality":null,"type":"Park","areaM2":163.7,"areaHa":0.02,"designation":null,"dedicated":null,"builtYear":null,"renovatedYear":null,"planningAreaId":null,"planningAreaName":null,"centroid":[2.169567,41.441992],"bounds":[2.16934,41.44195,2.1698,41.44203],"amenities":{"playground":{"status":"observed-nearby","count":1,"nearestMeters":3,"coverage":"community-mapped-observations"},"toilet":{"status":"not-observed","count":0,"nearestMeters":null,"coverage":"community-mapped-observations"},"drinkingFountain":{"status":"observed-nearby","count":1,"nearestMeters":44,"coverage":"community-mapped-observations"},"dogRun":{"status":"not-observed","count":0,"nearestMeters":null,"coverage":"community-mapped-observations"}},"sourceId":"parks"}},{"type":"Feature","id":"barcelona:osm:way:240408879","geometry":{"type":"Polygon","coordinates":[[[2.16952943,41.44240094],[2.16958845,41.44230052],[2.16974635,41.44237832],[2.16982898,41.44237471],[2.16989391,41.44232314],[2.17000016,41.44236114],[2.16985997,41.44250859],[2.16966076,41.4424507],[2.16952943,41.44240094]]]},"properties":{"id":"barcelona:osm:way:240408879","name":"Parc sense nom 240408879","nameAddon":null,"objectNumber":"barcelona:osm:way:240408879","district":"Nou Barris","locality":null,"type":"Park","areaM2":458.4,"areaHa":0.05,"designation":null,"dedicated":null,"builtYear":null,"renovatedYear":null,"planningAreaId":null,"planningAreaName":null,"centroid":[2.169765,41.442404],"bounds":[2.16953,41.4423,2.17,41.44251],"amenities":{"playground":{"status":"observed-nearby","count":1,"nearestMeters":24,"coverage":"community-mapped-observations"},"toilet":{"status":"not-observed","count":0,"nearestMeters":null,"coverage":"community-mapped-observations"},"drinkingFountain":{"status":"not-observed","count":0,"nearestMeters":null,"coverage":"community-mapped-observations"},"dogRun":{"status":"not-observed","count":0,"nearestMeters":null,"coverage":"community-mapped-observations"}},"sourceId":"parks"}},{"type":"Feature","id":"barcelona:osm:way:240408880","geometry":{"type":"Polygon","coordinates":[[[2.16893622,41.44189434],[2.16908969,41.44187805],[2.16914576,41.44222363],[2.16925053,41.44222363],[2.16925496,41.44229419],[2.16895983,41.44215216],[2.16893622,41.44189434]]]},"properties":{"id":"barcelona:osm:way:240408880","name":"Parc sense nom 240408880","nameAddon":null,"objectNumber":"barcelona:osm:way:240408880","district":"Nou Barris","locality":null,"type":"Park","areaM2":547.9,"areaHa":0.05,"designation":null,"dedicated":null,"builtYear":null,"renovatedYear":null,"planningAreaId":null,"planningAreaName":null,"centroid":[2.169053,41.442063],"bounds":[2.16894,41.44188,2.16925,41.44229],"amenities":{"playground":{"status":"observed-nearby","count":1,"nearestMeters":21,"coverage":"community-mapped-observations"},"toilet":{"status":"not-observed","count":0,"nearestMeters":null,"coverage":"community-mapped-observations"},"drinkingFountain":{"status":"observed-nearby","count":1,"nearestMeters":16,"coverage":"community-mapped-observations"},"dogRun":{"status":"not-observed","count":0,"nearestMeters":null,"coverage":"community-mapped-observations"}},"sourceId":"parks"}},{"type":"Feature","id":"barcelona:osm:way:240500862","geometry":{"type":"Polygon","coordinates":[[[2.22453382,41.40792292],[2.2249706,41.40761263],[2.22536017,41.40807852],[2.22567448,41.40867469],[2.22608619,41.409222],[2.22684614,41.41050932],[2.22685942,41.41054912],[2.22608176,41.41090194],[2.22586041,41.410759],[2.2257099,41.41059164],[2.22545904,41.40981817],[2.22536608,41.40983897],[2.22507242,41.40928804],[2.22482599,41.40870002],[2.22492191,41.40868916],[2.22453382,41.40792292]]]},"properties":{"id":"barcelona:osm:way:240500862","name":"Parc dels Auditoris - El Parc del Fòrum","nameAddon":null,"objectNumber":"barcelona:osm:way:240500862","district":"Sant Martí","locality":null,"type":"Park","areaM2":26582.7,"areaHa":2.66,"designation":null,"dedicated":null,"builtYear":null,"renovatedYear":null,"planningAreaId":null,"planningAreaName":null,"centroid":[2.22566,41.409387],"bounds":[2.22453,41.40761,2.22686,41.4109],"amenities":{"playground":{"status":"not-observed","count":0,"nearestMeters":null,"coverage":"community-mapped-observations"},"toilet":{"status":"observed-nearby","count":2,"nearestMeters":8,"coverage":"community-mapped-observations"},"drinkingFountain":{"status":"observed-nearby","count":3,"nearestMeters":5,"coverage":"community-mapped-observations"},"dogRun":{"status":"not-observed","count":0,"nearestMeters":null,"coverage":"community-mapped-observations"}},"sourceId":"parks"}},{"type":"Feature","id":"barcelona:osm:way:240539874","geometry":{"type":"Polygon","coordinates":[[[2.16679065,41.44160847],[2.16685705,41.44150805],[2.1677808,41.44186177],[2.16747682,41.44178759],[2.16740451,41.44182558],[2.16712266,41.4417894],[2.16679065,41.44160847]]]},"properties":{"id":"barcelona:osm:way:240539874","name":"Parc sense nom 240539874","nameAddon":null,"objectNumber":"barcelona:osm:way:240539874","district":"Nou Barris","locality":null,"type":"Park","areaM2":917.4,"areaHa":0.09,"designation":null,"dedicated":null,"builtYear":null,"renovatedYear":null,"planningAreaId":null,"planningAreaName":null,"centroid":[2.167155,41.441693],"bounds":[2.16679,41.44151,2.16778,41.44186],"amenities":{"playground":{"status":"observed-nearby","count":1,"nearestMeters":51,"coverage":"community-mapped-observations"},"toilet":{"status":"not-observed","count":0,"nearestMeters":null,"coverage":"community-mapped-observations"},"drinkingFountain":{"status":"observed-nearby","count":3,"nearestMeters":48,"coverage":"community-mapped-observations"},"dogRun":{"status":"not-observed","count":0,"nearestMeters":null,"coverage":"community-mapped-observations"}},"sourceId":"parks"}},{"type":"Feature","id":"barcelona:osm:way:240539882","geometry":{"type":"Polygon","coordinates":[[[2.16667997,41.44176316],[2.16674343,41.44165822],[2.16704298,41.4418292],[2.16708135,41.44178668],[2.16733368,41.4419061],[2.16749895,41.44204722],[2.16791656,41.44216935],[2.16854665,41.44245884],[2.16667997,41.44176316]]]},"properties":{"id":"barcelona:osm:way:240539882","name":"Parc sense nom 240539882","nameAddon":null,"objectNumber":"barcelona:osm:way:240539882","district":"Nou Barris","locality":null,"type":"Park","areaM2":1041.8,"areaHa":0.1,"designation":null,"dedicated":null,"builtYear":null,"renovatedYear":null,"planningAreaId":null,"planningAreaName":null,"centroid":[2.167333,41.441966],"bounds":[2.16668,41.44166,2.16855,41.44246],"amenities":{"playground":{"status":"observed-nearby","count":2,"nearestMeters":66,"coverage":"community-mapped-observations"},"toilet":{"status":"not-observed","count":0,"nearestMeters":null,"coverage":"community-mapped-observations"},"drinkingFountain":{"status":"observed-nearby","count":3,"nearestMeters":69,"coverage":"community-mapped-observations"},"dogRun":{"status":"not-observed","count":0,"nearestMeters":null,"coverage":"community-mapped-observations"}},"sourceId":"parks"}},{"type":"Feature","id":"barcelona:osm:way:241722594","geometry":{"type":"Polygon","coordinates":[[[2.1926689,41.39292745],[2.19344804,41.39294192],[2.19344804,41.39309933],[2.19326653,41.39323593],[2.1926689,41.39292745]]]},"properties":{"id":"barcelona:osm:way:241722594","name":"Parc sense nom 241722594","nameAddon":null,"objectNumber":"barcelona:osm:way:241722594","district":"Sant Martí","locality":null,"type":"Park","areaM2":1209.8,"areaHa":0.12,"designation":null,"dedicated":null,"builtYear":null,"renovatedYear":null,"planningAreaId":null,"planningAreaName":null,"centroid":[2.193156,41.393041],"bounds":[2.19267,41.39293,2.19345,41.39324],"amenities":{"playground":{"status":"not-observed","count":0,"nearestMeters":null,"coverage":"community-mapped-observations"},"toilet":{"status":"not-observed","count":0,"nearestMeters":null,"coverage":"community-mapped-observations"},"drinkingFountain":{"status":"not-observed","count":0,"nearestMeters":null,"coverage":"community-mapped-observations"},"dogRun":{"status":"not-observed","count":0,"nearestMeters":null,"coverage":"community-mapped-observations"}},"sourceId":"parks"}},{"type":"Feature","id":"barcelona:osm:way:241724095","geometry":{"type":"Polygon","coordinates":[[[2.14517698,41.38573819],[2.14518584,41.38554912],[2.14587053,41.38503166],[2.146266,41.38502443],[2.14652572,41.38522526],[2.14649325,41.38524878],[2.14655375,41.38529582],[2.14622616,41.3855455],[2.14637077,41.38565497],[2.14606532,41.38588656],[2.14591923,41.38577709],[2.14559754,41.38602045],[2.1454972,41.38594265],[2.14546473,41.38596798],[2.14517698,41.38573819]]]},"properties":{"id":"barcelona:osm:way:241724095","name":"Jardins de Montserrat","nameAddon":null,"objectNumber":"barcelona:osm:way:241724095","district":"l'Eixample","locality":null,"type":"Park","areaM2":7569.4,"areaHa":0.76,"designation":null,"dedicated":null,"builtYear":null,"renovatedYear":null,"planningAreaId":null,"planningAreaName":null,"centroid":[2.145848,41.385494],"bounds":[2.14518,41.38502,2.14655,41.38602],"amenities":{"playground":{"status":"observed-nearby","count":1,"nearestMeters":0,"coverage":"community-mapped-observations"},"toilet":{"status":"observed-nearby","count":1,"nearestMeters":0,"coverage":"community-mapped-observations"},"drinkingFountain":{"status":"observed-nearby","count":1,"nearestMeters":0,"coverage":"community-mapped-observations"},"dogRun":{"status":"observed-nearby","count":1,"nearestMeters":0,"coverage":"community-mapped-observations"}},"sourceId":"parks"}},{"type":"Feature","id":"barcelona:osm:way:241984920","geometry":{"type":"Polygon","coordinates":[[[2.15815817,41.37226253],[2.15861414,41.37225348],[2.15879417,41.3724516],[2.15819948,41.37243803],[2.15815817,41.37226253]]]},"properties":{"id":"barcelona:osm:way:241984920","name":"Plaça del Doctor Pere Franquesa","nameAddon":null,"objectNumber":"barcelona:osm:way:241984920","district":"Sants-Montjuïc","locality":null,"type":"Park","areaM2":933,"areaHa":0.09,"designation":null,"dedicated":null,"builtYear":null,"renovatedYear":null,"planningAreaId":null,"planningAreaName":null,"centroid":[2.158449,41.372355],"bounds":[2.15816,41.37225,2.15879,41.37245],"amenities":{"playground":{"status":"not-observed","count":0,"nearestMeters":null,"coverage":"community-mapped-observations"},"toilet":{"status":"not-observed","count":0,"nearestMeters":null,"coverage":"community-mapped-observations"},"drinkingFountain":{"status":"observed-nearby","count":2,"nearestMeters":0,"coverage":"community-mapped-observations"},"dogRun":{"status":"not-observed","count":0,"nearestMeters":null,"coverage":"community-mapped-observations"}},"sourceId":"parks"}},{"type":"Feature","id":"barcelona:osm:way:24220712","geometry":{"type":"Polygon","coordinates":[[[2.21114536,41.40737923],[2.21342079,41.40571467],[2.21408335,41.40597702],[2.2149466,41.40663561],[2.21559736,41.40730957],[2.21544684,41.40745793],[2.21460278,41.40957934],[2.21427076,41.4098453],[2.21411582,41.40987425],[2.21393726,41.40978017],[2.21114536,41.40765605],[2.21114536,41.40737923]]]},"properties":{"id":"barcelona:osm:way:24220712","name":"Parc sense nom 24220712","nameAddon":null,"objectNumber":"barcelona:osm:way:24220712","district":"Sant Martí","locality":null,"type":"Park","areaM2":96195.3,"areaHa":9.62,"designation":null,"dedicated":null,"builtYear":null,"renovatedYear":null,"planningAreaId":null,"planningAreaName":null,"centroid":[2.213535,41.407691],"bounds":[2.21115,41.40571,2.2156,41.40987],"amenities":{"playground":{"status":"observed-nearby","count":6,"nearestMeters":0,"coverage":"community-mapped-observations"},"toilet":{"status":"not-observed","count":0,"nearestMeters":null,"coverage":"community-mapped-observations"},"drinkingFountain":{"status":"observed-nearby","count":6,"nearestMeters":0,"coverage":"community-mapped-observations"},"dogRun":{"status":"observed-nearby","count":1,"nearestMeters":0,"coverage":"community-mapped-observations"}},"sourceId":"parks"}},{"type":"Feature","id":"barcelona:osm:way:242590281","geometry":{"type":"Polygon","coordinates":[[[2.16313402,41.38656324],[2.16334946,41.3864004],[2.16348964,41.38650443],[2.1632742,41.38666727],[2.16313402,41.38656324]]]},"properties":{"id":"barcelona:osm:way:242590281","name":"Parc sense nom 242590281","nameAddon":null,"objectNumber":"barcelona:osm:way:242590281","district":"l'Eixample","locality":null,"type":"Park","areaM2":418.6,"areaHa":0.04,"designation":null,"dedicated":null,"builtYear":null,"renovatedYear":null,"planningAreaId":null,"planningAreaName":null,"centroid":[2.163312,41.386534],"bounds":[2.16313,41.3864,2.16349,41.38667],"amenities":{"playground":{"status":"not-observed","count":0,"nearestMeters":null,"coverage":"community-mapped-observations"},"toilet":{"status":"not-observed","count":0,"nearestMeters":null,"coverage":"community-mapped-observations"},"drinkingFountain":{"status":"observed-nearby","count":1,"nearestMeters":23,"coverage":"community-mapped-observations"},"dogRun":{"status":"not-observed","count":0,"nearestMeters":null,"coverage":"community-mapped-observations"}},"sourceId":"parks"}},{"type":"Feature","id":"barcelona:osm:way:249401782","geometry":{"type":"Polygon","coordinates":[[[2.13272555,41.39151438],[2.13356519,41.39068934],[2.13418201,41.39084947],[2.13387508,41.39154243],[2.13354896,41.3914601],[2.13343976,41.39169712],[2.13272555,41.39151438]]]},"properties":{"id":"barcelona:osm:way:249401782","name":"Jardins d'Olga Sacharoff","nameAddon":null,"objectNumber":"barcelona:osm:way:249401782","district":"les Corts","locality":null,"type":"Park","areaM2":7200.2,"areaHa":0.72,"designation":null,"dedicated":null,"builtYear":null,"renovatedYear":null,"planningAreaId":null,"planningAreaName":null,"centroid":[2.13352,41.391204],"bounds":[2.13273,41.39069,2.13418,41.3917],"amenities":{"playground":{"status":"observed-nearby","count":1,"nearestMeters":58,"coverage":"community-mapped-observations"},"toilet":{"status":"not-observed","count":0,"nearestMeters":null,"coverage":"community-mapped-observations"},"drinkingFountain":{"status":"observed-nearby","count":1,"nearestMeters":44,"coverage":"community-mapped-observations"},"dogRun":{"status":"not-observed","count":0,"nearestMeters":null,"coverage":"community-mapped-observations"}},"sourceId":"parks"}},{"type":"Feature","id":"barcelona:osm:way:249401783","geometry":{"type":"Polygon","coordinates":[[[2.13108907,41.39185001],[2.1314993,41.39141035],[2.13183132,41.39149358],[2.13161292,41.39198933],[2.13108907,41.39185001]]]},"properties":{"id":"barcelona:osm:way:249401783","name":"Jardins de Blanca Selva i Henry","nameAddon":null,"objectNumber":"barcelona:osm:way:249401783","district":"les Corts","locality":null,"type":"Park","areaM2":2185.5,"areaHa":0.22,"designation":null,"dedicated":null,"builtYear":null,"renovatedYear":null,"planningAreaId":null,"planningAreaName":null,"centroid":[2.131497,41.391704],"bounds":[2.13109,41.39141,2.13183,41.39199],"amenities":{"playground":{"status":"not-observed","count":0,"nearestMeters":null,"coverage":"community-mapped-observations"},"toilet":{"status":"not-observed","count":0,"nearestMeters":null,"coverage":"community-mapped-observations"},"drinkingFountain":{"status":"not-observed","count":0,"nearestMeters":null,"coverage":"community-mapped-observations"},"dogRun":{"status":"not-observed","count":0,"nearestMeters":null,"coverage":"community-mapped-observations"}},"sourceId":"parks"}},{"type":"Feature","id":"barcelona:osm:way:249401784","geometry":{"type":"Polygon","coordinates":[[[2.13201872,41.3907789],[2.13238026,41.3903899],[2.13296166,41.39054189],[2.13293214,41.39061154],[2.13281557,41.39058169],[2.13260898,41.39096436],[2.13204676,41.39082323],[2.13201872,41.3907789]]]},"properties":{"id":"barcelona:osm:way:249401784","name":"Jardins de Can Batllori","nameAddon":null,"objectNumber":"barcelona:osm:way:249401784","district":"les Corts","locality":null,"type":"Park","areaM2":2751.7,"areaHa":0.28,"designation":null,"dedicated":null,"builtYear":null,"renovatedYear":null,"planningAreaId":null,"planningAreaName":null,"centroid":[2.132466,41.390675],"bounds":[2.13202,41.39039,2.13296,41.39096],"amenities":{"playground":{"status":"not-observed","count":0,"nearestMeters":null,"coverage":"community-mapped-observations"},"toilet":{"status":"not-observed","count":0,"nearestMeters":null,"coverage":"community-mapped-observations"},"drinkingFountain":{"status":"not-observed","count":0,"nearestMeters":null,"coverage":"community-mapped-observations"},"dogRun":{"status":"not-observed","count":0,"nearestMeters":null,"coverage":"community-mapped-observations"}},"sourceId":"parks"}},{"type":"Feature","id":"barcelona:osm:way:249401785","geometry":{"type":"Polygon","coordinates":[[[2.1302273,41.38359779],[2.13033355,41.38341596],[2.13105218,41.38360684],[2.13090462,41.38393523],[2.13078657,41.38395875],[2.1302273,41.38359779]]]},"properties":{"id":"barcelona:osm:way:249401785","name":"Jardins de Can Bruixa","nameAddon":null,"objectNumber":"barcelona:osm:way:249401785","district":"les Corts","locality":null,"type":"Park","areaM2":2220.5,"areaHa":0.22,"designation":null,"dedicated":null,"builtYear":null,"renovatedYear":null,"planningAreaId":null,"planningAreaName":null,"centroid":[2.130658,41.383672],"bounds":[2.13023,41.38342,2.13105,41.38396],"amenities":{"playground":{"status":"observed-nearby","count":1,"nearestMeters":0,"coverage":"community-mapped-observations"},"toilet":{"status":"not-observed","count":0,"nearestMeters":null,"coverage":"community-mapped-observations"},"drinkingFountain":{"status":"observed-nearby","count":1,"nearestMeters":0,"coverage":"community-mapped-observations"},"dogRun":{"status":"not-observed","count":0,"nearestMeters":null,"coverage":"community-mapped-observations"}},"sourceId":"parks"}},{"type":"Feature","id":"barcelona:osm:way:249401787","geometry":{"type":"Polygon","coordinates":[[[2.1386163,41.38958838],[2.13898226,41.38923467],[2.13979533,41.38969966],[2.13943971,41.3900579],[2.1386163,41.38958838]]]},"properties":{"id":"barcelona:osm:way:249401787","name":"Jardins de Joaquim Ruyra","nameAddon":null,"objectNumber":"barcelona:osm:way:249401787","district":"les Corts","locality":null,"type":"Park","areaM2":4264.2,"areaHa":0.43,"designation":null,"dedicated":null,"builtYear":null,"renovatedYear":null,"planningAreaId":null,"planningAreaName":null,"centroid":[2.139208,41.389645],"bounds":[2.13862,41.38923,2.1398,41.39006],"amenities":{"playground":{"status":"observed-nearby","count":1,"nearestMeters":0,"coverage":"community-mapped-observations"},"toilet":{"status":"not-observed","count":0,"nearestMeters":null,"coverage":"community-mapped-observations"},"drinkingFountain":{"status":"observed-nearby","count":1,"nearestMeters":0,"coverage":"community-mapped-observations"},"dogRun":{"status":"not-observed","count":0,"nearestMeters":null,"coverage":"community-mapped-observations"}},"sourceId":"parks"}},{"type":"Feature","id":"barcelona:osm:way:249401788","geometry":{"type":"Polygon","coordinates":[[[2.1341525,41.39182649],[2.13483867,41.39108106],[2.13503198,41.39118057],[2.1349213,41.3914203],[2.13499361,41.39169803],[2.13445057,41.39178126],[2.1341525,41.39182649]]]},"properties":{"id":"barcelona:osm:way:249401788","name":"Jardins de Maria Àngels Anglada i d'Abadal","nameAddon":null,"objectNumber":"barcelona:osm:way:249401788","district":"les Corts","locality":null,"type":"Park","areaM2":2761.8,"areaHa":0.28,"designation":null,"dedicated":null,"builtYear":null,"renovatedYear":null,"planningAreaId":null,"planningAreaName":null,"centroid":[2.134687,41.391506],"bounds":[2.13415,41.39108,2.13503,41.39183],"amenities":{"playground":{"status":"observed-nearby","count":1,"nearestMeters":0,"coverage":"community-mapped-observations"},"toilet":{"status":"not-observed","count":0,"nearestMeters":null,"coverage":"community-mapped-observations"},"drinkingFountain":{"status":"observed-nearby","count":2,"nearestMeters":0,"coverage":"community-mapped-observations"},"dogRun":{"status":"not-observed","count":0,"nearestMeters":null,"coverage":"community-mapped-observations"}},"sourceId":"parks"}},{"type":"Feature","id":"barcelona:osm:way:249401789","geometry":{"type":"Polygon","coordinates":[[[2.1349213,41.38934322],[2.13548057,41.38874706],[2.13671125,41.38945631],[2.13658287,41.38975665],[2.13579488,41.38956034],[2.1349213,41.38934322]]]},"properties":{"id":"barcelona:osm:way:249401789","name":"Jardins de Sant Joan de Déu","nameAddon":null,"objectNumber":"barcelona:osm:way:249401789","district":"les Corts","locality":null,"type":"Park","areaM2":7811.6,"areaHa":0.78,"designation":null,"dedicated":null,"builtYear":null,"renovatedYear":null,"planningAreaId":null,"planningAreaName":null,"centroid":[2.135825,41.389293],"bounds":[2.13492,41.38875,2.13671,41.38976],"amenities":{"playground":{"status":"observed-nearby","count":3,"nearestMeters":0,"coverage":"community-mapped-observations"},"toilet":{"status":"observed-nearby","count":3,"nearestMeters":37,"coverage":"community-mapped-observations"},"drinkingFountain":{"status":"observed-nearby","count":2,"nearestMeters":0,"coverage":"community-mapped-observations"},"dogRun":{"status":"not-observed","count":0,"nearestMeters":null,"coverage":"community-mapped-observations"}},"sourceId":"parks"}},{"type":"Feature","id":"barcelona:osm:way:249401791","geometry":{"type":"Polygon","coordinates":[[[2.13501427,41.3920617],[2.13505559,41.391926],[2.13569011,41.39182287],[2.13593507,41.39181744],[2.13567831,41.39210964],[2.13555583,41.39208884],[2.13551156,41.39218835],[2.13501427,41.3920617]]]},"properties":{"id":"barcelona:osm:way:249401791","name":"Jardins del Doctor Castelló","nameAddon":null,"objectNumber":"barcelona:osm:way:249401791","district":"Sarrià - Sant Gervasi","locality":null,"type":"Park","areaM2":1833.7,"areaHa":0.18,"designation":null,"dedicated":null,"builtYear":null,"renovatedYear":null,"planningAreaId":null,"planningAreaName":null,"centroid":[2.135459,41.391985],"bounds":[2.13501,41.39182,2.13594,41.39219],"amenities":{"playground":{"status":"observed-nearby","count":1,"nearestMeters":53,"coverage":"community-mapped-observations"},"toilet":{"status":"not-observed","count":0,"nearestMeters":null,"coverage":"community-mapped-observations"},"drinkingFountain":{"status":"observed-nearby","count":2,"nearestMeters":4,"coverage":"community-mapped-observations"},"dogRun":{"status":"observed-nearby","count":1,"nearestMeters":69,"coverage":"community-mapped-observations"}},"sourceId":"parks"}},{"type":"Feature","id":"barcelona:osm:way:249401792","geometry":{"type":"Polygon","coordinates":[[[2.13660648,41.39238737],[2.13681012,41.3919459],[2.13672011,41.39169441],[2.1379862,41.39149267],[2.13808655,41.39151891],[2.13765566,41.39248869],[2.13679241,41.39226796],[2.13672601,41.39241722],[2.13660648,41.39238737]]]},"properties":{"id":"barcelona:osm:way:249401792","name":"Jardins del Doctor Samuel Hahnemann","nameAddon":null,"objectNumber":"barcelona:osm:way:249401792","district":"Sarrià - Sant Gervasi","locality":null,"type":"Park","areaM2":8450,"areaHa":0.85,"designation":null,"dedicated":null,"builtYear":null,"renovatedYear":null,"planningAreaId":null,"planningAreaName":null,"centroid":[2.137358,41.39197],"bounds":[2.13661,41.39149,2.13809,41.39249],"amenities":{"playground":{"status":"not-observed","count":0,"nearestMeters":null,"coverage":"community-mapped-observations"},"toilet":{"status":"not-observed","count":0,"nearestMeters":null,"coverage":"community-mapped-observations"},"drinkingFountain":{"status":"observed-nearby","count":1,"nearestMeters":70,"coverage":"community-mapped-observations"},"dogRun":{"status":"observed-nearby","count":1,"nearestMeters":0,"coverage":"community-mapped-observations"}},"sourceId":"parks"}},{"type":"Feature","id":"barcelona:osm:way:249401793","geometry":{"type":"Polygon","coordinates":[[[2.13573143,41.3915361],[2.13584653,41.39128641],[2.13637923,41.39141849],[2.13629217,41.39152524],[2.13575356,41.39160847],[2.13573143,41.3915361]]]},"properties":{"id":"barcelona:osm:way:249401793","name":"Jardí de Margarita Wirsing i Bordas","nameAddon":null,"objectNumber":"barcelona:osm:way:249401793","district":"les Corts","locality":null,"type":"Park","areaM2":1155,"areaHa":0.12,"designation":null,"dedicated":null,"builtYear":null,"renovatedYear":null,"planningAreaId":null,"planningAreaName":null,"centroid":[2.136011,41.391456],"bounds":[2.13573,41.39129,2.13638,41.39161],"amenities":{"playground":{"status":"observed-nearby","count":1,"nearestMeters":64,"coverage":"community-mapped-observations"},"toilet":{"status":"not-observed","count":0,"nearestMeters":null,"coverage":"community-mapped-observations"},"drinkingFountain":{"status":"observed-nearby","count":2,"nearestMeters":51,"coverage":"community-mapped-observations"},"dogRun":{"status":"observed-nearby","count":1,"nearestMeters":44,"coverage":"community-mapped-observations"}},"sourceId":"parks"}},{"type":"Feature","id":"barcelona:osm:way:249401804","geometry":{"type":"Polygon","coordinates":[[[2.15443513,41.38197485],[2.15451482,41.38191514],[2.15489111,41.38219468],[2.15508737,41.38204632],[2.15554186,41.38236928],[2.15534265,41.38252035],[2.15548431,41.38263344],[2.1553943,41.38270309],[2.15515082,41.38252035],[2.15458712,41.38208884],[2.15443513,41.38197485]]]},"properties":{"id":"barcelona:osm:way:249401804","name":"Jardins d'Emma de Barcelona","nameAddon":null,"objectNumber":"barcelona:osm:way:249401804","district":"l'Eixample","locality":null,"type":"Park","areaM2":2397.5,"areaHa":0.24,"designation":null,"dedicated":null,"builtYear":null,"renovatedYear":null,"planningAreaId":null,"planningAreaName":null,"centroid":[2.155098,41.382301],"bounds":[2.15444,41.38192,2.15554,41.3827],"amenities":{"playground":{"status":"observed-nearby","count":1,"nearestMeters":0,"coverage":"community-mapped-observations"},"toilet":{"status":"not-observed","count":0,"nearestMeters":null,"coverage":"community-mapped-observations"},"drinkingFountain":{"status":"observed-nearby","count":5,"nearestMeters":0,"coverage":"community-mapped-observations"},"dogRun":{"status":"not-observed","count":0,"nearestMeters":null,"coverage":"community-mapped-observations"}},"sourceId":"parks"}},{"type":"Feature","id":"barcelona:osm:way:249401806","geometry":{"type":"Polygon","coordinates":[[[2.1413846,41.38735933],[2.14140968,41.38732133],[2.14259462,41.3876841],[2.14195272,41.3878786],[2.14154396,41.38750317],[2.1413846,41.38735933]]]},"properties":{"id":"barcelona:osm:way:249401806","name":"Jardins de Joan Altisent","nameAddon":null,"objectNumber":"barcelona:osm:way:249401806","district":"les Corts","locality":null,"type":"Park","areaM2":2338.5,"areaHa":0.23,"designation":null,"dedicated":null,"builtYear":null,"renovatedYear":null,"planningAreaId":null,"planningAreaName":null,"centroid":[2.141958,41.387621],"bounds":[2.14138,41.38732,2.14259,41.38788],"amenities":{"playground":{"status":"observed-nearby","count":1,"nearestMeters":0,"coverage":"community-mapped-observations"},"toilet":{"status":"not-observed","count":0,"nearestMeters":null,"coverage":"community-mapped-observations"},"drinkingFountain":{"status":"observed-nearby","count":2,"nearestMeters":0,"coverage":"community-mapped-observations"},"dogRun":{"status":"not-observed","count":0,"nearestMeters":null,"coverage":"community-mapped-observations"}},"sourceId":"parks"}},{"type":"Feature","id":"barcelona:osm:way:249401807","geometry":{"type":"Polygon","coordinates":[[[2.14455574,41.39051022],[2.14459411,41.39045956],[2.14521387,41.39036638],[2.14527733,41.39039352],[2.14498515,41.39063506],[2.14471363,41.39063325],[2.14455574,41.39051022]]]},"properties":{"id":"barcelona:osm:way:249401807","name":"Jardins de Marcos Redondo","nameAddon":null,"objectNumber":"barcelona:osm:way:249401807","district":"l'Eixample","locality":null,"type":"Park","areaM2":1138.9,"areaHa":0.11,"designation":null,"dedicated":null,"builtYear":null,"renovatedYear":null,"planningAreaId":null,"planningAreaName":null,"centroid":[2.144903,41.390506],"bounds":[2.14456,41.39037,2.14528,41.39064],"amenities":{"playground":{"status":"not-observed","count":0,"nearestMeters":null,"coverage":"community-mapped-observations"},"toilet":{"status":"not-observed","count":0,"nearestMeters":null,"coverage":"community-mapped-observations"},"drinkingFountain":{"status":"observed-nearby","count":1,"nearestMeters":0,"coverage":"community-mapped-observations"},"dogRun":{"status":"not-observed","count":0,"nearestMeters":null,"coverage":"community-mapped-observations"}},"sourceId":"parks"}},{"type":"Feature","id":"barcelona:osm:way:249401870","geometry":{"type":"Polygon","coordinates":[[[2.12996169,41.3928994],[2.12998382,41.39284693],[2.13006646,41.39283879],[2.1304634,41.39293107],[2.13057408,41.39300072],[2.13037634,41.39317442],[2.12996169,41.3928994]]]},"properties":{"id":"barcelona:osm:way:249401870","name":"Parc sense nom 249401870","nameAddon":null,"objectNumber":"barcelona:osm:way:249401870","district":"Sarrià - Sant Gervasi","locality":null,"type":"Park","areaM2":946.9,"areaHa":0.09,"designation":null,"dedicated":null,"builtYear":null,"renovatedYear":null,"planningAreaId":null,"planningAreaName":null,"centroid":[2.130278,41.392985],"bounds":[2.12996,41.39284,2.13057,41.39317],"amenities":{"playground":{"status":"not-observed","count":0,"nearestMeters":null,"coverage":"community-mapped-observations"},"toilet":{"status":"not-observed","count":0,"nearestMeters":null,"coverage":"community-mapped-observations"},"drinkingFountain":{"status":"observed-nearby","count":1,"nearestMeters":0,"coverage":"community-mapped-observations"},"dogRun":{"status":"not-observed","count":0,"nearestMeters":null,"coverage":"community-mapped-observations"}},"sourceId":"parks"}},{"type":"Feature","id":"barcelona:osm:way:249402274","geometry":{"type":"Polygon","coordinates":[[[2.1530377,41.38481997],[2.15305689,41.38477384],[2.15414886,41.38525149],[2.15387587,41.38545775],[2.1530805,41.38486792],[2.1530377,41.38481997]]]},"properties":{"id":"barcelona:osm:way:249402274","name":"Plaça d'Enriqueta Gallinat","nameAddon":null,"objectNumber":"barcelona:osm:way:249402274","district":"l'Eixample","locality":null,"type":"Park","areaM2":1934.3,"areaHa":0.19,"designation":null,"dedicated":null,"builtYear":null,"renovatedYear":null,"planningAreaId":null,"planningAreaName":null,"centroid":[2.153638,41.38514],"bounds":[2.15304,41.38477,2.15415,41.38546],"amenities":{"playground":{"status":"observed-nearby","count":1,"nearestMeters":0,"coverage":"community-mapped-observations"},"toilet":{"status":"not-observed","count":0,"nearestMeters":null,"coverage":"community-mapped-observations"},"drinkingFountain":{"status":"observed-nearby","count":3,"nearestMeters":0,"coverage":"community-mapped-observations"},"dogRun":{"status":"not-observed","count":0,"nearestMeters":null,"coverage":"community-mapped-observations"}},"sourceId":"parks"}},{"type":"Feature","id":"barcelona:osm:way:249406375","geometry":{"type":"Polygon","coordinates":[[[2.1314993,41.38798534],[2.13178705,41.38775828],[2.1316262,41.38771033],[2.13168818,41.38765605],[2.13184903,41.387666],[2.13224597,41.38802424],[2.13304429,41.38886919],[2.13298379,41.38893342],[2.13243485,41.38866112],[2.13254553,41.3885417],[2.13194052,41.38821694],[2.13196413,41.38819522],[2.1314993,41.38798534]]]},"properties":{"id":"barcelona:osm:way:249406375","name":"Plaça de Margarita Rivière Martí","nameAddon":null,"objectNumber":"barcelona:osm:way:249406375","district":"les Corts","locality":null,"type":"Park","areaM2":4289.2,"areaHa":0.43,"designation":null,"dedicated":null,"builtYear":null,"renovatedYear":null,"planningAreaId":null,"planningAreaName":null,"centroid":[2.132222,41.388235],"bounds":[2.1315,41.38766,2.13304,41.38893],"amenities":{"playground":{"status":"observed-nearby","count":1,"nearestMeters":0,"coverage":"community-mapped-observations"},"toilet":{"status":"observed-nearby","count":1,"nearestMeters":70,"coverage":"community-mapped-observations"},"drinkingFountain":{"status":"observed-nearby","count":2,"nearestMeters":15,"coverage":"community-mapped-observations"},"dogRun":{"status":"not-observed","count":0,"nearestMeters":null,"coverage":"community-mapped-observations"}},"sourceId":"parks"}},{"type":"Feature","id":"barcelona:osm:way:249407534","geometry":{"type":"Polygon","coordinates":[[[2.14057299,41.38099421],[2.14068514,41.38078433],[2.14105405,41.3808947],[2.14120752,41.38099964],[2.14104667,41.3811869],[2.1407545,41.38106296],[2.14057299,41.38099421]]]},"properties":{"id":"barcelona:osm:way:249407534","name":"Plaça de la Volta Ciclista a Catalunya","nameAddon":null,"objectNumber":"barcelona:osm:way:249407534","district":"Sants-Montjuïc","locality":null,"type":"Park","areaM2":1282.5,"areaHa":0.13,"designation":null,"dedicated":null,"builtYear":null,"renovatedYear":null,"planningAreaId":null,"planningAreaName":null,"centroid":[2.140888,41.380981],"bounds":[2.14057,41.38078,2.14121,41.38119],"amenities":{"playground":{"status":"not-observed","count":0,"nearestMeters":null,"coverage":"community-mapped-observations"},"toilet":{"status":"not-observed","count":0,"nearestMeters":null,"coverage":"community-mapped-observations"},"drinkingFountain":{"status":"observed-nearby","count":1,"nearestMeters":28,"coverage":"community-mapped-observations"},"dogRun":{"status":"not-observed","count":0,"nearestMeters":null,"coverage":"community-mapped-observations"}},"sourceId":"parks"}},{"type":"Feature","id":"barcelona:osm:way:249408642","geometry":{"type":"Polygon","coordinates":[[[2.14333244,41.38806043],[2.14333391,41.38801791],[2.1434136,41.38802244],[2.14379726,41.38831645],[2.14349328,41.38846481],[2.1434195,41.38845576],[2.14333244,41.38806043]]]},"properties":{"id":"barcelona:osm:way:249408642","name":"Parc sense nom 249408642","nameAddon":null,"objectNumber":"barcelona:osm:way:249408642","district":"l'Eixample","locality":null,"type":"Park","areaM2":1007.1,"areaHa":0.1,"designation":null,"dedicated":null,"builtYear":null,"renovatedYear":null,"planningAreaId":null,"planningAreaName":null,"centroid":[2.143517,41.388257],"bounds":[2.14333,41.38802,2.1438,41.38846],"amenities":{"playground":{"status":"observed-nearby","count":1,"nearestMeters":0,"coverage":"community-mapped-observations"},"toilet":{"status":"not-observed","count":0,"nearestMeters":null,"coverage":"community-mapped-observations"},"drinkingFountain":{"status":"observed-nearby","count":2,"nearestMeters":0,"coverage":"community-mapped-observations"},"dogRun":{"status":"not-observed","count":0,"nearestMeters":null,"coverage":"community-mapped-observations"}},"sourceId":"parks"}},{"type":"Feature","id":"barcelona:osm:way:249408843","geometry":{"type":"Polygon","coordinates":[[[2.1560303,41.38587299],[2.15603177,41.38582595],[2.15620295,41.38570653],[2.15688026,41.38622671],[2.15605243,41.38589108],[2.1560303,41.38587299]]]},"properties":{"id":"barcelona:osm:way:249408843","name":"Plaça del Gall","nameAddon":null,"objectNumber":"barcelona:osm:way:249408843","district":"l'Eixample","locality":null,"type":"Park","areaM2":1051.7,"areaHa":0.11,"designation":null,"dedicated":null,"builtYear":null,"renovatedYear":null,"planningAreaId":null,"planningAreaName":null,"centroid":[2.156359,41.385933],"bounds":[2.15603,41.38571,2.15688,41.38623],"amenities":{"playground":{"status":"not-observed","count":0,"nearestMeters":null,"coverage":"community-mapped-observations"},"toilet":{"status":"not-observed","count":0,"nearestMeters":null,"coverage":"community-mapped-observations"},"drinkingFountain":{"status":"observed-nearby","count":2,"nearestMeters":0,"coverage":"community-mapped-observations"},"dogRun":{"status":"not-observed","count":0,"nearestMeters":null,"coverage":"community-mapped-observations"}},"sourceId":"parks"}},{"type":"Feature","id":"barcelona:osm:way:249408844","geometry":{"type":"Polygon","coordinates":[[[2.13595573,41.38637054],[2.13668469,41.3856613],[2.13749334,41.38615252],[2.13672601,41.38682558],[2.13622577,41.38652434],[2.13595573,41.38637054]]]},"properties":{"id":"barcelona:osm:way:249408844","name":"Parc de les Corts","nameAddon":null,"objectNumber":"barcelona:osm:way:249408844","district":"les Corts","locality":null,"type":"Park","areaM2":8272.7,"areaHa":0.83,"designation":null,"dedicated":null,"builtYear":null,"renovatedYear":null,"planningAreaId":null,"planningAreaName":null,"centroid":[2.136719,41.386248],"bounds":[2.13596,41.38566,2.13749,41.38683],"amenities":{"playground":{"status":"observed-nearby","count":3,"nearestMeters":0,"coverage":"community-mapped-observations"},"toilet":{"status":"not-observed","count":0,"nearestMeters":null,"coverage":"community-mapped-observations"},"drinkingFountain":{"status":"observed-nearby","count":3,"nearestMeters":0,"coverage":"community-mapped-observations"},"dogRun":{"status":"observed-nearby","count":2,"nearestMeters":0,"coverage":"community-mapped-observations"}},"sourceId":"parks"}},{"type":"Feature","id":"barcelona:osm:way:249408845","geometry":{"type":"Polygon","coordinates":[[[2.13485342,41.38484802],[2.13615198,41.38494029],[2.13624643,41.38497377],[2.13596901,41.38525421],[2.13604426,41.38529401],[2.13588489,41.38544509],[2.13530054,41.38509318],[2.13523414,41.3851547],[2.13518692,41.38512665],[2.13524152,41.38507147],[2.13501132,41.38493577],[2.13485342,41.38484802]]]},"properties":{"id":"barcelona:osm:way:249408845","name":"Jardins de Can Cuiàs","nameAddon":null,"objectNumber":"barcelona:osm:way:249408845","district":"les Corts","locality":null,"type":"Park","areaM2":3303,"areaHa":0.33,"designation":null,"dedicated":null,"builtYear":null,"renovatedYear":null,"planningAreaId":null,"planningAreaName":null,"centroid":[2.135657,41.38508],"bounds":[2.13485,41.38485,2.13625,41.38545],"amenities":{"playground":{"status":"observed-nearby","count":4,"nearestMeters":0,"coverage":"community-mapped-observations"},"toilet":{"status":"not-observed","count":0,"nearestMeters":null,"coverage":"community-mapped-observations"},"drinkingFountain":{"status":"observed-nearby","count":2,"nearestMeters":0,"coverage":"community-mapped-observations"},"dogRun":{"status":"observed-nearby","count":1,"nearestMeters":0,"coverage":"community-mapped-observations"}},"sourceId":"parks"}},{"type":"Feature","id":"barcelona:osm:way:249408846","geometry":{"type":"Polygon","coordinates":[[[2.13331729,41.38517822],[2.1336493,41.38465171],[2.13384261,41.3845911],[2.13471324,41.38481364],[2.13425432,41.38550027],[2.13420267,41.38540709],[2.13348256,41.38513841],[2.13344419,41.38517369],[2.13331729,41.38517822]]]},"properties":{"id":"barcelona:osm:way:249408846","name":"Jardins de Magalí","nameAddon":null,"objectNumber":"barcelona:osm:way:249408846","district":"les Corts","locality":null,"type":"Park","areaM2":6294.7,"areaHa":0.63,"designation":null,"dedicated":null,"builtYear":null,"renovatedYear":null,"planningAreaId":null,"planningAreaName":null,"centroid":[2.134032,41.384988],"bounds":[2.13332,41.38459,2.13471,41.3855],"amenities":{"playground":{"status":"observed-nearby","count":3,"nearestMeters":0,"coverage":"community-mapped-observations"},"toilet":{"status":"not-observed","count":0,"nearestMeters":null,"coverage":"community-mapped-observations"},"drinkingFountain":{"status":"observed-nearby","count":3,"nearestMeters":0,"coverage":"community-mapped-observations"},"dogRun":{"status":"observed-nearby","count":1,"nearestMeters":46,"coverage":"community-mapped-observations"}},"sourceId":"parks"}},{"type":"Feature","id":"barcelona:osm:way:249408847","geometry":{"type":"Polygon","coordinates":[[[2.16336422,41.38371087],[2.16364754,41.38349014],[2.16370509,41.3839877],[2.16370509,41.38401484],[2.16336422,41.38371087]]]},"properties":{"id":"barcelona:osm:way:249408847","name":"Plaça Goya","nameAddon":null,"objectNumber":"barcelona:osm:way:249408847","district":"l'Eixample","locality":null,"type":"Park","areaM2":753.7,"areaHa":0.08,"designation":null,"dedicated":null,"builtYear":null,"renovatedYear":null,"planningAreaId":null,"planningAreaName":null,"centroid":[2.163573,41.38374],"bounds":[2.16336,41.38349,2.16371,41.38401],"amenities":{"playground":{"status":"not-observed","count":0,"nearestMeters":null,"coverage":"community-mapped-observations"},"toilet":{"status":"not-observed","count":0,"nearestMeters":null,"coverage":"community-mapped-observations"},"drinkingFountain":{"status":"observed-nearby","count":1,"nearestMeters":0,"coverage":"community-mapped-observations"},"dogRun":{"status":"not-observed","count":0,"nearestMeters":null,"coverage":"community-mapped-observations"}},"sourceId":"parks"}},{"type":"Feature","id":"barcelona:osm:way:249408850","geometry":{"type":"Polygon","coordinates":[[[2.13563699,41.38171883],[2.13573733,41.38156866],[2.136363,41.38180568],[2.13626118,41.38194681],[2.13563699,41.38171883]]]},"properties":{"id":"barcelona:osm:way:249408850","name":"Plaça del Centre","nameAddon":null,"objectNumber":"barcelona:osm:way:249408850","district":"Sants-Montjuïc","locality":null,"type":"Park","areaM2":1064.3,"areaHa":0.11,"designation":null,"dedicated":null,"builtYear":null,"renovatedYear":null,"planningAreaId":null,"planningAreaName":null,"centroid":[2.135997,41.381759],"bounds":[2.13564,41.38157,2.13636,41.38195],"amenities":{"playground":{"status":"observed-nearby","count":1,"nearestMeters":29,"coverage":"community-mapped-observations"},"toilet":{"status":"not-observed","count":0,"nearestMeters":null,"coverage":"community-mapped-observations"},"drinkingFountain":{"status":"observed-nearby","count":2,"nearestMeters":0,"coverage":"community-mapped-observations"},"dogRun":{"status":"not-observed","count":0,"nearestMeters":null,"coverage":"community-mapped-observations"}},"sourceId":"parks"}},{"type":"Feature","id":"barcelona:osm:way:249408851","geometry":{"type":"Polygon","coordinates":[[[2.1353876,41.38208974],[2.13551008,41.38190972],[2.13613133,41.38213769],[2.1360059,41.38232947],[2.13550861,41.38214131],[2.1353876,41.38208974]]]},"properties":{"id":"barcelona:osm:way:249408851","name":"Plaça del Centre","nameAddon":null,"objectNumber":"barcelona:osm:way:249408851","district":"les Corts","locality":null,"type":"Park","areaM2":1361.2,"areaHa":0.14,"designation":null,"dedicated":null,"builtYear":null,"renovatedYear":null,"planningAreaId":null,"planningAreaName":null,"centroid":[2.13576,41.382119],"bounds":[2.13539,41.38191,2.13613,41.38233],"amenities":{"playground":{"status":"observed-nearby","count":1,"nearestMeters":0,"coverage":"community-mapped-observations"},"toilet":{"status":"not-observed","count":0,"nearestMeters":null,"coverage":"community-mapped-observations"},"drinkingFountain":{"status":"observed-nearby","count":2,"nearestMeters":0,"coverage":"community-mapped-observations"},"dogRun":{"status":"not-observed","count":0,"nearestMeters":null,"coverage":"community-mapped-observations"}},"sourceId":"parks"}},{"type":"Feature","id":"barcelona:osm:way:249408852","geometry":{"type":"Polygon","coordinates":[[[2.16027128,41.38888457],[2.16101353,41.3894165],[2.1605,41.38942193],[2.16050148,41.38938936],[2.16033621,41.38938031],[2.16029784,41.38893432],[2.16027128,41.38888457]]]},"properties":{"id":"barcelona:osm:way:249408852","name":"Plaça del Doctor Letamendi","nameAddon":null,"objectNumber":"barcelona:osm:way:249408852","district":"l'Eixample","locality":null,"type":"Park","areaM2":1551.8,"areaHa":0.16,"designation":null,"dedicated":null,"builtYear":null,"renovatedYear":null,"planningAreaId":null,"planningAreaName":null,"centroid":[2.160554,41.389241],"bounds":[2.16027,41.38888,2.16101,41.38942],"amenities":{"playground":{"status":"observed-nearby","count":3,"nearestMeters":0,"coverage":"community-mapped-observations"},"toilet":{"status":"not-observed","count":0,"nearestMeters":null,"coverage":"community-mapped-observations"},"drinkingFountain":{"status":"observed-nearby","count":2,"nearestMeters":0,"coverage":"community-mapped-observations"},"dogRun":{"status":"observed-nearby","count":1,"nearestMeters":26,"coverage":"community-mapped-observations"}},"sourceId":"parks"}},{"type":"Feature","id":"barcelona:osm:way:249408853","geometry":{"type":"Polygon","coordinates":[[[2.16038933,41.38865388],[2.16115666,41.38865569],[2.16124225,41.38872083],[2.16124372,41.3892998],[2.16038933,41.38865388]]]},"properties":{"id":"barcelona:osm:way:249408853","name":"Plaça del Doctor Letamendi","nameAddon":null,"objectNumber":"barcelona:osm:way:249408853","district":"l'Eixample","locality":null,"type":"Park","areaM2":2521.6,"areaHa":0.25,"designation":null,"dedicated":null,"builtYear":null,"renovatedYear":null,"planningAreaId":null,"planningAreaName":null,"centroid":[2.160956,41.388872],"bounds":[2.16039,41.38865,2.16124,41.3893],"amenities":{"playground":{"status":"observed-nearby","count":3,"nearestMeters":0,"coverage":"community-mapped-observations"},"toilet":{"status":"not-observed","count":0,"nearestMeters":null,"coverage":"community-mapped-observations"},"drinkingFountain":{"status":"observed-nearby","count":2,"nearestMeters":0,"coverage":"community-mapped-observations"},"dogRun":{"status":"observed-nearby","count":1,"nearestMeters":0,"coverage":"community-mapped-observations"}},"sourceId":"parks"}},{"type":"Feature","id":"barcelona:osm:way:249408859","geometry":{"type":"Polygon","coordinates":[[[2.13929657,41.39440203],[2.1393733,41.39425819],[2.14113079,41.39377239],[2.14180368,41.39393613],[2.14201469,41.39417405],[2.1417535,41.39477384],[2.14069842,41.39573729],[2.14046085,41.39573729],[2.1401731,41.39540709],[2.13929657,41.39440203]]]},"properties":{"id":"barcelona:osm:way:249408859","name":"Turó Parc","nameAddon":null,"objectNumber":"barcelona:osm:way:249408859","district":"Sarrià - Sant Gervasi","locality":null,"type":"Park","areaM2":29115,"areaHa":2.91,"designation":null,"dedicated":null,"builtYear":null,"renovatedYear":null,"planningAreaId":null,"planningAreaName":null,"centroid":[2.140717,41.394632],"bounds":[2.1393,41.39377,2.14201,41.39574],"amenities":{"playground":{"status":"observed-nearby","count":2,"nearestMeters":0,"coverage":"community-mapped-observations"},"toilet":{"status":"observed-nearby","count":1,"nearestMeters":0,"coverage":"community-mapped-observations"},"drinkingFountain":{"status":"observed-nearby","count":3,"nearestMeters":0,"coverage":"community-mapped-observations"},"dogRun":{"status":"observed-nearby","count":1,"nearestMeters":0,"coverage":"community-mapped-observations"}},"sourceId":"parks"}},{"type":"Feature","id":"barcelona:osm:way:256733200","geometry":{"type":"Polygon","coordinates":[[[2.12290371,41.40107111],[2.12306013,41.40095079],[2.12324311,41.40104216],[2.12310735,41.40119776],[2.12290371,41.40107111]]]},"properties":{"id":"barcelona:osm:way:256733200","name":"Jardins dels Setze Jutges","nameAddon":null,"objectNumber":"barcelona:osm:way:256733200","district":"Sarrià - Sant Gervasi","locality":null,"type":"Park","areaM2":397.1,"areaHa":0.04,"designation":null,"dedicated":null,"builtYear":null,"renovatedYear":null,"planningAreaId":null,"planningAreaName":null,"centroid":[2.123078,41.401069],"bounds":[2.1229,41.40095,2.12324,41.4012],"amenities":{"playground":{"status":"observed-nearby","count":1,"nearestMeters":0,"coverage":"community-mapped-observations"},"toilet":{"status":"not-observed","count":0,"nearestMeters":null,"coverage":"community-mapped-observations"},"drinkingFountain":{"status":"not-observed","count":0,"nearestMeters":null,"coverage":"community-mapped-observations"},"dogRun":{"status":"not-observed","count":0,"nearestMeters":null,"coverage":"community-mapped-observations"}},"sourceId":"parks"}},{"type":"Feature","id":"barcelona:osm:way:256814762","geometry":{"type":"Polygon","coordinates":[[[2.11948023,41.39776823],[2.1198698,41.39740004],[2.11991407,41.39742537],[2.11982553,41.39777366],[2.11999375,41.39787226],[2.11989784,41.39796816],[2.11948023,41.39776823]]]},"properties":{"id":"barcelona:osm:way:256814762","name":"Jardí de Joan Llarch","nameAddon":null,"objectNumber":"barcelona:osm:way:256814762","district":"Sarrià - Sant Gervasi","locality":null,"type":"Park","areaM2":1109.3,"areaHa":0.11,"designation":null,"dedicated":null,"builtYear":null,"renovatedYear":null,"planningAreaId":null,"planningAreaName":null,"centroid":[2.119758,41.397716],"bounds":[2.11948,41.3974,2.11999,41.39797],"amenities":{"playground":{"status":"observed-nearby","count":1,"nearestMeters":0,"coverage":"community-mapped-observations"},"toilet":{"status":"not-observed","count":0,"nearestMeters":null,"coverage":"community-mapped-observations"},"drinkingFountain":{"status":"observed-nearby","count":1,"nearestMeters":63,"coverage":"community-mapped-observations"},"dogRun":{"status":"observed-nearby","count":1,"nearestMeters":62,"coverage":"community-mapped-observations"}},"sourceId":"parks"}},{"type":"Feature","id":"barcelona:osm:way:260086409","geometry":{"type":"Polygon","coordinates":[[[2.15160191,41.43252397],[2.15167422,41.43254478],[2.15212428,41.43241632],[2.15208002,41.43233038],[2.15241056,41.43224172],[2.15210363,41.43165641],[2.15302738,41.43117243],[2.15352909,41.4315569],[2.15330332,41.43153429],[2.15317051,41.43158042],[2.15306427,41.43186267],[2.15275143,41.43235119],[2.15278094,41.43250226],[2.15295654,41.43256016],[2.15308197,41.43251674],[2.15327676,41.43232495],[2.15312034,41.43259906],[2.15240761,41.43307671],[2.15169192,41.43259273],[2.15160191,41.43252397]]]},"properties":{"id":"barcelona:osm:way:260086409","name":"Jardins de Rosa Luxemburg","nameAddon":null,"objectNumber":"barcelona:osm:way:260086409","district":"Horta-Guinardó","locality":null,"type":"Park","areaM2":13348,"areaHa":1.33,"designation":null,"dedicated":null,"builtYear":null,"renovatedYear":null,"planningAreaId":null,"planningAreaName":null,"centroid":[2.152588,41.432132],"bounds":[2.1516,41.43117,2.15353,41.43308],"amenities":{"playground":{"status":"observed-nearby","count":2,"nearestMeters":0,"coverage":"community-mapped-observations"},"toilet":{"status":"not-observed","count":0,"nearestMeters":null,"coverage":"community-mapped-observations"},"drinkingFountain":{"status":"observed-nearby","count":3,"nearestMeters":0,"coverage":"community-mapped-observations"},"dogRun":{"status":"not-observed","count":0,"nearestMeters":null,"coverage":"community-mapped-observations"}},"sourceId":"parks"}},{"type":"Feature","id":"barcelona:osm:way:260087899","geometry":{"type":"Polygon","coordinates":[[[2.16212911,41.4229374],[2.16228995,41.4225674],[2.16228848,41.42298534],[2.16212911,41.4229374]]]},"properties":{"id":"barcelona:osm:way:260087899","name":"Parc sense nom 260087899","nameAddon":null,"objectNumber":"barcelona:osm:way:260087899","district":"Horta-Guinardó","locality":null,"type":"Park","areaM2":309.7,"areaHa":0.03,"designation":null,"dedicated":null,"builtYear":null,"renovatedYear":null,"planningAreaId":null,"planningAreaName":null,"centroid":[2.162236,41.42283],"bounds":[2.16213,41.42257,2.16229,41.42299],"amenities":{"playground":{"status":"not-observed","count":0,"nearestMeters":null,"coverage":"community-mapped-observations"},"toilet":{"status":"not-observed","count":0,"nearestMeters":null,"coverage":"community-mapped-observations"},"drinkingFountain":{"status":"not-observed","count":0,"nearestMeters":null,"coverage":"community-mapped-observations"},"dogRun":{"status":"not-observed","count":0,"nearestMeters":null,"coverage":"community-mapped-observations"}},"sourceId":"parks"}},{"type":"Feature","id":"barcelona:osm:way:260088793","geometry":{"type":"Polygon","coordinates":[[[2.17116591,41.41863126],[2.17119837,41.41857427],[2.17170599,41.41841686],[2.17181962,41.41847386],[2.17211917,41.41889814],[2.17210737,41.41897775],[2.17156581,41.41923648],[2.17116591,41.41863126]]]},"properties":{"id":"barcelona:osm:way:260088793","name":"Plaça del Nen de la Rutlla","nameAddon":null,"objectNumber":"barcelona:osm:way:260088793","district":"Horta-Guinardó","locality":null,"type":"Park","areaM2":4252.2,"areaHa":0.43,"designation":null,"dedicated":null,"builtYear":null,"renovatedYear":null,"planningAreaId":null,"planningAreaName":null,"centroid":[2.171651,41.418802],"bounds":[2.17117,41.41842,2.17212,41.41924],"amenities":{"playground":{"status":"observed-nearby","count":3,"nearestMeters":12,"coverage":"community-mapped-observations"},"toilet":{"status":"not-observed","count":0,"nearestMeters":null,"coverage":"community-mapped-observations"},"drinkingFountain":{"status":"observed-nearby","count":5,"nearestMeters":0,"coverage":"community-mapped-observations"},"dogRun":{"status":"not-observed","count":0,"nearestMeters":null,"coverage":"community-mapped-observations"}},"sourceId":"parks"}},{"type":"Feature","id":"barcelona:osm:way:260307187","geometry":{"type":"Polygon","coordinates":[[[2.17147137,41.40150896],[2.17157319,41.40143116],[2.17180339,41.40160304],[2.17202916,41.40144111],[2.17226821,41.40162294],[2.17180191,41.40197847],[2.17157909,41.40181111],[2.1717237,41.40170165],[2.17147137,41.40150896]]]},"properties":{"id":"barcelona:osm:way:260307187","name":"Jardins de Beatriu de Provença (Myrurgia)","nameAddon":null,"objectNumber":"barcelona:osm:way:260307187","district":"l'Eixample","locality":null,"type":"Park","areaM2":1901.3,"areaHa":0.19,"designation":null,"dedicated":null,"builtYear":null,"renovatedYear":null,"planningAreaId":null,"planningAreaName":null,"centroid":[2.171871,41.401681],"bounds":[2.17147,41.40143,2.17227,41.40198],"amenities":{"playground":{"status":"observed-nearby","count":1,"nearestMeters":0,"coverage":"community-mapped-observations"},"toilet":{"status":"not-observed","count":0,"nearestMeters":null,"coverage":"community-mapped-observations"},"drinkingFountain":{"status":"observed-nearby","count":3,"nearestMeters":0,"coverage":"community-mapped-observations"},"dogRun":{"status":"not-observed","count":0,"nearestMeters":null,"coverage":"community-mapped-observations"}},"sourceId":"parks"}},{"type":"Feature","id":"barcelona:osm:way:260307884","geometry":{"type":"Polygon","coordinates":[[[2.16837548,41.40452144],[2.16874734,41.40411797],[2.16890671,41.40383933],[2.16898197,41.40388457],[2.1688285,41.40412611],[2.16936416,41.40454587],[2.16888605,41.40491677],[2.16849058,41.4046101],[2.16837548,41.40452144]]]},"properties":{"id":"barcelona:osm:way:260307884","name":"Jardins d'Antoni Puigvert","nameAddon":null,"objectNumber":"barcelona:osm:way:260307884","district":"Gràcia","locality":null,"type":"Park","areaM2":4010.8,"areaHa":0.4,"designation":null,"dedicated":null,"builtYear":null,"renovatedYear":null,"planningAreaId":null,"planningAreaName":null,"centroid":[2.168857,41.404484],"bounds":[2.16838,41.40384,2.16936,41.40492],"amenities":{"playground":{"status":"observed-nearby","count":1,"nearestMeters":0,"coverage":"community-mapped-observations"},"toilet":{"status":"not-observed","count":0,"nearestMeters":null,"coverage":"community-mapped-observations"},"drinkingFountain":{"status":"observed-nearby","count":2,"nearestMeters":0,"coverage":"community-mapped-observations"},"dogRun":{"status":"not-observed","count":0,"nearestMeters":null,"coverage":"community-mapped-observations"}},"sourceId":"parks"}},{"type":"Feature","id":"barcelona:osm:way:261370744","geometry":{"type":"Polygon","coordinates":[[[2.13857498,41.37104306],[2.13881108,41.37055907],[2.13913572,41.37073458],[2.13895274,41.37109644],[2.1390885,41.37113534],[2.13906637,41.37117876],[2.13857498,41.37104306]]]},"properties":{"id":"barcelona:osm:way:261370744","name":"Plaça de Cal Muns","nameAddon":null,"objectNumber":"barcelona:osm:way:261370744","district":"Sants-Montjuïc","locality":null,"type":"Park","areaM2":1748.2,"areaHa":0.17,"designation":null,"dedicated":null,"builtYear":null,"renovatedYear":null,"planningAreaId":null,"planningAreaName":null,"centroid":[2.138864,41.370877],"bounds":[2.13857,41.37056,2.13914,41.37118],"amenities":{"playground":{"status":"not-observed","count":0,"nearestMeters":null,"coverage":"community-mapped-observations"},"toilet":{"status":"not-observed","count":0,"nearestMeters":null,"coverage":"community-mapped-observations"},"drinkingFountain":{"status":"observed-nearby","count":1,"nearestMeters":19,"coverage":"community-mapped-observations"},"dogRun":{"status":"not-observed","count":0,"nearestMeters":null,"coverage":"community-mapped-observations"}},"sourceId":"parks"}},{"type":"Feature","id":"barcelona:osm:way:261564253","geometry":{"type":"Polygon","coordinates":[[[2.11395987,41.40203727],[2.11407497,41.40190519],[2.11442765,41.4020816],[2.1146062,41.40206079],[2.11514924,41.4026072],[2.11531894,41.40302424],[2.11474639,41.40333183],[2.11422254,41.40235752],[2.11412957,41.40225982],[2.11395987,41.40203727]]]},"properties":{"id":"barcelona:osm:way:261564253","name":"Jardins de Can Sentmenat","nameAddon":null,"objectNumber":"barcelona:osm:way:261564253","district":"Sarrià - Sant Gervasi","locality":null,"type":"Park","areaM2":7807.5,"areaHa":0.78,"designation":null,"dedicated":null,"builtYear":null,"renovatedYear":null,"planningAreaId":null,"planningAreaName":null,"centroid":[2.114687,41.402614],"bounds":[2.11396,41.40191,2.11532,41.40333],"amenities":{"playground":{"status":"observed-nearby","count":2,"nearestMeters":0,"coverage":"community-mapped-observations"},"toilet":{"status":"not-observed","count":0,"nearestMeters":null,"coverage":"community-mapped-observations"},"drinkingFountain":{"status":"observed-nearby","count":2,"nearestMeters":0,"coverage":"community-mapped-observations"},"dogRun":{"status":"not-observed","count":0,"nearestMeters":null,"coverage":"community-mapped-observations"}},"sourceId":"parks"}},{"type":"Feature","id":"barcelona:osm:way:262055440","geometry":{"type":"Polygon","coordinates":[[[2.17290126,41.4297666],[2.1732864,41.42975394],[2.17330411,41.43033291],[2.17292044,41.43034105],[2.17290274,41.42980007],[2.17290126,41.4297666]]]},"properties":{"id":"barcelona:osm:way:262055440","name":"Parc sense nom 262055440","nameAddon":null,"objectNumber":"barcelona:osm:way:262055440","district":"Nou Barris","locality":null,"type":"Park","areaM2":2061,"areaHa":0.21,"designation":null,"dedicated":null,"builtYear":null,"renovatedYear":null,"planningAreaId":null,"planningAreaName":null,"centroid":[2.173103,41.430048],"bounds":[2.1729,41.42975,2.1733,41.43034],"amenities":{"playground":{"status":"observed-nearby","count":2,"nearestMeters":0,"coverage":"community-mapped-observations"},"toilet":{"status":"not-observed","count":0,"nearestMeters":null,"coverage":"community-mapped-observations"},"drinkingFountain":{"status":"observed-nearby","count":3,"nearestMeters":0,"coverage":"community-mapped-observations"},"dogRun":{"status":"not-observed","count":0,"nearestMeters":null,"coverage":"community-mapped-observations"}},"sourceId":"parks"}},{"type":"Feature","id":"barcelona:osm:way:262218050","geometry":{"type":"Polygon","coordinates":[[[2.13448009,41.37417315],[2.13465274,41.37419577],[2.13460994,41.37430342],[2.13448009,41.37417315]]]},"properties":{"id":"barcelona:osm:way:262218050","name":"Plaça de l'Ex-Cavadora","nameAddon":null,"objectNumber":"barcelona:osm:way:262218050","district":"Sants-Montjuïc","locality":null,"type":"Park","areaM2":98,"areaHa":0.01,"designation":null,"dedicated":null,"builtYear":null,"renovatedYear":null,"planningAreaId":null,"planningAreaName":null,"centroid":[2.134581,41.374224],"bounds":[2.13448,41.37417,2.13465,41.3743],"amenities":{"playground":{"status":"not-observed","count":0,"nearestMeters":null,"coverage":"community-mapped-observations"},"toilet":{"status":"not-observed","count":0,"nearestMeters":null,"coverage":"community-mapped-observations"},"drinkingFountain":{"status":"observed-nearby","count":1,"nearestMeters":16,"coverage":"community-mapped-observations"},"dogRun":{"status":"not-observed","count":0,"nearestMeters":null,"coverage":"community-mapped-observations"}},"sourceId":"parks"}},{"type":"Feature","id":"barcelona:osm:way:262448455","geometry":{"type":"Polygon","coordinates":[[[2.13853071,41.4304478],[2.13858974,41.4302922],[2.138786,41.43025963],[2.13890405,41.43034286],[2.1389616,41.43033924],[2.13904571,41.43061245],[2.13892618,41.43064863],[2.13871664,41.43061426],[2.13853071,41.4304478]]]},"properties":{"id":"barcelona:osm:way:262448455","name":"Plaça del Cargol","nameAddon":null,"objectNumber":"barcelona:osm:way:262448455","district":"Horta-Guinardó","locality":null,"type":"Park","areaM2":1371.9,"areaHa":0.14,"designation":null,"dedicated":null,"builtYear":null,"renovatedYear":null,"planningAreaId":null,"planningAreaName":null,"centroid":[2.138791,41.430458],"bounds":[2.13853,41.43026,2.13905,41.43065],"amenities":{"playground":{"status":"not-observed","count":0,"nearestMeters":null,"coverage":"community-mapped-observations"},"toilet":{"status":"not-observed","count":0,"nearestMeters":null,"coverage":"community-mapped-observations"},"drinkingFountain":{"status":"observed-nearby","count":1,"nearestMeters":0,"coverage":"community-mapped-observations"},"dogRun":{"status":"not-observed","count":0,"nearestMeters":null,"coverage":"community-mapped-observations"}},"sourceId":"parks"}},{"type":"Feature","id":"barcelona:osm:way:262758545","geometry":{"type":"Polygon","coordinates":[[[2.18200299,41.44380405],[2.1823055,41.44364122],[2.18233501,41.44367288],[2.18249733,41.44359056],[2.18267883,41.44380948],[2.18212842,41.4439497],[2.18200299,41.44380405]]]},"properties":{"id":"barcelona:osm:way:262758545","name":"Plaça dels Nou Pins","nameAddon":null,"objectNumber":"barcelona:osm:way:262758545","district":"Nou Barris","locality":null,"type":"Park","areaM2":1175.3,"areaHa":0.12,"designation":null,"dedicated":null,"builtYear":null,"renovatedYear":null,"planningAreaId":null,"planningAreaName":null,"centroid":[2.182338,41.44378],"bounds":[2.182,41.44359,2.18268,41.44395],"amenities":{"playground":{"status":"observed-nearby","count":1,"nearestMeters":0,"coverage":"community-mapped-observations"},"toilet":{"status":"not-observed","count":0,"nearestMeters":null,"coverage":"community-mapped-observations"},"drinkingFountain":{"status":"observed-nearby","count":1,"nearestMeters":0,"coverage":"community-mapped-observations"},"dogRun":{"status":"not-observed","count":0,"nearestMeters":null,"coverage":"community-mapped-observations"}},"sourceId":"parks"}},{"type":"Feature","id":"barcelona:osm:way:262758547","geometry":{"type":"Polygon","coordinates":[[[2.1830684,41.44150443],[2.18318203,41.44132531],[2.18329418,41.44140311],[2.1835229,41.44111724],[2.18424891,41.44176859],[2.18381508,41.44205446],[2.18431679,41.4428008],[2.18369702,41.44294011],[2.18316432,41.4421793],[2.18351552,41.4420228],[2.1830684,41.44150443]]]},"properties":{"id":"barcelona:osm:way:262758547","name":"Plaça Verda de la Prosperitat","nameAddon":null,"objectNumber":"barcelona:osm:way:262758547","district":"Nou Barris","locality":null,"type":"Park","areaM2":10730.9,"areaHa":1.07,"designation":null,"dedicated":null,"builtYear":null,"renovatedYear":null,"planningAreaId":null,"planningAreaName":null,"centroid":[2.183684,41.442053],"bounds":[2.18307,41.44112,2.18432,41.44294],"amenities":{"playground":{"status":"observed-nearby","count":1,"nearestMeters":0,"coverage":"community-mapped-observations"},"toilet":{"status":"not-observed","count":0,"nearestMeters":null,"coverage":"community-mapped-observations"},"drinkingFountain":{"status":"observed-nearby","count":4,"nearestMeters":0,"coverage":"community-mapped-observations"},"dogRun":{"status":"not-observed","count":0,"nearestMeters":null,"coverage":"community-mapped-observations"}},"sourceId":"parks"}},{"type":"Feature","id":"barcelona:osm:way:262835493","geometry":{"type":"Polygon","coordinates":[[[2.184789,41.44598697],[2.18538515,41.44592727],[2.1854427,41.44627827],[2.18508707,41.44623756],[2.18481703,41.44625565],[2.184789,41.44598697]]]},"properties":{"id":"barcelona:osm:way:262835493","name":"Parc sense nom 262835493","nameAddon":null,"objectNumber":"barcelona:osm:way:262835493","district":"Nou Barris","locality":null,"type":"Park","areaM2":1691.2,"areaHa":0.17,"designation":null,"dedicated":null,"builtYear":null,"renovatedYear":null,"planningAreaId":null,"planningAreaName":null,"centroid":[2.185123,41.446105],"bounds":[2.18479,41.44593,2.18544,41.44628],"amenities":{"playground":{"status":"observed-nearby","count":1,"nearestMeters":41,"coverage":"community-mapped-observations"},"toilet":{"status":"not-observed","count":0,"nearestMeters":null,"coverage":"community-mapped-observations"},"drinkingFountain":{"status":"observed-nearby","count":3,"nearestMeters":0,"coverage":"community-mapped-observations"},"dogRun":{"status":"not-observed","count":0,"nearestMeters":null,"coverage":"community-mapped-observations"}},"sourceId":"parks"}},{"type":"Feature","id":"barcelona:osm:way:262835494","geometry":{"type":"Polygon","coordinates":[[[2.18527596,41.4453311],[2.18582194,41.44522164],[2.18599164,41.44569387],[2.18542942,41.44575267],[2.18527596,41.4453311]]]},"properties":{"id":"barcelona:osm:way:262835494","name":"Plaça de Nou Barris","nameAddon":null,"objectNumber":"barcelona:osm:way:262835494","district":"Nou Barris","locality":null,"type":"Park","areaM2":2423.6,"areaHa":0.24,"designation":null,"dedicated":null,"builtYear":null,"renovatedYear":null,"planningAreaId":null,"planningAreaName":null,"centroid":[2.185635,41.445499],"bounds":[2.18528,41.44522,2.18599,41.44575],"amenities":{"playground":{"status":"observed-nearby","count":1,"nearestMeters":0,"coverage":"community-mapped-observations"},"toilet":{"status":"not-observed","count":0,"nearestMeters":null,"coverage":"community-mapped-observations"},"drinkingFountain":{"status":"observed-nearby","count":3,"nearestMeters":0,"coverage":"community-mapped-observations"},"dogRun":{"status":"observed-nearby","count":1,"nearestMeters":54,"coverage":"community-mapped-observations"}},"sourceId":"parks"}},{"type":"Feature","id":"barcelona:osm:way:262841303","geometry":{"type":"Polygon","coordinates":[[[2.18092725,41.43209698],[2.18243978,41.43061154],[2.18247962,41.43063416],[2.18233944,41.43121042],[2.18327499,41.43404288],[2.18323072,41.43409716],[2.18175509,41.4343776],[2.18167393,41.43435046],[2.18092725,41.43209698]]]},"properties":{"id":"barcelona:osm:way:262841303","name":"Parc esportiu Can Dragó","nameAddon":null,"objectNumber":"barcelona:osm:way:262841303","district":"Nou Barris","locality":null,"type":"Park","areaM2":44393.4,"areaHa":4.44,"designation":null,"dedicated":null,"builtYear":null,"renovatedYear":null,"planningAreaId":null,"planningAreaName":null,"centroid":[2.182075,41.432799],"bounds":[2.18093,41.43061,2.18327,41.43438],"amenities":{"playground":{"status":"observed-nearby","count":4,"nearestMeters":0,"coverage":"community-mapped-observations"},"toilet":{"status":"observed-nearby","count":1,"nearestMeters":43,"coverage":"community-mapped-observations"},"drinkingFountain":{"status":"observed-nearby","count":4,"nearestMeters":0,"coverage":"community-mapped-observations"},"dogRun":{"status":"observed-nearby","count":1,"nearestMeters":0,"coverage":"community-mapped-observations"}},"sourceId":"parks"}},{"type":"Feature","id":"barcelona:osm:way:263317778","geometry":{"type":"Polygon","coordinates":[[[2.12281812,41.40006423],[2.12320474,41.39970237],[2.12341428,41.39983083],[2.12302324,41.4001755],[2.12281812,41.40006423]]]},"properties":{"id":"barcelona:osm:way:263317778","name":"Placeta Angelina Alòs i Tormo","nameAddon":null,"objectNumber":"barcelona:osm:way:263317778","district":"Sarrià - Sant Gervasi","locality":null,"type":"Park","areaM2":1112.5,"areaHa":0.11,"designation":null,"dedicated":null,"builtYear":null,"renovatedYear":null,"planningAreaId":null,"planningAreaName":null,"centroid":[2.123117,41.399941],"bounds":[2.12282,41.3997,2.12341,41.40018],"amenities":{"playground":{"status":"observed-nearby","count":1,"nearestMeters":0,"coverage":"community-mapped-observations"},"toilet":{"status":"observed-nearby","count":1,"nearestMeters":39,"coverage":"community-mapped-observations"},"drinkingFountain":{"status":"not-observed","count":0,"nearestMeters":null,"coverage":"community-mapped-observations"},"dogRun":{"status":"not-observed","count":0,"nearestMeters":null,"coverage":"community-mapped-observations"}},"sourceId":"parks"}},{"type":"Feature","id":"barcelona:osm:way:263836727","geometry":{"type":"Polygon","coordinates":[[[2.13469406,41.41084313],[2.13489917,41.41055907],[2.13558682,41.40998914],[2.13649138,41.4102922],[2.13516183,41.4115171],[2.13491393,41.41137778],[2.13495819,41.41133436],[2.13478702,41.41123756],[2.13502312,41.41102497],[2.13469406,41.41084313]]]},"properties":{"id":"barcelona:osm:way:263836727","name":"Jardins de la Tamarita","nameAddon":null,"objectNumber":"barcelona:osm:way:263836727","district":"Sarrià - Sant Gervasi","locality":null,"type":"Park","areaM2":11999.4,"areaHa":1.2,"designation":null,"dedicated":null,"builtYear":null,"renovatedYear":null,"planningAreaId":null,"planningAreaName":null,"centroid":[2.135493,41.410677],"bounds":[2.13469,41.40999,2.13649,41.41152],"amenities":{"playground":{"status":"observed-nearby","count":3,"nearestMeters":0,"coverage":"community-mapped-observations"},"toilet":{"status":"not-observed","count":0,"nearestMeters":null,"coverage":"community-mapped-observations"},"drinkingFountain":{"status":"observed-nearby","count":2,"nearestMeters":0,"coverage":"community-mapped-observations"},"dogRun":{"status":"not-observed","count":0,"nearestMeters":null,"coverage":"community-mapped-observations"}},"sourceId":"parks"}},{"type":"Feature","id":"barcelona:osm:way:264212931","geometry":{"type":"Polygon","coordinates":[[[2.12105326,41.39951239],[2.12113,41.39943278],[2.12137348,41.39951873],[2.12132035,41.3996101],[2.1212628,41.39958205],[2.12105326,41.39951239]]]},"properties":{"id":"barcelona:osm:way:264212931","name":"Placeta del Roser","nameAddon":null,"objectNumber":"barcelona:osm:way:264212931","district":"Sarrià - Sant Gervasi","locality":null,"type":"Park","areaM2":252.3,"areaHa":0.03,"designation":null,"dedicated":null,"builtYear":null,"renovatedYear":null,"planningAreaId":null,"planningAreaName":null,"centroid":[2.12122,41.399518],"bounds":[2.12105,41.39943,2.12137,41.39961],"amenities":{"playground":{"status":"not-observed","count":0,"nearestMeters":null,"coverage":"community-mapped-observations"},"toilet":{"status":"observed-nearby","count":1,"nearestMeters":63,"coverage":"community-mapped-observations"},"drinkingFountain":{"status":"observed-nearby","count":3,"nearestMeters":0,"coverage":"community-mapped-observations"},"dogRun":{"status":"not-observed","count":0,"nearestMeters":null,"coverage":"community-mapped-observations"}},"sourceId":"parks"}},{"type":"Feature","id":"barcelona:osm:way:26468441","geometry":{"type":"Polygon","coordinates":[[[2.21351818,41.41089922],[2.21388562,41.41059797],[2.2141291,41.41078071],[2.21436225,41.41060612],[2.21459392,41.41077981],[2.21397415,41.41123756],[2.21351818,41.41089922]]]},"properties":{"id":"barcelona:osm:way:26468441","name":"Plaça de Diagonal Mar","nameAddon":null,"objectNumber":"barcelona:osm:way:26468441","district":"Sant Martí","locality":null,"type":"Park","areaM2":3224.1,"areaHa":0.32,"designation":null,"dedicated":null,"builtYear":null,"renovatedYear":null,"planningAreaId":null,"planningAreaName":null,"centroid":[2.214034,41.410888],"bounds":[2.21352,41.4106,2.21459,41.41124],"amenities":{"playground":{"status":"not-observed","count":0,"nearestMeters":null,"coverage":"community-mapped-observations"},"toilet":{"status":"not-observed","count":0,"nearestMeters":null,"coverage":"community-mapped-observations"},"drinkingFountain":{"status":"observed-nearby","count":3,"nearestMeters":0,"coverage":"community-mapped-observations"},"dogRun":{"status":"not-observed","count":0,"nearestMeters":null,"coverage":"community-mapped-observations"}},"sourceId":"parks"}},{"type":"Feature","id":"barcelona:osm:way:265090944","geometry":{"type":"Polygon","coordinates":[[[2.14847798,41.42770581],[2.14854144,41.42748417],[2.14869048,41.42730776],[2.14865949,41.42728876],[2.14887493,41.42712955],[2.14924532,41.42702732],[2.14922171,41.42695676],[2.14932205,41.42693414],[2.14971309,41.42690881],[2.14993739,41.4269459],[2.14986213,41.42736656],[2.14956258,41.42733671],[2.14952126,41.4275683],[2.14904906,41.427685],[2.14871261,41.42772933],[2.14853258,41.427704],[2.14847798,41.42770581]]]},"properties":{"id":"barcelona:osm:way:265090944","name":"Parc sense nom 265090944","nameAddon":null,"objectNumber":"barcelona:osm:way:265090944","district":"Horta-Guinardó","locality":null,"type":"Park","areaM2":6858.4,"areaHa":0.69,"designation":null,"dedicated":null,"builtYear":null,"renovatedYear":null,"planningAreaId":null,"planningAreaName":null,"centroid":[2.149222,41.427318],"bounds":[2.14848,41.42691,2.14994,41.42773],"amenities":{"playground":{"status":"not-observed","count":0,"nearestMeters":null,"coverage":"community-mapped-observations"},"toilet":{"status":"not-observed","count":0,"nearestMeters":null,"coverage":"community-mapped-observations"},"drinkingFountain":{"status":"observed-nearby","count":4,"nearestMeters":0,"coverage":"community-mapped-observations"},"dogRun":{"status":"not-observed","count":0,"nearestMeters":null,"coverage":"community-mapped-observations"}},"sourceId":"parks"}},{"type":"Feature","id":"barcelona:osm:way:265217768","geometry":{"type":"Polygon","coordinates":[[[2.17065091,41.43339515],[2.17209851,41.43272571],[2.17137988,41.43342772],[2.17095637,41.43370997],[2.17072765,41.43349828],[2.17065091,41.43339515]]]},"properties":{"id":"barcelona:osm:way:265217768","name":"Plaça d'Olof Palme","nameAddon":null,"objectNumber":"barcelona:osm:way:265217768","district":"Nou Barris","locality":null,"type":"Park","areaM2":3518.7,"areaHa":0.35,"designation":null,"dedicated":null,"builtYear":null,"renovatedYear":null,"planningAreaId":null,"planningAreaName":null,"centroid":[2.171261,41.433281],"bounds":[2.17065,41.43273,2.1721,41.43371],"amenities":{"playground":{"status":"observed-nearby","count":2,"nearestMeters":0,"coverage":"community-mapped-observations"},"toilet":{"status":"not-observed","count":0,"nearestMeters":null,"coverage":"community-mapped-observations"},"drinkingFountain":{"status":"observed-nearby","count":1,"nearestMeters":0,"coverage":"community-mapped-observations"},"dogRun":{"status":"not-observed","count":0,"nearestMeters":null,"coverage":"community-mapped-observations"}},"sourceId":"parks"}},{"type":"Feature","id":"barcelona:osm:way:265785541","geometry":{"type":"Polygon","coordinates":[[[2.17608864,41.42870002],[2.17627752,41.42867921],[2.17628195,41.42921024],[2.17620816,41.42921567],[2.17608864,41.42870002]]]},"properties":{"id":"barcelona:osm:way:265785541","name":"Parc sense nom 265785541","nameAddon":null,"objectNumber":"barcelona:osm:way:265785541","district":"Nou Barris","locality":null,"type":"Park","areaM2":650,"areaHa":0.07,"designation":null,"dedicated":null,"builtYear":null,"renovatedYear":null,"planningAreaId":null,"planningAreaName":null,"centroid":[2.17621,41.428913],"bounds":[2.17609,41.42868,2.17628,41.42922],"amenities":{"playground":{"status":"observed-nearby","count":2,"nearestMeters":14,"coverage":"community-mapped-observations"},"toilet":{"status":"not-observed","count":0,"nearestMeters":null,"coverage":"community-mapped-observations"},"drinkingFountain":{"status":"observed-nearby","count":1,"nearestMeters":1,"coverage":"community-mapped-observations"},"dogRun":{"status":"not-observed","count":0,"nearestMeters":null,"coverage":"community-mapped-observations"}},"sourceId":"parks"}},{"type":"Feature","id":"barcelona:osm:way:268910288","geometry":{"type":"Polygon","coordinates":[[[2.15135105,41.44038809],[2.15188966,41.439962],[2.15206231,41.43965533],[2.15455023,41.44031934],[2.15466681,41.44064321],[2.15455318,41.44084766],[2.1542374,41.4408947],[2.15386996,41.44088927],[2.15187048,41.44038357],[2.15135105,41.44038809]]]},"properties":{"id":"barcelona:osm:way:268910288","name":"Parc de Xavier Montsalvatge","nameAddon":null,"objectNumber":"barcelona:osm:way:268910288","district":"Horta-Guinardó","locality":null,"type":"Park","areaM2":19601.3,"areaHa":1.96,"designation":null,"dedicated":null,"builtYear":null,"renovatedYear":null,"planningAreaId":null,"planningAreaName":null,"centroid":[2.153132,41.440331],"bounds":[2.15135,41.43966,2.15467,41.44089],"amenities":{"playground":{"status":"observed-nearby","count":1,"nearestMeters":0,"coverage":"community-mapped-observations"},"toilet":{"status":"not-observed","count":0,"nearestMeters":null,"coverage":"community-mapped-observations"},"drinkingFountain":{"status":"observed-nearby","count":2,"nearestMeters":0,"coverage":"community-mapped-observations"},"dogRun":{"status":"not-observed","count":0,"nearestMeters":null,"coverage":"community-mapped-observations"}},"sourceId":"parks"}},{"type":"Feature","id":"barcelona:osm:way:269819903","geometry":{"type":"Polygon","coordinates":[[[2.11983439,41.40727791],[2.12017083,41.40691876],[2.12035676,41.40709155],[2.12028888,41.40716392],[2.12024314,41.40713678],[2.12013246,41.4072562],[2.12016345,41.40728695],[2.12004835,41.40742537],[2.11983439,41.40727791]]]},"properties":{"id":"barcelona:osm:way:269819903","name":"Parc sense nom 269819903","nameAddon":null,"objectNumber":"barcelona:osm:way:269819903","district":"Sarrià - Sant Gervasi","locality":null,"type":"Park","areaM2":1030.7,"areaHa":0.1,"designation":null,"dedicated":null,"builtYear":null,"renovatedYear":null,"planningAreaId":null,"planningAreaName":null,"centroid":[2.120092,41.407174],"bounds":[2.11983,41.40692,2.12036,41.40743],"amenities":{"playground":{"status":"not-observed","count":0,"nearestMeters":null,"coverage":"community-mapped-observations"},"toilet":{"status":"not-observed","count":0,"nearestMeters":null,"coverage":"community-mapped-observations"},"drinkingFountain":{"status":"not-observed","count":0,"nearestMeters":null,"coverage":"community-mapped-observations"},"dogRun":{"status":"not-observed","count":0,"nearestMeters":null,"coverage":"community-mapped-observations"}},"sourceId":"parks"}},{"type":"Feature","id":"barcelona:osm:way:269819904","geometry":{"type":"Polygon","coordinates":[[[2.12052351,41.40708974],[2.12078322,41.40686086],[2.12101047,41.40701375],[2.12105769,41.40697666],[2.12116541,41.40706079],[2.12102227,41.40706079],[2.12076699,41.40723449],[2.12063713,41.40718925],[2.12052351,41.40708974]]]},"properties":{"id":"barcelona:osm:way:269819904","name":"Jardins de Sarrià Vell","nameAddon":null,"objectNumber":"barcelona:osm:way:269819904","district":"Sarrià - Sant Gervasi","locality":null,"type":"Park","areaM2":1007.6,"areaHa":0.1,"designation":null,"dedicated":null,"builtYear":null,"renovatedYear":null,"planningAreaId":null,"planningAreaName":null,"centroid":[2.120796,41.407056],"bounds":[2.12052,41.40686,2.12117,41.40723],"amenities":{"playground":{"status":"not-observed","count":0,"nearestMeters":null,"coverage":"community-mapped-observations"},"toilet":{"status":"not-observed","count":0,"nearestMeters":null,"coverage":"community-mapped-observations"},"drinkingFountain":{"status":"not-observed","count":0,"nearestMeters":null,"coverage":"community-mapped-observations"},"dogRun":{"status":"not-observed","count":0,"nearestMeters":null,"coverage":"community-mapped-observations"}},"sourceId":"parks"}},{"type":"Feature","id":"barcelona:osm:way:269863333","geometry":{"type":"Polygon","coordinates":[[[2.11817429,41.40889814],[2.11854763,41.40851999],[2.11865388,41.40847386],[2.11869667,41.40792202],[2.11879406,41.40773295],[2.11921314,41.40745703],[2.11943596,41.40755654],[2.11948171,41.40784151],[2.11925741,41.40791659],[2.11912313,41.40800887],[2.11878521,41.40850823],[2.11829972,41.40899493],[2.11821266,41.40892799],[2.11817429,41.40889814]]]},"properties":{"id":"barcelona:osm:way:269863333","name":"Parc sense nom 269863333","nameAddon":null,"objectNumber":"barcelona:osm:way:269863333","district":"Sarrià - Sant Gervasi","locality":null,"type":"Park","areaM2":4851.7,"areaHa":0.49,"designation":null,"dedicated":null,"builtYear":null,"renovatedYear":null,"planningAreaId":null,"planningAreaName":null,"centroid":[2.118909,41.408072],"bounds":[2.11817,41.40746,2.11948,41.40899],"amenities":{"playground":{"status":"not-observed","count":0,"nearestMeters":null,"coverage":"community-mapped-observations"},"toilet":{"status":"not-observed","count":0,"nearestMeters":null,"coverage":"community-mapped-observations"},"drinkingFountain":{"status":"not-observed","count":0,"nearestMeters":null,"coverage":"community-mapped-observations"},"dogRun":{"status":"not-observed","count":0,"nearestMeters":null,"coverage":"community-mapped-observations"}},"sourceId":"parks"}},{"type":"Feature","id":"barcelona:osm:way:276208165","geometry":{"type":"Polygon","coordinates":[[[2.14728419,41.40698118],[2.14770475,41.40664375],[2.14801611,41.40680206],[2.14757489,41.40722906],[2.14728419,41.40698118]]]},"properties":{"id":"barcelona:osm:way:276208165","name":"Plaça de Ventura Gassol","nameAddon":null,"objectNumber":"barcelona:osm:way:276208165","district":"Sarrià - Sant Gervasi","locality":null,"type":"Park","areaM2":1882.1,"areaHa":0.19,"designation":null,"dedicated":null,"builtYear":null,"renovatedYear":null,"planningAreaId":null,"planningAreaName":null,"centroid":[2.147643,41.406921],"bounds":[2.14728,41.40664,2.14802,41.40723],"amenities":{"playground":{"status":"observed-nearby","count":1,"nearestMeters":0,"coverage":"community-mapped-observations"},"toilet":{"status":"not-observed","count":0,"nearestMeters":null,"coverage":"community-mapped-observations"},"drinkingFountain":{"status":"not-observed","count":0,"nearestMeters":null,"coverage":"community-mapped-observations"},"dogRun":{"status":"observed-nearby","count":1,"nearestMeters":0,"coverage":"community-mapped-observations"}},"sourceId":"parks"}},{"type":"Feature","id":"barcelona:osm:way:279784826","geometry":{"type":"Polygon","coordinates":[[[2.13848349,41.35946988],[2.13887158,41.35891623],[2.13853957,41.35878958],[2.13859712,41.35869821],[2.13893651,41.35882305],[2.13941019,41.35818346],[2.1394825,41.35821422],[2.13940872,41.35831826],[2.13972598,41.35844581],[2.13975992,41.35853356],[2.1388583,41.35972046],[2.13880518,41.35969513],[2.13848349,41.35946988]]]},"properties":{"id":"barcelona:osm:way:279784826","name":"Jardins de Sant Cristòfol","nameAddon":null,"objectNumber":"barcelona:osm:way:279784826","district":"Sants-Montjuïc","locality":null,"type":"Park","areaM2":7100.3,"areaHa":0.71,"designation":null,"dedicated":null,"builtYear":null,"renovatedYear":null,"planningAreaId":null,"planningAreaName":null,"centroid":[2.139107,41.358965],"bounds":[2.13848,41.35818,2.13976,41.35972],"amenities":{"playground":{"status":"observed-nearby","count":1,"nearestMeters":64,"coverage":"community-mapped-observations"},"toilet":{"status":"not-observed","count":0,"nearestMeters":null,"coverage":"community-mapped-observations"},"drinkingFountain":{"status":"observed-nearby","count":2,"nearestMeters":0,"coverage":"community-mapped-observations"},"dogRun":{"status":"not-observed","count":0,"nearestMeters":null,"coverage":"community-mapped-observations"}},"sourceId":"parks"}},{"type":"Feature","id":"barcelona:osm:way:281273361","geometry":{"type":"Polygon","coordinates":[[[2.13951054,41.36316899],[2.13957251,41.36260177],[2.14010079,41.36262891],[2.13972008,41.36319703],[2.13951054,41.36316899]]]},"properties":{"id":"barcelona:osm:way:281273361","name":"Plaça de Teresa Claramunt","nameAddon":null,"objectNumber":"barcelona:osm:way:281273361","district":"Sants-Montjuïc","locality":null,"type":"Park","areaM2":2002.9,"areaHa":0.2,"designation":null,"dedicated":null,"builtYear":null,"renovatedYear":null,"planningAreaId":null,"planningAreaName":null,"centroid":[2.139743,41.36286],"bounds":[2.13951,41.3626,2.1401,41.3632],"amenities":{"playground":{"status":"observed-nearby","count":2,"nearestMeters":0,"coverage":"community-mapped-observations"},"toilet":{"status":"not-observed","count":0,"nearestMeters":null,"coverage":"community-mapped-observations"},"drinkingFountain":{"status":"observed-nearby","count":1,"nearestMeters":55,"coverage":"community-mapped-observations"},"dogRun":{"status":"not-observed","count":0,"nearestMeters":null,"coverage":"community-mapped-observations"}},"sourceId":"parks"}},{"type":"Feature","id":"barcelona:osm:way:283775308","geometry":{"type":"Polygon","coordinates":[[[2.18261981,41.42332821],[2.1829533,41.42328931],[2.18264932,41.42351185],[2.18261981,41.42332821]]]},"properties":{"id":"barcelona:osm:way:283775308","name":"Plaça dels Indians","nameAddon":null,"objectNumber":"barcelona:osm:way:283775308","district":"Sant Andreu","locality":null,"type":"Park","areaM2":291.4,"areaHa":0.03,"designation":null,"dedicated":null,"builtYear":null,"renovatedYear":null,"planningAreaId":null,"planningAreaName":null,"centroid":[2.182741,41.423376],"bounds":[2.18262,41.42329,2.18295,41.42351],"amenities":{"playground":{"status":"observed-nearby","count":1,"nearestMeters":48,"coverage":"community-mapped-observations"},"toilet":{"status":"not-observed","count":0,"nearestMeters":null,"coverage":"community-mapped-observations"},"drinkingFountain":{"status":"observed-nearby","count":2,"nearestMeters":0,"coverage":"community-mapped-observations"},"dogRun":{"status":"not-observed","count":0,"nearestMeters":null,"coverage":"community-mapped-observations"}},"sourceId":"parks"}},{"type":"Feature","id":"barcelona:osm:way:283775314","geometry":{"type":"Polygon","coordinates":[[[2.18344321,41.42318075],[2.18384311,41.42284965],[2.18390066,41.42292021],[2.18386967,41.42314185],[2.18377671,41.42315632],[2.18344321,41.42318075]]]},"properties":{"id":"barcelona:osm:way:283775314","name":"Jardins de Villa Clara","nameAddon":null,"objectNumber":"barcelona:osm:way:283775314","district":"Sant Andreu","locality":null,"type":"Park","areaM2":667.6,"areaHa":0.07,"designation":null,"dedicated":null,"builtYear":null,"renovatedYear":null,"planningAreaId":null,"planningAreaName":null,"centroid":[2.183734,41.42305],"bounds":[2.18344,41.42285,2.1839,41.42318],"amenities":{"playground":{"status":"observed-nearby","count":1,"nearestMeters":0,"coverage":"community-mapped-observations"},"toilet":{"status":"not-observed","count":0,"nearestMeters":null,"coverage":"community-mapped-observations"},"drinkingFountain":{"status":"observed-nearby","count":2,"nearestMeters":17,"coverage":"community-mapped-observations"},"dogRun":{"status":"not-observed","count":0,"nearestMeters":null,"coverage":"community-mapped-observations"}},"sourceId":"parks"}},{"type":"Feature","id":"barcelona:osm:way:284688401","geometry":{"type":"Polygon","coordinates":[[[2.14348295,41.36815813],[2.14350066,41.36810566],[2.14358182,41.36810024],[2.14393892,41.36833363],[2.14415142,41.36859146],[2.14416912,41.36874796],[2.14408059,41.36877691],[2.14372053,41.36843767],[2.14348295,41.36815813]]]},"properties":{"id":"barcelona:osm:way:284688401","name":"Parc sense nom 284688401","nameAddon":null,"objectNumber":"barcelona:osm:way:284688401","district":"Sants-Montjuïc","locality":null,"type":"Park","areaM2":1535,"areaHa":0.15,"designation":null,"dedicated":null,"builtYear":null,"renovatedYear":null,"planningAreaId":null,"planningAreaName":null,"centroid":[2.143857,41.368429],"bounds":[2.14348,41.3681,2.14417,41.36878],"amenities":{"playground":{"status":"observed-nearby","count":1,"nearestMeters":0,"coverage":"community-mapped-observations"},"toilet":{"status":"not-observed","count":0,"nearestMeters":null,"coverage":"community-mapped-observations"},"drinkingFountain":{"status":"observed-nearby","count":1,"nearestMeters":0,"coverage":"community-mapped-observations"},"dogRun":{"status":"not-observed","count":0,"nearestMeters":null,"coverage":"community-mapped-observations"}},"sourceId":"parks"}},{"type":"Feature","id":"barcelona:osm:way:287835092","geometry":{"type":"Polygon","coordinates":[[[2.05778088,41.41568572],[2.05778826,41.41553284],[2.05789008,41.41544418],[2.05790926,41.41549213],[2.0581188,41.41541523],[2.0582398,41.41543604],[2.05818815,41.41584585],[2.05833424,41.41623756],[2.05786056,41.41614529],[2.0578827,41.41592365],[2.05778088,41.41568572]]]},"properties":{"id":"barcelona:osm:way:287835092","name":"Parc sense nom 287835092","nameAddon":null,"objectNumber":"barcelona:osm:way:287835092","district":"Sarrià - Sant Gervasi","locality":null,"type":"Park","areaM2":2809.4,"areaHa":0.28,"designation":null,"dedicated":null,"builtYear":null,"renovatedYear":null,"planningAreaId":null,"planningAreaName":null,"centroid":[2.058042,41.415816],"bounds":[2.05778,41.41542,2.05833,41.41624],"amenities":{"playground":{"status":"not-observed","count":0,"nearestMeters":null,"coverage":"community-mapped-observations"},"toilet":{"status":"not-observed","count":0,"nearestMeters":null,"coverage":"community-mapped-observations"},"drinkingFountain":{"status":"not-observed","count":0,"nearestMeters":null,"coverage":"community-mapped-observations"},"dogRun":{"status":"not-observed","count":0,"nearestMeters":null,"coverage":"community-mapped-observations"}},"sourceId":"parks"}},{"type":"Feature","id":"barcelona:osm:way:288447339","geometry":{"type":"Polygon","coordinates":[[[2.20049125,41.44642663],[2.20084541,41.4458757],[2.20173374,41.44632441],[2.20140763,41.44673874],[2.20134417,41.44675593],[2.20049125,41.44642663]]]},"properties":{"id":"barcelona:osm:way:288447339","name":"Parc sense nom 288447339","nameAddon":null,"objectNumber":"barcelona:osm:way:288447339","district":"Sant Andreu","locality":null,"type":"Park","areaM2":5500.4,"areaHa":0.55,"designation":null,"dedicated":null,"builtYear":null,"renovatedYear":null,"planningAreaId":null,"planningAreaName":null,"centroid":[2.201103,41.446341],"bounds":[2.20049,41.44588,2.20173,41.44676],"amenities":{"playground":{"status":"not-observed","count":0,"nearestMeters":null,"coverage":"community-mapped-observations"},"toilet":{"status":"not-observed","count":0,"nearestMeters":null,"coverage":"community-mapped-observations"},"drinkingFountain":{"status":"observed-nearby","count":4,"nearestMeters":0,"coverage":"community-mapped-observations"},"dogRun":{"status":"not-observed","count":0,"nearestMeters":null,"coverage":"community-mapped-observations"}},"sourceId":"parks"}},{"type":"Feature","id":"barcelona:osm:way:29056779","geometry":{"type":"Polygon","coordinates":[[[2.18737136,41.42717026],[2.1902946,41.4262846],[2.19027394,41.42667813],[2.19060448,41.42666003],[2.19055726,41.42767143],[2.19045397,41.42767053],[2.19043921,41.42763434],[2.18939741,41.42777999],[2.18888832,41.42790121],[2.18886618,41.42786231],[2.18821543,41.42806586],[2.18830839,41.4282287],[2.18797637,41.42832911],[2.18737136,41.42717026]]]},"properties":{"id":"barcelona:osm:way:29056779","name":"Parc de la Pegaso","nameAddon":null,"objectNumber":"barcelona:osm:way:29056779","district":"Sant Andreu","locality":null,"type":"Park","areaM2":33448.5,"areaHa":3.34,"designation":null,"dedicated":null,"builtYear":null,"renovatedYear":null,"planningAreaId":null,"planningAreaName":null,"centroid":[2.189096,41.427274],"bounds":[2.18737,41.42628,2.1906,41.42833],"amenities":{"playground":{"status":"observed-nearby","count":3,"nearestMeters":0,"coverage":"community-mapped-observations"},"toilet":{"status":"observed-nearby","count":1,"nearestMeters":0,"coverage":"community-mapped-observations"},"drinkingFountain":{"status":"observed-nearby","count":6,"nearestMeters":0,"coverage":"community-mapped-observations"},"dogRun":{"status":"observed-nearby","count":1,"nearestMeters":0,"coverage":"community-mapped-observations"}},"sourceId":"parks"}},{"type":"Feature","id":"barcelona:osm:way:29108139","geometry":{"type":"Polygon","coordinates":[[[2.17499076,41.39487064],[2.17501142,41.39471775],[2.17513095,41.39457662],[2.17531098,41.39449159],[2.17558692,41.39447621],[2.17575367,41.39451873],[2.17600453,41.39467523],[2.17610192,41.39492491],[2.17607536,41.39508413],[2.17589238,41.39524426],[2.17574334,41.39529582],[2.17552347,41.39530125],[2.17517227,41.39517279],[2.17499076,41.39487064]]]},"properties":{"id":"barcelona:osm:way:29108139","name":"Jardins del Doctor Robert","nameAddon":null,"objectNumber":"barcelona:osm:way:29108139","district":"l'Eixample","locality":null,"type":"Park","areaM2":6748.8,"areaHa":0.67,"designation":null,"dedicated":null,"builtYear":null,"renovatedYear":null,"planningAreaId":null,"planningAreaName":null,"centroid":[2.17555,41.394887],"bounds":[2.17499,41.39448,2.1761,41.3953],"amenities":{"playground":{"status":"observed-nearby","count":3,"nearestMeters":0,"coverage":"community-mapped-observations"},"toilet":{"status":"not-observed","count":0,"nearestMeters":null,"coverage":"community-mapped-observations"},"drinkingFountain":{"status":"observed-nearby","count":2,"nearestMeters":0,"coverage":"community-mapped-observations"},"dogRun":{"status":"not-observed","count":0,"nearestMeters":null,"coverage":"community-mapped-observations"}},"sourceId":"parks"}},{"type":"Feature","id":"barcelona:osm:way:291154253","geometry":{"type":"Polygon","coordinates":[[[2.16752846,41.41147096],[2.16778523,41.41129546],[2.16817037,41.4114791],[2.16806412,41.41159128],[2.16752846,41.41147096]]]},"properties":{"id":"barcelona:osm:way:291154253","name":"Parc sense nom 291154253","nameAddon":null,"objectNumber":"barcelona:osm:way:291154253","district":"Horta-Guinardó","locality":null,"type":"Park","areaM2":869.6,"areaHa":0.09,"designation":null,"dedicated":null,"builtYear":null,"renovatedYear":null,"planningAreaId":null,"planningAreaName":null,"centroid":[2.167864,41.411453],"bounds":[2.16753,41.4113,2.16817,41.41159],"amenities":{"playground":{"status":"observed-nearby","count":1,"nearestMeters":51,"coverage":"community-mapped-observations"},"toilet":{"status":"not-observed","count":0,"nearestMeters":null,"coverage":"community-mapped-observations"},"drinkingFountain":{"status":"observed-nearby","count":1,"nearestMeters":0,"coverage":"community-mapped-observations"},"dogRun":{"status":"not-observed","count":0,"nearestMeters":null,"coverage":"community-mapped-observations"}},"sourceId":"parks"}},{"type":"Feature","id":"barcelona:osm:way:296621279","geometry":{"type":"Polygon","coordinates":[[[2.144873,41.39860322],[2.14535258,41.39819703],[2.14555622,41.39834178],[2.14563148,41.39827936],[2.14593546,41.39848019],[2.14538357,41.39895422],[2.144873,41.39860322]]]},"properties":{"id":"barcelona:osm:way:296621279","name":"Jardins de Moragas","nameAddon":null,"objectNumber":"barcelona:osm:way:296621279","district":"Sarrià - Sant Gervasi","locality":null,"type":"Park","areaM2":3782.3,"areaHa":0.38,"designation":null,"dedicated":null,"builtYear":null,"renovatedYear":null,"planningAreaId":null,"planningAreaName":null,"centroid":[2.145398,41.398562],"bounds":[2.14487,41.3982,2.14594,41.39895],"amenities":{"playground":{"status":"observed-nearby","count":1,"nearestMeters":0,"coverage":"community-mapped-observations"},"toilet":{"status":"not-observed","count":0,"nearestMeters":null,"coverage":"community-mapped-observations"},"drinkingFountain":{"status":"observed-nearby","count":2,"nearestMeters":0,"coverage":"community-mapped-observations"},"dogRun":{"status":"not-observed","count":0,"nearestMeters":null,"coverage":"community-mapped-observations"}},"sourceId":"parks"}},{"type":"Feature","id":"barcelona:osm:way:296728115","geometry":{"type":"Polygon","coordinates":[[[2.20199936,41.41649991],[2.2024509,41.41615705],[2.2027357,41.41637054],[2.20228563,41.41671341],[2.20199936,41.41649991]]]},"properties":{"id":"barcelona:osm:way:296728115","name":"Jardins d'Ana Figuera","nameAddon":null,"objectNumber":"barcelona:osm:way:296728115","district":"Sant Martí","locality":null,"type":"Park","areaM2":1799.3,"areaHa":0.18,"designation":null,"dedicated":null,"builtYear":null,"renovatedYear":null,"planningAreaId":null,"planningAreaName":null,"centroid":[2.202368,41.416435],"bounds":[2.202,41.41616,2.20274,41.41671],"amenities":{"playground":{"status":"observed-nearby","count":2,"nearestMeters":0,"coverage":"community-mapped-observations"},"toilet":{"status":"not-observed","count":0,"nearestMeters":null,"coverage":"community-mapped-observations"},"drinkingFountain":{"status":"observed-nearby","count":3,"nearestMeters":0,"coverage":"community-mapped-observations"},"dogRun":{"status":"not-observed","count":0,"nearestMeters":null,"coverage":"community-mapped-observations"}},"sourceId":"parks"}},{"type":"Feature","id":"barcelona:osm:way:296733308","geometry":{"type":"Polygon","coordinates":[[[2.20393982,41.41964447],[2.20479569,41.41900579],[2.20502294,41.41900489],[2.20585667,41.41965081],[2.20488423,41.42036729],[2.20393982,41.41964447]]]},"properties":{"id":"barcelona:osm:way:296733308","name":"Plaça de la Palmera de Sant Martí","nameAddon":null,"objectNumber":"barcelona:osm:way:296733308","district":"Sant Martí","locality":null,"type":"Park","areaM2":12796.2,"areaHa":1.28,"designation":null,"dedicated":null,"builtYear":null,"renovatedYear":null,"planningAreaId":null,"planningAreaName":null,"centroid":[2.204898,41.419649],"bounds":[2.20394,41.419,2.20586,41.42037],"amenities":{"playground":{"status":"observed-nearby","count":4,"nearestMeters":0,"coverage":"community-mapped-observations"},"toilet":{"status":"not-observed","count":0,"nearestMeters":null,"coverage":"community-mapped-observations"},"drinkingFountain":{"status":"observed-nearby","count":3,"nearestMeters":0,"coverage":"community-mapped-observations"},"dogRun":{"status":"not-observed","count":0,"nearestMeters":null,"coverage":"community-mapped-observations"}},"sourceId":"parks"}},{"type":"Feature","id":"barcelona:osm:way:296733311","geometry":{"type":"Polygon","coordinates":[[[2.19621633,41.41518003],[2.19660295,41.41488692],[2.19707368,41.41523792],[2.19666788,41.41551384],[2.1962606,41.41521259],[2.19621633,41.41518003]]]},"properties":{"id":"barcelona:osm:way:296733311","name":"Plaça de Mercè Capsir","nameAddon":null,"objectNumber":"barcelona:osm:way:296733311","district":"Sant Martí","locality":null,"type":"Park","areaM2":2533.3,"areaHa":0.25,"designation":null,"dedicated":null,"builtYear":null,"renovatedYear":null,"planningAreaId":null,"planningAreaName":null,"centroid":[2.196642,41.415203],"bounds":[2.19622,41.41489,2.19707,41.41551],"amenities":{"playground":{"status":"observed-nearby","count":1,"nearestMeters":0,"coverage":"community-mapped-observations"},"toilet":{"status":"not-observed","count":0,"nearestMeters":null,"coverage":"community-mapped-observations"},"drinkingFountain":{"status":"observed-nearby","count":3,"nearestMeters":0,"coverage":"community-mapped-observations"},"dogRun":{"status":"not-observed","count":0,"nearestMeters":null,"coverage":"community-mapped-observations"}},"sourceId":"parks"}},{"type":"Feature","id":"barcelona:osm:way:296733312","geometry":{"type":"Polygon","coordinates":[[[2.19749866,41.41639949],[2.19795021,41.41602135],[2.1984593,41.4164013],[2.19830141,41.41631536],[2.19779231,41.41662023],[2.19749866,41.41639949]]]},"properties":{"id":"barcelona:osm:way:296733312","name":"Plaça de Soledad Gustavo","nameAddon":null,"objectNumber":"barcelona:osm:way:296733312","district":"Sant Martí","locality":null,"type":"Park","areaM2":2350.3,"areaHa":0.24,"designation":null,"dedicated":null,"builtYear":null,"renovatedYear":null,"planningAreaId":null,"planningAreaName":null,"centroid":[2.197906,41.416329],"bounds":[2.1975,41.41602,2.19846,41.41662],"amenities":{"playground":{"status":"not-observed","count":0,"nearestMeters":null,"coverage":"community-mapped-observations"},"toilet":{"status":"observed-nearby","count":1,"nearestMeters":21,"coverage":"community-mapped-observations"},"drinkingFountain":{"status":"observed-nearby","count":2,"nearestMeters":36,"coverage":"community-mapped-observations"},"dogRun":{"status":"not-observed","count":0,"nearestMeters":null,"coverage":"community-mapped-observations"}},"sourceId":"parks"}},{"type":"Feature","id":"barcelona:osm:way:296803847","geometry":{"type":"Polygon","coordinates":[[[2.1595674,41.41546499],[2.15973857,41.41545052],[2.16008092,41.41567668],[2.15983597,41.41586213],[2.15974595,41.415797],[2.15958658,41.41556541],[2.1595674,41.41546499]]]},"properties":{"id":"barcelona:osm:way:296803847","name":"Parc sense nom 296803847","nameAddon":null,"objectNumber":"barcelona:osm:way:296803847","district":"Horta-Guinardó","locality":null,"type":"Park","areaM2":1040,"areaHa":0.1,"designation":null,"dedicated":null,"builtYear":null,"renovatedYear":null,"planningAreaId":null,"planningAreaName":null,"centroid":[2.159802,41.415641],"bounds":[2.15957,41.41545,2.16008,41.41586],"amenities":{"playground":{"status":"observed-nearby","count":2,"nearestMeters":0,"coverage":"community-mapped-observations"},"toilet":{"status":"not-observed","count":0,"nearestMeters":null,"coverage":"community-mapped-observations"},"drinkingFountain":{"status":"observed-nearby","count":2,"nearestMeters":7,"coverage":"community-mapped-observations"},"dogRun":{"status":"not-observed","count":0,"nearestMeters":null,"coverage":"community-mapped-observations"}},"sourceId":"parks"}},{"type":"Feature","id":"barcelona:osm:way:296835349","geometry":{"type":"Polygon","coordinates":[[[2.15358517,41.40795911],[2.15408836,41.40740456],[2.15445432,41.40759363],[2.1538316,41.40830016],[2.15360878,41.40822598],[2.15375044,41.40803329],[2.15358517,41.40795911]]]},"properties":{"id":"barcelona:osm:way:296835349","name":"Jardins del Mestre Balcells","nameAddon":null,"objectNumber":"barcelona:osm:way:296835349","district":"Gràcia","locality":null,"type":"Park","areaM2":3253.3,"areaHa":0.33,"designation":null,"dedicated":null,"builtYear":null,"renovatedYear":null,"planningAreaId":null,"planningAreaName":null,"centroid":[2.153989,41.407834],"bounds":[2.15359,41.4074,2.15445,41.4083],"amenities":{"playground":{"status":"observed-nearby","count":1,"nearestMeters":0,"coverage":"community-mapped-observations"},"toilet":{"status":"not-observed","count":0,"nearestMeters":null,"coverage":"community-mapped-observations"},"drinkingFountain":{"status":"observed-nearby","count":1,"nearestMeters":0,"coverage":"community-mapped-observations"},"dogRun":{"status":"observed-nearby","count":1,"nearestMeters":0,"coverage":"community-mapped-observations"}},"sourceId":"parks"}},{"type":"Feature","id":"barcelona:osm:way:297090444","geometry":{"type":"Polygon","coordinates":[[[2.18106006,41.42720825],[2.18218745,41.42714673],[2.18219187,41.42740546],[2.18107777,41.42745612],[2.18106006,41.42720825]]]},"properties":{"id":"barcelona:osm:way:297090444","name":"Jardins de Vèliia","nameAddon":null,"objectNumber":"barcelona:osm:way:297090444","district":"Sant Andreu","locality":null,"type":"Park","areaM2":2729.1,"areaHa":0.27,"designation":null,"dedicated":null,"builtYear":null,"renovatedYear":null,"planningAreaId":null,"planningAreaName":null,"centroid":[2.181633,41.427304],"bounds":[2.18106,41.42715,2.18219,41.42746],"amenities":{"playground":{"status":"observed-nearby","count":2,"nearestMeters":0,"coverage":"community-mapped-observations"},"toilet":{"status":"not-observed","count":0,"nearestMeters":null,"coverage":"community-mapped-observations"},"drinkingFountain":{"status":"observed-nearby","count":1,"nearestMeters":0,"coverage":"community-mapped-observations"},"dogRun":{"status":"not-observed","count":0,"nearestMeters":null,"coverage":"community-mapped-observations"}},"sourceId":"parks"}},{"type":"Feature","id":"barcelona:osm:way:297192680","geometry":{"type":"Polygon","coordinates":[[[2.18058343,41.41756649],[2.18102907,41.41783155],[2.1806882,41.41814004],[2.18059671,41.41785869],[2.18058343,41.41756649]]]},"properties":{"id":"barcelona:osm:way:297192680","name":"Parc sense nom 297192680","nameAddon":null,"objectNumber":"barcelona:osm:way:297192680","district":"Sant Andreu","locality":null,"type":"Park","areaM2":1257.9,"areaHa":0.13,"designation":null,"dedicated":null,"builtYear":null,"renovatedYear":null,"planningAreaId":null,"planningAreaName":null,"centroid":[2.180754,41.417847],"bounds":[2.18058,41.41757,2.18103,41.41814],"amenities":{"playground":{"status":"observed-nearby","count":1,"nearestMeters":0,"coverage":"community-mapped-observations"},"toilet":{"status":"not-observed","count":0,"nearestMeters":null,"coverage":"community-mapped-observations"},"drinkingFountain":{"status":"observed-nearby","count":1,"nearestMeters":0,"coverage":"community-mapped-observations"},"dogRun":{"status":"not-observed","count":0,"nearestMeters":null,"coverage":"community-mapped-observations"}},"sourceId":"parks"}},{"type":"Feature","id":"barcelona:osm:way:303007613","geometry":{"type":"Polygon","coordinates":[[[2.14852963,41.38313914],[2.14861079,41.38305862],[2.14920695,41.3833264],[2.14902102,41.38350371],[2.14852963,41.38313914]]]},"properties":{"id":"barcelona:osm:way:303007613","name":"Parc sense nom 303007613","nameAddon":null,"objectNumber":"barcelona:osm:way:303007613","district":"l'Eixample","locality":null,"type":"Park","areaM2":1042.6,"areaHa":0.1,"designation":null,"dedicated":null,"builtYear":null,"renovatedYear":null,"planningAreaId":null,"planningAreaName":null,"centroid":[2.148877,41.383277],"bounds":[2.14853,41.38306,2.14921,41.3835],"amenities":{"playground":{"status":"observed-nearby","count":1,"nearestMeters":0,"coverage":"community-mapped-observations"},"toilet":{"status":"not-observed","count":0,"nearestMeters":null,"coverage":"community-mapped-observations"},"drinkingFountain":{"status":"observed-nearby","count":1,"nearestMeters":3,"coverage":"community-mapped-observations"},"dogRun":{"status":"not-observed","count":0,"nearestMeters":null,"coverage":"community-mapped-observations"}},"sourceId":"parks"}},{"type":"Feature","id":"barcelona:osm:way:303157157","geometry":{"type":"Polygon","coordinates":[[[2.16219256,41.38212321],[2.16241391,41.38195495],[2.1625172,41.38214764],[2.1623962,41.38227429],[2.16229733,41.3821983],[2.16219256,41.38212321]]]},"properties":{"id":"barcelona:osm:way:303157157","name":"Jardins de Mercè Vilaret","nameAddon":null,"objectNumber":"barcelona:osm:way:303157157","district":"l'Eixample","locality":null,"type":"Park","areaM2":480.7,"areaHa":0.05,"designation":null,"dedicated":null,"builtYear":null,"renovatedYear":null,"planningAreaId":null,"planningAreaName":null,"centroid":[2.162372,41.38212],"bounds":[2.16219,41.38195,2.16252,41.38227],"amenities":{"playground":{"status":"observed-nearby","count":1,"nearestMeters":0,"coverage":"community-mapped-observations"},"toilet":{"status":"not-observed","count":0,"nearestMeters":null,"coverage":"community-mapped-observations"},"drinkingFountain":{"status":"observed-nearby","count":1,"nearestMeters":60,"coverage":"community-mapped-observations"},"dogRun":{"status":"not-observed","count":0,"nearestMeters":null,"coverage":"community-mapped-observations"}},"sourceId":"parks"}},{"type":"Feature","id":"barcelona:osm:way:306009350","geometry":{"type":"Polygon","coordinates":[[[2.16050148,41.37608739],[2.16082464,41.3758368],[2.16120683,41.37615795],[2.16100024,41.37631988],[2.16074791,41.37613262],[2.16065052,41.37620771],[2.16050148,41.37608739]]]},"properties":{"id":"barcelona:osm:way:306009350","name":"Jardins dels Tres Tombs","nameAddon":null,"objectNumber":"barcelona:osm:way:306009350","district":"l'Eixample","locality":null,"type":"Park","areaM2":1466.1,"areaHa":0.15,"designation":null,"dedicated":null,"builtYear":null,"renovatedYear":null,"planningAreaId":null,"planningAreaName":null,"centroid":[2.160863,41.376084],"bounds":[2.1605,41.37584,2.16121,41.37632],"amenities":{"playground":{"status":"observed-nearby","count":1,"nearestMeters":0,"coverage":"community-mapped-observations"},"toilet":{"status":"not-observed","count":0,"nearestMeters":null,"coverage":"community-mapped-observations"},"drinkingFountain":{"status":"observed-nearby","count":3,"nearestMeters":0,"coverage":"community-mapped-observations"},"dogRun":{"status":"not-observed","count":0,"nearestMeters":null,"coverage":"community-mapped-observations"}},"sourceId":"parks"}},{"type":"Feature","id":"barcelona:osm:way:308077948","geometry":{"type":"Polygon","coordinates":[[[2.12053679,41.39494482],[2.12094259,41.39438031],[2.12098243,41.3943975],[2.12085258,41.3951167],[2.12053679,41.39494482]]]},"properties":{"id":"barcelona:osm:way:308077948","name":"Plaça de Carmen Tórtola Valencia","nameAddon":null,"objectNumber":"barcelona:osm:way:308077948","district":"Sarrià - Sant Gervasi","locality":null,"type":"Park","areaM2":1292.7,"areaHa":0.13,"designation":null,"dedicated":null,"builtYear":null,"renovatedYear":null,"planningAreaId":null,"planningAreaName":null,"centroid":[2.120794,41.394794],"bounds":[2.12054,41.39438,2.12098,41.39512],"amenities":{"playground":{"status":"not-observed","count":0,"nearestMeters":null,"coverage":"community-mapped-observations"},"toilet":{"status":"not-observed","count":0,"nearestMeters":null,"coverage":"community-mapped-observations"},"drinkingFountain":{"status":"not-observed","count":0,"nearestMeters":null,"coverage":"community-mapped-observations"},"dogRun":{"status":"not-observed","count":0,"nearestMeters":null,"coverage":"community-mapped-observations"}},"sourceId":"parks"}},{"type":"Feature","id":"barcelona:osm:way:309869836","geometry":{"type":"Polygon","coordinates":[[[2.12790907,41.39753754],[2.12861443,41.3975294],[2.12861,41.39767595],[2.12812894,41.39767867],[2.12799466,41.39759273],[2.12790907,41.39753754]]]},"properties":{"id":"barcelona:osm:way:309869836","name":"Plaça de l'Orient","nameAddon":null,"objectNumber":"barcelona:osm:way:309869836","district":"Sarrià - Sant Gervasi","locality":null,"type":"Park","areaM2":796.7,"areaHa":0.08,"designation":null,"dedicated":null,"builtYear":null,"renovatedYear":null,"planningAreaId":null,"planningAreaName":null,"centroid":[2.128313,41.397601],"bounds":[2.12791,41.39753,2.12861,41.39768],"amenities":{"playground":{"status":"not-observed","count":0,"nearestMeters":null,"coverage":"community-mapped-observations"},"toilet":{"status":"not-observed","count":0,"nearestMeters":null,"coverage":"community-mapped-observations"},"drinkingFountain":{"status":"not-observed","count":0,"nearestMeters":null,"coverage":"community-mapped-observations"},"dogRun":{"status":"not-observed","count":0,"nearestMeters":null,"coverage":"community-mapped-observations"}},"sourceId":"parks"}},{"type":"Feature","id":"barcelona:osm:way:311391306","geometry":{"type":"Polygon","coordinates":[[[2.17897056,41.43443188],[2.17934685,41.43421205],[2.17954458,41.43477022],[2.17952687,41.43483716],[2.17936308,41.43490863],[2.17897056,41.43443188]]]},"properties":{"id":"barcelona:osm:way:311391306","name":"Jardins de Can Verdaguer","nameAddon":null,"objectNumber":"barcelona:osm:way:311391306","district":"Nou Barris","locality":null,"type":"Park","areaM2":1928.2,"areaHa":0.19,"designation":null,"dedicated":null,"builtYear":null,"renovatedYear":null,"planningAreaId":null,"planningAreaName":null,"centroid":[2.179294,41.434561],"bounds":[2.17897,41.43421,2.17954,41.43491],"amenities":{"playground":{"status":"not-observed","count":0,"nearestMeters":null,"coverage":"community-mapped-observations"},"toilet":{"status":"observed-nearby","count":1,"nearestMeters":18,"coverage":"community-mapped-observations"},"drinkingFountain":{"status":"observed-nearby","count":2,"nearestMeters":41,"coverage":"community-mapped-observations"},"dogRun":{"status":"not-observed","count":0,"nearestMeters":null,"coverage":"community-mapped-observations"}},"sourceId":"parks"}},{"type":"Feature","id":"barcelona:osm:way:313602057","geometry":{"type":"Polygon","coordinates":[[[2.1300517,41.40988601],[2.1301122,41.40971142],[2.13070098,41.41019812],[2.13067147,41.41021893],[2.13012548,41.40994663],[2.1301609,41.40990682],[2.1300517,41.40988601]]]},"properties":{"id":"barcelona:osm:way:313602057","name":"Plaça d'Emili Mira","nameAddon":null,"objectNumber":"barcelona:osm:way:313602057","district":"Sarrià - Sant Gervasi","locality":null,"type":"Park","areaM2":752.4,"areaHa":0.08,"designation":null,"dedicated":null,"builtYear":null,"renovatedYear":null,"planningAreaId":null,"planningAreaName":null,"centroid":[2.130319,41.409963],"bounds":[2.13005,41.40971,2.1307,41.41022],"amenities":{"playground":{"status":"observed-nearby","count":1,"nearestMeters":0,"coverage":"community-mapped-observations"},"toilet":{"status":"not-observed","count":0,"nearestMeters":null,"coverage":"community-mapped-observations"},"drinkingFountain":{"status":"observed-nearby","count":1,"nearestMeters":0,"coverage":"community-mapped-observations"},"dogRun":{"status":"not-observed","count":0,"nearestMeters":null,"coverage":"community-mapped-observations"}},"sourceId":"parks"}},{"type":"Feature","id":"barcelona:osm:way:320966459","geometry":{"type":"Polygon","coordinates":[[[2.13606787,41.4094943],[2.13732364,41.40842048],[2.13733102,41.40853085],[2.13690308,41.40934413],[2.13658287,41.40955039],[2.13648695,41.40973584],[2.13619478,41.40958115],[2.13606787,41.4094943]]]},"properties":{"id":"barcelona:osm:way:320966459","name":"Jardins de Martí Luter","nameAddon":null,"objectNumber":"barcelona:osm:way:320966459","district":"Sarrià - Sant Gervasi","locality":null,"type":"Park","areaM2":4455.7,"areaHa":0.45,"designation":null,"dedicated":null,"builtYear":null,"renovatedYear":null,"planningAreaId":null,"planningAreaName":null,"centroid":[2.136714,41.409171],"bounds":[2.13607,41.40842,2.13733,41.40974],"amenities":{"playground":{"status":"observed-nearby","count":1,"nearestMeters":36,"coverage":"community-mapped-observations"},"toilet":{"status":"not-observed","count":0,"nearestMeters":null,"coverage":"community-mapped-observations"},"drinkingFountain":{"status":"observed-nearby","count":1,"nearestMeters":40,"coverage":"community-mapped-observations"},"dogRun":{"status":"observed-nearby","count":1,"nearestMeters":63,"coverage":"community-mapped-observations"}},"sourceId":"parks"}},{"type":"Feature","id":"barcelona:osm:way:323693655","geometry":{"type":"Polygon","coordinates":[[[2.16097811,41.36995567],[2.16157722,41.36912068],[2.16170117,41.36916139],[2.16181332,41.36905826],[2.16190776,41.36907273],[2.16195203,41.36897141],[2.16287578,41.3691044],[2.1633775,41.36910259],[2.16394709,41.36964719],[2.16474836,41.37016465],[2.16355752,41.3706034],[2.16233865,41.36985526],[2.1622324,41.36991134],[2.16097811,41.36995567]]]},"properties":{"id":"barcelona:osm:way:323693655","name":"Jardins de Joan Prats","nameAddon":null,"objectNumber":"barcelona:osm:way:323693655","district":"Sants-Montjuïc","locality":null,"type":"Park","areaM2":28046.3,"areaHa":2.8,"designation":null,"dedicated":null,"builtYear":null,"renovatedYear":null,"planningAreaId":null,"planningAreaName":null,"centroid":[2.162877,41.369725],"bounds":[2.16098,41.36897,2.16475,41.3706],"amenities":{"playground":{"status":"observed-nearby","count":1,"nearestMeters":0,"coverage":"community-mapped-observations"},"toilet":{"status":"not-observed","count":0,"nearestMeters":null,"coverage":"community-mapped-observations"},"drinkingFountain":{"status":"observed-nearby","count":1,"nearestMeters":0,"coverage":"community-mapped-observations"},"dogRun":{"status":"not-observed","count":0,"nearestMeters":null,"coverage":"community-mapped-observations"}},"sourceId":"parks"}},{"type":"Feature","id":"barcelona:osm:way:325860438","geometry":{"type":"Polygon","coordinates":[[[2.146266,41.37471594],[2.14641504,41.37445359],[2.1470717,41.37460014],[2.14700087,41.37477293],[2.14725173,41.37479736],[2.14725321,41.37485616],[2.14695808,41.37485797],[2.14644013,41.37475665],[2.146266,41.37471594]]]},"properties":{"id":"barcelona:osm:way:325860438","name":"Jardins de Ramon Aramon i Serra","nameAddon":null,"objectNumber":"barcelona:osm:way:325860438","district":"Sants-Montjuïc","locality":null,"type":"Park","areaM2":2034.4,"areaHa":0.2,"designation":null,"dedicated":null,"builtYear":null,"renovatedYear":null,"planningAreaId":null,"planningAreaName":null,"centroid":[2.146715,41.374674],"bounds":[2.14627,41.37445,2.14725,41.37486],"amenities":{"playground":{"status":"observed-nearby","count":1,"nearestMeters":0,"coverage":"community-mapped-observations"},"toilet":{"status":"not-observed","count":0,"nearestMeters":null,"coverage":"community-mapped-observations"},"drinkingFountain":{"status":"observed-nearby","count":4,"nearestMeters":0,"coverage":"community-mapped-observations"},"dogRun":{"status":"not-observed","count":0,"nearestMeters":null,"coverage":"community-mapped-observations"}},"sourceId":"parks"}},{"type":"Feature","id":"barcelona:osm:way:328265166","geometry":{"type":"Polygon","coordinates":[[[2.21568737,41.41247874],[2.216043,41.41220735],[2.2165034,41.41254659],[2.21614924,41.41281708],[2.21568737,41.41247874]]]},"properties":{"id":"barcelona:osm:way:328265166","name":"Plaça del Maresme","nameAddon":null,"objectNumber":"barcelona:osm:way:328265166","district":"Sant Martí","locality":null,"type":"Park","areaM2":2275.2,"areaHa":0.23,"designation":null,"dedicated":null,"builtYear":null,"renovatedYear":null,"planningAreaId":null,"planningAreaName":null,"centroid":[2.216096,41.412512],"bounds":[2.21569,41.41221,2.2165,41.41282],"amenities":{"playground":{"status":"observed-nearby","count":4,"nearestMeters":0,"coverage":"community-mapped-observations"},"toilet":{"status":"not-observed","count":0,"nearestMeters":null,"coverage":"community-mapped-observations"},"drinkingFountain":{"status":"observed-nearby","count":5,"nearestMeters":0,"coverage":"community-mapped-observations"},"dogRun":{"status":"not-observed","count":0,"nearestMeters":null,"coverage":"community-mapped-observations"}},"sourceId":"parks"}},{"type":"Feature","id":"barcelona:osm:way:32898198","geometry":{"type":"Polygon","coordinates":[[[2.18250914,41.3932676],[2.18265965,41.39316718],[2.18261391,41.39312647],[2.18269507,41.39305591],[2.18255931,41.39296001],[2.18331483,41.3924896],[2.18364833,41.39248417],[2.18555928,41.39388638],[2.1855578,41.39405555],[2.18569356,41.39415687],[2.1859518,41.39419667],[2.18608165,41.39428985],[2.18611707,41.39434594],[2.18569356,41.39443369],[2.18572012,41.39454496],[2.185788,41.39472499],[2.18592966,41.39471684],[2.18599164,41.39516103],[2.18662912,41.39560792],[2.18663502,41.39640402],[2.18598279,41.39560973],[2.18572898,41.3954677],[2.18498821,41.39490773],[2.18499116,41.39474579],[2.18482294,41.394592],[2.18463848,41.39457481],[2.18443927,41.3946879],[2.18275409,41.39339244],[2.1827054,41.39342229],[2.18250914,41.3932676]]]},"properties":{"id":"barcelona:osm:way:32898198","name":"Parc de l'Estació del Nord","nameAddon":null,"objectNumber":"barcelona:osm:way:32898198","district":"l'Eixample","locality":null,"type":"Park","areaM2":44586.7,"areaHa":4.46,"designation":null,"dedicated":null,"builtYear":null,"renovatedYear":null,"planningAreaId":null,"planningAreaName":null,"centroid":[2.184537,41.393992],"bounds":[2.18251,41.39248,2.18664,41.3964],"amenities":{"playground":{"status":"observed-nearby","count":1,"nearestMeters":70,"coverage":"community-mapped-observations"},"toilet":{"status":"observed-nearby","count":3,"nearestMeters":50,"coverage":"community-mapped-observations"},"drinkingFountain":{"status":"observed-nearby","count":4,"nearestMeters":0,"coverage":"community-mapped-observations"},"dogRun":{"status":"observed-nearby","count":1,"nearestMeters":0,"coverage":"community-mapped-observations"}},"sourceId":"parks"}},{"type":"Feature","id":"barcelona:osm:way:331158306","geometry":{"type":"Polygon","coordinates":[[[2.1454426,41.44019269],[2.14576576,41.44000543],[2.14585725,41.44001447],[2.14610516,41.44027592],[2.14609483,41.44031482],[2.14571559,41.44048218],[2.1454972,41.44026054],[2.1454426,41.44019269]]]},"properties":{"id":"barcelona:osm:way:331158306","name":"Laberint d'Horta","nameAddon":null,"objectNumber":"barcelona:osm:way:331158306","district":"Horta-Guinardó","locality":null,"type":"Park","areaM2":1689.2,"areaHa":0.17,"designation":null,"dedicated":null,"builtYear":null,"renovatedYear":null,"planningAreaId":null,"planningAreaName":null,"centroid":[2.145777,41.440238],"bounds":[2.14544,41.44001,2.14611,41.44048],"amenities":{"playground":{"status":"not-observed","count":0,"nearestMeters":null,"coverage":"community-mapped-observations"},"toilet":{"status":"observed-nearby","count":2,"nearestMeters":53,"coverage":"community-mapped-observations"},"drinkingFountain":{"status":"observed-nearby","count":2,"nearestMeters":54,"coverage":"community-mapped-observations"},"dogRun":{"status":"not-observed","count":0,"nearestMeters":null,"coverage":"community-mapped-observations"}},"sourceId":"parks"}},{"type":"Feature","id":"barcelona:osm:way:34874535","geometry":{"type":"Polygon","coordinates":[[[2.14357444,41.40204451],[2.14413666,41.40130812],[2.1447579,41.40168265],[2.14407763,41.40228876],[2.14399205,41.40229329],[2.1439404,41.40225258],[2.14400533,41.4021983],[2.14409682,41.40223087],[2.14412633,41.40217478],[2.14388137,41.40199204],[2.14378103,41.40207979],[2.14390941,41.40216483],[2.14387104,41.40220101],[2.14357444,41.40204451]]]},"properties":{"id":"barcelona:osm:way:34874535","name":"Jardins d'Enric Sagnier","nameAddon":null,"objectNumber":"barcelona:osm:way:34874535","district":"Sarrià - Sant Gervasi","locality":null,"type":"Park","areaM2":4798.8,"areaHa":0.48,"designation":null,"dedicated":null,"builtYear":null,"renovatedYear":null,"planningAreaId":null,"planningAreaName":null,"centroid":[2.14416,41.401795],"bounds":[2.14357,41.40131,2.14476,41.40229],"amenities":{"playground":{"status":"observed-nearby","count":1,"nearestMeters":0,"coverage":"community-mapped-observations"},"toilet":{"status":"not-observed","count":0,"nearestMeters":null,"coverage":"community-mapped-observations"},"drinkingFountain":{"status":"observed-nearby","count":1,"nearestMeters":0,"coverage":"community-mapped-observations"},"dogRun":{"status":"observed-nearby","count":1,"nearestMeters":0,"coverage":"community-mapped-observations"}},"sourceId":"parks"}},{"type":"Feature","id":"barcelona:osm:way:35168232","geometry":{"type":"Polygon","coordinates":[[[2.14123851,41.40919124],[2.14183171,41.40830197],[2.14194386,41.40800163],[2.14190992,41.40766962],[2.14175793,41.40754297],[2.14262856,41.40702913],[2.1431406,41.40776371],[2.14320406,41.40776009],[2.14322029,41.40785688],[2.14327046,41.40785508],[2.14340327,41.40804596],[2.14345639,41.4080541],[2.14370577,41.40839244],[2.14459263,41.40888095],[2.14359805,41.40992853],[2.14391089,41.41011489],[2.14376185,41.41026144],[2.14328964,41.41002533],[2.1430742,41.41038629],[2.14345787,41.41053917],[2.14326161,41.41072282],[2.14283072,41.41077257],[2.14273333,41.41066582],[2.14259609,41.41068572],[2.14225375,41.41035824],[2.14209143,41.41044599],[2.14191878,41.41028316],[2.14223309,41.41010042],[2.14204421,41.40983988],[2.14174022,41.40961824],[2.1418509,41.40950063],[2.14123851,41.40919124]]]},"properties":{"id":"barcelona:osm:way:35168232","name":"Parc del Turó del Putxet","nameAddon":null,"objectNumber":"barcelona:osm:way:35168232","district":"Sarrià - Sant Gervasi","locality":null,"type":"Park","areaM2":58406.5,"areaHa":5.84,"designation":null,"dedicated":null,"builtYear":null,"renovatedYear":null,"planningAreaId":null,"planningAreaName":null,"centroid":[2.1428,41.408979],"bounds":[2.14124,41.40703,2.14459,41.41077],"amenities":{"playground":{"status":"observed-nearby","count":5,"nearestMeters":0,"coverage":"community-mapped-observations"},"toilet":{"status":"observed-nearby","count":1,"nearestMeters":0,"coverage":"community-mapped-observations"},"drinkingFountain":{"status":"observed-nearby","count":10,"nearestMeters":0,"coverage":"community-mapped-observations"},"dogRun":{"status":"observed-nearby","count":2,"nearestMeters":0,"coverage":"community-mapped-observations"}},"sourceId":"parks"}},{"type":"Feature","id":"barcelona:osm:way:355665487","geometry":{"type":"Polygon","coordinates":[[[2.13137977,41.39401936],[2.13164096,41.39378506],[2.13219875,41.39414511],[2.13202905,41.39429075],[2.13207627,41.39432151],[2.13200249,41.39439931],[2.13158046,41.3941252],[2.13147274,41.39407454],[2.13137977,41.39401936]]]},"properties":{"id":"barcelona:osm:way:355665487","name":"Plaça d'Eguilaz","nameAddon":null,"objectNumber":"barcelona:osm:way:355665487","district":"Sarrià - Sant Gervasi","locality":null,"type":"Park","areaM2":2053.3,"areaHa":0.21,"designation":null,"dedicated":null,"builtYear":null,"renovatedYear":null,"planningAreaId":null,"planningAreaName":null,"centroid":[2.131798,41.394082],"bounds":[2.13138,41.39379,2.1322,41.3944],"amenities":{"playground":{"status":"observed-nearby","count":1,"nearestMeters":59,"coverage":"community-mapped-observations"},"toilet":{"status":"not-observed","count":0,"nearestMeters":null,"coverage":"community-mapped-observations"},"drinkingFountain":{"status":"observed-nearby","count":1,"nearestMeters":16,"coverage":"community-mapped-observations"},"dogRun":{"status":"not-observed","count":0,"nearestMeters":null,"coverage":"community-mapped-observations"}},"sourceId":"parks"}},{"type":"Feature","id":"barcelona:osm:way:355665489","geometry":{"type":"Polygon","coordinates":[[[2.13327154,41.39222092],[2.13418201,41.3920427],[2.13360651,41.39267867],[2.1334014,41.3925683],[2.13357257,41.39238375],[2.13327154,41.39222092]]]},"properties":{"id":"barcelona:osm:way:355665489","name":"Parc sense nom 355665489","nameAddon":null,"objectNumber":"barcelona:osm:way:355665489","district":"Sarrià - Sant Gervasi","locality":null,"type":"Park","areaM2":2087.5,"areaHa":0.21,"designation":null,"dedicated":null,"builtYear":null,"renovatedYear":null,"planningAreaId":null,"planningAreaName":null,"centroid":[2.133704,41.392322],"bounds":[2.13327,41.39204,2.13418,41.39268],"amenities":{"playground":{"status":"observed-nearby","count":2,"nearestMeters":74,"coverage":"community-mapped-observations"},"toilet":{"status":"not-observed","count":0,"nearestMeters":null,"coverage":"community-mapped-observations"},"drinkingFountain":{"status":"observed-nearby","count":2,"nearestMeters":60,"coverage":"community-mapped-observations"},"dogRun":{"status":"not-observed","count":0,"nearestMeters":null,"coverage":"community-mapped-observations"}},"sourceId":"parks"}},{"type":"Feature","id":"barcelona:osm:way:356925690","geometry":{"type":"Polygon","coordinates":[[[2.17102277,41.44799801],[2.17108623,41.44773114],[2.17139759,41.44731952],[2.17166025,41.44752578],[2.1718993,41.4476461],[2.1717665,41.44777185],[2.17154958,41.44824588],[2.17133118,41.44838882],[2.17123527,41.44838701],[2.17111279,41.44831735],[2.17102277,41.44799801]]]},"properties":{"id":"barcelona:osm:way:356925690","name":"Jardins de Rodrigo Caro","nameAddon":null,"objectNumber":"barcelona:osm:way:356925690","district":"Nou Barris","locality":null,"type":"Park","areaM2":5044.6,"areaHa":0.5,"designation":null,"dedicated":null,"builtYear":null,"renovatedYear":null,"planningAreaId":null,"planningAreaName":null,"centroid":[2.171396,41.447873],"bounds":[2.17102,41.44732,2.1719,41.44839],"amenities":{"playground":{"status":"not-observed","count":0,"nearestMeters":null,"coverage":"community-mapped-observations"},"toilet":{"status":"not-observed","count":0,"nearestMeters":null,"coverage":"community-mapped-observations"},"drinkingFountain":{"status":"observed-nearby","count":2,"nearestMeters":0,"coverage":"community-mapped-observations"},"dogRun":{"status":"not-observed","count":0,"nearestMeters":null,"coverage":"community-mapped-observations"}},"sourceId":"parks"}},{"type":"Feature","id":"barcelona:osm:way:35710383","geometry":{"type":"Polygon","coordinates":[[[2.16398251,41.41362131],[2.16481477,41.41234123],[2.16498151,41.41231138],[2.16510399,41.41224082],[2.16528402,41.41229057],[2.16500512,41.41276732],[2.16597462,41.4130731],[2.16564998,41.41369821],[2.16556439,41.41369007],[2.16540945,41.41399403],[2.16465983,41.41399493],[2.16456538,41.41394246],[2.16398251,41.41362131]]]},"properties":{"id":"barcelona:osm:way:35710383","name":"Parc de les Aigües","nameAddon":null,"objectNumber":"barcelona:osm:way:35710383","district":"Horta-Guinardó","locality":null,"type":"Park","areaM2":17662.5,"areaHa":1.77,"designation":null,"dedicated":null,"builtYear":null,"renovatedYear":null,"planningAreaId":null,"planningAreaName":null,"centroid":[2.164968,41.41329],"bounds":[2.16398,41.41224,2.16597,41.41399],"amenities":{"playground":{"status":"observed-nearby","count":3,"nearestMeters":0,"coverage":"community-mapped-observations"},"toilet":{"status":"not-observed","count":0,"nearestMeters":null,"coverage":"community-mapped-observations"},"drinkingFountain":{"status":"observed-nearby","count":5,"nearestMeters":0,"coverage":"community-mapped-observations"},"dogRun":{"status":"not-observed","count":0,"nearestMeters":null,"coverage":"community-mapped-observations"}},"sourceId":"parks"}},{"type":"Feature","id":"barcelona:osm:way:35710614","geometry":{"type":"Polygon","coordinates":[[[2.15793239,41.4189696],[2.15809471,41.41884386],[2.15805045,41.41878867],[2.15815522,41.41868826],[2.15833082,41.41875972],[2.1584105,41.41853266],[2.15837213,41.41839425],[2.15863037,41.41824769],[2.15878089,41.41824317],[2.15974153,41.41868193],[2.15971054,41.41896779],[2.15989794,41.41898408],[2.15995402,41.41911435],[2.16008092,41.41909264],[2.16006912,41.41865569],[2.16014437,41.41861769],[2.16027571,41.41881039],[2.16035539,41.41877601],[2.16023882,41.4185797],[2.16040556,41.41851185],[2.1605546,41.4187154],[2.16082612,41.41857065],[2.16069921,41.41835173],[2.16092056,41.41826036],[2.16094417,41.41816266],[2.16077004,41.41788764],[2.16127766,41.41763434],[2.16133964,41.41753392],[2.16142818,41.41757916],[2.16149901,41.41756468],[2.16181037,41.41771124],[2.16186349,41.4178216],[2.16218075,41.41792564],[2.16215124,41.41800434],[2.16246703,41.41814728],[2.16283299,41.41748598],[2.16301006,41.41762077],[2.16304695,41.4178017],[2.16270903,41.41797087],[2.16301006,41.41834449],[2.16382019,41.41793468],[2.16349555,41.41757825],[2.16335684,41.41757282],[2.16345718,41.41728424],[2.16337012,41.4171992],[2.16351916,41.41709788],[2.16373903,41.41715397],[2.16444438,41.4171395],[2.16474689,41.41734395],[2.16458899,41.41777547],[2.16502873,41.41790935],[2.16545815,41.41786231],[2.16683639,41.41716845],[2.16747829,41.41768048],[2.16755355,41.41781075],[2.16759634,41.41818618],[2.16771735,41.41828026],[2.16805379,41.41841777],[2.16837843,41.4189307],[2.16876062,41.41897141],[2.16901591,41.41890899],[2.16916347,41.41878506],[2.16931989,41.41881943],[2.1693981,41.41907183],[2.16946155,41.41914239],[2.16956337,41.41914511],[2.17103901,41.41862131],[2.17144333,41.41923828],[2.17076159,41.41964809],[2.17058599,41.4199032],[2.17021708,41.41978741],[2.17007099,41.41987697],[2.16977143,41.41991949],[2.16980095,41.42029582],[2.16994556,41.42028316],[2.16976996,41.42064502],[2.1696829,41.42099783],[2.16917528,41.42106296],[2.16905575,41.4211082],[2.16896721,41.4213624],[2.16959878,41.42275737],[2.16956632,41.42296182],[2.16944532,41.42317532],[2.16924758,41.42333544],[2.16866913,41.4236385],[2.16804641,41.42388728],[2.16724809,41.42320608],[2.16642616,41.42316266],[2.16651175,41.42194771],[2.16540502,41.42205446],[2.16541683,41.42154333],[2.16501103,41.42138864],[2.16487084,41.42125475],[2.16473213,41.42123847],[2.16440602,41.42136059],[2.16428501,41.42117152],[2.16405481,41.42106115],[2.16396628,41.42121675],[2.1641463,41.42126832],[2.16382461,41.42206713],[2.16356933,41.42200561],[2.16371837,41.42172879],[2.16374641,41.42121856],[2.16390873,41.42103582],[2.16401645,41.42095441],[2.164831,41.42084766],[2.16477197,41.42056541],[2.16465097,41.42053917],[2.16400022,41.42061245],[2.16390873,41.42034015],[2.16473213,41.4201366],[2.16510399,41.42015741],[2.16542568,41.42034105],[2.16557177,41.42035824],[2.16566178,41.42020445],[2.16563079,41.42012575],[2.16513498,41.42000633],[2.16383937,41.41994029],[2.16336422,41.41987878],[2.16341439,41.41977746],[2.16441044,41.41974308],[2.16440602,41.41961824],[2.16454473,41.41960919],[2.16455653,41.41950968],[2.16462589,41.41948978],[2.16483985,41.41952777],[2.16494462,41.41943731],[2.16495495,41.41918853],[2.16538436,41.41919667],[2.16538731,41.41912068],[2.16461851,41.41912973],[2.16352654,41.41886105],[2.16350735,41.41899041],[2.1637287,41.41914782],[2.16286545,41.41915144],[2.16285365,41.41891532],[2.16262197,41.41892709],[2.16255852,41.41920753],[2.16230618,41.41917315],[2.16224421,41.41935679],[2.16213944,41.41934413],[2.16210402,41.41938484],[2.16198597,41.41936222],[2.16192399,41.41925547],[2.1617115,41.41912068],[2.16138391,41.41911435],[2.16136915,41.4190465],[2.16127324,41.41901936],[2.16107403,41.41917315],[2.16117437,41.41929256],[2.16131456,41.41930885],[2.16154033,41.41953591],[2.16218666,41.41971956],[2.16249064,41.41969332],[2.16263525,41.41986611],[2.16285365,41.41980098],[2.16292448,41.4198435],[2.1628079,41.4199611],[2.16230176,41.42008956],[2.16190038,41.42009861],[2.1611906,41.41985073],[2.16079366,41.41952325],[2.16041294,41.41929528],[2.16014733,41.41920572],[2.15960872,41.41916229],[2.15922505,41.41956486],[2.15793239,41.4189696]]]},"properties":{"id":"barcelona:osm:way:35710614","name":"Parc del Guinardó","nameAddon":null,"objectNumber":"barcelona:osm:way:35710614","district":"Horta-Guinardó","locality":null,"type":"Park","areaM2":310746.6,"areaHa":31.07,"designation":null,"dedicated":null,"builtYear":null,"renovatedYear":null,"planningAreaId":null,"planningAreaName":null,"centroid":[2.165948,41.419958],"bounds":[2.15793,41.4171,2.17144,41.42389],"amenities":{"playground":{"status":"observed-nearby","count":7,"nearestMeters":0,"coverage":"community-mapped-observations"},"toilet":{"status":"observed-nearby","count":2,"nearestMeters":6,"coverage":"community-mapped-observations"},"drinkingFountain":{"status":"observed-nearby","count":23,"nearestMeters":0,"coverage":"community-mapped-observations"},"dogRun":{"status":"not-observed","count":0,"nearestMeters":null,"coverage":"community-mapped-observations"}},"sourceId":"parks"}},{"type":"Feature","id":"barcelona:osm:way:35711085","geometry":{"type":"Polygon","coordinates":[[[2.14413223,41.41798987],[2.14469002,41.41739732],[2.14518731,41.4170626],[2.1453939,41.41724263],[2.14582184,41.41733309],[2.1461996,41.41715759],[2.14706432,41.41794373],[2.1474716,41.41822055],[2.14787592,41.41839515],[2.14798807,41.41848562],[2.14794085,41.41858603],[2.14825221,41.41872897],[2.14829501,41.41880315],[2.14755571,41.41932875],[2.14819171,41.42027049],[2.14739782,41.42007056],[2.1469994,41.41989054],[2.14633241,41.42008504],[2.14624682,41.42041614],[2.14575248,41.42041704],[2.1453334,41.42064773],[2.14503237,41.42055726],[2.14491284,41.42023611],[2.14520502,41.42009408],[2.14524781,41.41992672],[2.14458673,41.41964538],[2.14420897,41.4187362],[2.14413223,41.41827302],[2.14413223,41.41798987]]]},"properties":{"id":"barcelona:osm:way:35711085","name":"Parc de la Creueta del Coll","nameAddon":null,"objectNumber":"barcelona:osm:way:35711085","district":"Gràcia","locality":null,"type":"Park","areaM2":85628.6,"areaHa":8.56,"designation":null,"dedicated":null,"builtYear":null,"renovatedYear":null,"planningAreaId":null,"planningAreaName":null,"centroid":[2.145998,41.418823],"bounds":[2.14413,41.41706,2.1483,41.42065],"amenities":{"playground":{"status":"observed-nearby","count":2,"nearestMeters":0,"coverage":"community-mapped-observations"},"toilet":{"status":"observed-nearby","count":1,"nearestMeters":0,"coverage":"community-mapped-observations"},"drinkingFountain":{"status":"observed-nearby","count":6,"nearestMeters":0,"coverage":"community-mapped-observations"},"dogRun":{"status":"not-observed","count":0,"nearestMeters":null,"coverage":"community-mapped-observations"}},"sourceId":"parks"}},{"type":"Feature","id":"barcelona:osm:way:35766350","geometry":{"type":"Polygon","coordinates":[[[2.11998933,41.39995748],[2.12009852,41.39983897],[2.12025052,41.39991858],[2.12015607,41.39999638],[2.11998933,41.39995748]]]},"properties":{"id":"barcelona:osm:way:35766350","name":"Plaça de Sant Gaietà","nameAddon":null,"objectNumber":"barcelona:osm:way:35766350","district":"Sarrià - Sant Gervasi","locality":null,"type":"Park","areaM2":217.2,"areaHa":0.02,"designation":null,"dedicated":null,"builtYear":null,"renovatedYear":null,"planningAreaId":null,"planningAreaName":null,"centroid":[2.12012,41.399925],"bounds":[2.11999,41.39984,2.12025,41.4],"amenities":{"playground":{"status":"not-observed","count":0,"nearestMeters":null,"coverage":"community-mapped-observations"},"toilet":{"status":"observed-nearby","count":1,"nearestMeters":38,"coverage":"community-mapped-observations"},"drinkingFountain":{"status":"observed-nearby","count":2,"nearestMeters":0,"coverage":"community-mapped-observations"},"dogRun":{"status":"not-observed","count":0,"nearestMeters":null,"coverage":"community-mapped-observations"}},"sourceId":"parks"}},{"type":"Feature","id":"barcelona:osm:way:35767961","geometry":{"type":"Polygon","coordinates":[[[2.12402372,41.39736204],[2.12412406,41.3972372],[2.12432623,41.39732857],[2.12423179,41.39745793],[2.12402372,41.39736204]]]},"properties":{"id":"barcelona:osm:way:35767961","name":"Plaça de Sant Vicenç de Sarrià","nameAddon":null,"objectNumber":"barcelona:osm:way:35767961","district":"Sarrià - Sant Gervasi","locality":null,"type":"Park","areaM2":327.1,"areaHa":0.03,"designation":null,"dedicated":null,"builtYear":null,"renovatedYear":null,"planningAreaId":null,"planningAreaName":null,"centroid":[2.124176,41.397347],"bounds":[2.12402,41.39724,2.12433,41.39746],"amenities":{"playground":{"status":"not-observed","count":0,"nearestMeters":null,"coverage":"community-mapped-observations"},"toilet":{"status":"not-observed","count":0,"nearestMeters":null,"coverage":"community-mapped-observations"},"drinkingFountain":{"status":"observed-nearby","count":2,"nearestMeters":0,"coverage":"community-mapped-observations"},"dogRun":{"status":"not-observed","count":0,"nearestMeters":null,"coverage":"community-mapped-observations"}},"sourceId":"parks"}},{"type":"Feature","id":"barcelona:osm:way:35931469","geometry":{"type":"Polygon","coordinates":[[[2.16456096,41.44269133],[2.1651276,41.44169079],[2.16620629,41.44209698],[2.1661576,41.44218473],[2.16709168,41.4424905],[2.16728646,41.44221911],[2.16770407,41.44239009],[2.167496,41.44269948],[2.16768783,41.4429564],[2.16750781,41.4433264],[2.16761258,41.4433843],[2.16737647,41.44373259],[2.16456096,41.44269133]]]},"properties":{"id":"barcelona:osm:way:35931469","name":"Parc de Josep Maria Serra Martí","nameAddon":null,"objectNumber":"barcelona:osm:way:35931469","district":"Nou Barris","locality":null,"type":"Park","areaM2":30599.4,"areaHa":3.06,"designation":null,"dedicated":null,"builtYear":null,"renovatedYear":null,"planningAreaId":null,"planningAreaName":null,"centroid":[2.166226,41.442707],"bounds":[2.16456,41.44169,2.1677,41.44373],"amenities":{"playground":{"status":"observed-nearby","count":3,"nearestMeters":0,"coverage":"community-mapped-observations"},"toilet":{"status":"observed-nearby","count":1,"nearestMeters":44,"coverage":"community-mapped-observations"},"drinkingFountain":{"status":"observed-nearby","count":4,"nearestMeters":0,"coverage":"community-mapped-observations"},"dogRun":{"status":"not-observed","count":0,"nearestMeters":null,"coverage":"community-mapped-observations"}},"sourceId":"parks"}},{"type":"Feature","id":"barcelona:osm:way:36054857","geometry":{"type":"Polygon","coordinates":[[[2.187575,41.42518274],[2.18758385,41.42462547],[2.18875256,41.42465533],[2.1887437,41.42533382],[2.187575,41.42518274]]]},"properties":{"id":"barcelona:osm:way:36054857","name":"Plaça de l'Assemblea de Catalunya","nameAddon":null,"objectNumber":"barcelona:osm:way:36054857","district":"Sant Andreu","locality":null,"type":"Park","areaM2":6744.2,"areaHa":0.67,"designation":null,"dedicated":null,"builtYear":null,"renovatedYear":null,"planningAreaId":null,"planningAreaName":null,"centroid":[2.188183,41.424951],"bounds":[2.18757,41.42463,2.18875,41.42533],"amenities":{"playground":{"status":"observed-nearby","count":1,"nearestMeters":0,"coverage":"community-mapped-observations"},"toilet":{"status":"not-observed","count":0,"nearestMeters":null,"coverage":"community-mapped-observations"},"drinkingFountain":{"status":"observed-nearby","count":2,"nearestMeters":0,"coverage":"community-mapped-observations"},"dogRun":{"status":"not-observed","count":0,"nearestMeters":null,"coverage":"community-mapped-observations"}},"sourceId":"parks"}},{"type":"Feature","id":"barcelona:osm:way:36305535","geometry":{"type":"Polygon","coordinates":[[[2.1464785,41.3779772],[2.14714696,41.37747603],[2.14712925,41.37735933],[2.1483437,41.37646101],[2.15022957,41.37788583],[2.14988132,41.37814094],[2.14961718,41.37851637],[2.14929844,41.3787941],[2.14891625,41.37902931],[2.14848094,41.37919848],[2.14814744,41.37944907],[2.14700677,41.37858422],[2.14748193,41.37823412],[2.147175,41.37801701],[2.14691381,41.37820698],[2.14660983,41.37797901],[2.14649915,41.37806043],[2.14651686,41.37801701],[2.1464785,41.3779772]]]},"properties":{"id":"barcelona:osm:way:36305535","name":"Parc de Joan Miró","nameAddon":null,"objectNumber":"barcelona:osm:way:36305535","district":"l'Eixample","locality":null,"type":"Park","areaM2":53051.3,"areaHa":5.31,"designation":null,"dedicated":null,"builtYear":null,"renovatedYear":null,"planningAreaId":null,"planningAreaName":null,"centroid":[2.148376,41.377966],"bounds":[2.14648,41.37646,2.15023,41.37945],"amenities":{"playground":{"status":"observed-nearby","count":3,"nearestMeters":0,"coverage":"community-mapped-observations"},"toilet":{"status":"observed-nearby","count":4,"nearestMeters":0,"coverage":"community-mapped-observations"},"drinkingFountain":{"status":"observed-nearby","count":6,"nearestMeters":0,"coverage":"community-mapped-observations"},"dogRun":{"status":"not-observed","count":0,"nearestMeters":null,"coverage":"community-mapped-observations"}},"sourceId":"parks"}},{"type":"Feature","id":"barcelona:osm:way:363817731","geometry":{"type":"Polygon","coordinates":[[[2.17894547,41.44124661],[2.17945752,41.4409137],[2.18026174,41.44151981],[2.18019091,41.44156776],[2.18063655,41.44212774],[2.18038569,41.44224715],[2.18003744,41.44180659],[2.17971723,41.44195766],[2.17942948,41.4416926],[2.17894547,41.44124661]]]},"properties":{"id":"barcelona:osm:way:363817731","name":"Plaça d'Àngel Pestaña","nameAddon":null,"objectNumber":"barcelona:osm:way:363817731","district":"Nou Barris","locality":null,"type":"Park","areaM2":7851.3,"areaHa":0.79,"designation":null,"dedicated":null,"builtYear":null,"renovatedYear":null,"planningAreaId":null,"planningAreaName":null,"centroid":[2.179759,41.441535],"bounds":[2.17895,41.44091,2.18064,41.44225],"amenities":{"playground":{"status":"observed-nearby","count":1,"nearestMeters":0,"coverage":"community-mapped-observations"},"toilet":{"status":"observed-nearby","count":2,"nearestMeters":0,"coverage":"community-mapped-observations"},"drinkingFountain":{"status":"observed-nearby","count":5,"nearestMeters":0,"coverage":"community-mapped-observations"},"dogRun":{"status":"not-observed","count":0,"nearestMeters":null,"coverage":"community-mapped-observations"}},"sourceId":"parks"}},{"type":"Feature","id":"barcelona:osm:way:36725776","geometry":{"type":"Polygon","coordinates":[[[2.13848054,41.41793197],[2.1384953,41.41788674],[2.13855727,41.41788583],[2.13866057,41.41802334],[2.13928919,41.419203],[2.13877567,41.41933327],[2.13871959,41.41905826],[2.13873583,41.4185019],[2.1387801,41.41844581],[2.13848054,41.41793197]]]},"properties":{"id":"barcelona:osm:way:36725776","name":"Parc sense nom 36725776","nameAddon":null,"objectNumber":"barcelona:osm:way:36725776","district":"Gràcia","locality":null,"type":"Park","areaM2":3628.5,"areaHa":0.36,"designation":null,"dedicated":null,"builtYear":null,"renovatedYear":null,"planningAreaId":null,"planningAreaName":null,"centroid":[2.138885,41.418805],"bounds":[2.13848,41.41789,2.13929,41.41933],"amenities":{"playground":{"status":"not-observed","count":0,"nearestMeters":null,"coverage":"community-mapped-observations"},"toilet":{"status":"not-observed","count":0,"nearestMeters":null,"coverage":"community-mapped-observations"},"drinkingFountain":{"status":"observed-nearby","count":2,"nearestMeters":0,"coverage":"community-mapped-observations"},"dogRun":{"status":"not-observed","count":0,"nearestMeters":null,"coverage":"community-mapped-observations"}},"sourceId":"parks"}},{"type":"Feature","id":"barcelona:osm:way:37040649","geometry":{"type":"Polygon","coordinates":[[[2.13348256,41.42614348],[2.13353863,41.42599331],[2.13365078,41.42605482],[2.13425284,41.42609915],[2.134334,41.42580785],[2.13461732,41.42583137],[2.13471619,41.42576081],[2.13476636,41.42583318],[2.13486375,41.42576986],[2.13491245,41.42579247],[2.1349213,41.42616519],[2.13503198,41.42617785],[2.1350305,41.42630541],[2.1346306,41.42629184],[2.13460552,41.42662294],[2.13434285,41.42659218],[2.13433548,41.42652614],[2.13426907,41.42650172],[2.13428088,41.42643025],[2.13417316,41.42644201],[2.13416873,41.42638864],[2.13400493,41.42639135],[2.13380425,41.42630722],[2.13348256,41.42614348]]]},"properties":{"id":"barcelona:osm:way:37040649","name":"Parc de la Masia de Can Soler","nameAddon":null,"objectNumber":"barcelona:osm:way:37040649","district":"Horta-Guinardó","locality":null,"type":"Park","areaM2":5721.8,"areaHa":0.57,"designation":null,"dedicated":null,"builtYear":null,"renovatedYear":null,"planningAreaId":null,"planningAreaName":null,"centroid":[2.134379,41.426171],"bounds":[2.13348,41.42576,2.13503,41.42662],"amenities":{"playground":{"status":"observed-nearby","count":5,"nearestMeters":0,"coverage":"community-mapped-observations"},"toilet":{"status":"not-observed","count":0,"nearestMeters":null,"coverage":"community-mapped-observations"},"drinkingFountain":{"status":"observed-nearby","count":2,"nearestMeters":0,"coverage":"community-mapped-observations"},"dogRun":{"status":"not-observed","count":0,"nearestMeters":null,"coverage":"community-mapped-observations"}},"sourceId":"parks"}},{"type":"Feature","id":"barcelona:osm:way:37290237","geometry":{"type":"Polygon","coordinates":[[[2.17878168,41.42721911],[2.17910632,41.42695404],[2.1789012,41.42680206],[2.17926864,41.42652162],[2.17947375,41.4266727],[2.1798102,41.42641487],[2.18012008,41.42664646],[2.17978511,41.42690248],[2.17998875,41.42705356],[2.17962131,41.427334],[2.1794162,41.42718292],[2.17908123,41.42743984],[2.17878168,41.42721911]]]},"properties":{"id":"barcelona:osm:way:37290237","name":"Jardins de Massana","nameAddon":null,"objectNumber":"barcelona:osm:way:37290237","district":"Sant Andreu","locality":null,"type":"Park","areaM2":6605.4,"areaHa":0.66,"designation":null,"dedicated":null,"builtYear":null,"renovatedYear":null,"planningAreaId":null,"planningAreaName":null,"centroid":[2.179448,41.426927],"bounds":[2.17878,41.42641,2.18012,41.42744],"amenities":{"playground":{"status":"observed-nearby","count":2,"nearestMeters":0,"coverage":"community-mapped-observations"},"toilet":{"status":"not-observed","count":0,"nearestMeters":null,"coverage":"community-mapped-observations"},"drinkingFountain":{"status":"observed-nearby","count":2,"nearestMeters":0,"coverage":"community-mapped-observations"},"dogRun":{"status":"not-observed","count":0,"nearestMeters":null,"coverage":"community-mapped-observations"}},"sourceId":"parks"}},{"type":"Feature","id":"barcelona:osm:way:37290242","geometry":{"type":"Polygon","coordinates":[[[2.18009942,41.42628732],[2.18047866,41.42595712],[2.18072804,41.42612538],[2.18030601,41.42643568],[2.18009942,41.42628732]]]},"properties":{"id":"barcelona:osm:way:37290242","name":"Parc sense nom 37290242","nameAddon":null,"objectNumber":"barcelona:osm:way:37290242","district":"Sant Andreu","locality":null,"type":"Park","areaM2":1278.6,"areaHa":0.13,"designation":null,"dedicated":null,"builtYear":null,"renovatedYear":null,"planningAreaId":null,"planningAreaName":null,"centroid":[2.180409,41.426197],"bounds":[2.1801,41.42596,2.18073,41.42644],"amenities":{"playground":{"status":"observed-nearby","count":3,"nearestMeters":0,"coverage":"community-mapped-observations"},"toilet":{"status":"not-observed","count":0,"nearestMeters":null,"coverage":"community-mapped-observations"},"drinkingFountain":{"status":"observed-nearby","count":4,"nearestMeters":24,"coverage":"community-mapped-observations"},"dogRun":{"status":"observed-nearby","count":1,"nearestMeters":47,"coverage":"community-mapped-observations"}},"sourceId":"parks"}},{"type":"Feature","id":"barcelona:osm:way:37290250","geometry":{"type":"Polygon","coordinates":[[[2.18036946,41.42556541],[2.18066754,41.42534467],[2.18152931,41.42598155],[2.18124451,41.42620047],[2.18069115,41.42578433],[2.18036946,41.42556541]]]},"properties":{"id":"barcelona:osm:way:37290250","name":"Plaça del Congrés Eucarístic","nameAddon":null,"objectNumber":"barcelona:osm:way:37290250","district":"Sant Andreu","locality":null,"type":"Park","areaM2":3405.5,"areaHa":0.34,"designation":null,"dedicated":null,"builtYear":null,"renovatedYear":null,"planningAreaId":null,"planningAreaName":null,"centroid":[2.180954,41.42577],"bounds":[2.18037,41.42534,2.18153,41.4262],"amenities":{"playground":{"status":"observed-nearby","count":3,"nearestMeters":0,"coverage":"community-mapped-observations"},"toilet":{"status":"not-observed","count":0,"nearestMeters":null,"coverage":"community-mapped-observations"},"drinkingFountain":{"status":"observed-nearby","count":4,"nearestMeters":0,"coverage":"community-mapped-observations"},"dogRun":{"status":"observed-nearby","count":1,"nearestMeters":0,"coverage":"community-mapped-observations"}},"sourceId":"parks"}},{"type":"Feature","id":"barcelona:osm:way:37290709","geometry":{"type":"Polygon","coordinates":[[[2.18118106,41.4254469],[2.18169458,41.42506423],[2.1818938,41.42520716],[2.18138618,41.4255835],[2.18118106,41.4254469]]]},"properties":{"id":"barcelona:osm:way:37290709","name":"Parc sense nom 37290709","nameAddon":null,"objectNumber":"barcelona:osm:way:37290709","district":"Sant Andreu","locality":null,"type":"Park","areaM2":1374,"areaHa":0.14,"designation":null,"dedicated":null,"builtYear":null,"renovatedYear":null,"planningAreaId":null,"planningAreaName":null,"centroid":[2.181539,41.425325],"bounds":[2.18118,41.42506,2.18189,41.42558],"amenities":{"playground":{"status":"observed-nearby","count":1,"nearestMeters":43,"coverage":"community-mapped-observations"},"toilet":{"status":"not-observed","count":0,"nearestMeters":null,"coverage":"community-mapped-observations"},"drinkingFountain":{"status":"observed-nearby","count":4,"nearestMeters":22,"coverage":"community-mapped-observations"},"dogRun":{"status":"observed-nearby","count":1,"nearestMeters":21,"coverage":"community-mapped-observations"}},"sourceId":"parks"}},{"type":"Feature","id":"barcelona:osm:way:374547548","geometry":{"type":"Polygon","coordinates":[[[2.13834626,41.35582233],[2.13866057,41.3553501],[2.13860745,41.35532929],[2.13874468,41.35518003],[2.13939248,41.35542519],[2.13944856,41.35550479],[2.14145395,41.35630903],[2.14140968,41.35637597],[2.14146576,41.3564013],[2.14104077,41.35698299],[2.14061726,41.35680568],[2.14040772,41.35707436],[2.14002111,41.35692509],[2.14016719,41.35673964],[2.13968319,41.35654062],[2.1395548,41.35670617],[2.13906489,41.35650986],[2.13922279,41.35629727],[2.13894537,41.35618509],[2.13900882,41.3560892],[2.13834626,41.35582233]]]},"properties":{"id":"barcelona:osm:way:374547548","name":"Plaça del Moviment Obrer","nameAddon":null,"objectNumber":"barcelona:osm:way:374547548","district":"Sants-Montjuïc","locality":null,"type":"Park","areaM2":24673,"areaHa":2.47,"designation":null,"dedicated":null,"builtYear":null,"renovatedYear":null,"planningAreaId":null,"planningAreaName":null,"centroid":[2.139898,41.356166],"bounds":[2.13835,41.35518,2.14147,41.35707],"amenities":{"playground":{"status":"not-observed","count":0,"nearestMeters":null,"coverage":"community-mapped-observations"},"toilet":{"status":"not-observed","count":0,"nearestMeters":null,"coverage":"community-mapped-observations"},"drinkingFountain":{"status":"observed-nearby","count":1,"nearestMeters":0,"coverage":"community-mapped-observations"},"dogRun":{"status":"not-observed","count":0,"nearestMeters":null,"coverage":"community-mapped-observations"}},"sourceId":"parks"}},{"type":"Feature","id":"barcelona:osm:way:37480088","geometry":{"type":"Polygon","coordinates":[[[2.18649188,41.38870183],[2.18650811,41.38862403],[2.18663649,41.38855889],[2.18673979,41.38857608],[2.18680767,41.3886376],[2.18681062,41.38871902],[2.18669404,41.38880134],[2.18658632,41.3887941],[2.18649188,41.38870183]]]},"properties":{"id":"barcelona:osm:way:37480088","name":"Parc sense nom 37480088","nameAddon":null,"objectNumber":"barcelona:osm:way:37480088","district":"Ciutat Vella","locality":null,"type":"Park","areaM2":581.2,"areaHa":0.06,"designation":null,"dedicated":null,"builtYear":null,"renovatedYear":null,"planningAreaId":null,"planningAreaName":null,"centroid":[2.186655,41.38868],"bounds":[2.18649,41.38856,2.18681,41.3888],"amenities":{"playground":{"status":"not-observed","count":0,"nearestMeters":null,"coverage":"community-mapped-observations"},"toilet":{"status":"observed-nearby","count":1,"nearestMeters":24,"coverage":"community-mapped-observations"},"drinkingFountain":{"status":"observed-nearby","count":2,"nearestMeters":25,"coverage":"community-mapped-observations"},"dogRun":{"status":"not-observed","count":0,"nearestMeters":null,"coverage":"community-mapped-observations"}},"sourceId":"parks"}},{"type":"Feature","id":"barcelona:osm:way:38235882","geometry":{"type":"Polygon","coordinates":[[[2.17866805,41.37825583],[2.17918157,41.37807129],[2.17935865,41.37836077],[2.17884956,41.37855527],[2.17868724,41.3782875],[2.17866805,41.37825583]]]},"properties":{"id":"barcelona:osm:way:38235882","name":"Plaça del Duc de Medinaceli","nameAddon":null,"objectNumber":"barcelona:osm:way:38235882","district":"Ciutat Vella","locality":null,"type":"Park","areaM2":1716.2,"areaHa":0.17,"designation":null,"dedicated":null,"builtYear":null,"renovatedYear":null,"planningAreaId":null,"planningAreaName":null,"centroid":[2.179013,41.378311],"bounds":[2.17867,41.37807,2.17936,41.37856],"amenities":{"playground":{"status":"observed-nearby","count":1,"nearestMeters":56,"coverage":"community-mapped-observations"},"toilet":{"status":"observed-nearby","count":1,"nearestMeters":6,"coverage":"community-mapped-observations"},"drinkingFountain":{"status":"observed-nearby","count":2,"nearestMeters":6,"coverage":"community-mapped-observations"},"dogRun":{"status":"not-observed","count":0,"nearestMeters":null,"coverage":"community-mapped-observations"}},"sourceId":"parks"}},{"type":"Feature","id":"barcelona:osm:way:382403341","geometry":{"type":"Polygon","coordinates":[[[2.13967138,41.36363941],[2.13992962,41.36317894],[2.14058923,41.36345124],[2.14066301,41.36333183],[2.1411116,41.36344581],[2.14041067,41.36388457],[2.1400639,41.36373439],[2.13967138,41.36363941]]]},"properties":{"id":"barcelona:osm:way:382403341","name":"Plaça de Buenaventura Durruti","nameAddon":null,"objectNumber":"barcelona:osm:way:382403341","district":"Sants-Montjuïc","locality":null,"type":"Park","areaM2":4670.1,"areaHa":0.47,"designation":null,"dedicated":null,"builtYear":null,"renovatedYear":null,"planningAreaId":null,"planningAreaName":null,"centroid":[2.140312,41.363538],"bounds":[2.13967,41.36318,2.14111,41.36388],"amenities":{"playground":{"status":"observed-nearby","count":2,"nearestMeters":0,"coverage":"community-mapped-observations"},"toilet":{"status":"not-observed","count":0,"nearestMeters":null,"coverage":"community-mapped-observations"},"drinkingFountain":{"status":"observed-nearby","count":1,"nearestMeters":0,"coverage":"community-mapped-observations"},"dogRun":{"status":"not-observed","count":0,"nearestMeters":null,"coverage":"community-mapped-observations"}},"sourceId":"parks"}},{"type":"Feature","id":"barcelona:osm:way:384757662","geometry":{"type":"Polygon","coordinates":[[[2.20081737,41.40827755],[2.20171603,41.40760539],[2.20272832,41.40837163],[2.20173964,41.40912068],[2.20126744,41.40875339],[2.20137073,41.40867107],[2.20097379,41.40838701],[2.20081737,41.40827755]]]},"properties":{"id":"barcelona:osm:way:384757662","name":"Parc sense nom 384757662","nameAddon":null,"objectNumber":"barcelona:osm:way:384757662","district":"Sant Martí","locality":null,"type":"Park","areaM2":13305.4,"areaHa":1.33,"designation":null,"dedicated":null,"builtYear":null,"renovatedYear":null,"planningAreaId":null,"planningAreaName":null,"centroid":[2.201767,41.408352],"bounds":[2.20082,41.40761,2.20273,41.40912],"amenities":{"playground":{"status":"observed-nearby","count":1,"nearestMeters":0,"coverage":"community-mapped-observations"},"toilet":{"status":"not-observed","count":0,"nearestMeters":null,"coverage":"community-mapped-observations"},"drinkingFountain":{"status":"observed-nearby","count":6,"nearestMeters":0,"coverage":"community-mapped-observations"},"dogRun":{"status":"observed-nearby","count":1,"nearestMeters":0,"coverage":"community-mapped-observations"}},"sourceId":"parks"}},{"type":"Feature","id":"barcelona:osm:way:384757675","geometry":{"type":"Polygon","coordinates":[[[2.2018695,41.40751674],[2.20207314,41.40735933],[2.20360042,41.40772481],[2.20286556,41.4082694],[2.20231072,41.40784965],[2.2018695,41.40751674]]]},"properties":{"id":"barcelona:osm:way:384757675","name":"Parc sense nom 384757675","nameAddon":null,"objectNumber":"barcelona:osm:way:384757675","district":"Sant Martí","locality":null,"type":"Park","areaM2":6541.7,"areaHa":0.65,"designation":null,"dedicated":null,"builtYear":null,"renovatedYear":null,"planningAreaId":null,"planningAreaName":null,"centroid":[2.20272,41.407769],"bounds":[2.20187,41.40736,2.2036,41.40827],"amenities":{"playground":{"status":"observed-nearby","count":1,"nearestMeters":33,"coverage":"community-mapped-observations"},"toilet":{"status":"not-observed","count":0,"nearestMeters":null,"coverage":"community-mapped-observations"},"drinkingFountain":{"status":"observed-nearby","count":6,"nearestMeters":0,"coverage":"community-mapped-observations"},"dogRun":{"status":"not-observed","count":0,"nearestMeters":null,"coverage":"community-mapped-observations"}},"sourceId":"parks"}},{"type":"Feature","id":"barcelona:osm:way:384757697","geometry":{"type":"Polygon","coordinates":[[[2.19903628,41.40707979],[2.19950258,41.4067125],[2.20081737,41.4070427],[2.20091919,41.4071784],[2.20104757,41.40711326],[2.20163192,41.40754568],[2.20062701,41.40828207],[2.19925172,41.40724263],[2.19903628,41.40707979]]]},"properties":{"id":"barcelona:osm:way:384757697","name":"Parc sense nom 384757697","nameAddon":null,"objectNumber":"barcelona:osm:way:384757697","district":"Sant Martí","locality":null,"type":"Park","areaM2":18451.6,"areaHa":1.85,"designation":null,"dedicated":null,"builtYear":null,"renovatedYear":null,"planningAreaId":null,"planningAreaName":null,"centroid":[2.200351,41.407426],"bounds":[2.19904,41.40671,2.20163,41.40828],"amenities":{"playground":{"status":"observed-nearby","count":1,"nearestMeters":0,"coverage":"community-mapped-observations"},"toilet":{"status":"observed-nearby","count":1,"nearestMeters":0,"coverage":"community-mapped-observations"},"drinkingFountain":{"status":"observed-nearby","count":5,"nearestMeters":0,"coverage":"community-mapped-observations"},"dogRun":{"status":"observed-nearby","count":1,"nearestMeters":73,"coverage":"community-mapped-observations"}},"sourceId":"parks"}},{"type":"Feature","id":"barcelona:osm:way:385585351","geometry":{"type":"Polygon","coordinates":[[[2.17511472,41.42791297],[2.17573301,41.4271395],[2.17631146,41.42741542],[2.17625834,41.427685],[2.17650182,41.42772933],[2.17656379,41.42753031],[2.17692532,41.42770762],[2.17699173,41.42769133],[2.17707436,41.42775647],[2.17650477,41.42818437],[2.17511472,41.42791297]]]},"properties":{"id":"barcelona:osm:way:385585351","name":"Jardins de Can Xiringoi","nameAddon":null,"objectNumber":"barcelona:osm:way:385585351","district":"Nou Barris","locality":null,"type":"Park","areaM2":9305.9,"areaHa":0.93,"designation":null,"dedicated":null,"builtYear":null,"renovatedYear":null,"planningAreaId":null,"planningAreaName":null,"centroid":[2.176039,41.427734],"bounds":[2.17511,41.42714,2.17707,41.42818],"amenities":{"playground":{"status":"not-observed","count":0,"nearestMeters":null,"coverage":"community-mapped-observations"},"toilet":{"status":"observed-nearby","count":2,"nearestMeters":25,"coverage":"community-mapped-observations"},"drinkingFountain":{"status":"observed-nearby","count":3,"nearestMeters":0,"coverage":"community-mapped-observations"},"dogRun":{"status":"not-observed","count":0,"nearestMeters":null,"coverage":"community-mapped-observations"}},"sourceId":"parks"}},{"type":"Feature","id":"barcelona:osm:way:38615517","geometry":{"type":"Polygon","coordinates":[[[2.13601918,41.36136874],[2.13636153,41.3608368],[2.13702999,41.36025963],[2.13721297,41.36003619],[2.13731331,41.3600769],[2.13715099,41.36031301],[2.13749186,41.36045052],[2.13727347,41.36076172],[2.13747268,41.36084494],[2.13748891,41.36082323],[2.13755384,41.36084947],[2.13757745,41.36081509],[2.13769255,41.36086394],[2.13754351,41.36106206],[2.13747711,41.36103582],[2.13695768,41.3617505],[2.13601918,41.36136874]]]},"properties":{"id":"barcelona:osm:way:38615517","name":"Jardí dels Drets Humans","nameAddon":null,"objectNumber":"barcelona:osm:way:38615517","district":"Sants-Montjuïc","locality":null,"type":"Park","areaM2":12329.9,"areaHa":1.23,"designation":null,"dedicated":null,"builtYear":null,"renovatedYear":null,"planningAreaId":null,"planningAreaName":null,"centroid":[2.13687,41.361006],"bounds":[2.13602,41.36004,2.13769,41.36175],"amenities":{"playground":{"status":"observed-nearby","count":1,"nearestMeters":43,"coverage":"community-mapped-observations"},"toilet":{"status":"observed-nearby","count":1,"nearestMeters":18,"coverage":"community-mapped-observations"},"drinkingFountain":{"status":"observed-nearby","count":3,"nearestMeters":0,"coverage":"community-mapped-observations"},"dogRun":{"status":"not-observed","count":0,"nearestMeters":null,"coverage":"community-mapped-observations"}},"sourceId":"parks"}},{"type":"Feature","id":"barcelona:osm:way:38615580","geometry":{"type":"Polygon","coordinates":[[[2.13728527,41.35824317],[2.13738709,41.35806948],[2.13764533,41.35788221],[2.13790209,41.35779175],[2.13825034,41.35828388],[2.13821345,41.35852452],[2.13810573,41.35868464],[2.13786372,41.35868102],[2.13781503,41.3587543],[2.1373443,41.3585399],[2.13728527,41.35839153],[2.13728527,41.35824317]]]},"properties":{"id":"barcelona:osm:way:38615580","name":"Jardins de l'Arboreda","nameAddon":null,"objectNumber":"barcelona:osm:way:38615580","district":"Sants-Montjuïc","locality":null,"type":"Park","areaM2":5919.5,"areaHa":0.59,"designation":null,"dedicated":null,"builtYear":null,"renovatedYear":null,"planningAreaId":null,"planningAreaName":null,"centroid":[2.137773,41.358299],"bounds":[2.13729,41.35779,2.13825,41.35875],"amenities":{"playground":{"status":"observed-nearby","count":2,"nearestMeters":0,"coverage":"community-mapped-observations"},"toilet":{"status":"not-observed","count":0,"nearestMeters":null,"coverage":"community-mapped-observations"},"drinkingFountain":{"status":"observed-nearby","count":3,"nearestMeters":0,"coverage":"community-mapped-observations"},"dogRun":{"status":"not-observed","count":0,"nearestMeters":null,"coverage":"community-mapped-observations"}},"sourceId":"parks"}},{"type":"Feature","id":"barcelona:osm:way:38655101","geometry":{"type":"Polygon","coordinates":[[[2.17197899,41.38463271],[2.17213688,41.38433327],[2.1723656,41.38424914],[2.17248513,41.38432242],[2.1723051,41.38467704],[2.17197899,41.38463271]]]},"properties":{"id":"barcelona:osm:way:38655101","name":"Parc sense nom 38655101","nameAddon":null,"objectNumber":"barcelona:osm:way:38655101","district":"Ciutat Vella","locality":null,"type":"Park","areaM2":1207.4,"areaHa":0.12,"designation":null,"dedicated":null,"builtYear":null,"renovatedYear":null,"planningAreaId":null,"planningAreaName":null,"centroid":[2.172241,41.384472],"bounds":[2.17198,41.38425,2.17249,41.38468],"amenities":{"playground":{"status":"observed-nearby","count":1,"nearestMeters":0,"coverage":"community-mapped-observations"},"toilet":{"status":"not-observed","count":0,"nearestMeters":null,"coverage":"community-mapped-observations"},"drinkingFountain":{"status":"observed-nearby","count":1,"nearestMeters":7,"coverage":"community-mapped-observations"},"dogRun":{"status":"not-observed","count":0,"nearestMeters":null,"coverage":"community-mapped-observations"}},"sourceId":"parks"}},{"type":"Feature","id":"barcelona:osm:way:388121951","geometry":{"type":"Polygon","coordinates":[[[2.18350814,41.41960014],[2.18378851,41.41942555],[2.18380475,41.41982631],[2.18372949,41.41982631],[2.18351257,41.4196689],[2.18350814,41.41960014]]]},"properties":{"id":"barcelona:osm:way:388121951","name":"Plaça de la Mainada","nameAddon":null,"objectNumber":"barcelona:osm:way:388121951","district":"Sant Andreu","locality":null,"type":"Park","areaM2":760.5,"areaHa":0.08,"designation":null,"dedicated":null,"builtYear":null,"renovatedYear":null,"planningAreaId":null,"planningAreaName":null,"centroid":[2.183687,41.419641],"bounds":[2.18351,41.41943,2.1838,41.41983],"amenities":{"playground":{"status":"observed-nearby","count":1,"nearestMeters":0,"coverage":"community-mapped-observations"},"toilet":{"status":"not-observed","count":0,"nearestMeters":null,"coverage":"community-mapped-observations"},"drinkingFountain":{"status":"observed-nearby","count":1,"nearestMeters":0,"coverage":"community-mapped-observations"},"dogRun":{"status":"not-observed","count":0,"nearestMeters":null,"coverage":"community-mapped-observations"}},"sourceId":"parks"}},{"type":"Feature","id":"barcelona:osm:way:391326217","geometry":{"type":"Polygon","coordinates":[[[2.18753811,41.42391804],[2.18757205,41.42294825],[2.18843972,41.42286141],[2.18840283,41.42393523],[2.18753811,41.42391804]]]},"properties":{"id":"barcelona:osm:way:391326217","name":"Plaça dels Jardins d'Elx","nameAddon":null,"objectNumber":"barcelona:osm:way:391326217","district":"Sant Andreu","locality":null,"type":"Park","areaM2":8217.8,"areaHa":0.82,"designation":null,"dedicated":null,"builtYear":null,"renovatedYear":null,"planningAreaId":null,"planningAreaName":null,"centroid":[2.187996,41.423416],"bounds":[2.18754,41.42286,2.18844,41.42394],"amenities":{"playground":{"status":"observed-nearby","count":1,"nearestMeters":0,"coverage":"community-mapped-observations"},"toilet":{"status":"not-observed","count":0,"nearestMeters":null,"coverage":"community-mapped-observations"},"drinkingFountain":{"status":"observed-nearby","count":3,"nearestMeters":0,"coverage":"community-mapped-observations"},"dogRun":{"status":"not-observed","count":0,"nearestMeters":null,"coverage":"community-mapped-observations"}},"sourceId":"parks"}},{"type":"Feature","id":"barcelona:osm:way:40017703","geometry":{"type":"Polygon","coordinates":[[[2.17090325,41.44270762],[2.17172075,41.44176226],[2.17188602,41.44143568],[2.17188012,41.44131988],[2.17155105,41.44089198],[2.17215164,41.4405066],[2.1728142,41.43978831],[2.17351955,41.43966528],[2.17367007,41.43957662],[2.17407144,41.43914601],[2.17474138,41.43930975],[2.17411866,41.43995205],[2.17328788,41.44054189],[2.17296471,41.44092455],[2.17268139,41.44082685],[2.17262384,41.44084494],[2.17249251,41.44080423],[2.17237298,41.44088475],[2.17246152,41.44101773],[2.17239659,41.441167],[2.1724748,41.44125294],[2.17237298,41.44132712],[2.1723538,41.4414013],[2.17245267,41.44145377],[2.17244824,41.44149629],[2.17233019,41.44160847],[2.17241873,41.44169712],[2.17257072,41.44168717],[2.17261204,41.44174597],[2.17269615,41.44175954],[2.17259433,41.4420825],[2.1721354,41.441888],[2.17156286,41.44232133],[2.17112017,41.44282974],[2.1709667,41.44274923],[2.17090325,41.44270762]]]},"properties":{"id":"barcelona:osm:way:40017703","name":"Parc de la Guineueta","nameAddon":null,"objectNumber":"barcelona:osm:way:40017703","district":"Nou Barris","locality":null,"type":"Park","areaM2":27966.7,"areaHa":2.8,"designation":null,"dedicated":null,"builtYear":null,"renovatedYear":null,"planningAreaId":null,"planningAreaName":null,"centroid":[2.172768,41.440679],"bounds":[2.1709,41.43915,2.17474,41.44283],"amenities":{"playground":{"status":"observed-nearby","count":2,"nearestMeters":0,"coverage":"community-mapped-observations"},"toilet":{"status":"observed-nearby","count":1,"nearestMeters":0,"coverage":"community-mapped-observations"},"drinkingFountain":{"status":"observed-nearby","count":4,"nearestMeters":0,"coverage":"community-mapped-observations"},"dogRun":{"status":"observed-nearby","count":1,"nearestMeters":0,"coverage":"community-mapped-observations"}},"sourceId":"parks"}},{"type":"Feature","id":"barcelona:osm:way:412143999","geometry":{"type":"Polygon","coordinates":[[[2.20550695,41.39607382],[2.20594373,41.39574634],[2.20602194,41.39580514],[2.20558515,41.39613262],[2.20550695,41.39607382]]]},"properties":{"id":"barcelona:osm:way:412143999","name":"Parc sense nom 412143999","nameAddon":null,"objectNumber":"barcelona:osm:way:412143999","district":"Sant Martí","locality":null,"type":"Park","areaM2":477.1,"areaHa":0.05,"designation":null,"dedicated":null,"builtYear":null,"renovatedYear":null,"planningAreaId":null,"planningAreaName":null,"centroid":[2.205764,41.395939],"bounds":[2.20551,41.39575,2.20602,41.39613],"amenities":{"playground":{"status":"not-observed","count":0,"nearestMeters":null,"coverage":"community-mapped-observations"},"toilet":{"status":"not-observed","count":0,"nearestMeters":null,"coverage":"community-mapped-observations"},"drinkingFountain":{"status":"not-observed","count":0,"nearestMeters":null,"coverage":"community-mapped-observations"},"dogRun":{"status":"not-observed","count":0,"nearestMeters":null,"coverage":"community-mapped-observations"}},"sourceId":"parks"}},{"type":"Feature","id":"barcelona:osm:way:412161523","geometry":{"type":"Polygon","coordinates":[[[2.05635689,41.41548851],[2.05664316,41.41524426],[2.05708585,41.41526868],[2.05739721,41.41522345],[2.05748132,41.41556993],[2.05730425,41.41574905],[2.05714931,41.41576986],[2.05711832,41.41557264],[2.05682467,41.41564863],[2.0567317,41.41571739],[2.05646018,41.41561607],[2.05635689,41.41548851]]]},"properties":{"id":"barcelona:osm:way:412161523","name":"la Pedrera dels Ocells","nameAddon":null,"objectNumber":"barcelona:osm:way:412161523","district":"Sarrià - Sant Gervasi","locality":null,"type":"Park","areaM2":3895.9,"areaHa":0.39,"designation":null,"dedicated":null,"builtYear":null,"renovatedYear":null,"planningAreaId":null,"planningAreaName":null,"centroid":[2.056963,41.415472],"bounds":[2.05636,41.41522,2.05748,41.41577],"amenities":{"playground":{"status":"not-observed","count":0,"nearestMeters":null,"coverage":"community-mapped-observations"},"toilet":{"status":"not-observed","count":0,"nearestMeters":null,"coverage":"community-mapped-observations"},"drinkingFountain":{"status":"not-observed","count":0,"nearestMeters":null,"coverage":"community-mapped-observations"},"dogRun":{"status":"not-observed","count":0,"nearestMeters":null,"coverage":"community-mapped-observations"}},"sourceId":"parks"}},{"type":"Feature","id":"barcelona:osm:way:413919690","geometry":{"type":"Polygon","coordinates":[[[2.19881788,41.40179935],[2.19974901,41.40108468],[2.1998346,41.40114891],[2.19966637,41.40127737],[2.19987001,41.40143206],[2.20003823,41.4013036],[2.20019908,41.40142482],[2.20002938,41.40155419],[2.20014891,41.40164284],[2.19990543,41.4018292],[2.19999544,41.40189886],[2.19989657,41.40197576],[2.19980361,41.40190338],[2.1995557,41.40209426],[2.19954685,41.40204903],[2.1994347,41.4020038],[2.19926205,41.40213497],[2.19887396,41.40184096],[2.19881788,41.40179935]]]},"properties":{"id":"barcelona:osm:way:413919690","name":"Parc sense nom 413919690","nameAddon":null,"objectNumber":"barcelona:osm:way:413919690","district":"Sant Martí","locality":null,"type":"Park","areaM2":6507.5,"areaHa":0.65,"designation":null,"dedicated":null,"builtYear":null,"renovatedYear":null,"planningAreaId":null,"planningAreaName":null,"centroid":[2.199534,41.401671],"bounds":[2.19882,41.40108,2.2002,41.40213],"amenities":{"playground":{"status":"observed-nearby","count":3,"nearestMeters":0,"coverage":"community-mapped-observations"},"toilet":{"status":"not-observed","count":0,"nearestMeters":null,"coverage":"community-mapped-observations"},"drinkingFountain":{"status":"observed-nearby","count":1,"nearestMeters":0,"coverage":"community-mapped-observations"},"dogRun":{"status":"not-observed","count":0,"nearestMeters":null,"coverage":"community-mapped-observations"}},"sourceId":"parks"}},{"type":"Feature","id":"barcelona:osm:way:414253832","geometry":{"type":"Polygon","coordinates":[[[2.19515092,41.40853809],[2.19553606,41.40823593],[2.19566149,41.40832549],[2.19540031,41.40854894],[2.19546376,41.40861046],[2.1953826,41.40868102],[2.19515092,41.40853809]]]},"properties":{"id":"barcelona:osm:way:414253832","name":"zona ajardinada privada","nameAddon":null,"objectNumber":"barcelona:osm:way:414253832","district":"Sant Martí","locality":null,"type":"Park","areaM2":789.8,"areaHa":0.08,"designation":null,"dedicated":null,"builtYear":null,"renovatedYear":null,"planningAreaId":null,"planningAreaName":null,"centroid":[2.195406,41.408458],"bounds":[2.19515,41.40824,2.19566,41.40868],"amenities":{"playground":{"status":"observed-nearby","count":1,"nearestMeters":65,"coverage":"community-mapped-observations"},"toilet":{"status":"not-observed","count":0,"nearestMeters":null,"coverage":"community-mapped-observations"},"drinkingFountain":{"status":"observed-nearby","count":1,"nearestMeters":37,"coverage":"community-mapped-observations"},"dogRun":{"status":"not-observed","count":0,"nearestMeters":null,"coverage":"community-mapped-observations"}},"sourceId":"parks"}},{"type":"Feature","id":"barcelona:osm:way:423908342","geometry":{"type":"Polygon","coordinates":[[[2.19788528,41.40477474],[2.19837224,41.40447259],[2.19862605,41.40465442],[2.19818041,41.40499729],[2.19788528,41.40477474]]]},"properties":{"id":"barcelona:osm:way:423908342","name":"Parc sense nom 423908342","nameAddon":null,"objectNumber":"barcelona:osm:way:423908342","district":"Sant Martí","locality":null,"type":"Park","areaM2":1698.2,"areaHa":0.17,"designation":null,"dedicated":null,"builtYear":null,"renovatedYear":null,"planningAreaId":null,"planningAreaName":null,"centroid":[2.198259,41.40473],"bounds":[2.19789,41.40447,2.19863,41.405],"amenities":{"playground":{"status":"observed-nearby","count":1,"nearestMeters":2,"coverage":"community-mapped-observations"},"toilet":{"status":"not-observed","count":0,"nearestMeters":null,"coverage":"community-mapped-observations"},"drinkingFountain":{"status":"observed-nearby","count":1,"nearestMeters":13,"coverage":"community-mapped-observations"},"dogRun":{"status":"not-observed","count":0,"nearestMeters":null,"coverage":"community-mapped-observations"}},"sourceId":"parks"}},{"type":"Feature","id":"barcelona:osm:way:42526553","geometry":{"type":"Polygon","coordinates":[[[2.13445648,41.37622942],[2.13476489,41.375778],[2.13482539,41.37580423],[2.13507329,41.3754668],[2.1354422,41.37546228],[2.13595277,41.37590375],[2.13592769,41.37609101],[2.13563551,41.37591731],[2.13507477,41.37590646],[2.13488736,41.37601502],[2.1348003,41.37629455],[2.13445648,41.37622942]]]},"properties":{"id":"barcelona:osm:way:42526553","name":"Plaça de Sants","nameAddon":null,"objectNumber":"barcelona:osm:way:42526553","district":"Sants-Montjuïc","locality":null,"type":"Park","areaM2":4669.7,"areaHa":0.47,"designation":null,"dedicated":null,"builtYear":null,"renovatedYear":null,"planningAreaId":null,"planningAreaName":null,"centroid":[2.135201,41.375827],"bounds":[2.13446,41.37546,2.13595,41.37629],"amenities":{"playground":{"status":"observed-nearby","count":1,"nearestMeters":0,"coverage":"community-mapped-observations"},"toilet":{"status":"observed-nearby","count":1,"nearestMeters":61,"coverage":"community-mapped-observations"},"drinkingFountain":{"status":"observed-nearby","count":1,"nearestMeters":0,"coverage":"community-mapped-observations"},"dogRun":{"status":"not-observed","count":0,"nearestMeters":null,"coverage":"community-mapped-observations"}},"sourceId":"parks"}},{"type":"Feature","id":"barcelona:osm:way:425373672","geometry":{"type":"Polygon","coordinates":[[[2.18871567,41.40506152],[2.18910228,41.40534919],[2.18946824,41.40640583],[2.18955531,41.40652614],[2.19071073,41.40720916],[2.19067531,41.40723268],[2.19085977,41.40740365],[2.19098962,41.40780803],[2.19120212,41.40776913],[2.19161234,41.40906821],[2.19032559,41.40931518],[2.19007473,41.40918129],[2.1891864,41.4064981],[2.18871567,41.40506152]]]},"properties":{"id":"barcelona:osm:way:425373672","name":"Parc del Clot","nameAddon":null,"objectNumber":"barcelona:osm:way:425373672","district":"Sant Martí","locality":null,"type":"Park","areaM2":37570,"areaHa":3.76,"designation":null,"dedicated":null,"builtYear":null,"renovatedYear":null,"planningAreaId":null,"planningAreaName":null,"centroid":[2.190267,41.407814],"bounds":[2.18872,41.40506,2.19161,41.40932],"amenities":{"playground":{"status":"observed-nearby","count":6,"nearestMeters":0,"coverage":"community-mapped-observations"},"toilet":{"status":"observed-nearby","count":3,"nearestMeters":23,"coverage":"community-mapped-observations"},"drinkingFountain":{"status":"observed-nearby","count":9,"nearestMeters":0,"coverage":"community-mapped-observations"},"dogRun":{"status":"observed-nearby","count":1,"nearestMeters":0,"coverage":"community-mapped-observations"}},"sourceId":"parks"}},{"type":"Feature","id":"barcelona:osm:way:427629827","geometry":{"type":"Polygon","coordinates":[[[2.19321784,41.40584675],[2.19342148,41.40569115],[2.19323407,41.40555184],[2.19333441,41.40547494],[2.19352182,41.40561426],[2.19371218,41.40547042],[2.19387302,41.40551113],[2.19425964,41.40579519],[2.19402944,41.40597069],[2.19432014,41.40618871],[2.19420504,41.40627465],[2.19401911,41.40613443],[2.19381104,41.40629094],[2.19321784,41.40584675]]]},"properties":{"id":"barcelona:osm:way:427629827","name":"Jardins Irene Polo","nameAddon":null,"objectNumber":"barcelona:osm:way:427629827","district":"Sant Martí","locality":null,"type":"Park","areaM2":4762.5,"areaHa":0.48,"designation":null,"dedicated":null,"builtYear":null,"renovatedYear":null,"planningAreaId":null,"planningAreaName":null,"centroid":[2.193762,41.405863],"bounds":[2.19322,41.40547,2.19432,41.40629],"amenities":{"playground":{"status":"observed-nearby","count":1,"nearestMeters":0,"coverage":"community-mapped-observations"},"toilet":{"status":"observed-nearby","count":1,"nearestMeters":41,"coverage":"community-mapped-observations"},"drinkingFountain":{"status":"not-observed","count":0,"nearestMeters":null,"coverage":"community-mapped-observations"},"dogRun":{"status":"not-observed","count":0,"nearestMeters":null,"coverage":"community-mapped-observations"}},"sourceId":"parks"}},{"type":"Feature","id":"barcelona:osm:way:42936503","geometry":{"type":"Polygon","coordinates":[[[2.12262777,41.4229184],[2.12280927,41.42269857],[2.12316933,41.42253664],[2.12338477,41.42261534],[2.1235707,41.42291116],[2.12445313,41.42334359],[2.12453872,41.42345395],[2.1237522,41.42386286],[2.12359136,41.42360955],[2.12335968,41.42350823],[2.12285206,41.42343948],[2.12264252,41.42326036],[2.12262777,41.4229184]]]},"properties":{"id":"barcelona:osm:way:42936503","name":"Jardins del Vivers de Can Borni","nameAddon":null,"objectNumber":"barcelona:osm:way:42936503","district":"Horta-Guinardó","locality":null,"type":"Park","areaM2":11521.4,"areaHa":1.15,"designation":null,"dedicated":null,"builtYear":null,"renovatedYear":null,"planningAreaId":null,"planningAreaName":null,"centroid":[2.123456,41.423201],"bounds":[2.12263,41.42254,2.12454,41.42386],"amenities":{"playground":{"status":"not-observed","count":0,"nearestMeters":null,"coverage":"community-mapped-observations"},"toilet":{"status":"not-observed","count":0,"nearestMeters":null,"coverage":"community-mapped-observations"},"drinkingFountain":{"status":"not-observed","count":0,"nearestMeters":null,"coverage":"community-mapped-observations"},"dogRun":{"status":"not-observed","count":0,"nearestMeters":null,"coverage":"community-mapped-observations"}},"sourceId":"parks"}},{"type":"Feature","id":"barcelona:osm:way:429479575","geometry":{"type":"Polygon","coordinates":[[[2.19668559,41.40646282],[2.19676675,41.40639859],[2.19765803,41.40705627],[2.19756654,41.40712231],[2.1973511,41.40696761],[2.19718878,41.40708069],[2.19669887,41.40670617],[2.19688037,41.40659128],[2.19668559,41.40646282]]]},"properties":{"id":"barcelona:osm:way:429479575","name":"Jardins de Tecla Sala","nameAddon":null,"objectNumber":"barcelona:osm:way:429479575","district":"Sant Martí","locality":null,"type":"Park","areaM2":2134.9,"areaHa":0.21,"designation":null,"dedicated":null,"builtYear":null,"renovatedYear":null,"planningAreaId":null,"planningAreaName":null,"centroid":[2.197104,41.406804],"bounds":[2.19669,41.4064,2.19766,41.40712],"amenities":{"playground":{"status":"observed-nearby","count":1,"nearestMeters":0,"coverage":"community-mapped-observations"},"toilet":{"status":"not-observed","count":0,"nearestMeters":null,"coverage":"community-mapped-observations"},"drinkingFountain":{"status":"observed-nearby","count":1,"nearestMeters":0,"coverage":"community-mapped-observations"},"dogRun":{"status":"not-observed","count":0,"nearestMeters":null,"coverage":"community-mapped-observations"}},"sourceId":"parks"}},{"type":"Feature","id":"barcelona:osm:way:429685684","geometry":{"type":"Polygon","coordinates":[[[2.19257298,41.42493487],[2.19296255,41.42483083],[2.19366938,41.42591641],[2.19327391,41.42602135],[2.19257298,41.42493487]]]},"properties":{"id":"barcelona:osm:way:429685684","name":"Plaça de Kõbe","nameAddon":null,"objectNumber":"barcelona:osm:way:429685684","district":"Sant Andreu","locality":null,"type":"Park","areaM2":4633.8,"areaHa":0.46,"designation":null,"dedicated":null,"builtYear":null,"renovatedYear":null,"planningAreaId":null,"planningAreaName":null,"centroid":[2.193121,41.425427],"bounds":[2.19257,41.42483,2.19367,41.42602],"amenities":{"playground":{"status":"not-observed","count":0,"nearestMeters":null,"coverage":"community-mapped-observations"},"toilet":{"status":"observed-nearby","count":1,"nearestMeters":15,"coverage":"community-mapped-observations"},"drinkingFountain":{"status":"not-observed","count":0,"nearestMeters":null,"coverage":"community-mapped-observations"},"dogRun":{"status":"not-observed","count":0,"nearestMeters":null,"coverage":"community-mapped-observations"}},"sourceId":"parks"}},{"type":"Feature","id":"barcelona:osm:way:43037128","geometry":{"type":"Polygon","coordinates":[[[2.13569454,41.37549122],[2.13572553,41.37545685],[2.13609296,41.37545594],[2.13604279,41.37577076],[2.13599999,41.37577076],[2.13569454,41.37549122]]]},"properties":{"id":"barcelona:osm:way:43037128","name":"Plaça de Sants","nameAddon":null,"objectNumber":"barcelona:osm:way:43037128","district":"Sants-Montjuïc","locality":null,"type":"Park","areaM2":746.3,"areaHa":0.07,"designation":null,"dedicated":null,"builtYear":null,"renovatedYear":null,"planningAreaId":null,"planningAreaName":null,"centroid":[2.135932,41.375572],"bounds":[2.13569,41.37546,2.13609,41.37577],"amenities":{"playground":{"status":"observed-nearby","count":1,"nearestMeters":23,"coverage":"community-mapped-observations"},"toilet":{"status":"not-observed","count":0,"nearestMeters":null,"coverage":"community-mapped-observations"},"drinkingFountain":{"status":"observed-nearby","count":1,"nearestMeters":33,"coverage":"community-mapped-observations"},"dogRun":{"status":"not-observed","count":0,"nearestMeters":null,"coverage":"community-mapped-observations"}},"sourceId":"parks"}},{"type":"Feature","id":"barcelona:osm:way:430442527","geometry":{"type":"Polygon","coordinates":[[[2.19441753,41.40170165],[2.19459166,41.40153971],[2.19516568,41.4019658],[2.19488383,41.40219016],[2.19479824,41.40213678],[2.19496794,41.40199928],[2.19491482,41.40195676],[2.19483366,41.40201285],[2.19441753,41.40170165]]]},"properties":{"id":"barcelona:osm:way:430442527","name":"Plaça de Dolors Piera","nameAddon":null,"objectNumber":"barcelona:osm:way:430442527","district":"Sant Martí","locality":null,"type":"Park","areaM2":1576.2,"areaHa":0.16,"designation":null,"dedicated":null,"builtYear":null,"renovatedYear":null,"planningAreaId":null,"planningAreaName":null,"centroid":[2.19479,41.401844],"bounds":[2.19442,41.40154,2.19517,41.40219],"amenities":{"playground":{"status":"observed-nearby","count":2,"nearestMeters":30,"coverage":"community-mapped-observations"},"toilet":{"status":"not-observed","count":0,"nearestMeters":null,"coverage":"community-mapped-observations"},"drinkingFountain":{"status":"observed-nearby","count":2,"nearestMeters":17,"coverage":"community-mapped-observations"},"dogRun":{"status":"not-observed","count":0,"nearestMeters":null,"coverage":"community-mapped-observations"}},"sourceId":"parks"}},{"type":"Feature","id":"barcelona:osm:way:430442533","geometry":{"type":"Polygon","coordinates":[[[2.19475545,41.40144292],[2.1951096,41.40117152],[2.19552278,41.40148453],[2.19547114,41.4015361],[2.19554492,41.40158857],[2.19572052,41.40145287],[2.19576331,41.40148363],[2.19516568,41.4019658],[2.1950491,41.40187715],[2.19519372,41.40175954],[2.1949827,41.40160666],[2.19475545,41.40144292]]]},"properties":{"id":"barcelona:osm:way:430442533","name":"Plaça d'Isabel Vila","nameAddon":null,"objectNumber":"barcelona:osm:way:430442533","district":"Sant Martí","locality":null,"type":"Park","areaM2":2915.8,"areaHa":0.29,"designation":null,"dedicated":null,"builtYear":null,"renovatedYear":null,"planningAreaId":null,"planningAreaName":null,"centroid":[2.195207,41.401539],"bounds":[2.19476,41.40117,2.19576,41.40197],"amenities":{"playground":{"status":"observed-nearby","count":2,"nearestMeters":49,"coverage":"community-mapped-observations"},"toilet":{"status":"not-observed","count":0,"nearestMeters":null,"coverage":"community-mapped-observations"},"drinkingFountain":{"status":"observed-nearby","count":2,"nearestMeters":34,"coverage":"community-mapped-observations"},"dogRun":{"status":"not-observed","count":0,"nearestMeters":null,"coverage":"community-mapped-observations"}},"sourceId":"parks"}},{"type":"Feature","id":"barcelona:osm:way:430845790","geometry":{"type":"Polygon","coordinates":[[[2.18173148,41.43452868],[2.18176837,41.43449159],[2.18331188,41.43420843],[2.18406298,41.43637959],[2.1839951,41.43646101],[2.18255783,41.43674688],[2.18245896,41.43669531],[2.18235862,41.43640311],[2.1823719,41.43624842],[2.18185986,41.43491858],[2.18173148,41.43452868]]]},"properties":{"id":"barcelona:osm:way:430845790","name":"Parc sense nom 430845790","nameAddon":null,"objectNumber":"barcelona:osm:way:430845790","district":"Nou Barris","locality":null,"type":"Park","areaM2":35038.3,"areaHa":3.5,"designation":null,"dedicated":null,"builtYear":null,"renovatedYear":null,"planningAreaId":null,"planningAreaName":null,"centroid":[2.182907,41.435475],"bounds":[2.18173,41.43421,2.18406,41.43675],"amenities":{"playground":{"status":"not-observed","count":0,"nearestMeters":null,"coverage":"community-mapped-observations"},"toilet":{"status":"observed-nearby","count":3,"nearestMeters":0,"coverage":"community-mapped-observations"},"drinkingFountain":{"status":"observed-nearby","count":1,"nearestMeters":58,"coverage":"community-mapped-observations"},"dogRun":{"status":"not-observed","count":0,"nearestMeters":null,"coverage":"community-mapped-observations"}},"sourceId":"parks"}},{"type":"Feature","id":"barcelona:osm:way:431052929","geometry":{"type":"Polygon","coordinates":[[[2.19993937,41.40361408],[2.20045141,41.40328117],[2.20119366,41.40399132],[2.20092804,41.40410982],[2.20037763,41.4035806],[2.20024925,41.40366564],[2.20017842,41.40360413],[2.20002348,41.40370635],[2.19993937,41.40361408]]]},"properties":{"id":"barcelona:osm:way:431052929","name":"Plaça de Josep M. Huertas Claveria","nameAddon":null,"objectNumber":"barcelona:osm:way:431052929","district":"Sant Martí","locality":null,"type":"Park","areaM2":3004.2,"areaHa":0.3,"designation":null,"dedicated":null,"builtYear":null,"renovatedYear":null,"planningAreaId":null,"planningAreaName":null,"centroid":[2.200608,41.403681],"bounds":[2.19994,41.40328,2.20119,41.40411],"amenities":{"playground":{"status":"observed-nearby","count":1,"nearestMeters":0,"coverage":"community-mapped-observations"},"toilet":{"status":"not-observed","count":0,"nearestMeters":null,"coverage":"community-mapped-observations"},"drinkingFountain":{"status":"observed-nearby","count":3,"nearestMeters":0,"coverage":"community-mapped-observations"},"dogRun":{"status":"not-observed","count":0,"nearestMeters":null,"coverage":"community-mapped-observations"}},"sourceId":"parks"}},{"type":"Feature","id":"barcelona:osm:way:431135518","geometry":{"type":"Polygon","coordinates":[[[2.15679763,41.40617062],[2.15688912,41.4060512],[2.15729935,41.40625837],[2.15712079,41.40643477],[2.1569142,41.40632441],[2.15697766,41.40626289],[2.15679763,41.40617062]]]},"properties":{"id":"barcelona:osm:way:431135518","name":"Jardins de Manuel Torrente","nameAddon":null,"objectNumber":"barcelona:osm:way:431135518","district":"Gràcia","locality":null,"type":"Park","areaM2":808.6,"areaHa":0.08,"designation":null,"dedicated":null,"builtYear":null,"renovatedYear":null,"planningAreaId":null,"planningAreaName":null,"centroid":[2.157046,41.406244],"bounds":[2.1568,41.40605,2.1573,41.40643],"amenities":{"playground":{"status":"observed-nearby","count":1,"nearestMeters":0,"coverage":"community-mapped-observations"},"toilet":{"status":"not-observed","count":0,"nearestMeters":null,"coverage":"community-mapped-observations"},"drinkingFountain":{"status":"not-observed","count":0,"nearestMeters":null,"coverage":"community-mapped-observations"},"dogRun":{"status":"not-observed","count":0,"nearestMeters":null,"coverage":"community-mapped-observations"}},"sourceId":"parks"}},{"type":"Feature","id":"barcelona:osm:way:431439298","geometry":{"type":"Polygon","coordinates":[[[2.19131279,41.41244979],[2.19184107,41.41269314],[2.19241804,41.41311833],[2.1922085,41.41311923],[2.19171564,41.4135019],[2.19164628,41.4133472],[2.19131279,41.41244979]]]},"properties":{"id":"barcelona:osm:way:431439298","name":"Parc sense nom 431439298","nameAddon":null,"objectNumber":"barcelona:osm:way:431439298","district":"Sant Martí","locality":null,"type":"Park","areaM2":4185.5,"areaHa":0.42,"designation":null,"dedicated":null,"builtYear":null,"renovatedYear":null,"planningAreaId":null,"planningAreaName":null,"centroid":[2.19179,41.41298],"bounds":[2.19131,41.41245,2.19242,41.4135],"amenities":{"playground":{"status":"observed-nearby","count":4,"nearestMeters":0,"coverage":"community-mapped-observations"},"toilet":{"status":"not-observed","count":0,"nearestMeters":null,"coverage":"community-mapped-observations"},"drinkingFountain":{"status":"observed-nearby","count":3,"nearestMeters":0,"coverage":"community-mapped-observations"},"dogRun":{"status":"not-observed","count":0,"nearestMeters":null,"coverage":"community-mapped-observations"}},"sourceId":"parks"}},{"type":"Feature","id":"barcelona:osm:way:431506035","geometry":{"type":"Polygon","coordinates":[[[2.19299059,41.40844038],[2.19315734,41.40831102],[2.19414306,41.40910259],[2.19386859,41.40908449],[2.19357789,41.40920119],[2.19326801,41.40882396],[2.19299059,41.40844038]]]},"properties":{"id":"barcelona:osm:way:431506035","name":"Parc sense nom 431506035","nameAddon":null,"objectNumber":"barcelona:osm:way:431506035","district":"Sant Martí","locality":null,"type":"Park","areaM2":3198.7,"areaHa":0.32,"designation":null,"dedicated":null,"builtYear":null,"renovatedYear":null,"planningAreaId":null,"planningAreaName":null,"centroid":[2.193499,41.408796],"bounds":[2.19299,41.40831,2.19414,41.4092],"amenities":{"playground":{"status":"observed-nearby","count":3,"nearestMeters":0,"coverage":"community-mapped-observations"},"toilet":{"status":"not-observed","count":0,"nearestMeters":null,"coverage":"community-mapped-observations"},"drinkingFountain":{"status":"observed-nearby","count":4,"nearestMeters":0,"coverage":"community-mapped-observations"},"dogRun":{"status":"not-observed","count":0,"nearestMeters":null,"coverage":"community-mapped-observations"}},"sourceId":"parks"}},{"type":"Feature","id":"barcelona:osm:way:431506039","geometry":{"type":"Polygon","coordinates":[[[2.19385679,41.40915506],[2.19408699,41.40916501],[2.19424931,41.40921748],[2.1945223,41.40942374],[2.19436883,41.40953501],[2.19385679,41.40915506]]]},"properties":{"id":"barcelona:osm:way:431506039","name":"Parc sense nom 431506039","nameAddon":null,"objectNumber":"barcelona:osm:way:431506039","district":"Sant Martí","locality":null,"type":"Park","areaM2":889,"areaHa":0.09,"designation":null,"dedicated":null,"builtYear":null,"renovatedYear":null,"planningAreaId":null,"planningAreaName":null,"centroid":[2.194226,41.409325],"bounds":[2.19386,41.40916,2.19452,41.40954],"amenities":{"playground":{"status":"observed-nearby","count":3,"nearestMeters":38,"coverage":"community-mapped-observations"},"toilet":{"status":"not-observed","count":0,"nearestMeters":null,"coverage":"community-mapped-observations"},"drinkingFountain":{"status":"observed-nearby","count":3,"nearestMeters":0,"coverage":"community-mapped-observations"},"dogRun":{"status":"not-observed","count":0,"nearestMeters":null,"coverage":"community-mapped-observations"}},"sourceId":"parks"}},{"type":"Feature","id":"barcelona:osm:way:433299110","geometry":{"type":"Polygon","coordinates":[[[2.19523208,41.39058169],[2.19544753,41.39043695],[2.19605254,41.39093993],[2.19590792,41.39105663],[2.19523208,41.39058169]]]},"properties":{"id":"barcelona:osm:way:433299110","name":"Parc sense nom 433299110","nameAddon":null,"objectNumber":"barcelona:osm:way:433299110","district":"Sant Martí","locality":null,"type":"Park","areaM2":1593,"areaHa":0.16,"designation":null,"dedicated":null,"builtYear":null,"renovatedYear":null,"planningAreaId":null,"planningAreaName":null,"centroid":[2.195643,41.390742],"bounds":[2.19523,41.39044,2.19605,41.39106],"amenities":{"playground":{"status":"not-observed","count":0,"nearestMeters":null,"coverage":"community-mapped-observations"},"toilet":{"status":"not-observed","count":0,"nearestMeters":null,"coverage":"community-mapped-observations"},"drinkingFountain":{"status":"not-observed","count":0,"nearestMeters":null,"coverage":"community-mapped-observations"},"dogRun":{"status":"not-observed","count":0,"nearestMeters":null,"coverage":"community-mapped-observations"}},"sourceId":"parks"}},{"type":"Feature","id":"barcelona:osm:way:435439529","geometry":{"type":"Polygon","coordinates":[[[2.20570173,41.41715488],[2.20607064,41.41726615],[2.20623886,41.41758639],[2.20570173,41.41715488]]]},"properties":{"id":"barcelona:osm:way:435439529","name":"Parc sense nom 435439529","nameAddon":null,"objectNumber":"barcelona:osm:way:435439529","district":"Sant Martí","locality":null,"type":"Park","areaM2":462,"areaHa":0.05,"designation":null,"dedicated":null,"builtYear":null,"renovatedYear":null,"planningAreaId":null,"planningAreaName":null,"centroid":[2.206004,41.417336],"bounds":[2.2057,41.41715,2.20624,41.41759],"amenities":{"playground":{"status":"observed-nearby","count":4,"nearestMeters":0,"coverage":"community-mapped-observations"},"toilet":{"status":"not-observed","count":0,"nearestMeters":null,"coverage":"community-mapped-observations"},"drinkingFountain":{"status":"observed-nearby","count":2,"nearestMeters":57,"coverage":"community-mapped-observations"},"dogRun":{"status":"not-observed","count":0,"nearestMeters":null,"coverage":"community-mapped-observations"}},"sourceId":"parks"}},{"type":"Feature","id":"barcelona:osm:way:435978661","geometry":{"type":"Polygon","coordinates":[[[2.20265601,41.41947711],[2.20276816,41.41938936],[2.2031533,41.41966799],[2.20298508,41.41984169],[2.20288474,41.41973041],[2.2028449,41.41976117],[2.2028021,41.41972951],[2.20285965,41.41968337],[2.20277702,41.41962367],[2.20272242,41.41966709],[2.20267962,41.41963633],[2.20274013,41.41958929],[2.20269438,41.41950516],[2.20265601,41.41947711]]]},"properties":{"id":"barcelona:osm:way:435978661","name":"Parc sense nom 435978661","nameAddon":null,"objectNumber":"barcelona:osm:way:435978661","district":"Sant Martí","locality":null,"type":"Park","areaM2":921.5,"areaHa":0.09,"designation":null,"dedicated":null,"builtYear":null,"renovatedYear":null,"planningAreaId":null,"planningAreaName":null,"centroid":[2.202897,41.419613],"bounds":[2.20266,41.41939,2.20315,41.41984],"amenities":{"playground":{"status":"observed-nearby","count":2,"nearestMeters":66,"coverage":"community-mapped-observations"},"toilet":{"status":"not-observed","count":0,"nearestMeters":null,"coverage":"community-mapped-observations"},"drinkingFountain":{"status":"observed-nearby","count":2,"nearestMeters":64,"coverage":"community-mapped-observations"},"dogRun":{"status":"not-observed","count":0,"nearestMeters":null,"coverage":"community-mapped-observations"}},"sourceId":"parks"}},{"type":"Feature","id":"barcelona:osm:way:436897189","geometry":{"type":"Polygon","coordinates":[[[2.21143606,41.418055],[2.21237604,41.41735028],[2.21247048,41.41740999],[2.21152755,41.41812376],[2.21143606,41.418055]]]},"properties":{"id":"barcelona:osm:way:436897189","name":"Plaça de Jaume Huguet","nameAddon":null,"objectNumber":"barcelona:osm:way:436897189","district":"Sant Martí","locality":null,"type":"Park","areaM2":1171.5,"areaHa":0.12,"designation":null,"dedicated":null,"builtYear":null,"renovatedYear":null,"planningAreaId":null,"planningAreaName":null,"centroid":[2.211949,41.417738],"bounds":[2.21144,41.41735,2.21247,41.41812],"amenities":{"playground":{"status":"observed-nearby","count":3,"nearestMeters":52,"coverage":"community-mapped-observations"},"toilet":{"status":"not-observed","count":0,"nearestMeters":null,"coverage":"community-mapped-observations"},"drinkingFountain":{"status":"observed-nearby","count":8,"nearestMeters":0,"coverage":"community-mapped-observations"},"dogRun":{"status":"not-observed","count":0,"nearestMeters":null,"coverage":"community-mapped-observations"}},"sourceId":"parks"}},{"type":"Feature","id":"barcelona:osm:way:437788319","geometry":{"type":"Polygon","coordinates":[[[2.20866186,41.41775828],[2.20889353,41.41758187],[2.20948822,41.41822598],[2.20946165,41.41827212],[2.20936279,41.41828478],[2.20896141,41.41798534],[2.20866186,41.41775828]]]},"properties":{"id":"barcelona:osm:way:437788319","name":"Plaça de Zenòbia Camprubí","nameAddon":null,"objectNumber":"barcelona:osm:way:437788319","district":"Sant Martí","locality":null,"type":"Park","areaM2":1842.1,"areaHa":0.18,"designation":null,"dedicated":null,"builtYear":null,"renovatedYear":null,"planningAreaId":null,"planningAreaName":null,"centroid":[2.209065,41.417929],"bounds":[2.20866,41.41758,2.20949,41.41828],"amenities":{"playground":{"status":"observed-nearby","count":2,"nearestMeters":0,"coverage":"community-mapped-observations"},"toilet":{"status":"not-observed","count":0,"nearestMeters":null,"coverage":"community-mapped-observations"},"drinkingFountain":{"status":"observed-nearby","count":2,"nearestMeters":0,"coverage":"community-mapped-observations"},"dogRun":{"status":"not-observed","count":0,"nearestMeters":null,"coverage":"community-mapped-observations"}},"sourceId":"parks"}},{"type":"Feature","id":"barcelona:osm:way:438371202","geometry":{"type":"Polygon","coordinates":[[[2.13007531,41.36999819],[2.13024206,41.36988601],[2.13085297,41.37032748],[2.13089134,41.37030034],[2.13066704,41.37006785],[2.1303483,41.36980279],[2.13044127,41.36968699],[2.13142699,41.37072462],[2.13151553,41.37069658],[2.13165572,41.37095079],[2.13255586,41.37191062],[2.13296018,41.37218744],[2.13291296,41.37224082],[2.1341702,41.37356432],[2.13447861,41.37403202],[2.13437089,41.37408902],[2.13517364,41.37496381],[2.13519282,41.3750009],[2.13504673,41.3750769],[2.13432957,41.37423195],[2.13426464,41.37424462],[2.13417758,41.37419758],[2.13419972,41.37417315],[2.13138715,41.37110548],[2.13067294,41.37044418],[2.13007531,41.36999819]]]},"properties":{"id":"barcelona:osm:way:438371202","name":"Jardins de la Rambla de Sants","nameAddon":null,"objectNumber":"barcelona:osm:way:438371202","district":"Sants-Montjuïc","locality":null,"type":"Park","areaM2":20679.4,"areaHa":2.07,"designation":null,"dedicated":null,"builtYear":null,"renovatedYear":null,"planningAreaId":null,"planningAreaName":null,"centroid":[2.132618,41.372226],"bounds":[2.13008,41.36969,2.13519,41.37508],"amenities":{"playground":{"status":"observed-nearby","count":2,"nearestMeters":0,"coverage":"community-mapped-observations"},"toilet":{"status":"observed-nearby","count":2,"nearestMeters":0,"coverage":"community-mapped-observations"},"drinkingFountain":{"status":"observed-nearby","count":5,"nearestMeters":0,"coverage":"community-mapped-observations"},"dogRun":{"status":"not-observed","count":0,"nearestMeters":null,"coverage":"community-mapped-observations"}},"sourceId":"parks"}},{"type":"Feature","id":"barcelona:osm:way:439071437","geometry":{"type":"Polygon","coordinates":[[[2.20461419,41.43601773],[2.2046983,41.4358947],[2.20685273,41.43616428],[2.20681141,41.43635426],[2.20463927,41.43608648],[2.20461419,41.43601773]]]},"properties":{"id":"barcelona:osm:way:439071437","name":"Jardins d'Isabel Domínguez Paniagua","nameAddon":null,"objectNumber":"barcelona:osm:way:439071437","district":"Sant Andreu","locality":null,"type":"Park","areaM2":4015.9,"areaHa":0.4,"designation":null,"dedicated":null,"builtYear":null,"renovatedYear":null,"planningAreaId":null,"planningAreaName":null,"centroid":[2.205735,41.436123],"bounds":[2.20461,41.43589,2.20685,41.43635],"amenities":{"playground":{"status":"observed-nearby","count":2,"nearestMeters":0,"coverage":"community-mapped-observations"},"toilet":{"status":"not-observed","count":0,"nearestMeters":null,"coverage":"community-mapped-observations"},"drinkingFountain":{"status":"observed-nearby","count":5,"nearestMeters":0,"coverage":"community-mapped-observations"},"dogRun":{"status":"not-observed","count":0,"nearestMeters":null,"coverage":"community-mapped-observations"}},"sourceId":"parks"}},{"type":"Feature","id":"barcelona:osm:way:440783180","geometry":{"type":"Polygon","coordinates":[[[2.2186047,41.41321332],[2.2191625,41.41297539],[2.21862536,41.41258549],[2.21864897,41.41251583],[2.21902083,41.41231229],[2.21949304,41.41269495],[2.21996967,41.41230052],[2.22011723,41.41244527],[2.2188349,41.41339787],[2.2186047,41.41321332]]]},"properties":{"id":"barcelona:osm:way:440783180","name":"Jardins de Josep Pous i Pagès","nameAddon":null,"objectNumber":"barcelona:osm:way:440783180","district":"Sant Martí","locality":null,"type":"Park","areaM2":5550.8,"areaHa":0.56,"designation":null,"dedicated":null,"builtYear":null,"renovatedYear":null,"planningAreaId":null,"planningAreaName":null,"centroid":[2.219221,41.412757],"bounds":[2.2186,41.4123,2.22012,41.4134],"amenities":{"playground":{"status":"observed-nearby","count":1,"nearestMeters":26,"coverage":"community-mapped-observations"},"toilet":{"status":"not-observed","count":0,"nearestMeters":null,"coverage":"community-mapped-observations"},"drinkingFountain":{"status":"observed-nearby","count":1,"nearestMeters":57,"coverage":"community-mapped-observations"},"dogRun":{"status":"not-observed","count":0,"nearestMeters":null,"coverage":"community-mapped-observations"}},"sourceId":"parks"}},{"type":"Feature","id":"barcelona:osm:way:447855769","geometry":{"type":"Polygon","coordinates":[[[2.16078185,41.44057264],[2.16120831,41.44035281],[2.16135882,41.4404288],[2.1618753,41.44089922],[2.16138539,41.4411091],[2.16078185,41.44057264]]]},"properties":{"id":"barcelona:osm:way:447855769","name":"Parc sense nom 447855769","nameAddon":null,"objectNumber":"barcelona:osm:way:447855769","district":"Horta-Guinardó","locality":null,"type":"Park","areaM2":3721.5,"areaHa":0.37,"designation":null,"dedicated":null,"builtYear":null,"renovatedYear":null,"planningAreaId":null,"planningAreaName":null,"centroid":[2.161325,41.440729],"bounds":[2.16078,41.44035,2.16188,41.44111],"amenities":{"playground":{"status":"not-observed","count":0,"nearestMeters":null,"coverage":"community-mapped-observations"},"toilet":{"status":"not-observed","count":0,"nearestMeters":null,"coverage":"community-mapped-observations"},"drinkingFountain":{"status":"not-observed","count":0,"nearestMeters":null,"coverage":"community-mapped-observations"},"dogRun":{"status":"not-observed","count":0,"nearestMeters":null,"coverage":"community-mapped-observations"}},"sourceId":"parks"}},{"type":"Feature","id":"barcelona:osm:way:44868701","geometry":{"type":"Polygon","coordinates":[[[2.13108612,41.41095531],[2.13141962,41.41074453],[2.13164834,41.41094445],[2.13163358,41.41098607],[2.13130894,41.41115252],[2.13108612,41.41095531]]]},"properties":{"id":"barcelona:osm:way:44868701","name":"Plaça de Calvó","nameAddon":null,"objectNumber":"barcelona:osm:way:44868701","district":"Sarrià - Sant Gervasi","locality":null,"type":"Park","areaM2":1222.1,"areaHa":0.12,"designation":null,"dedicated":null,"builtYear":null,"renovatedYear":null,"planningAreaId":null,"planningAreaName":null,"centroid":[2.131374,41.410953],"bounds":[2.13109,41.41074,2.13165,41.41115],"amenities":{"playground":{"status":"observed-nearby","count":1,"nearestMeters":0,"coverage":"community-mapped-observations"},"toilet":{"status":"not-observed","count":0,"nearestMeters":null,"coverage":"community-mapped-observations"},"drinkingFountain":{"status":"observed-nearby","count":1,"nearestMeters":0,"coverage":"community-mapped-observations"},"dogRun":{"status":"not-observed","count":0,"nearestMeters":null,"coverage":"community-mapped-observations"}},"sourceId":"parks"}},{"type":"Feature","id":"barcelona:osm:way:450624284","geometry":{"type":"Polygon","coordinates":[[[2.13117023,41.40826126],[2.13143585,41.40816356],[2.13138715,41.40833816],[2.13140929,41.40857608],[2.13117023,41.40826126]]]},"properties":{"id":"barcelona:osm:way:450624284","name":"Parc sense nom 450624284","nameAddon":null,"objectNumber":"barcelona:osm:way:450624284","district":"Sarrià - Sant Gervasi","locality":null,"type":"Park","areaM2":433.7,"areaHa":0.04,"designation":null,"dedicated":null,"builtYear":null,"renovatedYear":null,"planningAreaId":null,"planningAreaName":null,"centroid":[2.131326,41.408329],"bounds":[2.13117,41.40816,2.13144,41.40858],"amenities":{"playground":{"status":"not-observed","count":0,"nearestMeters":null,"coverage":"community-mapped-observations"},"toilet":{"status":"not-observed","count":0,"nearestMeters":null,"coverage":"community-mapped-observations"},"drinkingFountain":{"status":"observed-nearby","count":1,"nearestMeters":0,"coverage":"community-mapped-observations"},"dogRun":{"status":"not-observed","count":0,"nearestMeters":null,"coverage":"community-mapped-observations"}},"sourceId":"parks"}},{"type":"Feature","id":"barcelona:osm:way:45191464","geometry":{"type":"Polygon","coordinates":[[[2.13777961,41.37851366],[2.13806294,41.37811109],[2.13848792,41.37865117],[2.13817066,41.37912068],[2.13782388,41.37895784],[2.13790799,41.37884205],[2.13784602,41.37880586],[2.13802752,41.37861679],[2.13777961,41.37851366]]]},"properties":{"id":"barcelona:osm:way:45191464","name":"Jardins de Joaquim Domingo i Sanchez","nameAddon":null,"objectNumber":"barcelona:osm:way:45191464","district":"Sants-Montjuïc","locality":null,"type":"Park","areaM2":3506.4,"areaHa":0.35,"designation":null,"dedicated":null,"builtYear":null,"renovatedYear":null,"planningAreaId":null,"planningAreaName":null,"centroid":[2.138121,41.378646],"bounds":[2.13778,41.37811,2.13849,41.37912],"amenities":{"playground":{"status":"observed-nearby","count":1,"nearestMeters":0,"coverage":"community-mapped-observations"},"toilet":{"status":"observed-nearby","count":1,"nearestMeters":70,"coverage":"community-mapped-observations"},"drinkingFountain":{"status":"observed-nearby","count":1,"nearestMeters":2,"coverage":"community-mapped-observations"},"dogRun":{"status":"not-observed","count":0,"nearestMeters":null,"coverage":"community-mapped-observations"}},"sourceId":"parks"}},{"type":"Feature","id":"barcelona:osm:way:452870939","geometry":{"type":"Polygon","coordinates":[[[2.19232655,41.44070653],[2.19236787,41.44013932],[2.19276187,41.44015379],[2.19277072,41.44003257],[2.19288287,41.44003709],[2.19283122,41.44072553],[2.19232655,41.44070653]]]},"properties":{"id":"barcelona:osm:way:452870939","name":"Parc sense nom 452870939","nameAddon":null,"objectNumber":"barcelona:osm:way:452870939","district":"Sant Andreu","locality":null,"type":"Park","areaM2":2794.4,"areaHa":0.28,"designation":null,"dedicated":null,"builtYear":null,"renovatedYear":null,"planningAreaId":null,"planningAreaName":null,"centroid":[2.19261,41.440417],"bounds":[2.19233,41.44003,2.19288,41.44073],"amenities":{"playground":{"status":"observed-nearby","count":3,"nearestMeters":0,"coverage":"community-mapped-observations"},"toilet":{"status":"not-observed","count":0,"nearestMeters":null,"coverage":"community-mapped-observations"},"drinkingFountain":{"status":"observed-nearby","count":1,"nearestMeters":56,"coverage":"community-mapped-observations"},"dogRun":{"status":"not-observed","count":0,"nearestMeters":null,"coverage":"community-mapped-observations"}},"sourceId":"parks"}},{"type":"Feature","id":"barcelona:osm:way:452870940","geometry":{"type":"Polygon","coordinates":[[[2.19241657,41.43970961],[2.19247412,41.43877329],[2.19285778,41.43878867],[2.19286811,41.43866112],[2.19297436,41.43866564],[2.19288877,41.4397268],[2.19241657,41.43970961]]]},"properties":{"id":"barcelona:osm:way:452870940","name":"Parc Neus Català","nameAddon":null,"objectNumber":"barcelona:osm:way:452870940","district":"Sant Andreu","locality":null,"type":"Park","areaM2":4307.9,"areaHa":0.43,"designation":null,"dedicated":null,"builtYear":null,"renovatedYear":null,"planningAreaId":null,"planningAreaName":null,"centroid":[2.192693,41.439233],"bounds":[2.19242,41.43866,2.19297,41.43973],"amenities":{"playground":{"status":"observed-nearby","count":1,"nearestMeters":0,"coverage":"community-mapped-observations"},"toilet":{"status":"not-observed","count":0,"nearestMeters":null,"coverage":"community-mapped-observations"},"drinkingFountain":{"status":"observed-nearby","count":1,"nearestMeters":0,"coverage":"community-mapped-observations"},"dogRun":{"status":"not-observed","count":0,"nearestMeters":null,"coverage":"community-mapped-observations"}},"sourceId":"parks"}},{"type":"Feature","id":"barcelona:osm:way:452870941","geometry":{"type":"Polygon","coordinates":[[[2.19222916,41.44202913],[2.19229409,41.44112629],[2.19269103,41.44114257],[2.19269989,41.44102045],[2.19281351,41.44102587],[2.1927353,41.44205717],[2.19222916,41.44202913]]]},"properties":{"id":"barcelona:osm:way:452870941","name":"Parc sense nom 452870941","nameAddon":null,"objectNumber":"barcelona:osm:way:452870941","district":"Sant Andreu","locality":null,"type":"Park","areaM2":4413.1,"areaHa":0.44,"designation":null,"dedicated":null,"builtYear":null,"renovatedYear":null,"planningAreaId":null,"planningAreaName":null,"centroid":[2.192523,41.441575],"bounds":[2.19223,41.44102,2.19281,41.44206],"amenities":{"playground":{"status":"observed-nearby","count":2,"nearestMeters":0,"coverage":"community-mapped-observations"},"toilet":{"status":"not-observed","count":0,"nearestMeters":null,"coverage":"community-mapped-observations"},"drinkingFountain":{"status":"observed-nearby","count":1,"nearestMeters":0,"coverage":"community-mapped-observations"},"dogRun":{"status":"not-observed","count":0,"nearestMeters":null,"coverage":"community-mapped-observations"}},"sourceId":"parks"}},{"type":"Feature","id":"barcelona:osm:way:45820448","geometry":{"type":"Polygon","coordinates":[[[2.19291976,41.39062964],[2.19292271,41.39039081],[2.19410912,41.38948616],[2.19388925,41.39005971],[2.19356609,41.39059435],[2.19352329,41.3907979],[2.19336245,41.3909535],[2.19291976,41.39062964]]]},"properties":{"id":"barcelona:osm:way:45820448","name":"Parc de Carles I","nameAddon":null,"objectNumber":"barcelona:osm:way:45820448","district":"Sant Martí","locality":null,"type":"Park","areaM2":6128.7,"areaHa":0.61,"designation":null,"dedicated":null,"builtYear":null,"renovatedYear":null,"planningAreaId":null,"planningAreaName":null,"centroid":[2.193458,41.390308],"bounds":[2.19292,41.38949,2.19411,41.39095],"amenities":{"playground":{"status":"not-observed","count":0,"nearestMeters":null,"coverage":"community-mapped-observations"},"toilet":{"status":"not-observed","count":0,"nearestMeters":null,"coverage":"community-mapped-observations"},"drinkingFountain":{"status":"observed-nearby","count":1,"nearestMeters":0,"coverage":"community-mapped-observations"},"dogRun":{"status":"not-observed","count":0,"nearestMeters":null,"coverage":"community-mapped-observations"}},"sourceId":"parks"}},{"type":"Feature","id":"barcelona:osm:way:463320525","geometry":{"type":"Polygon","coordinates":[[[2.19674314,41.41566582],[2.19698071,41.41549756],[2.19728617,41.4157201],[2.19705892,41.41587932],[2.19674314,41.41566582]]]},"properties":{"id":"barcelona:osm:way:463320525","name":"Plaça de Maria-Antònia Salvà","nameAddon":null,"objectNumber":"barcelona:osm:way:463320525","district":"Sant Martí","locality":null,"type":"Park","areaM2":942.3,"areaHa":0.09,"designation":null,"dedicated":null,"builtYear":null,"renovatedYear":null,"planningAreaId":null,"planningAreaName":null,"centroid":[2.197016,41.41569],"bounds":[2.19674,41.4155,2.19729,41.41588],"amenities":{"playground":{"status":"observed-nearby","count":1,"nearestMeters":33,"coverage":"community-mapped-observations"},"toilet":{"status":"not-observed","count":0,"nearestMeters":null,"coverage":"community-mapped-observations"},"drinkingFountain":{"status":"observed-nearby","count":2,"nearestMeters":34,"coverage":"community-mapped-observations"},"dogRun":{"status":"not-observed","count":0,"nearestMeters":null,"coverage":"community-mapped-observations"}},"sourceId":"parks"}},{"type":"Feature","id":"barcelona:osm:way:463511195","geometry":{"type":"Polygon","coordinates":[[[2.19788823,41.41429618],[2.19798415,41.41411706],[2.19936534,41.41516012],[2.19920597,41.41527863],[2.19788823,41.41429618]]]},"properties":{"id":"barcelona:osm:way:463511195","name":"Plaça d'Eduard Torroja","nameAddon":null,"objectNumber":"barcelona:osm:way:463511195","district":"Sant Martí","locality":null,"type":"Park","areaM2":3082.3,"areaHa":0.31,"designation":null,"dedicated":null,"builtYear":null,"renovatedYear":null,"planningAreaId":null,"planningAreaName":null,"centroid":[2.198606,41.414708],"bounds":[2.19789,41.41412,2.19937,41.41528],"amenities":{"playground":{"status":"observed-nearby","count":1,"nearestMeters":7,"coverage":"community-mapped-observations"},"toilet":{"status":"not-observed","count":0,"nearestMeters":null,"coverage":"community-mapped-observations"},"drinkingFountain":{"status":"observed-nearby","count":2,"nearestMeters":53,"coverage":"community-mapped-observations"},"dogRun":{"status":"not-observed","count":0,"nearestMeters":null,"coverage":"community-mapped-observations"}},"sourceId":"parks"}},{"type":"Feature","id":"barcelona:osm:way:464521740","geometry":{"type":"Polygon","coordinates":[[[2.18871862,41.43388185],[2.18928379,41.43393432],[2.18925132,41.43399222],[2.18875699,41.43406278],[2.18871862,41.43388185]]]},"properties":{"id":"barcelona:osm:way:464521740","name":"Plaça de la Pomera","nameAddon":null,"objectNumber":"barcelona:osm:way:464521740","district":"Sant Andreu","locality":null,"type":"Park","areaM2":644.3,"areaHa":0.06,"designation":null,"dedicated":null,"builtYear":null,"renovatedYear":null,"planningAreaId":null,"planningAreaName":null,"centroid":[2.188957,41.433967],"bounds":[2.18872,41.43388,2.18928,41.43406],"amenities":{"playground":{"status":"observed-nearby","count":1,"nearestMeters":0,"coverage":"community-mapped-observations"},"toilet":{"status":"observed-nearby","count":1,"nearestMeters":29,"coverage":"community-mapped-observations"},"drinkingFountain":{"status":"observed-nearby","count":1,"nearestMeters":0,"coverage":"community-mapped-observations"},"dogRun":{"status":"not-observed","count":0,"nearestMeters":null,"coverage":"community-mapped-observations"}},"sourceId":"parks"}},{"type":"Feature","id":"barcelona:osm:way:466432995","geometry":{"type":"Polygon","coordinates":[[[2.20049273,41.3996101],[2.20067571,41.39947349],[2.20050454,41.39934503],[2.20093099,41.39902117],[2.20122612,41.39923919],[2.20073916,41.39961191],[2.20049273,41.3996101]]]},"properties":{"id":"barcelona:osm:way:466432995","name":"Parc sense nom 466432995","nameAddon":null,"objectNumber":"barcelona:osm:way:466432995","district":"Sant Martí","locality":null,"type":"Park","areaM2":1955.1,"areaHa":0.2,"designation":null,"dedicated":null,"builtYear":null,"renovatedYear":null,"planningAreaId":null,"planningAreaName":null,"centroid":[2.200843,41.399322],"bounds":[2.20049,41.39902,2.20123,41.39961],"amenities":{"playground":{"status":"not-observed","count":0,"nearestMeters":null,"coverage":"community-mapped-observations"},"toilet":{"status":"not-observed","count":0,"nearestMeters":null,"coverage":"community-mapped-observations"},"drinkingFountain":{"status":"not-observed","count":0,"nearestMeters":null,"coverage":"community-mapped-observations"},"dogRun":{"status":"not-observed","count":0,"nearestMeters":null,"coverage":"community-mapped-observations"}},"sourceId":"parks"}},{"type":"Feature","id":"barcelona:osm:way:466958047","geometry":{"type":"Polygon","coordinates":[[[2.17653428,41.44857789],[2.17679104,41.44851185],[2.17689729,41.44842139],[2.17683236,41.44827574],[2.17673939,41.44821151],[2.17752296,41.44827845],[2.17887169,41.44902479],[2.17934094,41.44871087],[2.17961394,41.44899132],[2.17951802,41.44906459],[2.17998432,41.44943098],[2.17985299,41.44953772],[2.18004039,41.44974489],[2.17988545,41.44986792],[2.17948555,41.44958657],[2.17927306,41.44946535],[2.17913878,41.44944183],[2.17888054,41.4494355],[2.17838916,41.44951601],[2.17821651,41.44950606],[2.17810583,41.44944545],[2.17796712,41.44904559],[2.17762625,41.44872987],[2.17742999,41.44863941],[2.1772662,41.4486195],[2.17662134,41.44862674],[2.17653428,41.44857789]]]},"properties":{"id":"barcelona:osm:way:466958047","name":"Parc del Pla de Fornells","nameAddon":null,"objectNumber":"barcelona:osm:way:466958047","district":"Nou Barris","locality":null,"type":"Park","areaM2":15950.6,"areaHa":1.6,"designation":null,"dedicated":null,"builtYear":null,"renovatedYear":null,"planningAreaId":null,"planningAreaName":null,"centroid":[2.178487,41.449006],"bounds":[2.17653,41.44821,2.18004,41.44987],"amenities":{"playground":{"status":"observed-nearby","count":4,"nearestMeters":9,"coverage":"community-mapped-observations"},"toilet":{"status":"not-observed","count":0,"nearestMeters":null,"coverage":"community-mapped-observations"},"drinkingFountain":{"status":"observed-nearby","count":5,"nearestMeters":0,"coverage":"community-mapped-observations"},"dogRun":{"status":"not-observed","count":0,"nearestMeters":null,"coverage":"community-mapped-observations"}},"sourceId":"parks"}},{"type":"Feature","id":"barcelona:osm:way:46714527","geometry":{"type":"Polygon","coordinates":[[[2.19383023,41.41189615],[2.19461231,41.41132079],[2.19485432,41.41131536],[2.19557295,41.41186358],[2.19557295,41.41203999],[2.1948012,41.41263072],[2.19456214,41.41263163],[2.1938317,41.4120825],[2.19383023,41.41189615]]]},"properties":{"id":"barcelona:osm:way:46714527","name":"Jardins del Clot de la Mel","nameAddon":null,"objectNumber":"barcelona:osm:way:46714527","district":"Sant Martí","locality":null,"type":"Park","areaM2":13328.7,"areaHa":1.33,"designation":null,"dedicated":null,"builtYear":null,"renovatedYear":null,"planningAreaId":null,"planningAreaName":null,"centroid":[2.194702,41.411973],"bounds":[2.19383,41.41132,2.19557,41.41263],"amenities":{"playground":{"status":"observed-nearby","count":3,"nearestMeters":0,"coverage":"community-mapped-observations"},"toilet":{"status":"not-observed","count":0,"nearestMeters":null,"coverage":"community-mapped-observations"},"drinkingFountain":{"status":"observed-nearby","count":2,"nearestMeters":0,"coverage":"community-mapped-observations"},"dogRun":{"status":"observed-nearby","count":1,"nearestMeters":0,"coverage":"community-mapped-observations"}},"sourceId":"parks"}},{"type":"Feature","id":"barcelona:osm:way:469118555","geometry":{"type":"Polygon","coordinates":[[[2.19227048,41.45479826],[2.1940073,41.45387823],[2.1942316,41.45366021],[2.19426406,41.45337344],[2.19400435,41.45296182],[2.19415929,41.45290121],[2.19420061,41.45223449],[2.19416225,41.45178668],[2.194056,41.45187263],[2.19376973,41.45195314],[2.19327834,41.45167541],[2.1933167,41.45164918],[2.19380219,41.4518871],[2.19398812,41.45186267],[2.19413568,41.4517713],[2.19460346,41.45127465],[2.19412978,41.45073819],[2.19390844,41.45055817],[2.19374169,41.45028768],[2.19349673,41.45036819],[2.19333884,41.44988601],[2.19296403,41.44975936],[2.19305994,41.44959019],[2.19303043,41.44914601],[2.19308946,41.44899132],[2.1933167,41.44870997],[2.19340524,41.44841415],[2.19332851,41.44823774],[2.19276482,41.44784151],[2.19253462,41.44783517],[2.19258036,41.44720644],[2.19284598,41.44726253],[2.19319128,41.44742718],[2.19333294,41.44751855],[2.1935292,41.44774742],[2.19365167,41.44800706],[2.19368414,41.44829473],[2.19345246,41.44913968],[2.19343771,41.44946807],[2.19350854,41.44975122],[2.19371218,41.45015922],[2.19450607,41.45091912],[2.19473627,41.45119866],[2.19482481,41.45150624],[2.19464183,41.45308576],[2.19434227,41.45370545],[2.19362216,41.45437308],[2.19341115,41.45448525],[2.19233983,41.45483897],[2.19227048,41.45479826]]]},"properties":{"id":"barcelona:osm:way:469118555","name":"Parc sense nom 469118555","nameAddon":null,"objectNumber":"barcelona:osm:way:469118555","district":"Sant Andreu","locality":null,"type":"Park","areaM2":28764,"areaHa":2.88,"designation":null,"dedicated":null,"builtYear":null,"renovatedYear":null,"planningAreaId":null,"planningAreaName":null,"centroid":[2.193751,41.450811],"bounds":[2.19227,41.44721,2.19482,41.45484],"amenities":{"playground":{"status":"observed-nearby","count":2,"nearestMeters":37,"coverage":"community-mapped-observations"},"toilet":{"status":"observed-nearby","count":1,"nearestMeters":48,"coverage":"community-mapped-observations"},"drinkingFountain":{"status":"observed-nearby","count":11,"nearestMeters":0,"coverage":"community-mapped-observations"},"dogRun":{"status":"not-observed","count":0,"nearestMeters":null,"coverage":"community-mapped-observations"}},"sourceId":"parks"}},{"type":"Feature","id":"barcelona:osm:way:474809597","geometry":{"type":"Polygon","coordinates":[[[2.13962564,41.40220735],[2.14039444,41.40162747],[2.14054053,41.40172607],[2.14091387,41.40159128],[2.14151445,41.40183553],[2.14138755,41.40204903],[2.14166202,41.40198933],[2.14182434,41.40203365],[2.14160004,41.40241903],[2.14102011,41.40298715],[2.14088583,41.40297901],[2.14051102,41.4031319],[2.14008308,41.40257554],[2.1398942,41.40242265],[2.13962564,41.40220735]]]},"properties":{"id":"barcelona:osm:way:474809597","name":"Parc de Monterols","nameAddon":null,"objectNumber":"barcelona:osm:way:474809597","district":"Sarrià - Sant Gervasi","locality":null,"type":"Park","areaM2":17883.4,"areaHa":1.79,"designation":null,"dedicated":null,"builtYear":null,"renovatedYear":null,"planningAreaId":null,"planningAreaName":null,"centroid":[2.140741,41.402292],"bounds":[2.13963,41.40159,2.14182,41.40313],"amenities":{"playground":{"status":"observed-nearby","count":2,"nearestMeters":0,"coverage":"community-mapped-observations"},"toilet":{"status":"not-observed","count":0,"nearestMeters":null,"coverage":"community-mapped-observations"},"drinkingFountain":{"status":"observed-nearby","count":5,"nearestMeters":0,"coverage":"community-mapped-observations"},"dogRun":{"status":"observed-nearby","count":1,"nearestMeters":0,"coverage":"community-mapped-observations"}},"sourceId":"parks"}},{"type":"Feature","id":"barcelona:osm:way:474866762","geometry":{"type":"Polygon","coordinates":[[[2.16227224,41.38667451],[2.16304105,41.38612177],[2.16303662,41.38602587],[2.16288463,41.38590103],[2.16283741,41.38593722],[2.16279019,41.38590194],[2.16286102,41.38584675],[2.16308827,41.38584675],[2.16346751,41.3861281],[2.16276068,41.38666275],[2.16317681,41.38697756],[2.16346456,41.38675683],[2.16374345,41.38696852],[2.16345571,41.38718473],[2.16386888,41.38749593],[2.16392791,41.3874516],[2.16416696,41.38763253],[2.16385708,41.38786684],[2.16245817,41.38681382],[2.16227224,41.38667451]]]},"properties":{"id":"barcelona:osm:way:474866762","name":"Jardí Ferran Soldevila","nameAddon":null,"objectNumber":"barcelona:osm:way:474866762","district":"l'Eixample","locality":null,"type":"Park","areaM2":9753.3,"areaHa":0.98,"designation":null,"dedicated":null,"builtYear":null,"renovatedYear":null,"planningAreaId":null,"planningAreaName":null,"centroid":[2.163188,41.386898],"bounds":[2.16227,41.38585,2.16417,41.38787],"amenities":{"playground":{"status":"not-observed","count":0,"nearestMeters":null,"coverage":"community-mapped-observations"},"toilet":{"status":"not-observed","count":0,"nearestMeters":null,"coverage":"community-mapped-observations"},"drinkingFountain":{"status":"observed-nearby","count":3,"nearestMeters":0,"coverage":"community-mapped-observations"},"dogRun":{"status":"not-observed","count":0,"nearestMeters":null,"coverage":"community-mapped-observations"}},"sourceId":"parks"}},{"type":"Feature","id":"barcelona:osm:way:474880546","geometry":{"type":"Polygon","coordinates":[[[2.14045642,41.43666094],[2.14096847,41.43550118],[2.14198223,41.43564321],[2.142329,41.43586485],[2.14231867,41.43620409],[2.14200584,41.43714492],[2.14143329,41.43719468],[2.14045642,41.43666094]]]},"properties":{"id":"barcelona:osm:way:474880546","name":"Jardins del Palau de les Heures","nameAddon":null,"objectNumber":"barcelona:osm:way:474880546","district":"Horta-Guinardó","locality":null,"type":"Park","areaM2":20924.6,"areaHa":2.09,"designation":null,"dedicated":null,"builtYear":null,"renovatedYear":null,"planningAreaId":null,"planningAreaName":null,"centroid":[2.141459,41.436341],"bounds":[2.14046,41.4355,2.14233,41.43719],"amenities":{"playground":{"status":"not-observed","count":0,"nearestMeters":null,"coverage":"community-mapped-observations"},"toilet":{"status":"not-observed","count":0,"nearestMeters":null,"coverage":"community-mapped-observations"},"drinkingFountain":{"status":"not-observed","count":0,"nearestMeters":null,"coverage":"community-mapped-observations"},"dogRun":{"status":"not-observed","count":0,"nearestMeters":null,"coverage":"community-mapped-observations"}},"sourceId":"parks"}},{"type":"Feature","id":"barcelona:osm:way:47492428","geometry":{"type":"Polygon","coordinates":[[[2.14524486,41.35732857],[2.14586758,41.35675321],[2.14606384,41.35634612],[2.14627043,41.35564502],[2.14765753,41.35520536],[2.14781395,41.35531572],[2.14794971,41.35557988],[2.14801463,41.35615886],[2.14808547,41.3563425],[2.1483437,41.35654424],[2.14906529,41.35665822],[2.14951683,41.3564972],[2.14980163,41.35599783],[2.14999051,41.3563814],[2.15023104,41.35647006],[2.15127727,41.35668898],[2.15198262,41.35703003],[2.15303033,41.35765605],[2.15420936,41.35842139],[2.15442333,41.35863579],[2.15479224,41.35885019],[2.15574697,41.35884748],[2.15695552,41.35891894],[2.15777598,41.35923738],[2.15840312,41.35808305],[2.15864808,41.35784331],[2.16065347,41.35894518],[2.16069626,41.35926814],[2.16095302,41.35934865],[2.16114633,41.35962186],[2.16147983,41.35987787],[2.1618871,41.3600398],[2.16209074,41.36084585],[2.16191219,41.36091279],[2.16201991,41.36107201],[2.16171298,41.36148182],[2.16252015,41.36190248],[2.16267509,41.36221639],[2.16268542,41.3623928],[2.16247293,41.36303872],[2.16231799,41.36314547],[2.16239767,41.36338068],[2.1622265,41.36386376],[2.16388659,41.36395965],[2.16388807,41.36398589],[2.16396775,41.36398589],[2.16400022,41.36415777],[2.16443405,41.3640664],[2.1644252,41.36399584],[2.16471147,41.36401393],[2.16497118,41.36410982],[2.16490921,41.36417405],[2.16522352,41.36441921],[2.16537403,41.36428261],[2.16545519,41.36429075],[2.16630073,41.364611],[2.16620924,41.36475032],[2.16567654,41.3645712],[2.1652914,41.36451873],[2.16476607,41.36446535],[2.16398841,41.36453772],[2.16375821,41.36452687],[2.16230471,41.36439931],[2.16203024,41.36435589],[2.16175577,41.36424281],[2.16149606,41.36403655],[2.16133079,41.36364393],[2.16134849,41.36340601],[2.16154623,41.36281437],[2.16155361,41.36257282],[2.16142818,41.36228243],[2.16088514,41.36179302],[2.16015323,41.36143025],[2.15923538,41.36108196],[2.1589919,41.36092546],[2.1579929,41.35982269],[2.15782762,41.35968156],[2.15757529,41.35958024],[2.15727131,41.35953411],[2.15691568,41.35959743],[2.15608194,41.3600199],[2.15573812,41.36004433],[2.15552563,41.36000271],[2.15532052,41.35990773],[2.15482027,41.35930523],[2.15459155,41.35910892],[2.15440857,41.35903564],[2.15415181,41.35899312],[2.15391423,41.35900398],[2.15352024,41.35915596],[2.15288719,41.35983354],[2.15255222,41.36011489],[2.15219512,41.36022616],[2.15171701,41.36028406],[2.15157387,41.36033563],[2.15132154,41.36020626],[2.15041992,41.35989416],[2.14960685,41.35971594],[2.15004068,41.3594165],[2.15018972,41.35944454],[2.15024285,41.35940203],[2.15037123,41.35939388],[2.15114594,41.35884838],[2.15074456,41.35841686],[2.15019563,41.3581717],[2.14972637,41.35814818],[2.15014841,41.35785598],[2.14994477,41.35772842],[2.14973818,41.35764881],[2.14933976,41.35797268],[2.14919957,41.35818165],[2.1483865,41.35838791],[2.14801021,41.35856161],[2.14793938,41.35854351],[2.14780067,41.35828931],[2.14734322,41.3579953],[2.14689905,41.3578017],[2.14580856,41.35787679],[2.14541751,41.35747965],[2.14524486,41.35732857]]]},"properties":{"id":"barcelona:osm:way:47492428","name":"Parc del Mirador del Migdia","nameAddon":null,"objectNumber":"barcelona:osm:way:47492428","district":"Sants-Montjuïc","locality":null,"type":"Park","areaM2":330728.1,"areaHa":33.07,"designation":null,"dedicated":null,"builtYear":null,"renovatedYear":null,"planningAreaId":null,"planningAreaName":null,"centroid":[2.15462,41.359169],"bounds":[2.14524,41.35521,2.1663,41.36475],"amenities":{"playground":{"status":"observed-nearby","count":1,"nearestMeters":29,"coverage":"community-mapped-observations"},"toilet":{"status":"observed-nearby","count":3,"nearestMeters":0,"coverage":"community-mapped-observations"},"drinkingFountain":{"status":"observed-nearby","count":8,"nearestMeters":0,"coverage":"community-mapped-observations"},"dogRun":{"status":"not-observed","count":0,"nearestMeters":null,"coverage":"community-mapped-observations"}},"sourceId":"parks"}},{"type":"Feature","id":"barcelona:osm:way:475042529","geometry":{"type":"Polygon","coordinates":[[[2.14672935,41.43272661],[2.14685183,41.43267053],[2.14700087,41.43244436],[2.14722369,41.43235571],[2.1477136,41.43344672],[2.14764425,41.43351728],[2.14732699,41.43359598],[2.147175,41.43357065],[2.1470717,41.43346933],[2.14672935,41.43272661]]]},"properties":{"id":"barcelona:osm:way:475042529","name":"Jardins de Frida Kahlo","nameAddon":null,"objectNumber":"barcelona:osm:way:475042529","district":"Horta-Guinardó","locality":null,"type":"Park","areaM2":6403.9,"areaHa":0.64,"designation":null,"dedicated":null,"builtYear":null,"renovatedYear":null,"planningAreaId":null,"planningAreaName":null,"centroid":[2.147216,41.433029],"bounds":[2.14673,41.43236,2.14771,41.4336],"amenities":{"playground":{"status":"observed-nearby","count":1,"nearestMeters":20,"coverage":"community-mapped-observations"},"toilet":{"status":"observed-nearby","count":1,"nearestMeters":10,"coverage":"community-mapped-observations"},"drinkingFountain":{"status":"observed-nearby","count":2,"nearestMeters":17,"coverage":"community-mapped-observations"},"dogRun":{"status":"observed-nearby","count":1,"nearestMeters":59,"coverage":"community-mapped-observations"}},"sourceId":"parks"}},{"type":"Feature","id":"barcelona:osm:way:475084683","geometry":{"type":"Polygon","coordinates":[[[2.20846855,41.39935951],[2.20905733,41.39896146],[2.20992058,41.39995115],[2.21031015,41.40029944],[2.21183596,41.40147096],[2.21147,41.40171612],[2.20944395,41.40020174],[2.20874449,41.39960376],[2.20846855,41.39935951]]]},"properties":{"id":"barcelona:osm:way:475084683","name":"Parc del Maresme","nameAddon":null,"objectNumber":"barcelona:osm:way:475084683","district":"Sant Martí","locality":null,"type":"Park","areaM2":17247.1,"areaHa":1.72,"designation":null,"dedicated":null,"builtYear":null,"renovatedYear":null,"planningAreaId":null,"planningAreaName":null,"centroid":[2.210035,41.400308],"bounds":[2.20847,41.39896,2.21184,41.40172],"amenities":{"playground":{"status":"observed-nearby","count":2,"nearestMeters":0,"coverage":"community-mapped-observations"},"toilet":{"status":"not-observed","count":0,"nearestMeters":null,"coverage":"community-mapped-observations"},"drinkingFountain":{"status":"observed-nearby","count":3,"nearestMeters":40,"coverage":"community-mapped-observations"},"dogRun":{"status":"not-observed","count":0,"nearestMeters":null,"coverage":"community-mapped-observations"}},"sourceId":"parks"}},{"type":"Feature","id":"barcelona:osm:way:475084684","geometry":{"type":"Polygon","coordinates":[[[2.21166773,41.40186177],[2.21202041,41.40161028],[2.21377494,41.40292292],[2.21482855,41.40382305],[2.21491561,41.4040465],[2.21480199,41.404241],[2.21289546,41.40280261],[2.21166773,41.40186177]]]},"properties":{"id":"barcelona:osm:way:475084684","name":"Parc del Maresme","nameAddon":null,"objectNumber":"barcelona:osm:way:475084684","district":"Sant Martí","locality":null,"type":"Park","areaM2":14470.4,"areaHa":1.45,"designation":null,"dedicated":null,"builtYear":null,"renovatedYear":null,"planningAreaId":null,"planningAreaName":null,"centroid":[2.21332,41.402866],"bounds":[2.21167,41.40161,2.21492,41.40424],"amenities":{"playground":{"status":"observed-nearby","count":4,"nearestMeters":0,"coverage":"community-mapped-observations"},"toilet":{"status":"not-observed","count":0,"nearestMeters":null,"coverage":"community-mapped-observations"},"drinkingFountain":{"status":"observed-nearby","count":4,"nearestMeters":44,"coverage":"community-mapped-observations"},"dogRun":{"status":"not-observed","count":0,"nearestMeters":null,"coverage":"community-mapped-observations"}},"sourceId":"parks"}},{"type":"Feature","id":"barcelona:osm:way:476703096","geometry":{"type":"Polygon","coordinates":[[[2.19787938,41.4213036],[2.19825419,41.42102316],[2.19846225,41.42117966],[2.19808892,41.4214601],[2.19787938,41.4213036]]]},"properties":{"id":"barcelona:osm:way:476703096","name":"Plaça de Joaquín Maurín","nameAddon":null,"objectNumber":"barcelona:osm:way:476703096","district":"Sant Martí","locality":null,"type":"Park","areaM2":1085.7,"areaHa":0.11,"designation":null,"dedicated":null,"builtYear":null,"renovatedYear":null,"planningAreaId":null,"planningAreaName":null,"centroid":[2.198171,41.421242],"bounds":[2.19788,41.42102,2.19846,41.42146],"amenities":{"playground":{"status":"observed-nearby","count":4,"nearestMeters":0,"coverage":"community-mapped-observations"},"toilet":{"status":"not-observed","count":0,"nearestMeters":null,"coverage":"community-mapped-observations"},"drinkingFountain":{"status":"observed-nearby","count":2,"nearestMeters":0,"coverage":"community-mapped-observations"},"dogRun":{"status":"not-observed","count":0,"nearestMeters":null,"coverage":"community-mapped-observations"}},"sourceId":"parks"}},{"type":"Feature","id":"barcelona:osm:way:480104581","geometry":{"type":"Polygon","coordinates":[[[2.17881266,41.44812918],[2.17945309,41.44800887],[2.17956376,41.44803058],[2.17981462,41.44823955],[2.17941325,41.44849466],[2.17906647,41.44845576],[2.17885398,41.44818618],[2.17881266,41.44812918]]]},"properties":{"id":"barcelona:osm:way:480104581","name":"Parc sense nom 480104581","nameAddon":null,"objectNumber":"barcelona:osm:way:480104581","district":"Nou Barris","locality":null,"type":"Park","areaM2":2848.2,"areaHa":0.28,"designation":null,"dedicated":null,"builtYear":null,"renovatedYear":null,"planningAreaId":null,"planningAreaName":null,"centroid":[2.179316,41.448244],"bounds":[2.17881,41.44801,2.17981,41.44849],"amenities":{"playground":{"status":"observed-nearby","count":3,"nearestMeters":0,"coverage":"community-mapped-observations"},"toilet":{"status":"not-observed","count":0,"nearestMeters":null,"coverage":"community-mapped-observations"},"drinkingFountain":{"status":"observed-nearby","count":3,"nearestMeters":0,"coverage":"community-mapped-observations"},"dogRun":{"status":"not-observed","count":0,"nearestMeters":null,"coverage":"community-mapped-observations"}},"sourceId":"parks"}},{"type":"Feature","id":"barcelona:osm:way:481907177","geometry":{"type":"Polygon","coordinates":[[[2.1750852,41.43151167],[2.17542903,41.43150986],[2.17542017,41.43170436],[2.1750852,41.43151167]]]},"properties":{"id":"barcelona:osm:way:481907177","name":"Parc sense nom 481907177","nameAddon":null,"objectNumber":"barcelona:osm:way:481907177","district":"Nou Barris","locality":null,"type":"Park","areaM2":310.6,"areaHa":0.03,"designation":null,"dedicated":null,"builtYear":null,"renovatedYear":null,"planningAreaId":null,"planningAreaName":null,"centroid":[2.175311,41.431575],"bounds":[2.17509,41.43151,2.17543,41.4317],"amenities":{"playground":{"status":"observed-nearby","count":1,"nearestMeters":0,"coverage":"community-mapped-observations"},"toilet":{"status":"not-observed","count":0,"nearestMeters":null,"coverage":"community-mapped-observations"},"drinkingFountain":{"status":"observed-nearby","count":1,"nearestMeters":9,"coverage":"community-mapped-observations"},"dogRun":{"status":"not-observed","count":0,"nearestMeters":null,"coverage":"community-mapped-observations"}},"sourceId":"parks"}},{"type":"Feature","id":"barcelona:osm:way:48704033","geometry":{"type":"Polygon","coordinates":[[[2.20214397,41.41423014],[2.20266634,41.413852],[2.20283752,41.41397865],[2.20301017,41.41384748],[2.20415969,41.41470689],[2.20370224,41.41505699],[2.20330087,41.41475846],[2.20309723,41.41491315],[2.20214397,41.41423014]]]},"properties":{"id":"barcelona:osm:way:48704033","name":"Plaça de Dolors Vives","nameAddon":null,"objectNumber":"barcelona:osm:way:48704033","district":"Sant Martí","locality":null,"type":"Park","areaM2":10885.5,"areaHa":1.09,"designation":null,"dedicated":null,"builtYear":null,"renovatedYear":null,"planningAreaId":null,"planningAreaName":null,"centroid":[2.203145,41.414433],"bounds":[2.20214,41.41385,2.20416,41.41506],"amenities":{"playground":{"status":"observed-nearby","count":2,"nearestMeters":0,"coverage":"community-mapped-observations"},"toilet":{"status":"not-observed","count":0,"nearestMeters":null,"coverage":"community-mapped-observations"},"drinkingFountain":{"status":"observed-nearby","count":6,"nearestMeters":0,"coverage":"community-mapped-observations"},"dogRun":{"status":"not-observed","count":0,"nearestMeters":null,"coverage":"community-mapped-observations"}},"sourceId":"parks"}},{"type":"Feature","id":"barcelona:osm:way:48707406","geometry":{"type":"Polygon","coordinates":[[[2.19716959,41.41049213],[2.19739832,41.41032115],[2.19731716,41.41026235],[2.19786757,41.40985435],[2.19817598,41.41006966],[2.19739389,41.41067487],[2.19716959,41.41049213]]]},"properties":{"id":"barcelona:osm:way:48707406","name":"Plaça d'Espronceda","nameAddon":null,"objectNumber":"barcelona:osm:way:48707406","district":"Sant Martí","locality":null,"type":"Park","areaM2":3087.7,"areaHa":0.31,"designation":null,"dedicated":null,"builtYear":null,"renovatedYear":null,"planningAreaId":null,"planningAreaName":null,"centroid":[2.197661,41.410251],"bounds":[2.19717,41.40985,2.19818,41.41067],"amenities":{"playground":{"status":"observed-nearby","count":1,"nearestMeters":0,"coverage":"community-mapped-observations"},"toilet":{"status":"not-observed","count":0,"nearestMeters":null,"coverage":"community-mapped-observations"},"drinkingFountain":{"status":"observed-nearby","count":2,"nearestMeters":0,"coverage":"community-mapped-observations"},"dogRun":{"status":"not-observed","count":0,"nearestMeters":null,"coverage":"community-mapped-observations"}},"sourceId":"parks"}},{"type":"Feature","id":"barcelona:osm:way:48707758","geometry":{"type":"Polygon","coordinates":[[[2.19705597,41.41965171],[2.19801661,41.41895422],[2.19827337,41.41897594],[2.19902742,41.41954948],[2.19903775,41.41972046],[2.19812581,41.42043785],[2.19705597,41.41965171]]]},"properties":{"id":"barcelona:osm:way:48707758","name":"Parc de Sant Martí","nameAddon":null,"objectNumber":"barcelona:osm:way:48707758","district":"Sant Martí","locality":null,"type":"Park","areaM2":14993.5,"areaHa":1.5,"designation":null,"dedicated":null,"builtYear":null,"renovatedYear":null,"planningAreaId":null,"planningAreaName":null,"centroid":[2.198104,41.419656],"bounds":[2.19706,41.41895,2.19904,41.42044],"amenities":{"playground":{"status":"observed-nearby","count":4,"nearestMeters":0,"coverage":"community-mapped-observations"},"toilet":{"status":"observed-nearby","count":1,"nearestMeters":30,"coverage":"community-mapped-observations"},"drinkingFountain":{"status":"observed-nearby","count":4,"nearestMeters":0,"coverage":"community-mapped-observations"},"dogRun":{"status":"not-observed","count":0,"nearestMeters":null,"coverage":"community-mapped-observations"}},"sourceId":"parks"}},{"type":"Feature","id":"barcelona:osm:way:48707760","geometry":{"type":"Polygon","coordinates":[[[2.1936502,41.41733219],[2.19369594,41.41732043],[2.19622814,41.41923195],[2.19572495,41.41960919],[2.19647309,41.42017188],[2.19698957,41.41981093],[2.19738799,41.42012213],[2.19666345,41.42044056],[2.1968966,41.4208748],[2.19685823,41.42089832],[2.1967874,41.42083409],[2.1967151,41.42088565],[2.19665902,41.4208359],[2.19649523,41.42098878],[2.19652917,41.42101411],[2.19627978,41.42119052],[2.19514207,41.4216917],[2.19452525,41.41976298],[2.19401616,41.41834449],[2.1936502,41.41733219]]]},"properties":{"id":"barcelona:osm:way:48707760","name":"Parc de Sant Martí","nameAddon":null,"objectNumber":"barcelona:osm:way:48707760","district":"Sant Martí","locality":null,"type":"Park","areaM2":53495.9,"areaHa":5.35,"designation":null,"dedicated":null,"builtYear":null,"renovatedYear":null,"planningAreaId":null,"planningAreaName":null,"centroid":[2.195336,41.419761],"bounds":[2.19365,41.41732,2.19739,41.42169],"amenities":{"playground":{"status":"observed-nearby","count":4,"nearestMeters":0,"coverage":"community-mapped-observations"},"toilet":{"status":"observed-nearby","count":1,"nearestMeters":30,"coverage":"community-mapped-observations"},"drinkingFountain":{"status":"observed-nearby","count":8,"nearestMeters":0,"coverage":"community-mapped-observations"},"dogRun":{"status":"observed-nearby","count":1,"nearestMeters":0,"coverage":"community-mapped-observations"}},"sourceId":"parks"}},{"type":"Feature","id":"barcelona:osm:way:487647537","geometry":{"type":"Polygon","coordinates":[[[2.20559844,41.39789488],[2.20575043,41.39777999],[2.20582126,41.39783789],[2.20592455,41.3977628],[2.20706374,41.39869821],[2.20680551,41.39888185],[2.20559844,41.39789488]]]},"properties":{"id":"barcelona:osm:way:487647537","name":"Parc sense nom 487647537","nameAddon":null,"objectNumber":"barcelona:osm:way:487647537","district":"Sant Martí","locality":null,"type":"Park","areaM2":4361.8,"areaHa":0.44,"designation":null,"dedicated":null,"builtYear":null,"renovatedYear":null,"planningAreaId":null,"planningAreaName":null,"centroid":[2.206341,41.398306],"bounds":[2.2056,41.39776,2.20706,41.39888],"amenities":{"playground":{"status":"observed-nearby","count":1,"nearestMeters":74,"coverage":"community-mapped-observations"},"toilet":{"status":"not-observed","count":0,"nearestMeters":null,"coverage":"community-mapped-observations"},"drinkingFountain":{"status":"observed-nearby","count":2,"nearestMeters":60,"coverage":"community-mapped-observations"},"dogRun":{"status":"not-observed","count":0,"nearestMeters":null,"coverage":"community-mapped-observations"}},"sourceId":"parks"}},{"type":"Feature","id":"barcelona:osm:way:48836030","geometry":{"type":"Polygon","coordinates":[[[2.1861938,41.41142663],[2.18666748,41.41122309],[2.18667781,41.41175683],[2.18662174,41.41171793],[2.1861938,41.41142663]]]},"properties":{"id":"barcelona:osm:way:48836030","name":"Plaça del Doctor Serrat","nameAddon":null,"objectNumber":"barcelona:osm:way:48836030","district":"Sant Martí","locality":null,"type":"Park","areaM2":1182.3,"areaHa":0.12,"designation":null,"dedicated":null,"builtYear":null,"renovatedYear":null,"planningAreaId":null,"planningAreaName":null,"centroid":[2.186513,41.411469],"bounds":[2.18619,41.41122,2.18668,41.41176],"amenities":{"playground":{"status":"observed-nearby","count":1,"nearestMeters":0,"coverage":"community-mapped-observations"},"toilet":{"status":"not-observed","count":0,"nearestMeters":null,"coverage":"community-mapped-observations"},"drinkingFountain":{"status":"observed-nearby","count":1,"nearestMeters":2,"coverage":"community-mapped-observations"},"dogRun":{"status":"not-observed","count":0,"nearestMeters":null,"coverage":"community-mapped-observations"}},"sourceId":"parks"}},{"type":"Feature","id":"barcelona:osm:way:48875222","geometry":{"type":"Polygon","coordinates":[[[2.21120291,41.40384838],[2.21140802,41.40369188],[2.21149066,41.4036964],[2.21244539,41.40441469],[2.21243506,41.40448435],[2.21221372,41.40465442],[2.21211928,41.40464085],[2.21121176,41.40390266],[2.21120291,41.40384838]]]},"properties":{"id":"barcelona:osm:way:48875222","name":"Parc sense nom 48875222","nameAddon":null,"objectNumber":"barcelona:osm:way:48875222","district":"Sant Martí","locality":null,"type":"Park","areaM2":4237.7,"areaHa":0.42,"designation":null,"dedicated":null,"builtYear":null,"renovatedYear":null,"planningAreaId":null,"planningAreaName":null,"centroid":[2.21183,41.404174],"bounds":[2.2112,41.40369,2.21245,41.40465],"amenities":{"playground":{"status":"observed-nearby","count":1,"nearestMeters":68,"coverage":"community-mapped-observations"},"toilet":{"status":"not-observed","count":0,"nearestMeters":null,"coverage":"community-mapped-observations"},"drinkingFountain":{"status":"observed-nearby","count":2,"nearestMeters":0,"coverage":"community-mapped-observations"},"dogRun":{"status":"not-observed","count":0,"nearestMeters":null,"coverage":"community-mapped-observations"}},"sourceId":"parks"}},{"type":"Feature","id":"barcelona:osm:way:48875226","geometry":{"type":"Polygon","coordinates":[[[2.20645873,41.40420662],[2.20648972,41.40399041],[2.20723344,41.40342953],[2.20751529,41.40341686],[2.20826786,41.40399493],[2.20827524,41.40420029],[2.20749463,41.40479103],[2.20722606,41.40478198],[2.20717442,41.40474579],[2.20645873,41.40420662]]]},"properties":{"id":"barcelona:osm:way:48875226","name":"Jardins de Gandhi","nameAddon":null,"objectNumber":"barcelona:osm:way:48875226","district":"Sant Martí","locality":null,"type":"Park","areaM2":14454.9,"areaHa":1.45,"designation":null,"dedicated":null,"builtYear":null,"renovatedYear":null,"planningAreaId":null,"planningAreaName":null,"centroid":[2.207371,41.404104],"bounds":[2.20646,41.40342,2.20828,41.40479],"amenities":{"playground":{"status":"observed-nearby","count":1,"nearestMeters":0,"coverage":"community-mapped-observations"},"toilet":{"status":"not-observed","count":0,"nearestMeters":null,"coverage":"community-mapped-observations"},"drinkingFountain":{"status":"observed-nearby","count":5,"nearestMeters":0,"coverage":"community-mapped-observations"},"dogRun":{"status":"observed-nearby","count":1,"nearestMeters":0,"coverage":"community-mapped-observations"}},"sourceId":"parks"}},{"type":"Feature","id":"barcelona:osm:way:48875229","geometry":{"type":"Polygon","coordinates":[[[2.21012126,41.40301429],[2.21028358,41.40284422],[2.21035589,41.40284331],[2.21132096,41.40357246],[2.21132096,41.40362765],[2.21113355,41.40377149],[2.21104944,41.40377149],[2.21012126,41.40301429]]]},"properties":{"id":"barcelona:osm:way:48875229","name":"Parc sense nom 48875229","nameAddon":null,"objectNumber":"barcelona:osm:way:48875229","district":"Sant Martí","locality":null,"type":"Park","areaM2":3599,"areaHa":0.36,"designation":null,"dedicated":null,"builtYear":null,"renovatedYear":null,"planningAreaId":null,"planningAreaName":null,"centroid":[2.210733,41.403316],"bounds":[2.21012,41.40284,2.21132,41.40377],"amenities":{"playground":{"status":"observed-nearby","count":2,"nearestMeters":62,"coverage":"community-mapped-observations"},"toilet":{"status":"not-observed","count":0,"nearestMeters":null,"coverage":"community-mapped-observations"},"drinkingFountain":{"status":"observed-nearby","count":1,"nearestMeters":38,"coverage":"community-mapped-observations"},"dogRun":{"status":"not-observed","count":0,"nearestMeters":null,"coverage":"community-mapped-observations"}},"sourceId":"parks"}},{"type":"Feature","id":"barcelona:osm:way:48877536","geometry":{"type":"Polygon","coordinates":[[[2.19914547,41.4039488],[2.19975048,41.4035399],[2.20016661,41.40397594],[2.20005299,41.40404017],[2.19985821,41.40383481],[2.1993196,41.40415868],[2.19914547,41.4039488]]]},"properties":{"id":"barcelona:osm:way:48877536","name":"Jardí de Xavier Benguerel","nameAddon":null,"objectNumber":"barcelona:osm:way:48877536","district":"Sant Martí","locality":null,"type":"Park","areaM2":2344.1,"areaHa":0.23,"designation":null,"dedicated":null,"builtYear":null,"renovatedYear":null,"planningAreaId":null,"planningAreaName":null,"centroid":[2.199619,41.403858],"bounds":[2.19915,41.40354,2.20017,41.40416],"amenities":{"playground":{"status":"observed-nearby","count":1,"nearestMeters":42,"coverage":"community-mapped-observations"},"toilet":{"status":"not-observed","count":0,"nearestMeters":null,"coverage":"community-mapped-observations"},"drinkingFountain":{"status":"observed-nearby","count":2,"nearestMeters":0,"coverage":"community-mapped-observations"},"dogRun":{"status":"not-observed","count":0,"nearestMeters":null,"coverage":"community-mapped-observations"}},"sourceId":"parks"}},{"type":"Feature","id":"barcelona:osm:way:48878009","geometry":{"type":"Polygon","coordinates":[[[2.19974753,41.39076443],[2.20008545,41.39028496],[2.20020941,41.39030487],[2.20090443,41.39087751],[2.20138254,41.39114529],[2.20182228,41.39135878],[2.20307067,41.39178216],[2.2036683,41.39210874],[2.20371257,41.39216664],[2.20368306,41.39225258],[2.20308247,41.39269405],[2.20248927,41.39228153],[2.20199936,41.39200199],[2.20035402,41.39076533],[2.20002643,41.39097974],[2.19974753,41.39076443]]]},"properties":{"id":"barcelona:osm:way:48878009","name":"Parc de Nova Icària","nameAddon":null,"objectNumber":"barcelona:osm:way:48878009","district":"Sant Martí","locality":null,"type":"Park","areaM2":18657.5,"areaHa":1.87,"designation":null,"dedicated":null,"builtYear":null,"renovatedYear":null,"planningAreaId":null,"planningAreaName":null,"centroid":[2.201951,41.391611],"bounds":[2.19975,41.39028,2.20371,41.39269],"amenities":{"playground":{"status":"observed-nearby","count":2,"nearestMeters":35,"coverage":"community-mapped-observations"},"toilet":{"status":"observed-nearby","count":3,"nearestMeters":57,"coverage":"community-mapped-observations"},"drinkingFountain":{"status":"observed-nearby","count":6,"nearestMeters":0,"coverage":"community-mapped-observations"},"dogRun":{"status":"observed-nearby","count":1,"nearestMeters":0,"coverage":"community-mapped-observations"}},"sourceId":"parks"}},{"type":"Feature","id":"barcelona:osm:way:488819928","geometry":{"type":"Polygon","coordinates":[[[2.14876869,41.41337706],[2.14903135,41.41343315],[2.14882476,41.41350823],[2.14876869,41.41337706]]]},"properties":{"id":"barcelona:osm:way:488819928","name":"Parc sense nom 488819928","nameAddon":null,"objectNumber":"barcelona:osm:way:488819928","district":"Gràcia","locality":null,"type":"Park","areaM2":158.5,"areaHa":0.02,"designation":null,"dedicated":null,"builtYear":null,"renovatedYear":null,"planningAreaId":null,"planningAreaName":null,"centroid":[2.148875,41.413439],"bounds":[2.14877,41.41338,2.14903,41.41351],"amenities":{"playground":{"status":"not-observed","count":0,"nearestMeters":null,"coverage":"community-mapped-observations"},"toilet":{"status":"not-observed","count":0,"nearestMeters":null,"coverage":"community-mapped-observations"},"drinkingFountain":{"status":"not-observed","count":0,"nearestMeters":null,"coverage":"community-mapped-observations"},"dogRun":{"status":"not-observed","count":0,"nearestMeters":null,"coverage":"community-mapped-observations"}},"sourceId":"parks"}},{"type":"Feature","id":"barcelona:osm:way:488819935","geometry":{"type":"Polygon","coordinates":[[[2.14772246,41.40929075],[2.14810317,41.40898589],[2.14820056,41.40907816],[2.14785822,41.40938484],[2.14772246,41.40929075]]]},"properties":{"id":"barcelona:osm:way:488819935","name":"Parc sense nom 488819935","nameAddon":null,"objectNumber":"barcelona:osm:way:488819935","district":"Gràcia","locality":null,"type":"Park","areaM2":643.7,"areaHa":0.06,"designation":null,"dedicated":null,"builtYear":null,"renovatedYear":null,"planningAreaId":null,"planningAreaName":null,"centroid":[2.147965,41.409189],"bounds":[2.14772,41.40899,2.1482,41.40938],"amenities":{"playground":{"status":"observed-nearby","count":2,"nearestMeters":42,"coverage":"community-mapped-observations"},"toilet":{"status":"not-observed","count":0,"nearestMeters":null,"coverage":"community-mapped-observations"},"drinkingFountain":{"status":"observed-nearby","count":2,"nearestMeters":23,"coverage":"community-mapped-observations"},"dogRun":{"status":"not-observed","count":0,"nearestMeters":null,"coverage":"community-mapped-observations"}},"sourceId":"parks"}},{"type":"Feature","id":"barcelona:osm:way:488819936","geometry":{"type":"Polygon","coordinates":[[[2.14808251,41.40878596],[2.14874803,41.40820065],[2.14897085,41.4083662],[2.1484529,41.40882215],[2.14832747,41.4088719],[2.14815039,41.40884295],[2.14808251,41.40878596]]]},"properties":{"id":"barcelona:osm:way:488819936","name":"Parc sense nom 488819936","nameAddon":null,"objectNumber":"barcelona:osm:way:488819936","district":"Gràcia","locality":null,"type":"Park","areaM2":2141.9,"areaHa":0.21,"designation":null,"dedicated":null,"builtYear":null,"renovatedYear":null,"planningAreaId":null,"planningAreaName":null,"centroid":[2.148537,41.408561],"bounds":[2.14808,41.4082,2.14897,41.40887],"amenities":{"playground":{"status":"observed-nearby","count":3,"nearestMeters":0,"coverage":"community-mapped-observations"},"toilet":{"status":"not-observed","count":0,"nearestMeters":null,"coverage":"community-mapped-observations"},"drinkingFountain":{"status":"observed-nearby","count":1,"nearestMeters":0,"coverage":"community-mapped-observations"},"dogRun":{"status":"not-observed","count":0,"nearestMeters":null,"coverage":"community-mapped-observations"}},"sourceId":"parks"}},{"type":"Feature","id":"barcelona:osm:way:491375644","geometry":{"type":"Polygon","coordinates":[[[2.19788675,41.40626561],[2.19853751,41.40641125],[2.19854489,41.40648272],[2.19840323,41.40658857],[2.19832502,41.40659309],[2.19788675,41.40626561]]]},"properties":{"id":"barcelona:osm:way:491375644","name":"Placeta Vilarasau","nameAddon":null,"objectNumber":"barcelona:osm:way:491375644","district":"Sant Martí","locality":null,"type":"Park","areaM2":885.4,"areaHa":0.09,"designation":null,"dedicated":null,"builtYear":null,"renovatedYear":null,"planningAreaId":null,"planningAreaName":null,"centroid":[2.198278,41.406436],"bounds":[2.19789,41.40627,2.19854,41.40659],"amenities":{"playground":{"status":"not-observed","count":0,"nearestMeters":null,"coverage":"community-mapped-observations"},"toilet":{"status":"observed-nearby","count":1,"nearestMeters":71,"coverage":"community-mapped-observations"},"drinkingFountain":{"status":"observed-nearby","count":1,"nearestMeters":69,"coverage":"community-mapped-observations"},"dogRun":{"status":"not-observed","count":0,"nearestMeters":null,"coverage":"community-mapped-observations"}},"sourceId":"parks"}},{"type":"Feature","id":"barcelona:osm:way:492857499","geometry":{"type":"Polygon","coordinates":[[[2.17890268,41.4473349],[2.18001088,41.44741994],[2.17967001,41.44781527],[2.17955196,41.44787226],[2.17933356,41.44789036],[2.1793011,41.44774742],[2.17901188,41.44778632],[2.17899417,41.44771757],[2.17890268,41.4473349]]]},"properties":{"id":"barcelona:osm:way:492857499","name":"Plaça de les Dones de Nou Barris","nameAddon":null,"objectNumber":"barcelona:osm:way:492857499","district":"Nou Barris","locality":null,"type":"Park","areaM2":3666.5,"areaHa":0.37,"designation":null,"dedicated":null,"builtYear":null,"renovatedYear":null,"planningAreaId":null,"planningAreaName":null,"centroid":[2.179406,41.447581],"bounds":[2.1789,41.44733,2.18001,41.44789],"amenities":{"playground":{"status":"observed-nearby","count":3,"nearestMeters":0,"coverage":"community-mapped-observations"},"toilet":{"status":"not-observed","count":0,"nearestMeters":null,"coverage":"community-mapped-observations"},"drinkingFountain":{"status":"observed-nearby","count":2,"nearestMeters":0,"coverage":"community-mapped-observations"},"dogRun":{"status":"not-observed","count":0,"nearestMeters":null,"coverage":"community-mapped-observations"}},"sourceId":"parks"}},{"type":"Feature","id":"barcelona:osm:way:496264127","geometry":{"type":"Polygon","coordinates":[[[2.20090591,41.41873801],[2.20149616,41.41829383],[2.20183851,41.41854894],[2.20131466,41.41871359],[2.20124531,41.41868916],[2.20101953,41.41882486],[2.20097526,41.41879139],[2.20090591,41.41873801]]]},"properties":{"id":"barcelona:osm:way:496264127","name":"Parc sense nom 496264127","nameAddon":null,"objectNumber":"barcelona:osm:way:496264127","district":"Sant Martí","locality":null,"type":"Park","areaM2":1778.3,"areaHa":0.18,"designation":null,"dedicated":null,"builtYear":null,"renovatedYear":null,"planningAreaId":null,"planningAreaName":null,"centroid":[2.20138,41.418562],"bounds":[2.20091,41.41829,2.20184,41.41882],"amenities":{"playground":{"status":"not-observed","count":0,"nearestMeters":null,"coverage":"community-mapped-observations"},"toilet":{"status":"not-observed","count":0,"nearestMeters":null,"coverage":"community-mapped-observations"},"drinkingFountain":{"status":"observed-nearby","count":1,"nearestMeters":37,"coverage":"community-mapped-observations"},"dogRun":{"status":"not-observed","count":0,"nearestMeters":null,"coverage":"community-mapped-observations"}},"sourceId":"parks"}},{"type":"Feature","id":"barcelona:osm:way:498863758","geometry":{"type":"Polygon","coordinates":[[[2.19436588,41.41170165],[2.19438802,41.41157138],[2.1946315,41.41143025],[2.19483514,41.41149539],[2.19481153,41.41185363],[2.19473184,41.41192419],[2.19448984,41.41191153],[2.19453853,41.41183644],[2.19440425,41.41181925],[2.19441753,41.41174417],[2.19448393,41.41171522],[2.19436588,41.41170165]]]},"properties":{"id":"barcelona:osm:way:498863758","name":"Parc sense nom 498863758","nameAddon":null,"objectNumber":"barcelona:osm:way:498863758","district":"Sant Martí","locality":null,"type":"Park","areaM2":1628.7,"areaHa":0.16,"designation":null,"dedicated":null,"builtYear":null,"renovatedYear":null,"planningAreaId":null,"planningAreaName":null,"centroid":[2.194624,41.411681],"bounds":[2.19437,41.41143,2.19484,41.41192],"amenities":{"playground":{"status":"observed-nearby","count":3,"nearestMeters":25,"coverage":"community-mapped-observations"},"toilet":{"status":"not-observed","count":0,"nearestMeters":null,"coverage":"community-mapped-observations"},"drinkingFountain":{"status":"observed-nearby","count":2,"nearestMeters":2,"coverage":"community-mapped-observations"},"dogRun":{"status":"observed-nearby","count":1,"nearestMeters":21,"coverage":"community-mapped-observations"}},"sourceId":"parks"}},{"type":"Feature","id":"barcelona:osm:way:50219676","geometry":{"type":"Polygon","coordinates":[[[2.19628274,41.41286684],[2.19655573,41.41266238],[2.19665165,41.41273928],[2.19664869,41.41292202],[2.19649965,41.41303148],[2.1963093,41.41288674],[2.19628274,41.41286684]]]},"properties":{"id":"barcelona:osm:way:50219676","name":"Parc sense nom 50219676","nameAddon":null,"objectNumber":"barcelona:osm:way:50219676","district":"Sant Martí","locality":null,"type":"Park","areaM2":723.6,"areaHa":0.07,"designation":null,"dedicated":null,"builtYear":null,"renovatedYear":null,"planningAreaId":null,"planningAreaName":null,"centroid":[2.196504,41.41285],"bounds":[2.19628,41.41266,2.19665,41.41303],"amenities":{"playground":{"status":"observed-nearby","count":3,"nearestMeters":0,"coverage":"community-mapped-observations"},"toilet":{"status":"not-observed","count":0,"nearestMeters":null,"coverage":"community-mapped-observations"},"drinkingFountain":{"status":"observed-nearby","count":2,"nearestMeters":63,"coverage":"community-mapped-observations"},"dogRun":{"status":"not-observed","count":0,"nearestMeters":null,"coverage":"community-mapped-observations"}},"sourceId":"parks"}},{"type":"Feature","id":"barcelona:osm:way:50220082","geometry":{"type":"Polygon","coordinates":[[[2.1985803,41.41456577],[2.1990289,41.41422381],[2.1990835,41.41425728],[2.1996826,41.41382396],[2.20020055,41.414203],[2.19969293,41.41460648],[2.19966785,41.41470147],[2.19921188,41.41504071],[2.19918089,41.41501809],[2.1985803,41.41456577]]]},"properties":{"id":"barcelona:osm:way:50220082","name":"Plaça dels Porxos","nameAddon":null,"objectNumber":"barcelona:osm:way:50220082","district":"Sant Martí","locality":null,"type":"Park","areaM2":8339.9,"areaHa":0.83,"designation":null,"dedicated":null,"builtYear":null,"renovatedYear":null,"planningAreaId":null,"planningAreaName":null,"centroid":[2.199395,41.414429],"bounds":[2.19858,41.41382,2.2002,41.41504],"amenities":{"playground":{"status":"observed-nearby","count":2,"nearestMeters":0,"coverage":"community-mapped-observations"},"toilet":{"status":"not-observed","count":0,"nearestMeters":null,"coverage":"community-mapped-observations"},"drinkingFountain":{"status":"observed-nearby","count":3,"nearestMeters":0,"coverage":"community-mapped-observations"},"dogRun":{"status":"not-observed","count":0,"nearestMeters":null,"coverage":"community-mapped-observations"}},"sourceId":"parks"}},{"type":"Feature","id":"barcelona:osm:way:502744346","geometry":{"type":"Polygon","coordinates":[[[2.19004227,41.40287679],[2.19034772,41.40263796],[2.19054693,41.40264881],[2.19066056,41.40273385],[2.1906399,41.40310566],[2.1908214,41.40311019],[2.1908214,41.40295549],[2.1908642,41.40303329],[2.19095273,41.40307219],[2.19078894,41.40333363],[2.19094978,41.40338158],[2.19109735,41.40317623],[2.19119917,41.40329112],[2.1909424,41.40349647],[2.19107078,41.40358694],[2.19089814,41.40371178],[2.19019278,41.40319251],[2.19032559,41.40308847],[2.19004227,41.40287679]]]},"properties":{"id":"barcelona:osm:way:502744346","name":"Parc sense nom 502744346","nameAddon":null,"objectNumber":"barcelona:osm:way:502744346","district":"Sant Martí","locality":null,"type":"Park","areaM2":4697.9,"areaHa":0.47,"designation":null,"dedicated":null,"builtYear":null,"renovatedYear":null,"planningAreaId":null,"planningAreaName":null,"centroid":[2.190589,41.403145],"bounds":[2.19004,41.40264,2.1912,41.40371],"amenities":{"playground":{"status":"observed-nearby","count":1,"nearestMeters":68,"coverage":"community-mapped-observations"},"toilet":{"status":"not-observed","count":0,"nearestMeters":null,"coverage":"community-mapped-observations"},"drinkingFountain":{"status":"not-observed","count":0,"nearestMeters":null,"coverage":"community-mapped-observations"},"dogRun":{"status":"not-observed","count":0,"nearestMeters":null,"coverage":"community-mapped-observations"}},"sourceId":"parks"}},{"type":"Feature","id":"barcelona:osm:way:505819959","geometry":{"type":"Polygon","coordinates":[[[2.20912668,41.41273295],[2.20946903,41.41251674],[2.20970218,41.41268862],[2.20937754,41.41291207],[2.2092285,41.41280622],[2.20912668,41.41273295]]]},"properties":{"id":"barcelona:osm:way:505819959","name":"Jardins de Rosa M. Arquimbau","nameAddon":null,"objectNumber":"barcelona:osm:way:505819959","district":"Sant Martí","locality":null,"type":"Park","areaM2":1046.9,"areaHa":0.1,"designation":null,"dedicated":null,"builtYear":null,"renovatedYear":null,"planningAreaId":null,"planningAreaName":null,"centroid":[2.209417,41.412714],"bounds":[2.20913,41.41252,2.2097,41.41291],"amenities":{"playground":{"status":"not-observed","count":0,"nearestMeters":null,"coverage":"community-mapped-observations"},"toilet":{"status":"not-observed","count":0,"nearestMeters":null,"coverage":"community-mapped-observations"},"drinkingFountain":{"status":"not-observed","count":0,"nearestMeters":null,"coverage":"community-mapped-observations"},"dogRun":{"status":"not-observed","count":0,"nearestMeters":null,"coverage":"community-mapped-observations"}},"sourceId":"parks"}},{"type":"Feature","id":"barcelona:osm:way:506972822","geometry":{"type":"Polygon","coordinates":[[[2.18844415,41.44238918],[2.19026361,41.44248507],[2.1902459,41.44316356],[2.19017212,41.44315994],[2.19016474,41.44329564],[2.19023262,41.44329745],[2.19021934,41.44350552],[2.18970434,41.44347747],[2.18969549,41.44362312],[2.19024148,41.44364393],[2.19023262,41.44379772],[2.19003931,41.44380586],[2.18999209,41.44405735],[2.18920705,41.44403022],[2.18921886,41.44389361],[2.18894587,41.44388638],[2.18865221,41.44442283],[2.18856663,41.44437036],[2.18846776,41.44256468],[2.18844415,41.44238918]]]},"properties":{"id":"barcelona:osm:way:506972822","name":"Parc d'Antoni Santiburcio","nameAddon":null,"objectNumber":"barcelona:osm:way:506972822","district":"Sant Andreu","locality":null,"type":"Park","areaM2":24891.8,"areaHa":2.49,"designation":null,"dedicated":null,"builtYear":null,"renovatedYear":null,"planningAreaId":null,"planningAreaName":null,"centroid":[2.189317,41.44322],"bounds":[2.18844,41.44239,2.19026,41.44442],"amenities":{"playground":{"status":"observed-nearby","count":2,"nearestMeters":0,"coverage":"community-mapped-observations"},"toilet":{"status":"not-observed","count":0,"nearestMeters":null,"coverage":"community-mapped-observations"},"drinkingFountain":{"status":"observed-nearby","count":4,"nearestMeters":0,"coverage":"community-mapped-observations"},"dogRun":{"status":"observed-nearby","count":1,"nearestMeters":0,"coverage":"community-mapped-observations"}},"sourceId":"parks"}},{"type":"Feature","id":"barcelona:osm:way:510232523","geometry":{"type":"Polygon","coordinates":[[[2.18552091,41.41343496],[2.18664977,41.41315904],[2.18666158,41.41387823],[2.18624397,41.41399041],[2.18623955,41.41365207],[2.18580276,41.41365388],[2.18605952,41.41410982],[2.18599312,41.4141252],[2.18552091,41.41343496]]]},"properties":{"id":"barcelona:osm:way:510232523","name":"Plaça de Lolita Torrentó i Prim","nameAddon":null,"objectNumber":"barcelona:osm:way:510232523","district":"Sant Martí","locality":null,"type":"Park","areaM2":5176,"areaHa":0.52,"designation":null,"dedicated":null,"builtYear":null,"renovatedYear":null,"planningAreaId":null,"planningAreaName":null,"centroid":[2.186211,41.413568],"bounds":[2.18552,41.41316,2.18666,41.41413],"amenities":{"playground":{"status":"observed-nearby","count":2,"nearestMeters":0,"coverage":"community-mapped-observations"},"toilet":{"status":"not-observed","count":0,"nearestMeters":null,"coverage":"community-mapped-observations"},"drinkingFountain":{"status":"observed-nearby","count":2,"nearestMeters":0,"coverage":"community-mapped-observations"},"dogRun":{"status":"observed-nearby","count":1,"nearestMeters":0,"coverage":"community-mapped-observations"}},"sourceId":"parks"}},{"type":"Feature","id":"barcelona:osm:way:52513962","geometry":{"type":"Polygon","coordinates":[[[2.15238547,41.41835444],[2.1523958,41.41796906],[2.15246073,41.41779989],[2.15298606,41.4173738],[2.15287834,41.41725348],[2.1531469,41.41697123],[2.15312624,41.41671883],[2.15299196,41.41658314],[2.15362501,41.41612538],[2.15430823,41.41673512],[2.15441447,41.41667903],[2.15446169,41.41670888],[2.15515377,41.41623394],[2.15573222,41.41638773],[2.15604063,41.41609734],[2.15645823,41.41688348],[2.15631362,41.41742898],[2.15639626,41.41758368],[2.15658219,41.41773204],[2.15694962,41.41783879],[2.1572049,41.41786503],[2.15745576,41.41779446],[2.15849609,41.41704541],[2.15734804,41.4180939],[2.15731705,41.41823865],[2.15711194,41.41853628],[2.15677992,41.41863488],[2.15654825,41.41928352],[2.15626787,41.41952234],[2.15602735,41.41962547],[2.15587831,41.41918401],[2.15615425,41.41895422],[2.15527034,41.41872263],[2.15531166,41.41942012],[2.15440562,41.41912339],[2.15439677,41.41899584],[2.1540736,41.41878867],[2.15367223,41.41903926],[2.15398359,41.41927266],[2.153898,41.41939298],[2.15350105,41.41970689],[2.15353352,41.41978741],[2.15384931,41.41997829],[2.15410754,41.4199231],[2.15435397,41.42008232],[2.15447202,41.41991496],[2.15476863,41.42006513],[2.15382569,41.42091189],[2.15358959,41.42078433],[2.15381684,41.42056722],[2.15364124,41.42043152],[2.15343613,41.42054369],[2.15323249,41.42045504],[2.1529108,41.42018183],[2.15270569,41.41991949],[2.15289457,41.41981817],[2.15287538,41.41968699],[2.1526806,41.41971504],[2.15261272,41.41950878],[2.15269536,41.41949521],[2.1526806,41.41940293],[2.15259649,41.41939298],[2.15245188,41.41871268],[2.15260534,41.41870454],[2.15269683,41.4185806],[2.1526319,41.41836349],[2.15238547,41.41835444]]]},"properties":{"id":"barcelona:osm:way:52513962","name":"Parc del Carmel","nameAddon":null,"objectNumber":"barcelona:osm:way:52513962","district":"Horta-Guinardó","locality":null,"type":"Park","areaM2":119141.2,"areaHa":11.91,"designation":null,"dedicated":null,"builtYear":null,"renovatedYear":null,"planningAreaId":null,"planningAreaName":null,"centroid":[2.154608,41.418146],"bounds":[2.15239,41.4161,2.1585,41.42091],"amenities":{"playground":{"status":"observed-nearby","count":3,"nearestMeters":0,"coverage":"community-mapped-observations"},"toilet":{"status":"not-observed","count":0,"nearestMeters":null,"coverage":"community-mapped-observations"},"drinkingFountain":{"status":"observed-nearby","count":11,"nearestMeters":0,"coverage":"community-mapped-observations"},"dogRun":{"status":"not-observed","count":0,"nearestMeters":null,"coverage":"community-mapped-observations"}},"sourceId":"parks"}},{"type":"Feature","id":"barcelona:osm:way:53161808","geometry":{"type":"Polygon","coordinates":[[[2.17808222,41.39992582],[2.17815896,41.39986883],[2.17843195,41.40007418],[2.1786533,41.39989868],[2.17894104,41.4000968],[2.17871527,41.40027773],[2.17901925,41.40049575],[2.17892334,41.40055184],[2.17865625,41.40035462],[2.17859132,41.40037091],[2.17855148,41.40026959],[2.17827701,41.40007237],[2.17808222,41.39992582]]]},"properties":{"id":"barcelona:osm:way:53161808","name":"Jardins Clotilde Cerdà","nameAddon":null,"objectNumber":"barcelona:osm:way:53161808","district":"l'Eixample","locality":null,"type":"Park","areaM2":1851.8,"areaHa":0.19,"designation":null,"dedicated":null,"builtYear":null,"renovatedYear":null,"planningAreaId":null,"planningAreaName":null,"centroid":[2.178619,41.400157],"bounds":[2.17808,41.39987,2.17902,41.40055],"amenities":{"playground":{"status":"observed-nearby","count":2,"nearestMeters":0,"coverage":"community-mapped-observations"},"toilet":{"status":"not-observed","count":0,"nearestMeters":null,"coverage":"community-mapped-observations"},"drinkingFountain":{"status":"observed-nearby","count":2,"nearestMeters":0,"coverage":"community-mapped-observations"},"dogRun":{"status":"not-observed","count":0,"nearestMeters":null,"coverage":"community-mapped-observations"}},"sourceId":"parks"}},{"type":"Feature","id":"barcelona:osm:way:532555454","geometry":{"type":"Polygon","coordinates":[[[2.15914094,41.38390899],[2.15952903,41.38368193],[2.15924571,41.38346571],[2.1592885,41.38342229],[2.15945673,41.38355799],[2.15953789,41.38350461],[2.15961167,41.38356794],[2.15955855,41.38360865],[2.15999091,41.38391352],[2.15954674,41.38421567],[2.15914094,41.38390899]]]},"properties":{"id":"barcelona:osm:way:532555454","name":"Jardins de Cèsar Martinell","nameAddon":null,"objectNumber":"barcelona:osm:way:532555454","district":"l'Eixample","locality":null,"type":"Park","areaM2":2593.7,"areaHa":0.26,"designation":null,"dedicated":null,"builtYear":null,"renovatedYear":null,"planningAreaId":null,"planningAreaName":null,"centroid":[2.159555,41.383882],"bounds":[2.15914,41.38342,2.15999,41.38422],"amenities":{"playground":{"status":"observed-nearby","count":1,"nearestMeters":0,"coverage":"community-mapped-observations"},"toilet":{"status":"not-observed","count":0,"nearestMeters":null,"coverage":"community-mapped-observations"},"drinkingFountain":{"status":"observed-nearby","count":2,"nearestMeters":0,"coverage":"community-mapped-observations"},"dogRun":{"status":"not-observed","count":0,"nearestMeters":null,"coverage":"community-mapped-observations"}},"sourceId":"parks"}},{"type":"Feature","id":"barcelona:osm:way:532555468","geometry":{"type":"Polygon","coordinates":[[[2.15240023,41.37878325],[2.15250795,41.37870273],[2.15248286,41.37867469],[2.15253746,41.3786385],[2.15262895,41.37870816],[2.15271011,41.37864483],[2.15278094,41.37869821],[2.15293293,41.3785797],[2.15324282,41.37883481],[2.15300672,41.37899132],[2.15292408,41.3789307],[2.15286063,41.37898317],[2.15256698,41.37891442],[2.15240023,41.37878325]]]},"properties":{"id":"barcelona:osm:way:532555468","name":"Jardines de Sebastià Gasch","nameAddon":null,"objectNumber":"barcelona:osm:way:532555468","district":"l'Eixample","locality":null,"type":"Park","areaM2":1842.2,"areaHa":0.18,"designation":null,"dedicated":null,"builtYear":null,"renovatedYear":null,"planningAreaId":null,"planningAreaName":null,"centroid":[2.152828,41.378802],"bounds":[2.1524,41.37858,2.15324,41.37899],"amenities":{"playground":{"status":"not-observed","count":0,"nearestMeters":null,"coverage":"community-mapped-observations"},"toilet":{"status":"not-observed","count":0,"nearestMeters":null,"coverage":"community-mapped-observations"},"drinkingFountain":{"status":"observed-nearby","count":3,"nearestMeters":0,"coverage":"community-mapped-observations"},"dogRun":{"status":"not-observed","count":0,"nearestMeters":null,"coverage":"community-mapped-observations"}},"sourceId":"parks"}},{"type":"Feature","id":"barcelona:osm:way:543937678","geometry":{"type":"Polygon","coordinates":[[[2.10271256,41.38061878],[2.10275241,41.38033653],[2.1045881,41.37923376],[2.10507211,41.37915596],[2.10372633,41.3801954],[2.10340611,41.38034919],[2.10287488,41.38053284],[2.10271256,41.38061878]]]},"properties":{"id":"barcelona:osm:way:543937678","name":"Parc sense nom 543937678","nameAddon":null,"objectNumber":"barcelona:osm:way:543937678","district":"les Corts","locality":null,"type":"Park","areaM2":6907.3,"areaHa":0.69,"designation":null,"dedicated":null,"builtYear":null,"renovatedYear":null,"planningAreaId":null,"planningAreaName":null,"centroid":[2.103785,41.3799],"bounds":[2.10271,41.37916,2.10507,41.38062],"amenities":{"playground":{"status":"not-observed","count":0,"nearestMeters":null,"coverage":"community-mapped-observations"},"toilet":{"status":"not-observed","count":0,"nearestMeters":null,"coverage":"community-mapped-observations"},"drinkingFountain":{"status":"not-observed","count":0,"nearestMeters":null,"coverage":"community-mapped-observations"},"dogRun":{"status":"not-observed","count":0,"nearestMeters":null,"coverage":"community-mapped-observations"}},"sourceId":"parks"}},{"type":"Feature","id":"barcelona:osm:way:544399847","geometry":{"type":"Polygon","coordinates":[[[2.16485018,41.42885833],[2.16523828,41.42846119],[2.1657031,41.42874706],[2.16551717,41.42922924],[2.16540945,41.42916772],[2.16485018,41.42885833]]]},"properties":{"id":"barcelona:osm:way:544399847","name":"Plaça del colors","nameAddon":null,"objectNumber":"barcelona:osm:way:544399847","district":"Nou Barris","locality":null,"type":"Park","areaM2":3190.7,"areaHa":0.32,"designation":null,"dedicated":null,"builtYear":null,"renovatedYear":null,"planningAreaId":null,"planningAreaName":null,"centroid":[2.165317,41.428834],"bounds":[2.16485,41.42846,2.1657,41.42923],"amenities":{"playground":{"status":"observed-nearby","count":3,"nearestMeters":0,"coverage":"community-mapped-observations"},"toilet":{"status":"not-observed","count":0,"nearestMeters":null,"coverage":"community-mapped-observations"},"drinkingFountain":{"status":"observed-nearby","count":1,"nearestMeters":0,"coverage":"community-mapped-observations"},"dogRun":{"status":"not-observed","count":0,"nearestMeters":null,"coverage":"community-mapped-observations"}},"sourceId":"parks"}},{"type":"Feature","id":"barcelona:osm:way:545464854","geometry":{"type":"Polygon","coordinates":[[[2.18308316,41.43215397],[2.1831717,41.43208974],[2.18334582,41.43209517],[2.18336943,41.43259725],[2.18323367,41.43268681],[2.18308316,41.43215397]]]},"properties":{"id":"barcelona:osm:way:545464854","name":"Parc sense nom 545464854","nameAddon":null,"objectNumber":"barcelona:osm:way:545464854","district":"Sant Andreu","locality":null,"type":"Park","areaM2":1087.1,"areaHa":0.11,"designation":null,"dedicated":null,"builtYear":null,"renovatedYear":null,"planningAreaId":null,"planningAreaName":null,"centroid":[2.183249,41.432347],"bounds":[2.18308,41.43209,2.18337,41.43269],"amenities":{"playground":{"status":"not-observed","count":0,"nearestMeters":null,"coverage":"community-mapped-observations"},"toilet":{"status":"not-observed","count":0,"nearestMeters":null,"coverage":"community-mapped-observations"},"drinkingFountain":{"status":"observed-nearby","count":2,"nearestMeters":52,"coverage":"community-mapped-observations"},"dogRun":{"status":"not-observed","count":0,"nearestMeters":null,"coverage":"community-mapped-observations"}},"sourceId":"parks"}},{"type":"Feature","id":"barcelona:osm:way:545464868","geometry":{"type":"Polygon","coordinates":[[[2.18375162,41.43390628],[2.18409102,41.43388638],[2.18400248,41.43454496],[2.18385639,41.43422381],[2.18383573,41.43416953],[2.18375162,41.43390628]]]},"properties":{"id":"barcelona:osm:way:545464868","name":"Parc sense nom 545464868","nameAddon":null,"objectNumber":"barcelona:osm:way:545464868","district":"Sant Andreu","locality":null,"type":"Park","areaM2":1081.5,"areaHa":0.11,"designation":null,"dedicated":null,"builtYear":null,"renovatedYear":null,"planningAreaId":null,"planningAreaName":null,"centroid":[2.183944,41.434119],"bounds":[2.18375,41.43389,2.18409,41.43454],"amenities":{"playground":{"status":"not-observed","count":0,"nearestMeters":null,"coverage":"community-mapped-observations"},"toilet":{"status":"not-observed","count":0,"nearestMeters":null,"coverage":"community-mapped-observations"},"drinkingFountain":{"status":"observed-nearby","count":1,"nearestMeters":4,"coverage":"community-mapped-observations"},"dogRun":{"status":"not-observed","count":0,"nearestMeters":null,"coverage":"community-mapped-observations"}},"sourceId":"parks"}},{"type":"Feature","id":"barcelona:osm:way:545935418","geometry":{"type":"Polygon","coordinates":[[[2.13197446,41.411888],[2.13231385,41.41163018],[2.13283328,41.4120038],[2.13255291,41.41221458],[2.13238616,41.41212502],[2.13233599,41.41215397],[2.13197446,41.411888]]]},"properties":{"id":"barcelona:osm:way:545935418","name":"Parc sense nom 545935418","nameAddon":null,"objectNumber":"barcelona:osm:way:545935418","district":"Sarrià - Sant Gervasi","locality":null,"type":"Park","areaM2":2322.3,"areaHa":0.23,"designation":null,"dedicated":null,"builtYear":null,"renovatedYear":null,"planningAreaId":null,"planningAreaName":null,"centroid":[2.132401,41.411935],"bounds":[2.13197,41.41163,2.13283,41.41221],"amenities":{"playground":{"status":"not-observed","count":0,"nearestMeters":null,"coverage":"community-mapped-observations"},"toilet":{"status":"not-observed","count":0,"nearestMeters":null,"coverage":"community-mapped-observations"},"drinkingFountain":{"status":"not-observed","count":0,"nearestMeters":null,"coverage":"community-mapped-observations"},"dogRun":{"status":"not-observed","count":0,"nearestMeters":null,"coverage":"community-mapped-observations"}},"sourceId":"parks"}},{"type":"Feature","id":"barcelona:osm:way:546186548","geometry":{"type":"Polygon","coordinates":[[[2.18090069,41.38988601],[2.18124599,41.38975394],[2.18131239,41.38977836],[2.18129174,41.38990592],[2.18107334,41.39002081],[2.18090069,41.38988601]]]},"properties":{"id":"barcelona:osm:way:546186548","name":"Placeta del Comerç","nameAddon":null,"objectNumber":"barcelona:osm:way:546186548","district":"Ciutat Vella","locality":null,"type":"Park","areaM2":542.3,"areaHa":0.05,"designation":null,"dedicated":null,"builtYear":null,"renovatedYear":null,"planningAreaId":null,"planningAreaName":null,"centroid":[2.181132,41.389883],"bounds":[2.1809,41.38975,2.18131,41.39002],"amenities":{"playground":{"status":"not-observed","count":0,"nearestMeters":null,"coverage":"community-mapped-observations"},"toilet":{"status":"not-observed","count":0,"nearestMeters":null,"coverage":"community-mapped-observations"},"drinkingFountain":{"status":"observed-nearby","count":1,"nearestMeters":8,"coverage":"community-mapped-observations"},"dogRun":{"status":"not-observed","count":0,"nearestMeters":null,"coverage":"community-mapped-observations"}},"sourceId":"parks"}},{"type":"Feature","id":"barcelona:osm:way:54754009","geometry":{"type":"Polygon","coordinates":[[[2.12982593,41.41578705],[2.13046045,41.41537814],[2.13080575,41.41552108],[2.13197446,41.41565949],[2.13216039,41.41596255],[2.1321294,41.41604758],[2.1318387,41.41596888],[2.13180181,41.4160304],[2.13150225,41.41601321],[2.1312204,41.4160693],[2.13119827,41.41602768],[2.13105218,41.41607291],[2.13108022,41.41612358],[2.13053718,41.41631265],[2.13022435,41.41635245],[2.13007088,41.41630812],[2.12993512,41.41617876],[2.12982593,41.41578705]]]},"properties":{"id":"barcelona:osm:way:54754009","name":"Parc de la Font del Racó","nameAddon":null,"objectNumber":"barcelona:osm:way:54754009","district":"Sarrià - Sant Gervasi","locality":null,"type":"Park","areaM2":12200.2,"areaHa":1.22,"designation":null,"dedicated":null,"builtYear":null,"renovatedYear":null,"planningAreaId":null,"planningAreaName":null,"centroid":[2.130823,41.415869],"bounds":[2.12983,41.41538,2.13216,41.41635],"amenities":{"playground":{"status":"not-observed","count":0,"nearestMeters":null,"coverage":"community-mapped-observations"},"toilet":{"status":"not-observed","count":0,"nearestMeters":null,"coverage":"community-mapped-observations"},"drinkingFountain":{"status":"observed-nearby","count":1,"nearestMeters":0,"coverage":"community-mapped-observations"},"dogRun":{"status":"not-observed","count":0,"nearestMeters":null,"coverage":"community-mapped-observations"}},"sourceId":"parks"}},{"type":"Feature","id":"barcelona:osm:way:54866174","geometry":{"type":"Polygon","coordinates":[[[2.16753289,41.4098824],[2.16904837,41.40878234],[2.16936121,41.40896418],[2.16956927,41.40880677],[2.17000754,41.4090863],[2.17005918,41.40930251],[2.16989539,41.40943188],[2.16973454,41.40933689],[2.16886687,41.41000452],[2.16901148,41.41010856],[2.16842418,41.41056179],[2.16754765,41.41002171],[2.16753289,41.4098824]]]},"properties":{"id":"barcelona:osm:way:54866174","name":"Jardins del Baix Guinardó","nameAddon":null,"objectNumber":"barcelona:osm:way:54866174","district":"Horta-Guinardó","locality":null,"type":"Park","areaM2":19084.9,"areaHa":1.91,"designation":null,"dedicated":null,"builtYear":null,"renovatedYear":null,"planningAreaId":null,"planningAreaName":null,"centroid":[2.168743,41.409615],"bounds":[2.16753,41.40878,2.17006,41.41056],"amenities":{"playground":{"status":"observed-nearby","count":2,"nearestMeters":0,"coverage":"community-mapped-observations"},"toilet":{"status":"observed-nearby","count":1,"nearestMeters":0,"coverage":"community-mapped-observations"},"drinkingFountain":{"status":"observed-nearby","count":3,"nearestMeters":0,"coverage":"community-mapped-observations"},"dogRun":{"status":"observed-nearby","count":1,"nearestMeters":0,"coverage":"community-mapped-observations"}},"sourceId":"parks"}},{"type":"Feature","id":"barcelona:osm:way:55065741","geometry":{"type":"Polygon","coordinates":[[[2.12778807,41.39375882],[2.12809796,41.39304596],[2.12861,41.39314637],[2.12896563,41.39238285],[2.1290217,41.39239823],[2.12896268,41.39254026],[2.12904236,41.39255925],[2.12910286,41.39241722],[2.1291855,41.39244165],[2.12943341,41.39269767],[2.12930945,41.39293287],[2.12895235,41.39316356],[2.12823076,41.39373982],[2.12806106,41.39382486],[2.12790612,41.39378415],[2.12778807,41.39375882]]]},"properties":{"id":"barcelona:osm:way:55065741","name":"Jardins de Joan Vinyolí","nameAddon":null,"objectNumber":"barcelona:osm:way:55065741","district":"Sarrià - Sant Gervasi","locality":null,"type":"Park","areaM2":7538.7,"areaHa":0.75,"designation":null,"dedicated":null,"builtYear":null,"renovatedYear":null,"planningAreaId":null,"planningAreaName":null,"centroid":[2.128608,41.393145],"bounds":[2.12779,41.39238,2.12943,41.39382],"amenities":{"playground":{"status":"observed-nearby","count":1,"nearestMeters":0,"coverage":"community-mapped-observations"},"toilet":{"status":"not-observed","count":0,"nearestMeters":null,"coverage":"community-mapped-observations"},"drinkingFountain":{"status":"observed-nearby","count":2,"nearestMeters":1,"coverage":"community-mapped-observations"},"dogRun":{"status":"not-observed","count":0,"nearestMeters":null,"coverage":"community-mapped-observations"}},"sourceId":"parks"}},{"type":"Feature","id":"barcelona:osm:way:550950814","geometry":{"type":"Polygon","coordinates":[[[2.13749039,41.36986883],[2.13757893,41.36972589],[2.1378106,41.36987787],[2.13790357,41.36979193],[2.13803047,41.36985073],[2.13789766,41.36999005],[2.13749039,41.36986883]]]},"properties":{"id":"barcelona:osm:way:550950814","name":"Sant Medir","nameAddon":null,"objectNumber":"barcelona:osm:way:550950814","district":"Sants-Montjuïc","locality":null,"type":"Park","areaM2":608.6,"areaHa":0.06,"designation":null,"dedicated":null,"builtYear":null,"renovatedYear":null,"planningAreaId":null,"planningAreaName":null,"centroid":[2.137756,41.369869],"bounds":[2.13749,41.36973,2.13803,41.36999],"amenities":{"playground":{"status":"observed-nearby","count":2,"nearestMeters":12,"coverage":"community-mapped-observations"},"toilet":{"status":"not-observed","count":0,"nearestMeters":null,"coverage":"community-mapped-observations"},"drinkingFountain":{"status":"observed-nearby","count":1,"nearestMeters":23,"coverage":"community-mapped-observations"},"dogRun":{"status":"not-observed","count":0,"nearestMeters":null,"coverage":"community-mapped-observations"}},"sourceId":"parks"}},{"type":"Feature","id":"barcelona:osm:way:550961052","geometry":{"type":"Polygon","coordinates":[[[2.13114072,41.37827393],[2.13119679,41.37811652],[2.13144027,41.37817623],[2.13134731,41.37833544],[2.13114072,41.37827393]]]},"properties":{"id":"barcelona:osm:way:550961052","name":"Jardí Tenor Masini","nameAddon":null,"objectNumber":"barcelona:osm:way:550961052","district":"Sants-Montjuïc","locality":null,"type":"Park","areaM2":398.4,"areaHa":0.04,"designation":null,"dedicated":null,"builtYear":null,"renovatedYear":null,"planningAreaId":null,"planningAreaName":null,"centroid":[2.131283,41.378224],"bounds":[2.13114,41.37812,2.13144,41.37834],"amenities":{"playground":{"status":"not-observed","count":0,"nearestMeters":null,"coverage":"community-mapped-observations"},"toilet":{"status":"not-observed","count":0,"nearestMeters":null,"coverage":"community-mapped-observations"},"drinkingFountain":{"status":"not-observed","count":0,"nearestMeters":null,"coverage":"community-mapped-observations"},"dogRun":{"status":"not-observed","count":0,"nearestMeters":null,"coverage":"community-mapped-observations"}},"sourceId":"parks"}},{"type":"Feature","id":"barcelona:osm:way:550962658","geometry":{"type":"Polygon","coordinates":[[[2.1294644,41.38139045],[2.12995136,41.38001719],[2.13069655,41.380389],[2.13160112,41.38074905],[2.13093413,41.38187986],[2.12950276,41.38143025],[2.1294644,41.38139045]]]},"properties":{"id":"barcelona:osm:way:550962658","name":"Parc sense nom 550962658","nameAddon":null,"objectNumber":"barcelona:osm:way:550962658","district":"les Corts","locality":null,"type":"Park","areaM2":21442.6,"areaHa":2.14,"designation":null,"dedicated":null,"builtYear":null,"renovatedYear":null,"planningAreaId":null,"planningAreaName":null,"centroid":[2.130472,41.381001],"bounds":[2.12946,41.38002,2.1316,41.38188],"amenities":{"playground":{"status":"observed-nearby","count":1,"nearestMeters":29,"coverage":"community-mapped-observations"},"toilet":{"status":"not-observed","count":0,"nearestMeters":null,"coverage":"community-mapped-observations"},"drinkingFountain":{"status":"observed-nearby","count":4,"nearestMeters":3,"coverage":"community-mapped-observations"},"dogRun":{"status":"not-observed","count":0,"nearestMeters":null,"coverage":"community-mapped-observations"}},"sourceId":"parks"}},{"type":"Feature","id":"barcelona:osm:way:551441658","geometry":{"type":"Polygon","coordinates":[[[2.14176236,41.38524335],[2.14179925,41.38514203],[2.14198666,41.38523069],[2.14196895,41.38530758],[2.14180515,41.38526506],[2.14176236,41.38524335]]]},"properties":{"id":"barcelona:osm:way:551441658","name":"Parc Jardí Vertical","nameAddon":null,"objectNumber":"barcelona:osm:way:551441658","district":"les Corts","locality":null,"type":"Park","areaM2":220.5,"areaHa":0.02,"designation":null,"dedicated":null,"builtYear":null,"renovatedYear":null,"planningAreaId":null,"planningAreaName":null,"centroid":[2.141873,41.385231],"bounds":[2.14176,41.38514,2.14199,41.38531],"amenities":{"playground":{"status":"observed-nearby","count":1,"nearestMeters":55,"coverage":"community-mapped-observations"},"toilet":{"status":"not-observed","count":0,"nearestMeters":null,"coverage":"community-mapped-observations"},"drinkingFountain":{"status":"observed-nearby","count":3,"nearestMeters":0,"coverage":"community-mapped-observations"},"dogRun":{"status":"not-observed","count":0,"nearestMeters":null,"coverage":"community-mapped-observations"}},"sourceId":"parks"}},{"type":"Feature","id":"barcelona:osm:way:552469338","geometry":{"type":"Polygon","coordinates":[[[2.14910808,41.38650081],[2.1493914,41.38627827],[2.14964226,41.38647367],[2.14976031,41.38638773],[2.14980753,41.38642211],[2.1493796,41.3867306],[2.14911694,41.38653429],[2.14910808,41.38650081]]]},"properties":{"id":"barcelona:osm:way:552469338","name":"Jardins Maria Mercè Marçal","nameAddon":null,"objectNumber":"barcelona:osm:way:552469338","district":"l'Eixample","locality":null,"type":"Park","areaM2":1338.3,"areaHa":0.13,"designation":null,"dedicated":null,"builtYear":null,"renovatedYear":null,"planningAreaId":null,"planningAreaName":null,"centroid":[2.149408,41.386503],"bounds":[2.14911,41.38628,2.14981,41.38673],"amenities":{"playground":{"status":"observed-nearby","count":1,"nearestMeters":0,"coverage":"community-mapped-observations"},"toilet":{"status":"not-observed","count":0,"nearestMeters":null,"coverage":"community-mapped-observations"},"drinkingFountain":{"status":"observed-nearby","count":1,"nearestMeters":0,"coverage":"community-mapped-observations"},"dogRun":{"status":"not-observed","count":0,"nearestMeters":null,"coverage":"community-mapped-observations"}},"sourceId":"parks"}},{"type":"Feature","id":"barcelona:osm:way:552470500","geometry":{"type":"Polygon","coordinates":[[[2.15034171,41.38905193],[2.1505424,41.38889904],[2.15044058,41.38881853],[2.15057339,41.38872173],[2.15063242,41.38871992],[2.1510515,41.38904107],[2.15069439,41.38931518],[2.15034171,41.38905193]]]},"properties":{"id":"barcelona:osm:way:552470500","name":"Jardins Beatriu de Pinós-Milany","nameAddon":null,"objectNumber":"barcelona:osm:way:552470500","district":"l'Eixample","locality":null,"type":"Park","areaM2":2001.6,"areaHa":0.2,"designation":null,"dedicated":null,"builtYear":null,"renovatedYear":null,"planningAreaId":null,"planningAreaName":null,"centroid":[2.150683,41.389018],"bounds":[2.15034,41.38872,2.15105,41.38932],"amenities":{"playground":{"status":"observed-nearby","count":1,"nearestMeters":0,"coverage":"community-mapped-observations"},"toilet":{"status":"not-observed","count":0,"nearestMeters":null,"coverage":"community-mapped-observations"},"drinkingFountain":{"status":"observed-nearby","count":3,"nearestMeters":0,"coverage":"community-mapped-observations"},"dogRun":{"status":"not-observed","count":0,"nearestMeters":null,"coverage":"community-mapped-observations"}},"sourceId":"parks"}},{"type":"Feature","id":"barcelona:osm:way:552473619","geometry":{"type":"Polygon","coordinates":[[[2.1452611,41.38718021],[2.14533783,41.38711236],[2.1455577,41.38727881],[2.14559459,41.38725167],[2.14562558,41.38727519],[2.14601957,41.3869839],[2.14673526,41.3875285],[2.14664967,41.3876072],[2.14641209,41.38742446],[2.1460786,41.38766872],[2.14631618,41.38785055],[2.14626896,41.38788402],[2.14602105,41.38769043],[2.14576281,41.38787679],[2.14572149,41.38784422],[2.14592661,41.38768952],[2.14592071,41.38764881],[2.14537767,41.38726705],[2.1452611,41.38718021]]]},"properties":{"id":"barcelona:osm:way:552473619","name":"Jardins de Rosa Deulofeu","nameAddon":null,"objectNumber":"barcelona:osm:way:552473619","district":"l'Eixample","locality":null,"type":"Park","areaM2":4231.7,"areaHa":0.42,"designation":null,"dedicated":null,"builtYear":null,"renovatedYear":null,"planningAreaId":null,"planningAreaName":null,"centroid":[2.146013,41.387383],"bounds":[2.14526,41.38698,2.14674,41.38788],"amenities":{"playground":{"status":"observed-nearby","count":1,"nearestMeters":0,"coverage":"community-mapped-observations"},"toilet":{"status":"not-observed","count":0,"nearestMeters":null,"coverage":"community-mapped-observations"},"drinkingFountain":{"status":"observed-nearby","count":2,"nearestMeters":0,"coverage":"community-mapped-observations"},"dogRun":{"status":"not-observed","count":0,"nearestMeters":null,"coverage":"community-mapped-observations"}},"sourceId":"parks"}},{"type":"Feature","id":"barcelona:osm:way:552867226","geometry":{"type":"Polygon","coordinates":[[[2.16431157,41.42192871],[2.16431453,41.42152072],[2.16440602,41.42136059],[2.16473213,41.42123847],[2.16487084,41.42125475],[2.16501103,41.42138864],[2.16541683,41.42154333],[2.16543896,41.42184368],[2.16540502,41.42205446],[2.16512022,41.42200561],[2.16509957,41.421945],[2.16471147,41.42195857],[2.16431157,41.42192871]]]},"properties":{"id":"barcelona:osm:way:552867226","name":"Plaça de la Font d'en Fargas","nameAddon":null,"objectNumber":"barcelona:osm:way:552867226","district":"Horta-Guinardó","locality":null,"type":"Park","areaM2":6239.2,"areaHa":0.62,"designation":null,"dedicated":null,"builtYear":null,"renovatedYear":null,"planningAreaId":null,"planningAreaName":null,"centroid":[2.164858,41.421664],"bounds":[2.16431,41.42124,2.16544,41.42205],"amenities":{"playground":{"status":"observed-nearby","count":2,"nearestMeters":0,"coverage":"community-mapped-observations"},"toilet":{"status":"observed-nearby","count":1,"nearestMeters":0,"coverage":"community-mapped-observations"},"drinkingFountain":{"status":"observed-nearby","count":1,"nearestMeters":0,"coverage":"community-mapped-observations"},"dogRun":{"status":"not-observed","count":0,"nearestMeters":null,"coverage":"community-mapped-observations"}},"sourceId":"parks"}},{"type":"Feature","id":"barcelona:osm:way:555417500","geometry":{"type":"Polygon","coordinates":[[[2.206503,41.3951357],[2.20691913,41.39479193],[2.20910603,41.39648272],[2.20903667,41.39666637],[2.20862497,41.39635969],[2.20833869,41.39622761],[2.20815867,41.39619595],[2.2080539,41.39623575],[2.20674501,41.39531029],[2.206503,41.3951357]]]},"properties":{"id":"barcelona:osm:way:555417500","name":"Parc Passeig Maritim Bogatell","nameAddon":null,"objectNumber":"barcelona:osm:way:555417500","district":"Sant Martí","locality":null,"type":"Park","areaM2":10645,"areaHa":1.06,"designation":null,"dedicated":null,"builtYear":null,"renovatedYear":null,"planningAreaId":null,"planningAreaName":null,"centroid":[2.207675,41.395657],"bounds":[2.2065,41.39479,2.20911,41.39667],"amenities":{"playground":{"status":"observed-nearby","count":1,"nearestMeters":16,"coverage":"community-mapped-observations"},"toilet":{"status":"observed-nearby","count":1,"nearestMeters":5,"coverage":"community-mapped-observations"},"drinkingFountain":{"status":"observed-nearby","count":3,"nearestMeters":0,"coverage":"community-mapped-observations"},"dogRun":{"status":"not-observed","count":0,"nearestMeters":null,"coverage":"community-mapped-observations"}},"sourceId":"parks"}},{"type":"Feature","id":"barcelona:osm:way:555434916","geometry":{"type":"Polygon","coordinates":[[[2.1382046,41.38557898],[2.13829609,41.38542428],[2.13846726,41.38544237],[2.13828723,41.38562602],[2.1382046,41.38557898]]]},"properties":{"id":"barcelona:osm:way:555434916","name":"Parc sense nom 555434916","nameAddon":null,"objectNumber":"barcelona:osm:way:555434916","district":"les Corts","locality":null,"type":"Park","areaM2":238.8,"areaHa":0.02,"designation":null,"dedicated":null,"builtYear":null,"renovatedYear":null,"planningAreaId":null,"planningAreaName":null,"centroid":[2.138321,41.385513],"bounds":[2.1382,41.38542,2.13847,41.38563],"amenities":{"playground":{"status":"observed-nearby","count":1,"nearestMeters":0,"coverage":"community-mapped-observations"},"toilet":{"status":"not-observed","count":0,"nearestMeters":null,"coverage":"community-mapped-observations"},"drinkingFountain":{"status":"not-observed","count":0,"nearestMeters":null,"coverage":"community-mapped-observations"},"dogRun":{"status":"not-observed","count":0,"nearestMeters":null,"coverage":"community-mapped-observations"}},"sourceId":"parks"}},{"type":"Feature","id":"barcelona:osm:way:555975828","geometry":{"type":"Polygon","coordinates":[[[2.18899161,41.42261987],[2.18900342,41.4220617],[2.1893192,41.42205265],[2.18935167,41.42213226],[2.18921738,41.42226343],[2.19000537,41.42218473],[2.19004079,41.42221006],[2.1900585,41.4223349],[2.18956268,41.42238375],[2.18958924,41.42254026],[2.18899161,41.42261987]]]},"properties":{"id":"barcelona:osm:way:555975828","name":"Plaça de la Hispano Suïssa","nameAddon":null,"objectNumber":"barcelona:osm:way:555975828","district":"Sant Andreu","locality":null,"type":"Park","areaM2":3009,"areaHa":0.3,"designation":null,"dedicated":null,"builtYear":null,"renovatedYear":null,"planningAreaId":null,"planningAreaName":null,"centroid":[2.189375,41.422337],"bounds":[2.18899,41.42205,2.19006,41.42262],"amenities":{"playground":{"status":"observed-nearby","count":1,"nearestMeters":0,"coverage":"community-mapped-observations"},"toilet":{"status":"not-observed","count":0,"nearestMeters":null,"coverage":"community-mapped-observations"},"drinkingFountain":{"status":"observed-nearby","count":1,"nearestMeters":0,"coverage":"community-mapped-observations"},"dogRun":{"status":"not-observed","count":0,"nearestMeters":null,"coverage":"community-mapped-observations"}},"sourceId":"parks"}},{"type":"Feature","id":"barcelona:osm:way:555980837","geometry":{"type":"Polygon","coordinates":[[[2.17945457,41.43393161],[2.17976297,41.43364303],[2.17983971,41.43367831],[2.17977773,41.43391804],[2.17991054,41.43430975],[2.18143487,41.43403383],[2.18154554,41.43441198],[2.17980872,41.43474941],[2.17958,41.43419034],[2.17959328,41.43407816],[2.17945457,41.43393161]]]},"properties":{"id":"barcelona:osm:way:555980837","name":"Jardins de Trinidad Gallego","nameAddon":null,"objectNumber":"barcelona:osm:way:555980837","district":"Nou Barris","locality":null,"type":"Park","areaM2":8296.8,"areaHa":0.83,"designation":null,"dedicated":null,"builtYear":null,"renovatedYear":null,"planningAreaId":null,"planningAreaName":null,"centroid":[2.18043,41.43432],"bounds":[2.17945,41.43364,2.18155,41.43475],"amenities":{"playground":{"status":"not-observed","count":0,"nearestMeters":null,"coverage":"community-mapped-observations"},"toilet":{"status":"observed-nearby","count":1,"nearestMeters":33,"coverage":"community-mapped-observations"},"drinkingFountain":{"status":"observed-nearby","count":2,"nearestMeters":0,"coverage":"community-mapped-observations"},"dogRun":{"status":"not-observed","count":0,"nearestMeters":null,"coverage":"community-mapped-observations"}},"sourceId":"parks"}},{"type":"Feature","id":"barcelona:osm:way:555982531","geometry":{"type":"Polygon","coordinates":[[[2.18712345,41.4184042],[2.18714264,41.41753573],[2.18723708,41.41753031],[2.18764878,41.41782884],[2.18765764,41.41805772],[2.18718543,41.41840782],[2.18712345,41.4184042]]]},"properties":{"id":"barcelona:osm:way:555982531","name":"Jardins de Maria Soteras Maurí","nameAddon":null,"objectNumber":"barcelona:osm:way:555982531","district":"Sant Andreu","locality":null,"type":"Park","areaM2":2920.1,"areaHa":0.29,"designation":null,"dedicated":null,"builtYear":null,"renovatedYear":null,"planningAreaId":null,"planningAreaName":null,"centroid":[2.187342,41.417957],"bounds":[2.18712,41.41753,2.18766,41.41841],"amenities":{"playground":{"status":"observed-nearby","count":2,"nearestMeters":0,"coverage":"community-mapped-observations"},"toilet":{"status":"not-observed","count":0,"nearestMeters":null,"coverage":"community-mapped-observations"},"drinkingFountain":{"status":"observed-nearby","count":5,"nearestMeters":0,"coverage":"community-mapped-observations"},"dogRun":{"status":"not-observed","count":0,"nearestMeters":null,"coverage":"community-mapped-observations"}},"sourceId":"parks"}},{"type":"Feature","id":"barcelona:osm:way:556705481","geometry":{"type":"Polygon","coordinates":[[[2.14853996,41.39948164],[2.14899593,41.39908811],[2.14938255,41.39936946],[2.14907562,41.39959834],[2.14898708,41.39951149],[2.14905939,41.39945178],[2.14899741,41.39941017],[2.14895462,41.39944183],[2.14882181,41.39938665],[2.1486285,41.39953772],[2.14853996,41.39948164]]]},"properties":{"id":"barcelona:osm:way:556705481","name":"Jardins de Can Ferrer","nameAddon":null,"objectNumber":"barcelona:osm:way:556705481","district":"Sarrià - Sant Gervasi","locality":null,"type":"Park","areaM2":1666.7,"areaHa":0.17,"designation":null,"dedicated":null,"builtYear":null,"renovatedYear":null,"planningAreaId":null,"planningAreaName":null,"centroid":[2.149001,41.399349],"bounds":[2.14854,41.39909,2.14938,41.3996],"amenities":{"playground":{"status":"not-observed","count":0,"nearestMeters":null,"coverage":"community-mapped-observations"},"toilet":{"status":"not-observed","count":0,"nearestMeters":null,"coverage":"community-mapped-observations"},"drinkingFountain":{"status":"observed-nearby","count":1,"nearestMeters":0,"coverage":"community-mapped-observations"},"dogRun":{"status":"not-observed","count":0,"nearestMeters":null,"coverage":"community-mapped-observations"}},"sourceId":"parks"}},{"type":"Feature","id":"barcelona:osm:way:55800847","geometry":{"type":"Polygon","coordinates":[[[2.12457856,41.37986792],[2.12477187,41.37969966],[2.12458446,41.37957391],[2.12478367,41.37939569],[2.12489582,41.37946173],[2.12490615,41.37953501],[2.12506847,41.37955853],[2.12585499,41.38006875],[2.12604682,41.38010313],[2.12616192,41.38016465],[2.12562036,41.38051656],[2.12550083,41.38047856],[2.12457856,41.37986792]]]},"properties":{"id":"barcelona:osm:way:55800847","name":"Jardins de Bacardí","nameAddon":null,"objectNumber":"barcelona:osm:way:55800847","district":"les Corts","locality":null,"type":"Park","areaM2":6917.1,"areaHa":0.69,"designation":null,"dedicated":null,"builtYear":null,"renovatedYear":null,"planningAreaId":null,"planningAreaName":null,"centroid":[2.125289,41.379997],"bounds":[2.12458,41.3794,2.12616,41.38052],"amenities":{"playground":{"status":"observed-nearby","count":2,"nearestMeters":0,"coverage":"community-mapped-observations"},"toilet":{"status":"not-observed","count":0,"nearestMeters":null,"coverage":"community-mapped-observations"},"drinkingFountain":{"status":"observed-nearby","count":4,"nearestMeters":0,"coverage":"community-mapped-observations"},"dogRun":{"status":"observed-nearby","count":1,"nearestMeters":0,"coverage":"community-mapped-observations"}},"sourceId":"parks"}},{"type":"Feature","id":"barcelona:osm:way:559228021","geometry":{"type":"Polygon","coordinates":[[[2.18257849,41.42724986],[2.18258439,41.42701285],[2.18271573,41.42690791],[2.18389328,41.42685363],[2.1840925,41.426945],[2.18412348,41.42731319],[2.1840556,41.42731862],[2.18406298,41.42739099],[2.18258144,41.42744165],[2.18257849,41.42724986]]]},"properties":{"id":"barcelona:osm:way:559228021","name":"Plaça del Canòdrom","nameAddon":null,"objectNumber":"barcelona:osm:way:559228021","district":"Sant Andreu","locality":null,"type":"Park","areaM2":7531.8,"areaHa":0.75,"designation":null,"dedicated":null,"builtYear":null,"renovatedYear":null,"planningAreaId":null,"planningAreaName":null,"centroid":[2.183342,41.427152],"bounds":[2.18258,41.42685,2.18412,41.42744],"amenities":{"playground":{"status":"observed-nearby","count":2,"nearestMeters":0,"coverage":"community-mapped-observations"},"toilet":{"status":"not-observed","count":0,"nearestMeters":null,"coverage":"community-mapped-observations"},"drinkingFountain":{"status":"observed-nearby","count":2,"nearestMeters":0,"coverage":"community-mapped-observations"},"dogRun":{"status":"observed-nearby","count":1,"nearestMeters":0,"coverage":"community-mapped-observations"}},"sourceId":"parks"}},{"type":"Feature","id":"barcelona:osm:way:559246964","geometry":{"type":"Polygon","coordinates":[[[2.14024098,41.38308757],[2.14034427,41.38261896],[2.14027787,41.38259273],[2.14029853,41.38254026],[2.14048003,41.38259001],[2.14100388,41.3821404],[2.14109537,41.38221368],[2.14106586,41.38223539],[2.14140673,41.38249231],[2.14150117,41.38248507],[2.14158233,41.38255111],[2.14155282,41.38261172],[2.1418081,41.38277637],[2.14123408,41.38320698],[2.14048888,41.38267053],[2.14037378,41.3827628],[2.14055824,41.38292021],[2.14050954,41.38312285],[2.14024098,41.38308757]]]},"properties":{"id":"barcelona:osm:way:559246964","name":"Jardins de Màlaga","nameAddon":null,"objectNumber":"barcelona:osm:way:559246964","district":"Sants-Montjuïc","locality":null,"type":"Park","areaM2":7423.3,"areaHa":0.74,"designation":null,"dedicated":null,"builtYear":null,"renovatedYear":null,"planningAreaId":null,"planningAreaName":null,"centroid":[2.141022,41.382714],"bounds":[2.14024,41.38214,2.14181,41.38321],"amenities":{"playground":{"status":"observed-nearby","count":2,"nearestMeters":0,"coverage":"community-mapped-observations"},"toilet":{"status":"not-observed","count":0,"nearestMeters":null,"coverage":"community-mapped-observations"},"drinkingFountain":{"status":"observed-nearby","count":1,"nearestMeters":0,"coverage":"community-mapped-observations"},"dogRun":{"status":"observed-nearby","count":1,"nearestMeters":0,"coverage":"community-mapped-observations"}},"sourceId":"parks"}},{"type":"Feature","id":"barcelona:osm:way:559895811","geometry":{"type":"Polygon","coordinates":[[[2.16751814,41.37826307],[2.16771144,41.37815632],[2.16798886,41.37838339],[2.16782949,41.37848743],[2.16751814,41.37826307]]]},"properties":{"id":"barcelona:osm:way:559895811","name":"Ágora de Juan Andrés Benítez","nameAddon":null,"objectNumber":"barcelona:osm:way:559895811","district":"Ciutat Vella","locality":null,"type":"Park","areaM2":665,"areaHa":0.07,"designation":null,"dedicated":null,"builtYear":null,"renovatedYear":null,"planningAreaId":null,"planningAreaName":null,"centroid":[2.167758,41.378321],"bounds":[2.16752,41.37816,2.16799,41.37849],"amenities":{"playground":{"status":"not-observed","count":0,"nearestMeters":null,"coverage":"community-mapped-observations"},"toilet":{"status":"not-observed","count":0,"nearestMeters":null,"coverage":"community-mapped-observations"},"drinkingFountain":{"status":"not-observed","count":0,"nearestMeters":null,"coverage":"community-mapped-observations"},"dogRun":{"status":"not-observed","count":0,"nearestMeters":null,"coverage":"community-mapped-observations"}},"sourceId":"parks"}},{"type":"Feature","id":"barcelona:osm:way:577208920","geometry":{"type":"Polygon","coordinates":[[[2.18339895,41.40424824],[2.18630595,41.40206441],[2.18654058,41.40206984],[2.18663059,41.40212502],[2.18754696,41.40286503],[2.18757943,41.4028406],[2.1886773,41.40364845],[2.18579095,41.40584042],[2.18552681,41.40584494],[2.1836321,41.40442374],[2.18339895,41.40424824]]]},"properties":{"id":"barcelona:osm:way:577208920","name":"Parc de les Glòries","nameAddon":null,"objectNumber":"barcelona:osm:way:577208920","district":"l'Eixample","locality":null,"type":"Park","areaM2":94639.5,"areaHa":9.46,"designation":null,"dedicated":null,"builtYear":null,"renovatedYear":null,"planningAreaId":null,"planningAreaName":null,"centroid":[2.186034,41.403959],"bounds":[2.1834,41.40206,2.18868,41.40584],"amenities":{"playground":{"status":"observed-nearby","count":5,"nearestMeters":0,"coverage":"community-mapped-observations"},"toilet":{"status":"observed-nearby","count":6,"nearestMeters":0,"coverage":"community-mapped-observations"},"drinkingFountain":{"status":"observed-nearby","count":9,"nearestMeters":0,"coverage":"community-mapped-observations"},"dogRun":{"status":"observed-nearby","count":2,"nearestMeters":0,"coverage":"community-mapped-observations"}},"sourceId":"parks"}},{"type":"Feature","id":"barcelona:osm:way:577790393","geometry":{"type":"Polygon","coordinates":[[[2.17610635,41.4178795],[2.17677776,41.41761444],[2.17691057,41.41781437],[2.1768781,41.41790483],[2.17628785,41.41804415],[2.17610635,41.4178795]]]},"properties":{"id":"barcelona:osm:way:577790393","name":"Plaça de Ramona Fossas i Puig","nameAddon":null,"objectNumber":"barcelona:osm:way:577790393","district":"Horta-Guinardó","locality":null,"type":"Park","areaM2":1686.3,"areaHa":0.17,"designation":null,"dedicated":null,"builtYear":null,"renovatedYear":null,"planningAreaId":null,"planningAreaName":null,"centroid":[2.176546,41.417847],"bounds":[2.17611,41.41761,2.17691,41.41804],"amenities":{"playground":{"status":"observed-nearby","count":2,"nearestMeters":0,"coverage":"community-mapped-observations"},"toilet":{"status":"not-observed","count":0,"nearestMeters":null,"coverage":"community-mapped-observations"},"drinkingFountain":{"status":"observed-nearby","count":2,"nearestMeters":0,"coverage":"community-mapped-observations"},"dogRun":{"status":"observed-nearby","count":2,"nearestMeters":0,"coverage":"community-mapped-observations"}},"sourceId":"parks"}},{"type":"Feature","id":"barcelona:osm:way:608985074","geometry":{"type":"Polygon","coordinates":[[[2.16626237,41.37650081],[2.16679507,41.3760892],[2.16705036,41.37630541],[2.16701052,41.37633164],[2.16705921,41.37639407],[2.16715513,41.37647548],[2.16720825,41.3764402],[2.16751076,41.37669622],[2.16688509,41.37707346],[2.16628155,41.37652795],[2.16626237,41.37650081]]]},"properties":{"id":"barcelona:osm:way:608985074","name":"Plaça de Josep M. Folch i Torres","nameAddon":null,"objectNumber":"barcelona:osm:way:608985074","district":"Ciutat Vella","locality":null,"type":"Park","areaM2":5418.2,"areaHa":0.54,"designation":null,"dedicated":null,"builtYear":null,"renovatedYear":null,"planningAreaId":null,"planningAreaName":null,"centroid":[2.166864,41.376594],"bounds":[2.16626,41.37609,2.16751,41.37707],"amenities":{"playground":{"status":"observed-nearby","count":1,"nearestMeters":0,"coverage":"community-mapped-observations"},"toilet":{"status":"observed-nearby","count":1,"nearestMeters":5,"coverage":"community-mapped-observations"},"drinkingFountain":{"status":"observed-nearby","count":2,"nearestMeters":0,"coverage":"community-mapped-observations"},"dogRun":{"status":"not-observed","count":0,"nearestMeters":null,"coverage":"community-mapped-observations"}},"sourceId":"parks"}},{"type":"Feature","id":"barcelona:osm:way:617201069","geometry":{"type":"Polygon","coordinates":[[[2.13493606,41.42743894],[2.13521348,41.42721006],[2.13537875,41.42721639],[2.13553812,41.42731319],[2.13545106,41.42735299],[2.13493606,41.42743894]]]},"properties":{"id":"barcelona:osm:way:617201069","name":"Parc sense nom 617201069","nameAddon":null,"objectNumber":"barcelona:osm:way:617201069","district":"Horta-Guinardó","locality":null,"type":"Park","areaM2":601.7,"areaHa":0.06,"designation":null,"dedicated":null,"builtYear":null,"renovatedYear":null,"planningAreaId":null,"planningAreaName":null,"centroid":[2.135254,41.427317],"bounds":[2.13494,41.42721,2.13554,41.42744],"amenities":{"playground":{"status":"observed-nearby","count":1,"nearestMeters":0,"coverage":"community-mapped-observations"},"toilet":{"status":"not-observed","count":0,"nearestMeters":null,"coverage":"community-mapped-observations"},"drinkingFountain":{"status":"observed-nearby","count":2,"nearestMeters":0,"coverage":"community-mapped-observations"},"dogRun":{"status":"not-observed","count":0,"nearestMeters":null,"coverage":"community-mapped-observations"}},"sourceId":"parks"}},{"type":"Feature","id":"barcelona:osm:way:617549690","geometry":{"type":"Polygon","coordinates":[[[2.13342501,41.42917586],[2.13353568,41.42892889],[2.13376735,41.42897775],[2.13374965,41.42926452],[2.13342501,41.42917586]]]},"properties":{"id":"barcelona:osm:way:617549690","name":"Parc sense nom 617549690","nameAddon":null,"objectNumber":"barcelona:osm:way:617549690","district":"Horta-Guinardó","locality":null,"type":"Park","areaM2":723.5,"areaHa":0.07,"designation":null,"dedicated":null,"builtYear":null,"renovatedYear":null,"planningAreaId":null,"planningAreaName":null,"centroid":[2.133619,41.429095],"bounds":[2.13343,41.42893,2.13377,41.42926],"amenities":{"playground":{"status":"not-observed","count":0,"nearestMeters":null,"coverage":"community-mapped-observations"},"toilet":{"status":"not-observed","count":0,"nearestMeters":null,"coverage":"community-mapped-observations"},"drinkingFountain":{"status":"observed-nearby","count":1,"nearestMeters":75,"coverage":"community-mapped-observations"},"dogRun":{"status":"not-observed","count":0,"nearestMeters":null,"coverage":"community-mapped-observations"}},"sourceId":"parks"}},{"type":"Feature","id":"barcelona:osm:way:617553065","geometry":{"type":"Polygon","coordinates":[[[2.14062169,41.42901755],[2.14099208,41.42887823],[2.14202502,41.42897865],[2.14198518,41.42905464],[2.14175793,41.42906912],[2.14076778,41.42932965],[2.14062169,41.42901755]]]},"properties":{"id":"barcelona:osm:way:617553065","name":"Parc sense nom 617553065","nameAddon":null,"objectNumber":"barcelona:osm:way:617553065","district":"Horta-Guinardó","locality":null,"type":"Park","areaM2":3175.3,"areaHa":0.32,"designation":null,"dedicated":null,"builtYear":null,"renovatedYear":null,"planningAreaId":null,"planningAreaName":null,"centroid":[2.14119,41.429066],"bounds":[2.14062,41.42888,2.14203,41.42933],"amenities":{"playground":{"status":"observed-nearby","count":3,"nearestMeters":0,"coverage":"community-mapped-observations"},"toilet":{"status":"not-observed","count":0,"nearestMeters":null,"coverage":"community-mapped-observations"},"drinkingFountain":{"status":"observed-nearby","count":1,"nearestMeters":0,"coverage":"community-mapped-observations"},"dogRun":{"status":"not-observed","count":0,"nearestMeters":null,"coverage":"community-mapped-observations"}},"sourceId":"parks"}},{"type":"Feature","id":"barcelona:osm:way:618016925","geometry":{"type":"Polygon","coordinates":[[[2.15938885,41.37697485],[2.15952903,41.37687082],[2.1594464,41.37681382],[2.15951428,41.37676769],[2.15958511,41.37682016],[2.15966774,41.37674869],[2.15975628,41.3768102],[2.15951133,41.37704541],[2.15938885,41.37697485]]]},"properties":{"id":"barcelona:osm:way:618016925","name":"Jardins de Maria Manonellas","nameAddon":null,"objectNumber":"barcelona:osm:way:618016925","district":"l'Eixample","locality":null,"type":"Park","areaM2":461.7,"areaHa":0.05,"designation":null,"dedicated":null,"builtYear":null,"renovatedYear":null,"planningAreaId":null,"planningAreaName":null,"centroid":[2.159568,41.376888],"bounds":[2.15939,41.37675,2.15976,41.37705],"amenities":{"playground":{"status":"observed-nearby","count":1,"nearestMeters":44,"coverage":"community-mapped-observations"},"toilet":{"status":"not-observed","count":0,"nearestMeters":null,"coverage":"community-mapped-observations"},"drinkingFountain":{"status":"observed-nearby","count":2,"nearestMeters":3,"coverage":"community-mapped-observations"},"dogRun":{"status":"not-observed","count":0,"nearestMeters":null,"coverage":"community-mapped-observations"}},"sourceId":"parks"}},{"type":"Feature","id":"barcelona:osm:way:61892190","geometry":{"type":"Polygon","coordinates":[[[2.16786048,41.36658766],[2.16803461,41.36644744],[2.16830908,41.36651077],[2.16834892,41.36643658],[2.168526,41.36656504],[2.16887572,41.3666727],[2.16929923,41.36664918],[2.16929038,41.36660937],[2.16935383,41.36660213],[2.16949844,41.3666528],[2.1694586,41.36682016],[2.16970208,41.36744708],[2.16955156,41.36759092],[2.16887277,41.36800887],[2.16877981,41.36768862],[2.16867356,41.36752578],[2.16787819,41.36662385],[2.16786048,41.36658766]]]},"properties":{"id":"barcelona:osm:way:61892190","name":"Jardins del Mirador de l'Alcalde","nameAddon":null,"objectNumber":"barcelona:osm:way:61892190","district":"Sants-Montjuïc","locality":null,"type":"Park","areaM2":13761,"areaHa":1.38,"designation":null,"dedicated":null,"builtYear":null,"renovatedYear":null,"planningAreaId":null,"planningAreaName":null,"centroid":[2.168886,41.367118],"bounds":[2.16786,41.36644,2.1697,41.36801],"amenities":{"playground":{"status":"observed-nearby","count":1,"nearestMeters":72,"coverage":"community-mapped-observations"},"toilet":{"status":"observed-nearby","count":3,"nearestMeters":0,"coverage":"community-mapped-observations"},"drinkingFountain":{"status":"observed-nearby","count":1,"nearestMeters":65,"coverage":"community-mapped-observations"},"dogRun":{"status":"not-observed","count":0,"nearestMeters":null,"coverage":"community-mapped-observations"}},"sourceId":"parks"}},{"type":"Feature","id":"barcelona:osm:way:61936319","geometry":{"type":"Polygon","coordinates":[[[2.10927768,41.38227429],[2.10930424,41.38215397],[2.10951673,41.38150262],[2.10960232,41.38145558],[2.10963921,41.38132441],[2.10971889,41.38128098],[2.10976906,41.38110639],[2.10969823,41.38105211],[2.11005976,41.38099511],[2.11034309,41.38119957],[2.10987383,41.38160304],[2.11007747,41.38174688],[2.1101365,41.38193776],[2.1099786,41.38212593],[2.11058066,41.38255383],[2.1101483,41.38287407],[2.110076,41.38281437],[2.10975431,41.38276551],[2.10977497,41.38267867],[2.10968052,41.38261172],[2.10927768,41.38227429]]]},"properties":{"id":"barcelona:osm:way:61936319","name":"Parc sense nom 61936319","nameAddon":null,"objectNumber":"barcelona:osm:way:61936319","district":"les Corts","locality":null,"type":"Park","areaM2":10934.4,"areaHa":1.09,"designation":null,"dedicated":null,"builtYear":null,"renovatedYear":null,"planningAreaId":null,"planningAreaName":null,"centroid":[2.109862,41.382009],"bounds":[2.10928,41.381,2.11058,41.38287],"amenities":{"playground":{"status":"not-observed","count":0,"nearestMeters":null,"coverage":"community-mapped-observations"},"toilet":{"status":"not-observed","count":0,"nearestMeters":null,"coverage":"community-mapped-observations"},"drinkingFountain":{"status":"not-observed","count":0,"nearestMeters":null,"coverage":"community-mapped-observations"},"dogRun":{"status":"not-observed","count":0,"nearestMeters":null,"coverage":"community-mapped-observations"}},"sourceId":"parks"}},{"type":"Feature","id":"barcelona:osm:way:619803008","geometry":{"type":"Polygon","coordinates":[[[2.20038206,41.44714131],[2.20071998,41.44658585],[2.2008764,41.44664375],[2.2007185,41.44690429],[2.20091181,41.44697123],[2.20086311,41.44704813],[2.20109627,41.44713407],[2.20095608,41.44734485],[2.20038206,41.44714131]]]},"properties":{"id":"barcelona:osm:way:619803008","name":"Plaça de Veracruz","nameAddon":null,"objectNumber":"barcelona:osm:way:619803008","district":"Sant Andreu","locality":null,"type":"Park","areaM2":2177.4,"areaHa":0.22,"designation":null,"dedicated":null,"builtYear":null,"renovatedYear":null,"planningAreaId":null,"planningAreaName":null,"centroid":[2.20073,41.447026],"bounds":[2.20038,41.44659,2.2011,41.44734],"amenities":{"playground":{"status":"not-observed","count":0,"nearestMeters":null,"coverage":"community-mapped-observations"},"toilet":{"status":"not-observed","count":0,"nearestMeters":null,"coverage":"community-mapped-observations"},"drinkingFountain":{"status":"observed-nearby","count":4,"nearestMeters":0,"coverage":"community-mapped-observations"},"dogRun":{"status":"not-observed","count":0,"nearestMeters":null,"coverage":"community-mapped-observations"}},"sourceId":"parks"}},{"type":"Feature","id":"barcelona:osm:way:633896445","geometry":{"type":"Polygon","coordinates":[[[2.18557108,41.41810838],[2.18653468,41.41735661],[2.18658927,41.4173548],[2.18662174,41.41877963],[2.18654353,41.418833],[2.18631333,41.41866383],[2.18628677,41.41868373],[2.1857762,41.41829745],[2.18580128,41.41827845],[2.18557108,41.41810838]]]},"properties":{"id":"barcelona:osm:way:633896445","name":"Plaça de Ferran Reyes","nameAddon":null,"objectNumber":"barcelona:osm:way:633896445","district":"Sant Andreu","locality":null,"type":"Park","areaM2":7895.5,"areaHa":0.79,"designation":null,"dedicated":null,"builtYear":null,"renovatedYear":null,"planningAreaId":null,"planningAreaName":null,"centroid":[2.186254,41.418112],"bounds":[2.18557,41.41735,2.18662,41.41883],"amenities":{"playground":{"status":"observed-nearby","count":3,"nearestMeters":0,"coverage":"community-mapped-observations"},"toilet":{"status":"not-observed","count":0,"nearestMeters":null,"coverage":"community-mapped-observations"},"drinkingFountain":{"status":"observed-nearby","count":5,"nearestMeters":0,"coverage":"community-mapped-observations"},"dogRun":{"status":"not-observed","count":0,"nearestMeters":null,"coverage":"community-mapped-observations"}},"sourceId":"parks"}},{"type":"Feature","id":"barcelona:osm:way:635971822","geometry":{"type":"Polygon","coordinates":[[[2.18860499,41.44013389],[2.18890455,41.44010675],[2.18888537,41.44025602],[2.18912885,41.44026597],[2.18910376,41.44070925],[2.188726,41.44068392],[2.18878797,41.4401565],[2.18860499,41.44013389]]]},"properties":{"id":"barcelona:osm:way:635971822","name":"Plaça de Francesca Vergès","nameAddon":null,"objectNumber":"barcelona:osm:way:635971822","district":"Sant Andreu","locality":null,"type":"Park","areaM2":1669.1,"areaHa":0.17,"designation":null,"dedicated":null,"builtYear":null,"renovatedYear":null,"planningAreaId":null,"planningAreaName":null,"centroid":[2.188922,41.440447],"bounds":[2.1886,41.44011,2.18913,41.44071],"amenities":{"playground":{"status":"observed-nearby","count":3,"nearestMeters":0,"coverage":"community-mapped-observations"},"toilet":{"status":"not-observed","count":0,"nearestMeters":null,"coverage":"community-mapped-observations"},"drinkingFountain":{"status":"observed-nearby","count":4,"nearestMeters":0,"coverage":"community-mapped-observations"},"dogRun":{"status":"not-observed","count":0,"nearestMeters":null,"coverage":"community-mapped-observations"}},"sourceId":"parks"}},{"type":"Feature","id":"barcelona:osm:way:635974980","geometry":{"type":"Polygon","coordinates":[[[2.18196315,41.43901393],[2.18233206,41.43845305],[2.18258734,41.43823141],[2.18277328,41.43817261],[2.18283378,41.43836801],[2.18264932,41.43839696],[2.18287067,41.43910711],[2.18267293,41.43910892],[2.18196315,41.43901393]]]},"properties":{"id":"barcelona:osm:way:635974980","name":"Parc sense nom 635974980","nameAddon":null,"objectNumber":"barcelona:osm:way:635974980","district":"Nou Barris","locality":null,"type":"Park","areaM2":4261.4,"areaHa":0.43,"designation":null,"dedicated":null,"builtYear":null,"renovatedYear":null,"planningAreaId":null,"planningAreaName":null,"centroid":[2.182483,41.438736],"bounds":[2.18196,41.43817,2.18287,41.43911],"amenities":{"playground":{"status":"observed-nearby","count":2,"nearestMeters":0,"coverage":"community-mapped-observations"},"toilet":{"status":"not-observed","count":0,"nearestMeters":null,"coverage":"community-mapped-observations"},"drinkingFountain":{"status":"observed-nearby","count":1,"nearestMeters":44,"coverage":"community-mapped-observations"},"dogRun":{"status":"not-observed","count":0,"nearestMeters":null,"coverage":"community-mapped-observations"}},"sourceId":"parks"}},{"type":"Feature","id":"barcelona:osm:way:635994869","geometry":{"type":"Polygon","coordinates":[[[2.19138657,41.43667541],[2.19141313,41.4363805],[2.19174368,41.43648634],[2.19172302,41.43658495],[2.19201224,41.43667722],[2.19198273,41.43672064],[2.19138657,41.43667541]]]},"properties":{"id":"barcelona:osm:way:635994869","name":"Jardins Dones Motor Ibèrica","nameAddon":null,"objectNumber":"barcelona:osm:way:635994869","district":"Sant Andreu","locality":null,"type":"Park","areaM2":1010.9,"areaHa":0.1,"designation":null,"dedicated":null,"builtYear":null,"renovatedYear":null,"planningAreaId":null,"planningAreaName":null,"centroid":[2.191616,41.436581],"bounds":[2.19139,41.43638,2.19201,41.43672],"amenities":{"playground":{"status":"observed-nearby","count":1,"nearestMeters":5,"coverage":"community-mapped-observations"},"toilet":{"status":"not-observed","count":0,"nearestMeters":null,"coverage":"community-mapped-observations"},"drinkingFountain":{"status":"observed-nearby","count":2,"nearestMeters":27,"coverage":"community-mapped-observations"},"dogRun":{"status":"observed-nearby","count":1,"nearestMeters":29,"coverage":"community-mapped-observations"}},"sourceId":"parks"}},{"type":"Feature","id":"barcelona:osm:way:636819525","geometry":{"type":"Polygon","coordinates":[[[2.1725235,41.43286503],[2.17309752,41.43232133],[2.17297209,41.43226524],[2.17300603,41.43221006],[2.17290274,41.43215035],[2.17294848,41.4321015],[2.17329526,41.43235752],[2.1728806,41.433112],[2.17263712,41.43310385],[2.17274337,41.43298715],[2.1725235,41.43286503]]]},"properties":{"id":"barcelona:osm:way:636819525","name":"Jardí de Pilar Espuña i Domènech","nameAddon":null,"objectNumber":"barcelona:osm:way:636819525","district":"Nou Barris","locality":null,"type":"Park","areaM2":2678.1,"areaHa":0.27,"designation":null,"dedicated":null,"builtYear":null,"renovatedYear":null,"planningAreaId":null,"planningAreaName":null,"centroid":[2.172929,41.432676],"bounds":[2.17252,41.4321,2.1733,41.43311],"amenities":{"playground":{"status":"observed-nearby","count":1,"nearestMeters":0,"coverage":"community-mapped-observations"},"toilet":{"status":"not-observed","count":0,"nearestMeters":null,"coverage":"community-mapped-observations"},"drinkingFountain":{"status":"observed-nearby","count":2,"nearestMeters":52,"coverage":"community-mapped-observations"},"dogRun":{"status":"not-observed","count":0,"nearestMeters":null,"coverage":"community-mapped-observations"}},"sourceId":"parks"}},{"type":"Feature","id":"barcelona:osm:way:637172477","geometry":{"type":"Polygon","coordinates":[[[2.17593222,41.38456034],[2.17601043,41.38450516],[2.17604584,41.3845332],[2.17596764,41.38458838],[2.17593222,41.38456034]]]},"properties":{"id":"barcelona:osm:way:637172477","name":"Parc sense nom 637172477","nameAddon":null,"objectNumber":"barcelona:osm:way:637172477","district":"Ciutat Vella","locality":null,"type":"Park","areaM2":38.6,"areaHa":0,"designation":null,"dedicated":null,"builtYear":null,"renovatedYear":null,"planningAreaId":null,"planningAreaName":null,"centroid":[2.175989,41.384547],"bounds":[2.17593,41.38451,2.17605,41.38459],"amenities":{"playground":{"status":"not-observed","count":0,"nearestMeters":null,"coverage":"community-mapped-observations"},"toilet":{"status":"observed-nearby","count":1,"nearestMeters":70,"coverage":"community-mapped-observations"},"drinkingFountain":{"status":"observed-nearby","count":1,"nearestMeters":28,"coverage":"community-mapped-observations"},"dogRun":{"status":"not-observed","count":0,"nearestMeters":null,"coverage":"community-mapped-observations"}},"sourceId":"parks"}},{"type":"Feature","id":"barcelona:osm:way:637172478","geometry":{"type":"Polygon","coordinates":[[[2.17575809,41.38440745],[2.17583483,41.38435227],[2.17587024,41.38438031],[2.17579351,41.3844355],[2.17575809,41.38440745]]]},"properties":{"id":"barcelona:osm:way:637172478","name":"Parc sense nom 637172478","nameAddon":null,"objectNumber":"barcelona:osm:way:637172478","district":"Ciutat Vella","locality":null,"type":"Park","areaM2":38.5,"areaHa":0,"designation":null,"dedicated":null,"builtYear":null,"renovatedYear":null,"planningAreaId":null,"planningAreaName":null,"centroid":[2.175814,41.384394],"bounds":[2.17576,41.38435,2.17587,41.38444],"amenities":{"playground":{"status":"not-observed","count":0,"nearestMeters":null,"coverage":"community-mapped-observations"},"toilet":{"status":"observed-nearby","count":1,"nearestMeters":64,"coverage":"community-mapped-observations"},"drinkingFountain":{"status":"observed-nearby","count":1,"nearestMeters":49,"coverage":"community-mapped-observations"},"dogRun":{"status":"not-observed","count":0,"nearestMeters":null,"coverage":"community-mapped-observations"}},"sourceId":"parks"}},{"type":"Feature","id":"barcelona:osm:way:638500727","geometry":{"type":"Polygon","coordinates":[[[2.13642203,41.42592184],[2.13648548,41.42582504],[2.13691194,41.42574905],[2.13732659,41.42558802],[2.13737381,41.42560973],[2.13748153,41.42582414],[2.13733692,41.42592455],[2.13667584,41.42606839],[2.13646187,41.42600688],[2.13642203,41.42592184]]]},"properties":{"id":"barcelona:osm:way:638500727","name":"Jardins de Violant de Bar","nameAddon":null,"objectNumber":"barcelona:osm:way:638500727","district":"Horta-Guinardó","locality":null,"type":"Park","areaM2":2419.6,"areaHa":0.24,"designation":null,"dedicated":null,"builtYear":null,"renovatedYear":null,"planningAreaId":null,"planningAreaName":null,"centroid":[2.136972,41.425853],"bounds":[2.13642,41.42559,2.13748,41.42607],"amenities":{"playground":{"status":"observed-nearby","count":3,"nearestMeters":18,"coverage":"community-mapped-observations"},"toilet":{"status":"not-observed","count":0,"nearestMeters":null,"coverage":"community-mapped-observations"},"drinkingFountain":{"status":"observed-nearby","count":6,"nearestMeters":0,"coverage":"community-mapped-observations"},"dogRun":{"status":"observed-nearby","count":1,"nearestMeters":9,"coverage":"community-mapped-observations"}},"sourceId":"parks"}},{"type":"Feature","id":"barcelona:osm:way:638569479","geometry":{"type":"Polygon","coordinates":[[[2.1732805,41.4606812],[2.17329526,41.46056993],[2.17345462,41.46050932],[2.17353726,41.46059345],[2.17364498,41.46059978],[2.17427655,41.46084766],[2.17438723,41.46093269],[2.17465284,41.46099511],[2.17470301,41.46104397],[2.17488452,41.46103944],[2.17493174,41.46111091],[2.17472662,41.46115705],[2.17471925,41.46120952],[2.17441084,41.46132441],[2.17387371,41.46109915],[2.17394306,41.46092998],[2.1733351,41.46074905],[2.1732805,41.4606812]]]},"properties":{"id":"barcelona:osm:way:638569479","name":"Jardins dels Rasos de Peguera","nameAddon":null,"objectNumber":"barcelona:osm:way:638569479","district":"Nou Barris","locality":null,"type":"Park","areaM2":4178.4,"areaHa":0.42,"designation":null,"dedicated":null,"builtYear":null,"renovatedYear":null,"planningAreaId":null,"planningAreaName":null,"centroid":[2.174088,41.460945],"bounds":[2.17328,41.46051,2.17493,41.46132],"amenities":{"playground":{"status":"observed-nearby","count":1,"nearestMeters":0,"coverage":"community-mapped-observations"},"toilet":{"status":"not-observed","count":0,"nearestMeters":null,"coverage":"community-mapped-observations"},"drinkingFountain":{"status":"observed-nearby","count":3,"nearestMeters":0,"coverage":"community-mapped-observations"},"dogRun":{"status":"not-observed","count":0,"nearestMeters":null,"coverage":"community-mapped-observations"}},"sourceId":"parks"}},{"type":"Feature","id":"barcelona:osm:way:638770588","geometry":{"type":"Polygon","coordinates":[[[2.18897686,41.45547223],[2.18918049,41.45350642],[2.18930445,41.45348652],[2.18973976,41.45442736],[2.19072549,41.45501809],[2.19096897,41.45508142],[2.19155332,41.45506513],[2.19197387,41.45491406],[2.19205651,41.45501628],[2.19206094,41.45505609],[2.1918691,41.45513841],[2.19112096,41.45521983],[2.18992717,41.45526235],[2.18949185,41.45536367],[2.18897686,41.45547223]]]},"properties":{"id":"barcelona:osm:way:638770588","name":"Parc d'Aigües de Montcada","nameAddon":null,"objectNumber":"barcelona:osm:way:638770588","district":"Sant Andreu","locality":null,"type":"Park","areaM2":16124.3,"areaHa":1.61,"designation":null,"dedicated":null,"builtYear":null,"renovatedYear":null,"planningAreaId":null,"planningAreaName":null,"centroid":[2.189816,41.454777],"bounds":[2.18898,41.45349,2.19206,41.45547],"amenities":{"playground":{"status":"not-observed","count":0,"nearestMeters":null,"coverage":"community-mapped-observations"},"toilet":{"status":"not-observed","count":0,"nearestMeters":null,"coverage":"community-mapped-observations"},"drinkingFountain":{"status":"observed-nearby","count":3,"nearestMeters":0,"coverage":"community-mapped-observations"},"dogRun":{"status":"observed-nearby","count":1,"nearestMeters":0,"coverage":"community-mapped-observations"}},"sourceId":"parks"}},{"type":"Feature","id":"barcelona:osm:way:64045657","geometry":{"type":"Polygon","coordinates":[[[2.16335241,41.43316447],[2.16375083,41.43228786],[2.16400464,41.43235299],[2.16496528,41.43186629],[2.16522795,41.43179844],[2.16634795,41.43169712],[2.1663273,41.43207346],[2.16724514,41.43243532],[2.16750485,41.43205989],[2.16784868,41.43228695],[2.16831498,41.43282974],[2.16798886,41.43297358],[2.16834449,41.43298806],[2.1683622,41.43311019],[2.16631697,41.43381581],[2.16497266,41.43391894],[2.16415811,41.43359056],[2.16377297,41.43364845],[2.16387183,41.43400579],[2.16364311,41.4340854],[2.16342177,41.43347205],[2.16335241,41.43316447]]]},"properties":{"id":"barcelona:osm:way:64045657","name":"Parc del Turó de la Peira","nameAddon":null,"objectNumber":"barcelona:osm:way:64045657","district":"Nou Barris","locality":null,"type":"Park","areaM2":69519.3,"areaHa":6.95,"designation":null,"dedicated":null,"builtYear":null,"renovatedYear":null,"planningAreaId":null,"planningAreaName":null,"centroid":[2.165675,41.432896],"bounds":[2.16335,41.4317,2.16836,41.43409],"amenities":{"playground":{"status":"observed-nearby","count":5,"nearestMeters":0,"coverage":"community-mapped-observations"},"toilet":{"status":"not-observed","count":0,"nearestMeters":null,"coverage":"community-mapped-observations"},"drinkingFountain":{"status":"observed-nearby","count":17,"nearestMeters":0,"coverage":"community-mapped-observations"},"dogRun":{"status":"observed-nearby","count":1,"nearestMeters":0,"coverage":"community-mapped-observations"}},"sourceId":"parks"}},{"type":"Feature","id":"barcelona:osm:way:641191660","geometry":{"type":"Polygon","coordinates":[[[2.19412388,41.44283336],[2.19414749,41.44265786],[2.1942316,41.44266148],[2.19421094,41.4428406],[2.19412388,41.44283336]]]},"properties":{"id":"barcelona:osm:way:641191660","name":"Parc sense nom 641191660","nameAddon":null,"objectNumber":"barcelona:osm:way:641191660","district":"Sant Andreu","locality":null,"type":"Park","areaM2":141.6,"areaHa":0.01,"designation":null,"dedicated":null,"builtYear":null,"renovatedYear":null,"planningAreaId":null,"planningAreaName":null,"centroid":[2.194179,41.442749],"bounds":[2.19412,41.44266,2.19423,41.44284],"amenities":{"playground":{"status":"not-observed","count":0,"nearestMeters":null,"coverage":"community-mapped-observations"},"toilet":{"status":"not-observed","count":0,"nearestMeters":null,"coverage":"community-mapped-observations"},"drinkingFountain":{"status":"not-observed","count":0,"nearestMeters":null,"coverage":"community-mapped-observations"},"dogRun":{"status":"not-observed","count":0,"nearestMeters":null,"coverage":"community-mapped-observations"}},"sourceId":"parks"}},{"type":"Feature","id":"barcelona:osm:way:641349719","geometry":{"type":"Polygon","coordinates":[[[2.17178715,41.43171974],[2.17179453,41.43155057],[2.17197456,41.43122761],[2.17228592,41.4314592],[2.17224608,41.43152253],[2.17178715,41.43171974]]]},"properties":{"id":"barcelona:osm:way:641349719","name":"Parc sense nom 641349719","nameAddon":null,"objectNumber":"barcelona:osm:way:641349719","district":"Nou Barris","locality":null,"type":"Park","areaM2":1192.2,"areaHa":0.12,"designation":null,"dedicated":null,"builtYear":null,"renovatedYear":null,"planningAreaId":null,"planningAreaName":null,"centroid":[2.172005,41.431481],"bounds":[2.17179,41.43123,2.17229,41.43172],"amenities":{"playground":{"status":"observed-nearby","count":2,"nearestMeters":0,"coverage":"community-mapped-observations"},"toilet":{"status":"not-observed","count":0,"nearestMeters":null,"coverage":"community-mapped-observations"},"drinkingFountain":{"status":"not-observed","count":0,"nearestMeters":null,"coverage":"community-mapped-observations"},"dogRun":{"status":"not-observed","count":0,"nearestMeters":null,"coverage":"community-mapped-observations"}},"sourceId":"parks"}},{"type":"Feature","id":"barcelona:osm:way:641372802","geometry":{"type":"Polygon","coordinates":[[[2.17157024,41.43028135],[2.17157171,41.4301357],[2.17181519,41.43018003],[2.17181519,41.43024968],[2.17157024,41.43028135]]]},"properties":{"id":"barcelona:osm:way:641372802","name":"Parc sense nom 641372802","nameAddon":null,"objectNumber":"barcelona:osm:way:641372802","district":"Nou Barris","locality":null,"type":"Park","areaM2":248.7,"areaHa":0.02,"designation":null,"dedicated":null,"builtYear":null,"renovatedYear":null,"planningAreaId":null,"planningAreaName":null,"centroid":[2.171679,41.430211],"bounds":[2.17157,41.43014,2.17182,41.43028],"amenities":{"playground":{"status":"observed-nearby","count":1,"nearestMeters":58,"coverage":"community-mapped-observations"},"toilet":{"status":"not-observed","count":0,"nearestMeters":null,"coverage":"community-mapped-observations"},"drinkingFountain":{"status":"observed-nearby","count":1,"nearestMeters":67,"coverage":"community-mapped-observations"},"dogRun":{"status":"not-observed","count":0,"nearestMeters":null,"coverage":"community-mapped-observations"}},"sourceId":"parks"}},{"type":"Feature","id":"barcelona:osm:way:643523810","geometry":{"type":"Polygon","coordinates":[[[2.17910927,41.43757282],[2.18036503,41.43734757],[2.18044324,41.43753935],[2.17927601,41.43771757],[2.17910927,41.43757282]]]},"properties":{"id":"barcelona:osm:way:643523810","name":"Parc sense nom 643523810","nameAddon":null,"objectNumber":"barcelona:osm:way:643523810","district":"Nou Barris","locality":null,"type":"Park","areaM2":2114.7,"areaHa":0.21,"designation":null,"dedicated":null,"builtYear":null,"renovatedYear":null,"planningAreaId":null,"planningAreaName":null,"centroid":[2.179815,41.43754],"bounds":[2.17911,41.43735,2.18044,41.43772],"amenities":{"playground":{"status":"not-observed","count":0,"nearestMeters":null,"coverage":"community-mapped-observations"},"toilet":{"status":"observed-nearby","count":1,"nearestMeters":32,"coverage":"community-mapped-observations"},"drinkingFountain":{"status":"observed-nearby","count":2,"nearestMeters":16,"coverage":"community-mapped-observations"},"dogRun":{"status":"not-observed","count":0,"nearestMeters":null,"coverage":"community-mapped-observations"}},"sourceId":"parks"}},{"type":"Feature","id":"barcelona:osm:way:650597789","geometry":{"type":"Polygon","coordinates":[[[2.1512271,41.42064411],[2.15154731,41.42054279],[2.15138499,41.42022435],[2.15167569,41.4202334],[2.15207116,41.42041795],[2.15174357,41.42053284],[2.15210953,41.42090646],[2.15188966,41.42099964],[2.15184391,41.4209535],[2.15161667,41.42104216],[2.1512271,41.42064411]]]},"properties":{"id":"barcelona:osm:way:650597789","name":"Plaça de Salvador Allende","nameAddon":null,"objectNumber":"barcelona:osm:way:650597789","district":"Horta-Guinardó","locality":null,"type":"Park","areaM2":3563.7,"areaHa":0.36,"designation":null,"dedicated":null,"builtYear":null,"renovatedYear":null,"planningAreaId":null,"planningAreaName":null,"centroid":[2.151675,41.420642],"bounds":[2.15123,41.42022,2.15211,41.42104],"amenities":{"playground":{"status":"observed-nearby","count":1,"nearestMeters":0,"coverage":"community-mapped-observations"},"toilet":{"status":"not-observed","count":0,"nearestMeters":null,"coverage":"community-mapped-observations"},"drinkingFountain":{"status":"observed-nearby","count":3,"nearestMeters":0,"coverage":"community-mapped-observations"},"dogRun":{"status":"not-observed","count":0,"nearestMeters":null,"coverage":"community-mapped-observations"}},"sourceId":"parks"}},{"type":"Feature","id":"barcelona:osm:way:650713999","geometry":{"type":"Polygon","coordinates":[[[2.15021924,41.41777547],[2.15022662,41.41762529],[2.15033139,41.41752759],[2.15081244,41.41742446],[2.15049813,41.41768138],[2.15042287,41.41806314],[2.15021924,41.41777547]]]},"properties":{"id":"barcelona:osm:way:650713999","name":"Plaça de Maria Mullerat","nameAddon":null,"objectNumber":"barcelona:osm:way:650713999","district":"Gràcia","locality":null,"type":"Park","areaM2":1242,"areaHa":0.12,"designation":null,"dedicated":null,"builtYear":null,"renovatedYear":null,"planningAreaId":null,"planningAreaName":null,"centroid":[2.150424,41.417687],"bounds":[2.15022,41.41742,2.15081,41.41806],"amenities":{"playground":{"status":"observed-nearby","count":1,"nearestMeters":25,"coverage":"community-mapped-observations"},"toilet":{"status":"not-observed","count":0,"nearestMeters":null,"coverage":"community-mapped-observations"},"drinkingFountain":{"status":"observed-nearby","count":2,"nearestMeters":3,"coverage":"community-mapped-observations"},"dogRun":{"status":"not-observed","count":0,"nearestMeters":null,"coverage":"community-mapped-observations"}},"sourceId":"parks"}},{"type":"Feature","id":"barcelona:osm:way:650719744","geometry":{"type":"Polygon","coordinates":[[[2.14119571,41.42203818],[2.14137427,41.42197033],[2.14151445,41.42196128],[2.14141558,41.42236566],[2.14136099,41.42237923],[2.14119571,41.42203818]]]},"properties":{"id":"barcelona:osm:way:650719744","name":"Parc de la Vall d'Hebron","nameAddon":null,"objectNumber":"barcelona:osm:way:650719744","district":"Horta-Guinardó","locality":null,"type":"Park","areaM2":645.3,"areaHa":0.06,"designation":null,"dedicated":null,"builtYear":null,"renovatedYear":null,"planningAreaId":null,"planningAreaName":null,"centroid":[2.141367,41.422134],"bounds":[2.1412,41.42196,2.14151,41.42238],"amenities":{"playground":{"status":"observed-nearby","count":3,"nearestMeters":0,"coverage":"community-mapped-observations"},"toilet":{"status":"not-observed","count":0,"nearestMeters":null,"coverage":"community-mapped-observations"},"drinkingFountain":{"status":"observed-nearby","count":3,"nearestMeters":0,"coverage":"community-mapped-observations"},"dogRun":{"status":"not-observed","count":0,"nearestMeters":null,"coverage":"community-mapped-observations"}},"sourceId":"parks"}},{"type":"Feature","id":"barcelona:osm:way:650724420","geometry":{"type":"Polygon","coordinates":[[[2.16370509,41.43148182],[2.16433666,41.43102225],[2.16448865,41.43141849],[2.16428354,41.43154876],[2.16415663,41.4314782],[2.16399284,41.4316347],[2.16375821,41.43153519],[2.16370509,41.43148182]]]},"properties":{"id":"barcelona:osm:way:650724420","name":"Jardins de Tiberio Ávila","nameAddon":null,"objectNumber":"barcelona:osm:way:650724420","district":"Nou Barris","locality":null,"type":"Park","areaM2":2170,"areaHa":0.22,"designation":null,"dedicated":null,"builtYear":null,"renovatedYear":null,"planningAreaId":null,"planningAreaName":null,"centroid":[2.164142,41.431366],"bounds":[2.16371,41.43102,2.16449,41.43163],"amenities":{"playground":{"status":"observed-nearby","count":1,"nearestMeters":47,"coverage":"community-mapped-observations"},"toilet":{"status":"not-observed","count":0,"nearestMeters":null,"coverage":"community-mapped-observations"},"drinkingFountain":{"status":"not-observed","count":0,"nearestMeters":null,"coverage":"community-mapped-observations"},"dogRun":{"status":"not-observed","count":0,"nearestMeters":null,"coverage":"community-mapped-observations"}},"sourceId":"parks"}},{"type":"Feature","id":"barcelona:osm:way:650726344","geometry":{"type":"Polygon","coordinates":[[[2.16885654,41.43466076],[2.16925348,41.43455129],[2.16959288,41.43487606],[2.16901738,41.43502804],[2.16885654,41.43466076]]]},"properties":{"id":"barcelona:osm:way:650726344","name":"Placeta de Josep M. Jaén","nameAddon":null,"objectNumber":"barcelona:osm:way:650726344","district":"Nou Barris","locality":null,"type":"Park","areaM2":1851.3,"areaHa":0.19,"designation":null,"dedicated":null,"builtYear":null,"renovatedYear":null,"planningAreaId":null,"planningAreaName":null,"centroid":[2.169188,41.434789],"bounds":[2.16886,41.43455,2.16959,41.43503],"amenities":{"playground":{"status":"observed-nearby","count":2,"nearestMeters":0,"coverage":"community-mapped-observations"},"toilet":{"status":"not-observed","count":0,"nearestMeters":null,"coverage":"community-mapped-observations"},"drinkingFountain":{"status":"observed-nearby","count":2,"nearestMeters":0,"coverage":"community-mapped-observations"},"dogRun":{"status":"not-observed","count":0,"nearestMeters":null,"coverage":"community-mapped-observations"}},"sourceId":"parks"}},{"type":"Feature","id":"barcelona:osm:way:653644201","geometry":{"type":"Polygon","coordinates":[[[2.1934141,41.39359417],[2.19369594,41.39337073],[2.19372988,41.39341143],[2.19374169,41.39335263],[2.19457837,41.39397322],[2.19448836,41.39398408],[2.19452525,41.39400308],[2.19423603,41.39421024],[2.1934141,41.39359417]]]},"properties":{"id":"barcelona:osm:way:653644201","name":"Jardins de Creu Casas","nameAddon":null,"objectNumber":"barcelona:osm:way:653644201","district":"Sant Martí","locality":null,"type":"Park","areaM2":3752.1,"areaHa":0.38,"designation":null,"dedicated":null,"builtYear":null,"renovatedYear":null,"planningAreaId":null,"planningAreaName":null,"centroid":[2.19399,41.393781],"bounds":[2.19341,41.39335,2.19458,41.39421],"amenities":{"playground":{"status":"not-observed","count":0,"nearestMeters":null,"coverage":"community-mapped-observations"},"toilet":{"status":"not-observed","count":0,"nearestMeters":null,"coverage":"community-mapped-observations"},"drinkingFountain":{"status":"observed-nearby","count":1,"nearestMeters":19,"coverage":"community-mapped-observations"},"dogRun":{"status":"not-observed","count":0,"nearestMeters":null,"coverage":"community-mapped-observations"}},"sourceId":"parks"}},{"type":"Feature","id":"barcelona:osm:way:658741203","geometry":{"type":"Polygon","coordinates":[[[2.18733152,41.45317261],[2.18819772,41.45292202],[2.1882228,41.45328478],[2.18816673,41.45344129],[2.1880413,41.45352633],[2.18740383,41.45329564],[2.18733152,41.45317261]]]},"properties":{"id":"barcelona:osm:way:658741203","name":"Parc Casa de l'Aigua","nameAddon":null,"objectNumber":"barcelona:osm:way:658741203","district":"Nou Barris","locality":null,"type":"Park","areaM2":2977.9,"areaHa":0.3,"designation":null,"dedicated":null,"builtYear":null,"renovatedYear":null,"planningAreaId":null,"planningAreaName":null,"centroid":[2.187872,41.453228],"bounds":[2.18733,41.45292,2.18822,41.45353],"amenities":{"playground":{"status":"not-observed","count":0,"nearestMeters":null,"coverage":"community-mapped-observations"},"toilet":{"status":"observed-nearby","count":1,"nearestMeters":41,"coverage":"community-mapped-observations"},"drinkingFountain":{"status":"observed-nearby","count":1,"nearestMeters":0,"coverage":"community-mapped-observations"},"dogRun":{"status":"not-observed","count":0,"nearestMeters":null,"coverage":"community-mapped-observations"}},"sourceId":"parks"}},{"type":"Feature","id":"barcelona:osm:way:659184899","geometry":{"type":"Polygon","coordinates":[[[2.173735,41.45902388],[2.17404488,41.45874796],[2.17415408,41.45881581],[2.17426918,41.45873349],[2.17449052,41.45886195],[2.17461743,41.45878053],[2.17493026,41.45884748],[2.17503356,41.45881219],[2.17531688,41.45884657],[2.17590861,41.45898046],[2.17568579,41.45963362],[2.17423966,41.45936675],[2.173735,41.45902388]]]},"properties":{"id":"barcelona:osm:way:659184899","name":"Parc de l'Aqüeducte","nameAddon":null,"objectNumber":"barcelona:osm:way:659184899","district":"Nou Barris","locality":null,"type":"Park","areaM2":11292.8,"areaHa":1.13,"designation":null,"dedicated":null,"builtYear":null,"renovatedYear":null,"planningAreaId":null,"planningAreaName":null,"centroid":[2.174904,41.45915],"bounds":[2.17374,41.45873,2.17591,41.45963],"amenities":{"playground":{"status":"observed-nearby","count":2,"nearestMeters":0,"coverage":"community-mapped-observations"},"toilet":{"status":"not-observed","count":0,"nearestMeters":null,"coverage":"community-mapped-observations"},"drinkingFountain":{"status":"observed-nearby","count":2,"nearestMeters":0,"coverage":"community-mapped-observations"},"dogRun":{"status":"not-observed","count":0,"nearestMeters":null,"coverage":"community-mapped-observations"}},"sourceId":"parks"}},{"type":"Feature","id":"barcelona:osm:way:66713401","geometry":{"type":"Polygon","coordinates":[[[2.14789363,41.41485707],[2.14809432,41.41472046],[2.14794823,41.41435408],[2.14812531,41.41427809],[2.14825369,41.41398951],[2.14815777,41.41384024],[2.14851192,41.41367016],[2.14860637,41.4137751],[2.14859899,41.41390356],[2.1484588,41.41419124],[2.14937517,41.41440112],[2.14976474,41.41434865],[2.14953749,41.41477746],[2.1496644,41.41478741],[2.14988427,41.41438122],[2.14994477,41.41369911],[2.14969981,41.41304957],[2.14987689,41.41305862],[2.15018382,41.41292292],[2.15077113,41.41234395],[2.1504273,41.41213045],[2.15067373,41.41169893],[2.15080064,41.41165551],[2.15153108,41.41175864],[2.15153698,41.41155781],[2.15206378,41.41168627],[2.15236039,41.41164918],[2.15248434,41.41170888],[2.15251533,41.4117505],[2.15234415,41.41167722],[2.15190737,41.41189072],[2.15261715,41.41214945],[2.15200771,41.41277275],[2.1538316,41.41392618],[2.15411049,41.4136584],[2.15424182,41.41362312],[2.15447645,41.41322146],[2.15466976,41.4132884],[2.15505195,41.41432785],[2.15531019,41.41465895],[2.1548675,41.41496834],[2.15471108,41.41515108],[2.15274258,41.41672426],[2.15210805,41.41679483],[2.15001855,41.4168491],[2.14866392,41.41663742],[2.14841453,41.41604035],[2.1485193,41.41590917],[2.14882328,41.41569929],[2.14860341,41.41547404],[2.14853849,41.41518726],[2.14808251,41.41529673],[2.14789363,41.41485707]]]},"properties":{"id":"barcelona:osm:way:66713401","name":"Parc Güell","nameAddon":null,"objectNumber":"barcelona:osm:way:66713401","district":"Gràcia","locality":null,"type":"Park","areaM2":205061.6,"areaHa":20.51,"designation":null,"dedicated":null,"builtYear":null,"renovatedYear":null,"planningAreaId":null,"planningAreaName":null,"centroid":[2.151483,41.41468],"bounds":[2.14789,41.41156,2.15531,41.41685],"amenities":{"playground":{"status":"observed-nearby","count":6,"nearestMeters":0,"coverage":"community-mapped-observations"},"toilet":{"status":"observed-nearby","count":4,"nearestMeters":0,"coverage":"community-mapped-observations"},"drinkingFountain":{"status":"observed-nearby","count":11,"nearestMeters":0,"coverage":"community-mapped-observations"},"dogRun":{"status":"observed-nearby","count":2,"nearestMeters":0,"coverage":"community-mapped-observations"}},"sourceId":"parks"}},{"type":"Feature","id":"barcelona:osm:way:667865847","geometry":{"type":"Polygon","coordinates":[[[2.18523464,41.40389633],[2.18527301,41.40370816],[2.18543828,41.40357608],[2.18562863,41.40349376],[2.18583817,41.40351999],[2.18624988,41.40396056],[2.18635612,41.40422833],[2.1862484,41.40452054],[2.18593262,41.40469966],[2.18571127,41.40470237],[2.18553567,41.40457481],[2.18531727,41.40417948],[2.18525677,41.4040085],[2.18529514,41.40395784],[2.18523464,41.40389633]]]},"properties":{"id":"barcelona:osm:way:667865847","name":"Gran Clariana","nameAddon":null,"objectNumber":"barcelona:osm:way:667865847","district":"l'Eixample","locality":null,"type":"Park","areaM2":9066.3,"areaHa":0.91,"designation":null,"dedicated":null,"builtYear":null,"renovatedYear":null,"planningAreaId":null,"planningAreaName":null,"centroid":[2.185781,41.404106],"bounds":[2.18523,41.40349,2.18636,41.4047],"amenities":{"playground":{"status":"observed-nearby","count":1,"nearestMeters":16,"coverage":"community-mapped-observations"},"toilet":{"status":"observed-nearby","count":2,"nearestMeters":59,"coverage":"community-mapped-observations"},"drinkingFountain":{"status":"observed-nearby","count":4,"nearestMeters":35,"coverage":"community-mapped-observations"},"dogRun":{"status":"observed-nearby","count":1,"nearestMeters":17,"coverage":"community-mapped-observations"}},"sourceId":"parks"}},{"type":"Feature","id":"barcelona:osm:way:670430037","geometry":{"type":"Polygon","coordinates":[[[2.19168465,41.43588927],[2.19185878,41.43543514],[2.19191042,41.43540981],[2.19199453,41.4354478],[2.19210226,41.43590013],[2.19191632,41.43593631],[2.19168465,41.43588927]]]},"properties":{"id":"barcelona:osm:way:670430037","name":"Jardins d'Elisa García Sáez","nameAddon":null,"objectNumber":"barcelona:osm:way:670430037","district":"Sant Andreu","locality":null,"type":"Park","areaM2":1277.1,"areaHa":0.13,"designation":null,"dedicated":null,"builtYear":null,"renovatedYear":null,"planningAreaId":null,"planningAreaName":null,"centroid":[2.191906,41.435715],"bounds":[2.19168,41.43541,2.1921,41.43594],"amenities":{"playground":{"status":"observed-nearby","count":1,"nearestMeters":75,"coverage":"community-mapped-observations"},"toilet":{"status":"not-observed","count":0,"nearestMeters":null,"coverage":"community-mapped-observations"},"drinkingFountain":{"status":"observed-nearby","count":1,"nearestMeters":36,"coverage":"community-mapped-observations"},"dogRun":{"status":"observed-nearby","count":1,"nearestMeters":57,"coverage":"community-mapped-observations"}},"sourceId":"parks"}},{"type":"Feature","id":"barcelona:osm:way:677280399","geometry":{"type":"Polygon","coordinates":[[[2.13395329,41.35816808],[2.13411708,41.35792835],[2.13466897,41.35813371],[2.13449927,41.3583852],[2.13439007,41.35834901],[2.13395329,41.35816808]]]},"properties":{"id":"barcelona:osm:way:677280399","name":"Plaça José Sánchez Rios","nameAddon":null,"objectNumber":"barcelona:osm:way:677280399","district":"Sants-Montjuïc","locality":null,"type":"Park","areaM2":1618.3,"areaHa":0.16,"designation":null,"dedicated":null,"builtYear":null,"renovatedYear":null,"planningAreaId":null,"planningAreaName":null,"centroid":[2.134311,41.358156],"bounds":[2.13395,41.35793,2.13467,41.35839],"amenities":{"playground":{"status":"observed-nearby","count":1,"nearestMeters":55,"coverage":"community-mapped-observations"},"toilet":{"status":"not-observed","count":0,"nearestMeters":null,"coverage":"community-mapped-observations"},"drinkingFountain":{"status":"observed-nearby","count":2,"nearestMeters":0,"coverage":"community-mapped-observations"},"dogRun":{"status":"not-observed","count":0,"nearestMeters":null,"coverage":"community-mapped-observations"}},"sourceId":"parks"}},{"type":"Feature","id":"barcelona:osm:way:677290486","geometry":{"type":"Polygon","coordinates":[[[2.14234228,41.35621856],[2.14247509,41.35603401],[2.14337818,41.35639316],[2.14311109,41.35680749],[2.14300632,41.35676316],[2.14316569,41.35654152],[2.14301665,41.35648091],[2.14296353,41.35655147],[2.14241016,41.35624751],[2.14234228,41.35621856]]]},"properties":{"id":"barcelona:osm:way:677290486","name":"Jardins d'Elies Ortiz","nameAddon":null,"objectNumber":"barcelona:osm:way:677290486","district":"Sants-Montjuïc","locality":null,"type":"Park","areaM2":2420.6,"areaHa":0.24,"designation":null,"dedicated":null,"builtYear":null,"renovatedYear":null,"planningAreaId":null,"planningAreaName":null,"centroid":[2.142883,41.356357],"bounds":[2.14234,41.35603,2.14338,41.35681],"amenities":{"playground":{"status":"observed-nearby","count":1,"nearestMeters":0,"coverage":"community-mapped-observations"},"toilet":{"status":"not-observed","count":0,"nearestMeters":null,"coverage":"community-mapped-observations"},"drinkingFountain":{"status":"observed-nearby","count":1,"nearestMeters":0,"coverage":"community-mapped-observations"},"dogRun":{"status":"not-observed","count":0,"nearestMeters":null,"coverage":"community-mapped-observations"}},"sourceId":"parks"}},{"type":"Feature","id":"barcelona:osm:way:677291721","geometry":{"type":"Polygon","coordinates":[[[2.14158086,41.35242446],[2.14204273,41.35208431],[2.14245886,41.35239551],[2.14200731,41.35272209],[2.14158086,41.35242446]]]},"properties":{"id":"barcelona:osm:way:677291721","name":"Plaça de Falset","nameAddon":null,"objectNumber":"barcelona:osm:way:677291721","district":"Sants-Montjuïc","locality":null,"type":"Park","areaM2":2595.2,"areaHa":0.26,"designation":null,"dedicated":null,"builtYear":null,"renovatedYear":null,"planningAreaId":null,"planningAreaName":null,"centroid":[2.142022,41.352406],"bounds":[2.14158,41.35208,2.14246,41.35272],"amenities":{"playground":{"status":"not-observed","count":0,"nearestMeters":null,"coverage":"community-mapped-observations"},"toilet":{"status":"not-observed","count":0,"nearestMeters":null,"coverage":"community-mapped-observations"},"drinkingFountain":{"status":"observed-nearby","count":2,"nearestMeters":0,"coverage":"community-mapped-observations"},"dogRun":{"status":"not-observed","count":0,"nearestMeters":null,"coverage":"community-mapped-observations"}},"sourceId":"parks"}},{"type":"Feature","id":"barcelona:osm:way:677456321","geometry":{"type":"Polygon","coordinates":[[[2.18232321,41.40546951],[2.18238518,41.40542428],[2.18327352,41.40606296],[2.18301676,41.40624842],[2.18244273,41.40555726],[2.18232321,41.40546951]]]},"properties":{"id":"barcelona:osm:way:677456321","name":"Jardins dels Encants Nous","nameAddon":null,"objectNumber":"barcelona:osm:way:677456321","district":"l'Eixample","locality":null,"type":"Park","areaM2":1748.6,"areaHa":0.17,"designation":null,"dedicated":null,"builtYear":null,"renovatedYear":null,"planningAreaId":null,"planningAreaName":null,"centroid":[2.18285,41.405883],"bounds":[2.18232,41.40542,2.18327,41.40625],"amenities":{"playground":{"status":"observed-nearby","count":1,"nearestMeters":0,"coverage":"community-mapped-observations"},"toilet":{"status":"observed-nearby","count":1,"nearestMeters":29,"coverage":"community-mapped-observations"},"drinkingFountain":{"status":"observed-nearby","count":2,"nearestMeters":0,"coverage":"community-mapped-observations"},"dogRun":{"status":"not-observed","count":0,"nearestMeters":null,"coverage":"community-mapped-observations"}},"sourceId":"parks"}},{"type":"Feature","id":"barcelona:osm:way:678009186","geometry":{"type":"Polygon","coordinates":[[[2.16719202,41.40553736],[2.1676052,41.40522526],[2.16791656,41.40546228],[2.16750485,41.40577348],[2.16719202,41.40553736]]]},"properties":{"id":"barcelona:osm:way:678009186","name":"Jardins de la Sedeta","nameAddon":null,"objectNumber":"barcelona:osm:way:678009186","district":"Gràcia","locality":null,"type":"Park","areaM2":1814.7,"areaHa":0.18,"designation":null,"dedicated":null,"builtYear":null,"renovatedYear":null,"planningAreaId":null,"planningAreaName":null,"centroid":[2.167555,41.4055],"bounds":[2.16719,41.40523,2.16792,41.40577],"amenities":{"playground":{"status":"observed-nearby","count":1,"nearestMeters":0,"coverage":"community-mapped-observations"},"toilet":{"status":"observed-nearby","count":1,"nearestMeters":8,"coverage":"community-mapped-observations"},"drinkingFountain":{"status":"observed-nearby","count":2,"nearestMeters":0,"coverage":"community-mapped-observations"},"dogRun":{"status":"not-observed","count":0,"nearestMeters":null,"coverage":"community-mapped-observations"}},"sourceId":"parks"}},{"type":"Feature","id":"barcelona:osm:way:680072829","geometry":{"type":"Polygon","coordinates":[[[2.13082051,41.39469513],[2.13110383,41.39445178],[2.13139601,41.39464266],[2.13115105,41.39484259],[2.13082051,41.39469513]]]},"properties":{"id":"barcelona:osm:way:680072829","name":"Plaça de Martí Llauradó","nameAddon":null,"objectNumber":"barcelona:osm:way:680072829","district":"Sarrià - Sant Gervasi","locality":null,"type":"Park","areaM2":1055.9,"areaHa":0.11,"designation":null,"dedicated":null,"builtYear":null,"renovatedYear":null,"planningAreaId":null,"planningAreaName":null,"centroid":[2.131114,41.394655],"bounds":[2.13082,41.39445,2.1314,41.39484],"amenities":{"playground":{"status":"observed-nearby","count":1,"nearestMeters":0,"coverage":"community-mapped-observations"},"toilet":{"status":"not-observed","count":0,"nearestMeters":null,"coverage":"community-mapped-observations"},"drinkingFountain":{"status":"observed-nearby","count":1,"nearestMeters":0,"coverage":"community-mapped-observations"},"dogRun":{"status":"not-observed","count":0,"nearestMeters":null,"coverage":"community-mapped-observations"}},"sourceId":"parks"}},{"type":"Feature","id":"barcelona:osm:way:680321303","geometry":{"type":"Polygon","coordinates":[[[2.19051742,41.38263072],[2.19069302,41.3821793],[2.190876,41.38222363],[2.19069745,41.38267234],[2.19060743,41.38265153],[2.19051742,41.38263072]]]},"properties":{"id":"barcelona:osm:way:680321303","name":"Jardí d'Antónia Vilàs Ferràndiz","nameAddon":null,"objectNumber":"barcelona:osm:way:680321303","district":"Ciutat Vella","locality":null,"type":"Park","areaM2":828,"areaHa":0.08,"designation":null,"dedicated":null,"builtYear":null,"renovatedYear":null,"planningAreaId":null,"planningAreaName":null,"centroid":[2.190696,41.382426],"bounds":[2.19052,41.38218,2.19088,41.38267],"amenities":{"playground":{"status":"not-observed","count":0,"nearestMeters":null,"coverage":"community-mapped-observations"},"toilet":{"status":"not-observed","count":0,"nearestMeters":null,"coverage":"community-mapped-observations"},"drinkingFountain":{"status":"observed-nearby","count":1,"nearestMeters":0,"coverage":"community-mapped-observations"},"dogRun":{"status":"not-observed","count":0,"nearestMeters":null,"coverage":"community-mapped-observations"}},"sourceId":"parks"}},{"type":"Feature","id":"barcelona:osm:way:687525349","geometry":{"type":"Polygon","coordinates":[[[2.21927759,41.41306948],[2.21966126,41.41278813],[2.21982653,41.41291116],[2.22012018,41.41268229],[2.22043745,41.41303601],[2.21984719,41.41349738],[2.21979702,41.41346481],[2.21927759,41.41306948]]]},"properties":{"id":"barcelona:osm:way:687525349","name":"Jardins de Josep Pous i Pagès","nameAddon":null,"objectNumber":"barcelona:osm:way:687525349","district":"Sant Martí","locality":null,"type":"Park","areaM2":4427.2,"areaHa":0.44,"designation":null,"dedicated":null,"builtYear":null,"renovatedYear":null,"planningAreaId":null,"planningAreaName":null,"centroid":[2.219877,41.41308],"bounds":[2.21928,41.41268,2.22044,41.4135],"amenities":{"playground":{"status":"observed-nearby","count":1,"nearestMeters":0,"coverage":"community-mapped-observations"},"toilet":{"status":"not-observed","count":0,"nearestMeters":null,"coverage":"community-mapped-observations"},"drinkingFountain":{"status":"not-observed","count":0,"nearestMeters":null,"coverage":"community-mapped-observations"},"dogRun":{"status":"not-observed","count":0,"nearestMeters":null,"coverage":"community-mapped-observations"}},"sourceId":"parks"}},{"type":"Feature","id":"barcelona:osm:way:68897756","geometry":{"type":"Polygon","coordinates":[[[2.194298,41.40490501],[2.19507566,41.40432332],[2.19516273,41.40439479],[2.19502844,41.40449701],[2.19508747,41.40454225],[2.19511846,41.40451873],[2.19554787,41.4048444],[2.19551836,41.40486792],[2.19557738,41.40491225],[2.19571166,41.40480912],[2.19579135,41.40486973],[2.19552426,41.40507599],[2.19455772,41.40483264],[2.19443081,41.40493848],[2.194298,41.40490501]]]},"properties":{"id":"barcelona:osm:way:68897756","name":"Jardins d'Ada Byron","nameAddon":null,"objectNumber":"barcelona:osm:way:68897756","district":"Sant Martí","locality":null,"type":"Park","areaM2":3890,"areaHa":0.39,"designation":null,"dedicated":null,"builtYear":null,"renovatedYear":null,"planningAreaId":null,"planningAreaName":null,"centroid":[2.195063,41.404768],"bounds":[2.1943,41.40432,2.19579,41.40508],"amenities":{"playground":{"status":"observed-nearby","count":1,"nearestMeters":0,"coverage":"community-mapped-observations"},"toilet":{"status":"not-observed","count":0,"nearestMeters":null,"coverage":"community-mapped-observations"},"drinkingFountain":{"status":"not-observed","count":0,"nearestMeters":null,"coverage":"community-mapped-observations"},"dogRun":{"status":"not-observed","count":0,"nearestMeters":null,"coverage":"community-mapped-observations"}},"sourceId":"parks"}},{"type":"Feature","id":"barcelona:osm:way:692163656","geometry":{"type":"Polygon","coordinates":[[[2.18676783,41.453074],[2.18707623,41.45308938],[2.18682538,41.45341867],[2.18681947,41.4532305],[2.18676783,41.453074]]]},"properties":{"id":"barcelona:osm:way:692163656","name":"Parc Casa de l'Aigua","nameAddon":null,"objectNumber":"barcelona:osm:way:692163656","district":"Nou Barris","locality":null,"type":"Park","areaM2":445.5,"areaHa":0.04,"designation":null,"dedicated":null,"builtYear":null,"renovatedYear":null,"planningAreaId":null,"planningAreaName":null,"centroid":[2.186898,41.45319],"bounds":[2.18677,41.45307,2.18708,41.45342],"amenities":{"playground":{"status":"not-observed","count":0,"nearestMeters":null,"coverage":"community-mapped-observations"},"toilet":{"status":"observed-nearby","count":1,"nearestMeters":61,"coverage":"community-mapped-observations"},"drinkingFountain":{"status":"observed-nearby","count":1,"nearestMeters":61,"coverage":"community-mapped-observations"},"dogRun":{"status":"not-observed","count":0,"nearestMeters":null,"coverage":"community-mapped-observations"}},"sourceId":"parks"}},{"type":"Feature","id":"barcelona:osm:way:69421895","geometry":{"type":"Polygon","coordinates":[[[2.19334622,41.40717297],[2.19374169,41.40686629],[2.19433342,41.40731771],[2.19393942,41.40762168],[2.19334622,41.40717297]]]},"properties":{"id":"barcelona:osm:way:69421895","name":"Plaça de la Creu Roja","nameAddon":null,"objectNumber":"barcelona:osm:way:69421895","district":"Sant Martí","locality":null,"type":"Park","areaM2":3327.7,"areaHa":0.33,"designation":null,"dedicated":null,"builtYear":null,"renovatedYear":null,"planningAreaId":null,"planningAreaName":null,"centroid":[2.19384,41.407244],"bounds":[2.19335,41.40687,2.19433,41.40762],"amenities":{"playground":{"status":"observed-nearby","count":3,"nearestMeters":0,"coverage":"community-mapped-observations"},"toilet":{"status":"not-observed","count":0,"nearestMeters":null,"coverage":"community-mapped-observations"},"drinkingFountain":{"status":"observed-nearby","count":1,"nearestMeters":0,"coverage":"community-mapped-observations"},"dogRun":{"status":"not-observed","count":0,"nearestMeters":null,"coverage":"community-mapped-observations"}},"sourceId":"parks"}},{"type":"Feature","id":"barcelona:osm:way:695610751","geometry":{"type":"Polygon","coordinates":[[[2.17287913,41.39912339],[2.17307834,41.39896689],[2.17331001,41.39913244],[2.17311228,41.39928895],[2.17287913,41.39912339]]]},"properties":{"id":"barcelona:osm:way:695610751","name":"Jardins de Constaça de Aragó","nameAddon":null,"objectNumber":"barcelona:osm:way:695610751","district":"l'Eixample","locality":null,"type":"Park","areaM2":641.7,"areaHa":0.06,"designation":null,"dedicated":null,"builtYear":null,"renovatedYear":null,"planningAreaId":null,"planningAreaName":null,"centroid":[2.173095,41.399128],"bounds":[2.17288,41.39897,2.17331,41.39929],"amenities":{"playground":{"status":"observed-nearby","count":1,"nearestMeters":0,"coverage":"community-mapped-observations"},"toilet":{"status":"not-observed","count":0,"nearestMeters":null,"coverage":"community-mapped-observations"},"drinkingFountain":{"status":"observed-nearby","count":3,"nearestMeters":0,"coverage":"community-mapped-observations"},"dogRun":{"status":"not-observed","count":0,"nearestMeters":null,"coverage":"community-mapped-observations"}},"sourceId":"parks"}},{"type":"Feature","id":"barcelona:osm:way:705388485","geometry":{"type":"Polygon","coordinates":[[[2.21384577,41.40533201],[2.21498201,41.40449792],[2.21821071,41.40691876],[2.21663178,41.40811561],[2.21652258,41.40810385],[2.21508236,41.40659309],[2.21411434,41.40582233],[2.21384577,41.40533201]]]},"properties":{"id":"barcelona:osm:way:705388485","name":"Parc sense nom 705388485","nameAddon":null,"objectNumber":"barcelona:osm:way:705388485","district":"Sant Martí","locality":null,"type":"Park","areaM2":63766,"areaHa":6.38,"designation":null,"dedicated":null,"builtYear":null,"renovatedYear":null,"planningAreaId":null,"planningAreaName":null,"centroid":[2.215966,41.406299],"bounds":[2.21385,41.4045,2.21821,41.40812],"amenities":{"playground":{"status":"observed-nearby","count":6,"nearestMeters":0,"coverage":"community-mapped-observations"},"toilet":{"status":"not-observed","count":0,"nearestMeters":null,"coverage":"community-mapped-observations"},"drinkingFountain":{"status":"observed-nearby","count":5,"nearestMeters":0,"coverage":"community-mapped-observations"},"dogRun":{"status":"observed-nearby","count":1,"nearestMeters":28,"coverage":"community-mapped-observations"}},"sourceId":"parks"}},{"type":"Feature","id":"barcelona:osm:way:708223916","geometry":{"type":"Polygon","coordinates":[[[2.20163487,41.40526325],[2.20201706,41.40497467],[2.20181047,41.40481636],[2.20190049,41.40479374],[2.20215577,41.40460014],[2.20251878,41.40486973],[2.20173669,41.40534558],[2.20168652,41.40530487],[2.20163487,41.40526325]]]},"properties":{"id":"barcelona:osm:way:708223916","name":"Parc sense nom 708223916","nameAddon":null,"objectNumber":"barcelona:osm:way:708223916","district":"Sant Martí","locality":null,"type":"Park","areaM2":2223.4,"areaHa":0.22,"designation":null,"dedicated":null,"builtYear":null,"renovatedYear":null,"planningAreaId":null,"planningAreaName":null,"centroid":[2.202087,41.404943],"bounds":[2.20163,41.4046,2.20252,41.40535],"amenities":{"playground":{"status":"observed-nearby","count":1,"nearestMeters":17,"coverage":"community-mapped-observations"},"toilet":{"status":"not-observed","count":0,"nearestMeters":null,"coverage":"community-mapped-observations"},"drinkingFountain":{"status":"observed-nearby","count":1,"nearestMeters":30,"coverage":"community-mapped-observations"},"dogRun":{"status":"not-observed","count":0,"nearestMeters":null,"coverage":"community-mapped-observations"}},"sourceId":"parks"}},{"type":"Feature","id":"barcelona:osm:way:72064535","geometry":{"type":"Polygon","coordinates":[[[2.16966814,41.37540709],[2.16983341,41.37532386],[2.1708516,41.37645739],[2.16995736,41.37703003],[2.16977881,41.37671522],[2.17003115,41.37654605],[2.17010493,41.37627917],[2.17004148,41.37613443],[2.16986735,41.37597883],[2.16996769,41.37589289],[2.16978767,41.37568572],[2.1698762,41.3756414],[2.16966814,41.37540709]]]},"properties":{"id":"barcelona:osm:way:72064535","name":"Jardins de Sant Pau del Camp","nameAddon":null,"objectNumber":"barcelona:osm:way:72064535","district":"Ciutat Vella","locality":null,"type":"Park","areaM2":6972.9,"areaHa":0.7,"designation":null,"dedicated":null,"builtYear":null,"renovatedYear":null,"planningAreaId":null,"planningAreaName":null,"centroid":[2.170212,41.376263],"bounds":[2.16967,41.37532,2.17085,41.37703],"amenities":{"playground":{"status":"observed-nearby","count":1,"nearestMeters":3,"coverage":"community-mapped-observations"},"toilet":{"status":"observed-nearby","count":1,"nearestMeters":0,"coverage":"community-mapped-observations"},"drinkingFountain":{"status":"observed-nearby","count":2,"nearestMeters":0,"coverage":"community-mapped-observations"},"dogRun":{"status":"observed-nearby","count":1,"nearestMeters":0,"coverage":"community-mapped-observations"}},"sourceId":"parks"}},{"type":"Feature","id":"barcelona:osm:way:72178760","geometry":{"type":"Polygon","coordinates":[[[2.16299826,41.36831373],[2.16308384,41.36800706],[2.1630986,41.36732405],[2.16332732,41.36732224],[2.16368443,41.36723087],[2.16387921,41.36706713],[2.16411236,41.36669622],[2.16436027,41.3667125],[2.16491068,41.36660033],[2.16519105,41.36664194],[2.16533419,41.36670165],[2.16549799,41.36686358],[2.16553783,41.36697304],[2.16551865,41.36725167],[2.16526041,41.36772661],[2.16495938,41.36800253],[2.16409761,41.36849285],[2.16340258,41.36858784],[2.1631473,41.36854804],[2.16314139,41.36831192],[2.16299826,41.36831373]]]},"properties":{"id":"barcelona:osm:way:72178760","name":"Jardins de Jacint Verdaguer","nameAddon":null,"objectNumber":"barcelona:osm:way:72178760","district":"Sants-Montjuïc","locality":null,"type":"Park","areaM2":30804.5,"areaHa":3.08,"designation":null,"dedicated":null,"builtYear":null,"renovatedYear":null,"planningAreaId":null,"planningAreaName":null,"centroid":[2.164256,41.367583],"bounds":[2.163,41.3666,2.16554,41.36859],"amenities":{"playground":{"status":"observed-nearby","count":1,"nearestMeters":70,"coverage":"community-mapped-observations"},"toilet":{"status":"not-observed","count":0,"nearestMeters":null,"coverage":"community-mapped-observations"},"drinkingFountain":{"status":"observed-nearby","count":5,"nearestMeters":0,"coverage":"community-mapped-observations"},"dogRun":{"status":"not-observed","count":0,"nearestMeters":null,"coverage":"community-mapped-observations"}},"sourceId":"parks"}},{"type":"Feature","id":"barcelona:osm:way:72185352","geometry":{"type":"Polygon","coordinates":[[[2.1601429,41.36495024],[2.16039081,41.36413244],[2.16079661,41.36327664],[2.1610091,41.36292111],[2.16114338,41.36286774],[2.16127029,41.36290483],[2.16129242,41.36295549],[2.16120093,41.36364303],[2.16131751,41.36398408],[2.16148278,41.36416863],[2.16170117,41.36433056],[2.1619358,41.36442555],[2.16214386,41.36447259],[2.16301892,41.36455129],[2.16306909,41.36459019],[2.16299678,41.36467523],[2.16306171,41.36481002],[2.16335241,41.36494482],[2.16311336,41.36719468],[2.16235636,41.36698842],[2.16152705,41.36664737],[2.16121126,41.36638773],[2.16081284,41.36592003],[2.16030079,41.36544056],[2.16015913,41.36519902],[2.1601429,41.36495024]]]},"properties":{"id":"barcelona:osm:way:72185352","name":"Jardí Petra Kelly","nameAddon":null,"objectNumber":"barcelona:osm:way:72185352","district":"Sants-Montjuïc","locality":null,"type":"Park","areaM2":68325.9,"areaHa":6.83,"designation":null,"dedicated":null,"builtYear":null,"renovatedYear":null,"planningAreaId":null,"planningAreaName":null,"centroid":[2.161775,41.365315],"bounds":[2.16014,41.36287,2.16335,41.36719],"amenities":{"playground":{"status":"not-observed","count":0,"nearestMeters":null,"coverage":"community-mapped-observations"},"toilet":{"status":"not-observed","count":0,"nearestMeters":null,"coverage":"community-mapped-observations"},"drinkingFountain":{"status":"observed-nearby","count":3,"nearestMeters":51,"coverage":"community-mapped-observations"},"dogRun":{"status":"not-observed","count":0,"nearestMeters":null,"coverage":"community-mapped-observations"}},"sourceId":"parks"}},{"type":"Feature","id":"barcelona:osm:way:730328169","geometry":{"type":"Polygon","coordinates":[[[2.16700461,41.39327574],[2.16712414,41.39318527],[2.16738385,41.39333454],[2.16742665,41.39330469],[2.1675019,41.39334811],[2.16735581,41.39345124],[2.16714185,41.39330107],[2.16708725,41.3933472],[2.16700461,41.39327574]]]},"properties":{"id":"barcelona:osm:way:730328169","name":"Parc sense nom 730328169","nameAddon":null,"objectNumber":"barcelona:osm:way:730328169","district":"l'Eixample","locality":null,"type":"Park","areaM2":477,"areaHa":0.05,"designation":null,"dedicated":null,"builtYear":null,"renovatedYear":null,"planningAreaId":null,"planningAreaName":null,"centroid":[2.167247,41.393317],"bounds":[2.167,41.39319,2.1675,41.39345],"amenities":{"playground":{"status":"not-observed","count":0,"nearestMeters":null,"coverage":"community-mapped-observations"},"toilet":{"status":"not-observed","count":0,"nearestMeters":null,"coverage":"community-mapped-observations"},"drinkingFountain":{"status":"observed-nearby","count":1,"nearestMeters":70,"coverage":"community-mapped-observations"},"dogRun":{"status":"not-observed","count":0,"nearestMeters":null,"coverage":"community-mapped-observations"}},"sourceId":"parks"}},{"type":"Feature","id":"barcelona:osm:way:734851609","geometry":{"type":"Polygon","coordinates":[[[2.15028269,41.39078614],[2.15058077,41.39055907],[2.1508818,41.390778],[2.15059257,41.39099783],[2.15028269,41.39078614]]]},"properties":{"id":"barcelona:osm:way:734851609","name":"Jardins de Montserrat Figueras","nameAddon":null,"objectNumber":"barcelona:osm:way:734851609","district":"l'Eixample","locality":null,"type":"Park","areaM2":1221.3,"areaHa":0.12,"designation":null,"dedicated":null,"builtYear":null,"renovatedYear":null,"planningAreaId":null,"planningAreaName":null,"centroid":[2.150584,41.39078],"bounds":[2.15028,41.39056,2.15088,41.391],"amenities":{"playground":{"status":"observed-nearby","count":1,"nearestMeters":0,"coverage":"community-mapped-observations"},"toilet":{"status":"not-observed","count":0,"nearestMeters":null,"coverage":"community-mapped-observations"},"drinkingFountain":{"status":"observed-nearby","count":1,"nearestMeters":4,"coverage":"community-mapped-observations"},"dogRun":{"status":"not-observed","count":0,"nearestMeters":null,"coverage":"community-mapped-observations"}},"sourceId":"parks"}},{"type":"Feature","id":"barcelona:osm:way:74060619","geometry":{"type":"Polygon","coordinates":[[[2.19084649,41.38374344],[2.19141018,41.38218202],[2.19358822,41.38143477],[2.19422717,41.3825484],[2.19373431,41.38290031],[2.19341852,41.38329745],[2.19311897,41.38356161],[2.19205503,41.38419396],[2.19159906,41.38394608],[2.19088928,41.38381762],[2.19084649,41.38374344]]]},"properties":{"id":"barcelona:osm:way:74060619","name":"Parc de la Barceloneta","nameAddon":null,"objectNumber":"barcelona:osm:way:74060619","district":"Ciutat Vella","locality":null,"type":"Park","areaM2":49899.3,"areaHa":4.99,"designation":null,"dedicated":null,"builtYear":null,"renovatedYear":null,"planningAreaId":null,"planningAreaName":null,"centroid":[2.192492,41.382817],"bounds":[2.19085,41.38143,2.19423,41.38419],"amenities":{"playground":{"status":"observed-nearby","count":2,"nearestMeters":0,"coverage":"community-mapped-observations"},"toilet":{"status":"observed-nearby","count":3,"nearestMeters":0,"coverage":"community-mapped-observations"},"drinkingFountain":{"status":"observed-nearby","count":4,"nearestMeters":0,"coverage":"community-mapped-observations"},"dogRun":{"status":"observed-nearby","count":1,"nearestMeters":0,"coverage":"community-mapped-observations"}},"sourceId":"parks"}},{"type":"Feature","id":"barcelona:osm:way:74071961","geometry":{"type":"Polygon","coordinates":[[[2.19249182,41.38703275],[2.19333884,41.38642663],[2.19379629,41.38706622],[2.19413568,41.38765786],[2.19427734,41.38863941],[2.19419176,41.38870092],[2.19352625,41.38812828],[2.19303043,41.38763525],[2.19249182,41.38703275]]]},"properties":{"id":"barcelona:osm:way:74071961","name":"Parc de Carles I","nameAddon":null,"objectNumber":"barcelona:osm:way:74071961","district":"Sant Martí","locality":null,"type":"Park","areaM2":16451.5,"areaHa":1.65,"designation":null,"dedicated":null,"builtYear":null,"renovatedYear":null,"planningAreaId":null,"planningAreaName":null,"centroid":[2.193488,41.387476],"bounds":[2.19249,41.38643,2.19428,41.3887],"amenities":{"playground":{"status":"observed-nearby","count":2,"nearestMeters":0,"coverage":"community-mapped-observations"},"toilet":{"status":"not-observed","count":0,"nearestMeters":null,"coverage":"community-mapped-observations"},"drinkingFountain":{"status":"not-observed","count":0,"nearestMeters":null,"coverage":"community-mapped-observations"},"dogRun":{"status":"observed-nearby","count":1,"nearestMeters":20,"coverage":"community-mapped-observations"}},"sourceId":"parks"}},{"type":"Feature","id":"barcelona:osm:way:74074067","geometry":{"type":"Polygon","coordinates":[[[2.18260653,41.37957662],[2.18290166,41.37882034],[2.18316579,41.37912249],[2.18331188,41.37875249],[2.18326909,41.37864664],[2.18345207,41.37777637],[2.18408512,41.37857518],[2.18379737,41.37934775],[2.18354503,41.37905193],[2.18339747,41.37943369],[2.18344764,41.37952144],[2.18325433,41.38039262],[2.18292527,41.37999819],[2.18260653,41.37957662]]]},"properties":{"id":"barcelona:osm:way:74074067","name":"Moll d'Espanya","nameAddon":null,"objectNumber":"barcelona:osm:way:74074067","district":"Ciutat Vella","locality":null,"type":"Park","areaM2":13885.6,"areaHa":1.39,"designation":null,"dedicated":null,"builtYear":null,"renovatedYear":null,"planningAreaId":null,"planningAreaName":null,"centroid":[2.183347,41.379093],"bounds":[2.18261,41.37778,2.18409,41.38039],"amenities":{"playground":{"status":"not-observed","count":0,"nearestMeters":null,"coverage":"community-mapped-observations"},"toilet":{"status":"not-observed","count":0,"nearestMeters":null,"coverage":"community-mapped-observations"},"drinkingFountain":{"status":"observed-nearby","count":1,"nearestMeters":0,"coverage":"community-mapped-observations"},"dogRun":{"status":"not-observed","count":0,"nearestMeters":null,"coverage":"community-mapped-observations"}},"sourceId":"parks"}},{"type":"Feature","id":"barcelona:osm:way:740840872","geometry":{"type":"Polygon","coordinates":[[[2.14048888,41.41028677],[2.14075302,41.41006604],[2.141057,41.41028587],[2.14080024,41.41051022],[2.14048888,41.41028677]]]},"properties":{"id":"barcelona:osm:way:740840872","name":"Jardins de Marià Manent","nameAddon":null,"objectNumber":"barcelona:osm:way:740840872","district":"Sarrià - Sant Gervasi","locality":null,"type":"Park","areaM2":1198.3,"areaHa":0.12,"designation":null,"dedicated":null,"builtYear":null,"renovatedYear":null,"planningAreaId":null,"planningAreaName":null,"centroid":[2.140774,41.410288],"bounds":[2.14049,41.41007,2.14106,41.41051],"amenities":{"playground":{"status":"observed-nearby","count":1,"nearestMeters":0,"coverage":"community-mapped-observations"},"toilet":{"status":"not-observed","count":0,"nearestMeters":null,"coverage":"community-mapped-observations"},"drinkingFountain":{"status":"observed-nearby","count":1,"nearestMeters":0,"coverage":"community-mapped-observations"},"dogRun":{"status":"not-observed","count":0,"nearestMeters":null,"coverage":"community-mapped-observations"}},"sourceId":"parks"}},{"type":"Feature","id":"barcelona:osm:way:742333329","geometry":{"type":"Polygon","coordinates":[[[2.18588392,41.45070563],[2.18661731,41.45067306],[2.18678258,41.45086123],[2.18698917,41.45076986],[2.18717215,41.45099059],[2.18646975,41.45101773],[2.18627939,41.45078252],[2.18599459,41.45080152],[2.18588392,41.45070563]]]},"properties":{"id":"barcelona:osm:way:742333329","name":"Plaça de l'Aigua","nameAddon":null,"objectNumber":"barcelona:osm:way:742333329","district":"Nou Barris","locality":null,"type":"Park","areaM2":2074.3,"areaHa":0.21,"designation":null,"dedicated":null,"builtYear":null,"renovatedYear":null,"planningAreaId":null,"planningAreaName":null,"centroid":[2.186584,41.450846],"bounds":[2.18588,41.45067,2.18717,41.45102],"amenities":{"playground":{"status":"not-observed","count":0,"nearestMeters":null,"coverage":"community-mapped-observations"},"toilet":{"status":"not-observed","count":0,"nearestMeters":null,"coverage":"community-mapped-observations"},"drinkingFountain":{"status":"observed-nearby","count":3,"nearestMeters":0,"coverage":"community-mapped-observations"},"dogRun":{"status":"not-observed","count":0,"nearestMeters":null,"coverage":"community-mapped-observations"}},"sourceId":"parks"}},{"type":"Feature","id":"barcelona:osm:way:74398634","geometry":{"type":"Polygon","coordinates":[[[2.18055097,41.40205717],[2.18148062,41.40228515],[2.1812755,41.40246427],[2.18105268,41.40246879],[2.18055097,41.40205717]]]},"properties":{"id":"barcelona:osm:way:74398634","name":"Parc sense nom 74398634","nameAddon":null,"objectNumber":"barcelona:osm:way:74398634","district":"l'Eixample","locality":null,"type":"Park","areaM2":1528.9,"areaHa":0.15,"designation":null,"dedicated":null,"builtYear":null,"renovatedYear":null,"planningAreaId":null,"planningAreaName":null,"centroid":[2.181059,41.402288],"bounds":[2.18055,41.40206,2.18148,41.40247],"amenities":{"playground":{"status":"not-observed","count":0,"nearestMeters":null,"coverage":"community-mapped-observations"},"toilet":{"status":"not-observed","count":0,"nearestMeters":null,"coverage":"community-mapped-observations"},"drinkingFountain":{"status":"observed-nearby","count":2,"nearestMeters":0,"coverage":"community-mapped-observations"},"dogRun":{"status":"observed-nearby","count":1,"nearestMeters":0,"coverage":"community-mapped-observations"}},"sourceId":"parks"}},{"type":"Feature","id":"barcelona:osm:way:74398639","geometry":{"type":"Polygon","coordinates":[[[2.18139798,41.4042998],[2.18155587,41.4041632],[2.18212547,41.40495477],[2.18140241,41.4044165],[2.18139798,41.4042998]]]},"properties":{"id":"barcelona:osm:way:74398639","name":"Parc sense nom 74398639","nameAddon":null,"objectNumber":"barcelona:osm:way:74398639","district":"l'Eixample","locality":null,"type":"Park","areaM2":1491.3,"areaHa":0.15,"designation":null,"dedicated":null,"builtYear":null,"renovatedYear":null,"planningAreaId":null,"planningAreaName":null,"centroid":[2.181678,41.404497],"bounds":[2.1814,41.40416,2.18213,41.40495],"amenities":{"playground":{"status":"observed-nearby","count":2,"nearestMeters":0,"coverage":"community-mapped-observations"},"toilet":{"status":"not-observed","count":0,"nearestMeters":null,"coverage":"community-mapped-observations"},"drinkingFountain":{"status":"observed-nearby","count":1,"nearestMeters":0,"coverage":"community-mapped-observations"},"dogRun":{"status":"not-observed","count":0,"nearestMeters":null,"coverage":"community-mapped-observations"}},"sourceId":"parks"}},{"type":"Feature","id":"barcelona:osm:way:74398645","geometry":{"type":"Polygon","coordinates":[[[2.17820027,41.40192419],[2.17820323,41.40174869],[2.1784836,41.40153971],[2.17986775,41.40189524],[2.17965083,41.40206713],[2.17944719,41.40181654],[2.179065,41.40205898],[2.17937488,41.402277],[2.17909156,41.40249231],[2.17904581,41.40244708],[2.17895137,41.40250678],[2.17820027,41.40192419]]]},"properties":{"id":"barcelona:osm:way:74398645","name":"Plaça de Pablo Neruda","nameAddon":null,"objectNumber":"barcelona:osm:way:74398645","district":"l'Eixample","locality":null,"type":"Park","areaM2":6974,"areaHa":0.7,"designation":null,"dedicated":null,"builtYear":null,"renovatedYear":null,"planningAreaId":null,"planningAreaName":null,"centroid":[2.178864,41.401976],"bounds":[2.1782,41.40154,2.17987,41.40251],"amenities":{"playground":{"status":"observed-nearby","count":1,"nearestMeters":49,"coverage":"community-mapped-observations"},"toilet":{"status":"not-observed","count":0,"nearestMeters":null,"coverage":"community-mapped-observations"},"drinkingFountain":{"status":"observed-nearby","count":3,"nearestMeters":0,"coverage":"community-mapped-observations"},"dogRun":{"status":"observed-nearby","count":1,"nearestMeters":74,"coverage":"community-mapped-observations"}},"sourceId":"parks"}},{"type":"Feature","id":"barcelona:osm:way:748647089","geometry":{"type":"Polygon","coordinates":[[[2.178944,41.41925728],[2.17899122,41.41906821],[2.17953868,41.41917315],[2.17949293,41.41942374],[2.17916829,41.41940474],[2.178944,41.41925728]]]},"properties":{"id":"barcelona:osm:way:748647089","name":"Plaça de Rosa Galobardes i Alsina","nameAddon":null,"objectNumber":"barcelona:osm:way:748647089","district":"Horta-Guinardó","locality":null,"type":"Park","areaM2":1380.2,"areaHa":0.14,"designation":null,"dedicated":null,"builtYear":null,"renovatedYear":null,"planningAreaId":null,"planningAreaName":null,"centroid":[2.179246,41.419253],"bounds":[2.17894,41.41907,2.17954,41.41942],"amenities":{"playground":{"status":"observed-nearby","count":1,"nearestMeters":35,"coverage":"community-mapped-observations"},"toilet":{"status":"observed-nearby","count":1,"nearestMeters":13,"coverage":"community-mapped-observations"},"drinkingFountain":{"status":"observed-nearby","count":2,"nearestMeters":47,"coverage":"community-mapped-observations"},"dogRun":{"status":"not-observed","count":0,"nearestMeters":null,"coverage":"community-mapped-observations"}},"sourceId":"parks"}},{"type":"Feature","id":"barcelona:osm:way:751344304","geometry":{"type":"Polygon","coordinates":[[[2.13880223,41.36845848],[2.13902358,41.36822327],[2.13913277,41.36832911],[2.13946184,41.36807491],[2.13964187,41.36821422],[2.13932903,41.36844943],[2.1404092,41.36926],[2.14015244,41.36941379],[2.13976582,41.36906097],[2.13958432,41.36916863],[2.13885683,41.36850823],[2.13880223,41.36845848]]]},"properties":{"id":"barcelona:osm:way:751344304","name":"Plaça de Josep Pons i Mogas","nameAddon":null,"objectNumber":"barcelona:osm:way:751344304","district":"Sants-Montjuïc","locality":null,"type":"Park","areaM2":5975.6,"areaHa":0.6,"designation":null,"dedicated":null,"builtYear":null,"renovatedYear":null,"planningAreaId":null,"planningAreaName":null,"centroid":[2.139525,41.368751],"bounds":[2.1388,41.36807,2.14041,41.36941],"amenities":{"playground":{"status":"not-observed","count":0,"nearestMeters":null,"coverage":"community-mapped-observations"},"toilet":{"status":"not-observed","count":0,"nearestMeters":null,"coverage":"community-mapped-observations"},"drinkingFountain":{"status":"observed-nearby","count":1,"nearestMeters":0,"coverage":"community-mapped-observations"},"dogRun":{"status":"not-observed","count":0,"nearestMeters":null,"coverage":"community-mapped-observations"}},"sourceId":"parks"}},{"type":"Feature","id":"barcelona:osm:way:753132630","geometry":{"type":"Polygon","coordinates":[[[2.14368659,41.37297901],[2.14385334,41.37276732],[2.14499991,41.37331826],[2.14495416,41.37337615],[2.14488186,41.37335987],[2.14368659,41.37297901]]]},"properties":{"id":"barcelona:osm:way:753132630","name":"Plaça Joan Corrades Bosch","nameAddon":null,"objectNumber":"barcelona:osm:way:753132630","district":"Sants-Montjuïc","locality":null,"type":"Park","areaM2":2057.6,"areaHa":0.21,"designation":null,"dedicated":null,"builtYear":null,"renovatedYear":null,"planningAreaId":null,"planningAreaName":null,"centroid":[2.144263,41.373068],"bounds":[2.14369,41.37277,2.145,41.37338],"amenities":{"playground":{"status":"not-observed","count":0,"nearestMeters":null,"coverage":"community-mapped-observations"},"toilet":{"status":"not-observed","count":0,"nearestMeters":null,"coverage":"community-mapped-observations"},"drinkingFountain":{"status":"observed-nearby","count":2,"nearestMeters":0,"coverage":"community-mapped-observations"},"dogRun":{"status":"not-observed","count":0,"nearestMeters":null,"coverage":"community-mapped-observations"}},"sourceId":"parks"}},{"type":"Feature","id":"barcelona:osm:way:757887898","geometry":{"type":"Polygon","coordinates":[[[2.17527261,41.46254116],[2.17550871,41.46249774],[2.17559135,41.46274018],[2.17576842,41.46299439],[2.17541575,41.46304324],[2.17527261,41.46254116]]]},"properties":{"id":"barcelona:osm:way:757887898","name":"Parc sense nom 757887898","nameAddon":null,"objectNumber":"barcelona:osm:way:757887898","district":"Nou Barris","locality":null,"type":"Park","areaM2":1345.7,"areaHa":0.13,"designation":null,"dedicated":null,"builtYear":null,"renovatedYear":null,"planningAreaId":null,"planningAreaName":null,"centroid":[2.175489,41.462788],"bounds":[2.17527,41.4625,2.17577,41.46304],"amenities":{"playground":{"status":"observed-nearby","count":1,"nearestMeters":0,"coverage":"community-mapped-observations"},"toilet":{"status":"not-observed","count":0,"nearestMeters":null,"coverage":"community-mapped-observations"},"drinkingFountain":{"status":"observed-nearby","count":1,"nearestMeters":0,"coverage":"community-mapped-observations"},"dogRun":{"status":"not-observed","count":0,"nearestMeters":null,"coverage":"community-mapped-observations"}},"sourceId":"parks"}},{"type":"Feature","id":"barcelona:osm:way:758996196","geometry":{"type":"Polygon","coordinates":[[[2.1346188,41.36300344],[2.13513527,41.36265786],[2.13566502,41.36346843],[2.13598966,41.36335444],[2.13622282,41.36366202],[2.13621249,41.36375249],[2.13598376,41.3640266],[2.13567093,41.36426361],[2.13530644,41.36421476],[2.13503493,41.36403836],[2.13543778,41.36374254],[2.13517806,41.36354261],[2.13512789,41.36338158],[2.1346188,41.36300344]]]},"properties":{"id":"barcelona:osm:way:758996196","name":"Parc sense nom 758996196","nameAddon":null,"objectNumber":"barcelona:osm:way:758996196","district":"Sants-Montjuïc","locality":null,"type":"Park","areaM2":9838.4,"areaHa":0.98,"designation":null,"dedicated":null,"builtYear":null,"renovatedYear":null,"planningAreaId":null,"planningAreaName":null,"centroid":[2.135467,41.363547],"bounds":[2.13462,41.36266,2.13622,41.36426],"amenities":{"playground":{"status":"observed-nearby","count":2,"nearestMeters":0,"coverage":"community-mapped-observations"},"toilet":{"status":"not-observed","count":0,"nearestMeters":null,"coverage":"community-mapped-observations"},"drinkingFountain":{"status":"observed-nearby","count":2,"nearestMeters":0,"coverage":"community-mapped-observations"},"dogRun":{"status":"not-observed","count":0,"nearestMeters":null,"coverage":"community-mapped-observations"}},"sourceId":"parks"}},{"type":"Feature","id":"barcelona:osm:way:759565420","geometry":{"type":"Polygon","coordinates":[[[2.11847237,41.378055],[2.11876307,41.37781708],[2.11895048,41.37794192],[2.11882653,41.37805229],[2.11906263,41.3782097],[2.11893572,41.37832911],[2.11847237,41.378055]]]},"properties":{"id":"barcelona:osm:way:759565420","name":"Jardí de Maria Teresa Vernet i Real","nameAddon":null,"objectNumber":"barcelona:osm:way:759565420","district":"les Corts","locality":null,"type":"Park","areaM2":1232.7,"areaHa":0.12,"designation":null,"dedicated":null,"builtYear":null,"renovatedYear":null,"planningAreaId":null,"planningAreaName":null,"centroid":[2.118776,41.378073],"bounds":[2.11847,41.37782,2.11906,41.37833],"amenities":{"playground":{"status":"not-observed","count":0,"nearestMeters":null,"coverage":"community-mapped-observations"},"toilet":{"status":"not-observed","count":0,"nearestMeters":null,"coverage":"community-mapped-observations"},"drinkingFountain":{"status":"observed-nearby","count":1,"nearestMeters":0,"coverage":"community-mapped-observations"},"dogRun":{"status":"not-observed","count":0,"nearestMeters":null,"coverage":"community-mapped-observations"}},"sourceId":"parks"}},{"type":"Feature","id":"barcelona:osm:way:761075652","geometry":{"type":"Polygon","coordinates":[[[2.1193489,41.39793649],[2.11945957,41.39781256],[2.11974142,41.39792564],[2.11973995,41.3979573],[2.1193489,41.39793649]]]},"properties":{"id":"barcelona:osm:way:761075652","name":"Jardí de Joan Llarch","nameAddon":null,"objectNumber":"barcelona:osm:way:761075652","district":"Sarrià - Sant Gervasi","locality":null,"type":"Park","areaM2":278.8,"areaHa":0.03,"designation":null,"dedicated":null,"builtYear":null,"renovatedYear":null,"planningAreaId":null,"planningAreaName":null,"centroid":[2.119536,41.397902],"bounds":[2.11935,41.39781,2.11974,41.39796],"amenities":{"playground":{"status":"observed-nearby","count":1,"nearestMeters":8,"coverage":"community-mapped-observations"},"toilet":{"status":"not-observed","count":0,"nearestMeters":null,"coverage":"community-mapped-observations"},"drinkingFountain":{"status":"not-observed","count":0,"nearestMeters":null,"coverage":"community-mapped-observations"},"dogRun":{"status":"not-observed","count":0,"nearestMeters":null,"coverage":"community-mapped-observations"}},"sourceId":"parks"}},{"type":"Feature","id":"barcelona:osm:way:76172498","geometry":{"type":"Polygon","coordinates":[[[2.16769964,41.37075629],[2.16773948,41.37063687],[2.1679564,41.37056631],[2.16845812,41.3705446],[2.16957517,41.37071015],[2.16979209,41.37077167],[2.17001639,41.37089108],[2.17185356,41.37125384],[2.17212655,41.37127917],[2.1722992,41.37062059],[2.17238036,41.37063506],[2.17245414,41.37040528],[2.17237446,41.3703899],[2.17260023,41.36978379],[2.17258695,41.36957301],[2.17248218,41.36953049],[2.17251022,41.36941469],[2.172584,41.36936765],[2.1732746,41.36928895],[2.17341921,41.36987244],[2.17341183,41.37020988],[2.17331001,41.37020897],[2.17324213,41.37077076],[2.17332477,41.37079881],[2.17344725,41.37211688],[2.17260171,41.37225529],[2.17218853,41.37227248],[2.1714994,41.37221639],[2.1706819,41.37206079],[2.17064649,41.37202189],[2.17059336,41.37203637],[2.16950434,41.37167089],[2.16916937,41.37119233],[2.16885801,41.37100507],[2.16861453,41.37093179],[2.16793869,41.37084313],[2.16769964,41.37075629]]]},"properties":{"id":"barcelona:osm:way:76172498","name":"Parc del Mirador del Poble Sec","nameAddon":null,"objectNumber":"barcelona:osm:way:76172498","district":"Sants-Montjuïc","locality":null,"type":"Park","areaM2":59932.2,"areaHa":5.99,"designation":null,"dedicated":null,"builtYear":null,"renovatedYear":null,"planningAreaId":null,"planningAreaName":null,"centroid":[2.171525,41.371172],"bounds":[2.1677,41.36929,2.17345,41.37227],"amenities":{"playground":{"status":"observed-nearby","count":5,"nearestMeters":0,"coverage":"community-mapped-observations"},"toilet":{"status":"observed-nearby","count":1,"nearestMeters":0,"coverage":"community-mapped-observations"},"drinkingFountain":{"status":"observed-nearby","count":9,"nearestMeters":0,"coverage":"community-mapped-observations"},"dogRun":{"status":"observed-nearby","count":2,"nearestMeters":23,"coverage":"community-mapped-observations"}},"sourceId":"parks"}},{"type":"Feature","id":"barcelona:osm:way:76704010","geometry":{"type":"Polygon","coordinates":[[[2.17513833,41.43387009],[2.1768235,41.43310476],[2.17754362,41.43401122],[2.17591304,41.4347856],[2.17513833,41.43387009]]]},"properties":{"id":"barcelona:osm:way:76704010","name":"Plaça de Sóller","nameAddon":null,"objectNumber":"barcelona:osm:way:76704010","district":"Nou Barris","locality":null,"type":"Park","areaM2":19223.4,"areaHa":1.92,"designation":null,"dedicated":null,"builtYear":null,"renovatedYear":null,"planningAreaId":null,"planningAreaName":null,"centroid":[2.17635,41.433943],"bounds":[2.17514,41.4331,2.17754,41.43479],"amenities":{"playground":{"status":"observed-nearby","count":1,"nearestMeters":0,"coverage":"community-mapped-observations"},"toilet":{"status":"observed-nearby","count":1,"nearestMeters":34,"coverage":"community-mapped-observations"},"drinkingFountain":{"status":"observed-nearby","count":4,"nearestMeters":0,"coverage":"community-mapped-observations"},"dogRun":{"status":"observed-nearby","count":1,"nearestMeters":0,"coverage":"community-mapped-observations"}},"sourceId":"parks"}},{"type":"Feature","id":"barcelona:osm:way:767935813","geometry":{"type":"Polygon","coordinates":[[[2.19657344,41.42223539],[2.19788233,41.42199113],[2.19794135,41.42200742],[2.19798415,41.42210422],[2.19770082,41.42229872],[2.19748243,41.42214583],[2.19721239,41.42233128],[2.19700727,41.42219016],[2.19675051,41.42236747],[2.19657344,41.42223539]]]},"properties":{"id":"barcelona:osm:way:767935813","name":"Parc sense nom 767935813","nameAddon":null,"objectNumber":"barcelona:osm:way:767935813","district":"Sant Martí","locality":null,"type":"Park","areaM2":1883.8,"areaHa":0.19,"designation":null,"dedicated":null,"builtYear":null,"renovatedYear":null,"planningAreaId":null,"planningAreaName":null,"centroid":[2.19738,41.422171],"bounds":[2.19657,41.42199,2.19798,41.42237],"amenities":{"playground":{"status":"observed-nearby","count":6,"nearestMeters":0,"coverage":"community-mapped-observations"},"toilet":{"status":"not-observed","count":0,"nearestMeters":null,"coverage":"community-mapped-observations"},"drinkingFountain":{"status":"observed-nearby","count":3,"nearestMeters":42,"coverage":"community-mapped-observations"},"dogRun":{"status":"not-observed","count":0,"nearestMeters":null,"coverage":"community-mapped-observations"}},"sourceId":"parks"}},{"type":"Feature","id":"barcelona:osm:way:767940346","geometry":{"type":"Polygon","coordinates":[[[2.20007512,41.43491044],[2.20091476,41.4345142],[2.20102691,41.43452325],[2.20095608,41.4350588],[2.20012972,41.43496743],[2.20007512,41.43491044]]]},"properties":{"id":"barcelona:osm:way:767940346","name":"Parc sense nom 767940346","nameAddon":null,"objectNumber":"barcelona:osm:way:767940346","district":"Sant Andreu","locality":null,"type":"Park","areaM2":2710.6,"areaHa":0.27,"designation":null,"dedicated":null,"builtYear":null,"renovatedYear":null,"planningAreaId":null,"planningAreaName":null,"centroid":[2.200663,41.434825],"bounds":[2.20008,41.43451,2.20103,41.43506],"amenities":{"playground":{"status":"not-observed","count":0,"nearestMeters":null,"coverage":"community-mapped-observations"},"toilet":{"status":"not-observed","count":0,"nearestMeters":null,"coverage":"community-mapped-observations"},"drinkingFountain":{"status":"observed-nearby","count":1,"nearestMeters":62,"coverage":"community-mapped-observations"},"dogRun":{"status":"not-observed","count":0,"nearestMeters":null,"coverage":"community-mapped-observations"}},"sourceId":"parks"}},{"type":"Feature","id":"barcelona:osm:way:770235101","geometry":{"type":"Polygon","coordinates":[[[2.1140307,41.38293378],[2.11412367,41.38271576],[2.11455751,41.38282703],[2.11446011,41.38304324],[2.11423139,41.38298534],[2.1140307,41.38293378]]]},"properties":{"id":"barcelona:osm:way:770235101","name":"Plaça de Rosa Balcells i Llastarry","nameAddon":null,"objectNumber":"barcelona:osm:way:770235101","district":"les Corts","locality":null,"type":"Park","areaM2":968.6,"areaHa":0.1,"designation":null,"dedicated":null,"builtYear":null,"renovatedYear":null,"planningAreaId":null,"planningAreaName":null,"centroid":[2.114293,41.38288],"bounds":[2.11403,41.38272,2.11456,41.38304],"amenities":{"playground":{"status":"not-observed","count":0,"nearestMeters":null,"coverage":"community-mapped-observations"},"toilet":{"status":"not-observed","count":0,"nearestMeters":null,"coverage":"community-mapped-observations"},"drinkingFountain":{"status":"not-observed","count":0,"nearestMeters":null,"coverage":"community-mapped-observations"},"dogRun":{"status":"not-observed","count":0,"nearestMeters":null,"coverage":"community-mapped-observations"}},"sourceId":"parks"}},{"type":"Feature","id":"barcelona:osm:way:771605584","geometry":{"type":"Polygon","coordinates":[[[2.2157036,41.41756106],[2.2159338,41.41740546],[2.21631894,41.41769857],[2.21609022,41.41785598],[2.2157036,41.41756106]]]},"properties":{"id":"barcelona:osm:way:771605584","name":"Jardins de Dolors Canals i Farriols","nameAddon":null,"objectNumber":"barcelona:osm:way:771605584","district":"Sant Martí","locality":null,"type":"Park","areaM2":1186.5,"areaHa":0.12,"designation":null,"dedicated":null,"builtYear":null,"renovatedYear":null,"planningAreaId":null,"planningAreaName":null,"centroid":[2.216012,41.41763],"bounds":[2.2157,41.41741,2.21632,41.41786],"amenities":{"playground":{"status":"not-observed","count":0,"nearestMeters":null,"coverage":"community-mapped-observations"},"toilet":{"status":"not-observed","count":0,"nearestMeters":null,"coverage":"community-mapped-observations"},"drinkingFountain":{"status":"observed-nearby","count":2,"nearestMeters":0,"coverage":"community-mapped-observations"},"dogRun":{"status":"not-observed","count":0,"nearestMeters":null,"coverage":"community-mapped-observations"}},"sourceId":"parks"}},{"type":"Feature","id":"barcelona:osm:way:798299327","geometry":{"type":"Polygon","coordinates":[[[2.18113532,41.44085399],[2.18148209,41.44059435],[2.181609,41.44070382],[2.18128731,41.44097521],[2.18113532,41.44085399]]]},"properties":{"id":"barcelona:osm:way:798299327","name":"Parc sense nom 798299327","nameAddon":null,"objectNumber":"barcelona:osm:way:798299327","district":"Nou Barris","locality":null,"type":"Park","areaM2":704,"areaHa":0.07,"designation":null,"dedicated":null,"builtYear":null,"renovatedYear":null,"planningAreaId":null,"planningAreaName":null,"centroid":[2.181374,41.440785],"bounds":[2.18114,41.44059,2.18161,41.44098],"amenities":{"playground":{"status":"observed-nearby","count":1,"nearestMeters":55,"coverage":"community-mapped-observations"},"toilet":{"status":"not-observed","count":0,"nearestMeters":null,"coverage":"community-mapped-observations"},"drinkingFountain":{"status":"not-observed","count":0,"nearestMeters":null,"coverage":"community-mapped-observations"},"dogRun":{"status":"not-observed","count":0,"nearestMeters":null,"coverage":"community-mapped-observations"}},"sourceId":"parks"}},{"type":"Feature","id":"barcelona:osm:way:7996266","geometry":{"type":"Polygon","coordinates":[[[2.11561259,41.3879772],[2.11693181,41.38608739],[2.1181861,41.38639949],[2.11819348,41.38645468],[2.11858747,41.38655238],[2.11863617,41.38651529],[2.11983881,41.3868283],[2.11855796,41.38907273],[2.11844286,41.38907273],[2.11836022,41.38914149],[2.11764897,41.38903293],[2.11719299,41.38891804],[2.11620727,41.38848562],[2.11575572,41.38820427],[2.11567309,41.38809119],[2.11561259,41.3879772]]]},"properties":{"id":"barcelona:osm:way:7996266","name":"Jardins del Palau de Pedralbes","nameAddon":null,"objectNumber":"barcelona:osm:way:7996266","district":"les Corts","locality":null,"type":"Park","areaM2":74412.3,"areaHa":7.44,"designation":null,"dedicated":null,"builtYear":null,"renovatedYear":null,"planningAreaId":null,"planningAreaName":null,"centroid":[2.117691,41.387622],"bounds":[2.11561,41.38609,2.11984,41.38914],"amenities":{"playground":{"status":"observed-nearby","count":3,"nearestMeters":0,"coverage":"community-mapped-observations"},"toilet":{"status":"not-observed","count":0,"nearestMeters":null,"coverage":"community-mapped-observations"},"drinkingFountain":{"status":"observed-nearby","count":1,"nearestMeters":0,"coverage":"community-mapped-observations"},"dogRun":{"status":"not-observed","count":0,"nearestMeters":null,"coverage":"community-mapped-observations"}},"sourceId":"parks"}},{"type":"Feature","id":"barcelona:osm:way:802177323","geometry":{"type":"Polygon","coordinates":[[[2.14664672,41.41022797],[2.14676477,41.41013298],[2.14691676,41.41022616],[2.14680018,41.4103302],[2.14664672,41.41022797]]]},"properties":{"id":"barcelona:osm:way:802177323","name":"Placeta del Punt Verd de Vallcaca","nameAddon":null,"objectNumber":"barcelona:osm:way:802177323","district":"Gràcia","locality":null,"type":"Park","areaM2":248.8,"areaHa":0.02,"designation":null,"dedicated":null,"builtYear":null,"renovatedYear":null,"planningAreaId":null,"planningAreaName":null,"centroid":[2.146782,41.41023],"bounds":[2.14665,41.41013,2.14692,41.41033],"amenities":{"playground":{"status":"not-observed","count":0,"nearestMeters":null,"coverage":"community-mapped-observations"},"toilet":{"status":"not-observed","count":0,"nearestMeters":null,"coverage":"community-mapped-observations"},"drinkingFountain":{"status":"observed-nearby","count":1,"nearestMeters":69,"coverage":"community-mapped-observations"},"dogRun":{"status":"not-observed","count":0,"nearestMeters":null,"coverage":"community-mapped-observations"}},"sourceId":"parks"}},{"type":"Feature","id":"barcelona:osm:way:804323669","geometry":{"type":"Polygon","coordinates":[[[2.19224982,41.4106803],[2.19292714,41.41014746],[2.19309241,41.4102732],[2.19247264,41.41077348],[2.19236344,41.41076262],[2.19224982,41.4106803]]]},"properties":{"id":"barcelona:osm:way:804323669","name":"Parc sense nom 804323669","nameAddon":null,"objectNumber":"barcelona:osm:way:804323669","district":"Sant Martí","locality":null,"type":"Park","areaM2":1575.7,"areaHa":0.16,"designation":null,"dedicated":null,"builtYear":null,"renovatedYear":null,"planningAreaId":null,"planningAreaName":null,"centroid":[2.192675,41.410476],"bounds":[2.19225,41.41015,2.19309,41.41077],"amenities":{"playground":{"status":"not-observed","count":0,"nearestMeters":null,"coverage":"community-mapped-observations"},"toilet":{"status":"not-observed","count":0,"nearestMeters":null,"coverage":"community-mapped-observations"},"drinkingFountain":{"status":"not-observed","count":0,"nearestMeters":null,"coverage":"community-mapped-observations"},"dogRun":{"status":"not-observed","count":0,"nearestMeters":null,"coverage":"community-mapped-observations"}},"sourceId":"parks"}},{"type":"Feature","id":"barcelona:osm:way:804642145","geometry":{"type":"Polygon","coordinates":[[[2.19338901,41.4098046],[2.19381842,41.4094545],[2.19401763,41.40959834],[2.19356166,41.40993306],[2.19345984,41.40985254],[2.19338901,41.4098046]]]},"properties":{"id":"barcelona:osm:way:804642145","name":"Parc sense nom 804642145","nameAddon":null,"objectNumber":"barcelona:osm:way:804642145","district":"Sant Martí","locality":null,"type":"Park","areaM2":1155.1,"areaHa":0.12,"designation":null,"dedicated":null,"builtYear":null,"renovatedYear":null,"planningAreaId":null,"planningAreaName":null,"centroid":[2.193702,41.409693],"bounds":[2.19339,41.40945,2.19402,41.40993],"amenities":{"playground":{"status":"observed-nearby","count":2,"nearestMeters":67,"coverage":"community-mapped-observations"},"toilet":{"status":"not-observed","count":0,"nearestMeters":null,"coverage":"community-mapped-observations"},"drinkingFountain":{"status":"observed-nearby","count":1,"nearestMeters":27,"coverage":"community-mapped-observations"},"dogRun":{"status":"not-observed","count":0,"nearestMeters":null,"coverage":"community-mapped-observations"}},"sourceId":"parks"}},{"type":"Feature","id":"barcelona:osm:way:809603778","geometry":{"type":"Polygon","coordinates":[[[2.18878207,41.44936675],[2.18949923,41.44897775],[2.18959662,41.44897684],[2.18959957,41.44947892],[2.18937233,41.4494753],[2.18931773,41.44986792],[2.18910819,41.45022164],[2.18924837,41.45027682],[2.18911852,41.45050027],[2.18893259,41.4495721],[2.18883962,41.44957481],[2.18879683,41.44941379],[2.18878207,41.44936675]]]},"properties":{"id":"barcelona:osm:way:809603778","name":"Parc sense nom 809603778","nameAddon":null,"objectNumber":"barcelona:osm:way:809603778","district":"Sant Andreu","locality":null,"type":"Park","areaM2":4834.1,"areaHa":0.48,"designation":null,"dedicated":null,"builtYear":null,"renovatedYear":null,"planningAreaId":null,"planningAreaName":null,"centroid":[2.189209,41.449544],"bounds":[2.18878,41.44898,2.1896,41.4505],"amenities":{"playground":{"status":"observed-nearby","count":1,"nearestMeters":69,"coverage":"community-mapped-observations"},"toilet":{"status":"not-observed","count":0,"nearestMeters":null,"coverage":"community-mapped-observations"},"drinkingFountain":{"status":"observed-nearby","count":2,"nearestMeters":0,"coverage":"community-mapped-observations"},"dogRun":{"status":"not-observed","count":0,"nearestMeters":null,"coverage":"community-mapped-observations"}},"sourceId":"parks"}},{"type":"Feature","id":"barcelona:osm:way:809641608","geometry":{"type":"Polygon","coordinates":[[[2.18533793,41.46402298],[2.18564487,41.46439931],[2.18582194,41.46446535],[2.18605214,41.46443098],[2.18638564,41.46500271],[2.1864786,41.46524154],[2.18632661,41.46526959],[2.18635317,41.46533382],[2.18621151,41.46538357],[2.18658042,41.46599059],[2.18632366,41.46608739],[2.18604771,41.46607925],[2.18583522,41.46599692],[2.18576292,41.46592274],[2.18572012,41.46581238],[2.18585736,41.46508413],[2.18559469,41.46447621],[2.18533793,41.46402298]]]},"properties":{"id":"barcelona:osm:way:809641608","name":"Plaça Primer de Maig","nameAddon":null,"objectNumber":"barcelona:osm:way:809641608","district":"Nou Barris","locality":null,"type":"Park","areaM2":8858.3,"areaHa":0.89,"designation":null,"dedicated":null,"builtYear":null,"renovatedYear":null,"planningAreaId":null,"planningAreaName":null,"centroid":[2.186049,41.465284],"bounds":[2.18534,41.46402,2.18658,41.46609],"amenities":{"playground":{"status":"observed-nearby","count":1,"nearestMeters":0,"coverage":"community-mapped-observations"},"toilet":{"status":"not-observed","count":0,"nearestMeters":null,"coverage":"community-mapped-observations"},"drinkingFountain":{"status":"observed-nearby","count":2,"nearestMeters":0,"coverage":"community-mapped-observations"},"dogRun":{"status":"not-observed","count":0,"nearestMeters":null,"coverage":"community-mapped-observations"}},"sourceId":"parks"}},{"type":"Feature","id":"barcelona:osm:way:82655913","geometry":{"type":"Polygon","coordinates":[[[2.11687868,41.37820337],[2.11689049,41.37816808],[2.11699083,41.37818346],[2.11712954,41.37806224],[2.11750288,41.37824407],[2.11780391,41.37842229],[2.1176047,41.37856703],[2.11687868,41.37820337]]]},"properties":{"id":"barcelona:osm:way:82655913","name":"Parc sense nom 82655913","nameAddon":null,"objectNumber":"barcelona:osm:way:82655913","district":"les Corts","locality":null,"type":"Park","areaM2":1704.3,"areaHa":0.17,"designation":null,"dedicated":null,"builtYear":null,"renovatedYear":null,"planningAreaId":null,"planningAreaName":null,"centroid":[2.117358,41.378313],"bounds":[2.11688,41.37806,2.1178,41.37857],"amenities":{"playground":{"status":"observed-nearby","count":1,"nearestMeters":35,"coverage":"community-mapped-observations"},"toilet":{"status":"not-observed","count":0,"nearestMeters":null,"coverage":"community-mapped-observations"},"drinkingFountain":{"status":"observed-nearby","count":2,"nearestMeters":29,"coverage":"community-mapped-observations"},"dogRun":{"status":"not-observed","count":0,"nearestMeters":null,"coverage":"community-mapped-observations"}},"sourceId":"parks"}},{"type":"Feature","id":"barcelona:osm:way:82655915","geometry":{"type":"Polygon","coordinates":[[[2.11779653,41.37867197],[2.11793967,41.37855889],[2.11833514,41.37879953],[2.1183012,41.3788321],[2.11779653,41.37867197]]]},"properties":{"id":"barcelona:osm:way:82655915","name":"Parc sense nom 82655915","nameAddon":null,"objectNumber":"barcelona:osm:way:82655915","district":"les Corts","locality":null,"type":"Park","areaM2":471,"areaHa":0.05,"designation":null,"dedicated":null,"builtYear":null,"renovatedYear":null,"planningAreaId":null,"planningAreaName":null,"centroid":[2.11805,41.378697],"bounds":[2.1178,41.37856,2.11834,41.37883],"amenities":{"playground":{"status":"observed-nearby","count":1,"nearestMeters":57,"coverage":"community-mapped-observations"},"toilet":{"status":"not-observed","count":0,"nearestMeters":null,"coverage":"community-mapped-observations"},"drinkingFountain":{"status":"observed-nearby","count":1,"nearestMeters":74,"coverage":"community-mapped-observations"},"dogRun":{"status":"not-observed","count":0,"nearestMeters":null,"coverage":"community-mapped-observations"}},"sourceId":"parks"}},{"type":"Feature","id":"barcelona:osm:way:82660591","geometry":{"type":"Polygon","coordinates":[[[2.11515071,41.37866564],[2.11573359,41.37855256],[2.11599773,41.37842772],[2.11621465,41.37825855],[2.11632384,41.3782486],[2.11761355,41.37882034],[2.11729186,41.37913244],[2.11712216,41.37906097],[2.11658503,41.37867469],[2.11626187,41.37856794],[2.1160966,41.37856161],[2.11516399,41.37869278],[2.11515071,41.37866564]]]},"properties":{"id":"barcelona:osm:way:82660591","name":"Jardins de Josep Munté","nameAddon":null,"objectNumber":"barcelona:osm:way:82660591","district":"les Corts","locality":null,"type":"Park","areaM2":5346.2,"areaHa":0.53,"designation":null,"dedicated":null,"builtYear":null,"renovatedYear":null,"planningAreaId":null,"planningAreaName":null,"centroid":[2.116713,41.378656],"bounds":[2.11515,41.37825,2.11761,41.37913],"amenities":{"playground":{"status":"observed-nearby","count":1,"nearestMeters":0,"coverage":"community-mapped-observations"},"toilet":{"status":"not-observed","count":0,"nearestMeters":null,"coverage":"community-mapped-observations"},"drinkingFountain":{"status":"observed-nearby","count":1,"nearestMeters":0,"coverage":"community-mapped-observations"},"dogRun":{"status":"not-observed","count":0,"nearestMeters":null,"coverage":"community-mapped-observations"}},"sourceId":"parks"}},{"type":"Feature","id":"barcelona:osm:way:83218380","geometry":{"type":"Polygon","coordinates":[[[2.13208808,41.36812285],[2.13235074,41.36733038],[2.13239501,41.36733671],[2.13244961,41.36697214],[2.13273293,41.36674778],[2.13319776,41.36708793],[2.13234632,41.36825945],[2.13212792,41.36814456],[2.13208808,41.36812285]]]},"properties":{"id":"barcelona:osm:way:83218380","name":"Jardí de Francesc Masclans i Girvès","nameAddon":null,"objectNumber":"barcelona:osm:way:83218380","district":"Sants-Montjuïc","locality":null,"type":"Park","areaM2":6986.1,"areaHa":0.7,"designation":null,"dedicated":null,"builtYear":null,"renovatedYear":null,"planningAreaId":null,"planningAreaName":null,"centroid":[2.132603,41.367454],"bounds":[2.13209,41.36675,2.1332,41.36826],"amenities":{"playground":{"status":"observed-nearby","count":3,"nearestMeters":0,"coverage":"community-mapped-observations"},"toilet":{"status":"not-observed","count":0,"nearestMeters":null,"coverage":"community-mapped-observations"},"drinkingFountain":{"status":"observed-nearby","count":3,"nearestMeters":0,"coverage":"community-mapped-observations"},"dogRun":{"status":"not-observed","count":0,"nearestMeters":null,"coverage":"community-mapped-observations"}},"sourceId":"parks"}},{"type":"Feature","id":"barcelona:osm:way:846653448","geometry":{"type":"Polygon","coordinates":[[[2.18135814,41.45619323],[2.18150865,41.45584675],[2.18163556,41.45571648],[2.1817418,41.45570653],[2.18201775,41.45619776],[2.18136257,41.45639226],[2.18135814,41.45619323]]]},"properties":{"id":"barcelona:osm:way:846653448","name":"Parc d'Apol·lo","nameAddon":null,"objectNumber":"barcelona:osm:way:846653448","district":"Nou Barris","locality":null,"type":"Park","areaM2":2490.7,"areaHa":0.25,"designation":null,"dedicated":null,"builtYear":null,"renovatedYear":null,"planningAreaId":null,"planningAreaName":null,"centroid":[2.181653,41.45607],"bounds":[2.18136,41.45571,2.18202,41.45639],"amenities":{"playground":{"status":"observed-nearby","count":1,"nearestMeters":0,"coverage":"community-mapped-observations"},"toilet":{"status":"not-observed","count":0,"nearestMeters":null,"coverage":"community-mapped-observations"},"drinkingFountain":{"status":"observed-nearby","count":2,"nearestMeters":6,"coverage":"community-mapped-observations"},"dogRun":{"status":"not-observed","count":0,"nearestMeters":null,"coverage":"community-mapped-observations"}},"sourceId":"parks"}},{"type":"Feature","id":"barcelona:osm:way:85390003","geometry":{"type":"Polygon","coordinates":[[[2.13949873,41.42047313],[2.13980714,41.42037362],[2.1398824,41.42053827],[2.13964482,41.42062511],[2.1395976,41.42055455],[2.1395548,41.42056902],[2.13949873,41.42047313]]]},"properties":{"id":"barcelona:osm:way:85390003","name":"Parc sense nom 85390003","nameAddon":null,"objectNumber":"barcelona:osm:way:85390003","district":"Horta-Guinardó","locality":null,"type":"Park","areaM2":511.4,"areaHa":0.05,"designation":null,"dedicated":null,"builtYear":null,"renovatedYear":null,"planningAreaId":null,"planningAreaName":null,"centroid":[2.139701,41.4205],"bounds":[2.1395,41.42037,2.13988,41.42063],"amenities":{"playground":{"status":"observed-nearby","count":2,"nearestMeters":21,"coverage":"community-mapped-observations"},"toilet":{"status":"not-observed","count":0,"nearestMeters":null,"coverage":"community-mapped-observations"},"drinkingFountain":{"status":"observed-nearby","count":2,"nearestMeters":38,"coverage":"community-mapped-observations"},"dogRun":{"status":"not-observed","count":0,"nearestMeters":null,"coverage":"community-mapped-observations"}},"sourceId":"parks"}},{"type":"Feature","id":"barcelona:osm:way:86332207","geometry":{"type":"Polygon","coordinates":[[[2.14516223,41.4126452],[2.14522568,41.41260449],[2.1459753,41.41275466],[2.1461937,41.41305591],[2.14611254,41.41321694],[2.14615976,41.41325945],[2.14613762,41.41354713],[2.14566837,41.4130351],[2.14577609,41.41298625],[2.145782,41.41285869],[2.14570674,41.41275737],[2.14516223,41.4126452]]]},"properties":{"id":"barcelona:osm:way:86332207","name":"Jardins de Maria Baldó","nameAddon":null,"objectNumber":"barcelona:osm:way:86332207","district":"Gràcia","locality":null,"type":"Park","areaM2":2357.6,"areaHa":0.24,"designation":null,"dedicated":null,"builtYear":null,"renovatedYear":null,"planningAreaId":null,"planningAreaName":null,"centroid":[2.1459,41.413027],"bounds":[2.14516,41.4126,2.14619,41.41355],"amenities":{"playground":{"status":"observed-nearby","count":1,"nearestMeters":0,"coverage":"community-mapped-observations"},"toilet":{"status":"not-observed","count":0,"nearestMeters":null,"coverage":"community-mapped-observations"},"drinkingFountain":{"status":"observed-nearby","count":2,"nearestMeters":0,"coverage":"community-mapped-observations"},"dogRun":{"status":"observed-nearby","count":1,"nearestMeters":7,"coverage":"community-mapped-observations"}},"sourceId":"parks"}},{"type":"Feature","id":"barcelona:osm:way:865041098","geometry":{"type":"Polygon","coordinates":[[[2.19579873,41.39539624],[2.19607172,41.39518636],[2.19611009,41.39521712],[2.19617649,41.39516012],[2.196721,41.39556631],[2.19664427,41.39561788],[2.19670772,41.39565949],[2.19664279,41.39570563],[2.19627831,41.39543514],[2.19612632,41.39554912],[2.19647604,41.39581328],[2.19641554,41.39585308],[2.19609828,41.39561788],[2.19579873,41.39539624]]]},"properties":{"id":"barcelona:osm:way:865041098","name":"Jardins d'Alícia de Larrocha","nameAddon":null,"objectNumber":"barcelona:osm:way:865041098","district":"Sant Martí","locality":null,"type":"Park","areaM2":2150.7,"areaHa":0.22,"designation":null,"dedicated":null,"builtYear":null,"renovatedYear":null,"planningAreaId":null,"planningAreaName":null,"centroid":[2.196242,41.395454],"bounds":[2.1958,41.39516,2.19672,41.39585],"amenities":{"playground":{"status":"not-observed","count":0,"nearestMeters":null,"coverage":"community-mapped-observations"},"toilet":{"status":"not-observed","count":0,"nearestMeters":null,"coverage":"community-mapped-observations"},"drinkingFountain":{"status":"observed-nearby","count":1,"nearestMeters":69,"coverage":"community-mapped-observations"},"dogRun":{"status":"not-observed","count":0,"nearestMeters":null,"coverage":"community-mapped-observations"}},"sourceId":"parks"}},{"type":"Feature","id":"barcelona:osm:way:865160357","geometry":{"type":"Polygon","coordinates":[[[2.21512663,41.40445992],[2.21545717,41.40419034],[2.21858405,41.40655871],[2.21840549,41.40669622],[2.21821809,41.40678306],[2.21512663,41.40445992]]]},"properties":{"id":"barcelona:osm:way:865160357","name":"Parc del Maresme","nameAddon":null,"objectNumber":"barcelona:osm:way:865160357","district":"Sant Martí","locality":null,"type":"Park","areaM2":14776.9,"areaHa":1.48,"designation":null,"dedicated":null,"builtYear":null,"renovatedYear":null,"planningAreaId":null,"planningAreaName":null,"centroid":[2.216843,41.405494],"bounds":[2.21513,41.40419,2.21858,41.40678],"amenities":{"playground":{"status":"observed-nearby","count":5,"nearestMeters":0,"coverage":"community-mapped-observations"},"toilet":{"status":"not-observed","count":0,"nearestMeters":null,"coverage":"community-mapped-observations"},"drinkingFountain":{"status":"observed-nearby","count":2,"nearestMeters":0,"coverage":"community-mapped-observations"},"dogRun":{"status":"not-observed","count":0,"nearestMeters":null,"coverage":"community-mapped-observations"}},"sourceId":"parks"}},{"type":"Feature","id":"barcelona:osm:way:866934360","geometry":{"type":"Polygon","coordinates":[[[2.17837883,41.41964447],[2.17879938,41.41936675],[2.17895728,41.41948254],[2.17893662,41.41969966],[2.17850721,41.41968699],[2.17837883,41.41964447]]]},"properties":{"id":"barcelona:osm:way:866934360","name":"Jardins infantils Plaça del Mercat","nameAddon":null,"objectNumber":"barcelona:osm:way:866934360","district":"Horta-Guinardó","locality":null,"type":"Park","areaM2":1076.9,"areaHa":0.11,"designation":null,"dedicated":null,"builtYear":null,"renovatedYear":null,"planningAreaId":null,"planningAreaName":null,"centroid":[2.178729,41.419569],"bounds":[2.17838,41.41937,2.17896,41.4197],"amenities":{"playground":{"status":"observed-nearby","count":1,"nearestMeters":0,"coverage":"community-mapped-observations"},"toilet":{"status":"observed-nearby","count":1,"nearestMeters":3,"coverage":"community-mapped-observations"},"drinkingFountain":{"status":"observed-nearby","count":2,"nearestMeters":15,"coverage":"community-mapped-observations"},"dogRun":{"status":"not-observed","count":0,"nearestMeters":null,"coverage":"community-mapped-observations"}},"sourceId":"parks"}},{"type":"Feature","id":"barcelona:osm:way:86939217","geometry":{"type":"Polygon","coordinates":[[[2.14288384,41.41181925],[2.14302108,41.41178578],[2.14354936,41.41179573],[2.14374266,41.41207979],[2.14318487,41.41234123],[2.14288384,41.41181925]]]},"properties":{"id":"barcelona:osm:way:86939217","name":"Jardí dels Arabescos","nameAddon":null,"objectNumber":"barcelona:osm:way:86939217","district":"Gràcia","locality":null,"type":"Park","areaM2":2663.4,"areaHa":0.27,"designation":null,"dedicated":null,"builtYear":null,"renovatedYear":null,"planningAreaId":null,"planningAreaName":null,"centroid":[2.143307,41.412011],"bounds":[2.14288,41.41179,2.14374,41.41234],"amenities":{"playground":{"status":"observed-nearby","count":3,"nearestMeters":0,"coverage":"community-mapped-observations"},"toilet":{"status":"not-observed","count":0,"nearestMeters":null,"coverage":"community-mapped-observations"},"drinkingFountain":{"status":"observed-nearby","count":4,"nearestMeters":0,"coverage":"community-mapped-observations"},"dogRun":{"status":"not-observed","count":0,"nearestMeters":null,"coverage":"community-mapped-observations"}},"sourceId":"parks"}},{"type":"Feature","id":"barcelona:osm:way:871919203","geometry":{"type":"Polygon","coordinates":[[[2.16439126,41.41627194],[2.16469967,41.41606568],[2.16539617,41.4164402],[2.16537994,41.41670527],[2.16544044,41.41673512],[2.16537108,41.41680659],[2.16439126,41.41627194]]]},"properties":{"id":"barcelona:osm:way:871919203","name":"Plaça de les Pedreres de Can Baró","nameAddon":null,"objectNumber":"barcelona:osm:way:871919203","district":"Horta-Guinardó","locality":null,"type":"Park","areaM2":2963.7,"areaHa":0.3,"designation":null,"dedicated":null,"builtYear":null,"renovatedYear":null,"planningAreaId":null,"planningAreaName":null,"centroid":[2.164966,41.416409],"bounds":[2.16439,41.41607,2.16544,41.41681],"amenities":{"playground":{"status":"observed-nearby","count":2,"nearestMeters":27,"coverage":"community-mapped-observations"},"toilet":{"status":"not-observed","count":0,"nearestMeters":null,"coverage":"community-mapped-observations"},"drinkingFountain":{"status":"observed-nearby","count":4,"nearestMeters":10,"coverage":"community-mapped-observations"},"dogRun":{"status":"not-observed","count":0,"nearestMeters":null,"coverage":"community-mapped-observations"}},"sourceId":"parks"}},{"type":"Feature","id":"barcelona:osm:way:87504591","geometry":{"type":"Polygon","coordinates":[[[2.18083871,41.42874887],[2.18166212,41.4287353],[2.1816813,41.42938212],[2.18085495,41.42937851],[2.18083871,41.42874887]]]},"properties":{"id":"barcelona:osm:way:87504591","name":"Plaça Garrigó","nameAddon":null,"objectNumber":"barcelona:osm:way:87504591","district":"Nou Barris","locality":null,"type":"Park","areaM2":4950.8,"areaHa":0.5,"designation":null,"dedicated":null,"builtYear":null,"renovatedYear":null,"planningAreaId":null,"planningAreaName":null,"centroid":[2.181261,41.429061],"bounds":[2.18084,41.42874,2.18168,41.42938],"amenities":{"playground":{"status":"observed-nearby","count":1,"nearestMeters":0,"coverage":"community-mapped-observations"},"toilet":{"status":"not-observed","count":0,"nearestMeters":null,"coverage":"community-mapped-observations"},"drinkingFountain":{"status":"observed-nearby","count":2,"nearestMeters":0,"coverage":"community-mapped-observations"},"dogRun":{"status":"not-observed","count":0,"nearestMeters":null,"coverage":"community-mapped-observations"}},"sourceId":"parks"}},{"type":"Feature","id":"barcelona:osm:way:887575320","geometry":{"type":"Polygon","coordinates":[[[2.15881925,41.41588927],[2.15885024,41.41579066],[2.15892255,41.41581328],[2.15897715,41.41576986],[2.15918226,41.41603492],[2.15944492,41.41593088],[2.15953936,41.41608015],[2.1592103,41.41621133],[2.15917783,41.41617152],[2.15888566,41.41628913],[2.15902879,41.41593903],[2.15881925,41.41588927]]]},"properties":{"id":"barcelona:osm:way:887575320","name":"Plaça de Raimon Casellas","nameAddon":null,"objectNumber":"barcelona:osm:way:887575320","district":"Horta-Guinardó","locality":null,"type":"Park","areaM2":1336,"areaHa":0.13,"designation":null,"dedicated":null,"builtYear":null,"renovatedYear":null,"planningAreaId":null,"planningAreaName":null,"centroid":[2.159151,41.416046],"bounds":[2.15882,41.41577,2.15954,41.41629],"amenities":{"playground":{"status":"observed-nearby","count":2,"nearestMeters":0,"coverage":"community-mapped-observations"},"toilet":{"status":"not-observed","count":0,"nearestMeters":null,"coverage":"community-mapped-observations"},"drinkingFountain":{"status":"observed-nearby","count":2,"nearestMeters":0,"coverage":"community-mapped-observations"},"dogRun":{"status":"not-observed","count":0,"nearestMeters":null,"coverage":"community-mapped-observations"}},"sourceId":"parks"}},{"type":"Feature","id":"barcelona:osm:way:896259665","geometry":{"type":"Polygon","coordinates":[[[2.1409419,41.42065044],[2.14099945,41.42047313],[2.1412208,41.42049213],[2.14107471,41.42071015],[2.1409419,41.42065044]]]},"properties":{"id":"barcelona:osm:way:896259665","name":"Parc sense nom 896259665","nameAddon":null,"objectNumber":"barcelona:osm:way:896259665","district":"Gràcia","locality":null,"type":"Park","areaM2":361.1,"areaHa":0.04,"designation":null,"dedicated":null,"builtYear":null,"renovatedYear":null,"planningAreaId":null,"planningAreaName":null,"centroid":[2.141066,41.420577],"bounds":[2.14094,41.42047,2.14122,41.42071],"amenities":{"playground":{"status":"observed-nearby","count":2,"nearestMeters":70,"coverage":"community-mapped-observations"},"toilet":{"status":"not-observed","count":0,"nearestMeters":null,"coverage":"community-mapped-observations"},"drinkingFountain":{"status":"observed-nearby","count":2,"nearestMeters":55,"coverage":"community-mapped-observations"},"dogRun":{"status":"not-observed","count":0,"nearestMeters":null,"coverage":"community-mapped-observations"}},"sourceId":"parks"}},{"type":"Feature","id":"barcelona:osm:way:902831837","geometry":{"type":"Polygon","coordinates":[[[2.17419392,41.41861769],[2.17424704,41.41832368],[2.17502175,41.41803872],[2.17519883,41.41822055],[2.17536853,41.41822146],[2.17569464,41.41804957],[2.17584516,41.41817713],[2.17617718,41.418833],[2.17605322,41.41894699],[2.17578023,41.41876425],[2.17577728,41.41884929],[2.17504979,41.4188719],[2.17473695,41.41881129],[2.17439313,41.41864664],[2.17419392,41.41861769]]]},"properties":{"id":"barcelona:osm:way:902831837","name":"Jardins de Frederica Montseny","nameAddon":null,"objectNumber":"barcelona:osm:way:902831837","district":"Horta-Guinardó","locality":null,"type":"Park","areaM2":10755.2,"areaHa":1.08,"designation":null,"dedicated":null,"builtYear":null,"renovatedYear":null,"planningAreaId":null,"planningAreaName":null,"centroid":[2.175203,41.418503],"bounds":[2.17419,41.41804,2.17618,41.41895],"amenities":{"playground":{"status":"observed-nearby","count":4,"nearestMeters":0,"coverage":"community-mapped-observations"},"toilet":{"status":"not-observed","count":0,"nearestMeters":null,"coverage":"community-mapped-observations"},"drinkingFountain":{"status":"observed-nearby","count":6,"nearestMeters":0,"coverage":"community-mapped-observations"},"dogRun":{"status":"observed-nearby","count":2,"nearestMeters":0,"coverage":"community-mapped-observations"}},"sourceId":"parks"}},{"type":"Feature","id":"barcelona:osm:way:904162642","geometry":{"type":"Polygon","coordinates":[[[2.14095223,41.42143206],[2.14100241,41.42141125],[2.14138017,41.42147729],[2.14156167,41.4218473],[2.14111308,41.42178487],[2.14106586,41.42168355],[2.14095223,41.42143206]]]},"properties":{"id":"barcelona:osm:way:904162642","name":"Plaça de la Vall d'Hebron","nameAddon":null,"objectNumber":"barcelona:osm:way:904162642","district":"Horta-Guinardó","locality":null,"type":"Park","areaM2":1396.9,"areaHa":0.14,"designation":null,"dedicated":null,"builtYear":null,"renovatedYear":null,"planningAreaId":null,"planningAreaName":null,"centroid":[2.141248,41.421629],"bounds":[2.14095,41.42141,2.14156,41.42185],"amenities":{"playground":{"status":"observed-nearby","count":2,"nearestMeters":0,"coverage":"community-mapped-observations"},"toilet":{"status":"not-observed","count":0,"nearestMeters":null,"coverage":"community-mapped-observations"},"drinkingFountain":{"status":"observed-nearby","count":3,"nearestMeters":0,"coverage":"community-mapped-observations"},"dogRun":{"status":"not-observed","count":0,"nearestMeters":null,"coverage":"community-mapped-observations"}},"sourceId":"parks"}},{"type":"Feature","id":"barcelona:osm:way:905148527","geometry":{"type":"Polygon","coordinates":[[[2.14974261,41.42450606],[2.14989165,41.42432423],[2.15020005,41.42456305],[2.15053355,41.42469694],[2.15030482,41.42492672],[2.14993591,41.42466347],[2.14974261,41.42450606]]]},"properties":{"id":"barcelona:osm:way:905148527","name":"Parc de Santa Rosalia","nameAddon":null,"objectNumber":"barcelona:osm:way:905148527","district":"Horta-Guinardó","locality":null,"type":"Park","areaM2":1655.9,"areaHa":0.17,"designation":null,"dedicated":null,"builtYear":null,"renovatedYear":null,"planningAreaId":null,"planningAreaName":null,"centroid":[2.150123,41.424634],"bounds":[2.14974,41.42432,2.15053,41.42493],"amenities":{"playground":{"status":"observed-nearby","count":1,"nearestMeters":15,"coverage":"community-mapped-observations"},"toilet":{"status":"not-observed","count":0,"nearestMeters":null,"coverage":"community-mapped-observations"},"drinkingFountain":{"status":"observed-nearby","count":1,"nearestMeters":17,"coverage":"community-mapped-observations"},"dogRun":{"status":"not-observed","count":0,"nearestMeters":null,"coverage":"community-mapped-observations"}},"sourceId":"parks"}},{"type":"Feature","id":"barcelona:osm:way:907728618","geometry":{"type":"Polygon","coordinates":[[[2.17340298,41.43537362],[2.17367892,41.43527954],[2.1739652,41.43562511],[2.1736863,41.43574905],[2.17340298,41.43537362]]]},"properties":{"id":"barcelona:osm:way:907728618","name":"Plaça dels Maquis","nameAddon":null,"objectNumber":"barcelona:osm:way:907728618","district":"Nou Barris","locality":null,"type":"Park","areaM2":1213.3,"areaHa":0.12,"designation":null,"dedicated":null,"builtYear":null,"renovatedYear":null,"planningAreaId":null,"planningAreaName":null,"centroid":[2.173684,41.43551],"bounds":[2.1734,41.43528,2.17397,41.43575],"amenities":{"playground":{"status":"observed-nearby","count":1,"nearestMeters":0,"coverage":"community-mapped-observations"},"toilet":{"status":"not-observed","count":0,"nearestMeters":null,"coverage":"community-mapped-observations"},"drinkingFountain":{"status":"observed-nearby","count":2,"nearestMeters":0,"coverage":"community-mapped-observations"},"dogRun":{"status":"not-observed","count":0,"nearestMeters":null,"coverage":"community-mapped-observations"}},"sourceId":"parks"}},{"type":"Feature","id":"barcelona:osm:way:909089539","geometry":{"type":"Polygon","coordinates":[[[2.1391313,41.38751764],[2.1393792,41.38728786],[2.1394161,41.38714945],[2.13936445,41.38702732],[2.13917261,41.38691514],[2.13955923,41.38667179],[2.1398219,41.38663923],[2.14000487,41.38672698],[2.14008308,41.38689253],[2.14035312,41.38699566],[2.14006095,41.3872761],[2.14002406,41.38725439],[2.13993109,41.38734033],[2.14003881,41.38739913],[2.13976139,41.38767776],[2.13933789,41.38743441],[2.13919327,41.38757192],[2.1391313,41.38751764]]]},"properties":{"id":"barcelona:osm:way:909089539","name":"Parc de la Colònia Castells","nameAddon":null,"objectNumber":"barcelona:osm:way:909089539","district":"les Corts","locality":null,"type":"Park","areaM2":6360.5,"areaHa":0.64,"designation":null,"dedicated":null,"builtYear":null,"renovatedYear":null,"planningAreaId":null,"planningAreaName":null,"centroid":[2.13972,41.387118],"bounds":[2.13913,41.38664,2.14035,41.38768],"amenities":{"playground":{"status":"observed-nearby","count":3,"nearestMeters":0,"coverage":"community-mapped-observations"},"toilet":{"status":"not-observed","count":0,"nearestMeters":null,"coverage":"community-mapped-observations"},"drinkingFountain":{"status":"observed-nearby","count":1,"nearestMeters":0,"coverage":"community-mapped-observations"},"dogRun":{"status":"not-observed","count":0,"nearestMeters":null,"coverage":"community-mapped-observations"}},"sourceId":"parks"}},{"type":"Feature","id":"barcelona:osm:way:911852743","geometry":{"type":"Polygon","coordinates":[[[2.15766678,41.42875882],[2.15783058,41.42853266],[2.1578896,41.4285408],[2.15786156,41.42901574],[2.15773023,41.42900127],[2.15777893,41.42877149],[2.15766678,41.42875882]]]},"properties":{"id":"barcelona:osm:way:911852743","name":"Parc sense nom 911852743","nameAddon":null,"objectNumber":"barcelona:osm:way:911852743","district":"Horta-Guinardó","locality":null,"type":"Park","areaM2":591,"areaHa":0.06,"designation":null,"dedicated":null,"builtYear":null,"renovatedYear":null,"planningAreaId":null,"planningAreaName":null,"centroid":[2.157809,41.428776],"bounds":[2.15767,41.42853,2.15789,41.42902],"amenities":{"playground":{"status":"observed-nearby","count":3,"nearestMeters":21,"coverage":"community-mapped-observations"},"toilet":{"status":"not-observed","count":0,"nearestMeters":null,"coverage":"community-mapped-observations"},"drinkingFountain":{"status":"observed-nearby","count":2,"nearestMeters":18,"coverage":"community-mapped-observations"},"dogRun":{"status":"observed-nearby","count":1,"nearestMeters":62,"coverage":"community-mapped-observations"}},"sourceId":"parks"}},{"type":"Feature","id":"barcelona:osm:way:919871460","geometry":{"type":"Polygon","coordinates":[[[2.16641288,41.41832278],[2.16648519,41.41819432],[2.16658111,41.41822598],[2.16648371,41.41834178],[2.16641288,41.41832278]]]},"properties":{"id":"barcelona:osm:way:919871460","name":"Plaça de Sant Joan de les Abadesses","nameAddon":null,"objectNumber":"barcelona:osm:way:919871460","district":"Horta-Guinardó","locality":null,"type":"Park","areaM2":122.7,"areaHa":0.01,"designation":null,"dedicated":null,"builtYear":null,"renovatedYear":null,"planningAreaId":null,"planningAreaName":null,"centroid":[2.166493,41.418268],"bounds":[2.16641,41.41819,2.16658,41.41834],"amenities":{"playground":{"status":"not-observed","count":0,"nearestMeters":null,"coverage":"community-mapped-observations"},"toilet":{"status":"not-observed","count":0,"nearestMeters":null,"coverage":"community-mapped-observations"},"drinkingFountain":{"status":"observed-nearby","count":1,"nearestMeters":0,"coverage":"community-mapped-observations"},"dogRun":{"status":"not-observed","count":0,"nearestMeters":null,"coverage":"community-mapped-observations"}},"sourceId":"parks"}},{"type":"Feature","id":"barcelona:osm:way:930217528","geometry":{"type":"Polygon","coordinates":[[[2.18924247,41.40218744],[2.18933986,41.40211236],[2.18945791,41.40220554],[2.18936642,41.402277],[2.18924247,41.40218744]]]},"properties":{"id":"barcelona:osm:way:930217528","name":"Parc sense nom 930217528","nameAddon":null,"objectNumber":"barcelona:osm:way:930217528","district":"Sant Martí","locality":null,"type":"Park","areaM2":161.9,"areaHa":0.02,"designation":null,"dedicated":null,"builtYear":null,"renovatedYear":null,"planningAreaId":null,"planningAreaName":null,"centroid":[2.189351,41.402195],"bounds":[2.18924,41.40211,2.18946,41.40228],"amenities":{"playground":{"status":"not-observed","count":0,"nearestMeters":null,"coverage":"community-mapped-observations"},"toilet":{"status":"not-observed","count":0,"nearestMeters":null,"coverage":"community-mapped-observations"},"drinkingFountain":{"status":"not-observed","count":0,"nearestMeters":null,"coverage":"community-mapped-observations"},"dogRun":{"status":"not-observed","count":0,"nearestMeters":null,"coverage":"community-mapped-observations"}},"sourceId":"parks"}},{"type":"Feature","id":"barcelona:osm:way:933362711","geometry":{"type":"Polygon","coordinates":[[[2.18945791,41.44015017],[2.18946234,41.43992853],[2.18978403,41.43990863],[2.18992717,41.43994391],[2.18991241,41.44010403],[2.18945791,41.44015017]]]},"properties":{"id":"barcelona:osm:way:933362711","name":"Parc sense nom 933362711","nameAddon":null,"objectNumber":"barcelona:osm:way:933362711","district":"Sant Andreu","locality":null,"type":"Park","areaM2":877.2,"areaHa":0.09,"designation":null,"dedicated":null,"builtYear":null,"renovatedYear":null,"planningAreaId":null,"planningAreaName":null,"centroid":[2.189681,41.440024],"bounds":[2.18946,41.43991,2.18993,41.44015],"amenities":{"playground":{"status":"observed-nearby","count":2,"nearestMeters":47,"coverage":"community-mapped-observations"},"toilet":{"status":"not-observed","count":0,"nearestMeters":null,"coverage":"community-mapped-observations"},"drinkingFountain":{"status":"observed-nearby","count":3,"nearestMeters":2,"coverage":"community-mapped-observations"},"dogRun":{"status":"not-observed","count":0,"nearestMeters":null,"coverage":"community-mapped-observations"}},"sourceId":"parks"}},{"type":"Feature","id":"barcelona:osm:way:937852890","geometry":{"type":"Polygon","coordinates":[[[2.14913022,41.36802786],[2.14926302,41.36794644],[2.14949175,41.36790664],[2.14955815,41.36800796],[2.14951683,41.36817713],[2.14913022,41.36802786]]]},"properties":{"id":"barcelona:osm:way:937852890","name":"Parc sense nom 937852890","nameAddon":null,"objectNumber":"barcelona:osm:way:937852890","district":"Sants-Montjuïc","locality":null,"type":"Park","areaM2":649.2,"areaHa":0.06,"designation":null,"dedicated":null,"builtYear":null,"renovatedYear":null,"planningAreaId":null,"planningAreaName":null,"centroid":[2.149388,41.368029],"bounds":[2.14913,41.36791,2.14956,41.36818],"amenities":{"playground":{"status":"not-observed","count":0,"nearestMeters":null,"coverage":"community-mapped-observations"},"toilet":{"status":"observed-nearby","count":1,"nearestMeters":72,"coverage":"community-mapped-observations"},"drinkingFountain":{"status":"not-observed","count":0,"nearestMeters":null,"coverage":"community-mapped-observations"},"dogRun":{"status":"not-observed","count":0,"nearestMeters":null,"coverage":"community-mapped-observations"}},"sourceId":"parks"}},{"type":"Feature","id":"barcelona:osm:way:937852891","geometry":{"type":"Polygon","coordinates":[[[2.1490343,41.36811561],[2.149446,41.36826669],[2.14926007,41.36829293],[2.1491435,41.36825041],[2.14903725,41.36814637],[2.1490343,41.36811561]]]},"properties":{"id":"barcelona:osm:way:937852891","name":"Parc sense nom 937852891","nameAddon":null,"objectNumber":"barcelona:osm:way:937852891","district":"Sants-Montjuïc","locality":null,"type":"Park","areaM2":270,"areaHa":0.03,"designation":null,"dedicated":null,"builtYear":null,"renovatedYear":null,"planningAreaId":null,"planningAreaName":null,"centroid":[2.149216,41.368221],"bounds":[2.14903,41.36812,2.14945,41.36829],"amenities":{"playground":{"status":"not-observed","count":0,"nearestMeters":null,"coverage":"community-mapped-observations"},"toilet":{"status":"observed-nearby","count":2,"nearestMeters":54,"coverage":"community-mapped-observations"},"drinkingFountain":{"status":"not-observed","count":0,"nearestMeters":null,"coverage":"community-mapped-observations"},"dogRun":{"status":"not-observed","count":0,"nearestMeters":null,"coverage":"community-mapped-observations"}},"sourceId":"parks"}},{"type":"Feature","id":"barcelona:osm:way:937854894","geometry":{"type":"Polygon","coordinates":[[[2.14502204,41.3666935],[2.14502499,41.36638502],[2.14516223,41.36614981],[2.14543374,41.36593722],[2.14547801,41.36595983],[2.145388,41.3661281],[2.14533193,41.36657409],[2.14559311,41.36679663],[2.14552228,41.36693866],[2.14524781,41.36690157],[2.14502204,41.3666935]]]},"properties":{"id":"barcelona:osm:way:937854894","name":"Parc sense nom 937854894","nameAddon":null,"objectNumber":"barcelona:osm:way:937854894","district":"Sants-Montjuïc","locality":null,"type":"Park","areaM2":2654.6,"areaHa":0.27,"designation":null,"dedicated":null,"builtYear":null,"renovatedYear":null,"planningAreaId":null,"planningAreaName":null,"centroid":[2.145265,41.366519],"bounds":[2.14502,41.36594,2.14559,41.36694],"amenities":{"playground":{"status":"observed-nearby","count":1,"nearestMeters":0,"coverage":"community-mapped-observations"},"toilet":{"status":"not-observed","count":0,"nearestMeters":null,"coverage":"community-mapped-observations"},"drinkingFountain":{"status":"observed-nearby","count":5,"nearestMeters":0,"coverage":"community-mapped-observations"},"dogRun":{"status":"not-observed","count":0,"nearestMeters":null,"coverage":"community-mapped-observations"}},"sourceId":"parks"}},{"type":"Feature","id":"barcelona:osm:way:97464627","geometry":{"type":"Polygon","coordinates":[[[2.16696182,41.38419486],[2.16718907,41.38397051],[2.1678472,41.38427357],[2.16776309,41.38436403],[2.16753732,41.38427085],[2.16742074,41.38440203],[2.16736614,41.38437579],[2.16696182,41.38419486]]]},"properties":{"id":"barcelona:osm:way:97464627","name":"Jardins de Victòria de los Ángeles","nameAddon":null,"objectNumber":"barcelona:osm:way:97464627","district":"Ciutat Vella","locality":null,"type":"Park","areaM2":1625.7,"areaHa":0.16,"designation":null,"dedicated":null,"builtYear":null,"renovatedYear":null,"planningAreaId":null,"planningAreaName":null,"centroid":[2.167365,41.384199],"bounds":[2.16696,41.38397,2.16785,41.3844],"amenities":{"playground":{"status":"not-observed","count":0,"nearestMeters":null,"coverage":"community-mapped-observations"},"toilet":{"status":"observed-nearby","count":1,"nearestMeters":50,"coverage":"community-mapped-observations"},"drinkingFountain":{"status":"observed-nearby","count":2,"nearestMeters":49,"coverage":"community-mapped-observations"},"dogRun":{"status":"not-observed","count":0,"nearestMeters":null,"coverage":"community-mapped-observations"}},"sourceId":"parks"}},{"type":"Feature","id":"barcelona:osm:way:984656952","geometry":{"type":"Polygon","coordinates":[[[2.20708588,41.41214312],[2.20726886,41.4120038],[2.20751086,41.41200289],[2.20769089,41.41213769],[2.20738838,41.41236747],[2.20708588,41.41214312]]]},"properties":{"id":"barcelona:osm:way:984656952","name":"Parc sense nom 984656952","nameAddon":null,"objectNumber":"barcelona:osm:way:984656952","district":"Sant Martí","locality":null,"type":"Park","areaM2":1173.7,"areaHa":0.12,"designation":null,"dedicated":null,"builtYear":null,"renovatedYear":null,"planningAreaId":null,"planningAreaName":null,"centroid":[2.207388,41.412155],"bounds":[2.20709,41.412,2.20769,41.41237],"amenities":{"playground":{"status":"not-observed","count":0,"nearestMeters":null,"coverage":"community-mapped-observations"},"toilet":{"status":"not-observed","count":0,"nearestMeters":null,"coverage":"community-mapped-observations"},"drinkingFountain":{"status":"not-observed","count":0,"nearestMeters":null,"coverage":"community-mapped-observations"},"dogRun":{"status":"not-observed","count":0,"nearestMeters":null,"coverage":"community-mapped-observations"}},"sourceId":"parks"}}]}
