{"type":"FeatureCollection","schemaVersion":1,"generatedAt":"2026-07-25T14:36:45.250Z","dataAsOf":"Sat, 18 Jul 2026 16:43:46 GMT","sourceId":"parks","features":[{"type":"Feature","id":"munich:osm:relation:1082448","geometry":{"type":"Polygon","coordinates":[[[11.62939413,48.10736928],[11.62940003,48.10690791],[11.63020721,48.10687443],[11.63008325,48.10710964],[11.63023524,48.10806948],[11.63017622,48.10892528],[11.63022196,48.11000814],[11.63040789,48.11008142],[11.63103356,48.11011399],[11.63116932,48.11019812],[11.63251658,48.11016917],[11.63271727,48.11028316],[11.63225097,48.11060431],[11.63205323,48.11096255],[11.63185107,48.11061245],[11.63177581,48.11031482],[11.63112653,48.11032567],[11.63100258,48.11023702],[11.63082993,48.11020174],[11.6302441,48.1101945],[11.63021016,48.11058893],[11.63029132,48.11090284],[11.63029722,48.11125927],[11.63039904,48.11126561],[11.63041085,48.11159852],[11.63051562,48.11160394],[11.63053332,48.11191514],[11.63067498,48.11191876],[11.63068236,48.11196671],[11.63139362,48.11195223],[11.6310011,48.11211688],[11.6307163,48.11217206],[11.63006407,48.11218292],[11.63002128,48.11163199],[11.62966122,48.11025059],[11.62970402,48.10736928],[11.62939413,48.10736928]],[[11.62981026,48.10944816],[11.62981912,48.1098435],[11.62994307,48.10984169],[11.62994454,48.10987968],[11.63015408,48.10987697],[11.63014376,48.10944454],[11.62981026,48.10944816]]]},"properties":{"id":"munich:osm:relation:1082448","name":"Unbenannter Park 1082448","nameAddon":null,"objectNumber":"munich:osm:relation:1082448","district":"München","locality":null,"type":"Park","areaM2":27194.6,"areaHa":2.72,"designation":null,"dedicated":null,"builtYear":null,"renovatedYear":null,"planningAreaId":null,"planningAreaName":null,"centroid":[11.630324,48.109663],"bounds":[11.62939,48.10687,11.63272,48.11218],"amenities":{},"sourceId":"parks"}},{"type":"Feature","id":"munich:osm:relation:1082459","geometry":{"type":"Polygon","coordinates":[[[11.65543766,48.10044328],[11.65589068,48.10044147],[11.65634813,48.10024878],[11.65699593,48.10010403],[11.65769981,48.09981817],[11.65784737,48.1000199],[11.65758914,48.10009408],[11.65766735,48.10022616],[11.65746076,48.10039262],[11.65747994,48.10078071],[11.65763931,48.10096164],[11.65719219,48.10116881],[11.65625516,48.10171974],[11.65612973,48.10160213],[11.65612088,48.10134521],[11.65588035,48.10132893],[11.65588035,48.10110458],[11.65544946,48.10080152],[11.65543766,48.10044328]],[[11.65575787,48.10077438],[11.65575935,48.10089741],[11.65597479,48.10089832],[11.65597184,48.10098064],[11.65609874,48.10097702],[11.65610317,48.10108106],[11.65598807,48.10109553],[11.65603677,48.10129274],[11.65615777,48.10132622],[11.65625221,48.10123666],[11.65636583,48.10122128],[11.65635108,48.10108558],[11.6561622,48.10108558],[11.65615924,48.10085942],[11.65593495,48.10086032],[11.655932,48.10077167],[11.65575787,48.10077438]],[[11.65653553,48.10062602],[11.65653996,48.10088746],[11.65715087,48.10088203],[11.65714645,48.10062149],[11.65653553,48.10062602]],[[11.65721137,48.10039352],[11.65723056,48.10078162],[11.65746371,48.10077619],[11.65744452,48.10038809],[11.65737222,48.1003899],[11.65721137,48.10039352]]]},"properties":{"id":"munich:osm:relation:1082459","name":"Unbenannter Park 1082459","nameAddon":null,"objectNumber":"munich:osm:relation:1082459","district":"München","locality":null,"type":"Park","areaM2":15816,"areaHa":1.58,"designation":null,"dedicated":null,"builtYear":null,"renovatedYear":null,"planningAreaId":null,"planningAreaName":null,"centroid":[11.656614,48.100736],"bounds":[11.65544,48.09982,11.65785,48.10172],"amenities":{},"sourceId":"parks"}},{"type":"Feature","id":"munich:osm:relation:11497374","geometry":{"type":"Polygon","coordinates":[[[11.58264889,48.13474037],[11.58265922,48.13456215],[11.58289827,48.13413425],[11.58335277,48.13419938],[11.58312109,48.13477112],[11.58337195,48.13487244],[11.58342065,48.13501357],[11.5831388,48.1351936],[11.58278612,48.13494753],[11.58264889,48.13474037]],[[11.58270054,48.13471232],[11.58271529,48.13477474],[11.58282449,48.13476389],[11.58280973,48.13470056],[11.58270054,48.13471232]]]},"properties":{"id":"munich:osm:relation:11497374","name":"Unbenannter Park 11497374","nameAddon":null,"objectNumber":"munich:osm:relation:11497374","district":"München","locality":null,"type":"Park","areaM2":4138.5,"areaHa":0.41,"designation":null,"dedicated":null,"builtYear":null,"renovatedYear":null,"planningAreaId":null,"planningAreaName":null,"centroid":[11.583021,48.134646],"bounds":[11.58265,48.13413,11.58342,48.13519],"amenities":{},"sourceId":"parks"}},{"type":"Feature","id":"munich:osm:relation:117906","geometry":{"type":"Polygon","coordinates":[[[11.53906741,48.08791116],[11.53960012,48.08739642],[11.53992328,48.08658947],[11.54058437,48.08649991],[11.54078358,48.08660033],[11.54064192,48.08706441],[11.54104624,48.08713226],[11.54094147,48.08672426],[11.54104919,48.08636331],[11.54083227,48.0858558],[11.54068028,48.08522797],[11.54064634,48.08465442],[11.54078653,48.08333544],[11.54086621,48.08310295],[11.54177078,48.08411525],[11.5425086,48.08481545],[11.54466303,48.08745251],[11.54496701,48.08799801],[11.54498619,48.08840601],[11.54507473,48.08843405],[11.54523558,48.08864303],[11.54535805,48.08911525],[11.54553808,48.08930794],[11.54573287,48.08939027],[11.54591142,48.0893387],[11.54664628,48.08972499],[11.54713325,48.09020355],[11.54820308,48.09150443],[11.54834769,48.09215849],[11.54764972,48.09266419],[11.54729999,48.09259273],[11.5472026,48.09216573],[11.54686468,48.09142935],[11.54689714,48.09125475],[11.54672597,48.09095983],[11.54654299,48.09090465],[11.54641166,48.09075991],[11.54616523,48.09078252],[11.54591142,48.09046228],[11.5456458,48.09025692],[11.5451795,48.09060973],[11.54497291,48.09058531],[11.54470877,48.09074272],[11.54472353,48.09081961],[11.54450809,48.09094536],[11.54425575,48.0912457],[11.54403146,48.09167993],[11.54429559,48.09223901],[11.54474124,48.09297177],[11.54455236,48.09303148],[11.54477518,48.09336168],[11.54443283,48.09345576],[11.54396062,48.09343948],[11.54350023,48.09325403],[11.54301327,48.09283336],[11.54294686,48.09241994],[11.54224151,48.09251221],[11.54226659,48.09289578],[11.54219134,48.09304867],[11.54221052,48.09334087],[11.54242153,48.09405374],[11.54271076,48.09455129],[11.54271519,48.09497286],[11.54254549,48.09502533],[11.54247761,48.09494572],[11.54221199,48.09497648],[11.54214116,48.09517641],[11.54217658,48.09525421],[11.54207919,48.09531482],[11.5415273,48.09430161],[11.54088097,48.09362493],[11.54095475,48.09359236],[11.54100197,48.09349828],[11.54057846,48.09248598],[11.54018299,48.09216483],[11.53977129,48.09144292],[11.53947911,48.09056541],[11.53932417,48.08932151],[11.539153,48.08847295],[11.53906741,48.08791116]]]},"properties":{"id":"munich:osm:relation:117906","name":"Hinterbrühler Park","nameAddon":null,"objectNumber":"munich:osm:relation:117906","district":"München","locality":null,"type":"Park","areaM2":373652,"areaHa":37.37,"designation":null,"dedicated":null,"builtYear":null,"renovatedYear":null,"planningAreaId":null,"planningAreaName":null,"centroid":[11.542575,48.089442],"bounds":[11.53907,48.0831,11.54835,48.09531],"amenities":{},"sourceId":"parks"}},{"type":"Feature","id":"munich:osm:relation:12914182","geometry":{"type":"Polygon","coordinates":[[[11.54005166,48.18085308],[11.5400856,48.18011308],[11.54019922,48.17944545],[11.54063601,48.17792564],[11.54079981,48.17762439],[11.54104919,48.17735299],[11.5413635,48.17714945],[11.54174717,48.17698842],[11.5426783,48.17679935],[11.54422476,48.17655871],[11.54432511,48.1765759],[11.54458482,48.17650172],[11.54594241,48.17638683],[11.54808208,48.1763814],[11.54807618,48.17641759],[11.54896599,48.17693324],[11.54928915,48.17701466],[11.54958723,48.17696761],[11.55051983,48.17641216],[11.55074413,48.1763416],[11.55527876,48.1763027],[11.55561521,48.1763235],[11.55561226,48.17637507],[11.55576868,48.17637507],[11.55580852,48.17660756],[11.55569784,48.17662475],[11.55569489,48.17791388],[11.55557684,48.17807671],[11.55598855,48.17822779],[11.55524335,48.17939388],[11.55434026,48.17938484],[11.55433436,48.17902569],[11.55424729,48.17893885],[11.55394921,48.178852],[11.55335306,48.17879591],[11.55252522,48.17851185],[11.5523452,48.17848923],[11.5520545,48.17853537],[11.55107762,48.17883752],[11.55015978,48.17942374],[11.55007862,48.17938122],[11.55008452,48.17907545],[11.54971709,48.17861769],[11.54962855,48.17856975],[11.54868562,48.17857427],[11.54823112,48.17898317],[11.54808208,48.17966166],[11.54753609,48.18049213],[11.54802748,48.1813615],[11.54820898,48.18142663],[11.54717161,48.18217568],[11.5473177,48.18279084],[11.54666842,48.18292202],[11.54660054,48.18306314],[11.54641461,48.18323684],[11.54648692,48.18352813],[11.54701224,48.18388547],[11.54757299,48.18388185],[11.54756266,48.18420391],[11.54766447,48.18456577],[11.54753905,48.18471684],[11.54746084,48.18497557],[11.54714653,48.18497377],[11.54710668,48.18494482],[11.54684845,48.1849801],[11.54670974,48.18512484],[11.54668022,48.18475213],[11.54678204,48.18471594],[11.54573729,48.18351276],[11.54554103,48.18346843],[11.54458334,48.1834639],[11.54430445,48.18333725],[11.54430592,48.18294373],[11.54465417,48.18275014],[11.54578009,48.18275014],[11.54596011,48.18264701],[11.54596011,48.18199656],[11.54686911,48.18146825],[11.54686763,48.18002262],[11.54693551,48.18002081],[11.54700339,48.179962],[11.54700486,48.17978017],[11.54706979,48.17975846],[11.54700044,48.17913425],[11.54692075,48.17894156],[11.54696207,48.17884838],[11.54718637,48.17864936],[11.54723949,48.17849738],[11.54723654,48.17765786],[11.54715243,48.1774896],[11.54693994,48.17733038],[11.54666989,48.17725529],[11.54647364,48.17725348],[11.54582435,48.1773738],[11.54582288,48.17746969],[11.54471172,48.17747512],[11.54449923,48.17729329],[11.54384848,48.17730052],[11.54358729,48.17738466],[11.54339398,48.17739099],[11.5433143,48.17745251],[11.5429203,48.17756106],[11.5427993,48.17762982],[11.54262517,48.17789036],[11.54227692,48.17797811],[11.54205705,48.17808486],[11.5413517,48.17864664],[11.54088244,48.17883572],[11.54069947,48.17906369],[11.54070389,48.1794943],[11.54055633,48.17953591],[11.54048993,48.17960195],[11.54049878,48.17994482],[11.54057551,48.17994301],[11.54057551,48.18130631],[11.54053419,48.18130722],[11.54051796,48.18162566],[11.54046484,48.1816926],[11.54097098,48.18296454],[11.54159813,48.18298082],[11.54232709,48.18291026],[11.54321395,48.18294825],[11.54396653,48.18291207],[11.54409638,48.18298534],[11.54410081,48.18318075],[11.54400194,48.18325403],[11.54352088,48.18322598],[11.54340283,48.18334992],[11.54324199,48.18341505],[11.54291587,48.18341053],[11.54260009,48.1832694],[11.54220314,48.1832685],[11.54121004,48.18368645],[11.54164683,48.18473946],[11.54185489,48.18501086],[11.54241416,48.18497467],[11.54241711,48.18570382],[11.54229758,48.18613714],[11.54173979,48.186167],[11.54145942,48.18600235],[11.54134727,48.18582685],[11.54119676,48.18503257],[11.54051501,48.18287679],[11.54013577,48.18142935],[11.54005166,48.18085308]],[[11.54955919,48.17712593],[11.54956214,48.1774516],[11.55070871,48.17744798],[11.55071757,48.17786412],[11.55117649,48.1778605],[11.55117354,48.17771576],[11.55131963,48.17771485],[11.5513211,48.17781346],[11.55155868,48.17781165],[11.55155721,48.17772028],[11.55187299,48.17771757],[11.55187447,48.17778904],[11.55295759,48.17777999],[11.55348291,48.17812466],[11.55355079,48.17809481],[11.55439191,48.17809028],[11.55439191,48.17733581],[11.55381346,48.17733942],[11.55381788,48.1768862],[11.55308892,48.17689253],[11.55307416,48.17660123],[11.55205154,48.17660394],[11.55203384,48.1767903],[11.55047556,48.17679573],[11.55047852,48.17712231],[11.54977611,48.17712502],[11.54955919,48.17712593]]]},"properties":{"id":"munich:osm:relation:12914182","name":"Olympiapark Nord","nameAddon":null,"objectNumber":"munich:osm:relation:12914182","district":"München","locality":null,"type":"Park","areaM2":295086.4,"areaHa":29.51,"designation":null,"dedicated":null,"builtYear":null,"renovatedYear":null,"planningAreaId":null,"planningAreaName":null,"centroid":[11.547562,48.17936],"bounds":[11.54005,48.1763,11.55599,48.18617],"amenities":{},"sourceId":"parks"}},{"type":"Feature","id":"munich:osm:relation:13267477","geometry":{"type":"MultiPolygon","coordinates":[[[[11.67838825,48.12617785],[11.68154759,48.12608468],[11.681583,48.12605392],[11.68127902,48.12567577],[11.68488695,48.12597069],[11.68547131,48.12598426],[11.68589186,48.12589379],[11.68507288,48.12504976],[11.68949685,48.1237163],[11.68993954,48.1238719],[11.69081754,48.12409264],[11.69098134,48.1240465],[11.6933881,48.12270128],[11.69590997,48.1244355],[11.69643529,48.12445811],[11.69652236,48.12445811],[11.69773976,48.12534648],[11.70212535,48.1227438],[11.70344605,48.12347205],[11.70371461,48.1233065],[11.70362165,48.12325403],[11.70385332,48.12311833],[11.70404516,48.12321965],[11.70434471,48.12304686],[11.70519468,48.12346662],[11.70551932,48.12328659],[11.70717941,48.12443912],[11.70801167,48.1240266],[11.71068995,48.12543695],[11.71333872,48.123852],[11.71365156,48.12406731],[11.7110441,48.12563778],[11.71411638,48.1271784],[11.71235004,48.12864755],[11.71331216,48.12911073],[11.71180701,48.12993396],[11.71170667,48.13006875],[11.71176422,48.1300968],[11.71181881,48.13053103],[11.71411195,48.13165551],[11.71213755,48.13352723],[11.71141892,48.13339425],[11.71071209,48.13332459],[11.70864029,48.13328478],[11.70865357,48.1314972],[11.70839829,48.1314981],[11.70841747,48.13066492],[11.70689314,48.12812828],[11.70522271,48.128112],[11.70521238,48.12850371],[11.70078842,48.12849919],[11.70075153,48.12807762],[11.69719525,48.12805953],[11.69709343,48.12803058],[11.69550712,48.1280152],[11.69553515,48.12701375],[11.6921161,48.12698842],[11.69209839,48.12843948],[11.69196706,48.12843857],[11.69197887,48.13023702],[11.69281998,48.13023973],[11.69281851,48.13048218],[11.69056963,48.13045956],[11.690608,48.12787136],[11.68907629,48.1278605],[11.68907334,48.12801972],[11.68768476,48.12800706],[11.68767738,48.12840963],[11.68434835,48.12839515],[11.68428785,48.13439298],[11.68512896,48.13441469],[11.68510978,48.1353112],[11.68419488,48.13529039],[11.68419488,48.1348254],[11.68387614,48.13445902],[11.68350133,48.13382034],[11.68319882,48.13316718],[11.68297453,48.133074],[11.68294797,48.13310747],[11.68272219,48.13310747],[11.68272515,48.13301882],[11.68204193,48.13301701],[11.6805353,48.13350823],[11.68045414,48.13341324],[11.68053382,48.13334901],[11.68239755,48.13268229],[11.6819165,48.13207889],[11.68246396,48.13187534],[11.68210095,48.1315171],[11.68221015,48.13146734],[11.68160809,48.13088475],[11.68183976,48.13074634],[11.68157858,48.13049937],[11.6822249,48.13012032],[11.68202127,48.12981002],[11.68140888,48.12914692],[11.68102964,48.12897865],[11.67838825,48.12617785]]],[[[11.68470398,48.13314547],[11.68474677,48.13308847],[11.68483531,48.13307219],[11.68866163,48.13310385],[11.68876345,48.13317623],[11.6887605,48.13350914],[11.68865426,48.13357246],[11.68505813,48.13354351],[11.68505665,48.13349828],[11.68501533,48.13354351],[11.68473644,48.13352452],[11.68470398,48.13314547]]]]},"properties":{"id":"munich:osm:relation:13267477","name":"Riemer Park","nameAddon":null,"objectNumber":"munich:osm:relation:13267477","district":"München","locality":null,"type":"Park","areaM2":1387426.8,"areaHa":138.74,"designation":null,"dedicated":null,"builtYear":null,"renovatedYear":null,"planningAreaId":null,"planningAreaName":null,"centroid":[11.697676,48.127364],"bounds":[11.67839,48.1227,11.71412,48.13531],"amenities":{},"sourceId":"parks"}},{"type":"Feature","id":"munich:osm:relation:13458062","geometry":{"type":"Polygon","coordinates":[[[11.500782,48.091167],[11.50101515,48.0911082],[11.50123354,48.09141849],[11.50162754,48.09182558],[11.50204072,48.09182196],[11.50204809,48.09093088],[11.5026531,48.09092546],[11.50262654,48.09247784],[11.50267967,48.09288402],[11.50298365,48.09348019],[11.50357095,48.09413606],[11.50351635,48.09419848],[11.50274902,48.09429799],[11.50249964,48.09334449],[11.50240962,48.09318889],[11.50223845,48.09306948],[11.50201858,48.09301882],[11.50186511,48.09302244],[11.50099744,48.09312647],[11.50094874,48.09292835],[11.50229157,48.09276823],[11.50170279,48.09213859],[11.50099596,48.09222272],[11.50084102,48.09170888],[11.50106384,48.09166365],[11.500782,48.091167]]]},"properties":{"id":"munich:osm:relation:13458062","name":"Unbenannter Park 13458062","nameAddon":null,"objectNumber":"munich:osm:relation:13458062","district":"München","locality":null,"type":"Park","areaM2":23875.4,"areaHa":2.39,"designation":null,"dedicated":null,"builtYear":null,"renovatedYear":null,"planningAreaId":null,"planningAreaName":null,"centroid":[11.502181,48.092451],"bounds":[11.50078,48.09093,11.50357,48.0943],"amenities":{},"sourceId":"parks"}},{"type":"Feature","id":"munich:osm:relation:1352298","geometry":{"type":"Polygon","coordinates":[[[11.53152395,48.13560159],[11.53262625,48.13509951],[11.53247131,48.13485435],[11.53199173,48.13454044],[11.53214077,48.13442736],[11.5323813,48.1345721],[11.5330291,48.13407907],[11.53326963,48.13425276],[11.53340096,48.13424824],[11.53346589,48.13469513],[11.53333899,48.13472499],[11.53336407,48.13506604],[11.53282399,48.13520716],[11.53223226,48.13547494],[11.53266462,48.1359146],[11.53358247,48.13578885],[11.53362083,48.13594807],[11.53289629,48.13600235],[11.53290367,48.13609734],[11.5326661,48.13612177],[11.53267347,48.1362068],[11.53255395,48.13621223],[11.53249492,48.13592546],[11.53205223,48.13550841],[11.53163758,48.13569296],[11.53152395,48.13560159]],[[11.53266167,48.13473222],[11.53271036,48.1348634],[11.53285793,48.13487968],[11.53297598,48.1348245],[11.53294647,48.13459834],[11.53280185,48.13460376],[11.53277382,48.13472408],[11.53266167,48.13473222]]]},"properties":{"id":"munich:osm:relation:1352298","name":"Unbenannter Park 1352298","nameAddon":null,"objectNumber":"munich:osm:relation:1352298","district":"München","locality":null,"type":"Park","areaM2":10600.7,"areaHa":1.06,"designation":null,"dedicated":null,"builtYear":null,"renovatedYear":null,"planningAreaId":null,"planningAreaName":null,"centroid":[11.532771,48.135027],"bounds":[11.53152,48.13408,11.53362,48.13621],"amenities":{},"sourceId":"parks"}},{"type":"Feature","id":"munich:osm:relation:1394363","geometry":{"type":"Polygon","coordinates":[[[11.48341522,48.15494391],[11.48362328,48.15443278],[11.48410877,48.15423828],[11.48670737,48.153852],[11.48697888,48.15385743],[11.48816825,48.15370183],[11.48886327,48.15337073],[11.48926022,48.1529383],[11.49080964,48.15188529],[11.49090703,48.15190338],[11.49109296,48.15172607],[11.49103984,48.15168174],[11.49180717,48.15090284],[11.49291095,48.14994753],[11.49305703,48.14995205],[11.49335806,48.14968156],[11.49333593,48.14958567],[11.4943615,48.14868193],[11.49908796,48.14852542],[11.49914699,48.14738556],[11.49998368,48.14820246],[11.49978151,48.14891171],[11.49955869,48.14898498],[11.49972544,48.14915325],[11.49843868,48.15403202],[11.49987005,48.15488963],[11.50164672,48.15496381],[11.50160983,48.15530577],[11.50254538,48.15537543],[11.50314744,48.15582052],[11.50411989,48.15584856],[11.50405053,48.15668355],[11.5041435,48.15668627],[11.50411399,48.15701556],[11.50399593,48.15701104],[11.50395609,48.15749683],[11.50367867,48.15748598],[11.50366834,48.15759182],[11.50354439,48.15759454],[11.50356948,48.15767324],[11.50331419,48.15766329],[11.50331124,48.15808757],[11.50311498,48.15808033],[11.50308694,48.15839696],[11.50328615,48.1584051],[11.50320057,48.15882215],[11.50346028,48.1588321],[11.50355915,48.15892347],[11.50355029,48.15902117],[11.50376278,48.15902841],[11.50379672,48.15906278],[11.50375836,48.15951963],[11.50387493,48.15952415],[11.50384542,48.15985616],[11.50342781,48.15983897],[11.50336141,48.16050479],[11.5036831,48.16051927],[11.50363145,48.16112358],[11.5036167,48.16106839],[11.50342781,48.16106206],[11.50342339,48.16111634],[11.50293348,48.16110367],[11.50293643,48.16104758],[11.50254096,48.16103492],[11.50253801,48.16108558],[11.50073182,48.16101049],[11.49913076,48.16062511],[11.49900238,48.16079338],[11.49887105,48.16145287],[11.49664136,48.16271847],[11.49514801,48.16372083],[11.49289767,48.16511218],[11.49288586,48.16523069],[11.4921569,48.16528316],[11.4897457,48.16395603],[11.48884114,48.16266781],[11.48609055,48.15987244],[11.48596807,48.15987335],[11.48500743,48.15902207],[11.48501924,48.15888547],[11.48419731,48.15854442],[11.48438619,48.15650805],[11.48405269,48.15619052],[11.48405712,48.15608648],[11.48341522,48.15494391]]]},"properties":{"id":"munich:osm:relation:1394363","name":"Schlosspark Nymphenburg","nameAddon":null,"objectNumber":"munich:osm:relation:1394363","district":"München","locality":null,"type":"Park","areaM2":1648318.9,"areaHa":164.83,"designation":null,"dedicated":null,"builtYear":null,"renovatedYear":null,"planningAreaId":null,"planningAreaName":null,"centroid":[11.493951,48.156944],"bounds":[11.48342,48.14739,11.50414,48.16528],"amenities":{},"sourceId":"parks"}},{"type":"Feature","id":"munich:osm:relation:1395282","geometry":{"type":"MultiPolygon","coordinates":[[[[11.50708887,48.11978741],[11.50898359,48.12012846],[11.51309767,48.12065135],[11.51473562,48.12080242],[11.51536129,48.12071648],[11.51763673,48.12094988],[11.51761754,48.12105754],[11.51767067,48.12114529],[11.51829781,48.12168174],[11.51897661,48.12252307],[11.51891463,48.12280441],[11.51855605,48.12322146],[11.51817976,48.12339696],[11.51715419,48.12359417],[11.51681775,48.12376877],[11.5154941,48.12395784],[11.51406569,48.12424914],[11.5087711,48.12502443],[11.50869879,48.12472046],[11.50851139,48.12451511],[11.50842875,48.12433599],[11.50897326,48.12421115],[11.50912525,48.12400669],[11.50914443,48.12369549],[11.50903229,48.12347024],[11.50866928,48.12325493],[11.50848335,48.12320156],[11.50805246,48.12322598],[11.50798753,48.12310928],[11.50777209,48.12313371],[11.5074932,48.12222815],[11.50722758,48.12090375],[11.50719807,48.12039624],[11.50708887,48.11978741]]],[[[11.51993725,48.12229419],[11.52083886,48.1221793],[11.52182754,48.12193324],[11.52182164,48.12139316],[11.52236467,48.12135878],[11.52240156,48.12194862],[11.52594899,48.12210602],[11.52609951,48.12203275],[11.52849299,48.12218382],[11.52865384,48.12294192],[11.52946544,48.12307581],[11.53005717,48.12307671],[11.53097944,48.12286864],[11.5313513,48.12289307],[11.53176596,48.12274018],[11.53183974,48.12263796],[11.53310879,48.12243351],[11.53345261,48.12243079],[11.53349098,48.1225683],[11.53213044,48.12274742],[11.53203452,48.12283065],[11.53234441,48.12448978],[11.53251706,48.12478741],[11.53319437,48.12515379],[11.53386284,48.12542699],[11.53507729,48.12573367],[11.53552441,48.12597612],[11.53560852,48.12611181],[11.53544472,48.12633074],[11.53528535,48.12675593],[11.53486037,48.12663742],[11.53425536,48.12670346],[11.53393809,48.12709788],[11.5335987,48.12733581],[11.53375954,48.12755564],[11.53406352,48.12757102],[11.53413435,48.12760811],[11.53412255,48.127723],[11.53399269,48.12775647],[11.53381857,48.12774561],[11.53278415,48.12811923],[11.53256723,48.12826669],[11.53227948,48.128852],[11.53213929,48.12890628],[11.53214224,48.1289877],[11.53195484,48.12899222],[11.53193861,48.1282875],[11.53214815,48.12812647],[11.5327325,48.12790664],[11.53284317,48.12773204],[11.53267642,48.12734847],[11.53266905,48.12680387],[11.53249492,48.1266917],[11.53226767,48.12670074],[11.53220127,48.12666637],[11.53227358,48.12639949],[11.53223964,48.12632984],[11.53205518,48.12629817],[11.53180875,48.12646282],[11.53172169,48.12643206],[11.53165823,48.12627917],[11.53113143,48.12596526],[11.53090418,48.12592003],[11.53064005,48.12598245],[11.53031393,48.12585218],[11.52973548,48.1258567],[11.52877484,48.12595079],[11.52777436,48.12609282],[11.52651269,48.12636421],[11.52659532,48.12608196],[11.5267724,48.12592093],[11.52707933,48.12587118],[11.52708081,48.12551203],[11.52719443,48.12541795],[11.52725198,48.12515017],[11.52718705,48.12501357],[11.52694652,48.12487516],[11.52656729,48.1248435],[11.52611574,48.12486068],[11.52599769,48.1241433],[11.52583389,48.12376787],[11.52565829,48.12353628],[11.52549892,48.12342139],[11.52280146,48.12369549],[11.52198543,48.12328931],[11.52117678,48.12318889],[11.52087428,48.12310024],[11.52016892,48.12279627],[11.52004202,48.122704],[11.51994758,48.12232314],[11.51993725,48.12229419]]],[[[11.53558638,48.12712593],[11.53603202,48.12634974],[11.53619139,48.12640854],[11.53621058,48.12646825],[11.53633896,48.12654605],[11.53740732,48.12664284],[11.53749143,48.12691876],[11.53735862,48.12730686],[11.53704284,48.12744617],[11.5358638,48.12718654],[11.53558638,48.12712593]]]]},"properties":{"id":"munich:osm:relation:1395282","name":"Westpark","nameAddon":null,"objectNumber":"munich:osm:relation:1395282","district":"München","locality":null,"type":"Park","areaM2":629293.1,"areaHa":62.93,"designation":null,"dedicated":null,"builtYear":null,"renovatedYear":null,"planningAreaId":null,"planningAreaName":null,"centroid":[11.520314,48.123315],"bounds":[11.50709,48.11979,11.53749,48.12899],"amenities":{},"sourceId":"parks"}},{"type":"Feature","id":"munich:osm:relation:1396807","geometry":{"type":"Polygon","coordinates":[[[11.50777799,48.14712593],[11.50798311,48.14702913],[11.5079713,48.1467704],[11.51111441,48.14639859],[11.51117196,48.14658676],[11.51152464,48.1468093],[11.51297962,48.14672607],[11.51299142,48.14677764],[11.51393435,48.14672245],[11.51438442,48.14718835],[11.51672921,48.14704179],[11.51689891,48.14707436],[11.51869919,48.14856251],[11.51869328,48.14862222],[11.51896333,48.14887371],[11.51898398,48.14901212],[11.51915073,48.14918762],[11.51943996,48.14925366],[11.51991069,48.14969875],[11.52013646,48.14970147],[11.52004644,48.14994482],[11.51999332,48.14999729],[11.51919795,48.15016555],[11.51612863,48.15011851],[11.51533031,48.15014474],[11.51483892,48.15025059],[11.51378236,48.1502524],[11.51377941,48.15014293],[11.51329098,48.15010765],[11.51265645,48.15015289],[11.51269777,48.15005247],[11.51263137,48.14999457],[11.51164712,48.1499023],[11.51194077,48.14916139],[11.51142429,48.14904559],[11.51128116,48.14923828],[11.51046808,48.14907092],[11.51018181,48.14965081],[11.50999735,48.14963452],[11.50993685,48.14947168],[11.50962697,48.14953411],[11.50911197,48.14824498],[11.50847154,48.14835806],[11.50810706,48.14764429],[11.50777799,48.14712593]]]},"properties":{"id":"munich:osm:relation:1396807","name":"Hirschgarten","nameAddon":null,"objectNumber":"munich:osm:relation:1396807","district":"München","locality":null,"type":"Park","areaM2":250161.7,"areaHa":25.02,"designation":null,"dedicated":null,"builtYear":null,"renovatedYear":null,"planningAreaId":null,"planningAreaName":null,"centroid":[11.513754,48.148426],"bounds":[11.50778,48.1464,11.52014,48.15025],"amenities":{},"sourceId":"parks"}},{"type":"Feature","id":"munich:osm:relation:14330604","geometry":{"type":"MultiPolygon","coordinates":[[[[11.5680268,48.20598607],[11.56826142,48.20500543],[11.56889595,48.20501086],[11.56898448,48.2050968],[11.56936077,48.20512575],[11.56954523,48.20509046],[11.56958507,48.205038],[11.57039815,48.2050787],[11.57037158,48.20591279],[11.57096922,48.20592908],[11.57099873,48.20716302],[11.57151963,48.20716392],[11.57152996,48.20734938],[11.5709338,48.20735299],[11.57095151,48.20782884],[11.57034355,48.20784151],[11.5703406,48.20775104],[11.57049406,48.20774833],[11.57060031,48.20718292],[11.57043504,48.20716845],[11.57043356,48.20713136],[11.57002924,48.20701285],[11.57016057,48.20669079],[11.5705767,48.20669893],[11.57060621,48.20616157],[11.5704616,48.20609372],[11.5700499,48.20608558],[11.5699348,48.20616971],[11.56874543,48.20605573],[11.5680268,48.20598607]]],[[[11.56815665,48.20164646],[11.56859492,48.20153248],[11.56955703,48.20141578],[11.56978723,48.20260901],[11.5698802,48.20282974],[11.57033617,48.2028216],[11.57035093,48.20307943],[11.57005137,48.20308938],[11.57010892,48.20402841],[11.57037749,48.20403564],[11.5703406,48.20482721],[11.5702978,48.20486883],[11.56993037,48.20485526],[11.56973411,48.20470327],[11.5694139,48.20469513],[11.56923977,48.20483807],[11.56830864,48.20479193],[11.56833668,48.20450063],[11.56886348,48.2045142],[11.56899334,48.20353447],[11.56872477,48.20349919],[11.5687351,48.20334178],[11.56840308,48.20332007],[11.56836029,48.20291297],[11.56921173,48.2028605],[11.56909073,48.20197123],[11.56821863,48.20202099],[11.56815665,48.20164646]]]]},"properties":{"id":"munich:osm:relation:14330604","name":"Harthofanger","nameAddon":null,"objectNumber":"munich:osm:relation:14330604","district":"München","locality":null,"type":"Park","areaM2":63039,"areaHa":6.3,"designation":null,"dedicated":null,"builtYear":null,"renovatedYear":null,"planningAreaId":null,"planningAreaName":null,"centroid":[11.569537,48.204532],"bounds":[11.56803,48.20142,11.57153,48.20784],"amenities":{},"sourceId":"parks"}},{"type":"Feature","id":"munich:osm:relation:146438","geometry":{"type":"Polygon","coordinates":[[[11.6722555,48.13657319],[11.67261408,48.13641306],[11.67275426,48.13693143],[11.67622644,48.13650624],[11.67666765,48.13639045],[11.67632088,48.13563687],[11.67614528,48.13511218],[11.67604936,48.13512756],[11.67611872,48.13504614],[11.67574243,48.13409173],[11.67490132,48.13405193],[11.67270262,48.13433237],[11.6725521,48.13388185],[11.67348765,48.13373711],[11.67364555,48.1339886],[11.67431549,48.13366655],[11.6742786,48.13363307],[11.67463275,48.13349557],[11.67510348,48.13339334],[11.67538828,48.13324588],[11.67568488,48.13355708],[11.67626038,48.13359598],[11.67623677,48.13382396],[11.67650828,48.13474579],[11.67687867,48.13476117],[11.67704394,48.13469513],[11.67706165,48.13456486],[11.67720183,48.1345721],[11.67778619,48.13370092],[11.67795884,48.1326063],[11.67849597,48.13236023],[11.67843842,48.13229962],[11.67870403,48.13217659],[11.67840595,48.13186901],[11.67891653,48.13164103],[11.67926035,48.13209517],[11.67877929,48.13230233],[11.67957318,48.1331138],[11.67963959,48.13308305],[11.68072123,48.13444816],[11.68076845,48.13443188],[11.68082452,48.13451239],[11.68099717,48.13446173],[11.68140445,48.13527863],[11.68140297,48.13533653],[11.68119934,48.13548218],[11.68113588,48.1356414],[11.68134838,48.1362249],[11.68118163,48.1369658],[11.67923969,48.13684368],[11.67708673,48.13679483],[11.67665142,48.1368672],[11.67600214,48.13686539],[11.67457225,48.13697937],[11.67301102,48.13716573],[11.67271147,48.13714402],[11.6724916,48.13702642],[11.67233518,48.13679935],[11.6722555,48.13657319]],[[11.67647435,48.13534739],[11.67726381,48.13537905],[11.67734645,48.13475213],[11.67710739,48.13473765],[11.67704247,48.13487244],[11.67679751,48.13485797],[11.67678128,48.13497829],[11.67652599,48.13496291],[11.67647435,48.13534739]],[[11.67664257,48.1358169],[11.67672225,48.13601683],[11.67684473,48.13602678],[11.6768344,48.13632622],[11.67712658,48.13634883],[11.67725938,48.13546228],[11.67669126,48.1354469],[11.67664257,48.1358169]],[[11.67749696,48.13562602],[11.67764453,48.13633798],[11.68038036,48.13638592],[11.68003211,48.1355256],[11.67749696,48.13562602]],[[11.67765928,48.13531844],[11.68024903,48.13534377],[11.68013983,48.13467252],[11.67795736,48.13465261],[11.67765928,48.13531844]],[[11.67767699,48.13449701],[11.67960712,48.13432061],[11.679433,48.13344762],[11.67795441,48.13391985],[11.67767699,48.13449701]],[[11.6778703,48.1337353],[11.67882504,48.13332007],[11.67846203,48.13247693],[11.678403,48.1324715],[11.67802819,48.13263796],[11.6778703,48.1337353]]]},"properties":{"id":"munich:osm:relation:146438","name":"Unbenannter Park 146438","nameAddon":null,"objectNumber":"munich:osm:relation:146438","district":"München","locality":null,"type":"Park","areaM2":109473.7,"areaHa":10.95,"designation":null,"dedicated":null,"builtYear":null,"renovatedYear":null,"planningAreaId":null,"planningAreaName":null,"centroid":[11.677868,48.135072],"bounds":[11.67226,48.13164,11.6814,48.13717],"amenities":{},"sourceId":"parks"}},{"type":"Feature","id":"munich:osm:relation:1466181","geometry":{"type":"Polygon","coordinates":[[[11.44636934,48.13412068],[11.44683121,48.13382486],[11.44691533,48.13365117],[11.44691975,48.1335987],[11.44733293,48.13348833],[11.44746721,48.13358694],[11.44764577,48.1334829],[11.44743623,48.13345486],[11.44712192,48.13317623],[11.4470865,48.13318799],[11.44704076,48.13308395],[11.44729899,48.132666],[11.44731522,48.13247512],[11.44745098,48.13226434],[11.44761183,48.1321603],[11.44770037,48.13200923],[11.44789515,48.13189253],[11.44797631,48.13177221],[11.4478863,48.13154243],[11.44812535,48.13115886],[11.44823159,48.13122761],[11.44828914,48.13121042],[11.44854,48.13155419],[11.44860788,48.1315768],[11.44977511,48.13292111],[11.45110909,48.13249774],[11.45135847,48.13358965],[11.45167721,48.13409625],[11.45106629,48.13434413],[11.45179526,48.13509046],[11.45152079,48.1351936],[11.45204612,48.13574543],[11.4516477,48.13590465],[11.45211695,48.136499],[11.45282378,48.1372173],[11.45293445,48.1374118],[11.45340518,48.1373159],[11.45412824,48.13871992],[11.45444846,48.13862403],[11.45502395,48.13939117],[11.4547185,48.13947983],[11.45532498,48.14067125],[11.4562207,48.14053917],[11.45634317,48.14085128],[11.45638597,48.14146644],[11.45565405,48.14164284],[11.45527334,48.14183463],[11.45448387,48.14206079],[11.45459012,48.14316989],[11.45477752,48.14391894],[11.45435992,48.14401393],[11.45421826,48.14361769],[11.45363833,48.1431138],[11.4536162,48.14289036],[11.45345535,48.14290031],[11.45314842,48.14378686],[11.45275,48.14384024],[11.45089807,48.14246969],[11.45148685,48.14211507],[11.45327385,48.14187534],[11.45300381,48.14094988],[11.45262604,48.14050208],[11.45184986,48.13880948],[11.45215531,48.13791478],[11.45201513,48.13754478],[11.45044653,48.13672879],[11.45000088,48.13619776],[11.44943572,48.13607834],[11.44919666,48.13580242],[11.44949769,48.13562692],[11.44955819,48.13553103],[11.44952425,48.13538086],[11.44828914,48.13412158],[11.447662,48.13438122],[11.44679728,48.13413968],[11.44641951,48.1341641],[11.44636934,48.13412068]]]},"properties":{"id":"munich:osm:relation:1466181","name":"Pasinger Stadtpark","nameAddon":null,"objectNumber":"munich:osm:relation:1466181","district":"München","locality":null,"type":"Park","areaM2":261946.5,"areaHa":26.19,"designation":null,"dedicated":null,"builtYear":null,"renovatedYear":null,"planningAreaId":null,"planningAreaName":null,"centroid":[11.451729,48.137621],"bounds":[11.44637,48.13116,11.45639,48.14401],"amenities":{},"sourceId":"parks"}},{"type":"Feature","id":"munich:osm:relation:151288","geometry":{"type":"Polygon","coordinates":[[[11.46926386,48.17147458],[11.46930517,48.17073639],[11.46938781,48.17037633],[11.46973163,48.17036186],[11.46973016,48.1704478],[11.46987182,48.17053736],[11.4698969,48.17067125],[11.46984083,48.17148996],[11.4693096,48.17150172],[11.46926386,48.17147458]],[[11.46947782,48.17065859],[11.46954275,48.17075538],[11.4694852,48.17081328],[11.46951324,48.17091822],[11.46963719,48.1709336],[11.46973458,48.17087208],[11.46975229,48.17069929],[11.46955603,48.17058259],[11.46947782,48.17065859]]]},"properties":{"id":"munich:osm:relation:151288","name":"Unbenannter Park 151288","nameAddon":null,"objectNumber":"munich:osm:relation:151288","district":"München","locality":null,"type":"Park","areaM2":4745.3,"areaHa":0.47,"designation":null,"dedicated":null,"builtYear":null,"renovatedYear":null,"planningAreaId":null,"planningAreaName":null,"centroid":[11.469577,48.170981],"bounds":[11.46926,48.17036,11.4699,48.1715],"amenities":{},"sourceId":"parks"}},{"type":"Feature","id":"munich:osm:relation:15641010","geometry":{"type":"Polygon","coordinates":[[[11.53823368,48.16592998],[11.53835468,48.16588475],[11.53969308,48.16464357],[11.54111855,48.16383662],[11.54254254,48.16487425],[11.54284652,48.16504433],[11.54360352,48.16507418],[11.54390012,48.16491587],[11.54410671,48.16492491],[11.54476337,48.16541433],[11.54488585,48.16545142],[11.545119,48.16523792],[11.54536691,48.16542338],[11.54542888,48.16533563],[11.54565171,48.16533291],[11.54635263,48.16480098],[11.5464028,48.16471051],[11.54634378,48.16462095],[11.5467968,48.16419305],[11.54710816,48.16432061],[11.54677171,48.16471051],[11.54647364,48.16494029],[11.54578009,48.16577619],[11.54687058,48.1661869],[11.54675401,48.16630812],[11.54655332,48.16623937],[11.54642789,48.16610096],[11.54623163,48.16602316],[11.54607669,48.1660901],[11.54581698,48.16604758],[11.54561924,48.16630903],[11.54527689,48.1663425],[11.5450585,48.16625475],[11.54458039,48.16669984],[11.54454793,48.16675412],[11.54484601,48.16720463],[11.54564433,48.16751855],[11.54390012,48.16966166],[11.53835763,48.16813914],[11.53832959,48.16781256],[11.53823368,48.16592998]],[[11.53990852,48.16820156],[11.54247761,48.16894608],[11.54364336,48.16906278],[11.54451989,48.16846029],[11.54475157,48.16788221],[11.54402703,48.16743984],[11.54376141,48.16747965],[11.54329364,48.16720373],[11.54298375,48.16713226],[11.54259714,48.16710964],[11.54221199,48.16716121],[11.54191096,48.16729872],[11.54113921,48.16672426],[11.5404973,48.16659128],[11.54011216,48.16678487],[11.5399764,48.16754478],[11.53990852,48.16820156]]]},"properties":{"id":"munich:osm:relation:15641010","name":"Unbenannter Park 15641010","nameAddon":null,"objectNumber":"munich:osm:relation:15641010","district":"München","locality":null,"type":"Park","areaM2":179100.4,"areaHa":17.91,"designation":null,"dedicated":null,"builtYear":null,"renovatedYear":null,"planningAreaId":null,"planningAreaName":null,"centroid":[11.541921,48.166399],"bounds":[11.53823,48.16384,11.54711,48.16966],"amenities":{},"sourceId":"parks"}},{"type":"Feature","id":"munich:osm:relation:1625944","geometry":{"type":"Polygon","coordinates":[[[11.54667875,48.15188258],[11.54826506,48.15135788],[11.54847755,48.15147639],[11.5473723,48.15225439],[11.54667875,48.15188258]],[[11.5468086,48.151907],[11.54719227,48.15212683],[11.54749035,48.151907],[11.54724834,48.15175321],[11.5468086,48.151907]]]},"properties":{"id":"munich:osm:relation:1625944","name":"Unbenannter Park 1625944","nameAddon":null,"objectNumber":"munich:osm:relation:1625944","district":"München","locality":null,"type":"Park","areaM2":4117.6,"areaHa":0.41,"designation":null,"dedicated":null,"builtYear":null,"renovatedYear":null,"planningAreaId":null,"planningAreaName":null,"centroid":[11.547686,48.151766],"bounds":[11.54668,48.15136,11.54848,48.15225],"amenities":{},"sourceId":"parks"}},{"type":"Feature","id":"munich:osm:relation:16301012","geometry":{"type":"Polygon","coordinates":[[[11.49780121,48.16950606],[11.49793697,48.16909625],[11.50140914,48.16864574],[11.50115533,48.16741542],[11.50242586,48.16739551],[11.507384,48.1674896],[11.50946612,48.16759363],[11.50989848,48.16838068],[11.51035298,48.16955763],[11.51038545,48.16979645],[11.51036921,48.16983988],[11.509807,48.17014655],[11.50852909,48.17068844],[11.50855565,48.17015108],[11.50728808,48.1701158],[11.50183708,48.1701556],[11.50177067,48.17008232],[11.50179724,48.16989958],[11.50153752,48.1698833],[11.50151096,48.17003257],[11.50168214,48.17004161],[11.50159802,48.17133617],[11.50178986,48.17247331],[11.50101662,48.17252216],[11.50079823,48.1725674],[11.50074363,48.1725104],[11.50086611,48.17240999],[11.50075839,48.16974037],[11.50052524,48.16909806],[11.49859363,48.16938846],[11.49780121,48.16950606]],[[11.50190643,48.16972499],[11.50195218,48.16980369],[11.50354587,48.16982178],[11.50354439,48.16989144],[11.50720397,48.16988692],[11.50728513,48.1699231],[11.50946612,48.16995839],[11.50946612,48.16908902],[11.50934217,48.16901936],[11.50881537,48.16804143],[11.5081897,48.16796363],[11.50760977,48.16777456],[11.50723939,48.16776009],[11.5068749,48.16782432],[11.50650009,48.1681717],[11.50550699,48.16819251],[11.50514398,48.16831283],[11.50450946,48.16837706],[11.50356652,48.16859508],[11.50352521,48.16853628],[11.50290249,48.16853356],[11.50200382,48.16874344],[11.50195365,48.16911616],[11.50196988,48.16969694],[11.50190643,48.16972499]]]},"properties":{"id":"munich:osm:relation:16301012","name":"Unbenannter Park 16301012","nameAddon":null,"objectNumber":"munich:osm:relation:16301012","district":"München","locality":null,"type":"Park","areaM2":127335.7,"areaHa":12.73,"designation":null,"dedicated":null,"builtYear":null,"renovatedYear":null,"planningAreaId":null,"planningAreaName":null,"centroid":[11.504109,48.169046],"bounds":[11.4978,48.1674,11.51039,48.17257],"amenities":{},"sourceId":"parks"}},{"type":"Feature","id":"munich:osm:relation:16341171","geometry":{"type":"Polygon","coordinates":[[[11.56834111,48.12253392],[11.56912024,48.12190519],[11.57145913,48.12120047],[11.57253487,48.12179302],[11.57335532,48.12217297],[11.5742171,48.12274199],[11.57522938,48.12384748],[11.57633021,48.12528135],[11.57800801,48.12635788],[11.57753433,48.12669803],[11.57845513,48.12718473],[11.57900849,48.12739009],[11.57832675,48.12736747],[11.57781175,48.12742084],[11.57751514,48.12737561],[11.57725543,48.12727339],[11.57638038,48.12672155],[11.57500804,48.12630812],[11.57421414,48.12597793],[11.57375079,48.12568482],[11.57369177,48.12558531],[11.57338631,48.12534739],[11.57327121,48.12516917],[11.57318267,48.12513298],[11.57288017,48.12482902],[11.57241387,48.12446988],[11.57192395,48.12417225],[11.57194756,48.12414511],[11.57106956,48.12372897],[11.57049701,48.12354442],[11.57018565,48.12352271],[11.56973263,48.12321874],[11.56944488,48.12310838],[11.56911877,48.12289578],[11.56864804,48.12268591],[11.56834111,48.12253392]],[[11.57103857,48.12288945],[11.57276949,48.12385652],[11.57287574,48.12378234],[11.5729628,48.123833],[11.5730174,48.12379229],[11.57312807,48.12380948],[11.5732535,48.12389904],[11.57444729,48.12353718],[11.57249945,48.12250678],[11.57103857,48.12288945]]]},"properties":{"id":"munich:osm:relation:16341171","name":"Frühlingsanlagen","nameAddon":null,"objectNumber":"munich:osm:relation:16341171","district":"München","locality":null,"type":"Park","areaM2":149639.3,"areaHa":14.96,"designation":null,"dedicated":null,"builtYear":null,"renovatedYear":null,"planningAreaId":null,"planningAreaName":null,"centroid":[11.573409,48.124073],"bounds":[11.56834,48.1212,11.57901,48.12742],"amenities":{},"sourceId":"parks"}},{"type":"Feature","id":"munich:osm:relation:16393845","geometry":{"type":"Polygon","coordinates":[[[11.40635005,48.13478107],[11.40668355,48.13464357],[11.4068134,48.13437489],[11.40899735,48.13494482],[11.40924378,48.13452234],[11.40949759,48.13458657],[11.40925853,48.13501447],[11.41087731,48.13541885],[11.41101012,48.13536276],[11.4119619,48.13561245],[11.41215373,48.1352732],[11.41226146,48.13530125],[11.41201502,48.13572643],[11.4141488,48.13627103],[11.41423586,48.13580062],[11.4143849,48.1358368],[11.41415027,48.13709969],[11.41394221,48.13744708],[11.41401746,48.13746969],[11.41391565,48.13764429],[11.41023393,48.13670346],[11.40831855,48.13619504],[11.40816951,48.13619323],[11.40736677,48.13600235],[11.4073343,48.13589198],[11.40687243,48.13535281],[11.40635005,48.13478107]],[[11.40764566,48.13579247],[11.40860335,48.13603311],[11.40880551,48.13567758],[11.40785373,48.13543333],[11.40770174,48.13569477],[11.40764566,48.13579247]],[[11.40889995,48.13619323],[11.40954628,48.13635878],[11.40998012,48.13560702],[11.40933822,48.13544328],[11.40889995,48.13619323]],[[11.41033575,48.13668355],[11.41094666,48.13683915],[11.41092453,48.13687715],[11.41121523,48.13695314],[11.41170367,48.13611001],[11.41081238,48.13588294],[11.41070318,48.13604125],[11.41033575,48.13668355]],[[11.41161808,48.13689162],[11.41227179,48.13705898],[11.41263774,48.13642392],[11.41198404,48.13625565],[11.41161808,48.13689162]],[[11.413228,48.13733762],[11.41375628,48.13747331],[11.4139732,48.13711417],[11.41343754,48.13697666],[11.413228,48.13733762]],[[11.41333867,48.13682106],[11.41373119,48.13692329],[11.41389646,48.13667813],[11.41349509,48.13656504],[11.41333867,48.13682106]]]},"properties":{"id":"munich:osm:relation:16393845","name":"Kiefernhain","nameAddon":null,"objectNumber":"munich:osm:relation:16393845","district":"München","locality":null,"type":"Park","areaM2":68781.3,"areaHa":6.88,"designation":null,"dedicated":null,"builtYear":null,"renovatedYear":null,"planningAreaId":null,"planningAreaName":null,"centroid":[11.410382,48.135898],"bounds":[11.40635,48.13437,11.41438,48.13764],"amenities":{},"sourceId":"parks"}},{"type":"Feature","id":"munich:osm:relation:173058","geometry":{"type":"Polygon","coordinates":[[[11.45575439,48.16282703],[11.45585917,48.16253483],[11.45647303,48.16183825],[11.45683899,48.16131174],[11.4577893,48.15955129],[11.45778487,48.15922019],[11.45767272,48.15867197],[11.45765354,48.15789036],[11.45778487,48.15721277],[11.45777897,48.1569061],[11.45754877,48.15551022],[11.45750893,48.15469966],[11.45735399,48.15432513],[11.45763583,48.15425819],[11.45752073,48.15402388],[11.45752959,48.15376515],[11.45827478,48.15370183],[11.45890931,48.15434051],[11.45894177,48.15446354],[11.45892997,48.15460738],[11.45855515,48.1553121],[11.45851826,48.15552922],[11.45862156,48.15588203],[11.45882077,48.15621856],[11.4587219,48.15661118],[11.45876027,48.15710693],[11.45883848,48.1571983],[11.45889603,48.1579763],[11.45858467,48.15829745],[11.45861713,48.15851004],[11.45868354,48.15862584],[11.45901703,48.15891985],[11.45904064,48.15901122],[11.45887684,48.15969875],[11.45850351,48.16054279],[11.45845924,48.16101864],[11.45856401,48.16209246],[11.45845924,48.1621983],[11.45848137,48.16242989],[11.45864222,48.1625484],[11.46080698,48.16230776],[11.46082911,48.16224625],[11.46172335,48.16217206],[11.46171597,48.16191153],[11.46240657,48.16190881],[11.46238148,48.16176226],[11.46544933,48.16176407],[11.46612075,48.16172336],[11.46609124,48.16152705],[11.46711828,48.16148905],[11.46908678,48.16132441],[11.46903513,48.16098969],[11.47101691,48.16084132],[11.4717326,48.16072915],[11.4729013,48.160389],[11.47463813,48.15979736],[11.47521215,48.15968156],[11.47650776,48.15915777],[11.47725296,48.15869549],[11.47720869,48.15842862],[11.47768384,48.15839153],[11.47768975,48.15814185],[11.47791404,48.15812828],[11.47791257,48.15807852],[11.47799963,48.158074],[11.47800406,48.1577239],[11.47477241,48.15773114],[11.46974491,48.15753754],[11.46975672,48.15710693],[11.47911078,48.15744255],[11.47915801,48.15760811],[11.47912554,48.15835082],[11.47862087,48.15827393],[11.47816195,48.15853628],[11.47762629,48.15902841],[11.47759973,48.15932242],[11.47743446,48.15937217],[11.47714376,48.15929256],[11.4765963,48.15975303],[11.4762451,48.1608368],[11.47651514,48.16084947],[11.47659187,48.16079066],[11.47728099,48.16092003],[11.47823426,48.16082685],[11.47807341,48.16122128],[11.47529331,48.16147458],[11.47181818,48.16201375],[11.47131056,48.16192238],[11.47099183,48.16195133],[11.47072474,48.16211055],[11.46713008,48.16255925],[11.467105,48.16233852],[11.46605139,48.16233581],[11.46605434,48.16254116],[11.46417586,48.16255473],[11.46417733,48.16270309],[11.46317538,48.16273476],[11.46311192,48.16254207],[11.46238443,48.16259725],[11.46264267,48.1635408],[11.46142084,48.16354261],[11.46123049,48.16357337],[11.46074057,48.16379591],[11.46072582,48.16392166],[11.46059153,48.16392889],[11.46044397,48.16409716],[11.45914984,48.16404288],[11.45912475,48.1643966],[11.45883405,48.16438484],[11.45884143,48.16445269],[11.4589403,48.16452415],[11.45817149,48.16463543],[11.45713412,48.16491587],[11.45677701,48.16486792],[11.45660731,48.1647476],[11.4563358,48.16412158],[11.45590196,48.16342048],[11.4557662,48.16302153],[11.45575439,48.16282703]],[[11.45866878,48.16321422],[11.45884586,48.16388638],[11.46028608,48.16387009],[11.46041298,48.16360051],[11.46041003,48.16285327],[11.46215571,48.16286774],[11.4621321,48.16237561],[11.45913656,48.16265424],[11.45891669,48.16273023],[11.45876174,48.16294192],[11.45866878,48.16321422]],[[11.46276515,48.16231409],[11.46503468,48.16234576],[11.46603073,48.16219378],[11.46673904,48.16216302],[11.46660181,48.16187624],[11.46506124,48.16195495],[11.46289353,48.16193957],[11.46276515,48.16231409]],[[11.46760376,48.16179392],[11.46787085,48.16222634],[11.46944241,48.16198299],[11.47061554,48.16191333],[11.47073064,48.16135697],[11.46970655,48.16141397],[11.46916351,48.16148453],[11.46760376,48.16179392]],[[11.47105528,48.16166184],[11.47198198,48.16178306],[11.4736465,48.16136874],[11.4733676,48.1610313],[11.47295738,48.16079428],[11.47110545,48.16113805],[11.47105528,48.16166184]],[[11.47327907,48.15766058],[11.47372323,48.15767415],[11.47366273,48.15743803],[11.47350631,48.15735571],[11.4733012,48.15734938],[11.47327907,48.15766058]],[[11.47338384,48.16053284],[11.4739431,48.16131084],[11.4746337,48.16135245],[11.47596768,48.16112177],[11.47594702,48.16030034],[11.47539808,48.15996834],[11.47496572,48.15996653],[11.47338384,48.16053284]]]},"properties":{"id":"munich:osm:relation:173058","name":"Am Durchblick","nameAddon":null,"objectNumber":"munich:osm:relation:173058","district":"München","locality":null,"type":"Park","areaM2":302687.9,"areaHa":30.27,"designation":null,"dedicated":null,"builtYear":null,"renovatedYear":null,"planningAreaId":null,"planningAreaName":null,"centroid":[11.46447,48.16049],"bounds":[11.45575,48.1537,11.47916,48.16492],"amenities":{},"sourceId":"parks"}},{"type":"Feature","id":"munich:osm:relation:20414386","geometry":{"type":"Polygon","coordinates":[[[11.55725169,48.20114257],[11.55729596,48.20018545],[11.55746861,48.19995748],[11.55776521,48.20008775],[11.55796442,48.20030849],[11.55793344,48.20105935],[11.55873618,48.20108468],[11.55872585,48.20123847],[11.5572812,48.20117333],[11.55725169,48.20114257]],[[11.55744057,48.20053374],[11.55744943,48.20069658],[11.55757486,48.20069025],[11.55772242,48.20060702],[11.55776816,48.20048218],[11.55759256,48.20043695],[11.55744057,48.20053374]]]},"properties":{"id":"munich:osm:relation:20414386","name":"Unbenannter Park 20414386","nameAddon":null,"objectNumber":"munich:osm:relation:20414386","district":"München","locality":null,"type":"Park","areaM2":6559,"areaHa":0.66,"designation":null,"dedicated":null,"builtYear":null,"renovatedYear":null,"planningAreaId":null,"planningAreaName":null,"centroid":[11.557714,48.200715],"bounds":[11.55725,48.19996,11.55874,48.20124],"amenities":{},"sourceId":"parks"}},{"type":"Feature","id":"munich:osm:relation:20517212","geometry":{"type":"MultiPolygon","coordinates":[[[[11.62055064,48.12071829],[11.62074985,48.12070291],[11.62072476,48.12050932],[11.62167212,48.12048942],[11.62171639,48.12044599],[11.62207645,48.12041523],[11.62310939,48.12110458],[11.62321564,48.12112629],[11.62414234,48.12190157],[11.62409512,48.12196761],[11.62417628,48.12207617],[11.6238841,48.12209607],[11.62350191,48.12221006],[11.62317284,48.12262891],[11.62381327,48.12324498],[11.62483884,48.12288674],[11.62501887,48.12318618],[11.62340452,48.12368735],[11.62336763,48.12365026],[11.62316104,48.12370002],[11.62319793,48.12383481],[11.62311677,48.12385562],[11.62304446,48.12385924],[11.62295888,48.12372535],[11.62276557,48.12377329],[11.62278032,48.12344129],[11.62096381,48.12349828],[11.62092545,48.12296544],[11.62097119,48.12287769],[11.62221958,48.12284965],[11.62276409,48.12272481],[11.62279951,48.12246788],[11.6225516,48.12158947],[11.62195692,48.12088475],[11.62084134,48.12108377],[11.6208797,48.12118961],[11.62065393,48.12122128],[11.62055064,48.12071829]]],[[[11.62335877,48.12488601],[11.62348715,48.12489506],[11.62381032,48.12500724],[11.62407003,48.12608196],[11.624163,48.12616519],[11.62435188,48.12609553],[11.62450977,48.12611815],[11.62484769,48.12608829],[11.62512806,48.12594807],[11.62522693,48.12578795],[11.62539811,48.12620228],[11.62362586,48.12625204],[11.62337058,48.12494391],[11.62335877,48.12488601]]],[[[11.62417037,48.12628641],[11.62558404,48.12626199],[11.62648417,48.12618328],[11.626828,48.12655871],[11.62670257,48.12661028],[11.62649598,48.12636059],[11.62459093,48.12636964],[11.62519152,48.12913154],[11.6262584,48.12897684],[11.62628791,48.12908088],[11.62484917,48.12930071],[11.62423678,48.12661118],[11.62417037,48.12628641]]]]},"properties":{"id":"munich:osm:relation:20517212","name":"Echardinger Grünstreifen","nameAddon":null,"objectNumber":"munich:osm:relation:20517212","district":"München","locality":null,"type":"Park","areaM2":62248.6,"areaHa":6.22,"designation":null,"dedicated":null,"builtYear":null,"renovatedYear":null,"planningAreaId":null,"planningAreaName":null,"centroid":[11.623273,48.123732],"bounds":[11.62055,48.12042,11.62683,48.1293],"amenities":{},"sourceId":"parks"}},{"type":"Feature","id":"munich:osm:relation:2405756","geometry":{"type":"Polygon","coordinates":[[[11.56822748,48.14766148],[11.57050734,48.14701827],[11.57171294,48.14891804],[11.56945374,48.14956215],[11.56825404,48.14770309],[11.56822748,48.14766148]],[[11.56926633,48.14885471],[11.56949358,48.14923467],[11.56972525,48.14917225],[11.56949801,48.1487932],[11.56938881,48.14882215],[11.56926633,48.14885471]]]},"properties":{"id":"munich:osm:relation:2405756","name":"Unbenannter Park 2405756","nameAddon":null,"objectNumber":"munich:osm:relation:2405756","district":"München","locality":null,"type":"Park","areaM2":41210.5,"areaHa":4.12,"designation":null,"dedicated":null,"builtYear":null,"renovatedYear":null,"planningAreaId":null,"planningAreaName":null,"centroid":[11.569984,48.148274],"bounds":[11.56823,48.14702,11.57171,48.14956],"amenities":{},"sourceId":"parks"}},{"type":"Feature","id":"munich:osm:relation:29600","geometry":{"type":"Polygon","coordinates":[[[11.58376447,48.10782794],[11.58699316,48.10679935],[11.58817367,48.10661118],[11.58871081,48.10661209],[11.58833895,48.10874435],[11.58520469,48.10958657],[11.58489923,48.10921929],[11.58376447,48.10782794]],[[11.58481217,48.10783789],[11.58490366,48.10797539],[11.58488891,48.10808305],[11.58495678,48.10811652],[11.58491104,48.10820789],[11.58482988,48.10823955],[11.58492875,48.10826579],[11.58492137,48.10832911],[11.58486234,48.1083454],[11.58491399,48.10840329],[11.58484316,48.108482],[11.58486087,48.10855889],[11.58506451,48.10854713],[11.58507484,48.10842139],[11.58518256,48.10836711],[11.5854644,48.10841053],[11.58541276,48.10852904],[11.58523568,48.10853447],[11.58523125,48.10857246],[11.58537882,48.10861679],[11.58526962,48.10877329],[11.58515009,48.10872535],[11.58520322,48.10859508],[11.58512501,48.10864664],[11.58510435,48.10874163],[11.58496564,48.10873892],[11.58497744,48.10867831],[11.58489923,48.10871178],[11.58492727,48.10880405],[11.58496564,48.10886466],[11.58502466,48.10881129],[11.58512648,48.10889452],[11.58539062,48.10894699],[11.58550129,48.10892709],[11.58554556,48.10884929],[11.58565771,48.10885471],[11.58585545,48.10877601],[11.5857433,48.10865569],[11.5858097,48.10856342],[11.58571674,48.10843857],[11.58562672,48.10845305],[11.5854585,48.1083065],[11.58518551,48.10832459],[11.58502466,48.10825312],[11.58504827,48.10820246],[11.58522092,48.10822327],[11.58529618,48.10818165],[11.58551458,48.10793468],[11.58547916,48.10785236],[11.58553966,48.10775737],[11.58576396,48.10767686],[11.58590414,48.1077438],[11.58601482,48.10768952],[11.58605023,48.10772661],[11.5857979,48.10793016],[11.58561787,48.10820608],[11.58570051,48.10830469],[11.58607237,48.10838249],[11.58610336,48.10833997],[11.58592923,48.10829835],[11.58582298,48.10817442],[11.5859071,48.1081527],[11.58612106,48.10828569],[11.58621255,48.10822327],[11.58609893,48.1081708],[11.58605318,48.10820608],[11.58598826,48.10814456],[11.58625535,48.10802153],[11.58605318,48.10798263],[11.58610188,48.10778904],[11.58625682,48.1077628],[11.58627748,48.10758639],[11.58609598,48.10750678],[11.58584069,48.10749864],[11.58538915,48.10768862],[11.58533897,48.10767234],[11.58535963,48.10760449],[11.58529913,48.10760991],[11.58524896,48.10764972],[11.58532717,48.10769224],[11.58528733,48.10777366],[11.58509697,48.10772028],[11.58506156,48.10775375],[11.58494498,48.10774833],[11.58481217,48.10783789]],[[11.58632913,48.10745612],[11.58659032,48.10776371],[11.58715253,48.10755111],[11.58688987,48.10724353],[11.58632913,48.10745612]],[[11.58635716,48.10728876],[11.586428,48.10737832],[11.5868397,48.10723449],[11.58676887,48.10714492],[11.58635716,48.10728876]],[[11.5868456,48.10785146],[11.5869002,48.10798173],[11.58703301,48.10798263],[11.58715106,48.10793649],[11.58699021,48.10777999],[11.5868456,48.10785146]]]},"properties":{"id":"munich:osm:relation:29600","name":"Weißenseepark","nameAddon":null,"objectNumber":"munich:osm:relation:29600","district":"München","locality":null,"type":"Park","areaM2":64388.1,"areaHa":6.44,"designation":null,"dedicated":null,"builtYear":null,"renovatedYear":null,"planningAreaId":null,"planningAreaName":null,"centroid":[11.58659,48.108056],"bounds":[11.58376,48.10661,11.58871,48.10959],"amenities":{},"sourceId":"parks"}},{"type":"Feature","id":"munich:osm:relation:392493","geometry":{"type":"Polygon","coordinates":[[[11.45707657,48.16535372],[11.4572684,48.16520445],[11.45840612,48.16477746],[11.45869091,48.16475665],[11.45871747,48.16483626],[11.45887684,48.16480731],[11.45897571,48.16497467],[11.459473,48.16538448],[11.45956744,48.16560521],[11.45918082,48.16668898],[11.45905097,48.16760268],[11.45918525,48.1683472],[11.45951579,48.16849285],[11.45930773,48.16889452],[11.45923837,48.16891532],[11.45910852,48.16940655],[11.45930921,48.16971232],[11.46067565,48.1705066],[11.46122458,48.17089379],[11.46170417,48.17108739],[11.46205242,48.17119142],[11.46269137,48.17075448],[11.46277253,48.17096255],[11.4633377,48.17182739],[11.46348378,48.17302424],[11.46355609,48.17315451],[11.46381728,48.1733843],[11.46403862,48.17351276],[11.46395156,48.17362312],[11.46389549,48.17389452],[11.46419652,48.17488782],[11.46343951,48.17549122],[11.46322702,48.17612538],[11.4628832,48.17607653],[11.46274449,48.17618238],[11.46276072,48.17630631],[11.46249216,48.17653881],[11.46235049,48.17636783],[11.46177057,48.17655238],[11.46151233,48.17669079],[11.46095011,48.17646191],[11.46084682,48.17551836],[11.4607332,48.17542971],[11.46055169,48.17474398],[11.46064761,48.17362131],[11.46278433,48.17368464],[11.46272235,48.17325764],[11.46055464,48.17322327],[11.45963532,48.17194952],[11.45909524,48.17092546],[11.45891078,48.17068482],[11.4587824,48.16987335],[11.45883405,48.16964538],[11.45879126,48.16936041],[11.45901408,48.1683264],[11.45871747,48.16732495],[11.45875141,48.16646553],[11.45893734,48.16644292],[11.45893734,48.16615705],[11.45844005,48.16549846],[11.4579044,48.16559888],[11.45734808,48.16546861],[11.45707657,48.16535372]],[[11.45944792,48.17111815],[11.45963385,48.17154605],[11.4599998,48.17184639],[11.46049709,48.17257916],[11.4624892,48.17260811],[11.461896,48.17146915],[11.46163924,48.17126289],[11.46126147,48.17125113],[11.46062547,48.17088113],[11.46032444,48.17087118],[11.46008834,48.17079428],[11.45985224,48.17079609],[11.45968992,48.17085037],[11.45949071,48.17099783],[11.45944792,48.17111815]],[[11.4608055,48.17446716],[11.46227229,48.17457843],[11.46309864,48.17471504],[11.46307798,48.17437851],[11.46268104,48.17391352],[11.4609634,48.17383029],[11.4608055,48.17446716]],[[11.4609206,48.17591912],[11.46092946,48.17608739],[11.46115375,48.17610548],[11.46169826,48.17575629],[11.46227671,48.17558531],[11.46253052,48.17527139],[11.462017,48.17524064],[11.46167318,48.17517098],[11.46163481,48.17530034],[11.46155808,48.17529853],[11.46137657,48.17539895],[11.46118179,48.17592636],[11.4609206,48.17591912]]]},"properties":{"id":"munich:osm:relation:392493","name":"Unbenannter Park 392493","nameAddon":null,"objectNumber":"munich:osm:relation:392493","district":"München","locality":null,"type":"Park","areaM2":133708.4,"areaHa":13.37,"designation":null,"dedicated":null,"builtYear":null,"renovatedYear":null,"planningAreaId":null,"planningAreaName":null,"centroid":[11.461297,48.172122],"bounds":[11.45708,48.16476,11.4642,48.17669],"amenities":{},"sourceId":"parks"}},{"type":"Feature","id":"munich:osm:relation:5333909","geometry":{"type":"Polygon","coordinates":[[[11.61724816,48.16875249],[11.61741786,48.16873168],[11.61785907,48.16878686],[11.61868543,48.16901484],[11.61906024,48.16915868],[11.61981724,48.16956396],[11.62026731,48.16992491],[11.62308873,48.17273114],[11.62518266,48.174962],[11.62645171,48.17739461],[11.62715411,48.17895603],[11.62676602,48.17904017],[11.62665387,48.17895332],[11.62600902,48.17920934],[11.62532137,48.17845305],[11.625162,48.17808305],[11.62498788,48.17785779],[11.62488016,48.17786322],[11.62477834,48.17781165],[11.62250586,48.17531663],[11.62215318,48.17483535],[11.62194659,48.17467071],[11.62100513,48.17364936],[11.62105088,48.17355618],[11.62090626,48.17345486],[11.62083543,48.17351185],[11.6207528,48.17339063],[11.6206923,48.17337434],[11.62078526,48.17332278],[11.62066426,48.17324679],[11.61940554,48.17178126],[11.61892301,48.17133798],[11.61855853,48.17092274],[11.61811731,48.17030758],[11.61751673,48.16921024],[11.61728948,48.16894065],[11.61724816,48.16875249]]]},"properties":{"id":"munich:osm:relation:5333909","name":"Isarinsel Oberföhring","nameAddon":null,"objectNumber":"munich:osm:relation:5333909","district":"München","locality":null,"type":"Park","areaM2":206644,"areaHa":20.66,"designation":null,"dedicated":null,"builtYear":null,"renovatedYear":null,"planningAreaId":null,"planningAreaName":null,"centroid":[11.622453,48.173771],"bounds":[11.61725,48.16873,11.62715,48.17921],"amenities":{},"sourceId":"parks"}},{"type":"Feature","id":"munich:osm:relation:5435198","geometry":{"type":"Polygon","coordinates":[[[11.48595036,48.09273023],[11.48602562,48.092704],[11.48610531,48.0925493],[11.48625582,48.09254478],[11.48630452,48.09250407],[11.48628829,48.0924127],[11.48646536,48.09236023],[11.48673688,48.09239461],[11.48671179,48.0926063],[11.48739354,48.09273928],[11.48739796,48.09286774],[11.48729615,48.09288312],[11.487184,48.09303872],[11.48724893,48.09310204],[11.48738321,48.09312466],[11.48728286,48.0933065],[11.48735222,48.09333544],[11.4873109,48.09344038],[11.48655833,48.09317442],[11.48603595,48.09293378],[11.48603595,48.09281979],[11.48595036,48.09273023]],[[11.48698921,48.09322779],[11.48700692,48.09328117],[11.48713087,48.09333454],[11.48726221,48.09330469],[11.48725925,48.09325855],[11.48709693,48.09319251],[11.48698921,48.09322779]]]},"properties":{"id":"munich:osm:relation:5435198","name":"Unbenannter Park 5435198","nameAddon":null,"objectNumber":"munich:osm:relation:5435198","district":"München","locality":null,"type":"Park","areaM2":6770.8,"areaHa":0.68,"designation":null,"dedicated":null,"builtYear":null,"renovatedYear":null,"planningAreaId":null,"planningAreaName":null,"centroid":[11.486697,48.092866],"bounds":[11.48595,48.09236,11.4874,48.09344],"amenities":{},"sourceId":"parks"}},{"type":"Feature","id":"munich:osm:relation:5435222","geometry":{"type":"Polygon","coordinates":[[[11.48437291,48.09512394],[11.48440537,48.09510675],[11.48450129,48.09516736],[11.48471378,48.09512394],[11.48479789,48.0951936],[11.48478756,48.09530758],[11.48488053,48.09531391],[11.48519631,48.09522254],[11.48538962,48.09536096],[11.48506941,48.095351],[11.4850517,48.09540438],[11.48489971,48.09543423],[11.48490266,48.09549484],[11.48485101,48.0954858],[11.48479494,48.09557174],[11.48451162,48.09550932],[11.48455884,48.09538448],[11.48443931,48.09526054],[11.48445259,48.09518003],[11.48437291,48.09512394]]]},"properties":{"id":"munich:osm:relation:5435222","name":"Unbenannter Park 5435222","nameAddon":null,"objectNumber":"munich:osm:relation:5435222","district":"München","locality":null,"type":"Park","areaM2":1491.2,"areaHa":0.15,"designation":null,"dedicated":null,"builtYear":null,"renovatedYear":null,"planningAreaId":null,"planningAreaName":null,"centroid":[11.484784,48.095337],"bounds":[11.48437,48.09511,11.48539,48.09557],"amenities":{},"sourceId":"parks"}},{"type":"Feature","id":"munich:osm:relation:5613544","geometry":{"type":"Polygon","coordinates":[[[11.53440735,48.10952144],[11.53443981,48.1089488],[11.53590512,48.10905645],[11.53589922,48.10954134],[11.53557458,48.10952415],[11.53549932,48.10957572],[11.53440735,48.10952144]],[[11.53449293,48.10924371],[11.53505073,48.10925095],[11.53505368,48.10913063],[11.53449736,48.10912249],[11.53449293,48.10924371]],[[11.53538717,48.10940384],[11.53540488,48.10948887],[11.53548456,48.10950335],[11.53558343,48.10948525],[11.53565131,48.10940022],[11.53571329,48.10939208],[11.53558491,48.10930613],[11.53548161,48.1092998],[11.53542996,48.10933056],[11.53545653,48.10939027],[11.53538717,48.10940384]]]},"properties":{"id":"munich:osm:relation:5613544","name":"Unbenannter Park 5613544","nameAddon":null,"objectNumber":"munich:osm:relation:5613544","district":"München","locality":null,"type":"Park","areaM2":5702.7,"areaHa":0.57,"designation":null,"dedicated":null,"builtYear":null,"renovatedYear":null,"planningAreaId":null,"planningAreaName":null,"centroid":[11.535154,48.109275],"bounds":[11.53441,48.10895,11.53591,48.10958],"amenities":{},"sourceId":"parks"}},{"type":"Feature","id":"munich:osm:relation:5640807","geometry":{"type":"Polygon","coordinates":[[[11.56348478,48.14509861],[11.56425654,48.14489506],[11.56455905,48.14537995],[11.56484532,48.14530125],[11.56487188,48.14534286],[11.56516553,48.14526235],[11.56514192,48.14522254],[11.56539426,48.14515198],[11.56521423,48.14486068],[11.56597418,48.14464809],[11.56749409,48.14698299],[11.56628997,48.14732224],[11.56656739,48.14776009],[11.56637261,48.1478207],[11.56634014,48.1477628],[11.56611585,48.14782974],[11.56587974,48.14746608],[11.56514045,48.14766691],[11.56437754,48.14647458],[11.56406471,48.14612448],[11.56391419,48.14575538],[11.56368695,48.14540981],[11.56348478,48.14509861]],[[11.56388173,48.14563959],[11.56389058,48.14565587],[11.56398503,48.14563235],[11.56397617,48.14561516],[11.56388173,48.14563959]]]},"properties":{"id":"munich:osm:relation:5640807","name":"Königsplatz","nameAddon":null,"objectNumber":"munich:osm:relation:5640807","district":"München","locality":null,"type":"Park","areaM2":54992.7,"areaHa":5.5,"designation":null,"dedicated":null,"builtYear":null,"renovatedYear":null,"planningAreaId":null,"planningAreaName":null,"centroid":[11.565555,48.146213],"bounds":[11.56348,48.14465,11.56749,48.14783],"amenities":{},"sourceId":"parks"}},{"type":"Feature","id":"munich:osm:relation:6294362","geometry":{"type":"MultiPolygon","coordinates":[[[[11.46650441,48.1095531],[11.46652212,48.10940565],[11.46678036,48.10828207],[11.46693973,48.10817713],[11.46716255,48.10813914],[11.47155995,48.10855437],[11.47144485,48.10913335],[11.47147584,48.10917677],[11.47155257,48.10923557],[11.47229629,48.10930523],[11.47211184,48.11018093],[11.47180785,48.1101565],[11.47139615,48.11036819],[11.47136516,48.11034286],[11.47154372,48.11025059],[11.4714478,48.11019631],[11.47130024,48.11018545],[11.4712722,48.11007418],[11.47133565,48.10991768],[11.47072769,48.10989235],[11.47060964,48.11045956],[11.47069227,48.1104677],[11.47066571,48.11060973],[11.468377,48.11040166],[11.46810105,48.11031482],[11.46718616,48.1102325],[11.46711975,48.11018183],[11.46716993,48.10984169],[11.46656491,48.10978198],[11.46660033,48.10956034],[11.46650441,48.1095531]]],[[[11.47144632,48.11043604],[11.47183589,48.11023521],[11.4720956,48.11026054],[11.47198493,48.11078071],[11.4716898,48.11074362],[11.47170013,48.11067577],[11.47144632,48.11043604]]]]},"properties":{"id":"munich:osm:relation:6294362","name":"Besucher-Garten","nameAddon":null,"objectNumber":"munich:osm:relation:6294362","district":"München","locality":null,"type":"Park","areaM2":86362.9,"areaHa":8.64,"designation":null,"dedicated":null,"builtYear":null,"renovatedYear":null,"planningAreaId":null,"planningAreaName":null,"centroid":[11.469258,48.109376],"bounds":[11.4665,48.10814,11.4723,48.11078],"amenities":{},"sourceId":"parks"}},{"type":"Feature","id":"munich:osm:relation:6346292","geometry":{"type":"Polygon","coordinates":[[[11.57783536,48.12686629],[11.57822345,48.12654424],[11.57839462,48.12658766],[11.57897012,48.12693776],[11.58078516,48.1278017],[11.58063759,48.12799439],[11.57955595,48.12756921],[11.57867942,48.12728243],[11.57818656,48.12704632],[11.57783536,48.12686629]],[[11.57883141,48.1271395],[11.57897455,48.12721277],[11.57905571,48.12714221],[11.57891257,48.12706893],[11.57883141,48.1271395]]]},"properties":{"id":"munich:osm:relation:6346292","name":"Unbenannter Park 6346292","nameAddon":null,"objectNumber":"munich:osm:relation:6346292","district":"München","locality":null,"type":"Park","areaM2":8966.2,"areaHa":0.9,"designation":null,"dedicated":null,"builtYear":null,"renovatedYear":null,"planningAreaId":null,"planningAreaName":null,"centroid":[11.579187,48.12724],"bounds":[11.57784,48.12654,11.58079,48.12799],"amenities":{},"sourceId":"parks"}},{"type":"Feature","id":"munich:osm:relation:6495794","geometry":{"type":"Polygon","coordinates":[[[11.69786814,48.10975936],[11.69907964,48.10853447],[11.69998863,48.10888095],[11.69935558,48.10951692],[11.69864137,48.11008685],[11.69792421,48.1097865],[11.69786814,48.10975936]],[[11.69906783,48.10881129],[11.69910177,48.10886105],[11.69923458,48.108814],[11.69909292,48.10879772],[11.69906783,48.10881129]],[[11.69913866,48.10934865],[11.69918736,48.10937308],[11.69939985,48.10918491],[11.69935115,48.10916048],[11.69913866,48.10934865]],[[11.69929951,48.10885833],[11.69942051,48.10888728],[11.69944854,48.10896056],[11.69932902,48.1090085],[11.69933197,48.10905012],[11.69937034,48.10907816],[11.6995843,48.10907726],[11.69963448,48.10904559],[11.69965809,48.108871],[11.69935706,48.10875068],[11.69934968,48.10880224],[11.69929951,48.10885833]]]},"properties":{"id":"munich:osm:relation:6495794","name":"Graf-Spee-Platz","nameAddon":null,"objectNumber":"munich:osm:relation:6495794","district":"München","locality":null,"type":"Park","areaM2":11678.8,"areaHa":1.17,"designation":null,"dedicated":null,"builtYear":null,"renovatedYear":null,"planningAreaId":null,"planningAreaName":null,"centroid":[11.698888,48.109331],"bounds":[11.69787,48.10853,11.69999,48.11009],"amenities":{},"sourceId":"parks"}},{"type":"Feature","id":"munich:osm:relation:6519737","geometry":{"type":"Polygon","coordinates":[[[11.65570622,48.11748779],[11.65652373,48.11721006],[11.65661817,48.11721911],[11.65694281,48.11742989],[11.65664768,48.11753483],[11.6568587,48.11780713],[11.65697232,48.11776823],[11.65742387,48.11802063],[11.65709037,48.11811742],[11.65745338,48.11864755],[11.65782819,48.11853447],[11.65814103,48.11895422],[11.65868111,48.11878596],[11.65877998,48.11889542],[11.65822661,48.11905645],[11.65896591,48.12013117],[11.65992212,48.1198453],[11.66027185,48.12032025],[11.66003869,48.12039533],[11.66072487,48.12139859],[11.66163829,48.12111815],[11.66179618,48.12136331],[11.66056845,48.12173874],[11.66039875,48.12149991],[11.66050647,48.12146734],[11.65977751,48.12043876],[11.65850993,48.12082866],[11.65818825,48.12035643],[11.65857781,48.12023792],[11.65764521,48.11888004],[11.65682918,48.11912068],[11.65665801,48.11886738],[11.65716563,48.11871449],[11.65641305,48.11763977],[11.65591724,48.11780622],[11.65570622,48.11748779]],[[11.65674212,48.11890176],[11.65683804,48.11905102],[11.65706233,48.11901755],[11.6570343,48.11897955],[11.65690297,48.11895694],[11.65682918,48.11888276],[11.65674212,48.11890176]],[[11.65700921,48.11790845],[11.65705496,48.11801339],[11.65711693,48.11804324],[11.65722023,48.11801791],[11.65720252,48.11798082],[11.65712726,48.11799439],[11.65700921,48.11790845]],[[11.65764521,48.11864845],[11.65770866,48.11877239],[11.65785032,48.11873349],[11.65781638,48.1186376],[11.65767915,48.11861769],[11.65764521,48.11864845]],[[11.65855273,48.12072462],[11.65857339,48.12075538],[11.65861766,48.12074181],[11.65859552,48.12071105],[11.65855273,48.12072462]],[[11.6592994,48.12007961],[11.65935695,48.12014927],[11.659475,48.12018183],[11.65958272,48.12014474],[11.65956649,48.12001086],[11.6592994,48.12007961]],[[11.65964027,48.12028587],[11.65989261,48.12040257],[11.66008887,48.12033201],[11.66005345,48.1201746],[11.65991622,48.11997919],[11.65970373,48.11999457],[11.65972438,48.12020988],[11.65964027,48.12028587]],[[11.66054779,48.12156233],[11.66061272,48.12166908],[11.66082078,48.12159671],[11.66075881,48.12150081],[11.66054779,48.12156233]]]},"properties":{"id":"munich:osm:relation:6519737","name":"Bajuwarenpark","nameAddon":null,"objectNumber":"munich:osm:relation:6519737","district":"München","locality":null,"type":"Park","areaM2":27001.8,"areaHa":2.7,"designation":null,"dedicated":null,"builtYear":null,"renovatedYear":null,"planningAreaId":null,"planningAreaName":null,"centroid":[11.658477,48.119551],"bounds":[11.65571,48.11721,11.6618,48.12174],"amenities":{},"sourceId":"parks"}},{"type":"Feature","id":"munich:osm:relation:6519738","geometry":{"type":"Polygon","coordinates":[[[11.65348834,48.11824407],[11.65387496,48.1181129],[11.65392513,48.11812014],[11.65419517,48.11847386],[11.65375691,48.11861136],[11.65348834,48.11824407]],[[11.65363886,48.11836349],[11.65376281,48.11851095],[11.65401662,48.11841867],[11.65365509,48.11831102],[11.65363886,48.11836349]]]},"properties":{"id":"munich:osm:relation:6519738","name":"Unbenannter Park 6519738","nameAddon":null,"objectNumber":"munich:osm:relation:6519738","district":"München","locality":null,"type":"Park","areaM2":1314.7,"areaHa":0.13,"designation":null,"dedicated":null,"builtYear":null,"renovatedYear":null,"planningAreaId":null,"planningAreaName":null,"centroid":[11.653848,48.118347],"bounds":[11.65349,48.11811,11.6542,48.11861],"amenities":{},"sourceId":"parks"}},{"type":"Feature","id":"munich:osm:relation:6519739","geometry":{"type":"Polygon","coordinates":[[[11.66180208,48.1150579],[11.66320099,48.11449973],[11.66404948,48.11403202],[11.66508538,48.11361046],[11.66533476,48.11388909],[11.66589845,48.11386286],[11.66621129,48.11390628],[11.66669087,48.11378958],[11.66745082,48.11479555],[11.66633376,48.1150977],[11.66604011,48.11474579],[11.6650957,48.11501357],[11.66550888,48.11565949],[11.66469286,48.11588746],[11.66578335,48.11757825],[11.66576269,48.11768681],[11.66522704,48.11783698],[11.66646214,48.11976389],[11.66610209,48.11987425],[11.66477844,48.11795368],[11.6645689,48.11801429],[11.6647873,48.11788312],[11.66476516,48.11782613],[11.66456152,48.11783427],[11.66468105,48.11778451],[11.66344594,48.11602225],[11.66340758,48.11603582],[11.6632305,48.11578614],[11.66327624,48.11577257],[11.66268599,48.11492582],[11.66194669,48.1152325],[11.66191128,48.11518907],[11.66180208,48.1150579]],[[11.6647268,48.11413154],[11.66477106,48.1142021],[11.66497618,48.11416229],[11.66503668,48.1140863],[11.6649806,48.11400398],[11.66489944,48.11397955],[11.66476073,48.11402479],[11.6647268,48.11413154]],[[11.66509718,48.11426361],[11.66527868,48.11433961],[11.6653082,48.11426452],[11.66521671,48.11420481],[11.66513555,48.11422472],[11.66509718,48.11426361]]]},"properties":{"id":"munich:osm:relation:6519739","name":"Feldbergpark","nameAddon":null,"objectNumber":"munich:osm:relation:6519739","district":"München","locality":null,"type":"Park","areaM2":80690,"areaHa":8.07,"designation":null,"dedicated":null,"builtYear":null,"renovatedYear":null,"planningAreaId":null,"planningAreaName":null,"centroid":[11.664816,48.115689],"bounds":[11.6618,48.11361,11.66745,48.11987],"amenities":{},"sourceId":"parks"}},{"type":"Feature","id":"munich:osm:relation:7918531","geometry":{"type":"Polygon","coordinates":[[[11.45435992,48.14401393],[11.45477752,48.14391894],[11.45564815,48.14380224],[11.45585917,48.14443369],[11.45534122,48.14442917],[11.45544894,48.14473313],[11.45581785,48.14560521],[11.45613658,48.14588384],[11.45645532,48.14627284],[11.4566324,48.14637869],[11.4562384,48.14640492],[11.45564372,48.14565859],[11.45558175,48.14567487],[11.45522612,48.14502714],[11.45443222,48.14410982],[11.45435992,48.14401393]]]},"properties":{"id":"munich:osm:relation:7918531","name":"Unbenannter Park 7918531","nameAddon":null,"objectNumber":"munich:osm:relation:7918531","district":"München","locality":null,"type":"Park","areaM2":11672.1,"areaHa":1.17,"designation":null,"dedicated":null,"builtYear":null,"renovatedYear":null,"planningAreaId":null,"planningAreaName":null,"centroid":[11.455381,48.144741],"bounds":[11.45436,48.1438,11.45663,48.1464],"amenities":{},"sourceId":"parks"}},{"type":"Feature","id":"munich:osm:way:100053726","geometry":{"type":"Polygon","coordinates":[[[11.46253052,48.17776009],[11.46284336,48.17730776],[11.46382466,48.17746969],[11.46569576,48.17761263],[11.46572528,48.17763886],[11.46566035,48.17781256],[11.4646097,48.17766238],[11.46415225,48.1777049],[11.46365201,48.17783065],[11.46351477,48.17809481],[11.46310455,48.17795459],[11.46253052,48.17776009]]]},"properties":{"id":"munich:osm:way:100053726","name":"Unbenannter Park 100053726","nameAddon":null,"objectNumber":"munich:osm:way:100053726","district":"München","locality":null,"type":"Park","areaM2":7964.2,"areaHa":0.8,"designation":null,"dedicated":null,"builtYear":null,"renovatedYear":null,"planningAreaId":null,"planningAreaName":null,"centroid":[11.463748,48.177657],"bounds":[11.46253,48.17731,11.46573,48.17809],"amenities":{},"sourceId":"parks"}},{"type":"Feature","id":"munich:osm:way:1001372604","geometry":{"type":"Polygon","coordinates":[[[11.59922177,48.12283608],[11.59925571,48.12277999],[11.59949034,48.12280351],[11.59944902,48.12286141],[11.59922177,48.12283608]]]},"properties":{"id":"munich:osm:way:1001372604","name":"Unbenannter Park 1001372604","nameAddon":null,"objectNumber":"munich:osm:way:1001372604","district":"München","locality":null,"type":"Park","areaM2":159.1,"areaHa":0.02,"designation":null,"dedicated":null,"builtYear":null,"renovatedYear":null,"planningAreaId":null,"planningAreaName":null,"centroid":[11.599355,48.12282],"bounds":[11.59922,48.12278,11.59949,48.12286],"amenities":{},"sourceId":"parks"}},{"type":"Feature","id":"munich:osm:way:10053878","geometry":{"type":"Polygon","coordinates":[[[11.53834287,48.16852452],[11.5384565,48.16850009],[11.53835763,48.16813914],[11.54081161,48.16878325],[11.54390012,48.16966166],[11.54549381,48.16768229],[11.54679532,48.16625656],[11.54824883,48.16488692],[11.54982481,48.16305953],[11.55067773,48.16225529],[11.55074265,48.1621015],[11.55074856,48.16149629],[11.55155721,48.16172155],[11.55266393,48.16171612],[11.5527687,48.16473946],[11.55285429,48.16559797],[11.55311105,48.16649177],[11.55333387,48.16683463],[11.55365261,48.16725891],[11.55409825,48.16765877],[11.55483165,48.16814456],[11.55610069,48.16862855],[11.55591624,48.1689307],[11.5558941,48.16913244],[11.55647403,48.16932151],[11.55683704,48.16935318],[11.55681195,48.16946807],[11.55713512,48.16950244],[11.55705396,48.16993487],[11.55733285,48.16995748],[11.55730481,48.17010313],[11.55864027,48.17025963],[11.55840859,48.1713226],[11.56054679,48.17151167],[11.56043021,48.17300525],[11.56096292,48.17334087],[11.55985029,48.17446535],[11.55827136,48.17578071],[11.55801902,48.17591008],[11.55587345,48.17593269],[11.55435944,48.17599602],[11.5480024,48.17605935],[11.54775006,48.17597431],[11.54691485,48.17542066],[11.5463305,48.17513479],[11.54554103,48.17490592],[11.54487109,48.1746309],[11.54447415,48.17419848],[11.54409933,48.17358965],[11.54409933,48.17314275],[11.5442041,48.17274652],[11.54440774,48.17232405],[11.54429855,48.17214492],[11.54439741,48.17195585],[11.5446527,48.17170798],[11.54407425,48.17129727],[11.54377027,48.17117966],[11.54283766,48.17095079],[11.54254254,48.17078252],[11.5389228,48.17039624],[11.53886082,48.16990139],[11.53870293,48.16973313],[11.53844026,48.16964085],[11.53839895,48.16950425],[11.53834287,48.16852452]]]},"properties":{"id":"munich:osm:way:10053878","name":"Olympiapark","nameAddon":null,"objectNumber":"munich:osm:way:10053878","district":"München","locality":null,"type":"Park","areaM2":1261482.9,"areaHa":126.15,"designation":null,"dedicated":null,"builtYear":null,"renovatedYear":null,"planningAreaId":null,"planningAreaName":null,"centroid":[11.5508,48.170663],"bounds":[11.53834,48.1615,11.56096,48.17606],"amenities":{},"sourceId":"parks"}},{"type":"Feature","id":"munich:osm:way:1016981359","geometry":{"type":"Polygon","coordinates":[[[11.52773009,48.1462448],[11.5288678,48.14605301],[11.5290316,48.146945],[11.52813294,48.14707527],[11.52773009,48.1462448]]]},"properties":{"id":"munich:osm:way:1016981359","name":"Unbenannter Park 1016981359","nameAddon":null,"objectNumber":"munich:osm:way:1016981359","district":"München","locality":null,"type":"Park","areaM2":7630.6,"areaHa":0.76,"designation":null,"dedicated":null,"builtYear":null,"renovatedYear":null,"planningAreaId":null,"planningAreaName":null,"centroid":[11.528437,48.146562],"bounds":[11.52773,48.14605,11.52903,48.14708],"amenities":{},"sourceId":"parks"}},{"type":"Feature","id":"munich:osm:way:1016981361","geometry":{"type":"Polygon","coordinates":[[[11.52929426,48.14657228],[11.52940346,48.14656324],[11.52944625,48.14679935],[11.52933558,48.1468084],[11.52929426,48.14657228]]]},"properties":{"id":"munich:osm:way:1016981361","name":"Unbenannter Park 1016981361","nameAddon":null,"objectNumber":"munich:osm:way:1016981361","district":"München","locality":null,"type":"Park","areaM2":217.3,"areaHa":0.02,"designation":null,"dedicated":null,"builtYear":null,"renovatedYear":null,"planningAreaId":null,"planningAreaName":null,"centroid":[11.52937,48.146686],"bounds":[11.52929,48.14656,11.52945,48.14681],"amenities":{},"sourceId":"parks"}},{"type":"Feature","id":"munich:osm:way:101972286","geometry":{"type":"Polygon","coordinates":[[[11.57979205,48.0932495],[11.57979796,48.09312737],[11.57992339,48.09302967],[11.58011374,48.09300977],[11.5802554,48.09306224],[11.57990568,48.09338339],[11.57979205,48.0932495]]]},"properties":{"id":"munich:osm:way:101972286","name":"Unbenannter Park 101972286","nameAddon":null,"objectNumber":"munich:osm:way:101972286","district":"München","locality":null,"type":"Park","areaM2":810.3,"areaHa":0.08,"designation":null,"dedicated":null,"builtYear":null,"renovatedYear":null,"planningAreaId":null,"planningAreaName":null,"centroid":[11.579983,48.093162],"bounds":[11.57979,48.09301,11.58026,48.09338],"amenities":{},"sourceId":"parks"}},{"type":"Feature","id":"munich:osm:way:1026499404","geometry":{"type":"Polygon","coordinates":[[[11.60529402,48.11052922],[11.6053132,48.11011851],[11.60563194,48.11010042],[11.60601118,48.11020445],[11.60586952,48.11063778],[11.60535452,48.11058802],[11.60529402,48.11052922]]]},"properties":{"id":"munich:osm:way:1026499404","name":"Unbenannter Park 1026499404","nameAddon":null,"objectNumber":"munich:osm:way:1026499404","district":"München","locality":null,"type":"Park","areaM2":2568,"areaHa":0.26,"designation":null,"dedicated":null,"builtYear":null,"renovatedYear":null,"planningAreaId":null,"planningAreaName":null,"centroid":[11.605624,48.110362],"bounds":[11.60529,48.1101,11.60601,48.11064],"amenities":{},"sourceId":"parks"}},{"type":"Feature","id":"munich:osm:way:102845797","geometry":{"type":"Polygon","coordinates":[[[11.61152269,48.13036276],[11.6116068,48.13031482],[11.61164516,48.13034829],[11.61251727,48.1298453],[11.61258662,48.12999095],[11.61213212,48.13026687],[11.6126486,48.13056722],[11.61242725,48.1305844],[11.61215721,48.13075448],[11.61162451,48.13037633],[11.61156253,48.13039171],[11.61152269,48.13036276]]]},"properties":{"id":"munich:osm:way:102845797","name":"Unbenannter Park 102845797","nameAddon":null,"objectNumber":"munich:osm:way:102845797","district":"München","locality":null,"type":"Park","areaM2":3070.4,"areaHa":0.31,"designation":null,"dedicated":null,"builtYear":null,"renovatedYear":null,"planningAreaId":null,"planningAreaName":null,"centroid":[11.612136,48.130353],"bounds":[11.61152,48.12985,11.61265,48.13075],"amenities":{},"sourceId":"parks"}},{"type":"Feature","id":"munich:osm:way:102858066","geometry":{"type":"Polygon","coordinates":[[[11.5066329,48.18614529],[11.50686162,48.18564049],[11.50690147,48.18561697],[11.50703722,48.18564321],[11.50707116,48.18568301],[11.50684834,48.18618509],[11.5066329,48.18614529]]]},"properties":{"id":"munich:osm:way:102858066","name":"Unbenannter Park 102858066","nameAddon":null,"objectNumber":"munich:osm:way:102858066","district":"München","locality":null,"type":"Park","areaM2":1114.7,"areaHa":0.11,"designation":null,"dedicated":null,"builtYear":null,"renovatedYear":null,"planningAreaId":null,"planningAreaName":null,"centroid":[11.506858,48.185902],"bounds":[11.50663,48.18562,11.50707,48.18619],"amenities":{},"sourceId":"parks"}},{"type":"Feature","id":"munich:osm:way:102946305","geometry":{"type":"Polygon","coordinates":[[[11.62703606,48.14052379],[11.62706115,48.13985435],[11.62712017,48.13944907],[11.62718215,48.13937941],[11.62770305,48.13924552],[11.62836709,48.13916863],[11.62849547,48.13973765],[11.62823576,48.13992401],[11.62825494,48.14017188],[11.62776503,48.14019721],[11.62785947,48.14049756],[11.62703606,48.14052379]]]},"properties":{"id":"munich:osm:way:102946305","name":"Unbenannter Park 102946305","nameAddon":null,"objectNumber":"munich:osm:way:102946305","district":"München","locality":null,"type":"Park","areaM2":11936,"areaHa":1.19,"designation":null,"dedicated":null,"builtYear":null,"renovatedYear":null,"planningAreaId":null,"planningAreaName":null,"centroid":[11.627698,48.139823],"bounds":[11.62704,48.13917,11.6285,48.14052],"amenities":{},"sourceId":"parks"}},{"type":"Feature","id":"munich:osm:way:1030256668","geometry":{"type":"Polygon","coordinates":[[[11.39793892,48.18112448],[11.39795368,48.18093179],[11.3981278,48.18065135],[11.39858525,48.18038176],[11.39874757,48.18037724],[11.39884053,48.18048489],[11.39878889,48.18059616],[11.39850851,48.18077709],[11.39810271,48.18115071],[11.39800532,48.18116338],[11.39793892,48.18112448]]]},"properties":{"id":"munich:osm:way:1030256668","name":"Unbenannter Park 1030256668","nameAddon":null,"objectNumber":"munich:osm:way:1030256668","district":"München","locality":null,"type":"Park","areaM2":2652.2,"areaHa":0.27,"designation":null,"dedicated":null,"builtYear":null,"renovatedYear":null,"planningAreaId":null,"planningAreaName":null,"centroid":[11.39835,48.180737],"bounds":[11.39794,48.18038,11.39884,48.18116],"amenities":{},"sourceId":"parks"}},{"type":"Feature","id":"munich:osm:way:1030277589","geometry":{"type":"Polygon","coordinates":[[[11.40719412,48.17990049],[11.40721625,48.17966618],[11.4072797,48.17962547],[11.40749515,48.17964628],[11.40742432,48.17990049],[11.40719412,48.17990049]]]},"properties":{"id":"munich:osm:way:1030277589","name":"Unbenannter Park 1030277589","nameAddon":null,"objectNumber":"munich:osm:way:1030277589","district":"München","locality":null,"type":"Park","areaM2":568.6,"areaHa":0.06,"designation":null,"dedicated":null,"builtYear":null,"renovatedYear":null,"planningAreaId":null,"planningAreaName":null,"centroid":[11.407334,48.179765],"bounds":[11.40719,48.17963,11.4075,48.1799],"amenities":{},"sourceId":"parks"}},{"type":"Feature","id":"munich:osm:way:103307227","geometry":{"type":"Polygon","coordinates":[[[11.4995646,48.11768591],[11.50118189,48.11750498],[11.50118337,48.11773385],[11.49963395,48.11790935],[11.4995646,48.11768591]]]},"properties":{"id":"munich:osm:way:103307227","name":"Unbenannter Park 103307227","nameAddon":null,"objectNumber":"munich:osm:way:103307227","district":"München","locality":null,"type":"Park","areaM2":3012.2,"areaHa":0.3,"designation":null,"dedicated":null,"builtYear":null,"renovatedYear":null,"planningAreaId":null,"planningAreaName":null,"centroid":[11.50039,48.117708],"bounds":[11.49956,48.1175,11.50118,48.11791],"amenities":{},"sourceId":"parks"}},{"type":"Feature","id":"munich:osm:way:103307230","geometry":{"type":"Polygon","coordinates":[[[11.49716964,48.11495477],[11.49742049,48.11491134],[11.49798861,48.11630089],[11.49765955,48.11629184],[11.49716964,48.11495477]]]},"properties":{"id":"munich:osm:way:103307230","name":"Unbenannter Park 103307230","nameAddon":null,"objectNumber":"munich:osm:way:103307230","district":"München","locality":null,"type":"Park","areaM2":3342.9,"areaHa":0.33,"designation":null,"dedicated":null,"builtYear":null,"renovatedYear":null,"planningAreaId":null,"planningAreaName":null,"centroid":[11.497569,48.115637],"bounds":[11.49717,48.11491,11.49799,48.1163],"amenities":{},"sourceId":"parks"}},{"type":"Feature","id":"munich:osm:way:1033419787","geometry":{"type":"Polygon","coordinates":[[[11.57336565,48.09680025],[11.57451075,48.09531482],[11.57535038,48.09568211],[11.57416102,48.09707979],[11.57336565,48.09680025]]]},"properties":{"id":"munich:osm:way:1033419787","name":"Unbenannter Park 1033419787","nameAddon":null,"objectNumber":"munich:osm:way:1033419787","district":"München","locality":null,"type":"Park","areaM2":12897.8,"areaHa":1.29,"designation":null,"dedicated":null,"builtYear":null,"renovatedYear":null,"planningAreaId":null,"planningAreaName":null,"centroid":[11.574355,48.096205],"bounds":[11.57337,48.09531,11.57535,48.09708],"amenities":{},"sourceId":"parks"}},{"type":"Feature","id":"munich:osm:way:1033419890","geometry":{"type":"Polygon","coordinates":[[[11.593151,48.10581057],[11.59424592,48.10392618],[11.59457647,48.10401122],[11.59348302,48.1059146],[11.593151,48.10581057]]]},"properties":{"id":"munich:osm:way:1033419890","name":"Unbenannter Park 1033419890","nameAddon":null,"objectNumber":"munich:osm:way:1033419890","district":"München","locality":null,"type":"Park","areaM2":6042.9,"areaHa":0.6,"designation":null,"dedicated":null,"builtYear":null,"renovatedYear":null,"planningAreaId":null,"planningAreaName":null,"centroid":[11.593861,48.104921],"bounds":[11.59315,48.10393,11.59458,48.10591],"amenities":{},"sourceId":"parks"}},{"type":"Feature","id":"munich:osm:way:1033419891","geometry":{"type":"Polygon","coordinates":[[[11.59434627,48.10378144],[11.59509146,48.10243803],[11.59542938,48.10252488],[11.59465615,48.1038719],[11.59434627,48.10378144]]]},"properties":{"id":"munich:osm:way:1033419891","name":"Unbenannter Park 1033419891","nameAddon":null,"objectNumber":"munich:osm:way:1033419891","district":"München","locality":null,"type":"Park","areaM2":4255.2,"areaHa":0.43,"designation":null,"dedicated":null,"builtYear":null,"renovatedYear":null,"planningAreaId":null,"planningAreaName":null,"centroid":[11.594885,48.103146],"bounds":[11.59435,48.10244,11.59543,48.10387],"amenities":{},"sourceId":"parks"}},{"type":"Feature","id":"munich:osm:way:103564001","geometry":{"type":"Polygon","coordinates":[[[11.48141721,48.09408811],[11.48153821,48.09405555],[11.48160609,48.09439388],[11.48202222,48.09438484],[11.48205173,48.09444002],[11.48266412,48.09439298],[11.4827925,48.09421657],[11.48297253,48.09419396],[11.48422534,48.09314094],[11.48382545,48.09251764],[11.48384758,48.09247965],[11.48466213,48.09234304],[11.48442751,48.09176226],[11.4848215,48.09165913],[11.48525091,48.09223268],[11.48522583,48.09241903],[11.48439504,48.09315994],[11.48443046,48.09317804],[11.48367641,48.09383572],[11.48363656,48.09381491],[11.483368,48.09404559],[11.48345949,48.09409264],[11.4835554,48.09491496],[11.48330307,48.09492672],[11.48323814,48.09447983],[11.4814541,48.09455672],[11.48145262,48.09432604],[11.48141721,48.09408811]]]},"properties":{"id":"munich:osm:way:103564001","name":"Unbenannter Park 103564001","nameAddon":null,"objectNumber":"munich:osm:way:103564001","district":"München","locality":null,"type":"Park","areaM2":14916.5,"areaHa":1.49,"designation":null,"dedicated":null,"builtYear":null,"renovatedYear":null,"planningAreaId":null,"planningAreaName":null,"centroid":[11.483903,48.093234],"bounds":[11.48142,48.09166,11.48525,48.09493],"amenities":{},"sourceId":"parks"}},{"type":"Feature","id":"munich:osm:way:104284970","geometry":{"type":"Polygon","coordinates":[[[11.53133655,48.17113443],[11.53161987,48.17094807],[11.53321356,48.17110005],[11.53442948,48.17115433],[11.5344649,48.17079971],[11.53746339,48.17090646],[11.53746634,48.17096164],[11.53808464,48.17097069],[11.53796954,48.16970689],[11.53739404,48.16956305],[11.53739109,48.16943731],[11.53781017,48.16960738],[11.53806545,48.16965623],[11.53850667,48.17180206],[11.53660752,48.17183463],[11.53652194,48.17144654],[11.53468182,48.17148815],[11.53398974,48.17137688],[11.53183088,48.17143658],[11.53133655,48.17113443]]]},"properties":{"id":"munich:osm:way:104284970","name":"Unbenannter Park 104284970","nameAddon":null,"objectNumber":"munich:osm:way:104284970","district":"München","locality":null,"type":"Park","areaM2":34939.6,"areaHa":3.49,"designation":null,"dedicated":null,"builtYear":null,"renovatedYear":null,"planningAreaId":null,"planningAreaName":null,"centroid":[11.535788,48.171199],"bounds":[11.53134,48.16944,11.53851,48.17183],"amenities":{},"sourceId":"parks"}},{"type":"Feature","id":"munich:osm:way:104359645","geometry":{"type":"Polygon","coordinates":[[[11.50046326,48.12240637],[11.50050605,48.12233852],[11.50123649,48.12218563],[11.50126748,48.12289307],[11.50118632,48.12293921],[11.50105204,48.12292926],[11.50046326,48.12240637]]]},"properties":{"id":"munich:osm:way:104359645","name":"Neufriedenheimer Platz","nameAddon":null,"objectNumber":"munich:osm:way:104359645","district":"München","locality":null,"type":"Park","areaM2":3161.4,"areaHa":0.32,"designation":null,"dedicated":null,"builtYear":null,"renovatedYear":null,"planningAreaId":null,"planningAreaName":null,"centroid":[11.500965,48.122533],"bounds":[11.50046,48.12219,11.50127,48.12294],"amenities":{},"sourceId":"parks"}},{"type":"Feature","id":"munich:osm:way:105208792","geometry":{"type":"Polygon","coordinates":[[[11.48127259,48.11140764],[11.48144229,48.11074724],[11.48318354,48.11096617],[11.48309648,48.11163561],[11.48127259,48.11140764]]]},"properties":{"id":"munich:osm:way:105208792","name":"Unbenannter Park 105208792","nameAddon":null,"objectNumber":"munich:osm:way:105208792","district":"München","locality":null,"type":"Park","areaM2":10061,"areaHa":1.01,"designation":null,"dedicated":null,"builtYear":null,"renovatedYear":null,"planningAreaId":null,"planningAreaName":null,"centroid":[11.482248,48.111192],"bounds":[11.48127,48.11075,11.48318,48.11164],"amenities":{},"sourceId":"parks"}},{"type":"Feature","id":"munich:osm:way:10529376","geometry":{"type":"Polygon","coordinates":[[[11.5919277,48.17852904],[11.59258878,48.17824679],[11.5922243,48.17787226],[11.59271864,48.17765696],[11.597088,48.18210874],[11.59693749,48.18217116],[11.59676631,48.18199204],[11.59638117,48.18218835],[11.59267289,48.17832368],[11.5920059,48.17860232],[11.5919277,48.17852904]]]},"properties":{"id":"munich:osm:way:10529376","name":"Unbenannter Park 10529376","nameAddon":null,"objectNumber":"munich:osm:way:10529376","district":"München","locality":null,"type":"Park","areaM2":26542.1,"areaHa":2.65,"designation":null,"dedicated":null,"builtYear":null,"renovatedYear":null,"planningAreaId":null,"planningAreaName":null,"centroid":[11.594577,48.179942],"bounds":[11.59193,48.17766,11.59709,48.18219],"amenities":{},"sourceId":"parks"}},{"type":"Feature","id":"munich:osm:way:105690840","geometry":{"type":"Polygon","coordinates":[[[11.59763841,48.16998733],[11.59824195,48.1698046],[11.59864775,48.1697476],[11.59901076,48.16976027],[11.5997471,48.17092998],[11.59955084,48.1709725],[11.59928522,48.170778],[11.597966,48.17044871],[11.5977727,48.17020174],[11.59763841,48.16998733]]]},"properties":{"id":"munich:osm:way:105690840","name":"Unbenannter Park 105690840","nameAddon":null,"objectNumber":"munich:osm:way:105690840","district":"München","locality":null,"type":"Park","areaM2":10852,"areaHa":1.09,"designation":null,"dedicated":null,"builtYear":null,"renovatedYear":null,"planningAreaId":null,"planningAreaName":null,"centroid":[11.598693,48.170267],"bounds":[11.59764,48.16975,11.59975,48.17097],"amenities":{},"sourceId":"parks"}},{"type":"Feature","id":"munich:osm:way:1066280158","geometry":{"type":"Polygon","coordinates":[[[11.43578164,48.15010313],[11.43610776,48.1500968],[11.43613137,48.14991768],[11.43620515,48.14991677],[11.43617859,48.14981183],[11.43612399,48.14981183],[11.43612399,48.14969513],[11.43618449,48.1496101],[11.43623761,48.1496101],[11.43621253,48.14950425],[11.43631877,48.14950425],[11.43631877,48.14940112],[11.43619482,48.14940112],[11.43619482,48.14930342],[11.4362745,48.14930342],[11.4362745,48.14923105],[11.43618744,48.14919758],[11.43622286,48.14883843],[11.43590264,48.14883843],[11.43590264,48.14878958],[11.43578902,48.14878958],[11.43578902,48.14752759],[11.43682344,48.14769767],[11.43682197,48.14821694],[11.43706692,48.14904831],[11.43700937,48.14933146],[11.43700495,48.1499231],[11.43728236,48.15006694],[11.43604135,48.15039262],[11.43590264,48.15037724],[11.43578459,48.1501547],[11.43578164,48.15010313]]]},"properties":{"id":"munich:osm:way:1066280158","name":"Unbenannter Park 1066280158","nameAddon":null,"objectNumber":"munich:osm:way:1066280158","district":"München","locality":null,"type":"Park","areaM2":21617.2,"areaHa":2.16,"designation":null,"dedicated":null,"builtYear":null,"renovatedYear":null,"planningAreaId":null,"planningAreaName":null,"centroid":[11.436439,48.148919],"bounds":[11.43578,48.14753,11.43728,48.15039],"amenities":{},"sourceId":"parks"}},{"type":"Feature","id":"munich:osm:way:10676646","geometry":{"type":"Polygon","coordinates":[[[11.57543007,48.19645468],[11.57619297,48.19640583],[11.576252,48.19842862],[11.5761974,48.19929347],[11.57552008,48.19926904],[11.57553336,48.19715397],[11.57543007,48.19645468]]]},"properties":{"id":"munich:osm:way:10676646","name":"Aussiger Platz","nameAddon":null,"objectNumber":"munich:osm:way:10676646","district":"München","locality":null,"type":"Park","areaM2":16793.8,"areaHa":1.68,"designation":null,"dedicated":null,"builtYear":null,"renovatedYear":null,"planningAreaId":null,"planningAreaName":null,"centroid":[11.575871,48.197847],"bounds":[11.57543,48.19641,11.57625,48.19929],"amenities":{},"sourceId":"parks"}},{"type":"Feature","id":"munich:osm:way:107303830","geometry":{"type":"Polygon","coordinates":[[[11.5311034,48.17761715],[11.53208027,48.17761082],[11.53208617,48.1777619],[11.53180432,48.1777619],[11.53136311,48.17769405],[11.5311034,48.17765062],[11.5311034,48.17761715]]]},"properties":{"id":"munich:osm:way:107303830","name":"Unbenannter Park 107303830","nameAddon":null,"objectNumber":"munich:osm:way:107303830","district":"München","locality":null,"type":"Park","areaM2":896.4,"areaHa":0.09,"designation":null,"dedicated":null,"builtYear":null,"renovatedYear":null,"planningAreaId":null,"planningAreaName":null,"centroid":[11.531691,48.177675],"bounds":[11.5311,48.17761,11.53209,48.17776],"amenities":{},"sourceId":"parks"}},{"type":"Feature","id":"munich:osm:way:107303831","geometry":{"type":"Polygon","coordinates":[[[11.53111963,48.17709336],[11.53114324,48.17676678],[11.53201681,48.1767505],[11.53203157,48.17707165],[11.53111963,48.17709336]]]},"properties":{"id":"munich:osm:way:107303831","name":"Unbenannter Park 107303831","nameAddon":null,"objectNumber":"munich:osm:way:107303831","district":"München","locality":null,"type":"Park","areaM2":2390.8,"areaHa":0.24,"designation":null,"dedicated":null,"builtYear":null,"renovatedYear":null,"planningAreaId":null,"planningAreaName":null,"centroid":[11.531577,48.176922],"bounds":[11.53112,48.17675,11.53203,48.17709],"amenities":{},"sourceId":"parks"}},{"type":"Feature","id":"munich:osm:way:107303832","geometry":{"type":"Polygon","coordinates":[[[11.53229866,48.17760177],[11.53306157,48.17759001],[11.53306599,48.17772209],[11.53230309,48.17773476],[11.53229866,48.17760177]]]},"properties":{"id":"munich:osm:way:107303832","name":"Unbenannter Park 107303832","nameAddon":null,"objectNumber":"munich:osm:way:107303832","district":"München","locality":null,"type":"Park","areaM2":834.9,"areaHa":0.08,"designation":null,"dedicated":null,"builtYear":null,"renovatedYear":null,"planningAreaId":null,"planningAreaName":null,"centroid":[11.532682,48.177662],"bounds":[11.5323,48.17759,11.53307,48.17773],"amenities":{},"sourceId":"parks"}},{"type":"Feature","id":"munich:osm:way:107303843","geometry":{"type":"Polygon","coordinates":[[[11.53292876,48.17673512],[11.53408861,48.17671431],[11.53409304,48.17703094],[11.53293466,48.17705175],[11.53292876,48.17676316],[11.53292876,48.17673512]]]},"properties":{"id":"munich:osm:way:107303843","name":"Unbenannter Park 107303843","nameAddon":null,"objectNumber":"munich:osm:way:107303843","district":"München","locality":null,"type":"Park","areaM2":3033,"areaHa":0.3,"designation":null,"dedicated":null,"builtYear":null,"renovatedYear":null,"planningAreaId":null,"planningAreaName":null,"centroid":[11.533511,48.176883],"bounds":[11.53293,48.17671,11.53409,48.17705],"amenities":{},"sourceId":"parks"}},{"type":"Feature","id":"munich:osm:way:107303844","geometry":{"type":"Polygon","coordinates":[[[11.53416682,48.1775484],[11.53479544,48.17753754],[11.53450769,48.17763525],[11.53416977,48.17771305],[11.53416682,48.1775484]]]},"properties":{"id":"munich:osm:way:107303844","name":"Unbenannter Park 107303844","nameAddon":null,"objectNumber":"munich:osm:way:107303844","district":"München","locality":null,"type":"Park","areaM2":498.1,"areaHa":0.05,"designation":null,"dedicated":null,"builtYear":null,"renovatedYear":null,"planningAreaId":null,"planningAreaName":null,"centroid":[11.534388,48.177602],"bounds":[11.53417,48.17754,11.5348,48.17771],"amenities":{},"sourceId":"parks"}},{"type":"Feature","id":"munich:osm:way:107303845","geometry":{"type":"Polygon","coordinates":[[[11.53015308,48.18166908],[11.53018407,48.18140583],[11.53085696,48.18145287],[11.530885,48.18119052],[11.53200058,48.18129274],[11.5319327,48.18197123],[11.53179842,48.18197756],[11.53177481,48.18201194],[11.53041427,48.18195585],[11.53042608,48.18182739],[11.53035082,48.18182558],[11.5303523,48.18167632],[11.53015308,48.18166908]]]},"properties":{"id":"munich:osm:way:107303845","name":"Unbenannter Park 107303845","nameAddon":null,"objectNumber":"munich:osm:way:107303845","district":"München","locality":null,"type":"Park","areaM2":9396,"areaHa":0.94,"designation":null,"dedicated":null,"builtYear":null,"renovatedYear":null,"planningAreaId":null,"planningAreaName":null,"centroid":[11.531175,48.181628],"bounds":[11.53015,48.18119,11.532,48.18201],"amenities":{},"sourceId":"parks"}},{"type":"Feature","id":"munich:osm:way:107303847","geometry":{"type":"Polygon","coordinates":[[[11.53322536,48.17758458],[11.53399712,48.17757373],[11.53400155,48.17770671],[11.53322979,48.17771847],[11.53322536,48.17758458]]]},"properties":{"id":"munich:osm:way:107303847","name":"Unbenannter Park 107303847","nameAddon":null,"objectNumber":"munich:osm:way:107303847","district":"München","locality":null,"type":"Park","areaM2":850.3,"areaHa":0.09,"designation":null,"dedicated":null,"builtYear":null,"renovatedYear":null,"planningAreaId":null,"planningAreaName":null,"centroid":[11.533613,48.177646],"bounds":[11.53323,48.17757,11.534,48.17772],"amenities":{},"sourceId":"parks"}},{"type":"Feature","id":"munich:osm:way:1073146758","geometry":{"type":"Polygon","coordinates":[[[11.61140168,48.12652434],[11.61151383,48.12644834],[11.6115581,48.12647729],[11.61144595,48.12655328],[11.61140168,48.12652434]]]},"properties":{"id":"munich:osm:way:1073146758","name":"Unbenannter Park 1073146758","nameAddon":null,"objectNumber":"munich:osm:way:1073146758","district":"München","locality":null,"type":"Park","areaM2":54.9,"areaHa":0.01,"designation":null,"dedicated":null,"builtYear":null,"renovatedYear":null,"planningAreaId":null,"planningAreaName":null,"centroid":[11.61148,48.126501],"bounds":[11.6114,48.12645,11.61156,48.12655],"amenities":{},"sourceId":"parks"}},{"type":"Feature","id":"munich:osm:way:1077757751","geometry":{"type":"Polygon","coordinates":[[[11.60960436,48.12709788],[11.609656,48.12706351],[11.60980652,48.12716302],[11.60975487,48.12719739],[11.60960436,48.12709788]]]},"properties":{"id":"munich:osm:way:1077757751","name":"Unbenannter Park 1077757751","nameAddon":null,"objectNumber":"munich:osm:way:1077757751","district":"München","locality":null,"type":"Park","areaM2":86.8,"areaHa":0.01,"designation":null,"dedicated":null,"builtYear":null,"renovatedYear":null,"planningAreaId":null,"planningAreaName":null,"centroid":[11.609705,48.12713],"bounds":[11.6096,48.12706,11.60981,48.1272],"amenities":{},"sourceId":"parks"}},{"type":"Feature","id":"munich:osm:way:1077757753","geometry":{"type":"Polygon","coordinates":[[[11.61049859,48.12690157],[11.61053991,48.12687353],[11.6106919,48.12697576],[11.61065058,48.1270038],[11.61049859,48.12690157]]]},"properties":{"id":"munich:osm:way:1077757753","name":"Unbenannter Park 1077757753","nameAddon":null,"objectNumber":"munich:osm:way:1077757753","district":"München","locality":null,"type":"Park","areaM2":70.4,"areaHa":0.01,"designation":null,"dedicated":null,"builtYear":null,"renovatedYear":null,"planningAreaId":null,"planningAreaName":null,"centroid":[11.610595,48.126939],"bounds":[11.6105,48.12687,11.61069,48.127],"amenities":{},"sourceId":"parks"}},{"type":"Feature","id":"munich:osm:way:108069036","geometry":{"type":"Polygon","coordinates":[[[11.57755646,48.11667451],[11.57853776,48.1165379],[11.5786204,48.11680478],[11.57764057,48.11694138],[11.57755646,48.11667451]]]},"properties":{"id":"munich:osm:way:108069036","name":"Unbenannter Park 108069036","nameAddon":null,"objectNumber":"munich:osm:way:108069036","district":"München","locality":null,"type":"Park","areaM2":2262.2,"areaHa":0.23,"designation":null,"dedicated":null,"builtYear":null,"renovatedYear":null,"planningAreaId":null,"planningAreaName":null,"centroid":[11.578089,48.11674],"bounds":[11.57756,48.11654,11.57862,48.11694],"amenities":{},"sourceId":"parks"}},{"type":"Feature","id":"munich:osm:way:108295443","geometry":{"type":"Polygon","coordinates":[[[11.57706655,48.1161869],[11.57714919,48.11611996],[11.57738381,48.11609734],[11.57730118,48.11629274],[11.5772938,48.11664194],[11.57763172,48.11760449],[11.57774239,48.11817442],[11.57791062,48.1184232],[11.57809507,48.1185806],[11.57840348,48.11870635],[11.57999422,48.11913515],[11.58155249,48.11946173],[11.58180187,48.11947621],[11.58189336,48.1194156],[11.58213537,48.11961191],[11.58206011,48.11977836],[11.58055201,48.11950154],[11.57923574,48.11919938],[11.57734987,48.11869369],[11.57710049,48.11643025],[11.57706655,48.1161869]]]},"properties":{"id":"munich:osm:way:108295443","name":"Unbenannter Park 108295443","nameAddon":null,"objectNumber":"munich:osm:way:108295443","district":"München","locality":null,"type":"Park","areaM2":16825.6,"areaHa":1.68,"designation":null,"dedicated":null,"builtYear":null,"renovatedYear":null,"planningAreaId":null,"planningAreaName":null,"centroid":[11.578762,48.118503],"bounds":[11.57707,48.1161,11.58214,48.11978],"amenities":{},"sourceId":"parks"}},{"type":"Feature","id":"munich:osm:way:1083593329","geometry":{"type":"Polygon","coordinates":[[[11.61005295,48.12565406],[11.6102138,48.12554731],[11.61089554,48.12600235],[11.61073617,48.1261091],[11.61041743,48.12589651],[11.61005295,48.12565406]]]},"properties":{"id":"munich:osm:way:1083593329","name":"Unbenannter Park 1083593329","nameAddon":null,"objectNumber":"munich:osm:way:1083593329","district":"München","locality":null,"type":"Park","areaM2":1205.1,"areaHa":0.12,"designation":null,"dedicated":null,"builtYear":null,"renovatedYear":null,"planningAreaId":null,"planningAreaName":null,"centroid":[11.610474,48.125828],"bounds":[11.61005,48.12555,11.6109,48.12611],"amenities":{},"sourceId":"parks"}},{"type":"Feature","id":"munich:osm:way:1084077512","geometry":{"type":"Polygon","coordinates":[[[11.45330631,48.16146644],[11.45356012,48.16016736],[11.45382869,48.16024064],[11.45389657,48.16014927],[11.45377114,48.15995477],[11.45384197,48.1599602],[11.45410611,48.15874706],[11.45422563,48.15917858],[11.4542522,48.1608757],[11.45398658,48.1614981],[11.45377114,48.16177673],[11.45359259,48.16191333],[11.45341403,48.1619658],[11.4535129,48.16148724],[11.45330631,48.16146644]]]},"properties":{"id":"munich:osm:way:1084077512","name":"Unbenannter Park 1084077512","nameAddon":null,"objectNumber":"munich:osm:way:1084077512","district":"München","locality":null,"type":"Park","areaM2":12891.7,"areaHa":1.29,"designation":null,"dedicated":null,"builtYear":null,"renovatedYear":null,"planningAreaId":null,"planningAreaName":null,"centroid":[11.45386,48.16063],"bounds":[11.45331,48.15875,11.45425,48.16197],"amenities":{},"sourceId":"parks"}},{"type":"Feature","id":"munich:osm:way:1084638188","geometry":{"type":"Polygon","coordinates":[[[11.55294578,48.12376696],[11.55363933,48.12344491],[11.55431517,48.12405826],[11.55361424,48.12438393],[11.55348586,48.12432785],[11.55294578,48.12376696]]]},"properties":{"id":"munich:osm:way:1084638188","name":"Unbenannter Park 1084638188","nameAddon":null,"objectNumber":"munich:osm:way:1084638188","district":"München","locality":null,"type":"Park","areaM2":5562.7,"areaHa":0.56,"designation":null,"dedicated":null,"builtYear":null,"renovatedYear":null,"planningAreaId":null,"planningAreaName":null,"centroid":[11.55362,48.123922],"bounds":[11.55295,48.12344,11.55432,48.12438],"amenities":{},"sourceId":"parks"}},{"type":"Feature","id":"munich:osm:way:108492419","geometry":{"type":"Polygon","coordinates":[[[11.60569982,48.13206893],[11.60622072,48.13172426],[11.60667522,48.13206984],[11.60685377,48.13230867],[11.60696739,48.13264339],[11.60677851,48.13277456],[11.60632402,48.13247603],[11.60569982,48.13206893]]]},"properties":{"id":"munich:osm:way:108492419","name":"Haidenaupark","nameAddon":null,"objectNumber":"munich:osm:way:108492419","district":"München","locality":null,"type":"Park","areaM2":5038.1,"areaHa":0.5,"designation":null,"dedicated":null,"builtYear":null,"renovatedYear":null,"planningAreaId":null,"planningAreaName":null,"centroid":[11.606396,48.132231],"bounds":[11.6057,48.13172,11.60697,48.13277],"amenities":{},"sourceId":"parks"}},{"type":"Feature","id":"munich:osm:way:1086485824","geometry":{"type":"Polygon","coordinates":[[[11.47876844,48.15205536],[11.47916686,48.15137145],[11.47998289,48.15170707],[11.47949593,48.15288312],[11.4790798,48.15290483],[11.47897355,48.15261625],[11.47876844,48.15205536]]]},"properties":{"id":"munich:osm:way:1086485824","name":"Unbenannter Park 1086485824","nameAddon":null,"objectNumber":"munich:osm:way:1086485824","district":"München","locality":null,"type":"Park","areaM2":9558,"areaHa":0.96,"designation":null,"dedicated":null,"builtYear":null,"renovatedYear":null,"planningAreaId":null,"planningAreaName":null,"centroid":[11.479336,48.152127],"bounds":[11.47877,48.15137,11.47998,48.1529],"amenities":{},"sourceId":"parks"}},{"type":"Feature","id":"munich:osm:way:1086824341","geometry":{"type":"Polygon","coordinates":[[[11.46677446,48.14639587],[11.46804203,48.14622851],[11.4682191,48.14624299],[11.46851276,48.14633798],[11.46819845,48.14647006],[11.46807449,48.14644473],[11.46794168,48.14648544],[11.46787971,48.14657409],[11.4677956,48.14660394],[11.46762295,48.14660485],[11.46730716,48.14670165],[11.46707844,48.14683011],[11.46700613,48.14682287],[11.46697219,48.14676226],[11.46677446,48.14639587]]]},"properties":{"id":"munich:osm:way:1086824341","name":"Unbenannter Park 1086824341","nameAddon":null,"objectNumber":"munich:osm:way:1086824341","district":"München","locality":null,"type":"Park","areaM2":4136.6,"areaHa":0.41,"designation":null,"dedicated":null,"builtYear":null,"renovatedYear":null,"planningAreaId":null,"planningAreaName":null,"centroid":[11.467522,48.146471],"bounds":[11.46677,48.14623,11.46851,48.14683],"amenities":{},"sourceId":"parks"}},{"type":"Feature","id":"munich:osm:way:1086826436","geometry":{"type":"Polygon","coordinates":[[[11.43142113,48.1376841],[11.4326769,48.13748598],[11.43284217,48.1374326],[11.43315058,48.13714402],[11.43326568,48.1370617],[11.43333946,48.1370626],[11.43291005,48.13807671],[11.43144622,48.13779808],[11.43142113,48.1376841]]]},"properties":{"id":"munich:osm:way:1086826436","name":"Unbenannter Park 1086826436","nameAddon":null,"objectNumber":"munich:osm:way:1086826436","district":"München","locality":null,"type":"Park","areaM2":5780.6,"areaHa":0.58,"designation":null,"dedicated":null,"builtYear":null,"renovatedYear":null,"planningAreaId":null,"planningAreaName":null,"centroid":[11.432513,48.137686],"bounds":[11.43142,48.13706,11.43334,48.13808],"amenities":{},"sourceId":"parks"}},{"type":"Feature","id":"munich:osm:way:1086827542","geometry":{"type":"Polygon","coordinates":[[[11.4761964,48.15040257],[11.47632773,48.15032567],[11.47633511,48.15044418],[11.47624215,48.1504478],[11.4761964,48.15040257]]]},"properties":{"id":"munich:osm:way:1086827542","name":"Unbenannter Park 1086827542","nameAddon":null,"objectNumber":"munich:osm:way:1086827542","district":"München","locality":null,"type":"Park","areaM2":84.8,"areaHa":0.01,"designation":null,"dedicated":null,"builtYear":null,"renovatedYear":null,"planningAreaId":null,"planningAreaName":null,"centroid":[11.47628,48.150399],"bounds":[11.4762,48.15033,11.47634,48.15045],"amenities":{},"sourceId":"parks"}},{"type":"Feature","id":"munich:osm:way:1086827543","geometry":{"type":"Polygon","coordinates":[[[11.4759544,48.1504867],[11.47602965,48.15034739],[11.47614033,48.15034558],[11.47617722,48.15048127],[11.4759544,48.1504867]]]},"properties":{"id":"munich:osm:way:1086827543","name":"Unbenannter Park 1086827543","nameAddon":null,"objectNumber":"munich:osm:way:1086827543","district":"München","locality":null,"type":"Park","areaM2":189,"areaHa":0.02,"designation":null,"dedicated":null,"builtYear":null,"renovatedYear":null,"planningAreaId":null,"planningAreaName":null,"centroid":[11.476074,48.150423],"bounds":[11.47595,48.15035,11.47618,48.15049],"amenities":{},"sourceId":"parks"}},{"type":"Feature","id":"munich:osm:way:1086827544","geometry":{"type":"Polygon","coordinates":[[[11.47572862,48.15032025],[11.47593521,48.15032206],[11.47584225,48.15044418],[11.47572862,48.15043152],[11.47572862,48.15032025]]]},"properties":{"id":"munich:osm:way:1086827544","name":"Unbenannter Park 1086827544","nameAddon":null,"objectNumber":"munich:osm:way:1086827544","district":"München","locality":null,"type":"Park","areaM2":156.5,"areaHa":0.02,"designation":null,"dedicated":null,"builtYear":null,"renovatedYear":null,"planningAreaId":null,"planningAreaName":null,"centroid":[11.475812,48.150374],"bounds":[11.47573,48.15032,11.47594,48.15044],"amenities":{},"sourceId":"parks"}},{"type":"Feature","id":"munich:osm:way:10888495","geometry":{"type":"Polygon","coordinates":[[[11.63492187,48.08626018],[11.63512256,48.08599602],[11.6352893,48.08591912],[11.63659672,48.08561516],[11.63679003,48.08598516],[11.63851652,48.08557536],[11.63872016,48.08558259],[11.63884116,48.08580695],[11.63872311,48.08593541],[11.63900053,48.08648815],[11.63889281,48.08650896],[11.63870098,48.08619595],[11.63789675,48.08592274],[11.63757802,48.08589832],[11.63748653,48.08594265],[11.63669854,48.08700561],[11.63688889,48.08753302],[11.63720468,48.08764067],[11.6375426,48.08767957],[11.63823763,48.08793197],[11.63801776,48.08820517],[11.63784363,48.08828659],[11.63656868,48.08857337],[11.63643145,48.08832278],[11.63598876,48.08841958],[11.63497057,48.08648272],[11.63492187,48.08626018]]]},"properties":{"id":"munich:osm:way:10888495","name":"Perlach Park","nameAddon":null,"objectNumber":"munich:osm:way:10888495","district":"München","locality":null,"type":"Park","areaM2":45841.3,"areaHa":4.58,"designation":null,"dedicated":null,"builtYear":null,"renovatedYear":null,"planningAreaId":null,"planningAreaName":null,"centroid":[11.636542,48.086984],"bounds":[11.63492,48.08558,11.639,48.08857],"amenities":{},"sourceId":"parks"}},{"type":"Feature","id":"munich:osm:way:10888681","geometry":{"type":"Polygon","coordinates":[[[11.63761196,48.09304324],[11.63935468,48.09253935],[11.63943732,48.09268681],[11.63927943,48.09290754],[11.63980328,48.09386557],[11.63856669,48.09417496],[11.63836453,48.09465352],[11.63869212,48.09526868],[11.63849881,48.09531482],[11.63816827,48.09461191],[11.6382273,48.09423014],[11.63778461,48.09337615],[11.63761196,48.09304324]]]},"properties":{"id":"munich:osm:way:10888681","name":"Echo Park","nameAddon":null,"objectNumber":"munich:osm:way:10888681","district":"München","locality":null,"type":"Park","areaM2":20226.6,"areaHa":2.02,"designation":null,"dedicated":null,"builtYear":null,"renovatedYear":null,"planningAreaId":null,"planningAreaName":null,"centroid":[11.638685,48.093548],"bounds":[11.63761,48.09254,11.6398,48.09531],"amenities":{},"sourceId":"parks"}},{"type":"Feature","id":"munich:osm:way:10893094","geometry":{"type":"Polygon","coordinates":[[[11.62865189,48.15066401],[11.62866369,48.15011308],[11.63316143,48.1497657],[11.63317914,48.14929618],[11.63305519,48.14843948],[11.6325579,48.14681111],[11.63390811,48.14666275],[11.63405419,48.14670979],[11.63417372,48.14981364],[11.63492039,48.14972589],[11.63491302,48.15012032],[11.63512403,48.15134521],[11.63536604,48.1520427],[11.63558591,48.15224625],[11.63600204,48.15317442],[11.63370299,48.15351004],[11.63276154,48.1533861],[11.63323374,48.15127284],[11.63331342,48.15036457],[11.63220079,48.15036186],[11.62984125,48.15055093],[11.62865189,48.15066401]]]},"properties":{"id":"munich:osm:way:10893094","name":"Denninger Anger","nameAddon":null,"objectNumber":"munich:osm:way:10893094","district":"München","locality":null,"type":"Park","areaM2":116247.4,"areaHa":11.62,"designation":null,"dedicated":null,"builtYear":null,"renovatedYear":null,"planningAreaId":null,"planningAreaName":null,"centroid":[11.633468,48.150598],"bounds":[11.62865,48.14666,11.636,48.15351],"amenities":{},"sourceId":"parks"}},{"type":"Feature","id":"munich:osm:way:108938487","geometry":{"type":"Polygon","coordinates":[[[11.57639218,48.11695314],[11.57685554,48.116907],[11.57702081,48.11822779],[11.57680536,48.11818346],[11.5764217,48.11704722],[11.57639218,48.11695314]]]},"properties":{"id":"munich:osm:way:108938487","name":"Unbenannter Park 108938487","nameAddon":null,"objectNumber":"munich:osm:way:108938487","district":"München","locality":null,"type":"Park","areaM2":3667.9,"areaHa":0.37,"designation":null,"dedicated":null,"builtYear":null,"renovatedYear":null,"planningAreaId":null,"planningAreaName":null,"centroid":[11.576751,48.117484],"bounds":[11.57639,48.11691,11.57702,48.11823],"amenities":{},"sourceId":"parks"}},{"type":"Feature","id":"munich:osm:way:1089883304","geometry":{"type":"Polygon","coordinates":[[[11.42078326,48.13982812],[11.42084081,48.13980912],[11.42085262,48.13987335],[11.42080097,48.13988149],[11.42078326,48.13982812]]]},"properties":{"id":"munich:osm:way:1089883304","name":"Unbenannter Park 1089883304","nameAddon":null,"objectNumber":"munich:osm:way:1089883304","district":"München","locality":null,"type":"Park","areaM2":28.3,"areaHa":0,"designation":null,"dedicated":null,"builtYear":null,"renovatedYear":null,"planningAreaId":null,"planningAreaName":null,"centroid":[11.42082,48.139847],"bounds":[11.42078,48.13981,11.42085,48.13988],"amenities":{},"sourceId":"parks"}},{"type":"Feature","id":"munich:osm:way:1089883305","geometry":{"type":"Polygon","coordinates":[[[11.42074194,48.13991406],[11.42085557,48.13988963],[11.42084376,48.13996924],[11.42078621,48.13994572],[11.42074194,48.13991406]]]},"properties":{"id":"munich:osm:way:1089883305","name":"Unbenannter Park 1089883305","nameAddon":null,"objectNumber":"munich:osm:way:1089883305","district":"München","locality":null,"type":"Park","areaM2":39.9,"areaHa":0,"designation":null,"dedicated":null,"builtYear":null,"renovatedYear":null,"planningAreaId":null,"planningAreaName":null,"centroid":[11.420812,48.139926],"bounds":[11.42074,48.13989,11.42086,48.13997],"amenities":{},"sourceId":"parks"}},{"type":"Feature","id":"munich:osm:way:109401732","geometry":{"type":"Polygon","coordinates":[[[11.64943919,48.12563506],[11.64978006,48.12558893],[11.6498745,48.12565678],[11.64983171,48.12569477],[11.64943919,48.12566039],[11.64943919,48.12563506]]]},"properties":{"id":"munich:osm:way:109401732","name":"Unbenannter Park 109401732","nameAddon":null,"objectNumber":"munich:osm:way:109401732","district":"München","locality":null,"type":"Park","areaM2":230.8,"areaHa":0.02,"designation":null,"dedicated":null,"builtYear":null,"renovatedYear":null,"planningAreaId":null,"planningAreaName":null,"centroid":[11.64968,48.125645],"bounds":[11.64944,48.12559,11.64987,48.12569],"amenities":{},"sourceId":"parks"}},{"type":"Feature","id":"munich:osm:way:109401742","geometry":{"type":"Polygon","coordinates":[[[11.64066653,48.1302524],[11.64076687,48.13014746],[11.64336694,48.1297268],[11.6435573,48.12975122],[11.64365912,48.12985887],[11.64395277,48.12981002],[11.64402508,48.13000452],[11.64088935,48.13053284],[11.64083918,48.13052832],[11.64075211,48.13038809],[11.64066653,48.1302524]]]},"properties":{"id":"munich:osm:way:109401742","name":"Unbenannter Park 109401742","nameAddon":null,"objectNumber":"munich:osm:way:109401742","district":"München","locality":null,"type":"Park","areaM2":9984.3,"areaHa":1,"designation":null,"dedicated":null,"builtYear":null,"renovatedYear":null,"planningAreaId":null,"planningAreaName":null,"centroid":[11.642264,48.130109],"bounds":[11.64067,48.12973,11.64403,48.13053],"amenities":{},"sourceId":"parks"}},{"type":"Feature","id":"munich:osm:way:109861323","geometry":{"type":"Polygon","coordinates":[[[11.65505989,48.08415596],[11.65720842,48.08342862],[11.6574947,48.08383752],[11.65736189,48.08387914],[11.65764816,48.08431428],[11.65778687,48.08427538],[11.65794919,48.08457662],[11.65781343,48.084611],[11.65800969,48.085],[11.65815578,48.08496743],[11.65830925,48.08528768],[11.65820743,48.0853121],[11.65846124,48.08576081],[11.65832548,48.08579971],[11.6583609,48.08639226],[11.6584878,48.08639407],[11.65849223,48.08669712],[11.65836237,48.08669531],[11.65834024,48.08713769],[11.65875784,48.08713678],[11.65874161,48.08764791],[11.6588272,48.08768229],[11.66127823,48.08773114],[11.66160139,48.08776461],[11.66148777,48.08844853],[11.66151728,48.08871721],[11.65951927,48.08934413],[11.66025119,48.09109734],[11.65818825,48.09197576],[11.65774998,48.09144201],[11.65717448,48.09092274],[11.6572763,48.09088927],[11.65711988,48.09059255],[11.65721137,48.09056541],[11.65699445,48.09026144],[11.65788131,48.08997648],[11.65533436,48.0846888],[11.65505989,48.08415596]]]},"properties":{"id":"munich:osm:way:109861323","name":"Grünanlage „Im Gefilde“","nameAddon":null,"objectNumber":"munich:osm:way:109861323","district":"München","locality":null,"type":"Park","areaM2":176328.7,"areaHa":17.63,"designation":null,"dedicated":null,"builtYear":null,"renovatedYear":null,"planningAreaId":null,"planningAreaName":null,"centroid":[11.658109,48.08777],"bounds":[11.65506,48.08343,11.6616,48.09198],"amenities":{},"sourceId":"parks"}},{"type":"Feature","id":"munich:osm:way:1099683313","geometry":{"type":"Polygon","coordinates":[[[11.59999058,48.18391261],[11.60079333,48.18349285],[11.60082874,48.18370816],[11.60107075,48.18392166],[11.60039343,48.18425276],[11.60004665,48.18395965],[11.59999058,48.18391261]]]},"properties":{"id":"munich:osm:way:1099683313","name":"Unbenannter Park 1099683313","nameAddon":null,"objectNumber":"munich:osm:way:1099683313","district":"München","locality":null,"type":"Park","areaM2":3215.9,"areaHa":0.32,"designation":null,"dedicated":null,"builtYear":null,"renovatedYear":null,"planningAreaId":null,"planningAreaName":null,"centroid":[11.60054,48.183898],"bounds":[11.59999,48.18349,11.60107,48.18425],"amenities":{},"sourceId":"parks"}},{"type":"Feature","id":"munich:osm:way:1107182597","geometry":{"type":"Polygon","coordinates":[[[11.60470377,48.12391261],[11.60486313,48.12380586],[11.60499299,48.1238918],[11.60483362,48.12399855],[11.60470377,48.12391261]]]},"properties":{"id":"munich:osm:way:1107182597","name":"Unbenannter Park 1107182597","nameAddon":null,"objectNumber":"munich:osm:way:1107182597","district":"München","locality":null,"type":"Park","areaM2":228.6,"areaHa":0.02,"designation":null,"dedicated":null,"builtYear":null,"renovatedYear":null,"planningAreaId":null,"planningAreaName":null,"centroid":[11.604848,48.123902],"bounds":[11.6047,48.12381,11.60499,48.124],"amenities":{},"sourceId":"parks"}},{"type":"Feature","id":"munich:osm:way:1107183272","geometry":{"type":"Polygon","coordinates":[[[11.60356015,48.12314637],[11.60372247,48.12304777],[11.60464917,48.12366655],[11.6044898,48.12376968],[11.60397628,48.123425],[11.60356015,48.12314637]]]},"properties":{"id":"munich:osm:way:1107183272","name":"Unbenannter Park 1107183272","nameAddon":null,"objectNumber":"munich:osm:way:1107183272","district":"München","locality":null,"type":"Park","areaM2":1601.7,"areaHa":0.16,"designation":null,"dedicated":null,"builtYear":null,"renovatedYear":null,"planningAreaId":null,"planningAreaName":null,"centroid":[11.604106,48.123408],"bounds":[11.60356,48.12305,11.60465,48.12377],"amenities":{},"sourceId":"parks"}},{"type":"Feature","id":"munich:osm:way:1110123173","geometry":{"type":"Polygon","coordinates":[[[11.61033185,48.12333544],[11.61130429,48.12327031],[11.61132643,48.12337073],[11.61034513,48.12343676],[11.61033922,48.12339153],[11.61033185,48.12333544]]]},"properties":{"id":"munich:osm:way:1110123173","name":"Unbenannter Park 1110123173","nameAddon":null,"objectNumber":"munich:osm:way:1110123173","district":"München","locality":null,"type":"Park","areaM2":821,"areaHa":0.08,"designation":null,"dedicated":null,"builtYear":null,"renovatedYear":null,"planningAreaId":null,"planningAreaName":null,"centroid":[11.610827,48.123353],"bounds":[11.61033,48.12327,11.61133,48.12344],"amenities":{},"sourceId":"parks"}},{"type":"Feature","id":"munich:osm:way:111087548","geometry":{"type":"Polygon","coordinates":[[[11.67640942,48.1169459],[11.67666618,48.11668627],[11.67680636,48.11674778],[11.67655108,48.11700742],[11.67640942,48.1169459]]]},"properties":{"id":"munich:osm:way:111087548","name":"Unbenannter Park 111087548","nameAddon":null,"objectNumber":"munich:osm:way:111087548","district":"München","locality":null,"type":"Park","areaM2":432.1,"areaHa":0.04,"designation":null,"dedicated":null,"builtYear":null,"renovatedYear":null,"planningAreaId":null,"planningAreaName":null,"centroid":[11.676608,48.116847],"bounds":[11.67641,48.11669,11.67681,48.11701],"amenities":{},"sourceId":"parks"}},{"type":"Feature","id":"munich:osm:way:1114974869","geometry":{"type":"Polygon","coordinates":[[[11.42274291,48.18109372],[11.4230705,48.1810512],[11.42320331,48.18112177],[11.42315314,48.18134702],[11.42283292,48.18133526],[11.42275029,48.18119052],[11.42274291,48.18109372]]]},"properties":{"id":"munich:osm:way:1114974869","name":"Unbenannter Park 1114974869","nameAddon":null,"objectNumber":"munich:osm:way:1114974869","district":"München","locality":null,"type":"Park","areaM2":896.6,"areaHa":0.09,"designation":null,"dedicated":null,"builtYear":null,"renovatedYear":null,"planningAreaId":null,"planningAreaName":null,"centroid":[11.422978,48.1812],"bounds":[11.42274,48.18105,11.4232,48.18135],"amenities":{},"sourceId":"parks"}},{"type":"Feature","id":"munich:osm:way:111756001","geometry":{"type":"Polygon","coordinates":[[[11.56430819,48.0931898],[11.56437017,48.09218744],[11.56479663,48.09222001],[11.56471842,48.09312285],[11.56484089,48.09390537],[11.56444985,48.09397322],[11.56436869,48.09358332],[11.56430819,48.0931898]]]},"properties":{"id":"munich:osm:way:111756001","name":"Griechenplatz","nameAddon":null,"objectNumber":"munich:osm:way:111756001","district":"München","locality":null,"type":"Park","areaM2":6055.4,"areaHa":0.61,"designation":null,"dedicated":null,"builtYear":null,"renovatedYear":null,"planningAreaId":null,"planningAreaName":null,"centroid":[11.564559,48.093068],"bounds":[11.56431,48.09219,11.56484,48.09397],"amenities":{},"sourceId":"parks"}},{"type":"Feature","id":"munich:osm:way:1120518510","geometry":{"type":"Polygon","coordinates":[[[11.58484906,48.13109101],[11.58515009,48.13083861],[11.58543784,48.13099602],[11.58511025,48.13122761],[11.58507926,48.13121133],[11.58484906,48.13109101]]]},"properties":{"id":"munich:osm:way:1120518510","name":"Posthof","nameAddon":null,"objectNumber":"munich:osm:way:1120518510","district":"München","locality":null,"type":"Park","areaM2":931.7,"areaHa":0.09,"designation":null,"dedicated":null,"builtYear":null,"renovatedYear":null,"planningAreaId":null,"planningAreaName":null,"centroid":[11.585139,48.131036],"bounds":[11.58485,48.13084,11.58544,48.13123],"amenities":{},"sourceId":"parks"}},{"type":"Feature","id":"munich:osm:way:1122271559","geometry":{"type":"Polygon","coordinates":[[[11.53688789,48.17465171],[11.53752537,48.17492491],[11.53823368,48.17538719],[11.53807136,48.17535553],[11.53694249,48.17539805],[11.53688789,48.17465171]]]},"properties":{"id":"munich:osm:way:1122271559","name":"Unbenannter Park 1122271559","nameAddon":null,"objectNumber":"munich:osm:way:1122271559","district":"München","locality":null,"type":"Park","areaM2":4388.9,"areaHa":0.44,"designation":null,"dedicated":null,"builtYear":null,"renovatedYear":null,"planningAreaId":null,"planningAreaName":null,"centroid":[11.537357,48.17512],"bounds":[11.53689,48.17465,11.53823,48.1754],"amenities":{},"sourceId":"parks"}},{"type":"Feature","id":"munich:osm:way:112232721","geometry":{"type":"Polygon","coordinates":[[[11.54654742,48.20602497],[11.54667727,48.20587118],[11.54690157,48.20585308],[11.54708455,48.20505971],[11.54752429,48.20491587],[11.54803191,48.20468699],[11.54908256,48.20450697],[11.54922127,48.20443098],[11.54931424,48.20402569],[11.54955181,48.20399493],[11.55198809,48.20406278],[11.55199547,48.20415053],[11.550843,48.20434865],[11.55021438,48.20451601],[11.54981595,48.20473222],[11.54970085,48.20491858],[11.54811454,48.20501176],[11.54819275,48.20608015],[11.54762316,48.20619323],[11.54747117,48.20639316],[11.54706979,48.20647548],[11.54677614,48.20643568],[11.54674368,48.20640764],[11.54679975,48.20630812],[11.54665219,48.20619504],[11.5466876,48.2061082],[11.54654742,48.20602497]]]},"properties":{"id":"munich:osm:way:112232721","name":"Unbenannter Park 112232721","nameAddon":null,"objectNumber":"munich:osm:way:112232721","district":"München","locality":null,"type":"Park","areaM2":29005.2,"areaHa":2.9,"designation":null,"dedicated":null,"builtYear":null,"renovatedYear":null,"planningAreaId":null,"planningAreaName":null,"centroid":[11.548598,48.205068],"bounds":[11.54655,48.20399,11.552,48.20648],"amenities":{},"sourceId":"parks"}},{"type":"Feature","id":"munich:osm:way:112232724","geometry":{"type":"Polygon","coordinates":[[[11.54721883,48.21625656],[11.54727786,48.21622761],[11.5488199,48.21624299],[11.54881547,48.21628279],[11.5482385,48.21649086],[11.54800535,48.21771395],[11.54845099,48.21963362],[11.54803043,48.21960648],[11.54743575,48.21710602],[11.54721883,48.21625656]]]},"properties":{"id":"munich:osm:way:112232724","name":"Unbenannter Park 112232724","nameAddon":null,"objectNumber":"munich:osm:way:112232724","district":"München","locality":null,"type":"Park","areaM2":16642.8,"areaHa":1.66,"designation":null,"dedicated":null,"builtYear":null,"renovatedYear":null,"planningAreaId":null,"planningAreaName":null,"centroid":[11.547897,48.217569],"bounds":[11.54722,48.21623,11.54882,48.21963],"amenities":{},"sourceId":"parks"}},{"type":"Feature","id":"munich:osm:way:112505002","geometry":{"type":"Polygon","coordinates":[[[11.60181889,48.1059915],[11.60206828,48.10547404],[11.60254786,48.10557717],[11.60229848,48.10609553],[11.60181889,48.1059915]]]},"properties":{"id":"munich:osm:way:112505002","name":"Unbenannter Park 112505002","nameAddon":null,"objectNumber":"munich:osm:way:112505002","district":"München","locality":null,"type":"Park","areaM2":2273.1,"areaHa":0.23,"designation":null,"dedicated":null,"builtYear":null,"renovatedYear":null,"planningAreaId":null,"planningAreaName":null,"centroid":[11.602183,48.105785],"bounds":[11.60182,48.10547,11.60255,48.1061],"amenities":{},"sourceId":"parks"}},{"type":"Feature","id":"munich:osm:way:112869080","geometry":{"type":"Polygon","coordinates":[[[11.67523481,48.10860141],[11.67534253,48.1085028],[11.67585458,48.10824046],[11.67628546,48.10788674],[11.67655698,48.10806857],[11.67619397,48.10831554],[11.67615708,48.1084431],[11.67568488,48.10857518],[11.67554764,48.10867831],[11.67546353,48.10852542],[11.67523481,48.10860141]]]},"properties":{"id":"munich:osm:way:112869080","name":"Unbenannter Park 112869080","nameAddon":null,"objectNumber":"munich:osm:way:112869080","district":"München","locality":null,"type":"Park","areaM2":2604.2,"areaHa":0.26,"designation":null,"dedicated":null,"builtYear":null,"renovatedYear":null,"planningAreaId":null,"planningAreaName":null,"centroid":[11.675974,48.108294],"bounds":[11.67523,48.10789,11.67656,48.10868],"amenities":{},"sourceId":"parks"}},{"type":"Feature","id":"munich:osm:way:112869691","geometry":{"type":"Polygon","coordinates":[[[11.67722987,48.11272842],[11.67734792,48.11263344],[11.67757517,48.1127619],[11.67877486,48.11185363],[11.67932528,48.11218111],[11.67919837,48.112277],[11.67900064,48.1121594],[11.67804442,48.11287588],[11.67827905,48.1130152],[11.67777143,48.11339606],[11.67733169,48.11313461],[11.67757517,48.11296906],[11.67722987,48.11272842]]]},"properties":{"id":"munich:osm:way:112869691","name":"Unbenannter Park 112869691","nameAddon":null,"objectNumber":"munich:osm:way:112869691","district":"München","locality":null,"type":"Park","areaM2":7725.9,"areaHa":0.77,"designation":null,"dedicated":null,"builtYear":null,"renovatedYear":null,"planningAreaId":null,"planningAreaName":null,"centroid":[11.678161,48.112626],"bounds":[11.67723,48.11185,11.67933,48.1134],"amenities":{},"sourceId":"parks"}},{"type":"Feature","id":"munich:osm:way:1131038891","geometry":{"type":"Polygon","coordinates":[[[11.63064105,48.16205175],[11.63118113,48.16192148],[11.63153528,48.16194138],[11.63271284,48.16168446],[11.63234688,48.16088565],[11.63269366,48.16081057],[11.63313192,48.16173331],[11.63435522,48.16147277],[11.63393024,48.16055274],[11.63428144,48.16047675],[11.63476693,48.16150262],[11.63597547,48.16124661],[11.63548261,48.16021893],[11.63494548,48.16031663],[11.63492039,48.16024878],[11.63638275,48.15996562],[11.6373552,48.16184187],[11.63770935,48.16273204],[11.63823468,48.1637941],[11.63790708,48.16393613],[11.63741127,48.16405374],[11.63176843,48.16525783],[11.6316976,48.1650968],[11.63298436,48.1648064],[11.63234393,48.1635209],[11.63266267,48.16345214],[11.63319537,48.1645911],[11.63441868,48.16433508],[11.63398336,48.16345938],[11.63415011,48.16347838],[11.63433899,48.16344762],[11.63475217,48.16428352],[11.63596662,48.16401936],[11.63557853,48.1631907],[11.63590022,48.16312014],[11.63627503,48.16393794],[11.637488,48.16369369],[11.63710434,48.16284331],[11.63698186,48.16275014],[11.63653327,48.16182558],[11.63529373,48.16207889],[11.63574528,48.16300163],[11.63544572,48.16306134],[11.63495286,48.16204541],[11.63350526,48.16233852],[11.63385203,48.16310295],[11.63365872,48.16313914],[11.63363511,48.16309028],[11.63351264,48.16310476],[11.6331511,48.16231771],[11.63188353,48.16255021],[11.63231147,48.16341053],[11.63209602,48.16345667],[11.63137739,48.16210783],[11.63073844,48.16222544],[11.63064105,48.16205175]]]},"properties":{"id":"munich:osm:way:1131038891","name":"Unbenannter Park 1131038891","nameAddon":null,"objectNumber":"munich:osm:way:1131038891","district":"München","locality":null,"type":"Park","areaM2":91323.5,"areaHa":9.13,"designation":null,"dedicated":null,"builtYear":null,"renovatedYear":null,"planningAreaId":null,"planningAreaName":null,"centroid":[11.634906,48.162474],"bounds":[11.63064,48.15997,11.63823,48.16526],"amenities":{},"sourceId":"parks"}},{"type":"Feature","id":"munich:osm:way:113372857","geometry":{"type":"Polygon","coordinates":[[[11.6587726,48.1163027],[11.65879621,48.11626199],[11.6599354,48.11579338],[11.66004607,48.1158178],[11.66012281,48.11601954],[11.6589423,48.11647458],[11.6587726,48.1163027]]]},"properties":{"id":"munich:osm:way:113372857","name":"Unbenannter Park 113372857","nameAddon":null,"objectNumber":"munich:osm:way:113372857","district":"München","locality":null,"type":"Park","areaM2":3028.4,"areaHa":0.3,"designation":null,"dedicated":null,"builtYear":null,"renovatedYear":null,"planningAreaId":null,"planningAreaName":null,"centroid":[11.659467,48.116129],"bounds":[11.65877,48.11579,11.66012,48.11647],"amenities":{},"sourceId":"parks"}},{"type":"Feature","id":"munich:osm:way:113372858","geometry":{"type":"Polygon","coordinates":[[[11.66013461,48.11572372],[11.66023495,48.11571286],[11.66030283,48.11564773],[11.66165304,48.1151176],[11.66177109,48.11526054],[11.66173715,48.11531482],[11.66027627,48.11594988],[11.66022758,48.11593541],[11.66013461,48.11572372]]]},"properties":{"id":"munich:osm:way:113372858","name":"Unbenannter Park 113372858","nameAddon":null,"objectNumber":"munich:osm:way:113372858","district":"München","locality":null,"type":"Park","areaM2":3461.2,"areaHa":0.35,"designation":null,"dedicated":null,"builtYear":null,"renovatedYear":null,"planningAreaId":null,"planningAreaName":null,"centroid":[11.660929,48.115534],"bounds":[11.66013,48.11512,11.66177,48.11595],"amenities":{},"sourceId":"parks"}},{"type":"Feature","id":"munich:osm:way:113552539","geometry":{"type":"Polygon","coordinates":[[[11.68155201,48.11694681],[11.68179992,48.11677221],[11.68194158,48.11704722],[11.68225294,48.1172951],[11.68217326,48.11734123],[11.68155201,48.11694681]]]},"properties":{"id":"munich:osm:way:113552539","name":"Unbenannter Park 113552539","nameAddon":null,"objectNumber":"munich:osm:way:113552539","district":"München","locality":null,"type":"Park","areaM2":902.7,"areaHa":0.09,"designation":null,"dedicated":null,"builtYear":null,"renovatedYear":null,"planningAreaId":null,"planningAreaName":null,"centroid":[11.681872,48.117049],"bounds":[11.68155,48.11677,11.68225,48.11734],"amenities":{},"sourceId":"parks"}},{"type":"Feature","id":"munich:osm:way:113560738","geometry":{"type":"Polygon","coordinates":[[[11.6699963,48.11778542],[11.67025158,48.11774561],[11.67026191,48.11795097],[11.67020289,48.1179962],[11.67010697,48.11797358],[11.67006713,48.11788493],[11.6699963,48.11778542]]]},"properties":{"id":"munich:osm:way:113560738","name":"Unbenannter Park 113560738","nameAddon":null,"objectNumber":"munich:osm:way:113560738","district":"München","locality":null,"type":"Park","areaM2":366.3,"areaHa":0.04,"designation":null,"dedicated":null,"builtYear":null,"renovatedYear":null,"planningAreaId":null,"planningAreaName":null,"centroid":[11.670157,48.117863],"bounds":[11.67,48.11775,11.67026,48.118],"amenities":{},"sourceId":"parks"}},{"type":"Feature","id":"munich:osm:way:113565992","geometry":{"type":"Polygon","coordinates":[[[11.48074284,48.17895061],[11.48076055,48.17829383],[11.48083433,48.17824769],[11.48103206,48.17825493],[11.48114716,48.17921929],[11.48141868,48.18037181],[11.48115012,48.18039805],[11.48111175,48.18035191],[11.48091401,48.17977293],[11.48074284,48.17895061]]]},"properties":{"id":"munich:osm:way:113565992","name":"Unbenannter Park 113565992","nameAddon":null,"objectNumber":"munich:osm:way:113565992","district":"München","locality":null,"type":"Park","areaM2":5925.7,"areaHa":0.59,"designation":null,"dedicated":null,"builtYear":null,"renovatedYear":null,"planningAreaId":null,"planningAreaName":null,"centroid":[11.481027,48.179331],"bounds":[11.48074,48.17825,11.48142,48.1804],"amenities":{},"sourceId":"parks"}},{"type":"Feature","id":"munich:osm:way:114533559","geometry":{"type":"Polygon","coordinates":[[[11.56285174,48.18758549],[11.56289453,48.18738737],[11.56310407,48.18741451],[11.56314244,48.18726343],[11.56351282,48.18732676],[11.56348183,48.18748236],[11.56339182,48.18752578],[11.56339034,48.18763163],[11.56285174,48.18758549]]]},"properties":{"id":"munich:osm:way:114533559","name":"Unbenannter Park 114533559","nameAddon":null,"objectNumber":"munich:osm:way:114533559","district":"München","locality":null,"type":"Park","areaM2":1360.8,"areaHa":0.14,"designation":null,"dedicated":null,"builtYear":null,"renovatedYear":null,"planningAreaId":null,"planningAreaName":null,"centroid":[11.563199,48.187462],"bounds":[11.56285,48.18726,11.56351,48.18763],"amenities":{},"sourceId":"parks"}},{"type":"Feature","id":"munich:osm:way:1153823501","geometry":{"type":"Polygon","coordinates":[[[11.46171449,48.196556],[11.464046,48.19524516],[11.46407256,48.19533653],[11.46360921,48.19681654],[11.46175434,48.19657771],[11.46171449,48.196556]]]},"properties":{"id":"munich:osm:way:1153823501","name":"Grünanlage Diamalt-Gelände","nameAddon":null,"objectNumber":"munich:osm:way:1153823501","district":"München","locality":null,"type":"Park","areaM2":13889.5,"areaHa":1.39,"designation":null,"dedicated":null,"builtYear":null,"renovatedYear":null,"planningAreaId":null,"planningAreaName":null,"centroid":[11.463136,48.1962],"bounds":[11.46171,48.19525,11.46407,48.19682],"amenities":{},"sourceId":"parks"}},{"type":"Feature","id":"munich:osm:way:115427871","geometry":{"type":"Polygon","coordinates":[[[11.60994818,48.18373078],[11.61001901,48.18360593],[11.61066977,48.18356884],[11.61076421,48.18367288],[11.6108129,48.18388999],[11.6104617,48.18397865],[11.61037021,48.18393342],[11.61006033,48.18399584],[11.60997769,48.18396689],[11.60998212,48.18390356],[11.60994818,48.18373078]]]},"properties":{"id":"munich:osm:way:115427871","name":"Atrium","nameAddon":null,"objectNumber":"munich:osm:way:115427871","district":"München","locality":null,"type":"Park","areaM2":2405.7,"areaHa":0.24,"designation":null,"dedicated":null,"builtYear":null,"renovatedYear":null,"planningAreaId":null,"planningAreaName":null,"centroid":[11.610367,48.183776],"bounds":[11.60995,48.18357,11.61081,48.184],"amenities":{},"sourceId":"parks"}},{"type":"Feature","id":"munich:osm:way:1156598015","geometry":{"type":"Polygon","coordinates":[[[11.55364966,48.15518183],[11.55377509,48.15480279],[11.55392265,48.1548842],[11.55396545,48.15484892],[11.55429894,48.15503076],[11.55443765,48.1551167],[11.5543314,48.15520445],[11.55523154,48.1556622],[11.55546912,48.15545232],[11.55539977,48.15540619],[11.55551044,48.15531391],[11.55580409,48.15548942],[11.55522417,48.1559924],[11.55428418,48.15550932],[11.55434173,48.15546137],[11.55417204,48.15536548],[11.55410121,48.15541885],[11.55364966,48.15518183]]]},"properties":{"id":"munich:osm:way:1156598015","name":"Unbenannter Park 1156598015","nameAddon":null,"objectNumber":"munich:osm:way:1156598015","district":"München","locality":null,"type":"Park","areaM2":6101.6,"areaHa":0.61,"designation":null,"dedicated":null,"builtYear":null,"renovatedYear":null,"planningAreaId":null,"planningAreaName":null,"centroid":[11.554641,48.155423],"bounds":[11.55365,48.1548,11.5558,48.15599],"amenities":{},"sourceId":"parks"}},{"type":"Feature","id":"munich:osm:way:1157174129","geometry":{"type":"Polygon","coordinates":[[[11.53908512,48.15933056],[11.53913824,48.15897322],[11.53929909,48.1587362],[11.53943337,48.15863398],[11.53950715,48.1586774],[11.53939058,48.15879501],[11.53956027,48.15887371],[11.53934631,48.15907454],[11.539516,48.15915144],[11.53980375,48.15892437],[11.53993213,48.1590076],[11.53959126,48.15926633],[11.53955585,48.15937036],[11.53908659,48.1593776],[11.53908512,48.15933056]]]},"properties":{"id":"munich:osm:way:1157174129","name":"Unbenannter Park 1157174129","nameAddon":null,"objectNumber":"munich:osm:way:1157174129","district":"München","locality":null,"type":"Park","areaM2":2404.8,"areaHa":0.24,"designation":null,"dedicated":null,"builtYear":null,"renovatedYear":null,"planningAreaId":null,"planningAreaName":null,"centroid":[11.539402,48.159088],"bounds":[11.53909,48.15863,11.53993,48.15938],"amenities":{},"sourceId":"parks"}},{"type":"Feature","id":"munich:osm:way:1157660661","geometry":{"type":"Polygon","coordinates":[[[11.54496258,48.1645531],[11.54538609,48.16435318],[11.54601028,48.16475846],[11.54601028,48.16481726],[11.54566941,48.16508504],[11.54496258,48.1645531]]]},"properties":{"id":"munich:osm:way:1157660661","name":"Unbenannter Park 1157660661","nameAddon":null,"objectNumber":"munich:osm:way:1157660661","district":"München","locality":null,"type":"Park","areaM2":2950.8,"areaHa":0.3,"designation":null,"dedicated":null,"builtYear":null,"renovatedYear":null,"planningAreaId":null,"planningAreaName":null,"centroid":[11.545519,48.164702],"bounds":[11.54496,48.16435,11.54601,48.16509],"amenities":{},"sourceId":"parks"}},{"type":"Feature","id":"munich:osm:way:1158755873","geometry":{"type":"Polygon","coordinates":[[[11.5435017,48.16275828],[11.5443133,48.16226615],[11.54442693,48.16235028],[11.54479141,48.16224625],[11.54493455,48.16230867],[11.54380421,48.16295911],[11.54363303,48.16290935],[11.54354449,48.16279537],[11.5435017,48.16275828]]]},"properties":{"id":"munich:osm:way:1158755873","name":"Unbenannter Park 1158755873","nameAddon":null,"objectNumber":"munich:osm:way:1158755873","district":"München","locality":null,"type":"Park","areaM2":3209,"areaHa":0.32,"designation":null,"dedicated":null,"builtYear":null,"renovatedYear":null,"planningAreaId":null,"planningAreaName":null,"centroid":[11.544147,48.162583],"bounds":[11.5435,48.16225,11.54493,48.16296],"amenities":{},"sourceId":"parks"}},{"type":"Feature","id":"munich:osm:way:1158755880","geometry":{"type":"Polygon","coordinates":[[[11.54648544,48.1628216],[11.54719227,48.16240094],[11.54745789,48.16255745],[11.54713915,48.16314547],[11.54670679,48.16283246],[11.54658873,48.16290393],[11.54648544,48.1628216]]]},"properties":{"id":"munich:osm:way:1158755880","name":"Unbenannter Park 1158755880","nameAddon":null,"objectNumber":"munich:osm:way:1158755880","district":"München","locality":null,"type":"Park","areaM2":2754,"areaHa":0.28,"designation":null,"dedicated":null,"builtYear":null,"renovatedYear":null,"planningAreaId":null,"planningAreaName":null,"centroid":[11.547047,48.16275],"bounds":[11.54649,48.1624,11.54746,48.16315],"amenities":{},"sourceId":"parks"}},{"type":"Feature","id":"munich:osm:way:1158755881","geometry":{"type":"Polygon","coordinates":[[[11.5460398,48.1623539],[11.54661825,48.16200199],[11.54699454,48.1621205],[11.54706684,48.16228424],[11.5464515,48.16266148],[11.54608849,48.16239009],[11.5460398,48.1623539]]]},"properties":{"id":"munich:osm:way:1158755881","name":"Unbenannter Park 1158755881","nameAddon":null,"objectNumber":"munich:osm:way:1158755881","district":"München","locality":null,"type":"Park","areaM2":2966.6,"areaHa":0.3,"designation":null,"dedicated":null,"builtYear":null,"renovatedYear":null,"planningAreaId":null,"planningAreaName":null,"centroid":[11.546572,48.162313],"bounds":[11.54604,48.162,11.54707,48.16266],"amenities":{},"sourceId":"parks"}},{"type":"Feature","id":"munich:osm:way:1158755882","geometry":{"type":"Polygon","coordinates":[[[11.54478403,48.16312285],[11.54549086,48.162685],[11.54589223,48.16298625],[11.54519426,48.16341958],[11.54478403,48.16312285]]]},"properties":{"id":"munich:osm:way:1158755882","name":"Unbenannter Park 1158755882","nameAddon":null,"objectNumber":"munich:osm:way:1158755882","district":"München","locality":null,"type":"Park","areaM2":3205.3,"areaHa":0.32,"designation":null,"dedicated":null,"builtYear":null,"renovatedYear":null,"planningAreaId":null,"planningAreaName":null,"centroid":[11.54534,48.163053],"bounds":[11.54478,48.16269,11.54589,48.16342],"amenities":{},"sourceId":"parks"}},{"type":"Feature","id":"munich:osm:way:1164820643","geometry":{"type":"Polygon","coordinates":[[[11.56865542,48.19826036],[11.56866575,48.19813823],[11.56955556,48.19815723],[11.5694744,48.19822779],[11.56901547,48.19821965],[11.56886643,48.19826669],[11.56865542,48.19826036]]]},"properties":{"id":"munich:osm:way:1164820643","name":"Unbenannter Park 1164820643","nameAddon":null,"objectNumber":"munich:osm:way:1164820643","district":"München","locality":null,"type":"Park","areaM2":635.5,"areaHa":0.06,"designation":null,"dedicated":null,"builtYear":null,"renovatedYear":null,"planningAreaId":null,"planningAreaName":null,"centroid":[11.569035,48.198193],"bounds":[11.56866,48.19814,11.56956,48.19827],"amenities":{},"sourceId":"parks"}},{"type":"Feature","id":"munich:osm:way:116575909","geometry":{"type":"Polygon","coordinates":[[[11.48116487,48.18057355],[11.48120324,48.18053827],[11.48193515,48.18047585],[11.48199713,48.18085489],[11.48160904,48.1808947],[11.48191745,48.18337615],[11.4813508,48.18337615],[11.48131981,48.18330016],[11.48136703,48.1818681],[11.48126226,48.18098155],[11.48116487,48.18057355]]]},"properties":{"id":"munich:osm:way:116575909","name":"Unbenannter Park 116575909","nameAddon":null,"objectNumber":"munich:osm:way:116575909","district":"München","locality":null,"type":"Park","areaM2":11360.7,"areaHa":1.14,"designation":null,"dedicated":null,"builtYear":null,"renovatedYear":null,"planningAreaId":null,"planningAreaName":null,"centroid":[11.481562,48.181926],"bounds":[11.48116,48.18048,11.482,48.18338],"amenities":{},"sourceId":"parks"}},{"type":"Feature","id":"munich:osm:way:116758579","geometry":{"type":"Polygon","coordinates":[[[11.56689203,48.16094174],[11.56691859,48.16075719],[11.56712813,48.16076895],[11.56709862,48.16095893],[11.56697467,48.16094898],[11.56689203,48.16094174]]]},"properties":{"id":"munich:osm:way:116758579","name":"Unbenannter Park 116758579","nameAddon":null,"objectNumber":"munich:osm:way:116758579","district":"München","locality":null,"type":"Park","areaM2":326.6,"areaHa":0.03,"designation":null,"dedicated":null,"builtYear":null,"renovatedYear":null,"planningAreaId":null,"planningAreaName":null,"centroid":[11.56701,48.160857],"bounds":[11.56689,48.16076,11.56713,48.16096],"amenities":{},"sourceId":"parks"}},{"type":"Feature","id":"munich:osm:way:11676182","geometry":{"type":"Polygon","coordinates":[[[11.67040652,48.0863416],[11.67107646,48.08617152],[11.67151915,48.08696852],[11.67093628,48.08716935],[11.67040652,48.0863416]]]},"properties":{"id":"munich:osm:way:11676182","name":"Kosegartenplatz","nameAddon":null,"objectNumber":"munich:osm:way:11676182","district":"München","locality":null,"type":"Park","areaM2":4957.6,"areaHa":0.5,"designation":null,"dedicated":null,"builtYear":null,"renovatedYear":null,"planningAreaId":null,"planningAreaName":null,"centroid":[11.670978,48.086657],"bounds":[11.67041,48.08617,11.67152,48.08717],"amenities":{},"sourceId":"parks"}},{"type":"Feature","id":"munich:osm:way:116784317","geometry":{"type":"Polygon","coordinates":[[[11.57628594,48.2037154],[11.57658844,48.20372987],[11.57664895,48.20441831],[11.57630365,48.20442826],[11.57628594,48.2037154]]]},"properties":{"id":"munich:osm:way:116784317","name":"Unbenannter Park 116784317","nameAddon":null,"objectNumber":"munich:osm:way:116784317","district":"München","locality":null,"type":"Park","areaM2":1911,"areaHa":0.19,"designation":null,"dedicated":null,"builtYear":null,"renovatedYear":null,"planningAreaId":null,"planningAreaName":null,"centroid":[11.576456,48.204081],"bounds":[11.57629,48.20372,11.57665,48.20443],"amenities":{},"sourceId":"parks"}},{"type":"Feature","id":"munich:osm:way:117005293","geometry":{"type":"Polygon","coordinates":[[[11.53720958,48.14740456],[11.53721549,48.14724082],[11.53727451,48.14720644],[11.53747077,48.14721549],[11.53748405,48.14707436],[11.53728927,48.14706441],[11.53724057,48.14702642],[11.53726713,48.1468672],[11.53732911,48.14683825],[11.53751652,48.14685815],[11.53762276,48.14671341],[11.5374693,48.14669984],[11.53738076,48.14664465],[11.53739109,48.14648272],[11.53752094,48.14648091],[11.53748553,48.14643387],[11.53762866,48.14642482],[11.53775852,48.14648453],[11.53778656,48.14659218],[11.53791494,48.14657319],[11.538002,48.14650443],[11.53798577,48.14635155],[11.53841223,48.1462638],[11.53848453,48.14628098],[11.53901724,48.14679754],[11.53891985,48.14685182],[11.53868965,48.14680025],[11.53840928,48.14684277],[11.53823368,48.14693233],[11.53809939,48.14708884],[11.53807283,48.14722453],[11.53812891,48.14737923],[11.53824843,48.14749141],[11.53843584,48.14757463],[11.53841518,48.14766148],[11.53836796,48.14766419],[11.5384137,48.14795097],[11.5384624,48.14794735],[11.53856127,48.14863307],[11.53853766,48.14876063],[11.53804479,48.14879591],[11.53806398,48.14894065],[11.53756078,48.14896056],[11.53751947,48.14835535],[11.53726418,48.14834992],[11.53724943,48.14810385],[11.53748553,48.14809662],[11.53743831,48.14739823],[11.53720958,48.14740456]]]},"properties":{"id":"munich:osm:way:117005293","name":"Unbenannter Park 117005293","nameAddon":null,"objectNumber":"munich:osm:way:117005293","district":"München","locality":null,"type":"Park","areaM2":21071.7,"areaHa":2.11,"designation":null,"dedicated":null,"builtYear":null,"renovatedYear":null,"planningAreaId":null,"planningAreaName":null,"centroid":[11.537959,48.147602],"bounds":[11.53721,48.14626,11.53902,48.14896],"amenities":{},"sourceId":"parks"}},{"type":"Feature","id":"munich:osm:way:117005295","geometry":{"type":"Polygon","coordinates":[[[11.53656325,48.14650896],[11.53658834,48.14644292],[11.53697791,48.14637688],[11.53704284,48.14641306],[11.53690265,48.14710331],[11.53687609,48.14710331],[11.53656325,48.14650896]]]},"properties":{"id":"munich:osm:way:117005295","name":"Unbenannter Park 117005295","nameAddon":null,"objectNumber":"munich:osm:way:117005295","district":"München","locality":null,"type":"Park","areaM2":1427,"areaHa":0.14,"designation":null,"dedicated":null,"builtYear":null,"renovatedYear":null,"planningAreaId":null,"planningAreaName":null,"centroid":[11.536828,48.146655],"bounds":[11.53656,48.14638,11.53704,48.1471],"amenities":{},"sourceId":"parks"}},{"type":"Feature","id":"munich:osm:way:117125957","geometry":{"type":"Polygon","coordinates":[[[11.6684513,48.13078976],[11.66894712,48.13060973],[11.66891023,48.1302334],[11.66932931,48.13015831],[11.66996678,48.12995658],[11.66996531,48.13037],[11.67006713,48.13069477],[11.6723883,48.13645649],[11.67222598,48.1365361],[11.67160769,48.13501357],[11.67135831,48.13485616],[11.67127715,48.13472408],[11.66969969,48.13093541],[11.66883349,48.13097974],[11.6684513,48.13078976]]]},"properties":{"id":"munich:osm:way:117125957","name":"Stahlgruberring","nameAddon":null,"objectNumber":"munich:osm:way:117125957","district":"München","locality":null,"type":"Park","areaM2":25203.5,"areaHa":2.52,"designation":null,"dedicated":null,"builtYear":null,"renovatedYear":null,"planningAreaId":null,"planningAreaName":null,"centroid":[11.670428,48.132401],"bounds":[11.66845,48.12996,11.67239,48.13654],"amenities":{},"sourceId":"parks"}},{"type":"Feature","id":"munich:osm:way:1174297557","geometry":{"type":"Polygon","coordinates":[[[11.53378758,48.16965533],[11.53436308,48.16938665],[11.53479396,48.16956396],[11.53525289,48.16967885],[11.53518796,48.16975032],[11.53518944,48.1698064],[11.53527207,48.16985526],[11.53518501,48.17016103],[11.53525289,48.17018998],[11.5352706,48.17049303],[11.53474674,48.17046589],[11.53477183,48.17023069],[11.53471576,48.17015289],[11.53416239,48.16975665],[11.53401188,48.16983354],[11.53395138,48.16977293],[11.53378758,48.16965533]]]},"properties":{"id":"munich:osm:way:1174297557","name":"Unbenannter Park 1174297557","nameAddon":null,"objectNumber":"munich:osm:way:1174297557","district":"München","locality":null,"type":"Park","areaM2":6615.7,"areaHa":0.66,"designation":null,"dedicated":null,"builtYear":null,"renovatedYear":null,"planningAreaId":null,"planningAreaName":null,"centroid":[11.534711,48.169891],"bounds":[11.53379,48.16939,11.53527,48.17049],"amenities":{},"sourceId":"parks"}},{"type":"Feature","id":"munich:osm:way:117671543","geometry":{"type":"Polygon","coordinates":[[[11.64091591,48.14846119],[11.6409528,48.14834268],[11.6420433,48.14847928],[11.64457549,48.14858422],[11.64459615,48.14871178],[11.64232809,48.14862041],[11.64162864,48.14856161],[11.64091591,48.14846119]]]},"properties":{"id":"munich:osm:way:117671543","name":"Unbenannter Park 117671543","nameAddon":null,"objectNumber":"munich:osm:way:117671543","district":"München","locality":null,"type":"Park","areaM2":3694.4,"areaHa":0.37,"designation":null,"dedicated":null,"builtYear":null,"renovatedYear":null,"planningAreaId":null,"planningAreaName":null,"centroid":[11.64276,48.148559],"bounds":[11.64092,48.14834,11.6446,48.14871],"amenities":{},"sourceId":"parks"}},{"type":"Feature","id":"munich:osm:way:117671545","geometry":{"type":"Polygon","coordinates":[[[11.64060307,48.14837796],[11.64066505,48.14829112],[11.6407772,48.14829745],[11.64082147,48.14833997],[11.64079048,48.14841234],[11.64072112,48.14843405],[11.64060307,48.14837796]]]},"properties":{"id":"munich:osm:way:117671545","name":"Unbenannter Park 117671545","nameAddon":null,"objectNumber":"munich:osm:way:117671545","district":"München","locality":null,"type":"Park","areaM2":215.5,"areaHa":0.02,"designation":null,"dedicated":null,"builtYear":null,"renovatedYear":null,"planningAreaId":null,"planningAreaName":null,"centroid":[11.640718,48.148358],"bounds":[11.6406,48.14829,11.64082,48.14843],"amenities":{},"sourceId":"parks"}},{"type":"Feature","id":"munich:osm:way:117952802","geometry":{"type":"Polygon","coordinates":[[[11.54849673,48.15128008],[11.54884351,48.15116157],[11.54912388,48.15161932],[11.54849673,48.15128008]]]},"properties":{"id":"munich:osm:way:117952802","name":"Unbenannter Park 117952802","nameAddon":null,"objectNumber":"munich:osm:way:117952802","district":"München","locality":null,"type":"Park","areaM2":848.5,"areaHa":0.08,"designation":null,"dedicated":null,"builtYear":null,"renovatedYear":null,"planningAreaId":null,"planningAreaName":null,"centroid":[11.548821,48.151354],"bounds":[11.5485,48.15116,11.54912,48.15162],"amenities":{},"sourceId":"parks"}},{"type":"Feature","id":"munich:osm:way:1180228125","geometry":{"type":"Polygon","coordinates":[[[11.62490524,48.12993396],[11.62494213,48.12993125],[11.62495984,48.13000905],[11.62492295,48.13001176],[11.62490524,48.12993396]]]},"properties":{"id":"munich:osm:way:1180228125","name":"Unbenannter Park 1180228125","nameAddon":null,"objectNumber":"munich:osm:way:1180228125","district":"München","locality":null,"type":"Park","areaM2":24.2,"areaHa":0,"designation":null,"dedicated":null,"builtYear":null,"renovatedYear":null,"planningAreaId":null,"planningAreaName":null,"centroid":[11.624933,48.129972],"bounds":[11.62491,48.12993,11.62496,48.13001],"amenities":{},"sourceId":"parks"}},{"type":"Feature","id":"munich:osm:way:1180228126","geometry":{"type":"Polygon","coordinates":[[[11.62490672,48.12982178],[11.62494361,48.12981817],[11.62496132,48.12989597],[11.62492443,48.12989958],[11.62490672,48.12982178]]]},"properties":{"id":"munich:osm:way:1180228126","name":"Unbenannter Park 1180228126","nameAddon":null,"objectNumber":"munich:osm:way:1180228126","district":"München","locality":null,"type":"Park","areaM2":24.2,"areaHa":0,"designation":null,"dedicated":null,"builtYear":null,"renovatedYear":null,"planningAreaId":null,"planningAreaName":null,"centroid":[11.624934,48.129859],"bounds":[11.62491,48.12982,11.62496,48.1299],"amenities":{},"sourceId":"parks"}},{"type":"Feature","id":"munich:osm:way:118043276","geometry":{"type":"Polygon","coordinates":[[[11.4904968,48.11560521],[11.49290947,48.11541885],[11.49297292,48.11577528],[11.490606,48.11597793],[11.49053222,48.1159526],[11.4904968,48.11560521]]]},"properties":{"id":"munich:osm:way:118043276","name":"Unbenannter Park 118043276","nameAddon":null,"objectNumber":"munich:osm:way:118043276","district":"München","locality":null,"type":"Park","areaM2":7458.9,"areaHa":0.75,"designation":null,"dedicated":null,"builtYear":null,"renovatedYear":null,"planningAreaId":null,"planningAreaName":null,"centroid":[11.491719,48.115697],"bounds":[11.4905,48.11542,11.49297,48.11598],"amenities":{},"sourceId":"parks"}},{"type":"Feature","id":"munich:osm:way:118294756","geometry":{"type":"Polygon","coordinates":[[[11.46287877,48.13884114],[11.46290238,48.13825764],[11.46378334,48.13825131],[11.46386007,48.13830559],[11.46365348,48.13890356],[11.46370513,48.13902207],[11.46367709,48.14024968],[11.46355757,48.1410503],[11.46321817,48.14222906],[11.46313996,48.1422562],[11.46298354,48.14222725],[11.46295846,48.1421793],[11.46329933,48.14045866],[11.46342476,48.14026144],[11.46348231,48.13893885],[11.46337459,48.1389307],[11.46338049,48.13884295],[11.46287877,48.13884114]]]},"properties":{"id":"munich:osm:way:118294756","name":"Unbenannter Park 118294756","nameAddon":null,"objectNumber":"munich:osm:way:118294756","district":"München","locality":null,"type":"Park","areaM2":12838.2,"areaHa":1.28,"designation":null,"dedicated":null,"builtYear":null,"renovatedYear":null,"planningAreaId":null,"planningAreaName":null,"centroid":[11.46338,48.139929],"bounds":[11.46288,48.13825,11.46386,48.14226],"amenities":{},"sourceId":"parks"}},{"type":"Feature","id":"munich:osm:way:118339544","geometry":{"type":"Polygon","coordinates":[[[11.41820237,48.16240999],[11.4182614,48.16223539],[11.41946552,48.16244979],[11.41936517,48.16269586],[11.41868638,48.16257825],[11.41861998,48.16247784],[11.41820237,48.16240999]]]},"properties":{"id":"munich:osm:way:118339544","name":"Unbenannter Park 118339544","nameAddon":null,"objectNumber":"munich:osm:way:118339544","district":"München","locality":null,"type":"Park","areaM2":2309.2,"areaHa":0.23,"designation":null,"dedicated":null,"builtYear":null,"renovatedYear":null,"planningAreaId":null,"planningAreaName":null,"centroid":[11.418871,48.162464],"bounds":[11.4182,48.16224,11.41947,48.1627],"amenities":{},"sourceId":"parks"}},{"type":"Feature","id":"munich:osm:way:1187596469","geometry":{"type":"Polygon","coordinates":[[[11.54177668,48.15931608],[11.54197884,48.15915777],[11.54193457,48.15901574],[11.54217363,48.15884567],[11.54258533,48.15908178],[11.54284947,48.15917948],[11.54286423,48.15929528],[11.54267092,48.15938936],[11.54178258,48.15937127],[11.54177668,48.15931608]]]},"properties":{"id":"munich:osm:way:1187596469","name":"Unbenannter Park 1187596469","nameAddon":null,"objectNumber":"munich:osm:way:1187596469","district":"München","locality":null,"type":"Park","areaM2":2945.2,"areaHa":0.29,"designation":null,"dedicated":null,"builtYear":null,"renovatedYear":null,"planningAreaId":null,"planningAreaName":null,"centroid":[11.542309,48.159184],"bounds":[11.54178,48.15885,11.54286,48.15939],"amenities":{},"sourceId":"parks"}},{"type":"Feature","id":"munich:osm:way:1190447897","geometry":{"type":"Polygon","coordinates":[[[11.47735478,48.2162638],[11.47755251,48.21599692],[11.47756874,48.21611815],[11.47819884,48.21607834],[11.47818261,48.21627737],[11.47735478,48.2162638]]]},"properties":{"id":"munich:osm:way:1190447897","name":"Unbenannter Park 1190447897","nameAddon":null,"objectNumber":"munich:osm:way:1190447897","district":"München","locality":null,"type":"Park","areaM2":1159.9,"areaHa":0.12,"designation":null,"dedicated":null,"builtYear":null,"renovatedYear":null,"planningAreaId":null,"planningAreaName":null,"centroid":[11.477807,48.216182],"bounds":[11.47735,48.216,11.4782,48.21628],"amenities":{},"sourceId":"parks"}},{"type":"Feature","id":"munich:osm:way:119238349","geometry":{"type":"Polygon","coordinates":[[[11.47540546,48.13612358],[11.47564156,48.1356224],[11.47822245,48.13617243],[11.48009651,48.1364592],[11.48022342,48.13652614],[11.48035917,48.13668536],[11.48021456,48.1367306],[11.48014521,48.13681111],[11.47829476,48.13655238],[11.47632773,48.13618057],[11.47598243,48.13628913],[11.47583192,48.13625656],[11.47540546,48.13612358]]]},"properties":{"id":"munich:osm:way:119238349","name":"Unbenannter Park 119238349","nameAddon":null,"objectNumber":"munich:osm:way:119238349","district":"München","locality":null,"type":"Park","areaM2":15672.6,"areaHa":1.57,"designation":null,"dedicated":null,"builtYear":null,"renovatedYear":null,"planningAreaId":null,"planningAreaName":null,"centroid":[11.477687,48.136246],"bounds":[11.47541,48.13562,11.48036,48.13681],"amenities":{},"sourceId":"parks"}},{"type":"Feature","id":"munich:osm:way:1193930447","geometry":{"type":"Polygon","coordinates":[[[11.49152237,48.1189108],[11.49197392,48.11873801],[11.49216722,48.11870906],[11.49219084,48.11889271],[11.49206836,48.11900217],[11.49209935,48.11919305],[11.49235316,48.11926814],[11.49263353,48.119222],[11.49295374,48.11926723],[11.4933315,48.11919305],[11.49343332,48.11927447],[11.49340676,48.11955491],[11.49372107,48.11963904],[11.49362811,48.12009861],[11.49349087,48.12020716],[11.49198129,48.12020626],[11.49214509,48.1200398],[11.49296702,48.1200199],[11.49305851,48.11998914],[11.49307032,48.11966076],[11.49211115,48.11968699],[11.49204032,48.1193767],[11.49180569,48.11934865],[11.49154303,48.11917315],[11.49152237,48.1189108]]]},"properties":{"id":"munich:osm:way:1193930447","name":"Unbenannter Park 1193930447","nameAddon":null,"objectNumber":"munich:osm:way:1193930447","district":"München","locality":null,"type":"Park","areaM2":11738.8,"areaHa":1.17,"designation":null,"dedicated":null,"builtYear":null,"renovatedYear":null,"planningAreaId":null,"planningAreaName":null,"centroid":[11.492684,48.119558],"bounds":[11.49152,48.11871,11.49372,48.12021],"amenities":{},"sourceId":"parks"}},{"type":"Feature","id":"munich:osm:way:1193939311","geometry":{"type":"Polygon","coordinates":[[[11.49365319,48.12053103],[11.49396603,48.12034105],[11.49395865,48.11991315],[11.49413868,48.11987606],[11.49422279,48.11969604],[11.49421541,48.11955672],[11.49618391,48.11955129],[11.49607471,48.11985707],[11.49562022,48.11986249],[11.49562022,48.11964447],[11.49506833,48.11965442],[11.49463744,48.11975936],[11.49461678,48.12016465],[11.49435707,48.12022888],[11.4942582,48.12051475],[11.49365319,48.12053103]]]},"properties":{"id":"munich:osm:way:1193939311","name":"Unbenannter Park 1193939311","nameAddon":null,"objectNumber":"munich:osm:way:1193939311","district":"München","locality":null,"type":"Park","areaM2":6327.3,"areaHa":0.63,"designation":null,"dedicated":null,"builtYear":null,"renovatedYear":null,"planningAreaId":null,"planningAreaName":null,"centroid":[11.49472,48.119907],"bounds":[11.49365,48.11955,11.49618,48.12053],"amenities":{},"sourceId":"parks"}},{"type":"Feature","id":"munich:osm:way:1194531546","geometry":{"type":"Polygon","coordinates":[[[11.41479808,48.15972046],[11.41504746,48.15974037],[11.41496778,48.15992491],[11.41480398,48.1598842],[11.41479808,48.15972046]]]},"properties":{"id":"munich:osm:way:1194531546","name":"Unbenannter Park 1194531546","nameAddon":null,"objectNumber":"munich:osm:way:1194531546","district":"München","locality":null,"type":"Park","areaM2":329.4,"areaHa":0.03,"designation":null,"dedicated":null,"builtYear":null,"renovatedYear":null,"planningAreaId":null,"planningAreaName":null,"centroid":[11.414909,48.159812],"bounds":[11.4148,48.15972,11.41505,48.15992],"amenities":{},"sourceId":"parks"}},{"type":"Feature","id":"munich:osm:way:120448466","geometry":{"type":"Polygon","coordinates":[[[11.59307132,48.13041252],[11.59365567,48.12980007],[11.59395375,48.1300787],[11.59312444,48.13045685],[11.59307132,48.13041252]]]},"properties":{"id":"munich:osm:way:120448466","name":"Unbenannter Park 120448466","nameAddon":null,"objectNumber":"munich:osm:way:120448466","district":"München","locality":null,"type":"Park","areaM2":1664.6,"areaHa":0.17,"designation":null,"dedicated":null,"builtYear":null,"renovatedYear":null,"planningAreaId":null,"planningAreaName":null,"centroid":[11.593535,48.130128],"bounds":[11.59307,48.1298,11.59395,48.13046],"amenities":{},"sourceId":"parks"}},{"type":"Feature","id":"munich:osm:way:1209201216","geometry":{"type":"Polygon","coordinates":[[[11.6772948,48.12650081],[11.67737891,48.12643568],[11.67760468,48.12666456],[11.67750286,48.12670888],[11.6772948,48.12650081]]]},"properties":{"id":"munich:osm:way:1209201216","name":"Unbenannter Park 1209201216","nameAddon":null,"objectNumber":"munich:osm:way:1209201216","district":"München","locality":null,"type":"Park","areaM2":276.4,"areaHa":0.03,"designation":null,"dedicated":null,"builtYear":null,"renovatedYear":null,"planningAreaId":null,"planningAreaName":null,"centroid":[11.677446,48.126577],"bounds":[11.67729,48.12644,11.6776,48.12671],"amenities":{},"sourceId":"parks"}},{"type":"Feature","id":"munich:osm:way:1209201217","geometry":{"type":"Polygon","coordinates":[[[11.67707345,48.12656233],[11.67713838,48.126537],[11.6771915,48.12654062],[11.67740252,48.1267514],[11.6773007,48.12679483],[11.67707345,48.12656233]]]},"properties":{"id":"munich:osm:way:1209201217","name":"Unbenannter Park 1209201217","nameAddon":null,"objectNumber":"munich:osm:way:1209201217","district":"München","locality":null,"type":"Park","areaM2":267,"areaHa":0.03,"designation":null,"dedicated":null,"builtYear":null,"renovatedYear":null,"planningAreaId":null,"planningAreaName":null,"centroid":[11.677239,48.12666],"bounds":[11.67707,48.12654,11.6774,48.12679],"amenities":{},"sourceId":"parks"}},{"type":"Feature","id":"munich:osm:way:1210814735","geometry":{"type":"Polygon","coordinates":[[[11.4074922,48.13707527],[11.40762943,48.13684277],[11.41371201,48.13839425],[11.41362642,48.13866745],[11.40766632,48.1371205],[11.40759992,48.13710331],[11.4074922,48.13707527]]]},"properties":{"id":"munich:osm:way:1210814735","name":"Gräserband","nameAddon":null,"objectNumber":"munich:osm:way:1210814735","district":"München","locality":null,"type":"Park","areaM2":14193.8,"areaHa":1.42,"designation":null,"dedicated":null,"builtYear":null,"renovatedYear":null,"planningAreaId":null,"planningAreaName":null,"centroid":[11.410664,48.137758],"bounds":[11.40749,48.13684,11.41371,48.13867],"amenities":{},"sourceId":"parks"}},{"type":"Feature","id":"munich:osm:way:1210814736","geometry":{"type":"Polygon","coordinates":[[[11.40940315,48.13977022],[11.41090387,48.13708522],[11.41122556,48.13716483],[11.40968057,48.13980731],[11.40940315,48.13977022]]]},"properties":{"id":"munich:osm:way:1210814736","name":"Grünzug Freiham Süd","nameAddon":null,"objectNumber":"munich:osm:way:1210814736","district":"München","locality":null,"type":"Park","areaM2":7515.5,"areaHa":0.75,"designation":null,"dedicated":null,"builtYear":null,"renovatedYear":null,"planningAreaId":null,"planningAreaName":null,"centroid":[11.410329,48.138411],"bounds":[11.4094,48.13709,11.41123,48.13981],"amenities":{},"sourceId":"parks"}},{"type":"Feature","id":"munich:osm:way:121211659","geometry":{"type":"Polygon","coordinates":[[[11.47801881,48.17785055],[11.47806898,48.17759454],[11.48068086,48.17770219],[11.48063807,48.17793921],[11.47981762,48.17789036],[11.47801881,48.17785055]]]},"properties":{"id":"munich:osm:way:121211659","name":"Unbenannter Park 121211659","nameAddon":null,"objectNumber":"munich:osm:way:121211659","district":"München","locality":null,"type":"Park","areaM2":5174.6,"areaHa":0.52,"designation":null,"dedicated":null,"builtYear":null,"renovatedYear":null,"planningAreaId":null,"planningAreaName":null,"centroid":[11.479328,48.177766],"bounds":[11.47802,48.17759,11.48068,48.17794],"amenities":{},"sourceId":"parks"}},{"type":"Feature","id":"munich:osm:way:1227344356","geometry":{"type":"Polygon","coordinates":[[[11.50049277,48.14290845],[11.50051491,48.14274018],[11.50077905,48.14262801],[11.50100924,48.14260087],[11.50117009,48.14265696],[11.50118485,48.14268319],[11.5009694,48.1427049],[11.50095907,48.14264881],[11.50082922,48.14266419],[11.50088529,48.14296725],[11.50099154,48.14294283],[11.50099892,48.14299258],[11.50059164,48.14303148],[11.50049277,48.14290845]]]},"properties":{"id":"munich:osm:way:1227344356","name":"Unbenannter Park 1227344356","nameAddon":null,"objectNumber":"munich:osm:way:1227344356","district":"München","locality":null,"type":"Park","areaM2":1219.9,"areaHa":0.12,"designation":null,"dedicated":null,"builtYear":null,"renovatedYear":null,"planningAreaId":null,"planningAreaName":null,"centroid":[11.500749,48.142823],"bounds":[11.50049,48.1426,11.50118,48.14303],"amenities":{},"sourceId":"parks"}},{"type":"Feature","id":"munich:osm:way:122899416","geometry":{"type":"Polygon","coordinates":[[[11.57053243,48.20282794],[11.57229729,48.20283879],[11.57301593,48.20291207],[11.57298051,48.20307491],[11.57222351,48.20303148],[11.57054276,48.20307581],[11.57053243,48.20282794]]]},"properties":{"id":"munich:osm:way:122899416","name":"Unbenannter Park 122899416","nameAddon":null,"objectNumber":"munich:osm:way:122899416","district":"München","locality":null,"type":"Park","areaM2":4243.8,"areaHa":0.42,"designation":null,"dedicated":null,"builtYear":null,"renovatedYear":null,"planningAreaId":null,"planningAreaName":null,"centroid":[11.571691,48.202948],"bounds":[11.57053,48.20283,11.57302,48.20308],"amenities":{},"sourceId":"parks"}},{"type":"Feature","id":"munich:osm:way:122899727","geometry":{"type":"Polygon","coordinates":[[[11.58174875,48.20430885],[11.58232277,48.20426904],[11.58236261,48.20456577],[11.58178416,48.20460014],[11.58174875,48.20430885]]]},"properties":{"id":"munich:osm:way:122899727","name":"Unbenannter Park 122899727","nameAddon":null,"objectNumber":"munich:osm:way:122899727","district":"München","locality":null,"type":"Park","areaM2":1411.4,"areaHa":0.14,"designation":null,"dedicated":null,"builtYear":null,"renovatedYear":null,"planningAreaId":null,"planningAreaName":null,"centroid":[11.582056,48.204436],"bounds":[11.58175,48.20427,11.58236,48.2046],"amenities":{},"sourceId":"parks"}},{"type":"Feature","id":"munich:osm:way:122899884","geometry":{"type":"Polygon","coordinates":[[[11.58245705,48.20244436],[11.58252198,48.20240456],[11.5829027,48.20238104],[11.58295877,48.20240818],[11.58299419,48.20274652],[11.5825028,48.20276551],[11.58245705,48.20244436]]]},"properties":{"id":"munich:osm:way:122899884","name":"Unbenannter Park 122899884","nameAddon":null,"objectNumber":"munich:osm:way:122899884","district":"München","locality":null,"type":"Park","areaM2":1481.9,"areaHa":0.15,"designation":null,"dedicated":null,"builtYear":null,"renovatedYear":null,"planningAreaId":null,"planningAreaName":null,"centroid":[11.582728,48.202576],"bounds":[11.58246,48.20238,11.58299,48.20277],"amenities":{},"sourceId":"parks"}},{"type":"Feature","id":"munich:osm:way:1231367537","geometry":{"type":"Polygon","coordinates":[[[11.4123072,48.14477474],[11.41233229,48.14469875],[11.41251527,48.14451963],[11.41266431,48.1446689],[11.41297124,48.14471323],[11.41307158,48.14466076],[11.41308781,48.14459743],[11.41328702,48.14462909],[11.41334015,48.14447621],[11.41365741,48.1445133],[11.4136338,48.14464357],[11.413743,48.14474037],[11.41372676,48.14492853],[11.41405288,48.14493396],[11.41482907,48.14484078],[11.41539128,48.14469332],[11.41529537,48.14497015],[11.41509173,48.14493939],[11.41444983,48.1450968],[11.41327965,48.14491858],[11.4123072,48.14477474]]]},"properties":{"id":"munich:osm:way:1231367537","name":"Unbenannter Park 1231367537","nameAddon":null,"objectNumber":"munich:osm:way:1231367537","district":"München","locality":null,"type":"Park","areaM2":5182.1,"areaHa":0.52,"designation":null,"dedicated":null,"builtYear":null,"renovatedYear":null,"planningAreaId":null,"planningAreaName":null,"centroid":[11.413762,48.144817],"bounds":[11.41231,48.14448,11.41539,48.1451],"amenities":{},"sourceId":"parks"}},{"type":"Feature","id":"munich:osm:way:123518888","geometry":{"type":"Polygon","coordinates":[[[11.57352797,48.12215849],[11.57368587,48.12206351],[11.57382605,48.12222634],[11.57432187,48.12244165],[11.57419791,48.12255383],[11.57378031,48.12228876],[11.57352797,48.12215849]]]},"properties":{"id":"munich:osm:way:123518888","name":"Unbenannter Park 123518888","nameAddon":null,"objectNumber":"munich:osm:way:123518888","district":"München","locality":null,"type":"Park","areaM2":751.1,"areaHa":0.08,"designation":null,"dedicated":null,"builtYear":null,"renovatedYear":null,"planningAreaId":null,"planningAreaName":null,"centroid":[11.573935,48.122319],"bounds":[11.57353,48.12206,11.57432,48.12255],"amenities":{},"sourceId":"parks"}},{"type":"Feature","id":"munich:osm:way:123522789","geometry":{"type":"Polygon","coordinates":[[[11.57630512,48.1211869],[11.57635972,48.12101773],[11.57640104,48.12101773],[11.57648663,48.12112538],[11.57630512,48.1211869]]]},"properties":{"id":"munich:osm:way:123522789","name":"Unbenannter Park 123522789","nameAddon":null,"objectNumber":"munich:osm:way:123522789","district":"München","locality":null,"type":"Park","areaM2":146.2,"areaHa":0.01,"designation":null,"dedicated":null,"builtYear":null,"renovatedYear":null,"planningAreaId":null,"planningAreaName":null,"centroid":[11.576388,48.121102],"bounds":[11.57631,48.12102,11.57649,48.12119],"amenities":{},"sourceId":"parks"}},{"type":"Feature","id":"munich:osm:way:123820825","geometry":{"type":"Polygon","coordinates":[[[11.61664905,48.18919034],[11.616652,48.18912339],[11.61720094,48.18896779],[11.61790629,48.18882215],[11.61795056,48.18884295],[11.61795942,48.18944545],[11.61697369,48.1895712],[11.61692352,48.18956124],[11.61664905,48.18919034]]]},"properties":{"id":"munich:osm:way:123820825","name":"Unbenannter Park 123820825","nameAddon":null,"objectNumber":"munich:osm:way:123820825","district":"München","locality":null,"type":"Park","areaM2":5672.1,"areaHa":0.57,"designation":null,"dedicated":null,"builtYear":null,"renovatedYear":null,"planningAreaId":null,"planningAreaName":null,"centroid":[11.61738,48.189219],"bounds":[11.61665,48.18882,11.61796,48.18957],"amenities":{},"sourceId":"parks"}},{"type":"Feature","id":"munich:osm:way:123992078","geometry":{"type":"Polygon","coordinates":[[[11.58099913,48.1181708],[11.58165726,48.11800072],[11.58168677,48.11830469],[11.58120867,48.11840782],[11.58099913,48.1181708]]]},"properties":{"id":"munich:osm:way:123992078","name":"Alpenplatz","nameAddon":null,"objectNumber":"munich:osm:way:123992078","district":"München","locality":null,"type":"Park","areaM2":1410.4,"areaHa":0.14,"designation":null,"dedicated":null,"builtYear":null,"renovatedYear":null,"planningAreaId":null,"planningAreaName":null,"centroid":[11.581388,48.118213],"bounds":[11.581,48.118,11.58169,48.11841],"amenities":{},"sourceId":"parks"}},{"type":"Feature","id":"munich:osm:way:124064312","geometry":{"type":"Polygon","coordinates":[[[11.4822598,48.10578524],[11.48264641,48.10432423],[11.48302418,48.10435318],[11.48303303,48.10446897],[11.48269216,48.10577709],[11.4822598,48.10578524]]]},"properties":{"id":"munich:osm:way:124064312","name":"Unbenannter Park 124064312","nameAddon":null,"objectNumber":"munich:osm:way:124064312","district":"München","locality":null,"type":"Park","areaM2":5071.2,"areaHa":0.51,"designation":null,"dedicated":null,"builtYear":null,"renovatedYear":null,"planningAreaId":null,"planningAreaName":null,"centroid":[11.482662,48.105065],"bounds":[11.48226,48.10432,11.48303,48.10579],"amenities":{},"sourceId":"parks"}},{"type":"Feature","id":"munich:osm:way:124147618","geometry":{"type":"Polygon","coordinates":[[[11.56813894,48.11626741],[11.56814042,48.11599421],[11.56849015,48.1160901],[11.56848277,48.11628008],[11.56813894,48.11626741]]]},"properties":{"id":"munich:osm:way:124147618","name":"Unbenannter Park 124147618","nameAddon":null,"objectNumber":"munich:osm:way:124147618","district":"München","locality":null,"type":"Park","areaM2":664.3,"areaHa":0.07,"designation":null,"dedicated":null,"builtYear":null,"renovatedYear":null,"planningAreaId":null,"planningAreaName":null,"centroid":[11.568303,48.116156],"bounds":[11.56814,48.11599,11.56849,48.11628],"amenities":{},"sourceId":"parks"}},{"type":"Feature","id":"munich:osm:way:1244799146","geometry":{"type":"Polygon","coordinates":[[[11.41548277,48.17499548],[11.41707056,48.17477112],[11.41842519,48.17463814],[11.41841339,48.17477112],[11.41735536,48.17477655],[11.41712368,48.17528316],[11.41671788,48.17518545],[11.41651719,48.17506785],[11.41584135,48.17505518],[11.41583545,48.17538448],[11.41639472,48.17550389],[11.41667951,48.17530577],[11.41692595,48.17544237],[11.41593432,48.177296],[11.41662196,48.1774516],[11.41834846,48.17754388],[11.41868786,48.1774715],[11.41863178,48.17765696],[11.41599482,48.17749231],[11.41575281,48.17677492],[11.41563771,48.17603944],[11.41548277,48.17499548]]]},"properties":{"id":"munich:osm:way:1244799146","name":"Öffentliche Grünanlage Korbmacherweg","nameAddon":null,"objectNumber":"munich:osm:way:1244799146","district":"München","locality":null,"type":"Park","areaM2":19112.7,"areaHa":1.91,"designation":null,"dedicated":null,"builtYear":null,"renovatedYear":null,"planningAreaId":null,"planningAreaName":null,"centroid":[11.416417,48.175944],"bounds":[11.41548,48.17464,11.41869,48.17766],"amenities":{},"sourceId":"parks"}},{"type":"Feature","id":"munich:osm:way:124908710","geometry":{"type":"Polygon","coordinates":[[[11.45200332,48.20730957],[11.45217745,48.20584494],[11.45255079,48.20588475],[11.45257735,48.205797],[11.45272344,48.20576352],[11.45272786,48.20579971],[11.45295954,48.20580966],[11.45277361,48.20731409],[11.45200332,48.20730957]]]},"properties":{"id":"munich:osm:way:124908710","name":"Unbenannter Park 124908710","nameAddon":null,"objectNumber":"munich:osm:way:124908710","district":"München","locality":null,"type":"Park","areaM2":9539.1,"areaHa":0.95,"designation":null,"dedicated":null,"builtYear":null,"renovatedYear":null,"planningAreaId":null,"planningAreaName":null,"centroid":[11.452483,48.206569],"bounds":[11.452,48.20576,11.45296,48.20731],"amenities":{},"sourceId":"parks"}},{"type":"Feature","id":"munich:osm:way:124911340","geometry":{"type":"Polygon","coordinates":[[[11.58171776,48.14238647],[11.58209995,48.14230233],[11.58216488,48.14243532],[11.58206158,48.14241451],[11.58204093,48.14237471],[11.58182401,48.14242175],[11.58178121,48.14251945],[11.58171776,48.14238647]]]},"properties":{"id":"munich:osm:way:124911340","name":"Unbenannter Park 124911340","nameAddon":null,"objectNumber":"munich:osm:way:124911340","district":"München","locality":null,"type":"Park","areaM2":267.6,"areaHa":0.03,"designation":null,"dedicated":null,"builtYear":null,"renovatedYear":null,"planningAreaId":null,"planningAreaName":null,"centroid":[11.581938,48.142385],"bounds":[11.58172,48.1423,11.58216,48.14252],"amenities":{},"sourceId":"parks"}},{"type":"Feature","id":"munich:osm:way:124911341","geometry":{"type":"Polygon","coordinates":[[[11.58181515,48.14248507],[11.58185204,48.14247693],[11.5819155,48.14260811],[11.58188008,48.14261625],[11.58181515,48.14248507]]]},"properties":{"id":"munich:osm:way:124911341","name":"Unbenannter Park 124911341","nameAddon":null,"objectNumber":"munich:osm:way:124911341","district":"München","locality":null,"type":"Park","areaM2":43.3,"areaHa":0,"designation":null,"dedicated":null,"builtYear":null,"renovatedYear":null,"planningAreaId":null,"planningAreaName":null,"centroid":[11.581865,48.142546],"bounds":[11.58182,48.14248,11.58192,48.14262],"amenities":{},"sourceId":"parks"}},{"type":"Feature","id":"munich:osm:way:124911347","geometry":{"type":"Polygon","coordinates":[[[11.58206896,48.14242989],[11.5821029,48.14242175],[11.58216783,48.14255292],[11.58213241,48.14256016],[11.58206896,48.14242989]]]},"properties":{"id":"munich:osm:way:124911347","name":"Unbenannter Park 124911347","nameAddon":null,"objectNumber":"munich:osm:way:124911347","district":"München","locality":null,"type":"Park","areaM2":41.2,"areaHa":0,"designation":null,"dedicated":null,"builtYear":null,"renovatedYear":null,"planningAreaId":null,"planningAreaName":null,"centroid":[11.582118,48.142491],"bounds":[11.58207,48.14242,11.58217,48.14256],"amenities":{},"sourceId":"parks"}},{"type":"Feature","id":"munich:osm:way:124911349","geometry":{"type":"Polygon","coordinates":[[[11.58182106,48.14259725],[11.58186828,48.14263434],[11.58192287,48.14262258],[11.58194501,48.14266691],[11.58216193,48.14261896],[11.58213979,48.14257463],[11.58220325,48.14251312],[11.58226965,48.14264701],[11.58188598,48.14273023],[11.58182106,48.14259725]]]},"properties":{"id":"munich:osm:way:124911349","name":"Unbenannter Park 124911349","nameAddon":null,"objectNumber":"munich:osm:way:124911349","district":"München","locality":null,"type":"Park","areaM2":250,"areaHa":0.03,"designation":null,"dedicated":null,"builtYear":null,"renovatedYear":null,"planningAreaId":null,"planningAreaName":null,"centroid":[11.582065,48.142644],"bounds":[11.58182,48.14251,11.58227,48.14273],"amenities":{},"sourceId":"parks"}},{"type":"Feature","id":"munich:osm:way:124911350","geometry":{"type":"Polygon","coordinates":[[[11.58191992,48.14327031],[11.58276399,48.14308576],[11.5827935,48.14314456],[11.58194944,48.14332911],[11.58191992,48.14327031]]]},"properties":{"id":"munich:osm:way:124911350","name":"Unbenannter Park 124911350","nameAddon":null,"objectNumber":"munich:osm:way:124911350","district":"München","locality":null,"type":"Park","areaM2":454.9,"areaHa":0.05,"designation":null,"dedicated":null,"builtYear":null,"renovatedYear":null,"planningAreaId":null,"planningAreaName":null,"centroid":[11.582357,48.143207],"bounds":[11.58192,48.14309,11.58279,48.14333],"amenities":{},"sourceId":"parks"}},{"type":"Feature","id":"munich:osm:way:124911352","geometry":{"type":"Polygon","coordinates":[[[11.58189926,48.14276099],[11.58237885,48.14265786],[11.58233015,48.14255835],[11.5823818,48.14254659],[11.5824541,48.14266962],[11.58257068,48.14267595],[11.58275513,48.14305681],[11.58211176,48.14319613],[11.58189926,48.14276099]]]},"properties":{"id":"munich:osm:way:124911352","name":"Unbenannter Park 124911352","nameAddon":null,"objectNumber":"munich:osm:way:124911352","district":"München","locality":null,"type":"Park","areaM2":2563.1,"areaHa":0.26,"designation":null,"dedicated":null,"builtYear":null,"renovatedYear":null,"planningAreaId":null,"planningAreaName":null,"centroid":[11.582326,48.142907],"bounds":[11.5819,48.14255,11.58276,48.1432],"amenities":{},"sourceId":"parks"}},{"type":"Feature","id":"munich:osm:way:124911356","geometry":{"type":"Polygon","coordinates":[[[11.58148904,48.14192148],[11.58212356,48.14178216],[11.58231097,48.14216302],[11.58223423,48.14220644],[11.58228441,48.14234304],[11.5822239,48.14235571],[11.58217521,48.14225167],[11.581703,48.1423548],[11.58148904,48.14192148]]]},"properties":{"id":"munich:osm:way:124911356","name":"Unbenannter Park 124911356","nameAddon":null,"objectNumber":"munich:osm:way:124911356","district":"München","locality":null,"type":"Park","areaM2":2535.3,"areaHa":0.25,"designation":null,"dedicated":null,"builtYear":null,"renovatedYear":null,"planningAreaId":null,"planningAreaName":null,"centroid":[11.581916,48.142072],"bounds":[11.58149,48.14178,11.58231,48.14236],"amenities":{},"sourceId":"parks"}},{"type":"Feature","id":"munich:osm:way:124912042","geometry":{"type":"Polygon","coordinates":[[[11.58178564,48.14342139],[11.58295287,48.14317894],[11.58333949,48.14312104],[11.58348115,48.14317894],[11.58361838,48.1431527],[11.58375709,48.1432287],[11.58399319,48.14375611],[11.58406698,48.14399855],[11.58403156,48.14409445],[11.5838958,48.14417767],[11.58336457,48.14427809],[11.58332178,48.14419034],[11.58338671,48.14417586],[11.58323619,48.14398498],[11.58293664,48.14407183],[11.58287023,48.14393975],[11.58249395,48.14382848],[11.58203207,48.14359417],[11.58187418,48.14360955],[11.58180335,48.14346119],[11.58178564,48.14342139]]]},"properties":{"id":"munich:osm:way:124912042","name":"Unbenannter Park 124912042","nameAddon":null,"objectNumber":"munich:osm:way:124912042","district":"München","locality":null,"type":"Park","areaM2":12363.5,"areaHa":1.24,"designation":null,"dedicated":null,"builtYear":null,"renovatedYear":null,"planningAreaId":null,"planningAreaName":null,"centroid":[11.583128,48.143637],"bounds":[11.58179,48.14312,11.58407,48.14428],"amenities":{},"sourceId":"parks"}},{"type":"Feature","id":"munich:osm:way:124915411","geometry":{"type":"Polygon","coordinates":[[[11.57322104,48.14763886],[11.57348223,48.1475674],[11.57351322,48.14761896],[11.57322547,48.14769948],[11.57322104,48.14763886]]]},"properties":{"id":"munich:osm:way:124915411","name":"Unbenannter Park 124915411","nameAddon":null,"objectNumber":"munich:osm:way:124915411","district":"München","locality":null,"type":"Park","areaM2":143.7,"areaHa":0.01,"designation":null,"dedicated":null,"builtYear":null,"renovatedYear":null,"planningAreaId":null,"planningAreaName":null,"centroid":[11.57336,48.147632],"bounds":[11.57322,48.14757,11.57351,48.1477],"amenities":{},"sourceId":"parks"}},{"type":"Feature","id":"munich:osm:way:124915412","geometry":{"type":"Polygon","coordinates":[[[11.57241534,48.14788855],[11.57244928,48.14785779],[11.57314726,48.14767505],[11.57317382,48.14771395],[11.57248322,48.14790845],[11.57252454,48.14797449],[11.57247879,48.14798715],[11.57241534,48.14788855]]]},"properties":{"id":"munich:osm:way:124915412","name":"Unbenannter Park 124915412","nameAddon":null,"objectNumber":"munich:osm:way:124915412","district":"München","locality":null,"type":"Park","areaM2":390.4,"areaHa":0.04,"designation":null,"dedicated":null,"builtYear":null,"renovatedYear":null,"planningAreaId":null,"planningAreaName":null,"centroid":[11.572753,48.147811],"bounds":[11.57242,48.14768,11.57317,48.14799],"amenities":{},"sourceId":"parks"}},{"type":"Feature","id":"munich:osm:way:124915413","geometry":{"type":"Polygon","coordinates":[[[11.57183837,48.14861317],[11.5723268,48.14866474],[11.57234304,48.14869188],[11.57257914,48.14862765],[11.57255405,48.14858603],[11.57261603,48.14858965],[11.57264554,48.14867921],[11.57204791,48.14883843],[11.57197118,48.14881491],[11.57183837,48.14861317]]]},"properties":{"id":"munich:osm:way:124915413","name":"Unbenannter Park 124915413","nameAddon":null,"objectNumber":"munich:osm:way:124915413","district":"München","locality":null,"type":"Park","areaM2":760.9,"areaHa":0.08,"designation":null,"dedicated":null,"builtYear":null,"renovatedYear":null,"planningAreaId":null,"planningAreaName":null,"centroid":[11.572192,48.14871],"bounds":[11.57184,48.14859,11.57265,48.14884],"amenities":{},"sourceId":"parks"}},{"type":"Feature","id":"munich:osm:way:125896516","geometry":{"type":"Polygon","coordinates":[[[11.52271144,48.1067704],[11.52285163,48.10660304],[11.52417528,48.10709246],[11.52478767,48.10726977],[11.52544285,48.10741089],[11.52604934,48.10745432],[11.52811523,48.10742537],[11.52974728,48.10730595],[11.5311698,48.10726615],[11.53125686,48.10762439],[11.53117275,48.10857246],[11.53088795,48.10855618],[11.53083188,48.1082287],[11.53092337,48.10818799],[11.5309396,48.10778451],[11.53088795,48.10753754],[11.53079646,48.10749955],[11.53003503,48.10746517],[11.5297768,48.10770581],[11.52739069,48.10775194],[11.526312,48.1077239],[11.52620871,48.10780803],[11.52603458,48.10777185],[11.52609951,48.10767143],[11.52557861,48.1076461],[11.52538087,48.10808033],[11.52279703,48.10685634],[11.52271144,48.1067704]]]},"properties":{"id":"munich:osm:way:125896516","name":"Unbenannter Park 125896516","nameAddon":null,"objectNumber":"munich:osm:way:125896516","district":"München","locality":null,"type":"Park","areaM2":26323.6,"areaHa":2.63,"designation":null,"dedicated":null,"builtYear":null,"renovatedYear":null,"planningAreaId":null,"planningAreaName":null,"centroid":[11.527111,48.107516],"bounds":[11.52271,48.1066,11.53126,48.10857],"amenities":{},"sourceId":"parks"}},{"type":"Feature","id":"munich:osm:way:125896518","geometry":{"type":"Polygon","coordinates":[[[11.52486883,48.10566944],[11.52505476,48.10538538],[11.52603163,48.10559888],[11.52794553,48.10573548],[11.52797062,48.10597883],[11.52676502,48.10598064],[11.52619838,48.10593812],[11.5252156,48.10577709],[11.52486883,48.10566944]]]},"properties":{"id":"munich:osm:way:125896518","name":"Unbenannter Park 125896518","nameAddon":null,"objectNumber":"munich:osm:way:125896518","district":"München","locality":null,"type":"Park","areaM2":7726,"areaHa":0.77,"designation":null,"dedicated":null,"builtYear":null,"renovatedYear":null,"planningAreaId":null,"planningAreaName":null,"centroid":[11.526387,48.105754],"bounds":[11.52487,48.10539,11.52797,48.10598],"amenities":{},"sourceId":"parks"}},{"type":"Feature","id":"munich:osm:way:126206613","geometry":{"type":"Polygon","coordinates":[[[11.53968128,48.11415506],[11.53971079,48.11341505],[11.53984802,48.11316175],[11.54033203,48.11281075],[11.54132218,48.11236385],[11.54206738,48.11209788],[11.54293506,48.1119459],[11.54393701,48.11193505],[11.54382929,48.11272752],[11.54466008,48.11297177],[11.54459367,48.11302244],[11.54425133,48.11295459],[11.54356515,48.11289398],[11.5435622,48.11277366],[11.54276093,48.11277456],[11.54271224,48.11320337],[11.54173389,48.11321965],[11.54173241,48.11348109],[11.54166306,48.11348109],[11.54166011,48.11352542],[11.54074373,48.11355799],[11.54076735,48.11452234],[11.54039844,48.11456305],[11.54074373,48.11569477],[11.54109494,48.11568844],[11.5414063,48.115778],[11.54158337,48.1159915],[11.54194638,48.11620771],[11.5411761,48.11628641],[11.54119233,48.11658314],[11.54127644,48.11663018],[11.54146532,48.11662927],[11.54141515,48.11700561],[11.54101673,48.11716211],[11.54079391,48.11716664],[11.54085883,48.11698842],[11.54072012,48.1169848],[11.54069799,48.11654514],[11.54075259,48.11644654],[11.54070537,48.11641849],[11.54069799,48.11609463],[11.54025235,48.11534196],[11.53999264,48.11533563],[11.53981703,48.11482269],[11.53968128,48.11415506]]]},"properties":{"id":"munich:osm:way:126206613","name":"Park an der Plinganserstraße","nameAddon":null,"objectNumber":"munich:osm:way:126206613","district":"München","locality":null,"type":"Park","areaM2":55861.7,"areaHa":5.59,"designation":null,"dedicated":null,"builtYear":null,"renovatedYear":null,"planningAreaId":null,"planningAreaName":null,"centroid":[11.541395,48.113744],"bounds":[11.53968,48.11194,11.54466,48.11717],"amenities":{},"sourceId":"parks"}},{"type":"Feature","id":"munich:osm:way:126373779","geometry":{"type":"Polygon","coordinates":[[[11.63862572,48.16955672],[11.63906546,48.16933146],[11.63890757,48.16855346],[11.63997593,48.16840782],[11.64005709,48.16936132],[11.64033746,48.16983897],[11.64056766,48.17002081],[11.64034041,48.16995658],[11.64011464,48.16995024],[11.64014415,48.1711679],[11.64042747,48.17116881],[11.64047322,48.17352271],[11.64076687,48.17346571],[11.63899758,48.17392709],[11.63946388,48.17227519],[11.6393296,48.17227791],[11.63929271,48.17068844],[11.63913039,48.17034919],[11.6386877,48.16974489],[11.63862572,48.16955672]]]},"properties":{"id":"munich:osm:way:126373779","name":"Unbenannter Park 126373779","nameAddon":null,"objectNumber":"munich:osm:way:126373779","district":"München","locality":null,"type":"Park","areaM2":49352.5,"areaHa":4.94,"designation":null,"dedicated":null,"builtYear":null,"renovatedYear":null,"planningAreaId":null,"planningAreaName":null,"centroid":[11.639702,48.171143],"bounds":[11.63863,48.16841,11.64077,48.17393],"amenities":{},"sourceId":"parks"}},{"type":"Feature","id":"munich:osm:way:126855838","geometry":{"type":"Polygon","coordinates":[[[11.6016064,48.15030306],[11.60166838,48.15018455],[11.60175397,48.15016555],[11.60199154,48.15019179],[11.60219518,48.15025963],[11.60176134,48.1504668],[11.6016064,48.15030306]]]},"properties":{"id":"munich:osm:way:126855838","name":"Unbenannter Park 126855838","nameAddon":null,"objectNumber":"munich:osm:way:126855838","district":"München","locality":null,"type":"Park","areaM2":825.3,"areaHa":0.08,"designation":null,"dedicated":null,"builtYear":null,"renovatedYear":null,"planningAreaId":null,"planningAreaName":null,"centroid":[11.601852,48.150292],"bounds":[11.60161,48.15017,11.6022,48.15047],"amenities":{},"sourceId":"parks"}},{"type":"Feature","id":"munich:osm:way:126908128","geometry":{"type":"Polygon","coordinates":[[[11.60093351,48.15052289],[11.60140129,48.15033653],[11.60149868,48.15044328],[11.60104271,48.15063687],[11.60093351,48.15052289]]]},"properties":{"id":"munich:osm:way:126908128","name":"Unbenannter Park 126908128","nameAddon":null,"objectNumber":"munich:osm:way:126908128","district":"München","locality":null,"type":"Park","areaM2":586.4,"areaHa":0.06,"designation":null,"dedicated":null,"builtYear":null,"renovatedYear":null,"planningAreaId":null,"planningAreaName":null,"centroid":[11.601216,48.150486],"bounds":[11.60093,48.15034,11.6015,48.15064],"amenities":{},"sourceId":"parks"}},{"type":"Feature","id":"munich:osm:way:126916298","geometry":{"type":"Polygon","coordinates":[[[11.59894288,48.14911073],[11.59925128,48.14896237],[11.59967037,48.14890809],[11.59978399,48.14916048],[11.59948886,48.14927899],[11.60072692,48.15061064],[11.6007948,48.15059164],[11.60320452,48.15316447],[11.60370328,48.15361227],[11.60439978,48.15418853],[11.60450455,48.1541243],[11.60631369,48.15551022],[11.60658225,48.15576714],[11.6071489,48.15555998],[11.60738352,48.15579338],[11.60775243,48.15627284],[11.60729203,48.15644201],[11.60750157,48.15685182],[11.60784687,48.15780803],[11.60824972,48.15845667],[11.61315769,48.16393432],[11.61450495,48.16534377],[11.61577252,48.16685544],[11.61637311,48.16662475],[11.61649854,48.16684368],[11.61663134,48.16689796],[11.61705485,48.16740727],[11.6171611,48.16761896],[11.61684974,48.1681708],[11.61677596,48.16815451],[11.61668889,48.16803962],[11.61580499,48.16743079],[11.61395749,48.16541885],[11.61088669,48.16191153],[11.60802838,48.15906459],[11.60741156,48.15839153],[11.60729203,48.15833183],[11.59914209,48.14939117],[11.59894288,48.14911073]]]},"properties":{"id":"munich:osm:way:126916298","name":"Unbenannter Park 126916298","nameAddon":null,"objectNumber":"munich:osm:way:126916298","district":"München","locality":null,"type":"Park","areaM2":126717.3,"areaHa":12.67,"designation":null,"dedicated":null,"builtYear":null,"renovatedYear":null,"planningAreaId":null,"planningAreaName":null,"centroid":[11.607798,48.158204],"bounds":[11.59894,48.14891,11.61716,48.16817],"amenities":{},"sourceId":"parks"}},{"type":"Feature","id":"munich:osm:way:126922227","geometry":{"type":"Polygon","coordinates":[[[11.60384642,48.1535797],[11.60445881,48.15327393],[11.60468016,48.15347295],[11.6040899,48.15378958],[11.60384642,48.1535797]]]},"properties":{"id":"munich:osm:way:126922227","name":"Unbenannter Park 126922227","nameAddon":null,"objectNumber":"munich:osm:way:126922227","district":"München","locality":null,"type":"Park","areaM2":1625,"areaHa":0.16,"designation":null,"dedicated":null,"builtYear":null,"renovatedYear":null,"planningAreaId":null,"planningAreaName":null,"centroid":[11.604265,48.153531],"bounds":[11.60385,48.15327,11.60468,48.15379],"amenities":{},"sourceId":"parks"}},{"type":"Feature","id":"munich:osm:way:126974695","geometry":{"type":"Polygon","coordinates":[[[11.55949318,48.13172879],[11.55956844,48.1317324],[11.55961271,48.13152524],[11.56030774,48.13160213],[11.56023543,48.13172879],[11.56031069,48.13174507],[11.56011295,48.13182016],[11.55994473,48.13202189],[11.55981192,48.13190429],[11.55949909,48.13181473],[11.55949318,48.13172879]]]},"properties":{"id":"munich:osm:way:126974695","name":"Therapiegarten","nameAddon":null,"objectNumber":"munich:osm:way:126974695","district":"München","locality":null,"type":"Park","areaM2":1932,"areaHa":0.19,"designation":null,"dedicated":null,"builtYear":null,"renovatedYear":null,"planningAreaId":null,"planningAreaName":null,"centroid":[11.559889,48.131731],"bounds":[11.55949,48.13153,11.56031,48.13202],"amenities":{},"sourceId":"parks"}},{"type":"Feature","id":"munich:osm:way:127009745","geometry":{"type":"Polygon","coordinates":[[[11.60725367,48.15389542],[11.60849173,48.15340148],[11.60910854,48.1539307],[11.60990244,48.15477203],[11.60856403,48.15530939],[11.60725367,48.15389542]]]},"properties":{"id":"munich:osm:way:127009745","name":"Herzog-Albrecht-Anlage","nameAddon":null,"objectNumber":"munich:osm:way:127009745","district":"München","locality":null,"type":"Park","areaM2":21114.8,"areaHa":2.11,"designation":null,"dedicated":null,"builtYear":null,"renovatedYear":null,"planningAreaId":null,"planningAreaName":null,"centroid":[11.608574,48.154348],"bounds":[11.60725,48.1534,11.6099,48.15531],"amenities":{},"sourceId":"parks"}},{"type":"Feature","id":"munich:osm:way:127019255","geometry":{"type":"Polygon","coordinates":[[[11.59787156,48.14960195],[11.59829064,48.14940565],[11.604962,48.15680387],[11.60440569,48.15703275],[11.60424779,48.15705356],[11.60399989,48.15701466],[11.60369886,48.15670798],[11.60429649,48.15647548],[11.60388036,48.15599783],[11.60339783,48.15617514],[11.60318829,48.15607111],[11.60199892,48.15469513],[11.60028718,48.15250678],[11.60066495,48.15239461],[11.59906831,48.15044418],[11.59876875,48.15056631],[11.59815194,48.14990411],[11.59787156,48.14960195]]]},"properties":{"id":"munich:osm:way:127019255","name":"Unbenannter Park 127019255","nameAddon":null,"objectNumber":"munich:osm:way:127019255","district":"München","locality":null,"type":"Park","areaM2":43281.1,"areaHa":4.33,"designation":null,"dedicated":null,"builtYear":null,"renovatedYear":null,"planningAreaId":null,"planningAreaName":null,"centroid":[11.601902,48.153901],"bounds":[11.59787,48.14941,11.60496,48.15705],"amenities":{},"sourceId":"parks"}},{"type":"Feature","id":"munich:osm:way:127019356","geometry":{"type":"Polygon","coordinates":[[[11.59467238,48.14203094],[11.59492029,48.14199113],[11.59538954,48.14307852],[11.59632362,48.1468681],[11.59690059,48.14784965],[11.59813128,48.149241],[11.59773876,48.14940293],[11.59759857,48.14930432],[11.59655382,48.14812828],[11.59622328,48.14767686],[11.59614064,48.14743894],[11.59606538,48.14744165],[11.59565811,48.14534829],[11.59520804,48.14341686],[11.59484208,48.14240637],[11.59467238,48.14203094]]]},"properties":{"id":"munich:osm:way:127019356","name":"Unbenannter Park 127019356","nameAddon":null,"objectNumber":"munich:osm:way:127019356","district":"München","locality":null,"type":"Park","areaM2":23248.5,"areaHa":2.32,"designation":null,"dedicated":null,"builtYear":null,"renovatedYear":null,"planningAreaId":null,"planningAreaName":null,"centroid":[11.596245,48.146316],"bounds":[11.59467,48.14199,11.59813,48.1494],"amenities":{},"sourceId":"parks"}},{"type":"Feature","id":"munich:osm:way:1271828583","geometry":{"type":"Polygon","coordinates":[[[11.54325527,48.21297449],[11.54375404,48.21296273],[11.54376584,48.21310295],[11.54331577,48.21311833],[11.54326265,48.21308486],[11.54325527,48.21297449]]]},"properties":{"id":"munich:osm:way:1271828583","name":"Unbenannter Park 1271828583","nameAddon":null,"objectNumber":"munich:osm:way:1271828583","district":"München","locality":null,"type":"Park","areaM2":584.6,"areaHa":0.06,"designation":null,"dedicated":null,"builtYear":null,"renovatedYear":null,"planningAreaId":null,"planningAreaName":null,"centroid":[11.543511,48.213039],"bounds":[11.54326,48.21296,11.54377,48.21312],"amenities":{},"sourceId":"parks"}},{"type":"Feature","id":"munich:osm:way:1272184478","geometry":{"type":"Polygon","coordinates":[[[11.40666879,48.14996381],[11.40741399,48.14689705],[11.40802195,48.14705356],[11.40694473,48.14917948],[11.40700524,48.14997196],[11.40678094,48.14996653],[11.40666879,48.14996381]]]},"properties":{"id":"munich:osm:way:1272184478","name":"Anger Freiham","nameAddon":null,"objectNumber":"munich:osm:way:1272184478","district":"München","locality":null,"type":"Park","areaM2":8084.8,"areaHa":0.81,"designation":null,"dedicated":null,"builtYear":null,"renovatedYear":null,"planningAreaId":null,"planningAreaName":null,"centroid":[11.407322,48.148105],"bounds":[11.40667,48.1469,11.40802,48.14997],"amenities":{},"sourceId":"parks"}},{"type":"Feature","id":"munich:osm:way:1272184479","geometry":{"type":"Polygon","coordinates":[[[11.40861368,48.14484259],[11.40871402,48.14411435],[11.40906523,48.14420391],[11.40868746,48.14485887],[11.40861368,48.14484259]]]},"properties":{"id":"munich:osm:way:1272184479","name":"Anger Freiham","nameAddon":null,"objectNumber":"munich:osm:way:1272184479","district":"München","locality":null,"type":"Park","areaM2":1425,"areaHa":0.14,"designation":null,"dedicated":null,"builtYear":null,"renovatedYear":null,"planningAreaId":null,"planningAreaName":null,"centroid":[11.408796,48.144429],"bounds":[11.40861,48.14411,11.40907,48.14486],"amenities":{},"sourceId":"parks"}},{"type":"Feature","id":"munich:osm:way:1272597559","geometry":{"type":"Polygon","coordinates":[[[11.64440727,48.11616519],[11.64445449,48.11612448],[11.64522034,48.11588294],[11.64527347,48.11600235],[11.6444899,48.11625384],[11.64445006,48.11623937],[11.64440727,48.11616519]]]},"properties":{"id":"munich:osm:way:1272597559","name":"Unbenannter Park 1272597559","nameAddon":null,"objectNumber":"munich:osm:way:1272597559","district":"München","locality":null,"type":"Park","areaM2":942.1,"areaHa":0.09,"designation":null,"dedicated":null,"builtYear":null,"renovatedYear":null,"planningAreaId":null,"planningAreaName":null,"centroid":[11.64484,48.116072],"bounds":[11.64441,48.11588,11.64527,48.11625],"amenities":{},"sourceId":"parks"}},{"type":"Feature","id":"munich:osm:way:1274357141","geometry":{"type":"Polygon","coordinates":[[[11.51081633,48.15017279],[11.51085322,48.15002714],[11.51118672,48.15006604],[11.51123689,48.1502334],[11.51093881,48.15021802],[11.51081633,48.15017279]]]},"properties":{"id":"munich:osm:way:1274357141","name":"Unbenannter Park 1274357141","nameAddon":null,"objectNumber":"munich:osm:way:1274357141","district":"München","locality":null,"type":"Park","areaM2":548.2,"areaHa":0.05,"designation":null,"dedicated":null,"builtYear":null,"renovatedYear":null,"planningAreaId":null,"planningAreaName":null,"centroid":[11.511023,48.150135],"bounds":[11.51082,48.15003,11.51124,48.15023],"amenities":{},"sourceId":"parks"}},{"type":"Feature","id":"munich:osm:way:1283344940","geometry":{"type":"Polygon","coordinates":[[[11.61846408,48.1019061],[11.62011827,48.10183644],[11.62015074,48.10218835],[11.61849802,48.10225801],[11.61846408,48.1019061]]]},"properties":{"id":"munich:osm:way:1283344940","name":"Öffentliche Grünfläche Hochäckerstraße","nameAddon":null,"objectNumber":"munich:osm:way:1283344940","district":"München","locality":null,"type":"Park","areaM2":4842,"areaHa":0.48,"designation":null,"dedicated":null,"builtYear":null,"renovatedYear":null,"planningAreaId":null,"planningAreaName":null,"centroid":[11.619308,48.102047],"bounds":[11.61846,48.10184,11.62015,48.10226],"amenities":{},"sourceId":"parks"}},{"type":"Feature","id":"munich:osm:way:1285199248","geometry":{"type":"Polygon","coordinates":[[[11.51164269,48.16063235],[11.51165892,48.1604858],[11.5207636,48.16306767],[11.52059391,48.16323593],[11.51221081,48.160778],[11.51164269,48.16063235]]]},"properties":{"id":"munich:osm:way:1285199248","name":"Unbenannter Park 1285199248","nameAddon":null,"objectNumber":"munich:osm:way:1285199248","district":"München","locality":null,"type":"Park","areaM2":13664.7,"areaHa":1.37,"designation":null,"dedicated":null,"builtYear":null,"renovatedYear":null,"planningAreaId":null,"planningAreaName":null,"centroid":[11.516524,48.161954],"bounds":[11.51164,48.16049,11.52076,48.16324],"amenities":{},"sourceId":"parks"}},{"type":"Feature","id":"munich:osm:way:1289661438","geometry":{"type":"Polygon","coordinates":[[[11.62502034,48.12076895],[11.6251443,48.12074],[11.62510593,48.12067577],[11.62544533,48.12059255],[11.62552649,48.12079881],[11.62523136,48.1208558],[11.62535088,48.12111815],[11.62526972,48.12114076],[11.62511478,48.12093631],[11.62502034,48.12076895]]]},"properties":{"id":"munich:osm:way:1289661438","name":"Unbenannter Park 1289661438","nameAddon":null,"objectNumber":"munich:osm:way:1289661438","district":"München","locality":null,"type":"Park","areaM2":1002.2,"areaHa":0.1,"designation":null,"dedicated":null,"builtYear":null,"renovatedYear":null,"planningAreaId":null,"planningAreaName":null,"centroid":[11.625268,48.120814],"bounds":[11.62502,48.12059,11.62553,48.12114],"amenities":{},"sourceId":"parks"}},{"type":"Feature","id":"munich:osm:way:129320440","geometry":{"type":"Polygon","coordinates":[[[11.45547255,48.1447856],[11.45641105,48.14481274],[11.45641696,48.14477112],[11.45667077,48.14478017],[11.45701754,48.14489868],[11.45696442,48.14500995],[11.4569777,48.14560883],[11.45779963,48.14561064],[11.45788817,48.14611001],[11.45761517,48.14614257],[11.4566324,48.14637869],[11.45645532,48.14627284],[11.45613658,48.14588384],[11.45581785,48.14560521],[11.45557879,48.14501357],[11.45547255,48.1447856]]]},"properties":{"id":"munich:osm:way:129320440","name":"Magdalenenpark","nameAddon":null,"objectNumber":"munich:osm:way:129320440","district":"München","locality":null,"type":"Park","areaM2":17737.8,"areaHa":1.77,"designation":null,"dedicated":null,"builtYear":null,"renovatedYear":null,"planningAreaId":null,"planningAreaName":null,"centroid":[11.456629,48.145554],"bounds":[11.45547,48.14477,11.45789,48.14638],"amenities":{},"sourceId":"parks"}},{"type":"Feature","id":"munich:osm:way:129957020","geometry":{"type":"Polygon","coordinates":[[[11.56181731,48.11837615],[11.5628783,48.11787136],[11.56326049,48.11829926],[11.56349806,48.11841686],[11.5635202,48.11854532],[11.56491025,48.11971413],[11.56547689,48.1200787],[11.56793383,48.12139949],[11.56810648,48.12141306],[11.56837505,48.12134974],[11.56852113,48.12125204],[11.56859049,48.12109553],[11.56898301,48.12100868],[11.56949653,48.12103944],[11.57020484,48.12045594],[11.57030223,48.12059164],[11.56916009,48.12154243],[11.56910991,48.12168265],[11.56867903,48.12191605],[11.56810648,48.12240727],[11.56739817,48.12203727],[11.56723733,48.12200109],[11.56598304,48.12143658],[11.56593434,48.12133345],[11.56456938,48.12051927],[11.56333722,48.11986611],[11.56287535,48.11946445],[11.56231755,48.11882667],[11.56186453,48.11841686],[11.56181731,48.11837615]]]},"properties":{"id":"munich:osm:way:129957020","name":"Unbenannter Park 129957020","nameAddon":null,"objectNumber":"munich:osm:way:129957020","district":"München","locality":null,"type":"Park","areaM2":64574.8,"areaHa":6.46,"designation":null,"dedicated":null,"builtYear":null,"renovatedYear":null,"planningAreaId":null,"planningAreaName":null,"centroid":[11.565512,48.120321],"bounds":[11.56182,48.11787,11.5703,48.12241],"amenities":{},"sourceId":"parks"}},{"type":"Feature","id":"munich:osm:way:1301154452","geometry":{"type":"Polygon","coordinates":[[[11.49760642,48.1794156],[11.49890203,48.17877691],[11.49888138,48.17898951],[11.49905698,48.17914963],[11.49939932,48.17898317],[11.50066099,48.18013208],[11.50053852,48.18022073],[11.49971954,48.18000362],[11.49760642,48.1794156]]]},"properties":{"id":"munich:osm:way:1301154452","name":"Unbenannter Park 1301154452","nameAddon":null,"objectNumber":"munich:osm:way:1301154452","district":"München","locality":null,"type":"Park","areaM2":13958.2,"areaHa":1.4,"designation":null,"dedicated":null,"builtYear":null,"renovatedYear":null,"planningAreaId":null,"planningAreaName":null,"centroid":[11.499169,48.179509],"bounds":[11.49761,48.17878,11.50066,48.18022],"amenities":{},"sourceId":"parks"}},{"type":"Feature","id":"munich:osm:way:1302091659","geometry":{"type":"Polygon","coordinates":[[[11.46567363,48.21097521],[11.46573708,48.21091822],[11.46576807,48.21069568],[11.467347,48.21069839],[11.46735733,48.21094898],[11.4667715,48.21095983],[11.46678626,48.21111001],[11.46599089,48.21112086],[11.46580496,48.21105663],[11.46567363,48.21097521]]]},"properties":{"id":"munich:osm:way:1302091659","name":"Grünanlage an der Gerberau Ost","nameAddon":null,"objectNumber":"munich:osm:way:1302091659","district":"München","locality":null,"type":"Park","areaM2":4665.1,"areaHa":0.47,"designation":null,"dedicated":null,"builtYear":null,"renovatedYear":null,"planningAreaId":null,"planningAreaName":null,"centroid":[11.466472,48.210884],"bounds":[11.46567,48.2107,11.46736,48.21112],"amenities":{},"sourceId":"parks"}},{"type":"Feature","id":"munich:osm:way:1304698371","geometry":{"type":"Polygon","coordinates":[[[11.53760505,48.18263072],[11.53765375,48.18262529],[11.53768621,48.18271214],[11.53794593,48.18266058],[11.53791346,48.18292745],[11.5378382,48.18292383],[11.53781459,48.18275375],[11.53776885,48.18275556],[11.53777918,48.18286864],[11.53763752,48.1828795],[11.53760505,48.18263072]]]},"properties":{"id":"munich:osm:way:1304698371","name":"Unbenannter Park 1304698371","nameAddon":null,"objectNumber":"munich:osm:way:1304698371","district":"München","locality":null,"type":"Park","areaM2":488.4,"areaHa":0.05,"designation":null,"dedicated":null,"builtYear":null,"renovatedYear":null,"planningAreaId":null,"planningAreaName":null,"centroid":[11.53778,48.182776],"bounds":[11.53761,48.18263,11.53795,48.18293],"amenities":{},"sourceId":"parks"}},{"type":"Feature","id":"munich:osm:way:1306358121","geometry":{"type":"Polygon","coordinates":[[[11.54063749,48.12957934],[11.54138859,48.13022888],[11.5407703,48.13035281],[11.54063749,48.12957934]]]},"properties":{"id":"munich:osm:way:1306358121","name":"Sinti-Roma-Platz","nameAddon":null,"objectNumber":"munich:osm:way:1306358121","district":"München","locality":null,"type":"Park","areaM2":2047,"areaHa":0.2,"designation":null,"dedicated":null,"builtYear":null,"renovatedYear":null,"planningAreaId":null,"planningAreaName":null,"centroid":[11.540932,48.130054],"bounds":[11.54064,48.12958,11.54139,48.13035],"amenities":{},"sourceId":"parks"}},{"type":"Feature","id":"munich:osm:way:1308015588","geometry":{"type":"Polygon","coordinates":[[[11.58266955,48.12209065],[11.58405222,48.12150443],[11.58395335,48.1214004],[11.58404041,48.12136874],[11.58364789,48.12094717],[11.58369954,48.12090646],[11.58482693,48.12155509],[11.5852283,48.12127917],[11.58540981,48.12148996],[11.58499515,48.12151257],[11.58462772,48.12195133],[11.5856223,48.12271305],[11.58648555,48.12269857],[11.58657999,48.12281346],[11.58548211,48.12287045],[11.58505565,48.12307671],[11.58491104,48.12296001],[11.58510435,48.12277366],[11.58453328,48.12217206],[11.58312847,48.12207165],[11.58297353,48.12233671],[11.58273743,48.12217387],[11.58266955,48.12209065]]]},"properties":{"id":"munich:osm:way:1308015588","name":"Regerpark","nameAddon":null,"objectNumber":"munich:osm:way:1308015588","district":"München","locality":null,"type":"Park","areaM2":14663.5,"areaHa":1.47,"designation":null,"dedicated":null,"builtYear":null,"renovatedYear":null,"planningAreaId":null,"planningAreaName":null,"centroid":[11.584449,48.122024],"bounds":[11.58267,48.12091,11.58658,48.12308],"amenities":{},"sourceId":"parks"}},{"type":"Feature","id":"munich:osm:way:1312086562","geometry":{"type":"Polygon","coordinates":[[[11.47211331,48.15228424],[11.47221808,48.15227881],[11.47222546,48.15234757],[11.47212069,48.15235299],[11.47211331,48.15228424]]]},"properties":{"id":"munich:osm:way:1312086562","name":"Unbenannter Park 1312086562","nameAddon":null,"objectNumber":"munich:osm:way:1312086562","district":"München","locality":null,"type":"Park","areaM2":60,"areaHa":0.01,"designation":null,"dedicated":null,"builtYear":null,"renovatedYear":null,"planningAreaId":null,"planningAreaName":null,"centroid":[11.472169,48.152316],"bounds":[11.47211,48.15228,11.47223,48.15235],"amenities":{},"sourceId":"parks"}},{"type":"Feature","id":"munich:osm:way:1312417028","geometry":{"type":"Polygon","coordinates":[[[11.60272641,48.15031844],[11.60303777,48.15041433],[11.60300383,48.15044509],[11.60272641,48.15031844]]]},"properties":{"id":"munich:osm:way:1312417028","name":"Unbenannter Park 1312417028","nameAddon":null,"objectNumber":"munich:osm:way:1312417028","district":"München","locality":null,"type":"Park","areaM2":73.8,"areaHa":0.01,"designation":null,"dedicated":null,"builtYear":null,"renovatedYear":null,"planningAreaId":null,"planningAreaName":null,"centroid":[11.602923,48.150393],"bounds":[11.60273,48.15032,11.60304,48.15045],"amenities":{},"sourceId":"parks"}},{"type":"Feature","id":"munich:osm:way:1317671118","geometry":{"type":"Polygon","coordinates":[[[11.59450563,48.20014113],[11.59452334,48.20004885],[11.59580124,48.19989144],[11.59582781,48.19998733],[11.59450563,48.20014113]]]},"properties":{"id":"munich:osm:way:1317671118","name":"Unbenannter Park 1317671118","nameAddon":null,"objectNumber":"munich:osm:way:1317671118","district":"München","locality":null,"type":"Park","areaM2":1093,"areaHa":0.11,"designation":null,"dedicated":null,"builtYear":null,"renovatedYear":null,"planningAreaId":null,"planningAreaName":null,"centroid":[11.595175,48.200016],"bounds":[11.59451,48.19989,11.59583,48.20014],"amenities":{},"sourceId":"parks"}},{"type":"Feature","id":"munich:osm:way:1317671119","geometry":{"type":"Polygon","coordinates":[[[11.59588683,48.1998824],[11.59713965,48.19974217],[11.59715588,48.19981907],[11.59707029,48.1998444],[11.59591339,48.19997648],[11.59588683,48.1998824]]]},"properties":{"id":"munich:osm:way:1317671119","name":"Unbenannter Park 1317671119","nameAddon":null,"objectNumber":"munich:osm:way:1317671119","district":"München","locality":null,"type":"Park","areaM2":1031.9,"areaHa":0.1,"designation":null,"dedicated":null,"builtYear":null,"renovatedYear":null,"planningAreaId":null,"planningAreaName":null,"centroid":[11.596518,48.199859],"bounds":[11.59589,48.19974,11.59716,48.19998],"amenities":{},"sourceId":"parks"}},{"type":"Feature","id":"munich:osm:way:1321558597","geometry":{"type":"Polygon","coordinates":[[[11.69674813,48.1131898],[11.69675846,48.11314094],[11.6969075,48.1131907],[11.69730592,48.11348019],[11.69733248,48.1135788],[11.69721738,48.11355256],[11.69674813,48.1131898]]]},"properties":{"id":"munich:osm:way:1321558597","name":"Unbenannter Park 1321558597","nameAddon":null,"objectNumber":"munich:osm:way:1321558597","district":"München","locality":null,"type":"Park","areaM2":624.7,"areaHa":0.06,"designation":null,"dedicated":null,"builtYear":null,"renovatedYear":null,"planningAreaId":null,"planningAreaName":null,"centroid":[11.697053,48.113362],"bounds":[11.69675,48.11314,11.69733,48.11358],"amenities":{},"sourceId":"parks"}},{"type":"Feature","id":"munich:osm:way:132215443","geometry":{"type":"Polygon","coordinates":[[[11.47287474,48.1883472],[11.47304001,48.18812647],[11.4731315,48.18814909],[11.47296623,48.18836711],[11.47287474,48.1883472]]]},"properties":{"id":"munich:osm:way:132215443","name":"Unbenannter Park 132215443","nameAddon":null,"objectNumber":"munich:osm:way:132215443","district":"München","locality":null,"type":"Park","areaM2":239.6,"areaHa":0.02,"designation":null,"dedicated":null,"builtYear":null,"renovatedYear":null,"planningAreaId":null,"planningAreaName":null,"centroid":[11.473003,48.188247],"bounds":[11.47287,48.18813,11.47313,48.18837],"amenities":{},"sourceId":"parks"}},{"type":"Feature","id":"munich:osm:way:132361750","geometry":{"type":"Polygon","coordinates":[[[11.61204063,48.11363579],[11.61209966,48.11329293],[11.61300127,48.11345033],[11.61334953,48.1127827],[11.61343216,48.11275556],[11.61358858,48.11282613],[11.61324623,48.11376877],[11.61290241,48.11376425],[11.61206867,48.11383029],[11.61204063,48.11363579]]]},"properties":{"id":"munich:osm:way:132361750","name":"Unbenannter Park 132361750","nameAddon":null,"objectNumber":"munich:osm:way:132361750","district":"München","locality":null,"type":"Park","areaM2":5889.6,"areaHa":0.59,"designation":null,"dedicated":null,"builtYear":null,"renovatedYear":null,"planningAreaId":null,"planningAreaName":null,"centroid":[11.612824,48.113454],"bounds":[11.61204,48.11276,11.61359,48.11383],"amenities":{},"sourceId":"parks"}},{"type":"Feature","id":"munich:osm:way:132458488","geometry":{"type":"Polygon","coordinates":[[[11.62489344,48.15443369],[11.62562093,48.15427538],[11.6261492,48.15406278],[11.62619495,48.15378596],[11.6270582,48.15376787],[11.62696081,48.15386557],[11.62719396,48.15402298],[11.62759385,48.15412882],[11.62750384,48.15482088],[11.62793177,48.1556224],[11.62710837,48.15579157],[11.62706853,48.15571377],[11.6268885,48.15582233],[11.6267129,48.15475484],[11.62658452,48.1545133],[11.62492738,48.15463724],[11.62489344,48.15443369]]]},"properties":{"id":"munich:osm:way:132458488","name":"Unbenannter Park 132458488","nameAddon":null,"objectNumber":"munich:osm:way:132458488","district":"München","locality":null,"type":"Park","areaM2":20069.8,"areaHa":2.01,"designation":null,"dedicated":null,"builtYear":null,"renovatedYear":null,"planningAreaId":null,"planningAreaName":null,"centroid":[11.626795,48.154668],"bounds":[11.62489,48.15377,11.62793,48.15582],"amenities":{},"sourceId":"parks"}},{"type":"Feature","id":"munich:osm:way:1328144563","geometry":{"type":"Polygon","coordinates":[[[11.52953774,48.14743803],[11.53019293,48.14730052],[11.53023867,48.14750498],[11.53004831,48.14751583],[11.53005274,48.14758639],[11.52956431,48.14761263],[11.52953774,48.14743803]]]},"properties":{"id":"munich:osm:way:1328144563","name":"Unbenannter Park 1328144563","nameAddon":null,"objectNumber":"munich:osm:way:1328144563","district":"München","locality":null,"type":"Park","areaM2":1180.3,"areaHa":0.12,"designation":null,"dedicated":null,"builtYear":null,"renovatedYear":null,"planningAreaId":null,"planningAreaName":null,"centroid":[11.52989,48.147472],"bounds":[11.52954,48.1473,11.53024,48.14761],"amenities":{},"sourceId":"parks"}},{"type":"Feature","id":"munich:osm:way:132818342","geometry":{"type":"Polygon","coordinates":[[[11.53827499,48.14343857],[11.5382986,48.14339153],[11.53839452,48.14336711],[11.54467926,48.14289759],[11.54478993,48.1429573],[11.54504817,48.14353718],[11.53837534,48.14403745],[11.53835173,48.14389814],[11.53827499,48.14343857]]]},"properties":{"id":"munich:osm:way:132818342","name":"Arnulfpark","nameAddon":null,"objectNumber":"munich:osm:way:132818342","district":"München","locality":null,"type":"Park","areaM2":35760.2,"areaHa":3.58,"designation":null,"dedicated":null,"builtYear":null,"renovatedYear":null,"planningAreaId":null,"planningAreaName":null,"centroid":[11.541611,48.143463],"bounds":[11.53827,48.1429,11.54505,48.14404],"amenities":{},"sourceId":"parks"}},{"type":"Feature","id":"munich:osm:way:133024503","geometry":{"type":"Polygon","coordinates":[[[11.54116429,48.09399493],[11.54148008,48.09437127],[11.54179586,48.09511941],[11.54173241,48.09534286],[11.54189326,48.09557174],[11.54205263,48.09549846],[11.54217363,48.09549846],[11.54254106,48.09564773],[11.5427565,48.0964601],[11.54336152,48.09787045],[11.54320953,48.09783698],[11.54265173,48.09798263],[11.5425145,48.0983852],[11.542969,48.09850823],[11.54350465,48.09840872],[11.54345005,48.09821965],[11.54357401,48.09818075],[11.54407277,48.09886014],[11.54384552,48.09893704],[11.54298523,48.09880405],[11.54237874,48.09940203],[11.54234775,48.09958567],[11.54224003,48.09956667],[11.54216477,48.09936313],[11.5420541,48.09894427],[11.54191392,48.09780532],[11.54163059,48.09709698],[11.54160256,48.0963814],[11.54179734,48.09636421],[11.54168962,48.09582504],[11.54145647,48.09577981],[11.541424,48.09548127],[11.54148598,48.09481183],[11.54116429,48.09399493]]]},"properties":{"id":"munich:osm:way:133024503","name":"Gierlinger Park","nameAddon":null,"objectNumber":"munich:osm:way:133024503","district":"München","locality":null,"type":"Park","areaM2":38806.1,"areaHa":3.88,"designation":null,"dedicated":null,"builtYear":null,"renovatedYear":null,"planningAreaId":null,"planningAreaName":null,"centroid":[11.542389,48.097273],"bounds":[11.54116,48.09399,11.54407,48.09959],"amenities":{},"sourceId":"parks"}},{"type":"Feature","id":"munich:osm:way:133294042","geometry":{"type":"Polygon","coordinates":[[[11.52631643,48.1587552],[11.53006455,48.15726434],[11.53047035,48.15700199],[11.53096173,48.15675412],[11.53103994,48.1568093],[11.53105765,48.15699747],[11.53025343,48.15809571],[11.53009701,48.15850733],[11.53007635,48.15873078],[11.52833953,48.15866745],[11.52796619,48.15884657],[11.52634742,48.15880858],[11.52631643,48.1587552]]]},"properties":{"id":"munich:osm:way:133294042","name":"Grünwaldpark","nameAddon":null,"objectNumber":"munich:osm:way:133294042","district":"München","locality":null,"type":"Park","areaM2":29146.8,"areaHa":2.91,"designation":null,"dedicated":null,"builtYear":null,"renovatedYear":null,"planningAreaId":null,"planningAreaName":null,"centroid":[11.529088,48.158099],"bounds":[11.52632,48.15675,11.53106,48.15885],"amenities":{},"sourceId":"parks"}},{"type":"Feature","id":"munich:osm:way:1339002210","geometry":{"type":"Polygon","coordinates":[[[11.4833798,48.18193143],[11.48339161,48.18177583],[11.48364247,48.18177673],[11.48367198,48.18191062],[11.4833798,48.18193143]]]},"properties":{"id":"munich:osm:way:1339002210","name":"Unbenannter Park 1339002210","nameAddon":null,"objectNumber":"munich:osm:way:1339002210","district":"München","locality":null,"type":"Park","areaM2":358,"areaHa":0.04,"designation":null,"dedicated":null,"builtYear":null,"renovatedYear":null,"planningAreaId":null,"planningAreaName":null,"centroid":[11.483518,48.181851],"bounds":[11.48338,48.18178,11.48367,48.18193],"amenities":{},"sourceId":"parks"}},{"type":"Feature","id":"munich:osm:way:134136898","geometry":{"type":"Polygon","coordinates":[[[11.64085393,48.08849285],[11.64097051,48.08833544],[11.6427575,48.08892347],[11.64264093,48.08908088],[11.64214216,48.08891623],[11.64085393,48.08849285]]]},"properties":{"id":"munich:osm:way:134136898","name":"Unbenannter Park 134136898","nameAddon":null,"objectNumber":"munich:osm:way:134136898","district":"München","locality":null,"type":"Park","areaM2":2896.2,"areaHa":0.29,"designation":null,"dedicated":null,"builtYear":null,"renovatedYear":null,"planningAreaId":null,"planningAreaName":null,"centroid":[11.641806,48.088708],"bounds":[11.64085,48.08834,11.64276,48.08908],"amenities":{},"sourceId":"parks"}},{"type":"Feature","id":"munich:osm:way:134136899","geometry":{"type":"Polygon","coordinates":[[[11.64283276,48.08932423],[11.64305706,48.08901936],[11.64393064,48.08930704],[11.64370781,48.089611],[11.64283276,48.08932423]]]},"properties":{"id":"munich:osm:way:134136899","name":"Unbenannter Park 134136899","nameAddon":null,"objectNumber":"munich:osm:way:134136899","district":"München","locality":null,"type":"Park","areaM2":2737.6,"areaHa":0.27,"designation":null,"dedicated":null,"builtYear":null,"renovatedYear":null,"planningAreaId":null,"planningAreaName":null,"centroid":[11.643382,48.089315],"bounds":[11.64283,48.08902,11.64393,48.08961],"amenities":{},"sourceId":"parks"}},{"type":"Feature","id":"munich:osm:way:135392342","geometry":{"type":"Polygon","coordinates":[[[11.58086337,48.20109463],[11.580946,48.20080152],[11.58124261,48.20086394],[11.58228145,48.20085489],[11.58231097,48.20031301],[11.58436063,48.20041433],[11.58440637,48.20032839],[11.58436801,48.20028677],[11.58442556,48.19977927],[11.58467789,48.19977655],[11.58479594,48.19956939],[11.58502466,48.20083318],[11.58496269,48.20088475],[11.58450819,48.20096164],[11.58437391,48.2010304],[11.58360805,48.20115886],[11.58358592,48.20110458],[11.58349148,48.20112267],[11.58351214,48.20117243],[11.58328784,48.20121585],[11.58193173,48.2013805],[11.58190959,48.20109282],[11.58123965,48.20110729],[11.58086337,48.20109463]]]},"properties":{"id":"munich:osm:way:135392342","name":"Unbenannter Park 135392342","nameAddon":null,"objectNumber":"munich:osm:way:135392342","district":"München","locality":null,"type":"Park","areaM2":23380.3,"areaHa":2.34,"designation":null,"dedicated":null,"builtYear":null,"renovatedYear":null,"planningAreaId":null,"planningAreaName":null,"centroid":[11.583332,48.200729],"bounds":[11.58086,48.19957,11.58502,48.20138],"amenities":{},"sourceId":"parks"}},{"type":"Feature","id":"munich:osm:way:135395946","geometry":{"type":"Polygon","coordinates":[[[11.70278644,48.12945269],[11.70279086,48.12916229],[11.7031583,48.12916501],[11.70315387,48.12945631],[11.70278644,48.12945269]]]},"properties":{"id":"munich:osm:way:135395946","name":"Unbenannter Park 135395946","nameAddon":null,"objectNumber":"munich:osm:way:135395946","district":"München","locality":null,"type":"Park","areaM2":884.6,"areaHa":0.09,"designation":null,"dedicated":null,"builtYear":null,"renovatedYear":null,"planningAreaId":null,"planningAreaName":null,"centroid":[11.702972,48.129309],"bounds":[11.70279,48.12916,11.70316,48.12946],"amenities":{},"sourceId":"parks"}},{"type":"Feature","id":"munich:osm:way:135946225","geometry":{"type":"Polygon","coordinates":[[[11.52369422,48.0719839],[11.52560074,48.0717903],[11.52567748,48.07202642],[11.52372668,48.07222996],[11.52369422,48.0719839]]]},"properties":{"id":"munich:osm:way:135946225","name":"Unbenannter Park 135946225","nameAddon":null,"objectNumber":"munich:osm:way:135946225","district":"München","locality":null,"type":"Park","areaM2":3977.3,"areaHa":0.4,"designation":null,"dedicated":null,"builtYear":null,"renovatedYear":null,"planningAreaId":null,"planningAreaName":null,"centroid":[11.524671,48.072008],"bounds":[11.52369,48.07179,11.52568,48.07223],"amenities":{},"sourceId":"parks"}},{"type":"Feature","id":"munich:osm:way:136105239","geometry":{"type":"Polygon","coordinates":[[[11.58797299,48.12443188],[11.58798332,48.12442193],[11.58838617,48.12464719],[11.58813826,48.12468337],[11.58797299,48.12443188]]]},"properties":{"id":"munich:osm:way:136105239","name":"Unbenannter Park 136105239","nameAddon":null,"objectNumber":"munich:osm:way:136105239","district":"München","locality":null,"type":"Park","areaM2":308.1,"areaHa":0.03,"designation":null,"dedicated":null,"builtYear":null,"renovatedYear":null,"planningAreaId":null,"planningAreaName":null,"centroid":[11.588161,48.12458],"bounds":[11.58797,48.12442,11.58839,48.12468],"amenities":{},"sourceId":"parks"}},{"type":"Feature","id":"munich:osm:way:136736218","geometry":{"type":"Polygon","coordinates":[[[11.52328399,48.19814456],[11.52396131,48.19808667],[11.52402919,48.19843043],[11.52334892,48.19848109],[11.52328399,48.19814456]]]},"properties":{"id":"munich:osm:way:136736218","name":"Unbenannter Park 136736218","nameAddon":null,"objectNumber":"munich:osm:way:136736218","district":"München","locality":null,"type":"Park","areaM2":1940,"areaHa":0.19,"designation":null,"dedicated":null,"builtYear":null,"renovatedYear":null,"planningAreaId":null,"planningAreaName":null,"centroid":[11.523657,48.198286],"bounds":[11.52328,48.19809,11.52403,48.19848],"amenities":{},"sourceId":"parks"}},{"type":"Feature","id":"munich:osm:way:1368372991","geometry":{"type":"Polygon","coordinates":[[[11.49750756,48.12333725],[11.4977835,48.12313371],[11.49831768,48.12342772],[11.4980196,48.12357518],[11.49786319,48.12352361],[11.49750756,48.12333725]]]},"properties":{"id":"munich:osm:way:1368372991","name":"Unbenannter Park 1368372991","nameAddon":null,"objectNumber":"munich:osm:way:1368372991","district":"München","locality":null,"type":"Park","areaM2":1436.1,"areaHa":0.14,"designation":null,"dedicated":null,"builtYear":null,"renovatedYear":null,"planningAreaId":null,"planningAreaName":null,"centroid":[11.497901,48.123367],"bounds":[11.49751,48.12313,11.49832,48.12358],"amenities":{},"sourceId":"parks"}},{"type":"Feature","id":"munich:osm:way:1368372992","geometry":{"type":"Polygon","coordinates":[[[11.49138956,48.12293378],[11.49155631,48.12165822],[11.49281651,48.12168898],[11.49226462,48.12238104],[11.49186177,48.12295006],[11.49138956,48.12293378]]]},"properties":{"id":"munich:osm:way:1368372992","name":"Unbenannter Park 1368372992","nameAddon":null,"objectNumber":"munich:osm:way:1368372992","district":"München","locality":null,"type":"Park","areaM2":9005.2,"areaHa":0.9,"designation":null,"dedicated":null,"builtYear":null,"renovatedYear":null,"planningAreaId":null,"planningAreaName":null,"centroid":[11.491943,48.12221],"bounds":[11.49139,48.12166,11.49282,48.12295],"amenities":{},"sourceId":"parks"}},{"type":"Feature","id":"munich:osm:way:1372513703","geometry":{"type":"Polygon","coordinates":[[[11.50133388,48.15641306],[11.50155818,48.15631988],[11.50219861,48.15624389],[11.50305595,48.15627103],[11.50310908,48.1563624],[11.50305891,48.15666094],[11.50288921,48.1566926],[11.50172936,48.15665008],[11.5014298,48.15655781],[11.50136192,48.1564972],[11.50133388,48.15641306]]]},"properties":{"id":"munich:osm:way:1372513703","name":"Kronprinzengarten","nameAddon":null,"objectNumber":"munich:osm:way:1372513703","district":"München","locality":null,"type":"Park","areaM2":5419.9,"areaHa":0.54,"designation":null,"dedicated":null,"builtYear":null,"renovatedYear":null,"planningAreaId":null,"planningAreaName":null,"centroid":[11.502296,48.156466],"bounds":[11.50133,48.15624,11.50311,48.15669],"amenities":{},"sourceId":"parks"}},{"type":"Feature","id":"munich:osm:way:1382852455","geometry":{"type":"Polygon","coordinates":[[[11.54200688,48.14264881],[11.54249532,48.14261263],[11.54253663,48.14293016],[11.54205853,48.14296635],[11.54200688,48.14264881]]]},"properties":{"id":"munich:osm:way:1382852455","name":"Unbenannter Park 1382852455","nameAddon":null,"objectNumber":"munich:osm:way:1382852455","district":"München","locality":null,"type":"Park","areaM2":1280.5,"areaHa":0.13,"designation":null,"dedicated":null,"builtYear":null,"renovatedYear":null,"planningAreaId":null,"planningAreaName":null,"centroid":[11.542274,48.142789],"bounds":[11.54201,48.14261,11.54254,48.14297],"amenities":{},"sourceId":"parks"}},{"type":"Feature","id":"munich:osm:way:1386319408","geometry":{"type":"Polygon","coordinates":[[[11.47787568,48.15012756],[11.47803947,48.14971775],[11.47806308,48.14950697],[11.47811916,48.14949973],[11.47830951,48.14963271],[11.47835231,48.14982269],[11.47827705,48.15006604],[11.47835231,48.15013751],[11.47787568,48.15012756]]]},"properties":{"id":"munich:osm:way:1386319408","name":"Unbenannter Park 1386319408","nameAddon":null,"objectNumber":"munich:osm:way:1386319408","district":"München","locality":null,"type":"Park","areaM2":1681,"areaHa":0.17,"designation":null,"dedicated":null,"builtYear":null,"renovatedYear":null,"planningAreaId":null,"planningAreaName":null,"centroid":[11.478144,48.149867],"bounds":[11.47788,48.1495,11.47835,48.15014],"amenities":{},"sourceId":"parks"}},{"type":"Feature","id":"munich:osm:way:1392370559","geometry":{"type":"Polygon","coordinates":[[[11.62884077,48.12015379],[11.62925837,48.12005337],[11.62931297,48.12016736],[11.62887766,48.12023792],[11.62884077,48.12015379]]]},"properties":{"id":"munich:osm:way:1392370559","name":"Unbenannter Park 1392370559","nameAddon":null,"objectNumber":"munich:osm:way:1392370559","district":"München","locality":null,"type":"Park","areaM2":373,"areaHa":0.04,"designation":null,"dedicated":null,"builtYear":null,"renovatedYear":null,"planningAreaId":null,"planningAreaName":null,"centroid":[11.629083,48.120151],"bounds":[11.62884,48.12005,11.62931,48.12024],"amenities":{},"sourceId":"parks"}},{"type":"Feature","id":"munich:osm:way:1392373938","geometry":{"type":"Polygon","coordinates":[[[11.62928493,48.12123123],[11.62972172,48.12112538],[11.62976452,48.12121314],[11.6293233,48.12129998],[11.62928493,48.12123123]]]},"properties":{"id":"munich:osm:way:1392373938","name":"Unbenannter Park 1392373938","nameAddon":null,"objectNumber":"munich:osm:way:1392373938","district":"München","locality":null,"type":"Park","areaM2":328.1,"areaHa":0.03,"designation":null,"dedicated":null,"builtYear":null,"renovatedYear":null,"planningAreaId":null,"planningAreaName":null,"centroid":[11.629532,48.121216],"bounds":[11.62928,48.12113,11.62976,48.1213],"amenities":{},"sourceId":"parks"}},{"type":"Feature","id":"munich:osm:way:1392373943","geometry":{"type":"Polygon","coordinates":[[[11.62767206,48.12152072],[11.62812213,48.12143206],[11.62816197,48.12152795],[11.62771338,48.12159309],[11.62767206,48.12152072]]]},"properties":{"id":"munich:osm:way:1392373943","name":"Unbenannter Park 1392373943","nameAddon":null,"objectNumber":"munich:osm:way:1392373943","district":"München","locality":null,"type":"Park","areaM2":344.4,"areaHa":0.03,"designation":null,"dedicated":null,"builtYear":null,"renovatedYear":null,"planningAreaId":null,"planningAreaName":null,"centroid":[11.627927,48.121517],"bounds":[11.62767,48.12143,11.62816,48.12159],"amenities":{},"sourceId":"parks"}},{"type":"Feature","id":"munich:osm:way:1392373944","geometry":{"type":"Polygon","coordinates":[[[11.62708328,48.12163651],[11.62749794,48.12155962],[11.62753926,48.12163561],[11.62711575,48.12173421],[11.62708328,48.12163651]]]},"properties":{"id":"munich:osm:way:1392373944","name":"Unbenannter Park 1392373944","nameAddon":null,"objectNumber":"munich:osm:way:1392373944","district":"München","locality":null,"type":"Park","areaM2":335.3,"areaHa":0.03,"designation":null,"dedicated":null,"builtYear":null,"renovatedYear":null,"planningAreaId":null,"planningAreaName":null,"centroid":[11.627302,48.121643],"bounds":[11.62708,48.12156,11.62754,48.12173],"amenities":{},"sourceId":"parks"}},{"type":"Feature","id":"munich:osm:way:140481633","geometry":{"type":"Polygon","coordinates":[[[11.62246749,48.15579609],[11.62260915,48.15400669],[11.62298986,48.15400398],[11.62312415,48.15415687],[11.62309021,48.15441831],[11.62292051,48.15446626],[11.62297363,48.15457843],[11.62311825,48.15455039],[11.62329385,48.15461914],[11.62340304,48.15462005],[11.62351224,48.15469332],[11.62424858,48.15468518],[11.62423825,48.15476389],[11.62281131,48.15485345],[11.62274048,48.15488149],[11.62289542,48.15495115],[11.62298396,48.15540528],[11.62309021,48.1554668],[11.62313448,48.15569749],[11.62299134,48.15570653],[11.623012,48.15579971],[11.62311087,48.1557979],[11.623133,48.15590194],[11.62323187,48.15589289],[11.62339714,48.15621404],[11.6251015,48.15606839],[11.62542319,48.15614076],[11.62596623,48.15609734],[11.62612412,48.15602497],[11.62680734,48.15586937],[11.62706853,48.15571377],[11.62710837,48.15579157],[11.62720429,48.15577257],[11.62716002,48.15587932],[11.6269549,48.1559336],[11.62686341,48.15602497],[11.62582456,48.15624299],[11.62584522,48.15629546],[11.62574045,48.15623394],[11.62351372,48.15677673],[11.62349011,48.15672336],[11.62302528,48.15683011],[11.62246749,48.15579609]]]},"properties":{"id":"munich:osm:way:140481633","name":"Unbenannter Park 140481633","nameAddon":null,"objectNumber":"munich:osm:way:140481633","district":"München","locality":null,"type":"Park","areaM2":22697,"areaHa":2.27,"designation":null,"dedicated":null,"builtYear":null,"renovatedYear":null,"planningAreaId":null,"planningAreaName":null,"centroid":[11.623685,48.155762],"bounds":[11.62247,48.154,11.6272,48.15683],"amenities":{},"sourceId":"parks"}},{"type":"Feature","id":"munich:osm:way:140634571","geometry":{"type":"Polygon","coordinates":[[[11.63000947,48.16564682],[11.63014818,48.16560973],[11.63806645,48.16393161],[11.6384147,48.16397051],[11.64039353,48.16359598],[11.64034041,48.16342139],[11.64055438,48.16338791],[11.64052929,48.16323231],[11.64209052,48.16323774],[11.64214364,48.16341777],[11.64228825,48.16343405],[11.64220266,48.16367469],[11.642455,48.1642799],[11.64294343,48.16423014],[11.64264388,48.1633861],[11.64491194,48.16295821],[11.64487504,48.16389633],[11.64470092,48.16463],[11.64412542,48.16456667],[11.64382587,48.164649],[11.64059717,48.1661091],[11.64094985,48.16643749],[11.64123612,48.16652343],[11.64111217,48.16672969],[11.6409587,48.1666935],[11.64027696,48.16675412],[11.64059127,48.16796816],[11.64002462,48.16806405],[11.63919974,48.1661471],[11.63751752,48.16646734],[11.63749391,48.1663814],[11.63765475,48.16633979],[11.63741865,48.16579519],[11.6375972,48.16557355],[11.63824796,48.16540981],[11.63773886,48.16434232],[11.63665132,48.16452687],[11.63481267,48.16493939],[11.63017327,48.16588656],[11.63000947,48.16564682]]]},"properties":{"id":"munich:osm:way:140634571","name":"Unbenannter Park 140634571","nameAddon":null,"objectNumber":"munich:osm:way:140634571","district":"München","locality":null,"type":"Park","areaM2":156469.6,"areaHa":15.65,"designation":null,"dedicated":null,"builtYear":null,"renovatedYear":null,"planningAreaId":null,"planningAreaName":null,"centroid":[11.640014,48.164889],"bounds":[11.63001,48.16296,11.64491,48.16806],"amenities":{},"sourceId":"parks"}},{"type":"Feature","id":"munich:osm:way:1408802974","geometry":{"type":"Polygon","coordinates":[[[11.52121072,48.18268138],[11.52138485,48.18224715],[11.521497,48.18224082],[11.52182606,48.18260358],[11.52166964,48.18268862],[11.52121072,48.18268138]]]},"properties":{"id":"munich:osm:way:1408802974","name":"Unbenannter Park 1408802974","nameAddon":null,"objectNumber":"munich:osm:way:1408802974","district":"München","locality":null,"type":"Park","areaM2":1354.3,"areaHa":0.14,"designation":null,"dedicated":null,"builtYear":null,"renovatedYear":null,"planningAreaId":null,"planningAreaName":null,"centroid":[11.521497,48.18251],"bounds":[11.52121,48.18224,11.52183,48.18269],"amenities":{},"sourceId":"parks"}},{"type":"Feature","id":"munich:osm:way:1410144983","geometry":{"type":"Polygon","coordinates":[[[11.6315707,48.12906007],[11.63376792,48.12859236],[11.6340055,48.12911435],[11.63243394,48.12934956],[11.63240886,48.12947621],[11.63187173,48.12947168],[11.63176843,48.12933599],[11.63182746,48.12930161],[11.6315707,48.12906007]]]},"properties":{"id":"munich:osm:way:1410144983","name":"Behrpark","nameAddon":null,"objectNumber":"munich:osm:way:1410144983","district":"München","locality":null,"type":"Park","areaM2":9250.2,"areaHa":0.93,"designation":null,"dedicated":null,"builtYear":null,"renovatedYear":null,"planningAreaId":null,"planningAreaName":null,"centroid":[11.632831,48.129054],"bounds":[11.63157,48.12859,11.63401,48.12948],"amenities":{},"sourceId":"parks"}},{"type":"Feature","id":"munich:osm:way:141048714","geometry":{"type":"Polygon","coordinates":[[[11.45883405,48.18262439],[11.45896538,48.18228424],[11.45990684,48.18244165],[11.460109,48.18193324],[11.46010162,48.18156052],[11.45991717,48.18046589],[11.45950547,48.18008413],[11.45959253,48.1793188],[11.4598183,48.17845033],[11.45975337,48.178074],[11.45958958,48.1777818],[11.45944939,48.1772761],[11.46000571,48.17653971],[11.46009424,48.1765569],[11.46017393,48.17652072],[11.46143117,48.17687172],[11.46045282,48.17755202],[11.46037314,48.1775493],[11.46028313,48.1776262],[11.46027722,48.1778406],[11.46059006,48.17832007],[11.4598788,48.17827393],[11.45994078,48.17860141],[11.45972829,48.17934232],[11.45962794,48.18008504],[11.46004407,48.18041795],[11.46020344,48.18041885],[11.46034215,48.18093269],[11.46038495,48.18157771],[11.46114637,48.18160847],[11.46126147,48.18217387],[11.46106521,48.18249322],[11.46019901,48.18239823],[11.45968402,48.18328569],[11.45955269,48.18320246],[11.45974599,48.18279718],[11.45883405,48.18262439]]]},"properties":{"id":"munich:osm:way:141048714","name":"Unbenannter Park 141048714","nameAddon":null,"objectNumber":"munich:osm:way:141048714","district":"München","locality":null,"type":"Park","areaM2":32795.1,"areaHa":3.28,"designation":null,"dedicated":null,"builtYear":null,"renovatedYear":null,"planningAreaId":null,"planningAreaName":null,"centroid":[11.46019,48.179688],"bounds":[11.45883,48.17652,11.46143,48.18329],"amenities":{},"sourceId":"parks"}},{"type":"Feature","id":"munich:osm:way:1416742625","geometry":{"type":"Polygon","coordinates":[[[11.49738508,48.13188348],[11.4975533,48.13185363],[11.49756068,48.13186901],[11.49739098,48.13189976],[11.49738508,48.13188348]]]},"properties":{"id":"munich:osm:way:1416742625","name":"Unbenannter Park 1416742625","nameAddon":null,"objectNumber":"munich:osm:way:1416742625","district":"München","locality":null,"type":"Park","areaM2":24.2,"areaHa":0,"designation":null,"dedicated":null,"builtYear":null,"renovatedYear":null,"planningAreaId":null,"planningAreaName":null,"centroid":[11.497472,48.131877],"bounds":[11.49739,48.13185,11.49756,48.1319],"amenities":{},"sourceId":"parks"}},{"type":"Feature","id":"munich:osm:way:1416742629","geometry":{"type":"Polygon","coordinates":[[[11.49798861,48.13177673],[11.49828964,48.13171431],[11.49829702,48.13172879],[11.49799452,48.1317894],[11.49798861,48.13177673]]]},"properties":{"id":"munich:osm:way:1416742629","name":"Unbenannter Park 1416742629","nameAddon":null,"objectNumber":"munich:osm:way:1416742629","district":"München","locality":null,"type":"Park","areaM2":37.6,"areaHa":0,"designation":null,"dedicated":null,"builtYear":null,"renovatedYear":null,"planningAreaId":null,"planningAreaName":null,"centroid":[11.498146,48.131752],"bounds":[11.49799,48.13171,11.4983,48.13179],"amenities":{},"sourceId":"parks"}},{"type":"Feature","id":"munich:osm:way:1417409902","geometry":{"type":"Polygon","coordinates":[[[11.4882317,48.14063506],[11.48829958,48.14061969],[11.48830401,48.14062873],[11.48825088,48.14067577],[11.4882317,48.14063506]]]},"properties":{"id":"munich:osm:way:1417409902","name":"Unbenannter Park 1417409902","nameAddon":null,"objectNumber":"munich:osm:way:1417409902","district":"München","locality":null,"type":"Park","areaM2":15,"areaHa":0,"designation":null,"dedicated":null,"builtYear":null,"renovatedYear":null,"planningAreaId":null,"planningAreaName":null,"centroid":[11.488265,48.140643],"bounds":[11.48823,48.14062,11.4883,48.14068],"amenities":{},"sourceId":"parks"}},{"type":"Feature","id":"munich:osm:way:14187404","geometry":{"type":"Polygon","coordinates":[[[11.59348597,48.12280622],[11.59382241,48.12204089],[11.59497931,48.12225801],[11.594938,48.12234666],[11.59533052,48.12242175],[11.59496308,48.12323322],[11.59485684,48.12320427],[11.59348597,48.12280622]]]},"properties":{"id":"munich:osm:way:14187404","name":"Unbenannter Park 14187404","nameAddon":null,"objectNumber":"munich:osm:way:14187404","district":"München","locality":null,"type":"Park","areaM2":11234.1,"areaHa":1.12,"designation":null,"dedicated":null,"builtYear":null,"renovatedYear":null,"planningAreaId":null,"planningAreaName":null,"centroid":[11.594412,48.122615],"bounds":[11.59349,48.12204,11.59533,48.12323],"amenities":{},"sourceId":"parks"}},{"type":"Feature","id":"munich:osm:way:14195729","geometry":{"type":"Polygon","coordinates":[[[11.56554477,48.09011941],[11.56652902,48.08895242],[11.56668987,48.08914511],[11.56879265,48.09014565],[11.56793678,48.0911281],[11.56554477,48.09011941]]]},"properties":{"id":"munich:osm:way:14195729","name":"Athener Platz","nameAddon":null,"objectNumber":"munich:osm:way:14195729","district":"München","locality":null,"type":"Park","areaM2":28142.3,"areaHa":2.81,"designation":null,"dedicated":null,"builtYear":null,"renovatedYear":null,"planningAreaId":null,"planningAreaName":null,"centroid":[11.567164,48.090094],"bounds":[11.56554,48.08895,11.56879,48.09113],"amenities":{},"sourceId":"parks"}},{"type":"Feature","id":"munich:osm:way:142041798","geometry":{"type":"Polygon","coordinates":[[[11.52736708,48.15268229],[11.52760909,48.15194681],[11.52768582,48.15189072],[11.52819787,48.15205808],[11.52821705,48.15209517],[11.52792487,48.15290031],[11.52765926,48.15297539],[11.52750874,48.15293921],[11.52738331,48.15284241],[11.52736708,48.15268229]]]},"properties":{"id":"munich:osm:way:142041798","name":"Unbenannter Park 142041798","nameAddon":null,"objectNumber":"munich:osm:way:142041798","district":"München","locality":null,"type":"Park","areaM2":5172.6,"areaHa":0.52,"designation":null,"dedicated":null,"builtYear":null,"renovatedYear":null,"planningAreaId":null,"planningAreaName":null,"centroid":[11.527766,48.15244],"bounds":[11.52737,48.15189,11.52822,48.15298],"amenities":{},"sourceId":"parks"}},{"type":"Feature","id":"munich:osm:way:142042047","geometry":{"type":"Polygon","coordinates":[[[11.5271723,48.15005609],[11.52741578,48.14895875],[11.52772123,48.14898227],[11.52748956,48.15011218],[11.5271723,48.15005609]]]},"properties":{"id":"munich:osm:way:142042047","name":"Unbenannter Park 142042047","nameAddon":null,"objectNumber":"munich:osm:way:142042047","district":"München","locality":null,"type":"Park","areaM2":2949.9,"areaHa":0.29,"designation":null,"dedicated":null,"builtYear":null,"renovatedYear":null,"planningAreaId":null,"planningAreaName":null,"centroid":[11.527449,48.149533],"bounds":[11.52717,48.14896,11.52772,48.15011],"amenities":{},"sourceId":"parks"}},{"type":"Feature","id":"munich:osm:way:1422559855","geometry":{"type":"Polygon","coordinates":[[[11.50618578,48.2031708],[11.50660634,48.2031518],[11.50666389,48.20338882],[11.50621087,48.20337344],[11.50618578,48.2031708]]]},"properties":{"id":"munich:osm:way:1422559855","name":"Unbenannter Park 1422559855","nameAddon":null,"objectNumber":"munich:osm:way:1422559855","district":"München","locality":null,"type":"Park","areaM2":820.2,"areaHa":0.08,"designation":null,"dedicated":null,"builtYear":null,"renovatedYear":null,"planningAreaId":null,"planningAreaName":null,"centroid":[11.506423,48.203272],"bounds":[11.50619,48.20315,11.50666,48.20339],"amenities":{},"sourceId":"parks"}},{"type":"Feature","id":"munich:osm:way:142682821","geometry":{"type":"Polygon","coordinates":[[[11.57814819,48.19625656],[11.578796,48.19621314],[11.57888159,48.19681563],[11.57822935,48.19686539],[11.57814819,48.19625656]]]},"properties":{"id":"munich:osm:way:142682821","name":"Unbenannter Park 142682821","nameAddon":null,"objectNumber":"munich:osm:way:142682821","district":"München","locality":null,"type":"Park","areaM2":3289.1,"areaHa":0.33,"designation":null,"dedicated":null,"builtYear":null,"renovatedYear":null,"planningAreaId":null,"planningAreaName":null,"centroid":[11.578513,48.196538],"bounds":[11.57815,48.19621,11.57888,48.19687],"amenities":{},"sourceId":"parks"}},{"type":"Feature","id":"munich:osm:way:143423037","geometry":{"type":"Polygon","coordinates":[[[11.48827449,48.14071648],[11.48832024,48.14066492],[11.48834828,48.14072915],[11.48828777,48.14074091],[11.48827449,48.14071648]]]},"properties":{"id":"munich:osm:way:143423037","name":"Unbenannter Park 143423037","nameAddon":null,"objectNumber":"munich:osm:way:143423037","district":"München","locality":null,"type":"Park","areaM2":25.8,"areaHa":0,"designation":null,"dedicated":null,"builtYear":null,"renovatedYear":null,"planningAreaId":null,"planningAreaName":null,"centroid":[11.488311,48.14071],"bounds":[11.48827,48.14066,11.48835,48.14074],"amenities":{},"sourceId":"parks"}},{"type":"Feature","id":"munich:osm:way:143423039","geometry":{"type":"Polygon","coordinates":[[[11.48836008,48.14063597],[11.48842501,48.14060792],[11.48902412,48.14052741],[11.48904625,48.14057898],[11.48838369,48.1407002],[11.48836008,48.14063597]]]},"properties":{"id":"munich:osm:way:143423039","name":"Unbenannter Park 143423039","nameAddon":null,"objectNumber":"munich:osm:way:143423039","district":"München","locality":null,"type":"Park","areaM2":459.5,"areaHa":0.05,"designation":null,"dedicated":null,"builtYear":null,"renovatedYear":null,"planningAreaId":null,"planningAreaName":null,"centroid":[11.488681,48.14061],"bounds":[11.48836,48.14053,11.48905,48.1407],"amenities":{},"sourceId":"parks"}},{"type":"Feature","id":"munich:osm:way:1434447210","geometry":{"type":"Polygon","coordinates":[[[11.5060028,48.1655446],[11.50616217,48.16539443],[11.5062817,48.16546228],[11.50635253,48.16540709],[11.5064086,48.16541523],[11.5064632,48.16532115],[11.5065296,48.16536367],[11.5065665,48.16573367],[11.50650895,48.16573548],[11.50642336,48.16568663],[11.50643516,48.16564682],[11.50632449,48.16561516],[11.50619611,48.16569477],[11.50600575,48.16558712],[11.5060028,48.1655446]]]},"properties":{"id":"munich:osm:way:1434447210","name":"Patienten-Garten","nameAddon":null,"objectNumber":"munich:osm:way:1434447210","district":"München","locality":null,"type":"Park","areaM2":1102.1,"areaHa":0.11,"designation":null,"dedicated":null,"builtYear":null,"renovatedYear":null,"planningAreaId":null,"planningAreaName":null,"centroid":[11.506321,48.165541],"bounds":[11.506,48.16532,11.50657,48.16574],"amenities":{},"sourceId":"parks"}},{"type":"Feature","id":"munich:osm:way:143671170","geometry":{"type":"Polygon","coordinates":[[[11.60248441,48.11537543],[11.60270575,48.11422924],[11.60369,48.11433056],[11.6038051,48.11389271],[11.60435109,48.11395603],[11.60427583,48.11443821],[11.60407514,48.11453139],[11.6041445,48.11525149],[11.60248441,48.11537543]]]},"properties":{"id":"munich:osm:way:143671170","name":"Unbenannter Park 143671170","nameAddon":null,"objectNumber":"munich:osm:way:143671170","district":"München","locality":null,"type":"Park","areaM2":14956.1,"areaHa":1.5,"designation":null,"dedicated":null,"builtYear":null,"renovatedYear":null,"planningAreaId":null,"planningAreaName":null,"centroid":[11.603426,48.114722],"bounds":[11.60248,48.11389,11.60435,48.11538],"amenities":{},"sourceId":"parks"}},{"type":"Feature","id":"munich:osm:way:143671196","geometry":{"type":"Polygon","coordinates":[[[11.60740123,48.11382124],[11.60747796,48.11321513],[11.60808593,48.11324136],[11.60850648,48.1119459],[11.60878538,48.11144111],[11.60915871,48.11104035],[11.60950106,48.11082956],[11.61004557,48.11031482],[11.60918528,48.10998372],[11.60957632,48.10950606],[11.61117296,48.11002352],[11.61206425,48.11040438],[11.6128788,48.11080785],[11.61355316,48.11120499],[11.61411833,48.11156414],[11.61414047,48.11163289],[11.61370073,48.11249955],[11.61345282,48.11222544],[11.6138114,48.11182196],[11.61265302,48.11118057],[11.61156253,48.11051203],[11.61110213,48.11079971],[11.61047056,48.11050479],[11.60930333,48.11160937],[11.6090141,48.11197123],[11.60868356,48.11267686],[11.60851976,48.11388457],[11.60740123,48.11382124]]]},"properties":{"id":"munich:osm:way:143671196","name":"Unbenannter Park 143671196","nameAddon":null,"objectNumber":"munich:osm:way:143671196","district":"München","locality":null,"type":"Park","areaM2":42023.7,"areaHa":4.2,"designation":null,"dedicated":null,"builtYear":null,"renovatedYear":null,"planningAreaId":null,"planningAreaName":null,"centroid":[11.610333,48.11138],"bounds":[11.6074,48.10951,11.61414,48.11388],"amenities":{},"sourceId":"parks"}},{"type":"Feature","id":"munich:osm:way:143672443","geometry":{"type":"Polygon","coordinates":[[[11.60499447,48.11453139],[11.60555226,48.11454948],[11.6055434,48.11486883],[11.60586952,48.11487154],[11.60599938,48.11481997],[11.60613661,48.11481997],[11.60615874,48.11456305],[11.6071489,48.11458205],[11.60707069,48.1152334],[11.60560095,48.11521259],[11.60507415,48.11516646],[11.60506087,48.11509499],[11.60499447,48.11453139]]]},"properties":{"id":"munich:osm:way:143672443","name":"Unbenannter Park 143672443","nameAddon":null,"objectNumber":"munich:osm:way:143672443","district":"München","locality":null,"type":"Park","areaM2":9773.5,"areaHa":0.98,"designation":null,"dedicated":null,"builtYear":null,"renovatedYear":null,"planningAreaId":null,"planningAreaName":null,"centroid":[11.60611,48.11491],"bounds":[11.60499,48.11453,11.60715,48.11523],"amenities":{},"sourceId":"parks"}},{"type":"Feature","id":"munich:osm:way:143672444","geometry":{"type":"Polygon","coordinates":[[[11.60722268,48.11523159],[11.60735549,48.11398679],[11.60773472,48.11401031],[11.60770816,48.11434503],[11.60984931,48.11439027],[11.61131905,48.11433418],[11.61268992,48.11432694],[11.61288322,48.11413877],[11.61317983,48.11406459],[11.61288175,48.11526054],[11.60997179,48.11528044],[11.60722268,48.11523159]]]},"properties":{"id":"munich:osm:way:143672444","name":"Wilrampark","nameAddon":null,"objectNumber":"munich:osm:way:143672444","district":"München","locality":null,"type":"Park","areaM2":44928.5,"areaHa":4.49,"designation":null,"dedicated":null,"builtYear":null,"renovatedYear":null,"planningAreaId":null,"planningAreaName":null,"centroid":[11.610141,48.114783],"bounds":[11.60722,48.11399,11.61318,48.11528],"amenities":{},"sourceId":"parks"}},{"type":"Feature","id":"munich:osm:way:144074568","geometry":{"type":"Polygon","coordinates":[[[11.53847716,48.1472372],[11.53853028,48.1471205],[11.53868817,48.14707255],[11.53881655,48.14709969],[11.53890509,48.14719559],[11.53887115,48.14729691],[11.53873687,48.14735842],[11.53856127,48.14733219],[11.53847716,48.1472372]]]},"properties":{"id":"munich:osm:way:144074568","name":"Unbenannter Park 144074568","nameAddon":null,"objectNumber":"munich:osm:way:144074568","district":"München","locality":null,"type":"Park","areaM2":804.8,"areaHa":0.08,"designation":null,"dedicated":null,"builtYear":null,"renovatedYear":null,"planningAreaId":null,"planningAreaName":null,"centroid":[11.538693,48.147217],"bounds":[11.53848,48.14707,11.53891,48.14736],"amenities":{},"sourceId":"parks"}},{"type":"Feature","id":"munich:osm:way:144135867","geometry":{"type":"Polygon","coordinates":[[[11.56198406,48.14198661],[11.56208293,48.14194228],[11.56552116,48.14092093],[11.56610109,48.1407192],[11.56617782,48.14074181],[11.56623832,48.14083137],[11.56608338,48.14154695],[11.56596976,48.14178216],[11.56579858,48.14201918],[11.56530129,48.14227791],[11.56506814,48.14234847],[11.5647435,48.1418672],[11.56395256,48.14210874],[11.56428753,48.1425882],[11.56378286,48.14273023],[11.5634715,48.14273747],[11.56294618,48.14265243],[11.56224968,48.14239189],[11.56201948,48.14203818],[11.56198406,48.14198661]]]},"properties":{"id":"munich:osm:way:144135867","name":"Alter Botanischer Garten","nameAddon":null,"objectNumber":"munich:osm:way:144135867","district":"München","locality":null,"type":"Park","areaM2":33678.2,"areaHa":3.37,"designation":null,"dedicated":null,"builtYear":null,"renovatedYear":null,"planningAreaId":null,"planningAreaName":null,"centroid":[11.56427,48.141819],"bounds":[11.56198,48.14072,11.56624,48.14274],"amenities":{},"sourceId":"parks"}},{"type":"Feature","id":"munich:osm:way:144135886","geometry":{"type":"Polygon","coordinates":[[[11.56909516,48.14144563],[11.56910254,48.14132531],[11.56920288,48.14121223],[11.56940947,48.141148],[11.5696013,48.14116067],[11.57284475,48.14215397],[11.57315464,48.14233852],[11.57347042,48.14302334],[11.5732963,48.1430731],[11.57308085,48.14287588],[11.57283295,48.1427429],[11.56957179,48.14170436],[11.56955703,48.14172698],[11.56940947,48.14168174],[11.56918074,48.14155238],[11.56909516,48.14144563]]]},"properties":{"id":"munich:osm:way:144135886","name":"Maximiliansplatz","nameAddon":null,"objectNumber":"munich:osm:way:144135886","district":"München","locality":null,"type":"Park","areaM2":19584.7,"areaHa":1.96,"designation":null,"dedicated":null,"builtYear":null,"renovatedYear":null,"planningAreaId":null,"planningAreaName":null,"centroid":[11.571297,48.141985],"bounds":[11.5691,48.14115,11.57347,48.14307],"amenities":{},"sourceId":"parks"}},{"type":"Feature","id":"munich:osm:way:144194195","geometry":{"type":"Polygon","coordinates":[[[11.51331754,48.12333002],[11.51338984,48.12314999],[11.51372039,48.12317532],[11.51370858,48.12332187],[11.51336771,48.12335354],[11.51331754,48.12333002]]]},"properties":{"id":"munich:osm:way:144194195","name":"China-Garten","nameAddon":null,"objectNumber":"munich:osm:way:144194195","district":"München","locality":null,"type":"Park","areaM2":553.4,"areaHa":0.06,"designation":null,"dedicated":null,"builtYear":null,"renovatedYear":null,"planningAreaId":null,"planningAreaName":null,"centroid":[11.513523,48.123253],"bounds":[11.51332,48.12315,11.51372,48.12335],"amenities":{},"sourceId":"parks"}},{"type":"Feature","id":"munich:osm:way:144251811","geometry":{"type":"Polygon","coordinates":[[[11.54719079,48.16212231],[11.54720998,48.16178035],[11.54746526,48.1615768],[11.54792124,48.16148905],[11.54813225,48.16150896],[11.5485351,48.16166456],[11.54863544,48.16206351],[11.54852772,48.16225258],[11.54830785,48.16240727],[11.54815143,48.16245612],[11.54770432,48.16248869],[11.54738558,48.16234938],[11.54719079,48.16212231]]]},"properties":{"id":"munich:osm:way:144251811","name":"Rosa-Luxemburg-Platz","nameAddon":null,"objectNumber":"munich:osm:way:144251811","district":"München","locality":null,"type":"Park","areaM2":9608.4,"areaHa":0.96,"designation":null,"dedicated":null,"builtYear":null,"renovatedYear":null,"planningAreaId":null,"planningAreaName":null,"centroid":[11.547906,48.161987],"bounds":[11.54719,48.16149,11.54864,48.16249],"amenities":{},"sourceId":"parks"}},{"type":"Feature","id":"munich:osm:way:144309427","geometry":{"type":"Polygon","coordinates":[[[11.57134846,48.14292383],[11.57161555,48.14253845],[11.5726175,48.1428596],[11.57245076,48.14308486],[11.57252159,48.14311019],[11.57240944,48.14326579],[11.57134846,48.14292383]]]},"properties":{"id":"munich:osm:way:144309427","name":"Unbenannter Park 144309427","nameAddon":null,"objectNumber":"munich:osm:way:144309427","district":"München","locality":null,"type":"Park","areaM2":3998.7,"areaHa":0.4,"designation":null,"dedicated":null,"builtYear":null,"renovatedYear":null,"planningAreaId":null,"planningAreaName":null,"centroid":[11.571993,48.142899],"bounds":[11.57135,48.14254,11.57262,48.14327],"amenities":{},"sourceId":"parks"}},{"type":"Feature","id":"munich:osm:way:144309429","geometry":{"type":"Polygon","coordinates":[[[11.56848129,48.14212774],[11.56915271,48.14174959],[11.56968984,48.14192057],[11.56940947,48.14229962],[11.56926633,48.14226072],[11.56888414,48.14237471],[11.56870264,48.14232947],[11.56848129,48.14212774]]]},"properties":{"id":"munich:osm:way:144309429","name":"Unbenannter Park 144309429","nameAddon":null,"objectNumber":"munich:osm:way:144309429","district":"München","locality":null,"type":"Park","areaM2":3631.5,"areaHa":0.36,"designation":null,"dedicated":null,"builtYear":null,"renovatedYear":null,"planningAreaId":null,"planningAreaName":null,"centroid":[11.569098,48.142075],"bounds":[11.56848,48.14175,11.56969,48.14237],"amenities":{},"sourceId":"parks"}},{"type":"Feature","id":"munich:osm:way:144514852","geometry":{"type":"Polygon","coordinates":[[[11.54911355,48.22256468],[11.54917848,48.22247693],[11.55060837,48.22247331],[11.55069248,48.2218283],[11.55091678,48.22096074],[11.55062165,48.2208359],[11.55017749,48.22079971],[11.5499886,48.22074543],[11.54989121,48.22062873],[11.54995024,48.22043333],[11.55235848,48.22064954],[11.55347701,48.22065406],[11.55335306,48.22179573],[11.5531686,48.22192871],[11.55303137,48.22271395],[11.55355817,48.22273476],[11.55349177,48.22323593],[11.55445831,48.22333363],[11.55444208,48.22361136],[11.55419565,48.22358241],[11.55392856,48.22397503],[11.55357588,48.22407907],[11.55342831,48.22393251],[11.55237323,48.22376334],[11.5524057,48.22371992],[11.55217697,48.22356523],[11.55110566,48.22330197],[11.55049475,48.22363398],[11.55015978,48.22339334],[11.54911355,48.22256468]]]},"properties":{"id":"munich:osm:way:144514852","name":"Saatkrähenkolonie Hasenbergl","nameAddon":null,"objectNumber":"munich:osm:way:144514852","district":"München","locality":null,"type":"Park","areaM2":81011,"areaHa":8.1,"designation":null,"dedicated":null,"builtYear":null,"renovatedYear":null,"planningAreaId":null,"planningAreaName":null,"centroid":[11.551917,48.222257],"bounds":[11.54911,48.22043,11.55446,48.22408],"amenities":{},"sourceId":"parks"}},{"type":"Feature","id":"munich:osm:way:144868756","geometry":{"type":"Polygon","coordinates":[[[11.51084142,48.12025059],[11.51123836,48.11874525],[11.51165892,48.11879139],[11.51126197,48.12031663],[11.51116458,48.12035462],[11.51087388,48.12029853],[11.51084142,48.12025059]]]},"properties":{"id":"munich:osm:way:144868756","name":"Unbenannter Park 144868756","nameAddon":null,"objectNumber":"munich:osm:way:144868756","district":"München","locality":null,"type":"Park","areaM2":5626.5,"areaHa":0.56,"designation":null,"dedicated":null,"builtYear":null,"renovatedYear":null,"planningAreaId":null,"planningAreaName":null,"centroid":[11.511245,48.119547],"bounds":[11.51084,48.11875,11.51166,48.12035],"amenities":{},"sourceId":"parks"}},{"type":"Feature","id":"munich:osm:way:144962694","geometry":{"type":"Polygon","coordinates":[[[11.51186403,48.11847205],[11.5119511,48.11807038],[11.51309914,48.11814185],[11.5130106,48.11845757],[11.51293387,48.11847747],[11.51289108,48.11860955],[11.51186403,48.11847205]]]},"properties":{"id":"munich:osm:way:144962694","name":"Unbenannter Park 144962694","nameAddon":null,"objectNumber":"munich:osm:way:144962694","district":"München","locality":null,"type":"Park","areaM2":4022,"areaHa":0.4,"designation":null,"dedicated":null,"builtYear":null,"renovatedYear":null,"planningAreaId":null,"planningAreaName":null,"centroid":[11.512477,48.118322],"bounds":[11.51186,48.11807,11.5131,48.11861],"amenities":{},"sourceId":"parks"}},{"type":"Feature","id":"munich:osm:way:145108955","geometry":{"type":"Polygon","coordinates":[[[11.64901568,48.12596164],[11.64906438,48.12592184],[11.64924441,48.12593269],[11.6492931,48.12643568],[11.64907618,48.12645558],[11.64903782,48.12641759],[11.64901568,48.12596164]]]},"properties":{"id":"munich:osm:way:145108955","name":"Unbenannter Park 145108955","nameAddon":null,"objectNumber":"munich:osm:way:145108955","district":"München","locality":null,"type":"Park","areaM2":1104.7,"areaHa":0.11,"designation":null,"dedicated":null,"builtYear":null,"renovatedYear":null,"planningAreaId":null,"planningAreaName":null,"centroid":[11.649148,48.126192],"bounds":[11.64902,48.12592,11.64929,48.12646],"amenities":{},"sourceId":"parks"}},{"type":"Feature","id":"munich:osm:way:145171410","geometry":{"type":"Polygon","coordinates":[[[11.5532232,48.19204179],[11.55344012,48.19167993],[11.55382969,48.19180297],[11.55386363,48.19177492],[11.55401562,48.19185906],[11.55537173,48.19282884],[11.55552667,48.19289578],[11.55599888,48.19295187],[11.55669095,48.19291207],[11.5569182,48.19320698],[11.55719562,48.19339153],[11.55757486,48.19356794],[11.55810461,48.19364212],[11.55808395,48.19378596],[11.55793639,48.19403655],[11.55780948,48.19390537],[11.55745533,48.19405916],[11.55799836,48.1946698],[11.55789212,48.19538267],[11.55743762,48.19585489],[11.55624973,48.19584675],[11.55618628,48.19694952],[11.55510611,48.19715307],[11.55483165,48.19780351],[11.55439043,48.19924552],[11.55428714,48.19925185],[11.55389462,48.1994943],[11.55389609,48.19991858],[11.55361424,48.19991949],[11.5536954,48.19937851],[11.55400972,48.19859327],[11.5542532,48.19769676],[11.55471359,48.19667179],[11.55521826,48.19605844],[11.55729006,48.19422381],[11.55410416,48.19285688],[11.55422073,48.19270038],[11.55381788,48.19221639],[11.5532232,48.19204179]]]},"properties":{"id":"munich:osm:way:145171410","name":"Unbenannter Park 145171410","nameAddon":null,"objectNumber":"munich:osm:way:145171410","district":"München","locality":null,"type":"Park","areaM2":71789.1,"areaHa":7.18,"designation":null,"dedicated":null,"builtYear":null,"renovatedYear":null,"planningAreaId":null,"planningAreaName":null,"centroid":[11.555805,48.195215],"bounds":[11.55322,48.19168,11.5581,48.19992],"amenities":{},"sourceId":"parks"}},{"type":"Feature","id":"munich:osm:way:145178218","geometry":{"type":"Polygon","coordinates":[[[11.59160601,48.11604487],[11.59245155,48.11533291],[11.59253713,48.11534648],[11.59271569,48.11620318],[11.59204722,48.11624751],[11.59160601,48.11604487]]]},"properties":{"id":"munich:osm:way:145178218","name":"Spitzingplatz","nameAddon":null,"objectNumber":"munich:osm:way:145178218","district":"München","locality":null,"type":"Park","areaM2":4762.5,"areaHa":0.48,"designation":null,"dedicated":null,"builtYear":null,"renovatedYear":null,"planningAreaId":null,"planningAreaName":null,"centroid":[11.592259,48.115887],"bounds":[11.59161,48.11533,11.59272,48.11625],"amenities":{},"sourceId":"parks"}},{"type":"Feature","id":"munich:osm:way:145179330","geometry":{"type":"Polygon","coordinates":[[[11.55356702,48.20103944],[11.55359506,48.20007418],[11.55374853,48.20002985],[11.55405989,48.20002533],[11.55400529,48.20103492],[11.55393593,48.2010693],[11.55356702,48.20103944]]]},"properties":{"id":"munich:osm:way:145179330","name":"Unbenannter Park 145179330","nameAddon":null,"objectNumber":"munich:osm:way:145179330","district":"München","locality":null,"type":"Park","areaM2":3902,"areaHa":0.39,"designation":null,"dedicated":null,"builtYear":null,"renovatedYear":null,"planningAreaId":null,"planningAreaName":null,"centroid":[11.553809,48.20054],"bounds":[11.55357,48.20003,11.55406,48.20107],"amenities":{},"sourceId":"parks"}},{"type":"Feature","id":"munich:osm:way:1452706904","geometry":{"type":"Polygon","coordinates":[[[11.64649087,48.09922562],[11.64661777,48.09921748],[11.64690552,48.09911887],[11.64734821,48.09979464],[11.6471431,48.0998046],[11.64679337,48.09993215],[11.64649087,48.09922562]]]},"properties":{"id":"munich:osm:way:1452706904","name":"Grünanlage am Hanns-Seidel-Platz","nameAddon":null,"objectNumber":"munich:osm:way:1452706904","district":"München","locality":null,"type":"Park","areaM2":3009.3,"areaHa":0.3,"designation":null,"dedicated":null,"builtYear":null,"renovatedYear":null,"planningAreaId":null,"planningAreaName":null,"centroid":[11.64689,48.099529],"bounds":[11.64649,48.09912,11.64735,48.09993],"amenities":{},"sourceId":"parks"}},{"type":"Feature","id":"munich:osm:way:145980633","geometry":{"type":"Polygon","coordinates":[[[11.45486606,48.17262529],[11.45694819,48.17302244],[11.45696737,48.17318799],[11.45632694,48.17318075],[11.45631514,48.17341596],[11.45490443,48.1732486],[11.45497969,48.17296635],[11.45486606,48.17262529]]]},"properties":{"id":"munich:osm:way:145980633","name":"Unbenannter Park 145980633","nameAddon":null,"objectNumber":"munich:osm:way:145980633","district":"München","locality":null,"type":"Park","areaM2":7649.6,"areaHa":0.76,"designation":null,"dedicated":null,"builtYear":null,"renovatedYear":null,"planningAreaId":null,"planningAreaName":null,"centroid":[11.455759,48.173051],"bounds":[11.45487,48.17263,11.45697,48.17342],"amenities":{},"sourceId":"parks"}},{"type":"Feature","id":"munich:osm:way:146186138","geometry":{"type":"Polygon","coordinates":[[[11.53842551,48.17642392],[11.53879737,48.17644563],[11.53912348,48.17657861],[11.53923268,48.17672155],[11.53953371,48.17757825],[11.53968275,48.17868826],[11.53956027,48.17994482],[11.53959569,48.18063145],[11.53983917,48.1816537],[11.54076292,48.18454225],[11.54097541,48.18550389],[11.54098869,48.18602497],[11.54090901,48.18615705],[11.54075702,48.18626922],[11.53941271,48.18646463],[11.53941566,48.18636421],[11.539153,48.18640583],[11.5390984,48.18652524],[11.53902314,48.18652524],[11.539153,48.18577076],[11.53873982,48.18114257],[11.53866899,48.17918853],[11.53844026,48.17655871],[11.53842551,48.17642392]]]},"properties":{"id":"munich:osm:way:146186138","name":"Unbenannter Park 146186138","nameAddon":null,"objectNumber":"munich:osm:way:146186138","district":"München","locality":null,"type":"Park","areaM2":100823.4,"areaHa":10.08,"designation":null,"dedicated":null,"builtYear":null,"renovatedYear":null,"planningAreaId":null,"planningAreaName":null,"centroid":[11.539517,48.182176],"bounds":[11.53843,48.17642,11.54099,48.18653],"amenities":{},"sourceId":"parks"}},{"type":"Feature","id":"munich:osm:way:1463787931","geometry":{"type":"Polygon","coordinates":[[[11.63577774,48.16221096],[11.6360404,48.16215307],[11.63619534,48.16262258],[11.63598285,48.16266781],[11.63595334,48.16260087],[11.63577774,48.16221096]]]},"properties":{"id":"munich:osm:way:1463787931","name":"wagnisPARK","nameAddon":null,"objectNumber":"munich:osm:way:1463787931","district":"München","locality":null,"type":"Park","areaM2":987.8,"areaHa":0.1,"designation":null,"dedicated":null,"builtYear":null,"renovatedYear":null,"planningAreaId":null,"planningAreaName":null,"centroid":[11.635996,48.162405],"bounds":[11.63578,48.16215,11.6362,48.16267],"amenities":{},"sourceId":"parks"}},{"type":"Feature","id":"munich:osm:way:146688253","geometry":{"type":"Polygon","coordinates":[[[11.57329925,48.19664465],[11.57355011,48.19657952],[11.57362389,48.1966157],[11.573708,48.19722544],[11.57367996,48.19725348],[11.57338041,48.19725077],[11.57329925,48.19664465]]]},"properties":{"id":"munich:osm:way:146688253","name":"Unbenannter Park 146688253","nameAddon":null,"objectNumber":"munich:osm:way:146688253","district":"München","locality":null,"type":"Park","areaM2":1781.6,"areaHa":0.18,"designation":null,"dedicated":null,"builtYear":null,"renovatedYear":null,"planningAreaId":null,"planningAreaName":null,"centroid":[11.573504,48.19693],"bounds":[11.5733,48.19658,11.57371,48.19725],"amenities":{},"sourceId":"parks"}},{"type":"Feature","id":"munich:osm:way:1469923815","geometry":{"type":"Polygon","coordinates":[[[11.56736571,48.12999548],[11.5674513,48.12980188],[11.5675664,48.12977203],[11.567863,48.12999457],[11.56787038,48.13004523],[11.56754869,48.12997648],[11.56750885,48.13002804],[11.56736571,48.12999548]]]},"properties":{"id":"munich:osm:way:1469923815","name":"Unbenannter Park 1469923815","nameAddon":null,"objectNumber":"munich:osm:way:1469923815","district":"München","locality":null,"type":"Park","areaM2":618.4,"areaHa":0.06,"designation":null,"dedicated":null,"builtYear":null,"renovatedYear":null,"planningAreaId":null,"planningAreaName":null,"centroid":[11.56759,48.129922],"bounds":[11.56737,48.12977,11.56787,48.13005],"amenities":{},"sourceId":"parks"}},{"type":"Feature","id":"munich:osm:way:147552184","geometry":{"type":"Polygon","coordinates":[[[11.48329274,48.14341234],[11.48403499,48.14332097],[11.48415156,48.14374706],[11.48341522,48.14378686],[11.48329274,48.14341234]]]},"properties":{"id":"munich:osm:way:147552184","name":"Unbenannter Park 147552184","nameAddon":null,"objectNumber":"munich:osm:way:147552184","district":"München","locality":null,"type":"Park","areaM2":2514.3,"areaHa":0.25,"designation":null,"dedicated":null,"builtYear":null,"renovatedYear":null,"planningAreaId":null,"planningAreaName":null,"centroid":[11.483731,48.143565],"bounds":[11.48329,48.14332,11.48415,48.14379],"amenities":{},"sourceId":"parks"}},{"type":"Feature","id":"munich:osm:way:147976861","geometry":{"type":"Polygon","coordinates":[[[11.45507708,48.19841596],[11.45512577,48.19818437],[11.45540614,48.19766872],[11.45553305,48.19751131],[11.45580899,48.19730052],[11.45596098,48.19739732],[11.45664273,48.19757192],[11.4563476,48.19854351],[11.45625021,48.19919124],[11.45606428,48.19920119],[11.45512577,48.19903112],[11.45507708,48.19841596]]]},"properties":{"id":"munich:osm:way:147976861","name":"Unbenannter Park 147976861","nameAddon":null,"objectNumber":"munich:osm:way:147976861","district":"München","locality":null,"type":"Park","areaM2":17186.7,"areaHa":1.72,"designation":null,"dedicated":null,"builtYear":null,"renovatedYear":null,"planningAreaId":null,"planningAreaName":null,"centroid":[11.455821,48.198285],"bounds":[11.45508,48.1973,11.45664,48.1992],"amenities":{},"sourceId":"parks"}},{"type":"Feature","id":"munich:osm:way:1498128267","geometry":{"type":"Polygon","coordinates":[[[11.57987616,48.16175864],[11.5802377,48.16172698],[11.58024655,48.16179483],[11.58029967,48.16179211],[11.58032771,48.16197847],[11.57991453,48.16200742],[11.57987616,48.16175864]]]},"properties":{"id":"munich:osm:way:1498128267","name":"Unbenannter Park 1498128267","nameAddon":null,"objectNumber":"munich:osm:way:1498128267","district":"München","locality":null,"type":"Park","areaM2":844,"areaHa":0.08,"designation":null,"dedicated":null,"builtYear":null,"renovatedYear":null,"planningAreaId":null,"planningAreaName":null,"centroid":[11.580097,48.16187],"bounds":[11.57988,48.16173,11.58033,48.16201],"amenities":{},"sourceId":"parks"}},{"type":"Feature","id":"munich:osm:way:150342150","geometry":{"type":"Polygon","coordinates":[[[11.53665327,48.16757735],[11.53737633,48.1668292],[11.53750619,48.16683734],[11.53769359,48.16695676],[11.53780131,48.16789217],[11.53703693,48.16768048],[11.53665327,48.16757735]]]},"properties":{"id":"munich:osm:way:150342150","name":"Unbenannter Park 150342150","nameAddon":null,"objectNumber":"munich:osm:way:150342150","district":"München","locality":null,"type":"Park","areaM2":5806,"areaHa":0.58,"designation":null,"dedicated":null,"builtYear":null,"renovatedYear":null,"planningAreaId":null,"planningAreaName":null,"centroid":[11.537351,48.167384],"bounds":[11.53665,48.16683,11.5378,48.16789],"amenities":{},"sourceId":"parks"}},{"type":"Feature","id":"munich:osm:way:1506898066","geometry":{"type":"Polygon","coordinates":[[[11.45461815,48.13773566],[11.45713707,48.13730867],[11.45723593,48.13740637],[11.45637121,48.13763344],[11.45507265,48.13783789],[11.45516266,48.13830288],[11.45608051,48.13820156],[11.45612035,48.13830469],[11.4551966,48.13842591],[11.45510364,48.1383454],[11.45461815,48.13773566]]]},"properties":{"id":"munich:osm:way:1506898066","name":"Unbenannter Park 1506898066","nameAddon":null,"objectNumber":"munich:osm:way:1506898066","district":"München","locality":null,"type":"Park","areaM2":5408.6,"areaHa":0.54,"designation":null,"dedicated":null,"builtYear":null,"renovatedYear":null,"planningAreaId":null,"planningAreaName":null,"centroid":[11.455705,48.137797],"bounds":[11.45462,48.13731,11.45724,48.13843],"amenities":{},"sourceId":"parks"}},{"type":"Feature","id":"munich:osm:way:150797532","geometry":{"type":"Polygon","coordinates":[[[11.57796374,48.14216573],[11.57810688,48.14212321],[11.57897307,48.14194952],[11.57898783,48.14197937],[11.57920623,48.14193957],[11.57923131,48.14199747],[11.57983485,48.14188348],[11.57980681,48.14181835],[11.5800252,48.14177492],[11.58001783,48.1417514],[11.5808737,48.14158676],[11.58088403,48.14160937],[11.58112898,48.14156233],[11.58137984,48.14166003],[11.58211766,48.14147367],[11.5825087,48.14223087],[11.58243935,48.14224625],[11.5825692,48.14250859],[11.58263708,48.14249322],[11.58295287,48.14317894],[11.58178564,48.14342139],[11.58176203,48.14337073],[11.57882846,48.14399855],[11.57809507,48.14244527],[11.57796374,48.14216573]]]},"properties":{"id":"munich:osm:way:150797532","name":"Hofgarten","nameAddon":null,"objectNumber":"munich:osm:way:150797532","district":"München","locality":null,"type":"Park","areaM2":66119.2,"areaHa":6.61,"designation":null,"dedicated":null,"builtYear":null,"renovatedYear":null,"planningAreaId":null,"planningAreaName":null,"centroid":[11.580433,48.142693],"bounds":[11.57796,48.14147,11.58295,48.144],"amenities":{},"sourceId":"parks"}},{"type":"Feature","id":"munich:osm:way:152113326","geometry":{"type":"Polygon","coordinates":[[[11.49618539,48.13996381],[11.49761085,48.13982993],[11.49764627,48.13998281],[11.49624294,48.14012665],[11.49618539,48.13996381]]]},"properties":{"id":"munich:osm:way:152113326","name":"Unbenannter Park 152113326","nameAddon":null,"objectNumber":"munich:osm:way:152113326","district":"München","locality":null,"type":"Park","areaM2":1902.6,"areaHa":0.19,"designation":null,"dedicated":null,"builtYear":null,"renovatedYear":null,"planningAreaId":null,"planningAreaName":null,"centroid":[11.496913,48.139976],"bounds":[11.49619,48.13983,11.49765,48.14013],"amenities":{},"sourceId":"parks"}},{"type":"Feature","id":"munich:osm:way:152113331","geometry":{"type":"Polygon","coordinates":[[[11.50693245,48.13727339],[11.50724381,48.13724715],[11.50730431,48.13876334],[11.50699148,48.13879048],[11.50693245,48.13727339]]]},"properties":{"id":"munich:osm:way:152113331","name":"Fröbelplatz","nameAddon":null,"objectNumber":"munich:osm:way:152113331","district":"München","locality":null,"type":"Park","areaM2":3921.1,"areaHa":0.39,"designation":null,"dedicated":null,"builtYear":null,"renovatedYear":null,"planningAreaId":null,"planningAreaName":null,"centroid":[11.507118,48.138019],"bounds":[11.50693,48.13725,11.5073,48.13879],"amenities":{},"sourceId":"parks"}},{"type":"Feature","id":"munich:osm:way:152113334","geometry":{"type":"Polygon","coordinates":[[[11.50699295,48.13888457],[11.50731612,48.13886647],[11.50733973,48.13951873],[11.50701804,48.13953411],[11.50699295,48.13888457]]]},"properties":{"id":"munich:osm:way:152113334","name":"Fröbelplatz","nameAddon":null,"objectNumber":"munich:osm:way:152113334","district":"München","locality":null,"type":"Park","areaM2":1748.9,"areaHa":0.17,"designation":null,"dedicated":null,"builtYear":null,"renovatedYear":null,"planningAreaId":null,"planningAreaName":null,"centroid":[11.507167,48.139201],"bounds":[11.50699,48.13887,11.50734,48.13953],"amenities":{},"sourceId":"parks"}},{"type":"Feature","id":"munich:osm:way:152113343","geometry":{"type":"Polygon","coordinates":[[[11.50678932,48.13633526],[11.50686605,48.13629003],[11.50810116,48.13621133],[11.50818379,48.13626108],[11.50829889,48.13705084],[11.50823987,48.1371006],[11.50693983,48.13717749],[11.50689261,48.13715397],[11.50678932,48.13633526]]]},"properties":{"id":"munich:osm:way:152113343","name":"Unbenannter Park 152113343","nameAddon":null,"objectNumber":"munich:osm:way:152113343","district":"München","locality":null,"type":"Park","areaM2":10320.9,"areaHa":1.03,"designation":null,"dedicated":null,"builtYear":null,"renovatedYear":null,"planningAreaId":null,"planningAreaName":null,"centroid":[11.507541,48.136696],"bounds":[11.50679,48.13621,11.5083,48.13718],"amenities":{},"sourceId":"parks"}},{"type":"Feature","id":"munich:osm:way:1528707360","geometry":{"type":"Polygon","coordinates":[[[11.6848176,48.13274561],[11.68482055,48.13250317],[11.68561592,48.13250769],[11.68561149,48.1327827],[11.68527947,48.13278089],[11.68527947,48.13274833],[11.6848176,48.13274561]]]},"properties":{"id":"munich:osm:way:1528707360","name":"Unbenannter Park 1528707360","nameAddon":null,"objectNumber":"munich:osm:way:1528707360","district":"München","locality":null,"type":"Park","areaM2":1684.7,"areaHa":0.17,"designation":null,"dedicated":null,"builtYear":null,"renovatedYear":null,"planningAreaId":null,"planningAreaName":null,"centroid":[11.685229,48.132634],"bounds":[11.68482,48.1325,11.68562,48.13278],"amenities":{},"sourceId":"parks"}},{"type":"Feature","id":"munich:osm:way:1528735511","geometry":{"type":"Polygon","coordinates":[[[11.69617853,48.12890718],[11.69626855,48.12890537],[11.69627297,48.12884386],[11.69658581,48.12883843],[11.69658728,48.12918762],[11.69619772,48.12920662],[11.69617853,48.12890718]]]},"properties":{"id":"munich:osm:way:1528735511","name":"Unbenannter Park 1528735511","nameAddon":null,"objectNumber":"munich:osm:way:1528735511","district":"München","locality":null,"type":"Park","areaM2":1181.3,"areaHa":0.12,"designation":null,"dedicated":null,"builtYear":null,"renovatedYear":null,"planningAreaId":null,"planningAreaName":null,"centroid":[11.696392,48.129024],"bounds":[11.69618,48.12884,11.69659,48.12921],"amenities":{},"sourceId":"parks"}},{"type":"Feature","id":"munich:osm:way:1529326360","geometry":{"type":"Polygon","coordinates":[[[11.68621798,48.1304279],[11.68621945,48.13036819],[11.68671527,48.13037272],[11.68671232,48.1305247],[11.68629766,48.13052198],[11.68629914,48.1304288],[11.68621798,48.1304279]]]},"properties":{"id":"munich:osm:way:1529326360","name":"Unbenannter Park 1529326360","nameAddon":null,"objectNumber":"munich:osm:way:1529326360","district":"München","locality":null,"type":"Park","areaM2":562.7,"areaHa":0.06,"designation":null,"dedicated":null,"builtYear":null,"renovatedYear":null,"planningAreaId":null,"planningAreaName":null,"centroid":[11.686489,48.130444],"bounds":[11.68622,48.13037,11.68672,48.13052],"amenities":{},"sourceId":"parks"}},{"type":"Feature","id":"munich:osm:way:153011470","geometry":{"type":"Polygon","coordinates":[[[11.54122332,48.12184458],[11.54135908,48.12178849],[11.54201869,48.12206803],[11.54260451,48.1222571],[11.54256172,48.12235752],[11.54282881,48.12244979],[11.54284652,48.12228605],[11.54300146,48.12228786],[11.54299556,48.12243532],[11.54332315,48.1224507],[11.54336152,48.1228605],[11.54285095,48.12287588],[11.54284062,48.12272209],[11.54272109,48.12272842],[11.54195228,48.12231409],[11.54131776,48.12234938],[11.54122332,48.12184458]]]},"properties":{"id":"munich:osm:way:153011470","name":"Unbenannter Park 153011470","nameAddon":null,"objectNumber":"munich:osm:way:153011470","district":"München","locality":null,"type":"Park","areaM2":6799.9,"areaHa":0.68,"designation":null,"dedicated":null,"builtYear":null,"renovatedYear":null,"planningAreaId":null,"planningAreaName":null,"centroid":[11.542297,48.122354],"bounds":[11.54122,48.12179,11.54336,48.12288],"amenities":{},"sourceId":"parks"}},{"type":"Feature","id":"munich:osm:way:153011474","geometry":{"type":"Polygon","coordinates":[[[11.54463204,48.12675864],[11.54567679,48.12630722],[11.54597782,48.12657861],[11.54638805,48.12671883],[11.5473177,48.12671703],[11.54736492,48.12687263],[11.54700191,48.12713136],[11.54667137,48.12728334],[11.54504522,48.12760087],[11.54463204,48.12675864]]]},"properties":{"id":"munich:osm:way:153011474","name":"Unbenannter Park 153011474","nameAddon":null,"objectNumber":"munich:osm:way:153011474","district":"München","locality":null,"type":"Park","areaM2":15969,"areaHa":1.6,"designation":null,"dedicated":null,"builtYear":null,"renovatedYear":null,"planningAreaId":null,"planningAreaName":null,"centroid":[11.545828,48.126979],"bounds":[11.54463,48.12631,11.54736,48.1276],"amenities":{},"sourceId":"parks"}},{"type":"Feature","id":"munich:osm:way:154417205","geometry":{"type":"Polygon","coordinates":[[[11.52794406,48.07192871],[11.52846643,48.07196942],[11.5284561,48.07205265],[11.5280444,48.07211688],[11.52794406,48.07192871]]]},"properties":{"id":"munich:osm:way:154417205","name":"Unbenannter Park 154417205","nameAddon":null,"objectNumber":"munich:osm:way:154417205","district":"München","locality":null,"type":"Park","areaM2":558.3,"areaHa":0.06,"designation":null,"dedicated":null,"builtYear":null,"renovatedYear":null,"planningAreaId":null,"planningAreaName":null,"centroid":[11.528197,48.072016],"bounds":[11.52794,48.07193,11.52847,48.07212],"amenities":{},"sourceId":"parks"}},{"type":"Feature","id":"munich:osm:way:154790094","geometry":{"type":"Polygon","coordinates":[[[11.45800032,48.19179663],[11.45810213,48.19136421],[11.45840759,48.19081961],[11.45876765,48.19032115],[11.45928264,48.18995024],[11.45942135,48.19002352],[11.45920001,48.19016646],[11.45861123,48.19079609],[11.45826003,48.19153338],[11.45822018,48.1917695],[11.45826003,48.19216211],[11.45839136,48.19259454],[11.45818625,48.19261263],[11.45809476,48.19223087],[11.45800032,48.19179663]]]},"properties":{"id":"munich:osm:way:154790094","name":"Unbenannter Park 154790094","nameAddon":null,"objectNumber":"munich:osm:way:154790094","district":"München","locality":null,"type":"Park","areaM2":4625.2,"areaHa":0.46,"designation":null,"dedicated":null,"builtYear":null,"renovatedYear":null,"planningAreaId":null,"planningAreaName":null,"centroid":[11.45846,48.19124],"bounds":[11.458,48.18995,11.45942,48.19261],"amenities":{},"sourceId":"parks"}},{"type":"Feature","id":"munich:osm:way:154907006","geometry":{"type":"Polygon","coordinates":[[[11.50012386,48.09751221],[11.50075544,48.09746969],[11.50087644,48.09847566],[11.50021978,48.09847295],[11.50012386,48.09751221]]]},"properties":{"id":"munich:osm:way:154907006","name":"Unbenannter Park 154907006","nameAddon":null,"objectNumber":"munich:osm:way:154907006","district":"München","locality":null,"type":"Park","areaM2":5266.4,"areaHa":0.53,"designation":null,"dedicated":null,"builtYear":null,"renovatedYear":null,"planningAreaId":null,"planningAreaName":null,"centroid":[11.500497,48.097985],"bounds":[11.50012,48.09747,11.50088,48.09848],"amenities":{},"sourceId":"parks"}},{"type":"Feature","id":"munich:osm:way:154999787","geometry":{"type":"Polygon","coordinates":[[[11.45464176,48.20427628],[11.45472735,48.203814],[11.45578981,48.20381129],[11.45568209,48.20363307],[11.45585326,48.20218111],[11.45722708,48.202334],[11.45707657,48.2025674],[11.45685079,48.20319703],[11.45689506,48.2036186],[11.4573776,48.20448616],[11.45464176,48.20427628]]]},"properties":{"id":"munich:osm:way:154999787","name":"Unbenannter Park 154999787","nameAddon":null,"objectNumber":"munich:osm:way:154999787","district":"München","locality":null,"type":"Park","areaM2":27316.3,"areaHa":2.73,"designation":null,"dedicated":null,"builtYear":null,"renovatedYear":null,"planningAreaId":null,"planningAreaName":null,"centroid":[11.456211,48.203481],"bounds":[11.45464,48.20218,11.45738,48.20449],"amenities":{},"sourceId":"parks"}},{"type":"Feature","id":"munich:osm:way:154999790","geometry":{"type":"Polygon","coordinates":[[[11.43686919,48.19848109],[11.43698281,48.19727519],[11.43721891,48.19664737],[11.43790213,48.19425366],[11.43836843,48.19434413],[11.43741075,48.19668084],[11.43796263,48.19700923],[11.43871373,48.19733942],[11.43933498,48.19752307],[11.43919627,48.19791478],[11.43826071,48.19826488],[11.4379464,48.19975394],[11.43901919,48.20148091],[11.4412902,48.20285146],[11.44202211,48.20312466],[11.44722078,48.20348019],[11.44739786,48.20218654],[11.44751591,48.20219016],[11.44760445,48.20167632],[11.44770332,48.20151619],[11.44788482,48.20028044],[11.44930438,48.20067035],[11.44924388,48.20121856],[11.44872888,48.20276732],[11.44872888,48.20287588],[11.44886169,48.20292292],[11.44891039,48.20299439],[11.44887497,48.2031527],[11.44869495,48.20312376],[11.44863297,48.20306586],[11.44850754,48.20278451],[11.44850754,48.20255835],[11.44863592,48.20215216],[11.44849278,48.2019839],[11.44826849,48.20183011],[11.44786859,48.20183101],[11.44794385,48.20204632],[11.44819028,48.2021594],[11.44832013,48.20230505],[11.44809141,48.20257102],[11.44809879,48.20270038],[11.44823307,48.20279989],[11.44829062,48.20292383],[11.44821241,48.20298806],[11.44789515,48.20299077],[11.44779776,48.20308667],[11.44781251,48.2035598],[11.44801172,48.20360955],[11.45058671,48.20372535],[11.4506782,48.20377058],[11.45065459,48.20393251],[11.45017353,48.20395422],[11.44925569,48.20386195],[11.4464387,48.20370545],[11.44243086,48.20360774],[11.44045794,48.20293468],[11.43917561,48.20217297],[11.43856027,48.2016528],[11.43805412,48.20106839],[11.43762029,48.20048037],[11.43725433,48.19983897],[11.4370197,48.19929618],[11.43686919,48.19848109]]]},"properties":{"id":"munich:osm:way:154999790","name":"Unbenannter Park 154999790","nameAddon":null,"objectNumber":"munich:osm:way:154999790","district":"München","locality":null,"type":"Park","areaM2":117111.3,"areaHa":11.71,"designation":null,"dedicated":null,"builtYear":null,"renovatedYear":null,"planningAreaId":null,"planningAreaName":null,"centroid":[11.442182,48.200616],"bounds":[11.43687,48.19425,11.45068,48.20395],"amenities":{},"sourceId":"parks"}},{"type":"Feature","id":"munich:osm:way:155000281","geometry":{"type":"Polygon","coordinates":[[[11.43440635,48.1826651],[11.43444914,48.18229329],[11.43485789,48.1816926],[11.43494348,48.18117695],[11.43490069,48.18059074],[11.43502759,48.18024606],[11.43526517,48.17993215],[11.43647814,48.17929166],[11.43660505,48.18243441],[11.43759963,48.18364212],[11.44000344,48.18565044],[11.44265073,48.18833997],[11.44449085,48.19034558],[11.44511505,48.19109463],[11.44529213,48.19143568],[11.44558725,48.19162747],[11.44575252,48.19182287],[11.44571121,48.19196852],[11.44634573,48.1926461],[11.44675743,48.19278632],[11.44802648,48.19429528],[11.44857689,48.19519993],[11.44859903,48.19537905],[11.44871856,48.19553736],[11.44886022,48.19564592],[11.44908451,48.19572915],[11.45013517,48.19602859],[11.44990202,48.19616428],[11.44940768,48.19658947],[11.44910812,48.19669622],[11.44904762,48.1966338],[11.44839244,48.19674507],[11.44843523,48.19657047],[11.44830243,48.19656504],[11.44823897,48.1966528],[11.4478376,48.19663832],[11.44811502,48.19594898],[11.44747164,48.19542157],[11.44541313,48.19271305],[11.44519031,48.1925285],[11.44477565,48.19196309],[11.44458529,48.19158585],[11.44423409,48.19136421],[11.44265369,48.18941288],[11.43935121,48.18622037],[11.43670096,48.18585308],[11.43621105,48.18558621],[11.43440635,48.1826651]]]},"properties":{"id":"munich:osm:way:155000281","name":"Unbenannter Park 155000281","nameAddon":null,"objectNumber":"munich:osm:way:155000281","district":"München","locality":null,"type":"Park","areaM2":231655.5,"areaHa":23.17,"designation":null,"dedicated":null,"builtYear":null,"renovatedYear":null,"planningAreaId":null,"planningAreaName":null,"centroid":[11.440424,48.187152],"bounds":[11.43441,48.17929,11.45014,48.19675],"amenities":{},"sourceId":"parks"}},{"type":"Feature","id":"munich:osm:way:156400999","geometry":{"type":"Polygon","coordinates":[[[11.60372099,48.13124389],[11.60423746,48.13118057],[11.60489707,48.13115705],[11.60493396,48.13254026],[11.60389659,48.1325873],[11.60378592,48.13173331],[11.60372099,48.13124389]]]},"properties":{"id":"munich:osm:way:156400999","name":"Hypopark","nameAddon":null,"objectNumber":"munich:osm:way:156400999","district":"München","locality":null,"type":"Park","areaM2":12682.4,"areaHa":1.27,"designation":null,"dedicated":null,"builtYear":null,"renovatedYear":null,"planningAreaId":null,"planningAreaName":null,"centroid":[11.604363,48.131861],"bounds":[11.60372,48.13116,11.60493,48.13259],"amenities":{},"sourceId":"parks"}},{"type":"Feature","id":"munich:osm:way:156452214","geometry":{"type":"Polygon","coordinates":[[[11.57906309,48.11946807],[11.5791413,48.1193387],[11.58054168,48.11966437],[11.58200256,48.11992039],[11.5819332,48.12018636],[11.58157757,48.12055907],[11.58137984,48.12088022],[11.58137984,48.121167],[11.58159233,48.12156685],[11.58117177,48.12149086],[11.58113783,48.12142844],[11.58087517,48.12132441],[11.58072023,48.1210702],[11.58050331,48.12041885],[11.58032328,48.12013751],[11.57998241,48.11986159],[11.57965039,48.11966076],[11.57906309,48.11946807]]]},"properties":{"id":"munich:osm:way:156452214","name":"Kronepark, Am Nockherberg / Schmedererweg","nameAddon":null,"objectNumber":"munich:osm:way:156452214","district":"München","locality":null,"type":"Park","areaM2":17699.4,"areaHa":1.77,"designation":null,"dedicated":null,"builtYear":null,"renovatedYear":null,"planningAreaId":null,"planningAreaName":null,"centroid":[11.580892,48.120315],"bounds":[11.57906,48.11934,11.582,48.12157],"amenities":{},"sourceId":"parks"}},{"type":"Feature","id":"munich:osm:way:156642705","geometry":{"type":"Polygon","coordinates":[[[11.66430329,48.07882124],[11.66455119,48.07875701],[11.6647268,48.07876696],[11.66479467,48.07882576],[11.66471942,48.07883119],[11.66473122,48.07889814],[11.66480648,48.07889814],[11.664805,48.07907635],[11.66475041,48.0790465],[11.66469581,48.0790863],[11.66451578,48.07898136],[11.66430329,48.07882124]]]},"properties":{"id":"munich:osm:way:156642705","name":"Unbenannter Park 156642705","nameAddon":null,"objectNumber":"munich:osm:way:156642705","district":"München","locality":null,"type":"Park","areaM2":805.6,"areaHa":0.08,"designation":null,"dedicated":null,"builtYear":null,"renovatedYear":null,"planningAreaId":null,"planningAreaName":null,"centroid":[11.664605,48.0789],"bounds":[11.6643,48.07876,11.66481,48.07909],"amenities":{},"sourceId":"parks"}},{"type":"Feature","id":"munich:osm:way:156998840","geometry":{"type":"Polygon","coordinates":[[[11.57538285,48.10178216],[11.57673158,48.10113805],[11.57753138,48.10170798],[11.57685406,48.1020038],[11.57660173,48.10192781],[11.57656041,48.10188439],[11.57664895,48.1018473],[11.57640251,48.10158947],[11.57627413,48.10164375],[11.57624462,48.10161209],[11.57583292,48.10178759],[11.5758949,48.10185182],[11.57555845,48.10199385],[11.57538285,48.10178216]]]},"properties":{"id":"munich:osm:way:156998840","name":"Unbenannter Park 156998840","nameAddon":null,"objectNumber":"munich:osm:way:156998840","district":"München","locality":null,"type":"Park","areaM2":6663.5,"areaHa":0.67,"designation":null,"dedicated":null,"builtYear":null,"renovatedYear":null,"planningAreaId":null,"planningAreaName":null,"centroid":[11.576567,48.101612],"bounds":[11.57538,48.10114,11.57753,48.102],"amenities":{},"sourceId":"parks"}},{"type":"Feature","id":"munich:osm:way:158220331","geometry":{"type":"Polygon","coordinates":[[[11.51176221,48.16249955],[11.51225508,48.16208793],[11.51272138,48.16226524],[11.51240117,48.16268591],[11.51230673,48.16271666],[11.51176221,48.16249955]]]},"properties":{"id":"munich:osm:way:158220331","name":"Unbenannter Park 158220331","nameAddon":null,"objectNumber":"munich:osm:way:158220331","district":"München","locality":null,"type":"Park","areaM2":2738.9,"areaHa":0.27,"designation":null,"dedicated":null,"builtYear":null,"renovatedYear":null,"planningAreaId":null,"planningAreaName":null,"centroid":[11.512266,48.162406],"bounds":[11.51176,48.16209,11.51272,48.16272],"amenities":{},"sourceId":"parks"}},{"type":"Feature","id":"munich:osm:way:158220339","geometry":{"type":"Polygon","coordinates":[[[11.5095945,48.16265696],[11.51005638,48.16240727],[11.51100374,48.16299077],[11.51025559,48.16339696],[11.5095945,48.16265696]]]},"properties":{"id":"munich:osm:way:158220339","name":"Unbenannter Park 158220339","nameAddon":null,"objectNumber":"munich:osm:way:158220339","district":"München","locality":null,"type":"Park","areaM2":5738,"areaHa":0.57,"designation":null,"dedicated":null,"builtYear":null,"renovatedYear":null,"planningAreaId":null,"planningAreaName":null,"centroid":[11.510259,48.162889],"bounds":[11.50959,48.16241,11.511,48.1634],"amenities":{},"sourceId":"parks"}},{"type":"Feature","id":"munich:osm:way:158316912","geometry":{"type":"Polygon","coordinates":[[[11.5099339,48.07993396],[11.50995456,48.07987335],[11.51064811,48.07978831],[11.51102735,48.07977836],[11.51138298,48.07981726],[11.51132985,48.07992582],[11.51058613,48.08059978],[11.51018771,48.08031844],[11.51003867,48.08011941],[11.5099339,48.07993396]]]},"properties":{"id":"munich:osm:way:158316912","name":"Schuchwäldchen","nameAddon":null,"objectNumber":"munich:osm:way:158316912","district":"München","locality":null,"type":"Park","areaM2":5768,"areaHa":0.58,"designation":null,"dedicated":null,"builtYear":null,"renovatedYear":null,"planningAreaId":null,"planningAreaName":null,"centroid":[11.510616,48.08009],"bounds":[11.50993,48.07978,11.51138,48.0806],"amenities":{},"sourceId":"parks"}},{"type":"Feature","id":"munich:osm:way:158327527","geometry":{"type":"Polygon","coordinates":[[[11.52068982,48.08032386],[11.52072671,48.08030487],[11.5210912,48.08034105],[11.5210912,48.08090375],[11.52103069,48.0809137],[11.52068982,48.08032386]]]},"properties":{"id":"munich:osm:way:158327527","name":"Malerwinkel","nameAddon":null,"objectNumber":"munich:osm:way:158327527","district":"München","locality":null,"type":"Park","areaM2":1161.6,"areaHa":0.12,"designation":null,"dedicated":null,"builtYear":null,"renovatedYear":null,"planningAreaId":null,"planningAreaName":null,"centroid":[11.520951,48.080544],"bounds":[11.52069,48.0803,11.52109,48.08091],"amenities":{},"sourceId":"parks"}},{"type":"Feature","id":"munich:osm:way:158399729","geometry":{"type":"Polygon","coordinates":[[[11.56736423,48.16583318],[11.56794564,48.16578343],[11.56768002,48.16434594],[11.56828651,48.16428171],[11.56843702,48.1650787],[11.56961016,48.16498462],[11.56971197,48.16515108],[11.56836324,48.16525421],[11.56844883,48.16574181],[11.56900367,48.16584494],[11.56914976,48.16648091],[11.56923682,48.16648905],[11.56927519,48.16667179],[11.57002628,48.16661299],[11.57005137,48.16672155],[11.56916009,48.1668102],[11.56910106,48.16704089],[11.56884725,48.1670617],[11.56892693,48.16749774],[11.56817731,48.16755835],[11.56810648,48.16710783],[11.56759443,48.16714312],[11.56745572,48.16639407],[11.56736423,48.16583318]]]},"properties":{"id":"munich:osm:way:158399729","name":"Bayernpark","nameAddon":null,"objectNumber":"munich:osm:way:158399729","district":"München","locality":null,"type":"Park","areaM2":30118.7,"areaHa":3.01,"designation":null,"dedicated":null,"builtYear":null,"renovatedYear":null,"planningAreaId":null,"planningAreaName":null,"centroid":[11.568346,48.166118],"bounds":[11.56736,48.16428,11.57005,48.16756],"amenities":{},"sourceId":"parks"}},{"type":"Feature","id":"munich:osm:way:158510725","geometry":{"type":"Polygon","coordinates":[[[11.55223157,48.15295549],[11.55242045,48.15277818],[11.55270378,48.15293197],[11.55309482,48.15261625],[11.55327632,48.15274652],[11.55341356,48.15266148],[11.55348291,48.15272481],[11.55334863,48.15281798],[11.55345783,48.15288674],[11.55336486,48.15294283],[11.55348291,48.15302153],[11.55311105,48.15327845],[11.55308597,48.1531509],[11.55274214,48.15313642],[11.55280117,48.15328659],[11.55270968,48.15333183],[11.55261376,48.15324769],[11.55261376,48.15316899],[11.55223157,48.15295549]]]},"properties":{"id":"munich:osm:way:158510725","name":"Unbenannter Park 158510725","nameAddon":null,"objectNumber":"munich:osm:way:158510725","district":"München","locality":null,"type":"Park","areaM2":3471.5,"areaHa":0.35,"designation":null,"dedicated":null,"builtYear":null,"renovatedYear":null,"planningAreaId":null,"planningAreaName":null,"centroid":[11.552931,48.152965],"bounds":[11.55223,48.15262,11.55348,48.15333],"amenities":{},"sourceId":"parks"}},{"type":"Feature","id":"munich:osm:way:158539341","geometry":{"type":"Polygon","coordinates":[[[11.51184042,48.15621042],[11.51191568,48.15596345],[11.51204996,48.15583228],[11.51234657,48.15582685],[11.51233181,48.15615433],[11.51226983,48.1562258],[11.51184042,48.15621042]]]},"properties":{"id":"munich:osm:way:158539341","name":"Unbenannter Park 158539341","nameAddon":null,"objectNumber":"munich:osm:way:158539341","district":"München","locality":null,"type":"Park","areaM2":1393.3,"areaHa":0.14,"designation":null,"dedicated":null,"builtYear":null,"renovatedYear":null,"planningAreaId":null,"planningAreaName":null,"centroid":[11.512121,48.156036],"bounds":[11.51184,48.15583,11.51235,48.15623],"amenities":{},"sourceId":"parks"}},{"type":"Feature","id":"munich:osm:way:158544446","geometry":{"type":"Polygon","coordinates":[[[11.50470572,48.15315994],[11.50471162,48.15302515],[11.50513808,48.15306314],[11.5051189,48.1531907],[11.50470572,48.15315994]]]},"properties":{"id":"munich:osm:way:158544446","name":"Unbenannter Park 158544446","nameAddon":null,"objectNumber":"munich:osm:way:158544446","district":"München","locality":null,"type":"Park","areaM2":458.2,"areaHa":0.05,"designation":null,"dedicated":null,"builtYear":null,"renovatedYear":null,"planningAreaId":null,"planningAreaName":null,"centroid":[11.504917,48.153109],"bounds":[11.50471,48.15303,11.50514,48.15319],"amenities":{},"sourceId":"parks"}},{"type":"Feature","id":"munich:osm:way:158803951","geometry":{"type":"Polygon","coordinates":[[[11.53801823,48.12286864],[11.53812891,48.12179483],[11.53829418,48.12167089],[11.53861439,48.12112991],[11.53881213,48.12112448],[11.53888,48.1211679],[11.53890509,48.1213226],[11.53899363,48.1213235],[11.53901724,48.12155238],[11.53935664,48.12164465],[11.53944222,48.12209788],[11.53972997,48.12209426],[11.53977867,48.12221639],[11.53948502,48.12221277],[11.53926072,48.12243441],[11.53859226,48.12246155],[11.53822777,48.12272119],[11.53817908,48.12286774],[11.53807726,48.12286864],[11.53801823,48.12286864]]]},"properties":{"id":"munich:osm:way:158803951","name":"Grünanlage Stemmerwiese","nameAddon":null,"objectNumber":"munich:osm:way:158803951","district":"München","locality":null,"type":"Park","areaM2":12090.3,"areaHa":1.21,"designation":null,"dedicated":null,"builtYear":null,"renovatedYear":null,"planningAreaId":null,"planningAreaName":null,"centroid":[11.538727,48.12199],"bounds":[11.53802,48.12112,11.53978,48.12287],"amenities":{},"sourceId":"parks"}},{"type":"Feature","id":"munich:osm:way:158803968","geometry":{"type":"Polygon","coordinates":[[[11.505355,48.11414239],[11.50537418,48.11362403],[11.5075655,48.11368102],[11.50763781,48.11372354],[11.507626,48.11421295],[11.50754779,48.11425728],[11.50543911,48.11418672],[11.505355,48.11414239]]]},"properties":{"id":"munich:osm:way:158803968","name":"Wessobrunner Platz","nameAddon":null,"objectNumber":"munich:osm:way:158803968","district":"München","locality":null,"type":"Park","areaM2":10818.9,"areaHa":1.08,"designation":null,"dedicated":null,"builtYear":null,"renovatedYear":null,"planningAreaId":null,"planningAreaName":null,"centroid":[11.506502,48.113938],"bounds":[11.50536,48.11362,11.50764,48.11426],"amenities":{},"sourceId":"parks"}},{"type":"Feature","id":"munich:osm:way:158895104","geometry":{"type":"Polygon","coordinates":[[[11.49840622,48.11407273],[11.4984254,48.11368916],[11.49937571,48.11370816],[11.49941556,48.11403383],[11.49936686,48.11405283],[11.49849623,48.11412249],[11.49840622,48.11407273]]]},"properties":{"id":"munich:osm:way:158895104","name":"Stahleckplatz","nameAddon":null,"objectNumber":"munich:osm:way:158895104","district":"München","locality":null,"type":"Park","areaM2":3308.1,"areaHa":0.33,"designation":null,"dedicated":null,"builtYear":null,"renovatedYear":null,"planningAreaId":null,"planningAreaName":null,"centroid":[11.498888,48.113895],"bounds":[11.49841,48.11369,11.49942,48.11412],"amenities":{},"sourceId":"parks"}},{"type":"Feature","id":"munich:osm:way:158913019","geometry":{"type":"Polygon","coordinates":[[[11.56244594,48.133093],[11.56248725,48.13280894],[11.56277205,48.13216392],[11.56300815,48.13188348],[11.56391419,48.13228786],[11.56523489,48.13296725],[11.56539721,48.13311742],[11.56537212,48.13354804],[11.56390091,48.13337796],[11.56382418,48.13332368],[11.56255218,48.13316175],[11.56244594,48.133093]]]},"properties":{"id":"munich:osm:way:158913019","name":"Nußbaumpark","nameAddon":null,"objectNumber":"munich:osm:way:158913019","district":"München","locality":null,"type":"Park","areaM2":22706.5,"areaHa":2.27,"designation":null,"dedicated":null,"builtYear":null,"renovatedYear":null,"planningAreaId":null,"planningAreaName":null,"centroid":[11.563806,48.132834],"bounds":[11.56245,48.13188,11.5654,48.13355],"amenities":{},"sourceId":"parks"}},{"type":"Feature","id":"munich:osm:way:158913021","geometry":{"type":"Polygon","coordinates":[[[11.57191067,48.14032115],[11.5734719,48.13990863],[11.57351764,48.1399991],[11.5734114,48.14008413],[11.57199331,48.14045052],[11.57191067,48.14032115]]]},"properties":{"id":"munich:osm:way:158913021","name":"Unbenannter Park 158913021","nameAddon":null,"objectNumber":"munich:osm:way:158913021","district":"München","locality":null,"type":"Park","areaM2":2265.2,"areaHa":0.23,"designation":null,"dedicated":null,"builtYear":null,"renovatedYear":null,"planningAreaId":null,"planningAreaName":null,"centroid":[11.572725,48.140183],"bounds":[11.57191,48.13991,11.57352,48.14045],"amenities":{},"sourceId":"parks"}},{"type":"Feature","id":"munich:osm:way:159075298","geometry":{"type":"Polygon","coordinates":[[[11.58373791,48.14452415],[11.5841319,48.14441288],[11.58452885,48.14410892],[11.58457312,48.14414692],[11.58466461,48.1441252],[11.58501581,48.1449023],[11.58696955,48.14450878],[11.58694447,48.1444545],[11.5872514,48.14436584],[11.58740044,48.14422291],[11.58752292,48.14345395],[11.58848799,48.14323412],[11.58876245,48.14342953],[11.58994592,48.14383481],[11.59071325,48.14417767],[11.59125628,48.14450787],[11.59202509,48.14511037],[11.5922789,48.14538267],[11.5928662,48.14624389],[11.59290162,48.14643025],[11.59254304,48.14659671],[11.59166356,48.1471983],[11.59295179,48.14813099],[11.59430938,48.14859598],[11.59447317,48.14891261],[11.5936719,48.14901393],[11.59387406,48.15061788],[11.59400097,48.15091279],[11.59433003,48.15131174],[11.59512098,48.15067306],[11.59534232,48.15082775],[11.59544709,48.15135245],[11.59547365,48.15184549],[11.5961554,48.15279175],[11.59625427,48.15340782],[11.59745396,48.15454768],[11.59786714,48.1543767],[11.59828327,48.15481183],[11.59873629,48.15461462],[11.59981203,48.15579881],[11.60114453,48.15743984],[11.60213468,48.15707617],[11.60205352,48.15697395],[11.60259213,48.15675321],[11.60320452,48.15791207],[11.60403825,48.15743441],[11.60520696,48.15698571],[11.60950697,48.16184549],[11.60959255,48.16218925],[11.61264417,48.16553465],[11.61395011,48.1667894],[11.61553642,48.16888728],[11.61578285,48.16900308],[11.61614586,48.1693577],[11.6167125,48.17004071],[11.61700763,48.1702524],[11.61815273,48.17128098],[11.61896433,48.17209788],[11.61988365,48.17323503],[11.62491705,48.17877239],[11.62577439,48.17978922],[11.62592786,48.17990592],[11.6262525,48.18034015],[11.62870501,48.18306134],[11.62163671,48.18606749],[11.62054473,48.18637416],[11.61964164,48.186556],[11.61912665,48.18657861],[11.618954,48.18635607],[11.61865887,48.18612719],[11.6183239,48.18576714],[11.61782661,48.18592455],[11.61731899,48.18529401],[11.6167671,48.18524787],[11.61671103,48.18497286],[11.61594812,48.18438303],[11.61541394,48.18382848],[11.61522211,48.18384476],[11.61515423,48.18347386],[11.61449167,48.18218654],[11.61356202,48.18251312],[11.61279616,48.18131174],[11.61262204,48.18140221],[11.61222361,48.18080695],[11.61135151,48.18117514],[11.61088669,48.17978288],[11.61042629,48.17921295],[11.60960878,48.17921476],[11.609172,48.17926633],[11.60951729,48.17843405],[11.60951287,48.17815632],[11.60938891,48.17789488],[11.60871012,48.1770436],[11.60891966,48.17684639],[11.60956156,48.17662475],[11.60927677,48.17635064],[11.61021084,48.17609734],[11.61024183,48.17554912],[11.60998507,48.17506604],[11.60933874,48.17432423],[11.60767127,48.17318075],[11.60714447,48.17277185],[11.6065188,48.17258187],[11.60598757,48.17234576],[11.60580754,48.17222363],[11.60527484,48.17173693],[11.60497381,48.17136693],[11.60487641,48.1712068],[11.60486609,48.17106839],[11.60503136,48.17048127],[11.60520843,48.17026778],[11.60625909,48.16989054],[11.60638157,48.16979012],[11.60644059,48.16962095],[11.60635205,48.16930432],[11.6062281,48.16913696],[11.60584148,48.16887281],[11.6055921,48.16880043],[11.60451488,48.16870726],[11.60467573,48.16861227],[11.60445586,48.16851456],[11.60354096,48.1678207],[11.6030363,48.16703727],[11.60276478,48.16672607],[11.60107812,48.16531482],[11.60053804,48.1645323],[11.60022078,48.16421205],[11.6000378,48.16410802],[11.59984597,48.16375792],[11.5998135,48.16362312],[11.60016028,48.16282432],[11.60018831,48.16260449],[11.60008797,48.16225891],[11.59979284,48.16197937],[11.59959363,48.16190338],[11.5990624,48.16184368],[11.59887057,48.16187534],[11.59793207,48.16254388],[11.59765465,48.1626651],[11.59771072,48.1627628],[11.59745396,48.16283155],[11.59718244,48.1628605],[11.59650217,48.16281979],[11.59604325,48.16270038],[11.59465467,48.16165913],[11.59443923,48.16165822],[11.59397736,48.16138864],[11.59327053,48.16055817],[11.59260797,48.16018726],[11.59226414,48.1598435],[11.59202066,48.15949973],[11.59146582,48.15854261],[11.59090065,48.15798354],[11.59074128,48.15787498],[11.59035614,48.15771666],[11.58986328,48.15759001],[11.58960209,48.15741089],[11.58948109,48.1572182],[11.58933353,48.15677583],[11.58976294,48.15607472],[11.58995772,48.15564411],[11.59004921,48.15527773],[11.58986033,48.15465804],[11.58987508,48.15444635],[11.58911808,48.15357789],[11.58849684,48.15335987],[11.5879966,48.15332368],[11.58790511,48.15318256],[11.58820171,48.15283789],[11.58802316,48.15258187],[11.58702858,48.15166094],[11.5868515,48.15121042],[11.58611073,48.15006785],[11.58594399,48.15004071],[11.58553819,48.15014022],[11.58518698,48.15013751],[11.5851132,48.14992401],[11.58457459,48.15000271],[11.58490514,48.14895061],[11.58498777,48.14838791],[11.58495088,48.14750859],[11.58474872,48.14674959],[11.58377332,48.14461191],[11.58373791,48.14452415]]]},"properties":{"id":"munich:osm:way:159075298","name":"Englischer Garten","nameAddon":null,"objectNumber":"munich:osm:way:159075298","district":"München","locality":null,"type":"Park","areaM2":3931545.7,"areaHa":393.15,"designation":null,"dedicated":null,"builtYear":null,"renovatedYear":null,"planningAreaId":null,"planningAreaName":null,"centroid":[11.606553,48.166568],"bounds":[11.58374,48.14323,11.62871,48.18658],"amenities":{},"sourceId":"parks"}},{"type":"Feature","id":"munich:osm:way:159373620","geometry":{"type":"Polygon","coordinates":[[[11.49323116,48.12653067],[11.49342299,48.12588022],[11.4934894,48.12584675],[11.49495913,48.12587118],[11.49478205,48.12640583],[11.49483813,48.12648001],[11.49569252,48.12680659],[11.49567482,48.12685363],[11.49636984,48.12710964],[11.49601421,48.12737018],[11.49549184,48.12706079],[11.49484698,48.12675412],[11.49422574,48.1266528],[11.49323116,48.12653067]]]},"properties":{"id":"munich:osm:way:159373620","name":"Unbenannter Park 159373620","nameAddon":null,"objectNumber":"munich:osm:way:159373620","district":"München","locality":null,"type":"Park","areaM2":13611,"areaHa":1.36,"designation":null,"dedicated":null,"builtYear":null,"renovatedYear":null,"planningAreaId":null,"planningAreaName":null,"centroid":[11.494517,48.12644],"bounds":[11.49323,48.12585,11.49637,48.12737],"amenities":{},"sourceId":"parks"}},{"type":"Feature","id":"munich:osm:way:159674607","geometry":{"type":"Polygon","coordinates":[[[11.4894491,48.1311082],[11.48996853,48.13110729],[11.48991393,48.13142392],[11.48946976,48.13142844],[11.4894491,48.1311082]]]},"properties":{"id":"munich:osm:way:159674607","name":"Unbenannter Park 159674607","nameAddon":null,"objectNumber":"munich:osm:way:159674607","district":"München","locality":null,"type":"Park","areaM2":1283.1,"areaHa":0.13,"designation":null,"dedicated":null,"builtYear":null,"renovatedYear":null,"planningAreaId":null,"planningAreaName":null,"centroid":[11.4897,48.131263],"bounds":[11.48945,48.13111,11.48997,48.13143],"amenities":{},"sourceId":"parks"}},{"type":"Feature","id":"munich:osm:way:159674612","geometry":{"type":"Polygon","coordinates":[[[11.48880277,48.13142844],[11.4888072,48.13112991],[11.48931187,48.13112086],[11.48933253,48.13141397],[11.48880277,48.13142844]]]},"properties":{"id":"munich:osm:way:159674612","name":"Unbenannter Park 159674612","nameAddon":null,"objectNumber":"munich:osm:way:159674612","district":"München","locality":null,"type":"Park","areaM2":1268.1,"areaHa":0.13,"designation":null,"dedicated":null,"builtYear":null,"renovatedYear":null,"planningAreaId":null,"planningAreaName":null,"centroid":[11.489063,48.131275],"bounds":[11.4888,48.13112,11.48933,48.13143],"amenities":{},"sourceId":"parks"}},{"type":"Feature","id":"munich:osm:way:159817906","geometry":{"type":"Polygon","coordinates":[[[11.53830303,48.13322779],[11.5394009,48.13312195],[11.53948354,48.13356613],[11.53944222,48.13356975],[11.53958831,48.13419848],[11.53963848,48.13419577],[11.53970489,48.13471504],[11.53842403,48.13479464],[11.53832517,48.13399493],[11.53830303,48.13322779]]]},"properties":{"id":"munich:osm:way:159817906","name":"Georg-Freundorfer-Platz","nameAddon":null,"objectNumber":"munich:osm:way:159817906","district":"München","locality":null,"type":"Park","areaM2":15978.6,"areaHa":1.6,"designation":null,"dedicated":null,"builtYear":null,"renovatedYear":null,"planningAreaId":null,"planningAreaName":null,"centroid":[11.538951,48.133988],"bounds":[11.5383,48.13312,11.5397,48.13479],"amenities":{},"sourceId":"parks"}},{"type":"Feature","id":"munich:osm:way:159817926","geometry":{"type":"Polygon","coordinates":[[[11.54820603,48.13603763],[11.54905305,48.13644654],[11.54935113,48.13674869],[11.54946623,48.13697214],[11.54950164,48.13742898],[11.54868857,48.13743984],[11.54861036,48.13734214],[11.54820603,48.13603763]]]},"properties":{"id":"munich:osm:way:159817926","name":"Unbenannter Park 159817926","nameAddon":null,"objectNumber":"munich:osm:way:159817926","district":"München","locality":null,"type":"Park","areaM2":8682.1,"areaHa":0.87,"designation":null,"dedicated":null,"builtYear":null,"renovatedYear":null,"planningAreaId":null,"planningAreaName":null,"centroid":[11.54888,48.136858],"bounds":[11.54821,48.13604,11.5495,48.13744],"amenities":{},"sourceId":"parks"}},{"type":"Feature","id":"munich:osm:way:159920783","geometry":{"type":"Polygon","coordinates":[[[11.62130321,48.18714945],[11.62299872,48.18686358],[11.62501149,48.1864601],[11.62492885,48.18636693],[11.62472374,48.18627465],[11.62344141,48.18653429],[11.62313005,48.18653429],[11.62219007,48.18668265],[11.62182116,48.1866338],[11.62185953,48.18658223],[11.62296478,48.18639768],[11.62430761,48.18610005],[11.62632333,48.18553193],[11.62933215,48.18444364],[11.62994602,48.18514746],[11.6320975,48.18804596],[11.63259774,48.18880496],[11.63235574,48.18887371],[11.63165481,48.18894156],[11.63141723,48.18899674],[11.62855892,48.18505428],[11.62632628,48.18586575],[11.62621856,48.18595712],[11.62617429,48.18616609],[11.62644433,48.18949792],[11.62574783,48.18953591],[11.62582899,48.18994482],[11.62640006,48.19055546],[11.62566224,48.19068663],[11.62432827,48.19068844],[11.62130321,48.18714945]]]},"properties":{"id":"munich:osm:way:159920783","name":"Unbenannter Park 159920783","nameAddon":null,"objectNumber":"munich:osm:way:159920783","district":"München","locality":null,"type":"Park","areaM2":183094.8,"areaHa":18.31,"designation":null,"dedicated":null,"builtYear":null,"renovatedYear":null,"planningAreaId":null,"planningAreaName":null,"centroid":[11.62612,48.187704],"bounds":[11.6213,48.18444,11.6326,48.19069],"amenities":{},"sourceId":"parks"}},{"type":"Feature","id":"munich:osm:way:16126842","geometry":{"type":"Polygon","coordinates":[[[11.57400903,48.15699566],[11.57489884,48.15703456],[11.57486047,48.15748688],[11.57455354,48.15748417],[11.57454911,48.15752307],[11.57414331,48.15757192],[11.57404445,48.15709336],[11.57400903,48.15699566]]]},"properties":{"id":"munich:osm:way:16126842","name":"Unbenannter Park 16126842","nameAddon":null,"objectNumber":"munich:osm:way:16126842","district":"München","locality":null,"type":"Park","areaM2":3328.5,"areaHa":0.33,"designation":null,"dedicated":null,"builtYear":null,"renovatedYear":null,"planningAreaId":null,"planningAreaName":null,"centroid":[11.574461,48.157261],"bounds":[11.57401,48.157,11.5749,48.15757],"amenities":{},"sourceId":"parks"}},{"type":"Feature","id":"munich:osm:way:162204638","geometry":{"type":"Polygon","coordinates":[[[11.50365506,48.09450063],[11.50395167,48.09446264],[11.50667127,48.09658042],[11.50757436,48.09742356],[11.50742679,48.09747784],[11.50722168,48.09747965],[11.5057608,48.09613986],[11.50538746,48.09615795],[11.50532844,48.0960892],[11.50544649,48.09602768],[11.50379968,48.09459834],[11.50368753,48.094611],[11.50367277,48.09455853],[11.50365506,48.09450063]]]},"properties":{"id":"munich:osm:way:162204638","name":"Unbenannter Park 162204638","nameAddon":null,"objectNumber":"munich:osm:way:162204638","district":"München","locality":null,"type":"Park","areaM2":10704.7,"areaHa":1.07,"designation":null,"dedicated":null,"builtYear":null,"renovatedYear":null,"planningAreaId":null,"planningAreaName":null,"centroid":[11.505683,48.096002],"bounds":[11.50366,48.09446,11.50757,48.09748],"amenities":{},"sourceId":"parks"}},{"type":"Feature","id":"munich:osm:way:162309189","geometry":{"type":"Polygon","coordinates":[[[11.51469873,48.10304143],[11.51495549,48.1027438],[11.51522111,48.10254297],[11.51551476,48.10234757],[11.51578628,48.10222544],[11.51619355,48.10209155],[11.51726487,48.10195947],[11.51929534,48.10201375],[11.51913598,48.1028786],[11.51931748,48.10292202],[11.51928501,48.10308757],[11.52027517,48.10313642],[11.52026336,48.10330107],[11.52208282,48.10345214],[11.52181131,48.10414601],[11.52260815,48.10428261],[11.52243107,48.1046888],[11.52129188,48.10614529],[11.52124909,48.10613805],[11.52200166,48.10427266],[11.52140108,48.10413154],[11.52157225,48.10359236],[11.51900907,48.10326488],[11.51817681,48.10386195],[11.51785217,48.10460286],[11.51737406,48.10435498],[11.51469873,48.10304143]]]},"properties":{"id":"munich:osm:way:162309189","name":"Unbenannter Park 162309189","nameAddon":null,"objectNumber":"munich:osm:way:162309189","district":"München","locality":null,"type":"Park","areaM2":74020.7,"areaHa":7.4,"designation":null,"dedicated":null,"builtYear":null,"renovatedYear":null,"planningAreaId":null,"planningAreaName":null,"centroid":[11.517967,48.103207],"bounds":[11.5147,48.10196,11.52261,48.10615],"amenities":{},"sourceId":"parks"}},{"type":"Feature","id":"munich:osm:way:164102005","geometry":{"type":"Polygon","coordinates":[[[11.61099441,48.14415053],[11.61346758,48.14352813],[11.61492108,48.14332368],[11.61501109,48.14396599],[11.61373909,48.14422743],[11.61136774,48.14481726],[11.61099441,48.14415053]]]},"properties":{"id":"munich:osm:way:164102005","name":"Böhmerwaldplatz","nameAddon":null,"objectNumber":"munich:osm:way:164102005","district":"München","locality":null,"type":"Park","areaM2":23569,"areaHa":2.36,"designation":null,"dedicated":null,"builtYear":null,"renovatedYear":null,"planningAreaId":null,"planningAreaName":null,"centroid":[11.613032,48.144035],"bounds":[11.61099,48.14332,11.61501,48.14482],"amenities":{},"sourceId":"parks"}},{"type":"Feature","id":"munich:osm:way:165229622","geometry":{"type":"Polygon","coordinates":[[[11.52802964,48.10603854],[11.52805473,48.10569387],[11.52859038,48.10573186],[11.52856825,48.10607744],[11.52807244,48.10607653],[11.52802964,48.10603854]]]},"properties":{"id":"munich:osm:way:165229622","name":"Unbenannter Park 165229622","nameAddon":null,"objectNumber":"munich:osm:way:165229622","district":"München","locality":null,"type":"Park","areaM2":1621.9,"areaHa":0.16,"designation":null,"dedicated":null,"builtYear":null,"renovatedYear":null,"planningAreaId":null,"planningAreaName":null,"centroid":[11.528307,48.105894],"bounds":[11.52803,48.10569,11.52859,48.10608],"amenities":{},"sourceId":"parks"}},{"type":"Feature","id":"munich:osm:way:165494498","geometry":{"type":"Polygon","coordinates":[[[11.5707641,48.14691967],[11.57119942,48.14679754],[11.57124811,48.14687443],[11.5709825,48.14694952],[11.57138092,48.14757825],[11.57121122,48.1476262],[11.5707641,48.14691967]]]},"properties":{"id":"munich:osm:way:165494498","name":"Unbenannter Park 165494498","nameAddon":null,"objectNumber":"munich:osm:way:165494498","district":"München","locality":null,"type":"Park","areaM2":1365.2,"areaHa":0.14,"designation":null,"dedicated":null,"builtYear":null,"renovatedYear":null,"planningAreaId":null,"planningAreaName":null,"centroid":[11.571075,48.147194],"bounds":[11.57076,48.1468,11.57138,48.14763],"amenities":{},"sourceId":"parks"}},{"type":"Feature","id":"munich:osm:way:168210102","geometry":{"type":"Polygon","coordinates":[[[11.51627767,48.09440022],[11.51632341,48.09412611],[11.51655509,48.0935209],[11.51695793,48.09359236],[11.51714091,48.09321241],[11.51772379,48.09329021],[11.5174626,48.09401755],[11.51672183,48.09401122],[11.51671003,48.09440655],[11.51661116,48.09440655],[11.51627767,48.09440022]]]},"properties":{"id":"munich:osm:way:168210102","name":"Unbenannter Park 168210102","nameAddon":null,"objectNumber":"munich:osm:way:168210102","district":"München","locality":null,"type":"Park","areaM2":7035.7,"areaHa":0.7,"designation":null,"dedicated":null,"builtYear":null,"renovatedYear":null,"planningAreaId":null,"planningAreaName":null,"centroid":[11.51699,48.093778],"bounds":[11.51628,48.09321,11.51772,48.09441],"amenities":{},"sourceId":"parks"}},{"type":"Feature","id":"munich:osm:way:16944327","geometry":{"type":"Polygon","coordinates":[[[11.49092621,48.12358784],[11.49093949,48.12285055],[11.49114018,48.12106296],[11.49181307,48.1210702],[11.49181455,48.12132712],[11.4928047,48.12133074],[11.4928047,48.12106296],[11.49307032,48.12106296],[11.49339348,48.12123123],[11.49264533,48.12195043],[11.49186177,48.12295006],[11.49138956,48.12293378],[11.49139694,48.12336258],[11.49199605,48.12340782],[11.49211263,48.12345124],[11.49226019,48.12369278],[11.49272944,48.12375882],[11.49322378,48.12377601],[11.49396898,48.12389814],[11.49382141,48.12419124],[11.49133349,48.12376063],[11.49133939,48.12361046],[11.49092621,48.12358784]]]},"properties":{"id":"munich:osm:way:16944327","name":"Unbenannter Park 16944327","nameAddon":null,"objectNumber":"munich:osm:way:16944327","district":"München","locality":null,"type":"Park","areaM2":31918.1,"areaHa":3.19,"designation":null,"dedicated":null,"builtYear":null,"renovatedYear":null,"planningAreaId":null,"planningAreaName":null,"centroid":[11.491951,48.12244],"bounds":[11.49093,48.12106,11.49397,48.12419],"amenities":{},"sourceId":"parks"}},{"type":"Feature","id":"munich:osm:way:169782213","geometry":{"type":"Polygon","coordinates":[[[11.52599917,48.10354804],[11.52605967,48.10316537],[11.52791454,48.10346933],[11.5278688,48.10372625],[11.52599917,48.10354804]]]},"properties":{"id":"munich:osm:way:169782213","name":"Unbenannter Park 169782213","nameAddon":null,"objectNumber":"munich:osm:way:169782213","district":"München","locality":null,"type":"Park","areaM2":4864.8,"areaHa":0.49,"designation":null,"dedicated":null,"builtYear":null,"renovatedYear":null,"planningAreaId":null,"planningAreaName":null,"centroid":[11.5269,48.103469],"bounds":[11.526,48.10317,11.52791,48.10373],"amenities":{},"sourceId":"parks"}},{"type":"Feature","id":"munich:osm:way:169872397","geometry":{"type":"Polygon","coordinates":[[[11.51201602,48.07343767],[11.51223442,48.07339063],[11.51245429,48.07347928],[11.51262546,48.07358332],[11.51292502,48.07401845],[11.51287337,48.07404469],[11.51256644,48.07384295],[11.51264907,48.07376696],[11.5124897,48.07358965],[11.51220933,48.07347566],[11.51211637,48.07354623],[11.51205734,48.07351547],[11.51201602,48.07343767]]]},"properties":{"id":"munich:osm:way:169872397","name":"Unbenannter Park 169872397","nameAddon":null,"objectNumber":"munich:osm:way:169872397","district":"München","locality":null,"type":"Park","areaM2":930.6,"areaHa":0.09,"designation":null,"dedicated":null,"builtYear":null,"renovatedYear":null,"planningAreaId":null,"planningAreaName":null,"centroid":[11.512525,48.073672],"bounds":[11.51202,48.07339,11.51293,48.07404],"amenities":{},"sourceId":"parks"}},{"type":"Feature","id":"munich:osm:way:170591610","geometry":{"type":"Polygon","coordinates":[[[11.51181829,48.20068301],[11.51291321,48.20047042],[11.51359938,48.20204632],[11.51255758,48.20222725],[11.51181829,48.20068301]]]},"properties":{"id":"munich:osm:way:170591610","name":"Unbenannter Park 170591610","nameAddon":null,"objectNumber":"munich:osm:way:170591610","district":"München","locality":null,"type":"Park","areaM2":14933.4,"areaHa":1.49,"designation":null,"dedicated":null,"builtYear":null,"renovatedYear":null,"planningAreaId":null,"planningAreaName":null,"centroid":[11.51272,48.201349],"bounds":[11.51182,48.20047,11.5136,48.20223],"amenities":{},"sourceId":"parks"}},{"type":"Feature","id":"munich:osm:way:170969169","geometry":{"type":"Polygon","coordinates":[[[11.58255887,48.10487878],[11.58283777,48.10480731],[11.58310043,48.10482359],[11.58305911,48.10503076],[11.58309601,48.10536005],[11.58276399,48.1050968],[11.58255887,48.10487878]]]},"properties":{"id":"munich:osm:way:170969169","name":"Unbenannter Park 170969169","nameAddon":null,"objectNumber":"munich:osm:way:170969169","district":"München","locality":null,"type":"Park","areaM2":1354.7,"areaHa":0.14,"designation":null,"dedicated":null,"builtYear":null,"renovatedYear":null,"planningAreaId":null,"planningAreaName":null,"centroid":[11.582894,48.105009],"bounds":[11.58256,48.10481,11.5831,48.10536],"amenities":{},"sourceId":"parks"}},{"type":"Feature","id":"munich:osm:way:170969174","geometry":{"type":"Polygon","coordinates":[[[11.58169267,48.10579338],[11.58229916,48.10503619],[11.58248657,48.10494572],[11.5830783,48.10541795],[11.58342212,48.10584856],[11.58352247,48.10581057],[11.58405222,48.10640673],[11.58458788,48.10681292],[11.58470298,48.10678487],[11.58500843,48.10690519],[11.58523273,48.10719739],[11.58365675,48.10770038],[11.58292926,48.10687624],[11.58190959,48.1059345],[11.58169267,48.10579338]]]},"properties":{"id":"munich:osm:way:170969174","name":"Grünanlage Katzenbuckel","nameAddon":null,"objectNumber":"munich:osm:way:170969174","district":"München","locality":null,"type":"Park","areaM2":31329.3,"areaHa":3.13,"designation":null,"dedicated":null,"builtYear":null,"renovatedYear":null,"planningAreaId":null,"planningAreaName":null,"centroid":[11.58332,48.106418],"bounds":[11.58169,48.10495,11.58523,48.1077],"amenities":{},"sourceId":"parks"}},{"type":"Feature","id":"munich:osm:way:172391921","geometry":{"type":"Polygon","coordinates":[[[11.51207357,48.09240999],[11.51234657,48.09228153],[11.51451428,48.09438484],[11.5141011,48.09437941],[11.51336623,48.09365659],[11.51207357,48.09240999]]]},"properties":{"id":"munich:osm:way:172391921","name":"Unbenannter Park 172391921","nameAddon":null,"objectNumber":"munich:osm:way:172391921","district":"München","locality":null,"type":"Park","areaM2":7065,"areaHa":0.71,"designation":null,"dedicated":null,"builtYear":null,"renovatedYear":null,"planningAreaId":null,"planningAreaName":null,"centroid":[11.513263,48.093363],"bounds":[11.51207,48.09228,11.51451,48.09438],"amenities":{},"sourceId":"parks"}},{"type":"Feature","id":"munich:osm:way:17256126","geometry":{"type":"Polygon","coordinates":[[[11.46721715,48.14342229],[11.4676923,48.14339696],[11.46787971,48.14504704],[11.4674075,48.14506061],[11.46721715,48.14342229]]]},"properties":{"id":"munich:osm:way:17256126","name":"Unbenannter Park 17256126","nameAddon":null,"objectNumber":"munich:osm:way:17256126","district":"München","locality":null,"type":"Park","areaM2":6467.1,"areaHa":0.65,"designation":null,"dedicated":null,"builtYear":null,"renovatedYear":null,"planningAreaId":null,"planningAreaName":null,"centroid":[11.467549,48.14423],"bounds":[11.46722,48.1434,11.46788,48.14506],"amenities":{},"sourceId":"parks"}},{"type":"Feature","id":"munich:osm:way:172565956","geometry":{"type":"Polygon","coordinates":[[[11.48882343,48.12325222],[11.48883966,48.12283155],[11.48937384,48.12283698],[11.48931187,48.12326579],[11.48882343,48.12325222]]]},"properties":{"id":"munich:osm:way:172565956","name":"Unbenannter Park 172565956","nameAddon":null,"objectNumber":"munich:osm:way:172565956","district":"München","locality":null,"type":"Park","areaM2":1785,"areaHa":0.18,"designation":null,"dedicated":null,"builtYear":null,"renovatedYear":null,"planningAreaId":null,"planningAreaName":null,"centroid":[11.489088,48.123044],"bounds":[11.48882,48.12283,11.48937,48.12327],"amenities":{},"sourceId":"parks"}},{"type":"Feature","id":"munich:osm:way:17257338","geometry":{"type":"Polygon","coordinates":[[[11.45608936,48.14833906],[11.45638744,48.14831916],[11.45658075,48.14781798],[11.45652615,48.14717749],[11.45700278,48.14714131],[11.457444,48.14877149],[11.45821133,48.1495531],[11.45806672,48.14960376],[11.45764174,48.14917858],[11.45734808,48.1490085],[11.45709722,48.14911797],[11.45686407,48.14928171],[11.45665601,48.14921386],[11.45637416,48.14929618],[11.4561661,48.14897775],[11.45611002,48.14870635],[11.45608936,48.14833906]]]},"properties":{"id":"munich:osm:way:17257338","name":"Grünanlage am Manzingerweg","nameAddon":null,"objectNumber":"munich:osm:way:17257338","district":"München","locality":null,"type":"Park","areaM2":16179.1,"areaHa":1.62,"designation":null,"dedicated":null,"builtYear":null,"renovatedYear":null,"planningAreaId":null,"planningAreaName":null,"centroid":[11.456865,48.148432],"bounds":[11.45609,48.14714,11.45821,48.1496],"amenities":{},"sourceId":"parks"}},{"type":"Feature","id":"munich:osm:way:17258944","geometry":{"type":"Polygon","coordinates":[[[11.47808669,48.14214854],[11.47873155,48.14206893],[11.4788068,48.14227791],[11.47892633,48.14226796],[11.47920375,48.14318075],[11.47956676,48.14394608],[11.47980876,48.14498462],[11.47906504,48.14500362],[11.478916,48.14443912],[11.47845265,48.14327031],[11.47830804,48.14269767],[11.47808669,48.14214854]]]},"properties":{"id":"munich:osm:way:17258944","name":"Unbenannter Park 17258944","nameAddon":null,"objectNumber":"munich:osm:way:17258944","district":"München","locality":null,"type":"Park","areaM2":18703.3,"areaHa":1.87,"designation":null,"dedicated":null,"builtYear":null,"renovatedYear":null,"planningAreaId":null,"planningAreaName":null,"centroid":[11.478977,48.143564],"bounds":[11.47809,48.14207,11.47981,48.145],"amenities":{},"sourceId":"parks"}},{"type":"Feature","id":"munich:osm:way:17259205","geometry":{"type":"Polygon","coordinates":[[[11.49782482,48.1351176],[11.49922077,48.13496834],[11.49953508,48.13537181],[11.49948048,48.13540528],[11.49791041,48.1355455],[11.49782482,48.1351176]]]},"properties":{"id":"munich:osm:way:17259205","name":"Unbenannter Park 17259205","nameAddon":null,"objectNumber":"munich:osm:way:17259205","district":"München","locality":null,"type":"Park","areaM2":5654.4,"areaHa":0.57,"designation":null,"dedicated":null,"builtYear":null,"renovatedYear":null,"planningAreaId":null,"planningAreaName":null,"centroid":[11.498637,48.135262],"bounds":[11.49782,48.13497,11.49954,48.13555],"amenities":{},"sourceId":"parks"}},{"type":"Feature","id":"munich:osm:way:172708423","geometry":{"type":"Polygon","coordinates":[[[11.67383886,48.11117785],[11.67403069,48.11095531],[11.6750297,48.11021802],[11.67573505,48.10984259],[11.67744236,48.10865479],[11.67765485,48.10885019],[11.67786882,48.10897232],[11.67809902,48.10889361],[11.67867009,48.1091831],[11.67836169,48.10943731],[11.67776848,48.10911073],[11.67560815,48.11084223],[11.67588999,48.11099511],[11.67573505,48.11111453],[11.67522891,48.11082866],[11.67490722,48.1110693],[11.6745693,48.11087932],[11.67421367,48.11106115],[11.67452945,48.11118509],[11.67540746,48.11180116],[11.67499133,48.11207798],[11.67414579,48.11138954],[11.67383886,48.11117785]]]},"properties":{"id":"munich:osm:way:172708423","name":"Unbenannter Park 172708423","nameAddon":null,"objectNumber":"munich:osm:way:172708423","district":"München","locality":null,"type":"Park","areaM2":28633,"areaHa":2.86,"designation":null,"dedicated":null,"builtYear":null,"renovatedYear":null,"planningAreaId":null,"planningAreaName":null,"centroid":[11.675948,48.110214],"bounds":[11.67384,48.10865,11.67867,48.11208],"amenities":{},"sourceId":"parks"}},{"type":"Feature","id":"munich:osm:way:172708435","geometry":{"type":"Polygon","coordinates":[[[11.67589885,48.1114592],[11.67598148,48.11143839],[11.67672078,48.1108558],[11.67665142,48.1108558],[11.67669421,48.11082956],[11.67679751,48.11091189],[11.67674144,48.11090013],[11.67599329,48.11145739],[11.67605674,48.11146734],[11.67599476,48.11151529],[11.67590622,48.1114972],[11.67589885,48.1114592]]]},"properties":{"id":"munich:osm:way:172708435","name":"Unbenannter Park 172708435","nameAddon":null,"objectNumber":"munich:osm:way:172708435","district":"München","locality":null,"type":"Park","areaM2":375.1,"areaHa":0.04,"designation":null,"dedicated":null,"builtYear":null,"renovatedYear":null,"planningAreaId":null,"planningAreaName":null,"centroid":[11.676349,48.111173],"bounds":[11.6759,48.11083,11.6768,48.11152],"amenities":{},"sourceId":"parks"}},{"type":"Feature","id":"munich:osm:way:172708437","geometry":{"type":"Polygon","coordinates":[[[11.67678866,48.11077348],[11.67720921,48.1104478],[11.67728595,48.11052379],[11.67724905,48.11057264],[11.67718708,48.11056902],[11.67686982,48.11080333],[11.67692737,48.11081238],[11.6768949,48.11083047],[11.67678866,48.11077348]]]},"properties":{"id":"munich:osm:way:172708437","name":"Unbenannter Park 172708437","nameAddon":null,"objectNumber":"munich:osm:way:172708437","district":"München","locality":null,"type":"Park","areaM2":319.3,"areaHa":0.03,"designation":null,"dedicated":null,"builtYear":null,"renovatedYear":null,"planningAreaId":null,"planningAreaName":null,"centroid":[11.677046,48.11063],"bounds":[11.67679,48.11045,11.67729,48.11083],"amenities":{},"sourceId":"parks"}},{"type":"Feature","id":"munich:osm:way:173105102","geometry":{"type":"Polygon","coordinates":[[[11.45435106,48.15452054],[11.45526743,48.15381491],[11.45613363,48.15323593],[11.45650254,48.15324046],[11.45647303,48.15369549],[11.4565778,48.15404017],[11.45575439,48.15411163],[11.45583555,48.15442193],[11.45435106,48.15452054]]]},"properties":{"id":"munich:osm:way:173105102","name":"Unbenannter Park 173105102","nameAddon":null,"objectNumber":"munich:osm:way:173105102","district":"München","locality":null,"type":"Park","areaM2":10672.5,"areaHa":1.07,"designation":null,"dedicated":null,"builtYear":null,"renovatedYear":null,"planningAreaId":null,"planningAreaName":null,"centroid":[11.455681,48.153937],"bounds":[11.45435,48.15324,11.45658,48.15452],"amenities":{},"sourceId":"parks"}},{"type":"Feature","id":"munich:osm:way:173539687","geometry":{"type":"Polygon","coordinates":[[[11.53084811,48.17329654],[11.53181908,48.17328026],[11.53189434,48.1743586],[11.53088648,48.17438755],[11.53084811,48.17329654]]]},"properties":{"id":"munich:osm:way:173539687","name":"Unbenannter Park 173539687","nameAddon":null,"objectNumber":"munich:osm:way:173539687","district":"München","locality":null,"type":"Park","areaM2":8885.7,"areaHa":0.89,"designation":null,"dedicated":null,"builtYear":null,"renovatedYear":null,"planningAreaId":null,"planningAreaName":null,"centroid":[11.531361,48.173834],"bounds":[11.53085,48.17328,11.53189,48.17439],"amenities":{},"sourceId":"parks"}},{"type":"Feature","id":"munich:osm:way:173567471","geometry":{"type":"Polygon","coordinates":[[[11.51429884,48.17899132],[11.51462643,48.17883572],[11.51484925,48.17905374],[11.51443017,48.1792609],[11.51432687,48.17913968],[11.51440951,48.17909354],[11.51429884,48.17899132]]]},"properties":{"id":"munich:osm:way:173567471","name":"Unbenannter Park 173567471","nameAddon":null,"objectNumber":"munich:osm:way:173567471","district":"München","locality":null,"type":"Park","areaM2":1012.9,"areaHa":0.1,"designation":null,"dedicated":null,"builtYear":null,"renovatedYear":null,"planningAreaId":null,"planningAreaName":null,"centroid":[11.514556,48.179043],"bounds":[11.5143,48.17884,11.51485,48.17926],"amenities":{},"sourceId":"parks"}},{"type":"Feature","id":"munich:osm:way:174388255","geometry":{"type":"Polygon","coordinates":[[[11.44566103,48.1392211],[11.44587648,48.13909173],[11.44670431,48.13967885],[11.44675596,48.13983807],[11.44705699,48.1400579],[11.44738015,48.14017822],[11.44758084,48.14031391],[11.44733883,48.14046409],[11.44566103,48.1392211]]]},"properties":{"id":"munich:osm:way:174388255","name":"Unbenannter Park 174388255","nameAddon":null,"objectNumber":"munich:osm:way:174388255","district":"München","locality":null,"type":"Park","areaM2":3876.5,"areaHa":0.39,"designation":null,"dedicated":null,"builtYear":null,"renovatedYear":null,"planningAreaId":null,"planningAreaName":null,"centroid":[11.446584,48.139764],"bounds":[11.44566,48.13909,11.44758,48.14046],"amenities":{},"sourceId":"parks"}},{"type":"Feature","id":"munich:osm:way:17952908","geometry":{"type":"Polygon","coordinates":[[[11.58587168,48.1320825],[11.58670542,48.13183553],[11.58815302,48.13343496],[11.5878269,48.13348652],[11.58745947,48.13361046],[11.58638373,48.13263615],[11.58587168,48.1320825]]]},"properties":{"id":"munich:osm:way:17952908","name":"Auf der Insel","nameAddon":null,"objectNumber":"munich:osm:way:17952908","district":"München","locality":null,"type":"Park","areaM2":12929.7,"areaHa":1.29,"designation":null,"dedicated":null,"builtYear":null,"renovatedYear":null,"planningAreaId":null,"planningAreaName":null,"centroid":[11.587002,48.132709],"bounds":[11.58587,48.13184,11.58815,48.13361],"amenities":{},"sourceId":"parks"}},{"type":"Feature","id":"munich:osm:way:17978461","geometry":{"type":"Polygon","coordinates":[[[11.5785717,48.14987697],[11.5788683,48.14977384],[11.57881075,48.14967975],[11.57958104,48.14946807],[11.57965187,48.14960919],[11.57982452,48.14958296],[11.57988354,48.14954858],[11.57980976,48.14940655],[11.5799101,48.14937941],[11.57983927,48.14926181],[11.58003258,48.14920029],[11.58010636,48.14934684],[11.58015506,48.14933599],[11.58044871,48.14994663],[11.58050331,48.14993487],[11.58053135,48.14999276],[11.57927706,48.15026687],[11.57922246,48.15013751],[11.57897603,48.1501936],[11.5789775,48.15032025],[11.57905719,48.15043152],[11.57900259,48.15044961],[11.57883732,48.15029039],[11.5785717,48.14987697]]]},"properties":{"id":"munich:osm:way:17978461","name":"Salinenhof","nameAddon":null,"objectNumber":"munich:osm:way:17978461","district":"München","locality":null,"type":"Park","areaM2":9069.5,"areaHa":0.91,"designation":null,"dedicated":null,"builtYear":null,"renovatedYear":null,"planningAreaId":null,"planningAreaName":null,"centroid":[11.579559,48.149845],"bounds":[11.57857,48.1492,11.58053,48.15045],"amenities":{},"sourceId":"parks"}},{"type":"Feature","id":"munich:osm:way:18101580","geometry":{"type":"Polygon","coordinates":[[[11.43322289,48.15703184],[11.43350031,48.15578071],[11.43382937,48.15580604],[11.43386331,48.15586485],[11.43377773,48.15645377],[11.43361245,48.15704179],[11.43322289,48.15703184]]]},"properties":{"id":"munich:osm:way:18101580","name":"Unbenannter Park 18101580","nameAddon":null,"objectNumber":"munich:osm:way:18101580","district":"München","locality":null,"type":"Park","areaM2":4176.4,"areaHa":0.42,"designation":null,"dedicated":null,"builtYear":null,"renovatedYear":null,"planningAreaId":null,"planningAreaName":null,"centroid":[11.43356,48.156422],"bounds":[11.43322,48.15578,11.43386,48.15704],"amenities":{},"sourceId":"parks"}},{"type":"Feature","id":"munich:osm:way:186809950","geometry":{"type":"Polygon","coordinates":[[[11.47780485,48.16769767],[11.47810883,48.16705717],[11.47827262,48.16711598],[11.47795536,48.16778723],[11.47788601,48.16773476],[11.47787125,48.16777728],[11.47782698,48.1677619],[11.47780485,48.16769767]]]},"properties":{"id":"munich:osm:way:186809950","name":"Unbenannter Park 186809950","nameAddon":null,"objectNumber":"munich:osm:way:186809950","district":"München","locality":null,"type":"Park","areaM2":1119.8,"areaHa":0.11,"designation":null,"dedicated":null,"builtYear":null,"renovatedYear":null,"planningAreaId":null,"planningAreaName":null,"centroid":[11.478032,48.167421],"bounds":[11.4778,48.16706,11.47827,48.16779],"amenities":{},"sourceId":"parks"}},{"type":"Feature","id":"munich:osm:way:186810778","geometry":{"type":"Polygon","coordinates":[[[11.47810883,48.16701375],[11.47830951,48.16650262],[11.47845117,48.16648815],[11.47848659,48.16653248],[11.4782741,48.16702461],[11.47810883,48.16701375]]]},"properties":{"id":"munich:osm:way:186810778","name":"Unbenannter Park 186810778","nameAddon":null,"objectNumber":"munich:osm:way:186810778","district":"München","locality":null,"type":"Park","areaM2":820.2,"areaHa":0.08,"designation":null,"dedicated":null,"builtYear":null,"renovatedYear":null,"planningAreaId":null,"planningAreaName":null,"centroid":[11.478301,48.166754],"bounds":[11.47811,48.16649,11.47849,48.16702],"amenities":{},"sourceId":"parks"}},{"type":"Feature","id":"munich:osm:way:186810932","geometry":{"type":"Polygon","coordinates":[[[11.47760121,48.16820698],[11.47775172,48.16786955],[11.47821655,48.16790031],[11.47826082,48.16827121],[11.47760121,48.16820698]]]},"properties":{"id":"munich:osm:way:186810932","name":"Unbenannter Park 186810932","nameAddon":null,"objectNumber":"munich:osm:way:186810932","district":"München","locality":null,"type":"Park","areaM2":1762.2,"areaHa":0.18,"designation":null,"dedicated":null,"builtYear":null,"renovatedYear":null,"planningAreaId":null,"planningAreaName":null,"centroid":[11.477958,48.168073],"bounds":[11.4776,48.16787,11.47826,48.16827],"amenities":{},"sourceId":"parks"}},{"type":"Feature","id":"munich:osm:way:189223981","geometry":{"type":"Polygon","coordinates":[[[11.49936538,48.13475394],[11.49936686,48.13465442],[11.49988628,48.13462367],[11.49991285,48.13501176],[11.49982431,48.13501447],[11.49983611,48.13518003],[11.49996597,48.13519993],[11.49998073,48.13533924],[11.49980217,48.13534648],[11.49967379,48.13491496],[11.49960001,48.13485887],[11.49941113,48.13483807],[11.49936538,48.13475394]]]},"properties":{"id":"munich:osm:way:189223981","name":"Unbenannter Park 189223981","nameAddon":null,"objectNumber":"munich:osm:way:189223981","district":"München","locality":null,"type":"Park","areaM2":1568.6,"areaHa":0.16,"designation":null,"dedicated":null,"builtYear":null,"renovatedYear":null,"planningAreaId":null,"planningAreaName":null,"centroid":[11.499719,48.134891],"bounds":[11.49937,48.13462,11.49998,48.13535],"amenities":{},"sourceId":"parks"}},{"type":"Feature","id":"munich:osm:way:189239172","geometry":{"type":"Polygon","coordinates":[[[11.49510374,48.13425457],[11.49512293,48.1341831],[11.49530148,48.13415144],[11.49599503,48.13569839],[11.49555234,48.13574181],[11.49551692,48.13571558],[11.49540477,48.13505337],[11.49510374,48.13425457]]]},"properties":{"id":"munich:osm:way:189239172","name":"Unbenannter Park 189239172","nameAddon":null,"objectNumber":"munich:osm:way:189239172","district":"München","locality":null,"type":"Park","areaM2":4043.5,"areaHa":0.4,"designation":null,"dedicated":null,"builtYear":null,"renovatedYear":null,"planningAreaId":null,"planningAreaName":null,"centroid":[11.495531,48.135043],"bounds":[11.4951,48.13415,11.496,48.13574],"amenities":{},"sourceId":"parks"}},{"type":"Feature","id":"munich:osm:way:191900287","geometry":{"type":"Polygon","coordinates":[[[11.58567394,48.20109191],[11.58628633,48.20114076],[11.58567542,48.20111001],[11.58567394,48.20109191]]]},"properties":{"id":"munich:osm:way:191900287","name":"Unbenannter Park 191900287","nameAddon":null,"objectNumber":"munich:osm:way:191900287","district":"München","locality":null,"type":"Park","areaM2":88.4,"areaHa":0.01,"designation":null,"dedicated":null,"builtYear":null,"renovatedYear":null,"planningAreaId":null,"planningAreaName":null,"centroid":[11.585879,48.201114],"bounds":[11.58567,48.20109,11.58629,48.20114],"amenities":{},"sourceId":"parks"}},{"type":"Feature","id":"munich:osm:way:192057199","geometry":{"type":"Polygon","coordinates":[[[11.58642504,48.19356703],[11.58701235,48.19361046],[11.58703596,48.19422381],[11.58643832,48.194222],[11.58642504,48.19356703]]]},"properties":{"id":"munich:osm:way:192057199","name":"Unbenannter Park 192057199","nameAddon":null,"objectNumber":"munich:osm:way:192057199","district":"München","locality":null,"type":"Park","areaM2":3104.8,"areaHa":0.31,"designation":null,"dedicated":null,"builtYear":null,"renovatedYear":null,"planningAreaId":null,"planningAreaName":null,"centroid":[11.586725,48.193907],"bounds":[11.58643,48.19357,11.58704,48.19422],"amenities":{},"sourceId":"parks"}},{"type":"Feature","id":"munich:osm:way:192057200","geometry":{"type":"Polygon","coordinates":[[[11.5864457,48.19429799],[11.58704776,48.19429799],[11.58710384,48.19499186],[11.58650178,48.19500271],[11.58647817,48.19447892],[11.5864457,48.19429799]]]},"properties":{"id":"munich:osm:way:192057200","name":"Unbenannter Park 192057200","nameAddon":null,"objectNumber":"munich:osm:way:192057200","district":"München","locality":null,"type":"Park","areaM2":3430.2,"areaHa":0.34,"designation":null,"dedicated":null,"builtYear":null,"renovatedYear":null,"planningAreaId":null,"planningAreaName":null,"centroid":[11.586779,48.194649],"bounds":[11.58645,48.1943,11.5871,48.195],"amenities":{},"sourceId":"parks"}},{"type":"Feature","id":"munich:osm:way:192057201","geometry":{"type":"Polygon","coordinates":[[[11.58648259,48.19508413],[11.58708908,48.19507328],[11.58709941,48.19576805],[11.58650178,48.19577348],[11.58648702,48.19527049],[11.58648259,48.19508413]]]},"properties":{"id":"munich:osm:way:192057201","name":"Unbenannter Park 192057201","nameAddon":null,"objectNumber":"munich:osm:way:192057201","district":"München","locality":null,"type":"Park","areaM2":3446.5,"areaHa":0.34,"designation":null,"dedicated":null,"builtYear":null,"renovatedYear":null,"planningAreaId":null,"planningAreaName":null,"centroid":[11.586793,48.195424],"bounds":[11.58648,48.19507,11.5871,48.19577],"amenities":{},"sourceId":"parks"}},{"type":"Feature","id":"munich:osm:way:192057202","geometry":{"type":"Polygon","coordinates":[[[11.58646046,48.19591279],[11.58703448,48.19586213],[11.58713335,48.19588384],[11.58711269,48.19621856],[11.58646489,48.19621856],[11.58646046,48.19591279]]]},"properties":{"id":"munich:osm:way:192057202","name":"Unbenannter Park 192057202","nameAddon":null,"objectNumber":"munich:osm:way:192057202","district":"München","locality":null,"type":"Park","areaM2":1883.9,"areaHa":0.19,"designation":null,"dedicated":null,"builtYear":null,"renovatedYear":null,"planningAreaId":null,"planningAreaName":null,"centroid":[11.586801,48.196051],"bounds":[11.58646,48.19586,11.58713,48.19622],"amenities":{},"sourceId":"parks"}},{"type":"Feature","id":"munich:osm:way:19221014","geometry":{"type":"Polygon","coordinates":[[[11.58922285,48.19819613],[11.5893291,48.19685996],[11.58975261,48.19676588],[11.59016726,48.19811833],[11.58922285,48.19819613]]]},"properties":{"id":"munich:osm:way:19221014","name":"Unbenannter Park 19221014","nameAddon":null,"objectNumber":"munich:osm:way:19221014","district":"München","locality":null,"type":"Park","areaM2":7739.3,"areaHa":0.77,"designation":null,"dedicated":null,"builtYear":null,"renovatedYear":null,"planningAreaId":null,"planningAreaName":null,"centroid":[11.589631,48.197568],"bounds":[11.58922,48.19677,11.59017,48.1982],"amenities":{},"sourceId":"parks"}},{"type":"Feature","id":"munich:osm:way:193099528","geometry":{"type":"Polygon","coordinates":[[[11.59632362,48.16711055],[11.59636936,48.16699385],[11.59687403,48.16662385],[11.59796453,48.16823231],[11.5980029,48.16831826],[11.59793207,48.168425],[11.59779631,48.16845938],[11.59763989,48.16841143],[11.59701865,48.1678008],[11.59664383,48.16775647],[11.59632362,48.16711055]]]},"properties":{"id":"munich:osm:way:193099528","name":"Unbenannter Park 193099528","nameAddon":null,"objectNumber":"munich:osm:way:193099528","district":"München","locality":null,"type":"Park","areaM2":10057.1,"areaHa":1.01,"designation":null,"dedicated":null,"builtYear":null,"renovatedYear":null,"planningAreaId":null,"planningAreaName":null,"centroid":[11.597103,48.167533],"bounds":[11.59632,48.16662,11.598,48.16846],"amenities":{},"sourceId":"parks"}},{"type":"Feature","id":"munich:osm:way:193099530","geometry":{"type":"Polygon","coordinates":[[[11.59667187,48.16795368],[11.59686813,48.16786864],[11.59708652,48.16796182],[11.59769006,48.16857065],[11.59858282,48.16922652],[11.59896649,48.16969513],[11.59841607,48.16970056],[11.59800585,48.16981726],[11.59794092,48.16966347],[11.59817702,48.16961643],[11.59796305,48.1691442],[11.59774318,48.16919124],[11.59768858,48.16906007],[11.59776384,48.16898317],[11.59765169,48.16877782],[11.59746134,48.16868283],[11.59713375,48.16877239],[11.59667187,48.16795368]]]},"properties":{"id":"munich:osm:way:193099530","name":"Unbenannter Park 193099530","nameAddon":null,"objectNumber":"munich:osm:way:193099530","district":"München","locality":null,"type":"Park","areaM2":8888.2,"areaHa":0.89,"designation":null,"dedicated":null,"builtYear":null,"renovatedYear":null,"planningAreaId":null,"planningAreaName":null,"centroid":[11.597793,48.168896],"bounds":[11.59667,48.16787,11.59897,48.16982],"amenities":{},"sourceId":"parks"}},{"type":"Feature","id":"munich:osm:way:193161841","geometry":{"type":"Polygon","coordinates":[[[11.55894867,48.13248688],[11.5590018,48.13245793],[11.55900032,48.13220825],[11.55920544,48.13220735],[11.55921134,48.13225077],[11.55929692,48.13224715],[11.55940907,48.13232585],[11.55935005,48.13252307],[11.55894867,48.13248688]]]},"properties":{"id":"munich:osm:way:193161841","name":"Unbenannter Park 193161841","nameAddon":null,"objectNumber":"munich:osm:way:193161841","district":"München","locality":null,"type":"Park","areaM2":873.7,"areaHa":0.09,"designation":null,"dedicated":null,"builtYear":null,"renovatedYear":null,"planningAreaId":null,"planningAreaName":null,"centroid":[11.559183,48.132368],"bounds":[11.55895,48.13221,11.55941,48.13252],"amenities":{},"sourceId":"parks"}},{"type":"Feature","id":"munich:osm:way:194193528","geometry":{"type":"Polygon","coordinates":[[[11.48598726,48.09522345],[11.4862145,48.09502171],[11.48630747,48.09506785],[11.4864329,48.0949602],[11.48659522,48.09504433],[11.48669409,48.09495839],[11.48681214,48.09496743],[11.48687854,48.09493306],[11.48685788,48.09481817],[11.48695822,48.0947277],[11.4867959,48.09464538],[11.48692871,48.0945323],[11.4871353,48.09448978],[11.48753372,48.09469242],[11.48771523,48.09510494],[11.48731533,48.09549575],[11.48601234,48.09526054],[11.48598726,48.09522345]]]},"properties":{"id":"munich:osm:way:194193528","name":"Unbenannter Park 194193528","nameAddon":null,"objectNumber":"munich:osm:way:194193528","district":"München","locality":null,"type":"Park","areaM2":7516.9,"areaHa":0.75,"designation":null,"dedicated":null,"builtYear":null,"renovatedYear":null,"planningAreaId":null,"planningAreaName":null,"centroid":[11.487011,48.095054],"bounds":[11.48599,48.09449,11.48772,48.0955],"amenities":{},"sourceId":"parks"}},{"type":"Feature","id":"munich:osm:way:19679713","geometry":{"type":"Polygon","coordinates":[[[11.56668249,48.16782974],[11.5670573,48.16780441],[11.56706468,48.16784965],[11.57004842,48.16760991],[11.57003809,48.16755473],[11.57043356,48.16754749],[11.57119794,48.17047132],[11.57273703,48.17033834],[11.57242567,48.1718292],[11.57256143,48.17212502],[11.57300412,48.17242265],[11.5730174,48.17263434],[11.57262046,48.17553465],[11.57246994,48.17709517],[11.57254667,48.17769133],[11.5724847,48.17770852],[11.57155652,48.17754026],[11.56988757,48.17707165],[11.56997316,48.17693143],[11.57181918,48.17732495],[11.57217334,48.17648724],[11.57199331,48.17588203],[11.57168638,48.17542699],[11.57121565,48.17546137],[11.57123188,48.17503347],[11.5713337,48.17502985],[11.57130861,48.17481726],[11.5706918,48.17411797],[11.5699953,48.17388728],[11.5688502,48.17393975],[11.56857721,48.17475032],[11.56851966,48.17513841],[11.56834553,48.17514746],[11.5683898,48.17554189],[11.56792498,48.17551836],[11.56764903,48.17561426],[11.56751918,48.17570834],[11.56709124,48.17530215],[11.567348,48.17530215],[11.56729931,48.17475755],[11.56762542,48.17475665],[11.56786595,48.17470418],[11.56798548,48.17460195],[11.56795449,48.17422743],[11.56778479,48.17402207],[11.5676933,48.1737941],[11.56766231,48.17314728],[11.56774347,48.17311019],[11.56766969,48.17221006],[11.56730521,48.17193505],[11.56726537,48.17148091],[11.5674085,48.17128279],[11.56707206,48.16920572],[11.56692597,48.16922019],[11.56674742,48.16853085],[11.56668249,48.16782974]]]},"properties":{"id":"munich:osm:way:19679713","name":"Luitpoldpark","nameAddon":null,"objectNumber":"munich:osm:way:19679713","district":"München","locality":null,"type":"Park","areaM2":287227.6,"areaHa":28.72,"designation":null,"dedicated":null,"builtYear":null,"renovatedYear":null,"planningAreaId":null,"planningAreaName":null,"centroid":[11.569887,48.171755],"bounds":[11.56668,48.16755,11.57302,48.17771],"amenities":{},"sourceId":"parks"}},{"type":"Feature","id":"munich:osm:way:199406324","geometry":{"type":"Polygon","coordinates":[[[11.49182488,48.14117152],[11.49211115,48.14111543],[11.49218936,48.14132984],[11.49189866,48.14137778],[11.49182488,48.14117152]]]},"properties":{"id":"munich:osm:way:199406324","name":"Unbenannter Park 199406324","nameAddon":null,"objectNumber":"munich:osm:way:199406324","district":"München","locality":null,"type":"Park","areaM2":554.3,"areaHa":0.06,"designation":null,"dedicated":null,"builtYear":null,"renovatedYear":null,"planningAreaId":null,"planningAreaName":null,"centroid":[11.492007,48.141249],"bounds":[11.49182,48.14112,11.49219,48.14138],"amenities":{},"sourceId":"parks"}},{"type":"Feature","id":"munich:osm:way:205203590","geometry":{"type":"Polygon","coordinates":[[[11.66635737,48.1185408],[11.66709814,48.11833183],[11.66766036,48.11922019],[11.66846458,48.11899312],[11.66884382,48.1195911],[11.66781235,48.1198824],[11.66729145,48.11905916],[11.66677793,48.11920391],[11.66635737,48.1185408]]]},"properties":{"id":"munich:osm:way:205203590","name":"Öffentliche Grünanlage am Horst-Salzmann-Weg","nameAddon":null,"objectNumber":"munich:osm:way:205203590","district":"München","locality":null,"type":"Park","areaM2":11315.1,"areaHa":1.13,"designation":null,"dedicated":null,"builtYear":null,"renovatedYear":null,"planningAreaId":null,"planningAreaName":null,"centroid":[11.667601,48.119141],"bounds":[11.66636,48.11833,11.66884,48.11988],"amenities":{},"sourceId":"parks"}},{"type":"Feature","id":"munich:osm:way:205800146","geometry":{"type":"Polygon","coordinates":[[[11.65687493,48.11707436],[11.65856158,48.1163615],[11.6587121,48.11638954],[11.65886851,48.1165569],[11.65890098,48.11660756],[11.65721432,48.11732043],[11.65702544,48.1171983],[11.65707414,48.11716211],[11.65696494,48.11708069],[11.65687936,48.11710331],[11.65687493,48.11707436]]]},"properties":{"id":"munich:osm:way:205800146","name":"Unbenannter Park 205800146","nameAddon":null,"objectNumber":"munich:osm:way:205800146","district":"München","locality":null,"type":"Park","areaM2":5550.7,"areaHa":0.56,"designation":null,"dedicated":null,"builtYear":null,"renovatedYear":null,"planningAreaId":null,"planningAreaName":null,"centroid":[11.657914,48.11683],"bounds":[11.65687,48.11636,11.6589,48.11732],"amenities":{},"sourceId":"parks"}},{"type":"Feature","id":"munich:osm:way:206004802","geometry":{"type":"Polygon","coordinates":[[[11.60169494,48.19047675],[11.60181152,48.19046228],[11.6019458,48.19094988],[11.60216714,48.19101049],[11.6052955,48.190389],[11.60569687,48.19118509],[11.60313959,48.19174145],[11.60285627,48.19228695],[11.60245047,48.1920816],[11.6022852,48.19195043],[11.60209041,48.19170436],[11.60200778,48.19148634],[11.60169494,48.19047675]]]},"properties":{"id":"munich:osm:way:206004802","name":"Unbenannter Park 206004802","nameAddon":null,"objectNumber":"munich:osm:way:206004802","district":"München","locality":null,"type":"Park","areaM2":28306.4,"areaHa":2.83,"designation":null,"dedicated":null,"builtYear":null,"renovatedYear":null,"planningAreaId":null,"planningAreaName":null,"centroid":[11.60364,48.191199],"bounds":[11.60169,48.19039,11.6057,48.19229],"amenities":{},"sourceId":"parks"}},{"type":"Feature","id":"munich:osm:way:207716602","geometry":{"type":"Polygon","coordinates":[[[11.65404908,48.11809481],[11.65407417,48.11803781],[11.65557784,48.11755564],[11.65575787,48.11780894],[11.65574311,48.11786141],[11.65428223,48.11835806],[11.65422468,48.11833997],[11.65404908,48.11809481]]]},"properties":{"id":"munich:osm:way:207716602","name":"Unbenannter Park 207716602","nameAddon":null,"objectNumber":"munich:osm:way:207716602","district":"München","locality":null,"type":"Park","areaM2":4920.2,"areaHa":0.49,"designation":null,"dedicated":null,"builtYear":null,"renovatedYear":null,"planningAreaId":null,"planningAreaName":null,"centroid":[11.654898,48.11796],"bounds":[11.65405,48.11756,11.65576,48.11836],"amenities":{},"sourceId":"parks"}},{"type":"Feature","id":"munich:osm:way:207718458","geometry":{"type":"Polygon","coordinates":[[[11.66576269,48.11768681],[11.66578335,48.11757825],[11.66653002,48.11736385],[11.66770611,48.11915325],[11.66979413,48.11846571],[11.6698325,48.11851728],[11.67009221,48.11842953],[11.67030913,48.11846752],[11.6704021,48.11859689],[11.66862543,48.11917405],[11.66890432,48.11959743],[11.66779907,48.1199231],[11.66729145,48.11905916],[11.66674694,48.11921567],[11.66598847,48.11804596],[11.66576269,48.11768681]]]},"properties":{"id":"munich:osm:way:207718458","name":"Unbenannter Park 207718458","nameAddon":null,"objectNumber":"munich:osm:way:207718458","district":"München","locality":null,"type":"Park","areaM2":25374.4,"areaHa":2.54,"designation":null,"dedicated":null,"builtYear":null,"renovatedYear":null,"planningAreaId":null,"planningAreaName":null,"centroid":[11.667574,48.118715],"bounds":[11.66576,48.11736,11.6704,48.11992],"amenities":{},"sourceId":"parks"}},{"type":"Feature","id":"munich:osm:way:216654984","geometry":{"type":"Polygon","coordinates":[[[11.50763781,48.14621947],[11.50793146,48.14619595],[11.50777652,48.14540438],[11.5077957,48.14528225],[11.50861173,48.14516646],[11.50901163,48.14521531],[11.51009032,48.14508866],[11.51029543,48.14513027],[11.51088126,48.14506333],[11.51111441,48.14639859],[11.50967566,48.14657228],[11.50959008,48.14619233],[11.50767322,48.14639407],[11.50763781,48.14621947]]]},"properties":{"id":"munich:osm:way:216654984","name":"Hirschgarten Süd","nameAddon":null,"objectNumber":"munich:osm:way:216654984","district":"München","locality":null,"type":"Park","areaM2":32298.6,"areaHa":3.23,"designation":null,"dedicated":null,"builtYear":null,"renovatedYear":null,"planningAreaId":null,"planningAreaName":null,"centroid":[11.509495,48.145781],"bounds":[11.50764,48.14506,11.51111,48.14657],"amenities":{},"sourceId":"parks"}},{"type":"Feature","id":"munich:osm:way:217491635","geometry":{"type":"Polygon","coordinates":[[[11.61100916,48.20789578],[11.61419654,48.20756378],[11.61426294,48.20788041],[11.61377894,48.20833092],[11.61378484,48.20837163],[11.6111464,48.20858965],[11.61100916,48.20789578]]]},"properties":{"id":"munich:osm:way:217491635","name":"Unbenannter Park 217491635","nameAddon":null,"objectNumber":"munich:osm:way:217491635","district":"München","locality":null,"type":"Park","areaM2":18460.6,"areaHa":1.85,"designation":null,"dedicated":null,"builtYear":null,"renovatedYear":null,"planningAreaId":null,"planningAreaName":null,"centroid":[11.612613,48.208085],"bounds":[11.61101,48.20756,11.61426,48.20859],"amenities":{},"sourceId":"parks"}},{"type":"Feature","id":"munich:osm:way:218024415","geometry":{"type":"Polygon","coordinates":[[[11.55735499,48.1491252],[11.55744795,48.14911616],[11.55751583,48.14942464],[11.55742287,48.14943369],[11.55735499,48.1491252]]]},"properties":{"id":"munich:osm:way:218024415","name":"Unbenannter Park 218024415","nameAddon":null,"objectNumber":"munich:osm:way:218024415","district":"München","locality":null,"type":"Park","areaM2":243.1,"areaHa":0.02,"designation":null,"dedicated":null,"builtYear":null,"renovatedYear":null,"planningAreaId":null,"planningAreaName":null,"centroid":[11.557435,48.149275],"bounds":[11.55735,48.14912,11.55752,48.14943],"amenities":{},"sourceId":"parks"}},{"type":"Feature","id":"munich:osm:way:218433700","geometry":{"type":"Polygon","coordinates":[[[11.54660644,48.08174688],[11.54672154,48.08167541],[11.54696797,48.08199747],[11.54669498,48.08207617],[11.54663596,48.08199747],[11.54672154,48.08192238],[11.54660644,48.08174688]]]},"properties":{"id":"munich:osm:way:218433700","name":"Unbenannter Park 218433700","nameAddon":null,"objectNumber":"munich:osm:way:218433700","district":"München","locality":null,"type":"Park","areaM2":583.1,"areaHa":0.06,"designation":null,"dedicated":null,"builtYear":null,"renovatedYear":null,"planningAreaId":null,"planningAreaName":null,"centroid":[11.546767,48.081897],"bounds":[11.54661,48.08168,11.54697,48.08208],"amenities":{},"sourceId":"parks"}},{"type":"Feature","id":"munich:osm:way:218779955","geometry":{"type":"Polygon","coordinates":[[[11.46345132,48.13554279],[11.46391615,48.13527139],[11.46470856,48.13559164],[11.46587727,48.13627103],[11.4665236,48.13691062],[11.46692349,48.13736475],[11.46788266,48.13882576],[11.46802284,48.13917858],[11.46840651,48.1397476],[11.46810548,48.13993848],[11.46713451,48.13846933],[11.46675232,48.13857156],[11.46665936,48.13843767],[11.46703269,48.13831916],[11.46649113,48.13753573],[11.46592301,48.13688167],[11.4655482,48.136518],[11.46511289,48.13625023],[11.46422013,48.13583137],[11.46345132,48.13554279]]]},"properties":{"id":"munich:osm:way:218779955","name":"Unbenannter Park 218779955","nameAddon":null,"objectNumber":"munich:osm:way:218779955","district":"München","locality":null,"type":"Park","areaM2":22775.9,"areaHa":2.28,"designation":null,"dedicated":null,"builtYear":null,"renovatedYear":null,"planningAreaId":null,"planningAreaName":null,"centroid":[11.466262,48.137316],"bounds":[11.46345,48.13527,11.46841,48.13994],"amenities":{},"sourceId":"parks"}},{"type":"Feature","id":"munich:osm:way:219712680","geometry":{"type":"Polygon","coordinates":[[[11.53360017,48.13351095],[11.53391891,48.13330469],[11.53418895,48.133444],[11.53452983,48.13352633],[11.53450917,48.13359779],[11.53406205,48.13391623],[11.53396318,48.13407545],[11.53384661,48.1340664],[11.53371822,48.13382757],[11.53374479,48.13375611],[11.53360017,48.13351095]]]},"properties":{"id":"munich:osm:way:219712680","name":"Unbenannter Park 219712680","nameAddon":null,"objectNumber":"munich:osm:way:219712680","district":"München","locality":null,"type":"Park","areaM2":3013,"areaHa":0.3,"designation":null,"dedicated":null,"builtYear":null,"renovatedYear":null,"planningAreaId":null,"planningAreaName":null,"centroid":[11.534008,48.133655],"bounds":[11.5336,48.1333,11.53453,48.13408],"amenities":{},"sourceId":"parks"}},{"type":"Feature","id":"munich:osm:way:220136677","geometry":{"type":"Polygon","coordinates":[[[11.59044763,48.1028397],[11.59051256,48.10269405],[11.59157059,48.10291116],[11.59254009,48.1031717],[11.59260797,48.10310024],[11.59359664,48.10336077],[11.59349925,48.1035417],[11.59149533,48.10304324],[11.59106297,48.10294192],[11.59044763,48.1028397]]]},"properties":{"id":"munich:osm:way:220136677","name":"Unbenannter Park 220136677","nameAddon":null,"objectNumber":"munich:osm:way:220136677","district":"München","locality":null,"type":"Park","areaM2":4233.7,"areaHa":0.42,"designation":null,"dedicated":null,"builtYear":null,"renovatedYear":null,"planningAreaId":null,"planningAreaName":null,"centroid":[11.592145,48.103124],"bounds":[11.59045,48.10269,11.5936,48.10354],"amenities":{},"sourceId":"parks"}},{"type":"Feature","id":"munich:osm:way:22142615","geometry":{"type":"Polygon","coordinates":[[[11.5750346,48.18071286],[11.57548614,48.18069749],[11.57572667,48.18341596],[11.5759613,48.18392528],[11.57602328,48.18428261],[11.57508182,48.18432604],[11.57505083,48.18354261],[11.5750346,48.18071286]]]},"properties":{"id":"munich:osm:way:22142615","name":"Christoph-von-Gluck-Platz","nameAddon":null,"objectNumber":"munich:osm:way:22142615","district":"München","locality":null,"type":"Park","areaM2":19198.7,"areaHa":1.92,"designation":null,"dedicated":null,"builtYear":null,"renovatedYear":null,"planningAreaId":null,"planningAreaName":null,"centroid":[11.575381,48.182721],"bounds":[11.57503,48.1807,11.57602,48.18433],"amenities":{},"sourceId":"parks"}},{"type":"Feature","id":"munich:osm:way:22159355","geometry":{"type":"Polygon","coordinates":[[[11.57491655,48.1782486],[11.57550975,48.17822779],[11.57568388,48.17883572],[11.57567503,48.17932785],[11.57559829,48.17957391],[11.57563813,48.18054369],[11.57571487,48.18053646],[11.57571192,48.18063325],[11.57550238,48.18065225],[11.57548614,48.18069749],[11.5750346,48.18071286],[11.5750287,48.17911525],[11.57491655,48.1782486]]]},"properties":{"id":"munich:osm:way:22159355","name":"Anhalter Park","nameAddon":null,"objectNumber":"munich:osm:way:22159355","district":"München","locality":null,"type":"Park","areaM2":12545.7,"areaHa":1.25,"designation":null,"dedicated":null,"builtYear":null,"renovatedYear":null,"planningAreaId":null,"planningAreaName":null,"centroid":[11.57532,48.179444],"bounds":[11.57492,48.17823,11.57571,48.18071],"amenities":{},"sourceId":"parks"}},{"type":"Feature","id":"munich:osm:way:22159925","geometry":{"type":"Polygon","coordinates":[[[11.5730602,48.17753031],[11.57486195,48.17765334],[11.57476603,48.17760177],[11.5754463,48.17760177],[11.57658549,48.17751855],[11.57910293,48.17723991],[11.58115407,48.1771793],[11.58360067,48.17720282],[11.58377037,48.17652795],[11.58395188,48.17654424],[11.58401385,48.17638954],[11.58435177,48.17641759],[11.58485349,48.17571467],[11.58518994,48.1755844],[11.58506746,48.17593722],[11.58480922,48.17727067],[11.5837748,48.17734304],[11.58377185,48.17741451],[11.58482693,48.17742627],[11.58485349,48.17765424],[11.58327161,48.17762891],[11.58326866,48.17775466],[11.58206749,48.17772571],[11.58206011,48.17775737],[11.58082943,48.17770762],[11.58021556,48.17773114],[11.58021409,48.17779175],[11.57970794,48.17779356],[11.57971237,48.17783427],[11.57941281,48.1778596],[11.57950873,48.17827302],[11.57842119,48.17832278],[11.57837397,48.17812104],[11.57726429,48.17803058],[11.57724363,48.17833002],[11.5771123,48.17838701],[11.57614428,48.17849285],[11.57564699,48.17858513],[11.57550975,48.17822779],[11.5752648,48.17825764],[11.57491655,48.1782486],[11.5749136,48.17820698],[11.57340402,48.17817713],[11.57502132,48.17816537],[11.57502132,48.17808486],[11.57334499,48.1780731],[11.57323727,48.17787045],[11.57443106,48.17789669],[11.57443254,48.17783336],[11.57320923,48.17781527],[11.57317087,48.17773385],[11.5730602,48.17753031]]]},"properties":{"id":"munich:osm:way:22159925","name":"Petuelpark","nameAddon":null,"objectNumber":"munich:osm:way:22159925","district":"München","locality":null,"type":"Park","areaM2":71153.2,"areaHa":7.12,"designation":null,"dedicated":null,"builtYear":null,"renovatedYear":null,"planningAreaId":null,"planningAreaName":null,"centroid":[11.579472,48.177562],"bounds":[11.57306,48.17558,11.58519,48.17859],"amenities":{},"sourceId":"parks"}},{"type":"Feature","id":"munich:osm:way:223581301","geometry":{"type":"Polygon","coordinates":[[[11.4620111,48.15649539],[11.46210701,48.15632712],[11.46287877,48.15662927],[11.46335098,48.1567306],[11.46694563,48.15685272],[11.46693382,48.15715488],[11.46362692,48.15704722],[11.46295108,48.15695857],[11.46232836,48.1567713],[11.46241542,48.15665008],[11.4620111,48.15649539]]]},"properties":{"id":"munich:osm:way:223581301","name":"Unbenannter Park 223581301","nameAddon":null,"objectNumber":"munich:osm:way:223581301","district":"München","locality":null,"type":"Park","areaM2":12053.4,"areaHa":1.21,"designation":null,"dedicated":null,"builtYear":null,"renovatedYear":null,"planningAreaId":null,"planningAreaName":null,"centroid":[11.464533,48.156884],"bounds":[11.46201,48.15633,11.46695,48.15715],"amenities":{},"sourceId":"parks"}},{"type":"Feature","id":"munich:osm:way:223581305","geometry":{"type":"Polygon","coordinates":[[[11.46720534,48.15706079],[11.46721862,48.15686448],[11.46976852,48.15695766],[11.46974344,48.15726072],[11.46726732,48.15716754],[11.46720534,48.15706079]]]},"properties":{"id":"munich:osm:way:223581305","name":"Unbenannter Park 223581305","nameAddon":null,"objectNumber":"munich:osm:way:223581305","district":"München","locality":null,"type":"Park","areaM2":6342.2,"areaHa":0.63,"designation":null,"dedicated":null,"builtYear":null,"renovatedYear":null,"planningAreaId":null,"planningAreaName":null,"centroid":[11.46849,48.157062],"bounds":[11.46721,48.15686,11.46977,48.15726],"amenities":{},"sourceId":"parks"}},{"type":"Feature","id":"munich:osm:way:223712676","geometry":{"type":"Polygon","coordinates":[[[11.48456474,48.13171883],[11.48553571,48.13168084],[11.48555342,48.13191786],[11.48460753,48.13195495],[11.48456474,48.13171883]]]},"properties":{"id":"munich:osm:way:223712676","name":"Unbenannter Park 223712676","nameAddon":null,"objectNumber":"munich:osm:way:223712676","district":"München","locality":null,"type":"Park","areaM2":1886,"areaHa":0.19,"designation":null,"dedicated":null,"builtYear":null,"renovatedYear":null,"planningAreaId":null,"planningAreaName":null,"centroid":[11.485065,48.131818],"bounds":[11.48456,48.13168,11.48555,48.13195],"amenities":{},"sourceId":"parks"}},{"type":"Feature","id":"munich:osm:way:224345337","geometry":{"type":"Polygon","coordinates":[[[11.47211479,48.16529763],[11.47212217,48.16520716],[11.47228153,48.16506513],[11.4724955,48.16512846],[11.47251469,48.16529673],[11.47222103,48.1653112],[11.47211479,48.16529763]]]},"properties":{"id":"munich:osm:way:224345337","name":"Unbenannter Park 224345337","nameAddon":null,"objectNumber":"munich:osm:way:224345337","district":"München","locality":null,"type":"Park","areaM2":604.1,"areaHa":0.06,"designation":null,"dedicated":null,"builtYear":null,"renovatedYear":null,"planningAreaId":null,"planningAreaName":null,"centroid":[11.472321,48.165207],"bounds":[11.47211,48.16507,11.47251,48.16531],"amenities":{},"sourceId":"parks"}},{"type":"Feature","id":"munich:osm:way:225066184","geometry":{"type":"Polygon","coordinates":[[[11.57841086,48.09508232],[11.57873697,48.09479193],[11.57895684,48.09471684],[11.57925787,48.09507418],[11.57918704,48.09511489],[11.57925197,48.0952343],[11.57898488,48.09532839],[11.57841086,48.09508232]]]},"properties":{"id":"munich:osm:way:225066184","name":"Unbenannter Park 225066184","nameAddon":null,"objectNumber":"munich:osm:way:225066184","district":"München","locality":null,"type":"Park","areaM2":2442.5,"areaHa":0.24,"designation":null,"dedicated":null,"builtYear":null,"renovatedYear":null,"planningAreaId":null,"planningAreaName":null,"centroid":[11.578881,48.09504],"bounds":[11.57841,48.09472,11.57926,48.09533],"amenities":{},"sourceId":"parks"}},{"type":"Feature","id":"munich:osm:way:225202272","geometry":{"type":"Polygon","coordinates":[[[11.57123631,48.19619957],[11.57124664,48.19605573],[11.57137944,48.19596436],[11.57149307,48.19596798],[11.57150487,48.19582052],[11.57138977,48.1958169],[11.57126877,48.19572734],[11.57128058,48.19554822],[11.57141338,48.1954677],[11.57152406,48.19547132],[11.57153586,48.19532386],[11.57142371,48.19531934],[11.57130271,48.19521259],[11.57131452,48.19504342],[11.57145027,48.1949611],[11.57155652,48.19496381],[11.57156685,48.19480821],[11.5714606,48.1948055],[11.57133665,48.19471865],[11.57134698,48.19454948],[11.57148421,48.19447621],[11.57159046,48.19448073],[11.57160669,48.19431608],[11.5715034,48.19431156],[11.5715093,48.1942419],[11.57202872,48.19426542],[11.57196822,48.19490773],[11.57186198,48.1949032],[11.57184279,48.19510856],[11.57194166,48.19511308],[11.57180443,48.19654152],[11.57176901,48.196556],[11.57177639,48.19648544],[11.57171589,48.19648272],[11.57170704,48.196556],[11.5714429,48.19654243],[11.57147093,48.1963027],[11.57135583,48.19629727],[11.57123631,48.19619957]]]},"properties":{"id":"munich:osm:way:225202272","name":"Unbenannter Park 225202272","nameAddon":null,"objectNumber":"munich:osm:way:225202272","district":"München","locality":null,"type":"Park","areaM2":9516.2,"areaHa":0.95,"designation":null,"dedicated":null,"builtYear":null,"renovatedYear":null,"planningAreaId":null,"planningAreaName":null,"centroid":[11.571647,48.195368],"bounds":[11.57124,48.19424,11.57203,48.19656],"amenities":{},"sourceId":"parks"}},{"type":"Feature","id":"munich:osm:way:225725768","geometry":{"type":"Polygon","coordinates":[[[11.4624715,48.14421386],[11.4624892,48.14418129],[11.46289058,48.14425728],[11.46289205,48.14430342],[11.46276072,48.1442989],[11.46269432,48.14453682],[11.46290976,48.14456215],[11.46248773,48.14455129],[11.4624833,48.14450516],[11.46260873,48.14441288],[11.46261758,48.14432151],[11.4624715,48.14421386]]]},"properties":{"id":"munich:osm:way:225725768","name":"Unbenannter Park 225725768","nameAddon":null,"objectNumber":"munich:osm:way:225725768","district":"München","locality":null,"type":"Park","areaM2":592.5,"areaHa":0.06,"designation":null,"dedicated":null,"builtYear":null,"renovatedYear":null,"planningAreaId":null,"planningAreaName":null,"centroid":[11.462656,48.144368],"bounds":[11.46247,48.14418,11.46291,48.14456],"amenities":{},"sourceId":"parks"}},{"type":"Feature","id":"munich:osm:way:225725778","geometry":{"type":"Polygon","coordinates":[[[11.46120245,48.14409535],[11.46145626,48.14400308],[11.46151381,48.14405374],[11.46147544,48.14412792],[11.46123786,48.14412792],[11.46126295,48.14433237],[11.46120245,48.14409535]]]},"properties":{"id":"munich:osm:way:225725778","name":"Unbenannter Park 225725778","nameAddon":null,"objectNumber":"munich:osm:way:225725778","district":"München","locality":null,"type":"Park","areaM2":286.2,"areaHa":0.03,"designation":null,"dedicated":null,"builtYear":null,"renovatedYear":null,"planningAreaId":null,"planningAreaName":null,"centroid":[11.461362,48.144093],"bounds":[11.4612,48.144,11.46151,48.14433],"amenities":{},"sourceId":"parks"}},{"type":"Feature","id":"munich:osm:way:226020590","geometry":{"type":"Polygon","coordinates":[[[11.5418239,48.19201013],[11.54253368,48.19108015],[11.54293211,48.19122761],[11.54606341,48.19090555],[11.54617998,48.19060612],[11.5463246,48.19057898],[11.54832261,48.19094988],[11.5489291,48.19108377],[11.54894385,48.19112086],[11.54881252,48.19129546],[11.54779138,48.19135245],[11.54407277,48.19176135],[11.5418239,48.19201013]]]},"properties":{"id":"munich:osm:way:226020590","name":"Unbenannter Park 226020590","nameAddon":null,"objectNumber":"munich:osm:way:226020590","district":"München","locality":null,"type":"Park","areaM2":35556.6,"areaHa":3.56,"designation":null,"dedicated":null,"builtYear":null,"renovatedYear":null,"planningAreaId":null,"planningAreaName":null,"centroid":[11.545261,48.191303],"bounds":[11.54182,48.19058,11.54894,48.19201],"amenities":{},"sourceId":"parks"}},{"type":"Feature","id":"munich:osm:way:22661493","geometry":{"type":"Polygon","coordinates":[[[11.57532087,48.18445902],[11.57599819,48.18441921],[11.57612509,48.18561516],[11.57628299,48.18577167],[11.57626676,48.18689072],[11.57619888,48.18741813],[11.57611624,48.18746336],[11.57535038,48.18741994],[11.5753917,48.18686448],[11.57552894,48.18676678],[11.57549057,48.18565678],[11.57538285,48.18565587],[11.57533415,48.18491677],[11.57532087,48.18445902]]]},"properties":{"id":"munich:osm:way:22661493","name":"Unbenannter Park 22661493","nameAddon":null,"objectNumber":"munich:osm:way:22661493","district":"München","locality":null,"type":"Park","areaM2":18902.5,"areaHa":1.89,"designation":null,"dedicated":null,"builtYear":null,"renovatedYear":null,"planningAreaId":null,"planningAreaName":null,"centroid":[11.575802,48.185995],"bounds":[11.57532,48.18442,11.57628,48.18746],"amenities":{},"sourceId":"parks"}},{"type":"Feature","id":"munich:osm:way:227135254","geometry":{"type":"Polygon","coordinates":[[[11.49746329,48.12337796],[11.4977835,48.12313371],[11.49823209,48.12337796],[11.49921782,48.12273295],[11.49938899,48.12285055],[11.4988799,48.12310566],[11.49908649,48.12324317],[11.49845492,48.12367107],[11.49791336,48.12424914],[11.49747952,48.12414872],[11.49798861,48.1236195],[11.49746329,48.12337796]]]},"properties":{"id":"munich:osm:way:227135254","name":"Unbenannter Park 227135254","nameAddon":null,"objectNumber":"munich:osm:way:227135254","district":"München","locality":null,"type":"Park","areaM2":7188,"areaHa":0.72,"designation":null,"dedicated":null,"builtYear":null,"renovatedYear":null,"planningAreaId":null,"planningAreaName":null,"centroid":[11.498263,48.123513],"bounds":[11.49746,48.12273,11.49939,48.12425],"amenities":{},"sourceId":"parks"}},{"type":"Feature","id":"munich:osm:way:22724205","geometry":{"type":"Polygon","coordinates":[[[11.42231202,48.14892799],[11.42292884,48.1478795],[11.42320626,48.14795187],[11.42320036,48.14798715],[11.42263371,48.1490085],[11.42231202,48.14892799]]]},"properties":{"id":"munich:osm:way:22724205","name":"Unbenannter Park 22724205","nameAddon":null,"objectNumber":"munich:osm:way:22724205","district":"München","locality":null,"type":"Park","areaM2":3171.8,"areaHa":0.32,"designation":null,"dedicated":null,"builtYear":null,"renovatedYear":null,"planningAreaId":null,"planningAreaName":null,"centroid":[11.422768,48.148452],"bounds":[11.42231,48.14788,11.42321,48.14901],"amenities":{},"sourceId":"parks"}},{"type":"Feature","id":"munich:osm:way:228742698","geometry":{"type":"Polygon","coordinates":[[[11.62481375,48.15783427],[11.62508675,48.15722725],[11.62595885,48.15713678],[11.62637793,48.15717297],[11.62631448,48.15742265],[11.62669076,48.15746879],[11.62663469,48.15773023],[11.62692539,48.15778451],[11.62687522,48.15808576],[11.62553682,48.15795821],[11.62545418,48.15815451],[11.62511626,48.15810114],[11.62519889,48.15790483],[11.62481375,48.15783427]]]},"properties":{"id":"munich:osm:way:228742698","name":"Spiel- und Liegewiese","nameAddon":null,"objectNumber":"munich:osm:way:228742698","district":"München","locality":null,"type":"Park","areaM2":11862.5,"areaHa":1.19,"designation":null,"dedicated":null,"builtYear":null,"renovatedYear":null,"planningAreaId":null,"planningAreaName":null,"centroid":[11.625834,48.157641],"bounds":[11.62481,48.15714,11.62693,48.15815],"amenities":{},"sourceId":"parks"}},{"type":"Feature","id":"munich:osm:way:228742699","geometry":{"type":"Polygon","coordinates":[[[11.62686341,48.15602497],[11.6269549,48.1559336],[11.627979,48.15569658],[11.62876699,48.15557717],[11.62945316,48.15558259],[11.62934839,48.15639045],[11.62877732,48.15797539],[11.62873452,48.15894246],[11.62879797,48.15969694],[11.6285722,48.15966347],[11.62867992,48.15894789],[11.62847038,48.15893885],[11.62855302,48.15813914],[11.62864303,48.15761806],[11.62877584,48.15722634],[11.62894259,48.15725348],[11.62931887,48.15638773],[11.62935134,48.15565678],[11.6286932,48.1556423],[11.62692687,48.15603582],[11.62691654,48.15601321],[11.62686341,48.15602497]]]},"properties":{"id":"munich:osm:way:228742699","name":"Unbenannter Park 228742699","nameAddon":null,"objectNumber":"munich:osm:way:228742699","district":"München","locality":null,"type":"Park","areaM2":6642.1,"areaHa":0.66,"designation":null,"dedicated":null,"builtYear":null,"renovatedYear":null,"planningAreaId":null,"planningAreaName":null,"centroid":[11.628602,48.157447],"bounds":[11.62686,48.15558,11.62945,48.1597],"amenities":{},"sourceId":"parks"}},{"type":"Feature","id":"munich:osm:way:228742700","geometry":{"type":"Polygon","coordinates":[[[11.62728545,48.15799801],[11.6272884,48.15783427],[11.62858548,48.15797268],[11.62855302,48.15813914],[11.62728545,48.15799801]]]},"properties":{"id":"munich:osm:way:228742700","name":"Unbenannter Park 228742700","nameAddon":null,"objectNumber":"munich:osm:way:228742700","district":"München","locality":null,"type":"Park","areaM2":1809.9,"areaHa":0.18,"designation":null,"dedicated":null,"builtYear":null,"renovatedYear":null,"planningAreaId":null,"planningAreaName":null,"centroid":[11.627932,48.157986],"bounds":[11.62729,48.15783,11.62859,48.15814],"amenities":{},"sourceId":"parks"}},{"type":"Feature","id":"munich:osm:way:230139195","geometry":{"type":"Polygon","coordinates":[[[11.61659593,48.12258458],[11.61733522,48.12256468],[11.61730128,48.12198028],[11.61793876,48.12196309],[11.61796532,48.12242537],[11.61870166,48.12240637],[11.61867363,48.12195223],[11.61900122,48.12194319],[11.61902778,48.12239099],[11.61940407,48.12238104],[11.61943653,48.12292021],[11.61907352,48.12292926],[11.61911041,48.12357156],[11.61878135,48.1235806],[11.61874446,48.12295549],[11.61800221,48.12297449],[11.6180391,48.12360322],[11.61742524,48.1236195],[11.61738244,48.12289307],[11.61661511,48.12291297],[11.61659593,48.12258458]]]},"properties":{"id":"munich:osm:way:230139195","name":"Unbenannter Park 230139195","nameAddon":null,"objectNumber":"munich:osm:way:230139195","district":"München","locality":null,"type":"Park","areaM2":20002.9,"areaHa":2,"designation":null,"dedicated":null,"builtYear":null,"renovatedYear":null,"planningAreaId":null,"planningAreaName":null,"centroid":[11.618118,48.122748],"bounds":[11.6166,48.12194,11.61944,48.12362],"amenities":{},"sourceId":"parks"}},{"type":"Feature","id":"munich:osm:way:230139196","geometry":{"type":"Polygon","coordinates":[[[11.61960623,48.12246246],[11.62043849,48.12244527],[11.62046652,48.12282613],[11.61962098,48.12284331],[11.61960623,48.12246246]]]},"properties":{"id":"munich:osm:way:230139196","name":"Unbenannter Park 230139196","nameAddon":null,"objectNumber":"munich:osm:way:230139196","district":"München","locality":null,"type":"Park","areaM2":2651.1,"areaHa":0.27,"designation":null,"dedicated":null,"builtYear":null,"renovatedYear":null,"planningAreaId":null,"planningAreaName":null,"centroid":[11.620033,48.122645],"bounds":[11.61961,48.12245,11.62047,48.12284],"amenities":{},"sourceId":"parks"}},{"type":"Feature","id":"munich:osm:way:230139197","geometry":{"type":"Polygon","coordinates":[[[11.61724078,48.12106568],[11.61790039,48.12102135],[11.61796237,48.12185544],[11.61729538,48.12188258],[11.61724078,48.12106568]]]},"properties":{"id":"munich:osm:way:230139197","name":"Unbenannter Park 230139197","nameAddon":null,"objectNumber":"munich:osm:way:230139197","district":"München","locality":null,"type":"Park","areaM2":4551.4,"areaHa":0.46,"designation":null,"dedicated":null,"builtYear":null,"renovatedYear":null,"planningAreaId":null,"planningAreaName":null,"centroid":[11.617601,48.121457],"bounds":[11.61724,48.12102,11.61796,48.12188],"amenities":{},"sourceId":"parks"}},{"type":"Feature","id":"munich:osm:way:230262237","geometry":{"type":"Polygon","coordinates":[[[11.45611888,48.15034015],[11.45672389,48.15013479],[11.45676373,48.15019088],[11.45746466,48.14995477],[11.4575045,48.1501746],[11.45759894,48.1501746],[11.45806819,48.15001447],[11.45810804,48.14994029],[11.45799884,48.14976841],[11.45829249,48.14967794],[11.45852859,48.15028858],[11.45778045,48.15057083],[11.45729053,48.15067035],[11.45685227,48.1506613],[11.45647008,48.15056902],[11.45649812,48.15052922],[11.45611888,48.15034015]]]},"properties":{"id":"munich:osm:way:230262237","name":"Unbenannter Park 230262237","nameAddon":null,"objectNumber":"munich:osm:way:230262237","district":"München","locality":null,"type":"Park","areaM2":9391.4,"areaHa":0.94,"designation":null,"dedicated":null,"builtYear":null,"renovatedYear":null,"planningAreaId":null,"planningAreaName":null,"centroid":[11.457441,48.150296],"bounds":[11.45612,48.14968,11.45853,48.15067],"amenities":{},"sourceId":"parks"}},{"type":"Feature","id":"munich:osm:way:23040742","geometry":{"type":"Polygon","coordinates":[[[11.58899708,48.13364664],[11.59006839,48.13333997],[11.58998428,48.13319251],[11.58998723,48.13305591],[11.5895165,48.1323937],[11.58918006,48.1317903],[11.58944272,48.13184006],[11.5896139,48.13193595],[11.59036352,48.1324706],[11.59064537,48.13262168],[11.59134925,48.13284693],[11.59115299,48.13329473],[11.59150714,48.13343767],[11.59164585,48.1335399],[11.59159863,48.13358965],[11.59109986,48.13339244],[11.59094492,48.13363398],[11.59218888,48.13506966],[11.59291785,48.13519179],[11.59289719,48.13527682],[11.59317609,48.13531391],[11.59368075,48.1352913],[11.59371617,48.13520897],[11.59358336,48.13478741],[11.59340186,48.13453772],[11.59355532,48.13428442],[11.59496308,48.13476931],[11.59392423,48.13531301],[11.59433889,48.13539714],[11.59456171,48.13538719],[11.59481699,48.13525783],[11.59485831,48.13529311],[11.59506785,48.13518455],[11.59502653,48.13514927],[11.59554596,48.13489325],[11.59582338,48.13497105],[11.5965184,48.13646553],[11.5968637,48.13775014],[11.59796158,48.13905826],[11.59822867,48.13957481],[11.59839394,48.14078071],[11.59826703,48.14082504],[11.59814898,48.14094265],[11.59814751,48.14109372],[11.59823162,48.1412068],[11.59842345,48.14129546],[11.59834229,48.14339696],[11.59846625,48.14445631],[11.59859905,48.1447657],[11.59886762,48.14515017],[11.59948148,48.14570201],[11.60061035,48.14723991],[11.60086268,48.14747603],[11.60120946,48.14768319],[11.60104123,48.14774561],[11.60081546,48.14776913],[11.60047164,48.14789217],[11.60063691,48.14803962],[11.60172003,48.14866926],[11.60201515,48.14873349],[11.60264378,48.14825312],[11.60260984,48.14797268],[11.60265853,48.14801067],[11.60276625,48.14814456],[11.60219223,48.14885562],[11.60162116,48.14876244],[11.60108698,48.14873711],[11.60016913,48.14798534],[11.6002739,48.14791659],[11.59861529,48.14686267],[11.59832606,48.14699204],[11.59844411,48.14738013],[11.59880269,48.14818256],[11.59926309,48.1487742],[11.59874809,48.14898136],[11.59802946,48.14817984],[11.59755725,48.14758639],[11.5972031,48.14696399],[11.5969124,48.14606568],[11.59618639,48.14283698],[11.59614359,48.14284241],[11.59572599,48.14181292],[11.59497636,48.14020897],[11.59441562,48.13943278],[11.59398326,48.13901212],[11.59328233,48.13820879],[11.59255632,48.13655147],[11.5919882,48.13614529],[11.59110281,48.13523521],[11.58987066,48.1344943],[11.58904282,48.13369188],[11.58899708,48.13364664]]]},"properties":{"id":"munich:osm:way:23040742","name":"Maximiliansanlagen","nameAddon":null,"objectNumber":"munich:osm:way:23040742","district":"München","locality":null,"type":"Park","areaM2":379223.1,"areaHa":37.92,"designation":null,"dedicated":null,"builtYear":null,"renovatedYear":null,"planningAreaId":null,"planningAreaName":null,"centroid":[11.595814,48.140125],"bounds":[11.589,48.13179,11.60277,48.14898],"amenities":{},"sourceId":"parks"}},{"type":"Feature","id":"munich:osm:way:23056700","geometry":{"type":"Polygon","coordinates":[[[11.61823389,48.1463416],[11.61967706,48.14620228],[11.61992201,48.14640221],[11.62256045,48.14615433],[11.62265047,48.14609824],[11.62270507,48.14595531],[11.62290133,48.14593812],[11.62306512,48.14668084],[11.62337353,48.1466528],[11.62345469,48.14698571],[11.62553682,48.14678578],[11.62539811,48.14590375],[11.62558699,48.14589018],[11.62564454,48.1461679],[11.62582309,48.14632622],[11.62629382,48.14643839],[11.62796129,48.14631898],[11.62809262,48.14657409],[11.62820329,48.14736023],[11.6256224,48.14784965],[11.62552206,48.14724353],[11.62530366,48.14725258],[11.62541581,48.14789126],[11.62502772,48.14795821],[11.6248654,48.14753121],[11.62433712,48.14738285],[11.6236967,48.14749412],[11.62375129,48.14761987],[11.61996333,48.14817894],[11.61965345,48.14819613],[11.61961656,48.14786774],[11.61897318,48.1477429],[11.6184508,48.14774199],[11.61823389,48.1463416]]]},"properties":{"id":"munich:osm:way:23056700","name":"Denninger Anger","nameAddon":null,"objectNumber":"munich:osm:way:23056700","district":"München","locality":null,"type":"Park","areaM2":107126.1,"areaHa":10.71,"designation":null,"dedicated":null,"builtYear":null,"renovatedYear":null,"planningAreaId":null,"planningAreaName":null,"centroid":[11.622763,48.14708],"bounds":[11.61823,48.14589,11.6282,48.1482],"amenities":{},"sourceId":"parks"}},{"type":"Feature","id":"munich:osm:way:23083961","geometry":{"type":"Polygon","coordinates":[[[11.62114974,48.15913063],[11.62242765,48.15856432],[11.62138142,48.15733219],[11.62337648,48.15685182],[11.62348715,48.15700742],[11.62378966,48.15707436],[11.62358307,48.15752126],[11.62392689,48.15766872],[11.62389148,48.15786955],[11.62408921,48.15791569],[11.62384131,48.1585218],[11.62384869,48.15954496],[11.62866664,48.15966528],[11.62879797,48.15969694],[11.62883191,48.16039986],[11.62429433,48.1604668],[11.62325105,48.16055907],[11.62225647,48.16080966],[11.62188756,48.16041704],[11.62364947,48.15973494],[11.62335877,48.15869278],[11.6213401,48.15931066],[11.62114974,48.15913063]]]},"properties":{"id":"munich:osm:way:23083961","name":"Unbenannter Park 23083961","nameAddon":null,"objectNumber":"munich:osm:way:23083961","district":"München","locality":null,"type":"Park","areaM2":77545.2,"areaHa":7.75,"designation":null,"dedicated":null,"builtYear":null,"renovatedYear":null,"planningAreaId":null,"planningAreaName":null,"centroid":[11.624362,48.159204],"bounds":[11.62115,48.15685,11.62883,48.16081],"amenities":{},"sourceId":"parks"}},{"type":"Feature","id":"munich:osm:way:23084234","geometry":{"type":"Polygon","coordinates":[[[11.61111393,48.15458386],[11.61157581,48.15439027],[11.61215278,48.15520897],[11.61270762,48.15548761],[11.61303226,48.15581418],[11.61384239,48.15726253],[11.61599977,48.15901845],[11.61632736,48.15889361],[11.61874593,48.16164194],[11.61918715,48.16195676],[11.619075,48.1621006],[11.61913107,48.16220825],[11.62003416,48.16284151],[11.62040602,48.16295187],[11.620468,48.16330016],[11.62058753,48.16333183],[11.62101694,48.16464357],[11.62192593,48.16577619],[11.62202627,48.16598064],[11.62207792,48.16623394],[11.62175623,48.16700832],[11.62159981,48.16699928],[11.62168393,48.16639859],[11.62088856,48.1663027],[11.62061556,48.16707527],[11.62010942,48.16691243],[11.61923437,48.16749774],[11.61868248,48.16679121],[11.61872232,48.1666935],[11.61916796,48.16653067],[11.61958704,48.16629184],[11.61963279,48.16632984],[11.62005335,48.16609644],[11.62009319,48.16597702],[11.62001793,48.16565678],[11.61969624,48.16487244],[11.61894219,48.16411616],[11.6182088,48.16274018],[11.61786645,48.16220735],[11.61741786,48.16179121],[11.61695451,48.16116519],[11.61648968,48.16034919],[11.61548477,48.1592021],[11.6146717,48.158444],[11.6141508,48.15868645],[11.61361071,48.15821694],[11.61397077,48.15805681],[11.61290388,48.15692419],[11.61249956,48.15707889],[11.61214541,48.15666184],[11.61259695,48.15646644],[11.61199194,48.15547675],[11.61205982,48.15545323],[11.61186061,48.15515922],[11.61174846,48.15503619],[11.61154925,48.15507237],[11.61111393,48.15458386]]]},"properties":{"id":"munich:osm:way:23084234","name":"Unbenannter Park 23084234","nameAddon":null,"objectNumber":"munich:osm:way:23084234","district":"München","locality":null,"type":"Park","areaM2":138891.9,"areaHa":13.89,"designation":null,"dedicated":null,"builtYear":null,"renovatedYear":null,"planningAreaId":null,"planningAreaName":null,"centroid":[11.617923,48.162078],"bounds":[11.61111,48.15439,11.62208,48.1675],"amenities":{},"sourceId":"parks"}},{"type":"Feature","id":"munich:osm:way:23086530","geometry":{"type":"Polygon","coordinates":[[[11.61940259,48.15486068],[11.61949408,48.15381219],[11.62000613,48.15382938],[11.61993234,48.15466257],[11.6199471,48.15499186],[11.62006368,48.15527411],[11.62180788,48.15722996],[11.62138142,48.15733219],[11.61959147,48.15538176],[11.61943653,48.15509589],[11.61940259,48.15486068]]]},"properties":{"id":"munich:osm:way:23086530","name":"Unbenannter Park 23086530","nameAddon":null,"objectNumber":"munich:osm:way:23086530","district":"München","locality":null,"type":"Park","areaM2":15382.9,"areaHa":1.54,"designation":null,"dedicated":null,"builtYear":null,"renovatedYear":null,"planningAreaId":null,"planningAreaName":null,"centroid":[11.620277,48.155563],"bounds":[11.6194,48.15381,11.62181,48.15733],"amenities":{},"sourceId":"parks"}},{"type":"Feature","id":"munich:osm:way:230996407","geometry":{"type":"Polygon","coordinates":[[[11.54495963,48.09731138],[11.54566646,48.09710964],[11.54630836,48.09834268],[11.5458214,48.09848109],[11.54567236,48.09825945],[11.5455248,48.09815632],[11.54544216,48.09800163],[11.54513376,48.0977049],[11.54496848,48.09740365],[11.54495963,48.09731138]]]},"properties":{"id":"munich:osm:way:230996407","name":"Grünanlage an der Maria-Einsiedel-Straße","nameAddon":null,"objectNumber":"munich:osm:way:230996407","district":"München","locality":null,"type":"Park","areaM2":7508.9,"areaHa":0.75,"designation":null,"dedicated":null,"builtYear":null,"renovatedYear":null,"planningAreaId":null,"planningAreaName":null,"centroid":[11.545637,48.09777],"bounds":[11.54496,48.09711,11.54631,48.09848],"amenities":{},"sourceId":"parks"}},{"type":"Feature","id":"munich:osm:way:23142164","geometry":{"type":"Polygon","coordinates":[[[11.61865887,48.16126561],[11.61997956,48.16074453],[11.62131059,48.16039262],[11.62191265,48.16098969],[11.6196505,48.16196128],[11.61893334,48.16158585],[11.61865887,48.16126561]]]},"properties":{"id":"munich:osm:way:23142164","name":"Unbenannter Park 23142164","nameAddon":null,"objectNumber":"munich:osm:way:23142164","district":"München","locality":null,"type":"Park","areaM2":20872.9,"areaHa":2.09,"designation":null,"dedicated":null,"builtYear":null,"renovatedYear":null,"planningAreaId":null,"planningAreaName":null,"centroid":[11.620278,48.161162],"bounds":[11.61866,48.16039,11.62191,48.16196],"amenities":{},"sourceId":"parks"}},{"type":"Feature","id":"munich:osm:way:231793609","geometry":{"type":"Polygon","coordinates":[[[11.38745304,48.1758178],[11.38769652,48.17574],[11.38803739,48.17618057],[11.3909562,48.1751746],[11.38999409,48.1739497],[11.39031725,48.17384476],[11.39120706,48.17503257],[11.3936035,48.174241],[11.39333493,48.17389361],[11.39296012,48.17391985],[11.39242299,48.17317894],[11.39258678,48.1732106],[11.39320802,48.17364845],[11.39411259,48.17418491],[11.38781752,48.17647277],[11.38779981,48.17631084],[11.38745304,48.1758178]]]},"properties":{"id":"munich:osm:way:231793609","name":"Unbenannter Park 231793609","nameAddon":null,"objectNumber":"munich:osm:way:231793609","district":"München","locality":null,"type":"Park","areaM2":17819.4,"areaHa":1.78,"designation":null,"dedicated":null,"builtYear":null,"renovatedYear":null,"planningAreaId":null,"planningAreaName":null,"centroid":[11.390946,48.174897],"bounds":[11.38745,48.17318,11.39411,48.17647],"amenities":{},"sourceId":"parks"}},{"type":"Feature","id":"munich:osm:way:236897381","geometry":{"type":"Polygon","coordinates":[[[11.51275975,48.12254388],[11.51279073,48.12244979],[11.51285714,48.12243079],[11.51317292,48.12262439],[11.51330868,48.12277456],[11.51326146,48.12302153],[11.51306373,48.12316718],[11.51290879,48.12316356],[11.51284386,48.12312014],[11.51285124,48.1229184],[11.51278336,48.12279175],[11.51275975,48.12254388]]]},"properties":{"id":"munich:osm:way:236897381","name":"Japanischer Garten","nameAddon":null,"objectNumber":"munich:osm:way:236897381","district":"München","locality":null,"type":"Park","areaM2":2356.9,"areaHa":0.24,"designation":null,"dedicated":null,"builtYear":null,"renovatedYear":null,"planningAreaId":null,"planningAreaName":null,"centroid":[11.513013,48.122817],"bounds":[11.51276,48.12243,11.51331,48.12317],"amenities":{},"sourceId":"parks"}},{"type":"Feature","id":"munich:osm:way:236979706","geometry":{"type":"Polygon","coordinates":[[[11.51394616,48.16434594],[11.51409667,48.16353899],[11.51425457,48.16312285],[11.51541294,48.16345486],[11.51490827,48.16448254],[11.51394616,48.16434594]]]},"properties":{"id":"munich:osm:way:236979706","name":"Unbenannter Park 236979706","nameAddon":null,"objectNumber":"munich:osm:way:236979706","district":"München","locality":null,"type":"Park","areaM2":10927.5,"areaHa":1.09,"designation":null,"dedicated":null,"builtYear":null,"renovatedYear":null,"planningAreaId":null,"planningAreaName":null,"centroid":[11.514614,48.163823],"bounds":[11.51395,48.16312,11.51541,48.16448],"amenities":{},"sourceId":"parks"}},{"type":"Feature","id":"munich:osm:way:23737986","geometry":{"type":"Polygon","coordinates":[[[11.60676671,48.14216935],[11.60786163,48.14209969],[11.6079782,48.14300615],[11.60676671,48.14302877],[11.60676671,48.14216935]]]},"properties":{"id":"munich:osm:way:23737986","name":"Unbenannter Park 23737986","nameAddon":null,"objectNumber":"munich:osm:way:23737986","district":"München","locality":null,"type":"Park","areaM2":8463.5,"areaHa":0.85,"designation":null,"dedicated":null,"builtYear":null,"renovatedYear":null,"planningAreaId":null,"planningAreaName":null,"centroid":[11.607349,48.142583],"bounds":[11.60677,48.1421,11.60798,48.14303],"amenities":{},"sourceId":"parks"}},{"type":"Feature","id":"munich:osm:way:23771145","geometry":{"type":"Polygon","coordinates":[[[11.59305066,48.1233662],[11.59318789,48.12295911],[11.59457499,48.12333635],[11.59454843,48.12334901],[11.59322183,48.12336349],[11.59305066,48.1233662]]]},"properties":{"id":"munich:osm:way:23771145","name":"Unbenannter Park 23771145","nameAddon":null,"objectNumber":"munich:osm:way:23771145","district":"München","locality":null,"type":"Park","areaM2":2648.1,"areaHa":0.26,"designation":null,"dedicated":null,"builtYear":null,"renovatedYear":null,"planningAreaId":null,"planningAreaName":null,"centroid":[11.593618,48.123224],"bounds":[11.59305,48.12296,11.59457,48.12337],"amenities":{},"sourceId":"parks"}},{"type":"Feature","id":"munich:osm:way:237897659","geometry":{"type":"Polygon","coordinates":[[[11.51294863,48.16182106],[11.51330721,48.16126651],[11.51353446,48.16132803],[11.51315522,48.16188348],[11.51294863,48.16182106]]]},"properties":{"id":"munich:osm:way:237897659","name":"Unbenannter Park 237897659","nameAddon":null,"objectNumber":"munich:osm:way:237897659","district":"München","locality":null,"type":"Park","areaM2":1184.1,"areaHa":0.12,"designation":null,"dedicated":null,"builtYear":null,"renovatedYear":null,"planningAreaId":null,"planningAreaName":null,"centroid":[11.513239,48.161571],"bounds":[11.51295,48.16127,11.51353,48.16188],"amenities":{},"sourceId":"parks"}},{"type":"Feature","id":"munich:osm:way:237984770","geometry":{"type":"Polygon","coordinates":[[[11.52077688,48.08376696],[11.52079016,48.08372806],[11.52098347,48.08369459],[11.52104988,48.08378144],[11.52131697,48.08496381],[11.52110005,48.08497557],[11.52082853,48.08420572],[11.52077688,48.08376696]]]},"properties":{"id":"munich:osm:way:237984770","name":"Unbenannter Park 237984770","nameAddon":null,"objectNumber":"munich:osm:way:237984770","district":"München","locality":null,"type":"Park","areaM2":3086.6,"areaHa":0.31,"designation":null,"dedicated":null,"builtYear":null,"renovatedYear":null,"planningAreaId":null,"planningAreaName":null,"centroid":[11.521032,48.084322],"bounds":[11.52078,48.08369,11.52132,48.08498],"amenities":{},"sourceId":"parks"}},{"type":"Feature","id":"munich:osm:way:238565723","geometry":{"type":"Polygon","coordinates":[[[11.46871049,48.14090555],[11.46895987,48.14096164],[11.46988215,48.14238375],[11.46968736,48.14239551],[11.46871049,48.14090555]]]},"properties":{"id":"munich:osm:way:238565723","name":"Unbenannter Park 238565723","nameAddon":null,"objectNumber":"munich:osm:way:238565723","district":"München","locality":null,"type":"Park","areaM2":2510.3,"areaHa":0.25,"designation":null,"dedicated":null,"builtYear":null,"renovatedYear":null,"planningAreaId":null,"planningAreaName":null,"centroid":[11.469305,48.141655],"bounds":[11.46871,48.14091,11.46988,48.1424],"amenities":{},"sourceId":"parks"}},{"type":"Feature","id":"munich:osm:way:238884950","geometry":{"type":"Polygon","coordinates":[[[11.59473583,48.16462005],[11.59480519,48.16453591],[11.59500735,48.16444726],[11.59588093,48.1641641],[11.59630296,48.1639497],[11.59689322,48.16339153],[11.59701865,48.16306586],[11.59718244,48.1628605],[11.59753659,48.16330016],[11.59693896,48.16450787],[11.59734624,48.16576443],[11.59770039,48.16583318],[11.59677664,48.16648091],[11.59646381,48.1661679],[11.59631477,48.16617604],[11.5956891,48.16514746],[11.59515049,48.16529401],[11.59473583,48.16462005]]]},"properties":{"id":"munich:osm:way:238884950","name":"Park an der Osterwaldstraße Süd","nameAddon":null,"objectNumber":"munich:osm:way:238884950","district":"München","locality":null,"type":"Park","areaM2":35788.6,"areaHa":3.58,"designation":null,"dedicated":null,"builtYear":null,"renovatedYear":null,"planningAreaId":null,"planningAreaName":null,"centroid":[11.596414,48.164837],"bounds":[11.59474,48.16286,11.5977,48.16648],"amenities":{},"sourceId":"parks"}},{"type":"Feature","id":"munich:osm:way:239550141","geometry":{"type":"Polygon","coordinates":[[[11.46280056,48.13574091],[11.46289205,48.1353112],[11.46299387,48.1352922],[11.46331409,48.13539805],[11.46331999,48.13541433],[11.46280056,48.13574091]]]},"properties":{"id":"munich:osm:way:239550141","name":"Unbenannter Park 239550141","nameAddon":null,"objectNumber":"munich:osm:way:239550141","district":"München","locality":null,"type":"Park","areaM2":897.2,"areaHa":0.09,"designation":null,"dedicated":null,"builtYear":null,"renovatedYear":null,"planningAreaId":null,"planningAreaName":null,"centroid":[11.463014,48.135473],"bounds":[11.4628,48.13529,11.46332,48.13574],"amenities":{},"sourceId":"parks"}},{"type":"Feature","id":"munich:osm:way:239956566","geometry":{"type":"Polygon","coordinates":[[[11.47328054,48.14220916],[11.47328349,48.14172969],[11.47391802,48.14182377],[11.47420724,48.14197666],[11.47384276,48.14203818],[11.47383686,48.14210964],[11.47366126,48.14211688],[11.47366863,48.14234033],[11.47333219,48.14234847],[11.47334104,48.14221006],[11.47328054,48.14220916]]]},"properties":{"id":"munich:osm:way:239956566","name":"Unbenannter Park 239956566","nameAddon":null,"objectNumber":"munich:osm:way:239956566","district":"München","locality":null,"type":"Park","areaM2":2714.6,"areaHa":0.27,"designation":null,"dedicated":null,"builtYear":null,"renovatedYear":null,"planningAreaId":null,"planningAreaName":null,"centroid":[11.473594,48.142013],"bounds":[11.47328,48.14173,11.47421,48.14235],"amenities":{},"sourceId":"parks"}},{"type":"Feature","id":"munich:osm:way:239965864","geometry":{"type":"Polygon","coordinates":[[[11.46122901,48.13740275],[11.46203913,48.136556],[11.46231213,48.13633074],[11.46239476,48.13631988],[11.46250691,48.1364402],[11.46227376,48.13750136],[11.46145183,48.13750498],[11.46122901,48.13740275]]]},"properties":{"id":"munich:osm:way:239965864","name":"Unbenannter Park 239965864","nameAddon":null,"objectNumber":"munich:osm:way:239965864","district":"München","locality":null,"type":"Park","areaM2":6591.7,"areaHa":0.66,"designation":null,"dedicated":null,"builtYear":null,"renovatedYear":null,"planningAreaId":null,"planningAreaName":null,"centroid":[11.461986,48.137038],"bounds":[11.46123,48.13632,11.46251,48.1375],"amenities":{},"sourceId":"parks"}},{"type":"Feature","id":"munich:osm:way:24000095","geometry":{"type":"Polygon","coordinates":[[[11.60079775,48.12306314],[11.60086858,48.12291207],[11.60082136,48.12202823],[11.60105009,48.12209607],[11.60138506,48.12212955],[11.60247408,48.12242718],[11.60260836,48.12222815],[11.60375641,48.1225683],[11.60333585,48.12290574],[11.60234127,48.1234829],[11.60190153,48.12380586],[11.60089219,48.12438031],[11.60083612,48.12435498],[11.60080661,48.12335263],[11.60121683,48.12324317],[11.60111502,48.12299349],[11.60079775,48.12306314]]]},"properties":{"id":"munich:osm:way:24000095","name":"Kustermannpark","nameAddon":null,"objectNumber":"munich:osm:way:24000095","district":"München","locality":null,"type":"Park","areaM2":29226.2,"areaHa":2.92,"designation":null,"dedicated":null,"builtYear":null,"renovatedYear":null,"planningAreaId":null,"planningAreaName":null,"centroid":[11.601872,48.123014],"bounds":[11.6008,48.12203,11.60376,48.12438],"amenities":{},"sourceId":"parks"}},{"type":"Feature","id":"munich:osm:way:24015994","geometry":{"type":"Polygon","coordinates":[[[11.59995221,48.11435318],[11.60012634,48.112666],[11.60271903,48.11296544],[11.60228962,48.11467161],[11.59995221,48.11435318]]]},"properties":{"id":"munich:osm:way:24015994","name":"Balanpark","nameAddon":null,"objectNumber":"munich:osm:way:24015994","district":"München","locality":null,"type":"Park","areaM2":35639.4,"areaHa":3.56,"designation":null,"dedicated":null,"builtYear":null,"renovatedYear":null,"planningAreaId":null,"planningAreaName":null,"centroid":[11.60128,48.113651],"bounds":[11.59995,48.11267,11.60272,48.11467],"amenities":{},"sourceId":"parks"}},{"type":"Feature","id":"munich:osm:way:24015996","geometry":{"type":"Polygon","coordinates":[[[11.60024144,48.11175954],[11.60030046,48.11094988],[11.6018912,48.11083861],[11.60186611,48.11183192],[11.60179381,48.1118672],[11.60034621,48.11177583],[11.60024144,48.11175954]]]},"properties":{"id":"munich:osm:way:24015996","name":"Grünstadter Platz","nameAddon":null,"objectNumber":"munich:osm:way:24015996","district":"München","locality":null,"type":"Park","areaM2":12515.1,"areaHa":1.25,"designation":null,"dedicated":null,"builtYear":null,"renovatedYear":null,"planningAreaId":null,"planningAreaName":null,"centroid":[11.601105,48.111359],"bounds":[11.60024,48.11084,11.60189,48.11187],"amenities":{},"sourceId":"parks"}},{"type":"Feature","id":"munich:osm:way:24057344","geometry":{"type":"Polygon","coordinates":[[[11.5929695,48.1628795],[11.59301524,48.16226796],[11.59361878,48.16211507],[11.59408213,48.16302063],[11.59456171,48.16361498],[11.59450859,48.16363941],[11.59470042,48.1639108],[11.59479486,48.16393342],[11.59521542,48.16375068],[11.59579239,48.1633463],[11.59499702,48.16401212],[11.59449088,48.16433327],[11.59330742,48.16341053],[11.5929695,48.1628795]]]},"properties":{"id":"munich:osm:way:24057344","name":"Gohrenwiese","nameAddon":null,"objectNumber":"munich:osm:way:24057344","district":"München","locality":null,"type":"Park","areaM2":16159,"areaHa":1.62,"designation":null,"dedicated":null,"builtYear":null,"renovatedYear":null,"planningAreaId":null,"planningAreaName":null,"centroid":[11.593846,48.163225],"bounds":[11.59297,48.16212,11.59579,48.16433],"amenities":{},"sourceId":"parks"}},{"type":"Feature","id":"munich:osm:way:240620347","geometry":{"type":"Polygon","coordinates":[[[11.65040868,48.11594174],[11.65156558,48.11556993],[11.65163346,48.11565949],[11.65159657,48.11572553],[11.65058576,48.11605211],[11.65048837,48.11604758],[11.65040868,48.11594174]]]},"properties":{"id":"munich:osm:way:240620347","name":"Achenseeplatz","nameAddon":null,"objectNumber":"munich:osm:way:240620347","district":"München","locality":null,"type":"Park","areaM2":1565.4,"areaHa":0.16,"designation":null,"dedicated":null,"builtYear":null,"renovatedYear":null,"planningAreaId":null,"planningAreaName":null,"centroid":[11.651034,48.115823],"bounds":[11.65041,48.11557,11.65163,48.11605],"amenities":{},"sourceId":"parks"}},{"type":"Feature","id":"munich:osm:way:240620402","geometry":{"type":"Polygon","coordinates":[[[11.64920014,48.11631355],[11.65029506,48.11597521],[11.65036737,48.11608015],[11.65031867,48.11613895],[11.64938164,48.11642392],[11.64925326,48.11639587],[11.64920014,48.11631355]]]},"properties":{"id":"munich:osm:way:240620402","name":"Achenseeplatz","nameAddon":null,"objectNumber":"munich:osm:way:240620402","district":"München","locality":null,"type":"Park","areaM2":1498.4,"areaHa":0.15,"designation":null,"dedicated":null,"builtYear":null,"renovatedYear":null,"planningAreaId":null,"planningAreaName":null,"centroid":[11.649801,48.116211],"bounds":[11.6492,48.11598,11.65037,48.11642],"amenities":{},"sourceId":"parks"}},{"type":"Feature","id":"munich:osm:way:241674922","geometry":{"type":"Polygon","coordinates":[[[11.57411085,48.14412158],[11.57411823,48.14407726],[11.57430563,48.14399403],[11.57436318,48.1440085],[11.57464946,48.14463],[11.57446795,48.14468156],[11.57411085,48.14412158]]]},"properties":{"id":"munich:osm:way:241674922","name":"Unbenannter Park 241674922","nameAddon":null,"objectNumber":"munich:osm:way:241674922","district":"München","locality":null,"type":"Park","areaM2":1353.6,"areaHa":0.14,"designation":null,"dedicated":null,"builtYear":null,"renovatedYear":null,"planningAreaId":null,"planningAreaName":null,"centroid":[11.574379,48.144325],"bounds":[11.57411,48.14399,11.57465,48.14468],"amenities":{},"sourceId":"parks"}},{"type":"Feature","id":"munich:osm:way:241820808","geometry":{"type":"Polygon","coordinates":[[[11.48960699,48.09282884],[11.4896306,48.09259815],[11.48971324,48.09245793],[11.48978112,48.09245884],[11.48982244,48.09240999],[11.48976341,48.09236204],[11.49085981,48.0915949],[11.49103836,48.09165913],[11.49034481,48.09226705],[11.49112247,48.09267595],[11.4911874,48.09296001],[11.49195473,48.09337887],[11.49201228,48.09365298],[11.49278404,48.09405826],[11.49284307,48.09436403],[11.4936104,48.09475122],[11.49364286,48.095038],[11.49440429,48.09541885],[11.49355728,48.09617424],[11.49345988,48.09612719],[11.49388487,48.09574724],[11.49166256,48.09460286],[11.49202261,48.09427085],[11.49182783,48.09410711],[11.49144416,48.0939696],[11.49032563,48.09285327],[11.4899095,48.09258097],[11.48960699,48.09282884]]]},"properties":{"id":"munich:osm:way:241820808","name":"Unbenannter Park 241820808","nameAddon":null,"objectNumber":"munich:osm:way:241820808","district":"München","locality":null,"type":"Park","areaM2":32550.6,"areaHa":3.26,"designation":null,"dedicated":null,"builtYear":null,"renovatedYear":null,"planningAreaId":null,"planningAreaName":null,"centroid":[11.491995,48.093958],"bounds":[11.48961,48.09159,11.4944,48.09617],"amenities":{},"sourceId":"parks"}},{"type":"Feature","id":"munich:osm:way:24254778","geometry":{"type":"Polygon","coordinates":[[[11.57496229,48.19518907],[11.57504935,48.19352994],[11.57526627,48.19349285],[11.57537547,48.1923937],[11.57596277,48.19247603],[11.57599081,48.19343315],[11.57663124,48.19347205],[11.57668289,48.19506875],[11.57603803,48.19512122],[11.5761487,48.19628913],[11.57558206,48.1963027],[11.57536219,48.19634612],[11.57522496,48.19517279],[11.57496229,48.19518907]]]},"properties":{"id":"munich:osm:way:24254778","name":"Unbenannter Park 24254778","nameAddon":null,"objectNumber":"munich:osm:way:24254778","district":"München","locality":null,"type":"Park","areaM2":36075.4,"areaHa":3.61,"designation":null,"dedicated":null,"builtYear":null,"renovatedYear":null,"planningAreaId":null,"planningAreaName":null,"centroid":[11.575769,48.194405],"bounds":[11.57496,48.19239,11.57668,48.19635],"amenities":{},"sourceId":"parks"}},{"type":"Feature","id":"munich:osm:way:24254932","geometry":{"type":"Polygon","coordinates":[[[11.56443657,48.20166637],[11.56447936,48.20111001],[11.56454872,48.20113895],[11.5654341,48.201129],[11.56902138,48.20091098],[11.57137207,48.20072462],[11.57137649,48.20078071],[11.57318415,48.20073729],[11.57341582,48.20076443],[11.57340107,48.201167],[11.57174983,48.20117604],[11.56954375,48.20131536],[11.56855803,48.20143297],[11.56720634,48.2017324],[11.56698204,48.20174778],[11.56561856,48.20166998],[11.56561856,48.20174236],[11.56443657,48.20166637]]]},"properties":{"id":"munich:osm:way:24254932","name":"Unbenannter Park 24254932","nameAddon":null,"objectNumber":"munich:osm:way:24254932","district":"München","locality":null,"type":"Park","areaM2":38470.7,"areaHa":3.85,"designation":null,"dedicated":null,"builtYear":null,"renovatedYear":null,"planningAreaId":null,"planningAreaName":null,"centroid":[11.568561,48.201209],"bounds":[11.56444,48.20072,11.57342,48.20175],"amenities":{},"sourceId":"parks"}},{"type":"Feature","id":"munich:osm:way:242994354","geometry":{"type":"Polygon","coordinates":[[[11.65167331,48.11556088],[11.65219421,48.11534015],[11.65209386,48.11524516],[11.65255869,48.11498281],[11.65365509,48.11588384],[11.6536787,48.11594626],[11.65279184,48.11624208],[11.65252327,48.11590917],[11.65201418,48.11606568],[11.65167331,48.11556088]]]},"properties":{"id":"munich:osm:way:242994354","name":"Unnützwiese","nameAddon":null,"objectNumber":"munich:osm:way:242994354","district":"München","locality":null,"type":"Park","areaM2":10745.2,"areaHa":1.07,"designation":null,"dedicated":null,"builtYear":null,"renovatedYear":null,"planningAreaId":null,"planningAreaName":null,"centroid":[11.652642,48.115663],"bounds":[11.65167,48.11498,11.65368,48.11624],"amenities":{},"sourceId":"parks"}},{"type":"Feature","id":"munich:osm:way:243357791","geometry":{"type":"Polygon","coordinates":[[[11.57508625,48.10920029],[11.57512461,48.1091822],[11.57516298,48.10921567],[11.57522643,48.10918582],[11.57514232,48.10907816],[11.57570159,48.10924824],[11.57527808,48.10943459],[11.57508625,48.10920029]]]},"properties":{"id":"munich:osm:way:243357791","name":"Unbenannter Park 243357791","nameAddon":null,"objectNumber":"munich:osm:way:243357791","district":"München","locality":null,"type":"Park","areaM2":804.5,"areaHa":0.08,"designation":null,"dedicated":null,"builtYear":null,"renovatedYear":null,"planningAreaId":null,"planningAreaName":null,"centroid":[11.575355,48.109259],"bounds":[11.57509,48.10908,11.5757,48.10943],"amenities":{},"sourceId":"parks"}},{"type":"Feature","id":"munich:osm:way:243357792","geometry":{"type":"Polygon","coordinates":[[[11.57529579,48.10946807],[11.57574586,48.1092799],[11.57579898,48.10933327],[11.57535776,48.10954044],[11.57529579,48.10946807]]]},"properties":{"id":"munich:osm:way:243357792","name":"Unbenannter Park 243357792","nameAddon":null,"objectNumber":"munich:osm:way:243357792","district":"München","locality":null,"type":"Park","areaM2":354.5,"areaHa":0.04,"designation":null,"dedicated":null,"builtYear":null,"renovatedYear":null,"planningAreaId":null,"planningAreaName":null,"centroid":[11.57554,48.10941],"bounds":[11.5753,48.10928,11.5758,48.10954],"amenities":{},"sourceId":"parks"}},{"type":"Feature","id":"munich:osm:way:243357793","geometry":{"type":"Polygon","coordinates":[[[11.57504198,48.10897955],[11.57514527,48.10866926],[11.57569126,48.10922924],[11.57510543,48.10903836],[11.57504198,48.10897955]]]},"properties":{"id":"munich:osm:way:243357793","name":"Unbenannter Park 243357793","nameAddon":null,"objectNumber":"munich:osm:way:243357793","district":"München","locality":null,"type":"Park","areaM2":1031,"areaHa":0.1,"designation":null,"dedicated":null,"builtYear":null,"renovatedYear":null,"planningAreaId":null,"planningAreaName":null,"centroid":[11.575292,48.10897],"bounds":[11.57504,48.10867,11.57569,48.10923],"amenities":{},"sourceId":"parks"}},{"type":"Feature","id":"munich:osm:way:243357794","geometry":{"type":"Polygon","coordinates":[[[11.57483539,48.10879139],[11.57511281,48.10867197],[11.57501394,48.10895422],[11.57483539,48.10879139]]]},"properties":{"id":"munich:osm:way:243357794","name":"Unbenannter Park 243357794","nameAddon":null,"objectNumber":"munich:osm:way:243357794","district":"München","locality":null,"type":"Park","areaM2":275.1,"areaHa":0.03,"designation":null,"dedicated":null,"builtYear":null,"renovatedYear":null,"planningAreaId":null,"planningAreaName":null,"centroid":[11.574987,48.108806],"bounds":[11.57484,48.10867,11.57511,48.10895],"amenities":{},"sourceId":"parks"}},{"type":"Feature","id":"munich:osm:way:243591839","geometry":{"type":"Polygon","coordinates":[[[11.48219487,48.08974127],[11.48226275,48.08964266],[11.48349933,48.08930523],[11.48377232,48.08970508],[11.48361443,48.08975394],[11.48378708,48.090038],[11.48368969,48.09006785],[11.48385791,48.09034377],[11.4836646,48.09039624],[11.48386972,48.09073096],[11.48468722,48.09050932],[11.4847064,48.09054098],[11.48484511,48.09050208],[11.48484659,48.09059074],[11.48389037,48.09085218],[11.48321306,48.08989054],[11.4835923,48.08978741],[11.48338128,48.08947168],[11.48222733,48.08979193],[11.48219487,48.08974127]]]},"properties":{"id":"munich:osm:way:243591839","name":"Unbenannter Park 243591839","nameAddon":null,"objectNumber":"munich:osm:way:243591839","district":"München","locality":null,"type":"Park","areaM2":4925.5,"areaHa":0.49,"designation":null,"dedicated":null,"builtYear":null,"renovatedYear":null,"planningAreaId":null,"planningAreaName":null,"centroid":[11.483517,48.090004],"bounds":[11.48219,48.08931,11.48485,48.09085],"amenities":{},"sourceId":"parks"}},{"type":"Feature","id":"munich:osm:way:243659492","geometry":{"type":"Polygon","coordinates":[[[11.57927853,48.1743577],[11.5793833,48.1739298],[11.57962826,48.17395332],[11.5797168,48.17356613],[11.57990125,48.17360322],[11.57990125,48.17356703],[11.58001783,48.17356884],[11.5800193,48.17352271],[11.58192435,48.17352994],[11.58188893,48.17371721],[11.58107291,48.17366293],[11.58100945,48.17392889],[11.58101978,48.17424733],[11.58094158,48.17450154],[11.58041035,48.1744554],[11.57927853,48.1743577]]]},"properties":{"id":"munich:osm:way:243659492","name":"Grünanlage Mildred-Scheel-Bogen","nameAddon":null,"objectNumber":"munich:osm:way:243659492","district":"München","locality":null,"type":"Park","areaM2":12600,"areaHa":1.26,"designation":null,"dedicated":null,"builtYear":null,"renovatedYear":null,"planningAreaId":null,"planningAreaName":null,"centroid":[11.580385,48.173972],"bounds":[11.57928,48.17352,11.58192,48.1745],"amenities":{},"sourceId":"parks"}},{"type":"Feature","id":"munich:osm:way:24418382","geometry":{"type":"Polygon","coordinates":[[[11.48939155,48.17466437],[11.48941516,48.17420029],[11.48993754,48.17419667],[11.49021348,48.17415325],[11.49001575,48.1732097],[11.48995672,48.17195043],[11.49052927,48.16963],[11.49086866,48.16897232],[11.49128332,48.16841958],[11.49096753,48.16811742],[11.4911269,48.16798354],[11.49368123,48.16950516],[11.49353219,48.16973132],[11.49353514,48.16994753],[11.49374173,48.17304415],[11.49343185,48.17357608],[11.49309688,48.17360503],[11.49298768,48.17421386],[11.49248301,48.17419305],[11.49178651,48.17422924],[11.49170535,48.17445269],[11.49116084,48.17440655],[11.49057206,48.17462095],[11.48939155,48.17466437]]]},"properties":{"id":"munich:osm:way:24418382","name":"Hartmannshofer Park","nameAddon":null,"objectNumber":"munich:osm:way:24418382","district":"München","locality":null,"type":"Park","areaM2":156694.1,"areaHa":15.67,"designation":null,"dedicated":null,"builtYear":null,"renovatedYear":null,"planningAreaId":null,"planningAreaName":null,"centroid":[11.49179,48.171651],"bounds":[11.48939,48.16798,11.49374,48.17466],"amenities":{},"sourceId":"parks"}},{"type":"Feature","id":"munich:osm:way:24418438","geometry":{"type":"Polygon","coordinates":[[[11.49349973,48.17462276],[11.49351596,48.17395784],[11.49371517,48.17323865],[11.49383174,48.17314366],[11.49410474,48.17317351],[11.49404128,48.17342229],[11.49418737,48.17344853],[11.49422574,48.17353356],[11.49450168,48.17359417],[11.49472893,48.17379862],[11.49567924,48.17397141],[11.49594486,48.17389542],[11.49595666,48.17378234],[11.49589026,48.17375158],[11.49487207,48.17370092],[11.49479091,48.17366383],[11.49479829,48.17353628],[11.494937,48.17351999],[11.49636099,48.17366383],[11.49670333,48.17363941],[11.49676236,48.17338882],[11.49692616,48.17338158],[11.49701469,48.1752334],[11.49643329,48.17544509],[11.49469794,48.17552832],[11.49354842,48.17545775],[11.49365024,48.17474308],[11.49349973,48.17462276]]]},"properties":{"id":"munich:osm:way:24418438","name":"Unbenannter Park 24418438","nameAddon":null,"objectNumber":"munich:osm:way:24418438","district":"München","locality":null,"type":"Park","areaM2":52834,"areaHa":5.28,"designation":null,"dedicated":null,"builtYear":null,"renovatedYear":null,"planningAreaId":null,"planningAreaName":null,"centroid":[11.495204,48.174518],"bounds":[11.4935,48.17314,11.49701,48.17553],"amenities":{},"sourceId":"parks"}},{"type":"Feature","id":"munich:osm:way:244208652","geometry":{"type":"Polygon","coordinates":[[[11.59230546,48.13092365],[11.59249287,48.1308558],[11.59253861,48.13091098],[11.59318494,48.13069115],[11.59306541,48.13053284],[11.59322035,48.13047675],[11.59365862,48.13100959],[11.59306394,48.13122761],[11.5930359,48.13119233],[11.59293851,48.13122851],[11.59283816,48.13110729],[11.59273487,48.13114529],[11.59283816,48.13127103],[11.5926847,48.13132893],[11.59230546,48.13092365]]]},"properties":{"id":"munich:osm:way:244208652","name":"Grünanlage Kellerstraße","nameAddon":null,"objectNumber":"munich:osm:way:244208652","district":"München","locality":null,"type":"Park","areaM2":4113.4,"areaHa":0.41,"designation":null,"dedicated":null,"builtYear":null,"renovatedYear":null,"planningAreaId":null,"planningAreaName":null,"centroid":[11.59302,48.130951],"bounds":[11.59231,48.13048,11.59366,48.13133],"amenities":{},"sourceId":"parks"}},{"type":"Feature","id":"munich:osm:way:244282631","geometry":{"type":"Polygon","coordinates":[[[11.58670099,48.15668174],[11.58704629,48.15666003],[11.58709351,48.15678126],[11.58678953,48.15681835],[11.58673198,48.15673331],[11.58670099,48.15668174]]]},"properties":{"id":"munich:osm:way:244282631","name":"Unbenannter Park 244282631","nameAddon":null,"objectNumber":"munich:osm:way:244282631","district":"München","locality":null,"type":"Park","areaM2":364.3,"areaHa":0.04,"designation":null,"dedicated":null,"builtYear":null,"renovatedYear":null,"planningAreaId":null,"planningAreaName":null,"centroid":[11.586903,48.156735],"bounds":[11.5867,48.15666,11.58709,48.15682],"amenities":{},"sourceId":"parks"}},{"type":"Feature","id":"munich:osm:way:244330607","geometry":{"type":"Polygon","coordinates":[[[11.58971719,48.16006966],[11.59100247,48.15976841],[11.5911161,48.15995296],[11.59085048,48.16002443],[11.59079883,48.15988511],[11.59052732,48.15995748],[11.59058044,48.16004704],[11.59077522,48.15999548],[11.59099362,48.16034015],[11.59105412,48.16059797],[11.59045796,48.16069658],[11.59041812,48.1606034],[11.59031187,48.16062511],[11.59011119,48.16022888],[11.58983082,48.1602913],[11.58971719,48.16006966]]]},"properties":{"id":"munich:osm:way:244330607","name":"Unbenannter Park 244330607","nameAddon":null,"objectNumber":"munich:osm:way:244330607","district":"München","locality":null,"type":"Park","areaM2":5588.7,"areaHa":0.56,"designation":null,"dedicated":null,"builtYear":null,"renovatedYear":null,"planningAreaId":null,"planningAreaName":null,"centroid":[11.590509,48.160242],"bounds":[11.58972,48.15977,11.59112,48.1607],"amenities":{},"sourceId":"parks"}},{"type":"Feature","id":"munich:osm:way:244544037","geometry":{"type":"Polygon","coordinates":[[[11.58638077,48.15854442],[11.58659474,48.15849466],[11.58672903,48.15875068],[11.58651358,48.15880043],[11.58638077,48.15854442]]]},"properties":{"id":"munich:osm:way:244544037","name":"Unbenannter Park 244544037","nameAddon":null,"objectNumber":"munich:osm:way:244544037","district":"München","locality":null,"type":"Park","areaM2":507.6,"areaHa":0.05,"designation":null,"dedicated":null,"builtYear":null,"renovatedYear":null,"planningAreaId":null,"planningAreaName":null,"centroid":[11.586555,48.158648],"bounds":[11.58638,48.15849,11.58673,48.1588],"amenities":{},"sourceId":"parks"}},{"type":"Feature","id":"munich:osm:way:244582809","geometry":{"type":"Polygon","coordinates":[[[11.58134,48.15261806],[11.58181368,48.15252035],[11.58201289,48.15296001],[11.58154659,48.15305681],[11.58134,48.15261806]]]},"properties":{"id":"munich:osm:way:244582809","name":"Unbenannter Park 244582809","nameAddon":null,"objectNumber":"munich:osm:way:244582809","district":"München","locality":null,"type":"Park","areaM2":1871.4,"areaHa":0.19,"designation":null,"dedicated":null,"builtYear":null,"renovatedYear":null,"planningAreaId":null,"planningAreaName":null,"centroid":[11.581678,48.152788],"bounds":[11.58134,48.15252,11.58201,48.15306],"amenities":{},"sourceId":"parks"}},{"type":"Feature","id":"munich:osm:way:24510736","geometry":{"type":"Polygon","coordinates":[[[11.70532011,48.1018862],[11.70587199,48.10128641],[11.70674852,48.10164375],[11.70621877,48.10223539],[11.70532011,48.1018862]]]},"properties":{"id":"munich:osm:way:24510736","name":"Unbenannter Park 24510736","nameAddon":null,"objectNumber":"munich:osm:way:24510736","district":"München","locality":null,"type":"Park","areaM2":6132,"areaHa":0.61,"designation":null,"dedicated":null,"builtYear":null,"renovatedYear":null,"planningAreaId":null,"planningAreaName":null,"centroid":[11.706038,48.101763],"bounds":[11.70532,48.10129,11.70675,48.10224],"amenities":{},"sourceId":"parks"}},{"type":"Feature","id":"munich:osm:way:24510962","geometry":{"type":"Polygon","coordinates":[[[11.70005946,48.10755745],[11.70151296,48.10597883],[11.70158674,48.1059725],[11.70238064,48.10632893],[11.70156461,48.10705536],[11.70062758,48.10778904],[11.70005946,48.10755745]]]},"properties":{"id":"munich:osm:way:24510962","name":"Heuluss","nameAddon":null,"objectNumber":"munich:osm:way:24510962","district":"München","locality":null,"type":"Park","areaM2":13393.5,"areaHa":1.34,"designation":null,"dedicated":null,"builtYear":null,"renovatedYear":null,"planningAreaId":null,"planningAreaName":null,"centroid":[11.701215,48.106859],"bounds":[11.70006,48.10597,11.70238,48.10779],"amenities":{},"sourceId":"parks"}},{"type":"Feature","id":"munich:osm:way:245544975","geometry":{"type":"Polygon","coordinates":[[[11.47807341,48.09158766],[11.47846741,48.09153519],[11.47859726,48.09175321],[11.47916538,48.09167541],[11.4792008,48.09172426],[11.47829328,48.09185725],[11.47815162,48.09161661],[11.47809555,48.09162475],[11.47807341,48.09158766]]]},"properties":{"id":"munich:osm:way:245544975","name":"Unbenannter Park 245544975","nameAddon":null,"objectNumber":"munich:osm:way:245544975","district":"München","locality":null,"type":"Park","areaM2":1116.1,"areaHa":0.11,"designation":null,"dedicated":null,"builtYear":null,"renovatedYear":null,"planningAreaId":null,"planningAreaName":null,"centroid":[11.478498,48.091705],"bounds":[11.47807,48.09154,11.4792,48.09186],"amenities":{},"sourceId":"parks"}},{"type":"Feature","id":"munich:osm:way:246240669","geometry":{"type":"Polygon","coordinates":[[[11.57973893,48.17600507],[11.57981271,48.17572282],[11.57975516,48.175389],[11.57991453,48.17509499],[11.58022442,48.17512032],[11.58001783,48.17602768],[11.57973893,48.17600507]]]},"properties":{"id":"munich:osm:way:246240669","name":"Grünanlage Mildred-Scheel-Bogen","nameAddon":null,"objectNumber":"munich:osm:way:246240669","district":"München","locality":null,"type":"Park","areaM2":2339.1,"areaHa":0.23,"designation":null,"dedicated":null,"builtYear":null,"renovatedYear":null,"planningAreaId":null,"planningAreaName":null,"centroid":[11.579963,48.175535],"bounds":[11.57974,48.17509,11.58022,48.17603],"amenities":{},"sourceId":"parks"}},{"type":"Feature","id":"munich:osm:way:246240670","geometry":{"type":"Polygon","coordinates":[[[11.57997061,48.17455401],[11.58033214,48.17459019],[11.58027459,48.17498733],[11.58000012,48.17496562],[11.57997061,48.17455401]]]},"properties":{"id":"munich:osm:way:246240670","name":"Grünanlage Mildred-Scheel-Bogen","nameAddon":null,"objectNumber":"munich:osm:way:246240670","district":"München","locality":null,"type":"Park","areaM2":1070.5,"areaHa":0.11,"designation":null,"dedicated":null,"builtYear":null,"renovatedYear":null,"planningAreaId":null,"planningAreaName":null,"centroid":[11.580144,48.174765],"bounds":[11.57997,48.17455,11.58033,48.17499],"amenities":{},"sourceId":"parks"}},{"type":"Feature","id":"munich:osm:way:24680345","geometry":{"type":"Polygon","coordinates":[[[11.57535629,48.18868554],[11.57542417,48.18776551],[11.57546696,48.18774109],[11.57614723,48.18776099],[11.57609263,48.18890176],[11.57584915,48.1889099],[11.57583587,48.19006785],[11.57552746,48.19006785],[11.57563223,48.18890266],[11.57557468,48.18889995],[11.57552894,48.18882667],[11.57552894,48.18872354],[11.57535629,48.18868554]]]},"properties":{"id":"munich:osm:way:24680345","name":"Unbenannter Park 24680345","nameAddon":null,"objectNumber":"munich:osm:way:24680345","district":"München","locality":null,"type":"Park","areaM2":9381.7,"areaHa":0.94,"designation":null,"dedicated":null,"builtYear":null,"renovatedYear":null,"planningAreaId":null,"planningAreaName":null,"centroid":[11.57575,48.18864],"bounds":[11.57536,48.18774,11.57615,48.19007],"amenities":{},"sourceId":"parks"}},{"type":"Feature","id":"munich:osm:way:24680539","geometry":{"type":"Polygon","coordinates":[[[11.57534448,48.19225801],[11.57544335,48.19094084],[11.57552303,48.19092636],[11.57552599,48.19062964],[11.57582997,48.19056631],[11.57648958,48.19061426],[11.57699424,48.19073096],[11.57606754,48.19066401],[11.57603508,48.19229238],[11.57534448,48.19225801]]]},"properties":{"id":"munich:osm:way:24680539","name":"Unbenannter Park 24680539","nameAddon":null,"objectNumber":"munich:osm:way:24680539","district":"München","locality":null,"type":"Park","areaM2":9106.2,"areaHa":0.91,"designation":null,"dedicated":null,"builtYear":null,"renovatedYear":null,"planningAreaId":null,"planningAreaName":null,"centroid":[11.575769,48.191427],"bounds":[11.57534,48.19057,11.57699,48.19229],"amenities":{},"sourceId":"parks"}},{"type":"Feature","id":"munich:osm:way:247441104","geometry":{"type":"Polygon","coordinates":[[[11.64456664,48.09418672],[11.64461238,48.09417858],[11.64500342,48.09420934],[11.64507426,48.09417225],[11.64532659,48.09507509],[11.64501671,48.09514746],[11.64456664,48.09418672]]]},"properties":{"id":"munich:osm:way:247441104","name":"Unbenannter Park 247441104","nameAddon":null,"objectNumber":"munich:osm:way:247441104","district":"München","locality":null,"type":"Park","areaM2":3201.7,"areaHa":0.32,"designation":null,"dedicated":null,"builtYear":null,"renovatedYear":null,"planningAreaId":null,"planningAreaName":null,"centroid":[11.644982,48.094621],"bounds":[11.64457,48.09417,11.64533,48.09515],"amenities":{},"sourceId":"parks"}},{"type":"Feature","id":"munich:osm:way:24767814","geometry":{"type":"Polygon","coordinates":[[[11.56827618,48.18563235],[11.5683293,48.18530668],[11.56868345,48.18533653],[11.56868198,48.18543695],[11.56913795,48.18555274],[11.56959097,48.18556179],[11.56958212,48.18565406],[11.56827618,48.18563235]]]},"properties":{"id":"munich:osm:way:24767814","name":"Unbenannter Park 24767814","nameAddon":null,"objectNumber":"munich:osm:way:24767814","district":"München","locality":null,"type":"Park","areaM2":1894.1,"areaHa":0.19,"designation":null,"dedicated":null,"builtYear":null,"renovatedYear":null,"planningAreaId":null,"planningAreaName":null,"centroid":[11.568765,48.185529],"bounds":[11.56828,48.18531,11.56959,48.18565],"amenities":{},"sourceId":"parks"}},{"type":"Feature","id":"munich:osm:way:24780714","geometry":{"type":"Polygon","coordinates":[[[11.60144261,48.08969513],[11.60151786,48.08962186],[11.60179676,48.08970961],[11.60192662,48.08965081],[11.60204319,48.08967161],[11.60238849,48.08979374],[11.60239292,48.08987425],[11.60249769,48.08990049],[11.60266886,48.08977746],[11.60313074,48.08993215],[11.60328863,48.0898833],[11.60358523,48.08987335],[11.60367967,48.08995658],[11.60369443,48.09010313],[11.60351588,48.09012394],[11.60349669,48.09028135],[11.60310713,48.09034467],[11.60297432,48.09044418],[11.60237226,48.09052017],[11.60227044,48.09048218],[11.60222322,48.09040619],[11.60206385,48.09045232],[11.60185726,48.09041252],[11.6017702,48.09035643],[11.60169937,48.09026687],[11.60179528,48.0900787],[11.60154147,48.08985526],[11.60150606,48.08977203],[11.60144261,48.08969513]]]},"properties":{"id":"munich:osm:way:24780714","name":"Unbenannter Park 24780714","nameAddon":null,"objectNumber":"munich:osm:way:24780714","district":"München","locality":null,"type":"Park","areaM2":9716.9,"areaHa":0.97,"designation":null,"dedicated":null,"builtYear":null,"renovatedYear":null,"planningAreaId":null,"planningAreaName":null,"centroid":[11.602514,48.09009],"bounds":[11.60144,48.08962,11.60369,48.09052],"amenities":{},"sourceId":"parks"}},{"type":"Feature","id":"munich:osm:way:24781716","geometry":{"type":"Polygon","coordinates":[[[11.56974739,48.18565497],[11.569771,48.18534286],[11.57263226,48.18535553],[11.57261898,48.18561516],[11.57165834,48.1856034],[11.56996726,48.18564773],[11.56974739,48.18565497]]]},"properties":{"id":"munich:osm:way:24781716","name":"Korbinianplatz","nameAddon":null,"objectNumber":"munich:osm:way:24781716","district":"München","locality":null,"type":"Park","areaM2":6645.6,"areaHa":0.66,"designation":null,"dedicated":null,"builtYear":null,"renovatedYear":null,"planningAreaId":null,"planningAreaName":null,"centroid":[11.571141,48.185486],"bounds":[11.56975,48.18534,11.57263,48.18565],"amenities":{},"sourceId":"parks"}},{"type":"Feature","id":"munich:osm:way:24781810","geometry":{"type":"Polygon","coordinates":[[[11.62617872,48.21281798],[11.62714083,48.21250859],[11.62894554,48.21235571],[11.63013933,48.2124326],[11.63118113,48.21203094],[11.63185845,48.21169712],[11.63261397,48.2114004],[11.63312897,48.21146734],[11.63347279,48.21169712],[11.6346356,48.21379501],[11.63535276,48.21572824],[11.63551508,48.21606115],[11.63587513,48.21651348],[11.6359076,48.21662204],[11.63453378,48.21762077],[11.63387712,48.21835535],[11.6334787,48.218482],[11.63285893,48.21861046],[11.63217423,48.21866112],[11.63175958,48.21865207],[11.63094355,48.21848562],[11.63011277,48.21821513],[11.62975714,48.21802696],[11.62912114,48.2175882],[11.62806163,48.21658042],[11.62835381,48.21635517],[11.62847333,48.21613353],[11.62848809,48.21586575],[11.62653877,48.2132884],[11.62617872,48.21281798]]]},"properties":{"id":"munich:osm:way:24781810","name":"Unbenannter Park 24781810","nameAddon":null,"objectNumber":"munich:osm:way:24781810","district":"München","locality":null,"type":"Park","areaM2":362708.9,"areaHa":36.27,"designation":null,"dedicated":null,"builtYear":null,"renovatedYear":null,"planningAreaId":null,"planningAreaName":null,"centroid":[11.631412,48.215082],"bounds":[11.62618,48.2114,11.63591,48.21866],"amenities":{},"sourceId":"parks"}},{"type":"Feature","id":"munich:osm:way:24796128","geometry":{"type":"Polygon","coordinates":[[[11.67774487,48.1141831],[11.67793227,48.11395513],[11.67899178,48.1147476],[11.67871141,48.11495567],[11.67826724,48.11458024],[11.67774487,48.1141831]]]},"properties":{"id":"munich:osm:way:24796128","name":"Unbenannter Park 24796128","nameAddon":null,"objectNumber":"munich:osm:way:24796128","district":"München","locality":null,"type":"Park","areaM2":3268.9,"areaHa":0.33,"designation":null,"dedicated":null,"builtYear":null,"renovatedYear":null,"planningAreaId":null,"planningAreaName":null,"centroid":[11.67836,48.114465],"bounds":[11.67774,48.11396,11.67899,48.11496],"amenities":{},"sourceId":"parks"}},{"type":"Feature","id":"munich:osm:way:24796129","geometry":{"type":"Polygon","coordinates":[[[11.6788088,48.11506333],[11.67905819,48.1148453],[11.67947284,48.11526868],[11.68009261,48.11573186],[11.67976944,48.11590646],[11.67933561,48.11555455],[11.6788088,48.11506333]]]},"properties":{"id":"munich:osm:way:24796129","name":"Unbenannter Park 24796129","nameAddon":null,"objectNumber":"munich:osm:way:24796129","district":"München","locality":null,"type":"Park","areaM2":3569.4,"areaHa":0.36,"designation":null,"dedicated":null,"builtYear":null,"renovatedYear":null,"planningAreaId":null,"planningAreaName":null,"centroid":[11.679425,48.115402],"bounds":[11.67881,48.11485,11.68009,48.11591],"amenities":{},"sourceId":"parks"}},{"type":"Feature","id":"munich:osm:way:24796163","geometry":{"type":"Polygon","coordinates":[[[11.67985208,48.11596436],[11.68020623,48.11578705],[11.681068,48.11629817],[11.68080829,48.11647277],[11.67985208,48.11596436]]]},"properties":{"id":"munich:osm:way:24796163","name":"Unbenannter Park 24796163","nameAddon":null,"objectNumber":"munich:osm:way:24796163","district":"München","locality":null,"type":"Park","areaM2":2534.4,"areaHa":0.25,"designation":null,"dedicated":null,"builtYear":null,"renovatedYear":null,"planningAreaId":null,"planningAreaName":null,"centroid":[11.68047,48.116125],"bounds":[11.67985,48.11579,11.68107,48.11647],"amenities":{},"sourceId":"parks"}},{"type":"Feature","id":"munich:osm:way:24796551","geometry":{"type":"Polygon","coordinates":[[[11.67508725,48.11219559],[11.67524957,48.11204994],[11.67529088,48.11209426],[11.67523924,48.11212955],[11.67630022,48.11304143],[11.67621758,48.11310476],[11.67613347,48.11310385],[11.67508725,48.11219559]]]},"properties":{"id":"munich:osm:way:24796551","name":"Unbenannter Park 24796551","nameAddon":null,"objectNumber":"munich:osm:way:24796551","district":"München","locality":null,"type":"Park","areaM2":1867.1,"areaHa":0.19,"designation":null,"dedicated":null,"builtYear":null,"renovatedYear":null,"planningAreaId":null,"planningAreaName":null,"centroid":[11.675684,48.112609],"bounds":[11.67509,48.11205,11.6763,48.1131],"amenities":{},"sourceId":"parks"}},{"type":"Feature","id":"munich:osm:way:24823457","geometry":{"type":"Polygon","coordinates":[[[11.61389994,48.11543695],[11.6141626,48.115038],[11.6147381,48.11515289],[11.61466579,48.11553646],[11.6139324,48.11547042],[11.61389994,48.11543695]]]},"properties":{"id":"munich:osm:way:24823457","name":"Unbenannter Park 24823457","nameAddon":null,"objectNumber":"munich:osm:way:24823457","district":"München","locality":null,"type":"Park","areaM2":2406.2,"areaHa":0.24,"designation":null,"dedicated":null,"builtYear":null,"renovatedYear":null,"planningAreaId":null,"planningAreaName":null,"centroid":[11.61435,48.115305],"bounds":[11.6139,48.11504,11.61474,48.11554],"amenities":{},"sourceId":"parks"}},{"type":"Feature","id":"munich:osm:way:248275821","geometry":{"type":"Polygon","coordinates":[[[11.58079106,48.1463814],[11.58202764,48.14622851],[11.58201584,48.1461869],[11.58213094,48.14617333],[11.58242164,48.14705989],[11.58201436,48.14711236],[11.58199518,48.14704722],[11.58189631,48.14702642],[11.58172219,48.14665822],[11.58095781,48.14681925],[11.58079106,48.1463814]]]},"properties":{"id":"munich:osm:way:248275821","name":"Unbenannter Park 248275821","nameAddon":null,"objectNumber":"munich:osm:way:248275821","district":"München","locality":null,"type":"Park","areaM2":6680.2,"areaHa":0.67,"designation":null,"dedicated":null,"builtYear":null,"renovatedYear":null,"planningAreaId":null,"planningAreaName":null,"centroid":[11.581696,48.146602],"bounds":[11.58079,48.14617,11.58242,48.14711],"amenities":{},"sourceId":"parks"}},{"type":"Feature","id":"munich:osm:way:24978659","geometry":{"type":"Polygon","coordinates":[[[11.64293606,48.14873982],[11.6433817,48.14874344],[11.64354845,48.14943821],[11.64314412,48.14947983],[11.64293606,48.14873982]]]},"properties":{"id":"munich:osm:way:24978659","name":"Unbenannter Park 24978659","nameAddon":null,"objectNumber":"munich:osm:way:24978659","district":"München","locality":null,"type":"Park","areaM2":2550.9,"areaHa":0.26,"designation":null,"dedicated":null,"builtYear":null,"renovatedYear":null,"planningAreaId":null,"planningAreaName":null,"centroid":[11.643249,48.149096],"bounds":[11.64294,48.14874,11.64355,48.14948],"amenities":{},"sourceId":"parks"}},{"type":"Feature","id":"munich:osm:way:24980642","geometry":{"type":"Polygon","coordinates":[[[11.53531782,48.12222544],[11.53584757,48.12217206],[11.53692479,48.12214854],[11.5370207,48.12257825],[11.53542111,48.12274561],[11.5353916,48.12259544],[11.53531782,48.12222544]]]},"properties":{"id":"munich:osm:way:24980642","name":"Unbenannter Park 24980642","nameAddon":null,"objectNumber":"munich:osm:way:24980642","district":"München","locality":null,"type":"Park","areaM2":6606.2,"areaHa":0.66,"designation":null,"dedicated":null,"builtYear":null,"renovatedYear":null,"planningAreaId":null,"planningAreaName":null,"centroid":[11.536143,48.12242],"bounds":[11.53532,48.12215,11.53702,48.12275],"amenities":{},"sourceId":"parks"}},{"type":"Feature","id":"munich:osm:way:24986043","geometry":{"type":"Polygon","coordinates":[[[11.68087765,48.11650534],[11.68114916,48.11634612],[11.68177336,48.11673783],[11.6815166,48.11691514],[11.68087765,48.11650534]]]},"properties":{"id":"munich:osm:way:24986043","name":"Unbenannter Park 24986043","nameAddon":null,"objectNumber":"munich:osm:way:24986043","district":"München","locality":null,"type":"Park","areaM2":1758.8,"areaHa":0.18,"designation":null,"dedicated":null,"builtYear":null,"renovatedYear":null,"planningAreaId":null,"planningAreaName":null,"centroid":[11.68133,48.116627],"bounds":[11.68088,48.11635,11.68177,48.11692],"amenities":{},"sourceId":"parks"}},{"type":"Feature","id":"munich:osm:way:24986065","geometry":{"type":"Polygon","coordinates":[[[11.68238722,48.11744527],[11.68280926,48.11717659],[11.68401928,48.11808395],[11.68373743,48.11825674],[11.68342755,48.11826217],[11.68238722,48.11744527]]]},"properties":{"id":"munich:osm:way:24986065","name":"Unbenannter Park 24986065","nameAddon":null,"objectNumber":"munich:osm:way:24986065","district":"München","locality":null,"type":"Park","areaM2":5969.7,"areaHa":0.6,"designation":null,"dedicated":null,"builtYear":null,"renovatedYear":null,"planningAreaId":null,"planningAreaName":null,"centroid":[11.683192,48.117761],"bounds":[11.68239,48.11718,11.68402,48.11826],"amenities":{},"sourceId":"parks"}},{"type":"Feature","id":"munich:osm:way:25175307","geometry":{"type":"Polygon","coordinates":[[[11.51187436,48.13374525],[11.51234804,48.13371721],[11.51232591,48.13355075],[11.51240264,48.13350642],[11.51231705,48.13282794],[11.51433868,48.1326452],[11.51432835,48.1321404],[11.51501304,48.13242898],[11.51582022,48.13285055],[11.51637653,48.13319613],[11.51640605,48.13326488],[11.51573463,48.13329293],[11.51572873,48.13316085],[11.51532588,48.13317532],[11.51533178,48.1333074],[11.51478727,48.13332368],[11.51477694,48.1331916],[11.51439328,48.13320337],[11.51439918,48.13333544],[11.51385024,48.13335263],[11.51383991,48.13320156],[11.51345182,48.13321513],[11.51346067,48.13334449],[11.51335443,48.13339244],[11.51337656,48.13403474],[11.51288665,48.1340854],[11.51295158,48.13487064],[11.5124779,48.13489506],[11.51247347,48.13481183],[11.51221671,48.13473132],[11.51210604,48.13484169],[11.51202193,48.13484711],[11.51187436,48.13374525]]]},"properties":{"id":"munich:osm:way:25175307","name":"Unbenannter Park 25175307","nameAddon":null,"objectNumber":"munich:osm:way:25175307","district":"München","locality":null,"type":"Park","areaM2":33519.7,"areaHa":3.35,"designation":null,"dedicated":null,"builtYear":null,"renovatedYear":null,"planningAreaId":null,"planningAreaName":null,"centroid":[11.513609,48.133388],"bounds":[11.51187,48.13214,11.51641,48.1349],"amenities":{},"sourceId":"parks"}},{"type":"Feature","id":"munich:osm:way:25191212","geometry":{"type":"Polygon","coordinates":[[[11.60536928,48.13487335],[11.60590051,48.13483535],[11.60585624,48.13438665],[11.6060643,48.13437579],[11.60608791,48.13455039],[11.60636681,48.13453411],[11.60629598,48.13389904],[11.60667374,48.13386195],[11.60666784,48.13375068],[11.60682721,48.13374073],[11.60679032,48.1333662],[11.60841057,48.13316899],[11.60856846,48.13370454],[11.60739238,48.13385833],[11.60737467,48.1352922],[11.60558325,48.1352913],[11.60557882,48.13521531],[11.60540617,48.13522164],[11.60536928,48.13487335]]]},"properties":{"id":"munich:osm:way:25191212","name":"Grünanlage Flurstraße","nameAddon":null,"objectNumber":"munich:osm:way:25191212","district":"München","locality":null,"type":"Park","areaM2":24877.4,"areaHa":2.49,"designation":null,"dedicated":null,"builtYear":null,"renovatedYear":null,"planningAreaId":null,"planningAreaName":null,"centroid":[11.60693,48.134322],"bounds":[11.60537,48.13317,11.60857,48.13529],"amenities":{},"sourceId":"parks"}},{"type":"Feature","id":"munich:osm:way:252956228","geometry":{"type":"Polygon","coordinates":[[[11.5796681,48.15563145],[11.58094895,48.15544237],[11.58099765,48.15535915],[11.58094305,48.15511399],[11.58212799,48.15489506],[11.58242459,48.15555998],[11.58225342,48.15558893],[11.58244525,48.15603944],[11.5816248,48.15621223],[11.58189631,48.15679483],[11.58084861,48.15697395],[11.5798437,48.1570816],[11.5796681,48.15563145]]]},"properties":{"id":"munich:osm:way:252956228","name":"Leopoldpark","nameAddon":null,"objectNumber":"munich:osm:way:252956228","district":"München","locality":null,"type":"Park","areaM2":32683.1,"areaHa":3.27,"designation":null,"dedicated":null,"builtYear":null,"renovatedYear":null,"planningAreaId":null,"planningAreaName":null,"centroid":[11.581018,48.156034],"bounds":[11.57967,48.1549,11.58245,48.15708],"amenities":{},"sourceId":"parks"}},{"type":"Feature","id":"munich:osm:way:253157268","geometry":{"type":"Polygon","coordinates":[[[11.51547787,48.14481093],[11.51589843,48.14472046],[11.5161183,48.14643749],[11.51679414,48.14683734],[11.5200553,48.14664737],[11.5200553,48.14683192],[11.51731651,48.14699023],[11.51700811,48.1471983],[11.51689891,48.14707436],[11.51652705,48.14704813],[11.51612715,48.14678487],[11.51573463,48.1468102],[11.51556051,48.14550027],[11.51547787,48.14481093]]]},"properties":{"id":"munich:osm:way:253157268","name":"Unbenannter Park 253157268","nameAddon":null,"objectNumber":"munich:osm:way:253157268","district":"München","locality":null,"type":"Park","areaM2":14378.9,"areaHa":1.44,"designation":null,"dedicated":null,"builtYear":null,"renovatedYear":null,"planningAreaId":null,"planningAreaName":null,"centroid":[11.516825,48.146304],"bounds":[11.51548,48.14472,11.52006,48.1472],"amenities":{},"sourceId":"parks"}},{"type":"Feature","id":"munich:osm:way:253639915","geometry":{"type":"Polygon","coordinates":[[[11.51240854,48.1450588],[11.51267416,48.14504885],[11.51286009,48.14579338],[11.51297962,48.14672607],[11.512714,48.14674326],[11.51258415,48.14574995],[11.51240854,48.1450588]]]},"properties":{"id":"munich:osm:way:253639915","name":"Unbenannter Park 253639915","nameAddon":null,"objectNumber":"munich:osm:way:253639915","district":"München","locality":null,"type":"Park","areaM2":3740.1,"areaHa":0.37,"designation":null,"dedicated":null,"builtYear":null,"renovatedYear":null,"planningAreaId":null,"planningAreaName":null,"centroid":[11.512719,48.145895],"bounds":[11.51241,48.14505,11.51298,48.14674],"amenities":{},"sourceId":"parks"}},{"type":"Feature","id":"munich:osm:way:25445711","geometry":{"type":"Polygon","coordinates":[[[11.64315002,48.15189615],[11.64328873,48.15065406],[11.64323266,48.1499213],[11.64327693,48.14988963],[11.64365912,48.14984983],[11.6437329,48.15064954],[11.64361337,48.15187172],[11.64363551,48.15221006],[11.64360304,48.15224534],[11.6431633,48.15223901],[11.64315002,48.15189615]]]},"properties":{"id":"munich:osm:way:25445711","name":"Unbenannter Park 25445711","nameAddon":null,"objectNumber":"munich:osm:way:25445711","district":"München","locality":null,"type":"Park","areaM2":8897.4,"areaHa":0.89,"designation":null,"dedicated":null,"builtYear":null,"renovatedYear":null,"planningAreaId":null,"planningAreaName":null,"centroid":[11.643448,48.151074],"bounds":[11.64315,48.14985,11.64373,48.15225],"amenities":{},"sourceId":"parks"}},{"type":"Feature","id":"munich:osm:way:257136819","geometry":{"type":"Polygon","coordinates":[[[11.55384592,48.14347295],[11.55398611,48.14343676],[11.55394036,48.14335082],[11.55412777,48.1433074],[11.55441994,48.14386105],[11.55410416,48.14394518],[11.55406579,48.14388999],[11.55384592,48.14347295]]]},"properties":{"id":"munich:osm:way:257136819","name":"Unbenannter Park 257136819","nameAddon":null,"objectNumber":"munich:osm:way:257136819","district":"München","locality":null,"type":"Park","areaM2":1584.6,"areaHa":0.16,"designation":null,"dedicated":null,"builtYear":null,"renovatedYear":null,"planningAreaId":null,"planningAreaName":null,"centroid":[11.554126,48.14364],"bounds":[11.55385,48.14331,11.55442,48.14395],"amenities":{},"sourceId":"parks"}},{"type":"Feature","id":"munich:osm:way:259051290","geometry":{"type":"Polygon","coordinates":[[[11.57375817,48.20107111],[11.57561157,48.20108558],[11.57582406,48.20100054],[11.57586833,48.20088113],[11.57552894,48.19935589],[11.57622101,48.19937851],[11.57624167,48.19996653],[11.57619297,48.19997105],[11.57638776,48.20107111],[11.57689833,48.20106115],[11.57896127,48.2008956],[11.57889191,48.20096164],[11.57889782,48.20107382],[11.57875025,48.20113624],[11.5748044,48.20119685],[11.57379359,48.20117966],[11.57375817,48.20109915],[11.57375817,48.20107111]]]},"properties":{"id":"munich:osm:way:259051290","name":"Unbenannter Park 259051290","nameAddon":null,"objectNumber":"munich:osm:way:259051290","district":"München","locality":null,"type":"Park","areaM2":13721,"areaHa":1.37,"designation":null,"dedicated":null,"builtYear":null,"renovatedYear":null,"planningAreaId":null,"planningAreaName":null,"centroid":[11.57626,48.200558],"bounds":[11.57376,48.19936,11.57896,48.2012],"amenities":{},"sourceId":"parks"}},{"type":"Feature","id":"munich:osm:way:25913110","geometry":{"type":"Polygon","coordinates":[[[11.59980612,48.17926361],[11.60137768,48.17864393],[11.60197974,48.17923919],[11.60044803,48.17990682],[11.59980612,48.17926361]]]},"properties":{"id":"munich:osm:way:25913110","name":"Unbenannter Park 25913110","nameAddon":null,"objectNumber":"munich:osm:way:25913110","district":"München","locality":null,"type":"Park","areaM2":11260,"areaHa":1.13,"designation":null,"dedicated":null,"builtYear":null,"renovatedYear":null,"planningAreaId":null,"planningAreaName":null,"centroid":[11.600894,48.179268],"bounds":[11.59981,48.17864,11.60198,48.17991],"amenities":{},"sourceId":"parks"}},{"type":"Feature","id":"munich:osm:way:260639585","geometry":{"type":"Polygon","coordinates":[[[11.66389601,48.11800887],[11.66422655,48.11791388],[11.6643387,48.11801882],[11.6644597,48.1180351],[11.66436231,48.11808847],[11.66402439,48.11819251],[11.66389601,48.11800887]]]},"properties":{"id":"munich:osm:way:260639585","name":"Unbenannter Park 260639585","nameAddon":null,"objectNumber":"munich:osm:way:260639585","district":"München","locality":null,"type":"Park","areaM2":646.8,"areaHa":0.06,"designation":null,"dedicated":null,"builtYear":null,"renovatedYear":null,"planningAreaId":null,"planningAreaName":null,"centroid":[11.664146,48.11805],"bounds":[11.6639,48.11791,11.66446,48.11819],"amenities":{},"sourceId":"parks"}},{"type":"Feature","id":"munich:osm:way:263510854","geometry":{"type":"Polygon","coordinates":[[[11.51581136,48.12709879],[11.51668789,48.12697395],[11.51677053,48.12723539],[11.51588662,48.12735842],[11.51581136,48.12709879]]]},"properties":{"id":"munich:osm:way:263510854","name":"Unbenannter Park 263510854","nameAddon":null,"objectNumber":"munich:osm:way:263510854","district":"München","locality":null,"type":"Park","areaM2":1979.7,"areaHa":0.2,"designation":null,"dedicated":null,"builtYear":null,"renovatedYear":null,"planningAreaId":null,"planningAreaName":null,"centroid":[11.51629,48.127167],"bounds":[11.51581,48.12697,11.51677,48.12736],"amenities":{},"sourceId":"parks"}},{"type":"Feature","id":"munich:osm:way:26494322","geometry":{"type":"Polygon","coordinates":[[[11.46279466,48.14550118],[11.46280056,48.14522345],[11.46355757,48.14522707],[11.46355461,48.14592455],[11.46296731,48.14592274],[11.46297321,48.14550389],[11.46279466,48.14550118]]]},"properties":{"id":"munich:osm:way:26494322","name":"Unbenannter Park 26494322","nameAddon":null,"objectNumber":"munich:osm:way:26494322","district":"München","locality":null,"type":"Park","areaM2":3789.1,"areaHa":0.38,"designation":null,"dedicated":null,"builtYear":null,"renovatedYear":null,"planningAreaId":null,"planningAreaName":null,"centroid":[11.463223,48.145552],"bounds":[11.46279,48.14522,11.46356,48.14592],"amenities":{},"sourceId":"parks"}},{"type":"Feature","id":"munich:osm:way:26831425","geometry":{"type":"Polygon","coordinates":[[[11.6676884,48.14446716],[11.66809715,48.1429374],[11.66894859,48.1430541],[11.66983398,48.14355346],[11.66929537,48.14426361],[11.66883645,48.14450787],[11.66843655,48.14458024],[11.6676884,48.14446716]]]},"properties":{"id":"munich:osm:way:26831425","name":"Unbenannter Park 26831425","nameAddon":null,"objectNumber":"munich:osm:way:26831425","district":"München","locality":null,"type":"Park","areaM2":19302.9,"areaHa":1.93,"designation":null,"dedicated":null,"builtYear":null,"renovatedYear":null,"planningAreaId":null,"planningAreaName":null,"centroid":[11.668657,48.143785],"bounds":[11.66769,48.14294,11.66983,48.14458],"amenities":{},"sourceId":"parks"}},{"type":"Feature","id":"munich:osm:way:26977620","geometry":{"type":"Polygon","coordinates":[[[11.64927835,48.11196399],[11.6496989,48.11157409],[11.65004715,48.11106387],[11.65017258,48.11057536],[11.65169839,48.1105636],[11.65203779,48.11039714],[11.65261034,48.11039895],[11.65289366,48.11029401],[11.65523992,48.11030396],[11.65584788,48.11002443],[11.65589658,48.10983988],[11.65589363,48.10915958],[11.65633189,48.10898589],[11.65744305,48.10823141],[11.65795805,48.10857246],[11.65907363,48.10811109],[11.65903674,48.10775014],[11.66009034,48.10712321],[11.66103475,48.10711869],[11.66102442,48.1074706],[11.66154089,48.10747331],[11.66153942,48.10728515],[11.66206327,48.10728153],[11.66205884,48.10710241],[11.66267861,48.10707798],[11.66301948,48.10752759],[11.66231855,48.10775104],[11.66191571,48.10796182],[11.66208098,48.10814909],[11.66112034,48.10847657],[11.66134759,48.10888095],[11.66015379,48.10929709],[11.66007854,48.10897232],[11.65877702,48.10899493],[11.65877702,48.10908359],[11.6585424,48.10908359],[11.65854092,48.10917315],[11.65830482,48.10917225],[11.65830335,48.10926181],[11.65806724,48.10926181],[11.65806872,48.10935046],[11.65783262,48.10935137],[11.65783262,48.10944364],[11.6575611,48.10955582],[11.65750503,48.10978922],[11.65730877,48.10991044],[11.65730581,48.11009861],[11.65695019,48.1100977],[11.65695019,48.11018545],[11.65654734,48.11021712],[11.65654734,48.11031482],[11.65634075,48.11031663],[11.65634075,48.11037724],[11.65613711,48.11037814],[11.65613711,48.11043061],[11.65593642,48.11043061],[11.65593347,48.11072824],[11.65548488,48.11088927],[11.6554834,48.11075086],[11.65528124,48.11075086],[11.6550776,48.11080785],[11.65468951,48.11080695],[11.65468951,48.11086665],[11.65205845,48.11086756],[11.65205697,48.11109282],[11.65102845,48.11112086],[11.65102993,48.11174326],[11.65022275,48.11196219],[11.65038065,48.1121992],[11.64971071,48.11240185],[11.64946723,48.11220192],[11.6495779,48.11217297],[11.64953511,48.1121006],[11.64941263,48.11212955],[11.64927835,48.11196399]]]},"properties":{"id":"munich:osm:way:26977620","name":"Unbenannter Park 26977620","nameAddon":null,"objectNumber":"munich:osm:way:26977620","district":"München","locality":null,"type":"Park","areaM2":110944.5,"areaHa":11.09,"designation":null,"dedicated":null,"builtYear":null,"renovatedYear":null,"planningAreaId":null,"planningAreaName":null,"centroid":[11.65682,48.109367],"bounds":[11.64928,48.10708,11.66302,48.1124],"amenities":{},"sourceId":"parks"}},{"type":"Feature","id":"munich:osm:way:26985868","geometry":{"type":"Polygon","coordinates":[[[11.51742571,48.11309843],[11.51760869,48.11240637],[11.51792743,48.11163108],[11.51830962,48.11125023],[11.51848522,48.11133798],[11.51843652,48.11159037],[11.51873608,48.11208884],[11.51865049,48.11211507],[11.51928059,48.1130342],[11.51939421,48.1129962],[11.51954473,48.11332549],[11.51904744,48.11320337],[11.51862098,48.11314999],[11.51755557,48.11310295],[11.51742571,48.11309843]]]},"properties":{"id":"munich:osm:way:26985868","name":"Unbenannter Park 26985868","nameAddon":null,"objectNumber":"munich:osm:way:26985868","district":"München","locality":null,"type":"Park","areaM2":16980.2,"areaHa":1.7,"designation":null,"dedicated":null,"builtYear":null,"renovatedYear":null,"planningAreaId":null,"planningAreaName":null,"centroid":[11.518321,48.112485],"bounds":[11.51743,48.11125,11.51954,48.11333],"amenities":{},"sourceId":"parks"}},{"type":"Feature","id":"munich:osm:way:27292004","geometry":{"type":"Polygon","coordinates":[[[11.66314639,48.14757373],[11.66365991,48.14747784],[11.66377353,48.14771938],[11.66431952,48.14762801],[11.6644597,48.1477827],[11.6650898,48.14767143],[11.66504996,48.14777637],[11.6651326,48.14821241],[11.66522999,48.14825674],[11.66535542,48.14874616],[11.66550446,48.14896508],[11.66560185,48.14950697],[11.66556643,48.14970147],[11.66569186,48.1497666],[11.66571105,48.14993034],[11.66562693,48.15014927],[11.66574351,48.15036819],[11.66569334,48.1504279],[11.66586451,48.15054008],[11.66596928,48.15087118],[11.66619358,48.15113443],[11.66617882,48.15146372],[11.66635737,48.15145558],[11.66643706,48.15150805],[11.66649018,48.1516926],[11.66587632,48.1517505],[11.66580844,48.15122671],[11.66583352,48.15091822],[11.6657199,48.15066039],[11.6655384,48.15044961],[11.66544838,48.15037181],[11.66530524,48.15044237],[11.66539821,48.14968156],[11.66534656,48.14934322],[11.66505144,48.14870997],[11.6649747,48.14830921],[11.6647268,48.14806224],[11.6646117,48.14803691],[11.66429001,48.14822236],[11.66399931,48.14826398],[11.6635271,48.1482685],[11.66338692,48.14804143],[11.66346808,48.14799982],[11.66314639,48.14757373]]]},"properties":{"id":"munich:osm:way:27292004","name":"Unbenannter Park 27292004","nameAddon":null,"objectNumber":"munich:osm:way:27292004","district":"München","locality":null,"type":"Park","areaM2":16467.3,"areaHa":1.65,"designation":null,"dedicated":null,"builtYear":null,"renovatedYear":null,"planningAreaId":null,"planningAreaName":null,"centroid":[11.66492,48.149079],"bounds":[11.66315,48.14748,11.66649,48.15175],"amenities":{},"sourceId":"parks"}},{"type":"Feature","id":"munich:osm:way:273454492","geometry":{"type":"Polygon","coordinates":[[[11.60127143,48.20651981],[11.60220699,48.20643568],[11.60250359,48.20636964],[11.6026364,48.206148],[11.60259656,48.20599331],[11.60243571,48.20582142],[11.60243571,48.20558169],[11.60259213,48.20538719],[11.6027692,48.20528949],[11.60264082,48.20477474],[11.60276773,48.20441741],[11.60274117,48.20434322],[11.60209927,48.20414872],[11.60185283,48.20412068],[11.60161378,48.20388638],[11.60183365,48.20379862],[11.60192957,48.20393885],[11.60204467,48.20395694],[11.60215534,48.20392437],[11.6024121,48.20384295],[11.60227929,48.20364936],[11.60291382,48.20348109],[11.60354244,48.20348923],[11.60354244,48.20366836],[11.60404268,48.20370364],[11.60409433,48.20337253],[11.60435699,48.20324679],[11.60464031,48.20330197],[11.60503726,48.20248326],[11.60576475,48.2026841],[11.60475246,48.20382576],[11.60503578,48.2039307],[11.60520696,48.20377058],[11.60579279,48.20415506],[11.60556554,48.20425819],[11.60584001,48.20450425],[11.60598905,48.20443369],[11.60617498,48.20466347],[11.60630926,48.20494934],[11.60614841,48.20497919],[11.60626499,48.20527682],[11.60598609,48.20532839],[11.60597872,48.20535553],[11.60608644,48.20549756],[11.60666194,48.20559074],[11.60674162,48.20584223],[11.6052468,48.20609553],[11.60509481,48.20565316],[11.60401907,48.20586937],[11.60460342,48.20724534],[11.60448242,48.20723629],[11.60496938,48.20833544],[11.60347161,48.20845214],[11.6033875,48.20793197],[11.60329306,48.20795187],[11.60319271,48.20726977],[11.60313074,48.20728786],[11.6030968,48.20700199],[11.60242981,48.20689434],[11.60227339,48.20689162],[11.6021155,48.20697123],[11.60195613,48.20692962],[11.60192957,48.20696852],[11.6017702,48.20693233],[11.60147359,48.20697485],[11.60132456,48.20695314],[11.60127734,48.20665913],[11.60127143,48.20651981]]]},"properties":{"id":"munich:osm:way:273454492","name":"Unbenannter Park 273454492","nameAddon":null,"objectNumber":"munich:osm:way:273454492","district":"München","locality":null,"type":"Park","areaM2":110118.1,"areaHa":11.01,"designation":null,"dedicated":null,"builtYear":null,"renovatedYear":null,"planningAreaId":null,"planningAreaName":null,"centroid":[11.604027,48.205454],"bounds":[11.60127,48.20248,11.60674,48.20845],"amenities":{},"sourceId":"parks"}},{"type":"Feature","id":"munich:osm:way:27397823","geometry":{"type":"Polygon","coordinates":[[[11.41046413,48.14578252],[11.41059399,48.14579247],[11.41072384,48.1451167],[11.41094076,48.14449521],[11.41127573,48.14397051],[11.41146904,48.1437932],[11.41164907,48.14372083],[11.41197813,48.14369369],[11.41275432,48.14385562],[11.41251527,48.14451963],[11.41233229,48.14469875],[11.41183942,48.14620952],[11.41174351,48.14619595],[11.41191911,48.14567849],[11.41107062,48.14555817],[11.41095552,48.14607744],[11.41065301,48.14599602],[11.41047003,48.14581238],[11.41046413,48.14578252]]]},"properties":{"id":"munich:osm:way:27397823","name":"Jugendspielplatz Wiesentfelser Straße","nameAddon":null,"objectNumber":"munich:osm:way:27397823","district":"München","locality":null,"type":"Park","areaM2":24658.3,"areaHa":2.47,"designation":null,"dedicated":null,"builtYear":null,"renovatedYear":null,"planningAreaId":null,"planningAreaName":null,"centroid":[11.411613,48.144778],"bounds":[11.41046,48.14369,11.41275,48.14621],"amenities":{},"sourceId":"parks"}},{"type":"Feature","id":"munich:osm:way:274795756","geometry":{"type":"Polygon","coordinates":[[[11.45422121,48.19406821],[11.4543791,48.19379953],[11.45436434,48.19355708],[11.45462996,48.19309843],[11.45489262,48.19313552],[11.45456798,48.19366293],[11.45438795,48.19411525],[11.45422121,48.19406821]]]},"properties":{"id":"munich:osm:way:274795756","name":"Unbenannter Park 274795756","nameAddon":null,"objectNumber":"munich:osm:way:274795756","district":"München","locality":null,"type":"Park","areaM2":1885.4,"areaHa":0.19,"designation":null,"dedicated":null,"builtYear":null,"renovatedYear":null,"planningAreaId":null,"planningAreaName":null,"centroid":[11.454539,48.193542],"bounds":[11.45422,48.1931,11.45489,48.19412],"amenities":{},"sourceId":"parks"}},{"type":"Feature","id":"munich:osm:way:274795757","geometry":{"type":"Polygon","coordinates":[[[11.45443075,48.19074543],[11.45447059,48.1900389],[11.45530433,48.19018998],[11.4551243,48.19077981],[11.45644204,48.19120228],[11.45685965,48.19129094],[11.45678439,48.1914583],[11.45444698,48.19106658],[11.45443075,48.19074543]]]},"properties":{"id":"munich:osm:way:274795757","name":"Unbenannter Park 274795757","nameAddon":null,"objectNumber":"munich:osm:way:274795757","district":"München","locality":null,"type":"Park","areaM2":10120.8,"areaHa":1.01,"designation":null,"dedicated":null,"builtYear":null,"renovatedYear":null,"planningAreaId":null,"planningAreaName":null,"centroid":[11.455212,48.19081],"bounds":[11.45443,48.19004,11.45686,48.19146],"amenities":{},"sourceId":"parks"}},{"type":"Feature","id":"munich:osm:way:274795758","geometry":{"type":"Polygon","coordinates":[[[11.45319564,48.19526687],[11.45360292,48.19468428],[11.45355569,48.19463362],[11.45382279,48.19440293],[11.45394969,48.19415506],[11.45443075,48.19428623],[11.45383607,48.19545232],[11.45319564,48.19526687]]]},"properties":{"id":"munich:osm:way:274795758","name":"Unbenannter Park 274795758","nameAddon":null,"objectNumber":"munich:osm:way:274795758","district":"München","locality":null,"type":"Park","areaM2":5964.7,"areaHa":0.6,"designation":null,"dedicated":null,"builtYear":null,"renovatedYear":null,"planningAreaId":null,"planningAreaName":null,"centroid":[11.453837,48.19482],"bounds":[11.4532,48.19416,11.45443,48.19545],"amenities":{},"sourceId":"parks"}},{"type":"Feature","id":"munich:osm:way:27483233","geometry":{"type":"Polygon","coordinates":[[[11.67671487,48.12584223],[11.67698196,48.12575538],[11.67709264,48.12591912],[11.67708231,48.12594174],[11.67671635,48.12588113],[11.67671487,48.12584223]]]},"properties":{"id":"munich:osm:way:27483233","name":"Manchesterplatz","nameAddon":null,"objectNumber":"munich:osm:way:27483233","district":"München","locality":null,"type":"Park","areaM2":343.2,"areaHa":0.03,"designation":null,"dedicated":null,"builtYear":null,"renovatedYear":null,"planningAreaId":null,"planningAreaName":null,"centroid":[11.676917,48.125856],"bounds":[11.67671,48.12576,11.67709,48.12594],"amenities":{},"sourceId":"parks"}},{"type":"Feature","id":"munich:osm:way:27661073","geometry":{"type":"Polygon","coordinates":[[[11.54626262,48.14854623],[11.54631427,48.14818527],[11.54664038,48.14734666],[11.54648396,48.14706984],[11.54678204,48.14712683],[11.54738853,48.14831283],[11.54626262,48.14854623]]]},"properties":{"id":"munich:osm:way:27661073","name":"Unbenannter Park 27661073","nameAddon":null,"objectNumber":"munich:osm:way:27661073","district":"München","locality":null,"type":"Park","areaM2":6878.6,"areaHa":0.69,"designation":null,"dedicated":null,"builtYear":null,"renovatedYear":null,"planningAreaId":null,"planningAreaName":null,"centroid":[11.546773,48.147945],"bounds":[11.54626,48.14707,11.54739,48.14855],"amenities":{},"sourceId":"parks"}},{"type":"Feature","id":"munich:osm:way:276664372","geometry":{"type":"Polygon","coordinates":[[[11.48749388,48.21348652],[11.48752487,48.21334268],[11.48835123,48.21340691],[11.4882376,48.21357608],[11.48781705,48.21356161],[11.48755438,48.21350009],[11.48749388,48.21348652]]]},"properties":{"id":"munich:osm:way:276664372","name":"Unbenannter Park 276664372","nameAddon":null,"objectNumber":"munich:osm:way:276664372","district":"München","locality":null,"type":"Park","areaM2":1173.5,"areaHa":0.12,"designation":null,"dedicated":null,"builtYear":null,"renovatedYear":null,"planningAreaId":null,"planningAreaName":null,"centroid":[11.48791,48.213462],"bounds":[11.48749,48.21334,11.48835,48.21358],"amenities":{},"sourceId":"parks"}},{"type":"Feature","id":"munich:osm:way:278586110","geometry":{"type":"Polygon","coordinates":[[[11.58696218,48.18324498],[11.58703596,48.18237923],[11.58833157,48.18242718],[11.58825041,48.18329745],[11.58704481,48.18324769],[11.58696218,48.18324498]]]},"properties":{"id":"munich:osm:way:278586110","name":"Unbenannter Park 278586110","nameAddon":null,"objectNumber":"munich:osm:way:278586110","district":"München","locality":null,"type":"Park","areaM2":9313.6,"areaHa":0.93,"designation":null,"dedicated":null,"builtYear":null,"renovatedYear":null,"planningAreaId":null,"planningAreaName":null,"centroid":[11.587646,48.182837],"bounds":[11.58696,48.18238,11.58833,48.1833],"amenities":{},"sourceId":"parks"}},{"type":"Feature","id":"munich:osm:way:28053746","geometry":{"type":"Polygon","coordinates":[[[11.4275948,48.14900127],[11.42804045,48.14897051],[11.42786927,48.1476271],[11.42914422,48.14780984],[11.42919292,48.14914239],[11.42807734,48.14912701],[11.4275948,48.14900127]]]},"properties":{"id":"munich:osm:way:28053746","name":"Unbenannter Park 28053746","nameAddon":null,"objectNumber":"munich:osm:way:28053746","district":"München","locality":null,"type":"Park","areaM2":14288.5,"areaHa":1.43,"designation":null,"dedicated":null,"builtYear":null,"renovatedYear":null,"planningAreaId":null,"planningAreaName":null,"centroid":[11.428542,48.148425],"bounds":[11.42759,48.14763,11.42919,48.14914],"amenities":{},"sourceId":"parks"}},{"type":"Feature","id":"munich:osm:way:28071997","geometry":{"type":"Polygon","coordinates":[[[11.42791945,48.14688167],[11.42810538,48.14613714],[11.42886385,48.14620952],[11.42913685,48.14516103],[11.4285097,48.14509408],[11.42871186,48.14440655],[11.43002666,48.14460105],[11.43012847,48.14426723],[11.43065528,48.14433961],[11.43080137,48.14388638],[11.43098139,48.14391171],[11.4307143,48.14472861],[11.4321014,48.14489506],[11.43185349,48.14556088],[11.43308123,48.14575176],[11.43327453,48.1451565],[11.43370394,48.14523792],[11.43329519,48.14617424],[11.43339996,48.14633617],[11.43437831,48.14645106],[11.4341732,48.14736204],[11.43292628,48.14735571],[11.43292481,48.14731681],[11.43257656,48.14731409],[11.43257065,48.14718473],[11.43196417,48.14718021],[11.43196712,48.14713769],[11.43156279,48.14699475],[11.43131194,48.14699656],[11.43130898,48.14729238],[11.42887418,48.1468283],[11.42876351,48.14702732],[11.42791945,48.14688167]]]},"properties":{"id":"munich:osm:way:28071997","name":"Parkmeile Neuaubing / Freizeitpark Aubing Ost","nameAddon":null,"objectNumber":"munich:osm:way:28071997","district":"München","locality":null,"type":"Park","areaM2":97706.8,"areaHa":9.77,"designation":null,"dedicated":null,"builtYear":null,"renovatedYear":null,"planningAreaId":null,"planningAreaName":null,"centroid":[11.431027,48.146029],"bounds":[11.42792,48.14389,11.43438,48.14736],"amenities":{},"sourceId":"parks"}},{"type":"Feature","id":"munich:osm:way:28100850","geometry":{"type":"Polygon","coordinates":[[[11.58990607,48.12360955],[11.59029121,48.12351637],[11.59032663,48.12365659],[11.58999166,48.12377963],[11.58990607,48.12360955]]]},"properties":{"id":"munich:osm:way:28100850","name":"Unbenannter Park 28100850","nameAddon":null,"objectNumber":"munich:osm:way:28100850","district":"München","locality":null,"type":"Park","areaM2":500.7,"areaHa":0.05,"designation":null,"dedicated":null,"builtYear":null,"renovatedYear":null,"planningAreaId":null,"planningAreaName":null,"centroid":[11.590121,48.123642],"bounds":[11.58991,48.12352,11.59033,48.12378],"amenities":{},"sourceId":"parks"}},{"type":"Feature","id":"munich:osm:way:28167487","geometry":{"type":"Polygon","coordinates":[[[11.5094189,48.19748688],[11.51014344,48.19738647],[11.51037954,48.19842681],[11.50973616,48.19853175],[11.5094189,48.19748688]]]},"properties":{"id":"munich:osm:way:28167487","name":"Unbenannter Park 28167487","nameAddon":null,"objectNumber":"munich:osm:way:28167487","district":"München","locality":null,"type":"Park","areaM2":6135.9,"areaHa":0.61,"designation":null,"dedicated":null,"builtYear":null,"renovatedYear":null,"planningAreaId":null,"planningAreaName":null,"centroid":[11.509916,48.197948],"bounds":[11.50942,48.19739,11.51038,48.19853],"amenities":{},"sourceId":"parks"}},{"type":"Feature","id":"munich:osm:way:28171208","geometry":{"type":"Polygon","coordinates":[[[11.5362578,48.20302786],[11.53675214,48.20303148],[11.53674328,48.20236837],[11.53690413,48.20224625],[11.53746044,48.20047494],[11.53754455,48.20047675],[11.53744126,48.20075357],[11.53741322,48.20204179],[11.53729222,48.2020427],[11.53732026,48.20301701],[11.53706497,48.20301701],[11.53705169,48.20368645],[11.53680526,48.20368645],[11.53679345,48.20342591],[11.5362578,48.20302786]]]},"properties":{"id":"munich:osm:way:28171208","name":"Unbenannter Park 28171208","nameAddon":null,"objectNumber":"munich:osm:way:28171208","district":"München","locality":null,"type":"Park","areaM2":9348.7,"areaHa":0.93,"designation":null,"dedicated":null,"builtYear":null,"renovatedYear":null,"planningAreaId":null,"planningAreaName":null,"centroid":[11.537061,48.202412],"bounds":[11.53626,48.20047,11.53754,48.20369],"amenities":{},"sourceId":"parks"}},{"type":"Feature","id":"munich:osm:way:282224723","geometry":{"type":"Polygon","coordinates":[[[11.468377,48.17736837],[11.46979361,48.17718744],[11.46985559,48.1772761],[11.46995445,48.1772761],[11.47010202,48.1771594],[11.47045765,48.17710422],[11.47049454,48.17727429],[11.47266963,48.17739913],[11.47263274,48.17750045],[11.47243057,48.17752669],[11.46982902,48.17736928],[11.468377,48.17736837]]]},"properties":{"id":"munich:osm:way:282224723","name":"Unbenannter Park 282224723","nameAddon":null,"objectNumber":"munich:osm:way:282224723","district":"München","locality":null,"type":"Park","areaM2":4585.7,"areaHa":0.46,"designation":null,"dedicated":null,"builtYear":null,"renovatedYear":null,"planningAreaId":null,"planningAreaName":null,"centroid":[11.47071,48.17735],"bounds":[11.46838,48.1771,11.47267,48.17753],"amenities":{},"sourceId":"parks"}},{"type":"Feature","id":"munich:osm:way:28451478","geometry":{"type":"Polygon","coordinates":[[[11.54151254,48.19489777],[11.54565318,48.19443731],[11.54573287,48.19500452],[11.54504079,48.19510946],[11.54505407,48.19514746],[11.54423804,48.19523702],[11.54415836,48.19483716],[11.54253073,48.19502533],[11.54262812,48.19541614],[11.5417634,48.1955247],[11.54179144,48.19528406],[11.54172061,48.19513841],[11.54154943,48.19496834],[11.54151254,48.19489777]]]},"properties":{"id":"munich:osm:way:28451478","name":"Am Krempelhuberplatz","nameAddon":null,"objectNumber":"munich:osm:way:28451478","district":"München","locality":null,"type":"Park","areaM2":15391.3,"areaHa":1.54,"designation":null,"dedicated":null,"builtYear":null,"renovatedYear":null,"planningAreaId":null,"planningAreaName":null,"centroid":[11.543769,48.194919],"bounds":[11.54151,48.19444,11.54573,48.19552],"amenities":{},"sourceId":"parks"}},{"type":"Feature","id":"munich:osm:way:285498032","geometry":{"type":"Polygon","coordinates":[[[11.44469449,48.16183644],[11.44508111,48.16135969],[11.44551495,48.16157771],[11.44600191,48.16170436],[11.44639295,48.16175321],[11.44764282,48.1621983],[11.44801025,48.16182468],[11.44843228,48.16257554],[11.4462085,48.16213226],[11.44469449,48.16183644]]]},"properties":{"id":"munich:osm:way:285498032","name":"Unbenannter Park 285498032","nameAddon":null,"objectNumber":"munich:osm:way:285498032","district":"München","locality":null,"type":"Park","areaM2":11333.6,"areaHa":1.13,"designation":null,"dedicated":null,"builtYear":null,"renovatedYear":null,"planningAreaId":null,"planningAreaName":null,"centroid":[11.446514,48.161992],"bounds":[11.44469,48.16136,11.44843,48.16258],"amenities":{},"sourceId":"parks"}},{"type":"Feature","id":"munich:osm:way:28561594","geometry":{"type":"Polygon","coordinates":[[[11.67194709,48.09993848],[11.67199431,48.09989235],[11.67245618,48.09977022],[11.67270409,48.10010675],[11.67315269,48.10094536],[11.67363669,48.10164375],[11.67300069,48.10178126],[11.67235732,48.10082142],[11.67194709,48.09993848]]]},"properties":{"id":"munich:osm:way:28561594","name":"Friesplatz","nameAddon":null,"objectNumber":"munich:osm:way:28561594","district":"München","locality":null,"type":"Park","areaM2":10790.7,"areaHa":1.08,"designation":null,"dedicated":null,"builtYear":null,"renovatedYear":null,"planningAreaId":null,"planningAreaName":null,"centroid":[11.672741,48.100794],"bounds":[11.67195,48.09977,11.67364,48.10178],"amenities":{},"sourceId":"parks"}},{"type":"Feature","id":"munich:osm:way:285869297","geometry":{"type":"Polygon","coordinates":[[[11.6169427,48.11833002],[11.6175064,48.1183065],[11.61749016,48.11853809],[11.61771446,48.12028949],[11.61719651,48.12031029],[11.61712273,48.12006785],[11.61694713,48.11858784],[11.6169427,48.11833002]]]},"properties":{"id":"munich:osm:way:285869297","name":"Grünanlage Rupertigaustraße","nameAddon":null,"objectNumber":"munich:osm:way:285869297","district":"München","locality":null,"type":"Park","areaM2":9198.1,"areaHa":0.92,"designation":null,"dedicated":null,"builtYear":null,"renovatedYear":null,"planningAreaId":null,"planningAreaName":null,"centroid":[11.617314,48.11931],"bounds":[11.61694,48.11831,11.61771,48.12031],"amenities":{},"sourceId":"parks"}},{"type":"Feature","id":"munich:osm:way:28660627","geometry":{"type":"Polygon","coordinates":[[[11.52848857,48.19771576],[11.52852841,48.19724806],[11.53047035,48.19725529],[11.53056774,48.19731771],[11.531915,48.19733309],[11.532399,48.19742898],[11.53470838,48.19742718],[11.5347069,48.19777547],[11.53121554,48.19774923],[11.52848857,48.19771576]]]},"properties":{"id":"munich:osm:way:28660627","name":"Unbenannter Park 28660627","nameAddon":null,"objectNumber":"munich:osm:way:28660627","district":"München","locality":null,"type":"Park","areaM2":20753.4,"areaHa":2.08,"designation":null,"dedicated":null,"builtYear":null,"renovatedYear":null,"planningAreaId":null,"planningAreaName":null,"centroid":[11.531367,48.19754],"bounds":[11.52849,48.19725,11.53471,48.19778],"amenities":{},"sourceId":"parks"}},{"type":"Feature","id":"munich:osm:way:286801032","geometry":{"type":"Polygon","coordinates":[[[11.59273339,48.11102678],[11.59284554,48.11100054],[11.59329266,48.11151077],[11.59320265,48.11156957],[11.59295474,48.11133074],[11.59282046,48.11118509],[11.59273339,48.11102678]]]},"properties":{"id":"munich:osm:way:286801032","name":"Unbenannter Park 286801032","nameAddon":null,"objectNumber":"munich:osm:way:286801032","district":"München","locality":null,"type":"Park","areaM2":649.2,"areaHa":0.06,"designation":null,"dedicated":null,"builtYear":null,"renovatedYear":null,"planningAreaId":null,"planningAreaName":null,"centroid":[11.593004,48.111278],"bounds":[11.59273,48.111,11.59329,48.11157],"amenities":{},"sourceId":"parks"}},{"type":"Feature","id":"munich:osm:way:286801033","geometry":{"type":"Polygon","coordinates":[[[11.59195573,48.11176497],[11.59214609,48.11164737],[11.59237334,48.11190157],[11.59215494,48.11198842],[11.59195573,48.11176497]]]},"properties":{"id":"munich:osm:way:286801033","name":"Unbenannter Park 286801033","nameAddon":null,"objectNumber":"munich:osm:way:286801033","district":"München","locality":null,"type":"Park","areaM2":580.7,"areaHa":0.06,"designation":null,"dedicated":null,"builtYear":null,"renovatedYear":null,"planningAreaId":null,"planningAreaName":null,"centroid":[11.59216,48.111825],"bounds":[11.59196,48.11165,11.59237,48.11199],"amenities":{},"sourceId":"parks"}},{"type":"Feature","id":"munich:osm:way:286801034","geometry":{"type":"Polygon","coordinates":[[[11.59317313,48.11097702],[11.59330151,48.11095079],[11.59378405,48.11104216],[11.59351253,48.11131536],[11.59332808,48.11115795],[11.59317313,48.11097702]]]},"properties":{"id":"munich:osm:way:286801034","name":"Unbenannter Park 286801034","nameAddon":null,"objectNumber":"munich:osm:way:286801034","district":"München","locality":null,"type":"Park","areaM2":897.2,"areaHa":0.09,"designation":null,"dedicated":null,"builtYear":null,"renovatedYear":null,"planningAreaId":null,"planningAreaName":null,"centroid":[11.593476,48.1111],"bounds":[11.59317,48.11095,11.59378,48.11132],"amenities":{},"sourceId":"parks"}},{"type":"Feature","id":"munich:osm:way:286801035","geometry":{"type":"Polygon","coordinates":[[[11.59214019,48.11117695],[11.592394,48.11111453],[11.59264633,48.1114393],[11.59301377,48.11179754],[11.5928603,48.11195133],[11.59245155,48.11152162],[11.59214019,48.11117695]]]},"properties":{"id":"munich:osm:way:286801035","name":"Unbenannter Park 286801035","nameAddon":null,"objectNumber":"munich:osm:way:286801035","district":"München","locality":null,"type":"Park","areaM2":1743.8,"areaHa":0.17,"designation":null,"dedicated":null,"builtYear":null,"renovatedYear":null,"planningAreaId":null,"planningAreaName":null,"centroid":[11.592589,48.111513],"bounds":[11.59214,48.11111,11.59301,48.11195],"amenities":{},"sourceId":"parks"}},{"type":"Feature","id":"munich:osm:way:28749672","geometry":{"type":"Polygon","coordinates":[[[11.49990104,48.18718744],[11.50048539,48.18632531],[11.50077757,48.18565768],[11.50086021,48.1852135],[11.50088677,48.18362855],[11.50115238,48.18362946],[11.50113172,48.18521259],[11.50104171,48.18568572],[11.50073773,48.18638864],[11.50016518,48.18723358],[11.50042194,48.18732224],[11.50032602,48.1874516],[11.50001319,48.18733852],[11.50005303,48.1872761],[11.49999105,48.18722272],[11.49990104,48.18718744]]]},"properties":{"id":"munich:osm:way:28749672","name":"Unbenannter Park 28749672","nameAddon":null,"objectNumber":"munich:osm:way:28749672","district":"München","locality":null,"type":"Park","areaM2":8720.4,"areaHa":0.87,"designation":null,"dedicated":null,"builtYear":null,"renovatedYear":null,"planningAreaId":null,"planningAreaName":null,"centroid":[11.500749,48.185555],"bounds":[11.4999,48.18363,11.50115,48.18745],"amenities":{},"sourceId":"parks"}},{"type":"Feature","id":"munich:osm:way:28749724","geometry":{"type":"Polygon","coordinates":[[[11.4929257,48.18593179],[11.49303785,48.1857011],[11.49302457,48.18558712],[11.4932105,48.18536819],[11.49320755,48.18522254],[11.49302162,48.18476479],[11.49376534,48.18467433],[11.49402948,48.18388004],[11.49407818,48.18323774],[11.4940221,48.18284693],[11.4936827,48.18199023],[11.49364877,48.18175954],[11.49364729,48.18111453],[11.49378157,48.18107925],[11.49381846,48.18089018],[11.49367975,48.17992944],[11.49389372,48.17914963],[11.49379485,48.17866745],[11.49464039,48.1782875],[11.49473041,48.17827936],[11.49486469,48.17833363],[11.49510374,48.17866474],[11.49463597,48.17880677],[11.49461236,48.17926271],[11.49500783,48.17938755],[11.49474664,48.18014022],[11.49483813,48.18071739],[11.49480124,48.18114891],[11.49426706,48.18115252],[11.49416671,48.18173331],[11.49424787,48.18228786],[11.49472746,48.18230324],[11.49458727,48.18463452],[11.4943069,48.18492582],[11.49488387,48.18518817],[11.49455628,48.18662837],[11.4930836,48.18595983],[11.4929257,48.18593179]]]},"properties":{"id":"munich:osm:way:28749724","name":"Grünzug Hartmannshofer Bach","nameAddon":null,"objectNumber":"munich:osm:way:28749724","district":"München","locality":null,"type":"Park","areaM2":63101.9,"areaHa":6.31,"designation":null,"dedicated":null,"builtYear":null,"renovatedYear":null,"planningAreaId":null,"planningAreaName":null,"centroid":[11.494161,48.182671],"bounds":[11.49293,48.17828,11.4951,48.18663],"amenities":{},"sourceId":"parks"}},{"type":"Feature","id":"munich:osm:way:28749793","geometry":{"type":"Polygon","coordinates":[[[11.49428476,48.17565316],[11.49464334,48.17566401],[11.4948942,48.1777818],[11.49474221,48.17784422],[11.49470089,48.17757554],[11.49448545,48.17707889],[11.49444708,48.17671522],[11.49428476,48.17565316]]]},"properties":{"id":"munich:osm:way:28749793","name":"Unbenannter Park 28749793","nameAddon":null,"objectNumber":"munich:osm:way:28749793","district":"München","locality":null,"type":"Park","areaM2":5079.9,"areaHa":0.51,"designation":null,"dedicated":null,"builtYear":null,"renovatedYear":null,"planningAreaId":null,"planningAreaName":null,"centroid":[11.494601,48.17662],"bounds":[11.49428,48.17565,11.49489,48.17784],"amenities":{},"sourceId":"parks"}},{"type":"Feature","id":"munich:osm:way:28770750","geometry":{"type":"Polygon","coordinates":[[[11.49796648,48.18199566],[11.49800485,48.18166637],[11.50082922,48.18189253],[11.50080118,48.18219016],[11.49874414,48.18204722],[11.49796648,48.18199566]]]},"properties":{"id":"munich:osm:way:28770750","name":"Unbenannter Park 28770750","nameAddon":null,"objectNumber":"munich:osm:way:28770750","district":"München","locality":null,"type":"Park","areaM2":7443.7,"areaHa":0.74,"designation":null,"dedicated":null,"builtYear":null,"renovatedYear":null,"planningAreaId":null,"planningAreaName":null,"centroid":[11.499377,48.181934],"bounds":[11.49797,48.18167,11.50083,48.18219],"amenities":{},"sourceId":"parks"}},{"type":"Feature","id":"munich:osm:way:28770798","geometry":{"type":"Polygon","coordinates":[[[11.50086758,48.18351909],[11.50092071,48.18224896],[11.50118042,48.18227791],[11.50119665,48.18351728],[11.50086758,48.18351909]]]},"properties":{"id":"munich:osm:way:28770798","name":"Unbenannter Park 28770798","nameAddon":null,"objectNumber":"munich:osm:way:28770798","district":"München","locality":null,"type":"Park","areaM2":3190.3,"areaHa":0.32,"designation":null,"dedicated":null,"builtYear":null,"renovatedYear":null,"planningAreaId":null,"planningAreaName":null,"centroid":[11.50104,48.182915],"bounds":[11.50087,48.18225,11.5012,48.18352],"amenities":{},"sourceId":"parks"}},{"type":"Feature","id":"munich:osm:way:28963254","geometry":{"type":"Polygon","coordinates":[[[11.5064573,48.1794744],[11.50646173,48.17936132],[11.5065842,48.17929256],[11.50673915,48.17928533],[11.50682621,48.17933961],[11.50681883,48.17943731],[11.50671111,48.17950154],[11.50654879,48.17952868],[11.5064573,48.1794744]]]},"properties":{"id":"munich:osm:way:28963254","name":"Unbenannter Park 28963254","nameAddon":null,"objectNumber":"munich:osm:way:28963254","district":"München","locality":null,"type":"Park","areaM2":624.4,"areaHa":0.06,"designation":null,"dedicated":null,"builtYear":null,"renovatedYear":null,"planningAreaId":null,"planningAreaName":null,"centroid":[11.506638,48.179403],"bounds":[11.50646,48.17929,11.50683,48.17953],"amenities":{},"sourceId":"parks"}},{"type":"Feature","id":"munich:osm:way:28984312","geometry":{"type":"Polygon","coordinates":[[[11.60966929,48.11887552],[11.60977996,48.11879772],[11.60968257,48.11873801],[11.60974454,48.11869188],[11.61066682,48.11914782],[11.6103894,48.11935137],[11.60966929,48.11887552]]]},"properties":{"id":"munich:osm:way:28984312","name":"Unbenannter Park 28984312","nameAddon":null,"objectNumber":"munich:osm:way:28984312","district":"München","locality":null,"type":"Park","areaM2":1971.6,"areaHa":0.2,"designation":null,"dedicated":null,"builtYear":null,"renovatedYear":null,"planningAreaId":null,"planningAreaName":null,"centroid":[11.610157,48.119034],"bounds":[11.60967,48.11869,11.61067,48.11935],"amenities":{},"sourceId":"parks"}},{"type":"Feature","id":"munich:osm:way:290422237","geometry":{"type":"Polygon","coordinates":[[[11.64753709,48.09395694],[11.64782927,48.09388004],[11.64800487,48.09418401],[11.64771122,48.09426],[11.64767138,48.09418943],[11.64753709,48.09395694]]]},"properties":{"id":"munich:osm:way:290422237","name":"Unbenannter Park 290422237","nameAddon":null,"objectNumber":"munich:osm:way:290422237","district":"München","locality":null,"type":"Park","areaM2":846.2,"areaHa":0.08,"designation":null,"dedicated":null,"builtYear":null,"renovatedYear":null,"planningAreaId":null,"planningAreaName":null,"centroid":[11.647771,48.09407],"bounds":[11.64754,48.09388,11.648,48.09426],"amenities":{},"sourceId":"parks"}},{"type":"Feature","id":"munich:osm:way:291134863","geometry":{"type":"Polygon","coordinates":[[[11.53410484,48.10509861],[11.53418453,48.10454948],[11.53436308,48.10455401],[11.5343498,48.10470961],[11.53552441,48.10477836],[11.53529125,48.10519721],[11.53410484,48.10509861]]]},"properties":{"id":"munich:osm:way:291134863","name":"HSG München Sommerbiathlon Zentrum Laufstrecke","nameAddon":null,"objectNumber":"munich:osm:way:291134863","district":"München","locality":null,"type":"Park","areaM2":4715.2,"areaHa":0.47,"designation":null,"dedicated":null,"builtYear":null,"renovatedYear":null,"planningAreaId":null,"planningAreaName":null,"centroid":[11.534755,48.104924],"bounds":[11.5341,48.10455,11.53552,48.1052],"amenities":{},"sourceId":"parks"}},{"type":"Feature","id":"munich:osm:way:29328710","geometry":{"type":"Polygon","coordinates":[[[11.58122342,48.11360232],[11.58198485,48.11339425],[11.58218996,48.11371992],[11.58142263,48.11392437],[11.58122342,48.11360232]]]},"properties":{"id":"munich:osm:way:29328710","name":"Grünanlage an der Raintalerstraße","nameAddon":null,"objectNumber":"munich:osm:way:29328710","district":"München","locality":null,"type":"Park","areaM2":2397.5,"areaHa":0.24,"designation":null,"dedicated":null,"builtYear":null,"renovatedYear":null,"planningAreaId":null,"planningAreaName":null,"centroid":[11.581706,48.11366],"bounds":[11.58122,48.11339,11.58219,48.11392],"amenities":{},"sourceId":"parks"}},{"type":"Feature","id":"munich:osm:way:29547994","geometry":{"type":"Polygon","coordinates":[[[11.64525133,48.16224625],[11.64577813,48.16214131],[11.64586372,48.16252669],[11.64543136,48.16260901],[11.64528675,48.16259363],[11.64525133,48.16224625]]]},"properties":{"id":"munich:osm:way:29547994","name":"Unbenannter Park 29547994","nameAddon":null,"objectNumber":"munich:osm:way:29547994","district":"München","locality":null,"type":"Park","areaM2":1793.5,"areaHa":0.18,"designation":null,"dedicated":null,"builtYear":null,"renovatedYear":null,"planningAreaId":null,"planningAreaName":null,"centroid":[11.64555,48.162387],"bounds":[11.64525,48.16214,11.64586,48.16261],"amenities":{},"sourceId":"parks"}},{"type":"Feature","id":"munich:osm:way:295480910","geometry":{"type":"Polygon","coordinates":[[[11.51253102,48.07724625],[11.51325851,48.07726253],[11.51442279,48.07722725],[11.51452608,48.07719197],[11.5148522,48.07783065],[11.51394763,48.07794464],[11.51396239,48.07823865],[11.51311537,48.0781898],[11.51309472,48.07806314],[11.51291174,48.07806767],[11.51253102,48.07724625]]]},"properties":{"id":"munich:osm:way:295480910","name":"Gilgwiese","nameAddon":null,"objectNumber":"munich:osm:way:295480910","district":"München","locality":null,"type":"Park","areaM2":13477.8,"areaHa":1.35,"designation":null,"dedicated":null,"builtYear":null,"renovatedYear":null,"planningAreaId":null,"planningAreaName":null,"centroid":[11.513655,48.077661],"bounds":[11.51253,48.07719,11.51485,48.07824],"amenities":{},"sourceId":"parks"}},{"type":"Feature","id":"munich:osm:way:299247450","geometry":{"type":"Polygon","coordinates":[[[11.4160081,48.20301339],[11.41899627,48.20262439],[11.41956586,48.20345667],[11.41957619,48.20352994],[11.41945519,48.20350552],[11.41934304,48.2034042],[11.4190243,48.20288945],[11.41883247,48.20277275],[11.418679,48.20276823],[11.41686692,48.20314547],[11.4160081,48.20301339]]]},"properties":{"id":"munich:osm:way:299247450","name":"Unbenannter Park 299247450","nameAddon":null,"objectNumber":"munich:osm:way:299247450","district":"München","locality":null,"type":"Park","areaM2":5077.9,"areaHa":0.51,"designation":null,"dedicated":null,"builtYear":null,"renovatedYear":null,"planningAreaId":null,"planningAreaName":null,"centroid":[11.417909,48.202952],"bounds":[11.41601,48.20262,11.41958,48.20353],"amenities":{},"sourceId":"parks"}},{"type":"Feature","id":"munich:osm:way:300383470","geometry":{"type":"Polygon","coordinates":[[[11.53932417,48.1871205],[11.53947616,48.18678578],[11.54229906,48.18646282],[11.54232562,48.1883264],[11.5422297,48.18836801],[11.54221052,48.1888918],[11.54133251,48.18876606],[11.54069209,48.18860593],[11.54014463,48.18826036],[11.53964586,48.1877619],[11.53940681,48.18732133],[11.53932417,48.1871205]]]},"properties":{"id":"munich:osm:way:300383470","name":"Grünanlage Am Oberwiesenfeld","nameAddon":null,"objectNumber":"munich:osm:way:300383470","district":"München","locality":null,"type":"Park","areaM2":44348.2,"areaHa":4.43,"designation":null,"dedicated":null,"builtYear":null,"renovatedYear":null,"planningAreaId":null,"planningAreaName":null,"centroid":[11.541061,48.187588],"bounds":[11.53932,48.18646,11.54233,48.18889],"amenities":{},"sourceId":"parks"}},{"type":"Feature","id":"munich:osm:way:300748444","geometry":{"type":"Polygon","coordinates":[[[11.64479831,48.14861408],[11.64528675,48.14865388],[11.64594636,48.14885833],[11.64641561,48.14911887],[11.6462887,48.14917134],[11.6454771,48.14878777],[11.64482487,48.14871811],[11.64479831,48.14861408]]]},"properties":{"id":"munich:osm:way:300748444","name":"Unbenannter Park 300748444","nameAddon":null,"objectNumber":"munich:osm:way:300748444","district":"München","locality":null,"type":"Park","areaM2":1455.5,"areaHa":0.15,"designation":null,"dedicated":null,"builtYear":null,"renovatedYear":null,"planningAreaId":null,"planningAreaName":null,"centroid":[11.645629,48.148848],"bounds":[11.6448,48.14861,11.64642,48.14917],"amenities":{},"sourceId":"parks"}},{"type":"Feature","id":"munich:osm:way:30083530","geometry":{"type":"Polygon","coordinates":[[[11.60899197,48.18121766],[11.6090082,48.18115162],[11.60920003,48.18115162],[11.60927677,48.18119323],[11.6095232,48.18179573],[11.60951582,48.18196399],[11.60955861,48.1819848],[11.6096929,48.18195495],[11.6099231,48.18222092],[11.60966043,48.1823928],[11.60955566,48.18234847],[11.6093476,48.18212321],[11.60915871,48.18184368],[11.60899197,48.18121766]]]},"properties":{"id":"munich:osm:way:30083530","name":"Unbenannter Park 30083530","nameAddon":null,"objectNumber":"munich:osm:way:30083530","district":"München","locality":null,"type":"Park","areaM2":3816.5,"areaHa":0.38,"designation":null,"dedicated":null,"builtYear":null,"renovatedYear":null,"planningAreaId":null,"planningAreaName":null,"centroid":[11.609388,48.181794],"bounds":[11.60899,48.18115,11.60992,48.18239],"amenities":{},"sourceId":"parks"}},{"type":"Feature","id":"munich:osm:way:30084182","geometry":{"type":"Polygon","coordinates":[[[11.61342478,48.14662113],[11.61454627,48.14637869],[11.61474253,48.14713678],[11.61369925,48.1472173],[11.61342478,48.14662113]]]},"properties":{"id":"munich:osm:way:30084182","name":"Unbenannter Park 30084182","nameAddon":null,"objectNumber":"munich:osm:way:30084182","district":"München","locality":null,"type":"Park","areaM2":6381.8,"areaHa":0.64,"designation":null,"dedicated":null,"builtYear":null,"renovatedYear":null,"planningAreaId":null,"planningAreaName":null,"centroid":[11.61412,48.146829],"bounds":[11.61342,48.14638,11.61474,48.14722],"amenities":{},"sourceId":"parks"}},{"type":"Feature","id":"munich:osm:way:30162564","geometry":{"type":"Polygon","coordinates":[[[11.56393485,48.09621404],[11.56395846,48.09605392],[11.56409275,48.09599873],[11.56469186,48.09600959],[11.56518472,48.09593631],[11.56770658,48.09685091],[11.56859344,48.09705446],[11.57048963,48.09736475],[11.57095299,48.09757644],[11.57093528,48.09771757],[11.57106071,48.09781346],[11.57087478,48.09835173],[11.56917042,48.09796997],[11.56784677,48.09781437],[11.56720487,48.09783065],[11.56713404,48.0977429],[11.56581482,48.09687263],[11.56554182,48.09662747],[11.56512422,48.09659399],[11.5646284,48.09638773],[11.56453101,48.09637597],[11.56437607,48.09642844],[11.56416653,48.09640764],[11.56401159,48.09635697],[11.56393485,48.09621404]]]},"properties":{"id":"munich:osm:way:30162564","name":"Unbenannter Park 30162564","nameAddon":null,"objectNumber":"munich:osm:way:30162564","district":"München","locality":null,"type":"Park","areaM2":45736.5,"areaHa":4.57,"designation":null,"dedicated":null,"builtYear":null,"renovatedYear":null,"planningAreaId":null,"planningAreaName":null,"centroid":[11.567778,48.09719],"bounds":[11.56393,48.09594,11.57106,48.09835],"amenities":{},"sourceId":"parks"}},{"type":"Feature","id":"munich:osm:way:30162642","geometry":{"type":"Polygon","coordinates":[[[11.57481178,48.09506966],[11.57589785,48.0935987],[11.57677437,48.09282884],[11.57714919,48.09266329],[11.57783831,48.09344762],[11.5771846,48.09377601],[11.57687619,48.09404559],[11.5756706,48.09544147],[11.57481178,48.09506966]]]},"properties":{"id":"munich:osm:way:30162642","name":"Vollmarpark","nameAddon":null,"objectNumber":"munich:osm:way:30162642","district":"München","locality":null,"type":"Park","areaM2":25991.5,"areaHa":2.6,"designation":null,"dedicated":null,"builtYear":null,"renovatedYear":null,"planningAreaId":null,"planningAreaName":null,"centroid":[11.57629,48.094031],"bounds":[11.57481,48.09266,11.57784,48.09544],"amenities":{},"sourceId":"parks"}},{"type":"Feature","id":"munich:osm:way:30162654","geometry":{"type":"Polygon","coordinates":[[[11.57455354,48.08943459],[11.57458158,48.08939388],[11.58542456,48.09352813],[11.58548949,48.09350461],[11.5856282,48.09356794],[11.58596465,48.09356432],[11.58614172,48.09362855],[11.58705957,48.09416863],[11.58800693,48.09445088],[11.58782542,48.09470418],[11.58704629,48.09447892],[11.5796017,48.09165732],[11.57944233,48.0917514],[11.57926378,48.09197123],[11.57864548,48.09252307],[11.57821312,48.09281618],[11.57768484,48.09308667],[11.57733807,48.09266419],[11.57815852,48.09198752],[11.57882551,48.09135517],[11.57876353,48.09120952],[11.57624019,48.09029492],[11.57553189,48.09061788],[11.57455354,48.08943459]]]},"properties":{"id":"munich:osm:way:30162654","name":"Unbenannter Park 30162654","nameAddon":null,"objectNumber":"munich:osm:way:30162654","district":"München","locality":null,"type":"Park","areaM2":52486,"areaHa":5.25,"designation":null,"dedicated":null,"builtYear":null,"renovatedYear":null,"planningAreaId":null,"planningAreaName":null,"centroid":[11.580528,48.092122],"bounds":[11.57455,48.08939,11.58801,48.0947],"amenities":{},"sourceId":"parks"}},{"type":"Feature","id":"munich:osm:way:30172753","geometry":{"type":"Polygon","coordinates":[[[11.5811644,48.09779989],[11.58130753,48.09764158],[11.58146248,48.09761806],[11.58149937,48.09764972],[11.58143296,48.09767686],[11.58156872,48.09780532],[11.58169858,48.09790483],[11.58180482,48.09789126],[11.5817458,48.09793649],[11.58205568,48.09809209],[11.58209995,48.09804415],[11.58215602,48.09806767],[11.58204535,48.09818075],[11.5811644,48.09779989]]]},"properties":{"id":"munich:osm:way:30172753","name":"Unbenannter Park 30172753","nameAddon":null,"objectNumber":"munich:osm:way:30172753","district":"München","locality":null,"type":"Park","areaM2":1203.6,"areaHa":0.12,"designation":null,"dedicated":null,"builtYear":null,"renovatedYear":null,"planningAreaId":null,"planningAreaName":null,"centroid":[11.581586,48.09789],"bounds":[11.58116,48.09762,11.58216,48.09818],"amenities":{},"sourceId":"parks"}},{"type":"Feature","id":"munich:osm:way:30172816","geometry":{"type":"Polygon","coordinates":[[[11.57997946,48.09901303],[11.58087665,48.09808486],[11.58093567,48.09807491],[11.5816971,48.09840148],[11.58146248,48.09871811],[11.58151707,48.09926452],[11.58105372,48.09934775],[11.58083533,48.09943007],[11.58000012,48.09905012],[11.57997946,48.09901303]]]},"properties":{"id":"munich:osm:way:30172816","name":"Unbenannter Park 30172816","nameAddon":null,"objectNumber":"munich:osm:way:30172816","district":"München","locality":null,"type":"Park","areaM2":11233.5,"areaHa":1.12,"designation":null,"dedicated":null,"builtYear":null,"renovatedYear":null,"planningAreaId":null,"planningAreaName":null,"centroid":[11.580905,48.098793],"bounds":[11.57998,48.09807,11.5817,48.09943],"amenities":{},"sourceId":"parks"}},{"type":"Feature","id":"munich:osm:way:30194474","geometry":{"type":"Polygon","coordinates":[[[11.57427612,48.12733219],[11.57460814,48.12702732],[11.57528841,48.12740275],[11.5752648,48.12742718],[11.57427612,48.12733219]]]},"properties":{"id":"munich:osm:way:30194474","name":"Unbenannter Park 30194474","nameAddon":null,"objectNumber":"munich:osm:way:30194474","district":"München","locality":null,"type":"Park","areaM2":1484.1,"areaHa":0.15,"designation":null,"dedicated":null,"builtYear":null,"renovatedYear":null,"planningAreaId":null,"planningAreaName":null,"centroid":[11.57474,48.127264],"bounds":[11.57428,48.12703,11.57529,48.12743],"amenities":{},"sourceId":"parks"}},{"type":"Feature","id":"munich:osm:way:302891367","geometry":{"type":"Polygon","coordinates":[[[11.40608149,48.16129274],[11.40686062,48.1610304],[11.4075704,48.16084494],[11.40786258,48.16082595],[11.40797325,48.1608757],[11.4079157,48.16093722],[11.40742727,48.16102316],[11.40715723,48.16177221],[11.40840119,48.16271576],[11.40856498,48.16270309],[11.40879371,48.16218111],[11.40872878,48.16301067],[11.40915376,48.16317984],[11.40989158,48.1635996],[11.41005095,48.16386286],[11.41083599,48.16434956],[11.4117863,48.16509408],[11.41237508,48.16538357],[11.4124887,48.1656622],[11.41286352,48.165759],[11.41292107,48.16583409],[11.41504894,48.16719649],[11.4151419,48.16710331],[11.4154931,48.16715035],[11.41562001,48.16683011],[11.4159048,48.16693143],[11.41583988,48.16724625],[11.41626043,48.16755745],[11.4168138,48.16758278],[11.41677986,48.16775828],[11.41818024,48.16794825],[11.41811531,48.16818889],[11.41814777,48.16834268],[11.41829829,48.1684431],[11.41848569,48.16841143],[11.41906562,48.16859327],[11.41961456,48.16886466],[11.41983148,48.1690474],[11.42059881,48.16947349],[11.41813007,48.17082685],[11.41792053,48.17043333],[11.41766376,48.17022345],[11.41778329,48.17015922],[11.41720779,48.16979284],[11.4172919,48.169611],[11.41696874,48.16922833],[11.41695546,48.16907816],[11.41670608,48.16887281],[11.41583397,48.16833002],[11.41530717,48.16809119],[11.4153175,48.16802877],[11.41519502,48.16784693],[11.41321767,48.16681111],[11.41326784,48.16671883],[11.41246067,48.16624932],[11.41190435,48.16614438],[11.41120933,48.16591098],[11.41054677,48.16563416],[11.41004357,48.16534739],[11.40969532,48.16495205],[11.40839529,48.1647268],[11.4084853,48.16393794],[11.40844251,48.16376787],[11.40817099,48.16351185],[11.40773272,48.16330288],[11.40677208,48.16307038],[11.40675143,48.16263796],[11.40666879,48.16234847],[11.40619659,48.16171341],[11.40609034,48.16149539],[11.40608149,48.16129274]]]},"properties":{"id":"munich:osm:way:302891367","name":"Unbenannter Park 302891367","nameAddon":null,"objectNumber":"munich:osm:way:302891367","district":"München","locality":null,"type":"Park","areaM2":152336.5,"areaHa":15.23,"designation":null,"dedicated":null,"builtYear":null,"renovatedYear":null,"planningAreaId":null,"planningAreaName":null,"centroid":[11.413309,48.16628],"bounds":[11.40608,48.16083,11.4206,48.17083],"amenities":{},"sourceId":"parks"}},{"type":"Feature","id":"munich:osm:way:30309728","geometry":{"type":"Polygon","coordinates":[[[11.4217321,48.15351728],[11.42182654,48.15331735],[11.42189737,48.15329926],[11.42193278,48.15334087],[11.42183392,48.1535408],[11.42176604,48.1535607],[11.4217321,48.15351728]]]},"properties":{"id":"munich:osm:way:30309728","name":"Unbenannter Park 30309728","nameAddon":null,"objectNumber":"munich:osm:way:30309728","district":"München","locality":null,"type":"Park","areaM2":221.6,"areaHa":0.02,"designation":null,"dedicated":null,"builtYear":null,"renovatedYear":null,"planningAreaId":null,"planningAreaName":null,"centroid":[11.421832,48.153429],"bounds":[11.42173,48.1533,11.42193,48.15356],"amenities":{},"sourceId":"parks"}},{"type":"Feature","id":"munich:osm:way:30322736","geometry":{"type":"Polygon","coordinates":[[[11.51222114,48.12939841],[11.51285714,48.12928352],[11.51289846,48.12930251],[11.51303717,48.12974941],[11.51240117,48.12984259],[11.5123082,48.12967252],[11.51222114,48.12939841]]]},"properties":{"id":"munich:osm:way:30322736","name":"Unbenannter Park 30322736","nameAddon":null,"objectNumber":"munich:osm:way:30322736","district":"München","locality":null,"type":"Park","areaM2":2749.6,"areaHa":0.27,"designation":null,"dedicated":null,"builtYear":null,"renovatedYear":null,"planningAreaId":null,"planningAreaName":null,"centroid":[11.512633,48.129566],"bounds":[11.51222,48.12928,11.51304,48.12984],"amenities":{},"sourceId":"parks"}},{"type":"Feature","id":"munich:osm:way:30333482","geometry":{"type":"MultiPolygon","coordinates":[[[[11.51859147,48.24310385],[11.51867853,48.24304686],[11.51909023,48.24310385],[11.51940307,48.24296182],[11.52003021,48.24328117],[11.51963327,48.24343405],[11.51962736,48.24339967],[11.51892643,48.24314999],[11.51859147,48.24310385]]],[[[11.52406608,48.24174145],[11.52415314,48.24148724],[11.52448811,48.2413036],[11.52484227,48.24127465],[11.52492638,48.2413036],[11.52490129,48.24133798],[11.52482603,48.24145287],[11.52406608,48.24174145]]]]},"properties":{"id":"munich:osm:way:30333482","name":"Unbenannter Park 30333482","nameAddon":null,"objectNumber":"munich:osm:way:30333482","district":"München","locality":null,"type":"Park","areaM2":3707.8,"areaHa":0.37,"designation":null,"dedicated":null,"builtYear":null,"renovatedYear":null,"planningAreaId":null,"planningAreaName":null,"centroid":[11.52151,48.24248],"bounds":[11.51859,48.24127,11.52493,48.24343],"amenities":{},"sourceId":"parks"}},{"type":"Feature","id":"munich:osm:way:30406497","geometry":{"type":"Polygon","coordinates":[[[11.5154336,48.12586123],[11.51553394,48.12581509],[11.51619798,48.12572372],[11.51637358,48.12628279],[11.51569479,48.12638773],[11.51561658,48.12637145],[11.5154336,48.12586123]]]},"properties":{"id":"munich:osm:way:30406497","name":"Unbenannter Park 30406497","nameAddon":null,"objectNumber":"munich:osm:way:30406497","district":"München","locality":null,"type":"Park","areaM2":3701.3,"areaHa":0.37,"designation":null,"dedicated":null,"builtYear":null,"renovatedYear":null,"planningAreaId":null,"planningAreaName":null,"centroid":[11.515906,48.126058],"bounds":[11.51543,48.12572,11.51637,48.12639],"amenities":{},"sourceId":"parks"}},{"type":"Feature","id":"munich:osm:way:30406498","geometry":{"type":"Polygon","coordinates":[[[11.51563576,48.12648363],[11.51639572,48.1263624],[11.51656246,48.126907],[11.51580694,48.12701013],[11.51578038,48.12692962],[11.51563576,48.12648363]]]},"properties":{"id":"munich:osm:way:30406498","name":"Unbenannter Park 30406498","nameAddon":null,"objectNumber":"munich:osm:way:30406498","district":"München","locality":null,"type":"Park","areaM2":3515.5,"areaHa":0.35,"designation":null,"dedicated":null,"builtYear":null,"renovatedYear":null,"planningAreaId":null,"planningAreaName":null,"centroid":[11.516102,48.12669],"bounds":[11.51564,48.12636,11.51656,48.12701],"amenities":{},"sourceId":"parks"}},{"type":"Feature","id":"munich:osm:way:30406499","geometry":{"type":"Polygon","coordinates":[[[11.51527423,48.12488873],[11.51591613,48.12477203],[11.51617585,48.12562602],[11.51550591,48.12571648],[11.51527423,48.12488873]]]},"properties":{"id":"munich:osm:way:30406499","name":"Unbenannter Park 30406499","nameAddon":null,"objectNumber":"munich:osm:way:30406499","district":"München","locality":null,"type":"Park","areaM2":4830,"areaHa":0.48,"designation":null,"dedicated":null,"builtYear":null,"renovatedYear":null,"planningAreaId":null,"planningAreaName":null,"centroid":[11.515721,48.125253],"bounds":[11.51527,48.12477,11.51618,48.12572],"amenities":{},"sourceId":"parks"}},{"type":"Feature","id":"munich:osm:way:30407179","geometry":{"type":"Polygon","coordinates":[[[11.56610994,48.0921205],[11.56613946,48.09181654],[11.56623685,48.09172698],[11.5667725,48.09195857],[11.56659395,48.09215035],[11.56610994,48.0921205]]]},"properties":{"id":"munich:osm:way:30407179","name":"Laurinplatz","nameAddon":null,"objectNumber":"munich:osm:way:30407179","district":"München","locality":null,"type":"Park","areaM2":1511.7,"areaHa":0.15,"designation":null,"dedicated":null,"builtYear":null,"renovatedYear":null,"planningAreaId":null,"planningAreaName":null,"centroid":[11.56639,48.09197],"bounds":[11.56611,48.09173,11.56677,48.09215],"amenities":{},"sourceId":"parks"}},{"type":"Feature","id":"munich:osm:way:30407335","geometry":{"type":"Polygon","coordinates":[[[11.55805444,48.09543966],[11.55839236,48.09518364],[11.55927184,48.09557355],[11.55864912,48.09565678],[11.55831563,48.09560792],[11.55815478,48.09552741],[11.55805444,48.09543966]]]},"properties":{"id":"munich:osm:way:30407335","name":"Unbenannter Park 30407335","nameAddon":null,"objectNumber":"munich:osm:way:30407335","district":"München","locality":null,"type":"Park","areaM2":2511.9,"areaHa":0.25,"designation":null,"dedicated":null,"builtYear":null,"renovatedYear":null,"planningAreaId":null,"planningAreaName":null,"centroid":[11.558578,48.095462],"bounds":[11.55805,48.09518,11.55927,48.09566],"amenities":{},"sourceId":"parks"}},{"type":"Feature","id":"munich:osm:way:304498088","geometry":{"type":"Polygon","coordinates":[[[11.47368487,48.14935589],[11.47369372,48.14924009],[11.47377193,48.14928804],[11.47377636,48.14937308],[11.47368487,48.14935589]]]},"properties":{"id":"munich:osm:way:304498088","name":"Unbenannter Park 304498088","nameAddon":null,"objectNumber":"munich:osm:way:304498088","district":"München","locality":null,"type":"Park","areaM2":88.5,"areaHa":0.01,"designation":null,"dedicated":null,"builtYear":null,"renovatedYear":null,"planningAreaId":null,"planningAreaName":null,"centroid":[11.473729,48.149315],"bounds":[11.47368,48.14924,11.47378,48.14937],"amenities":{},"sourceId":"parks"}},{"type":"Feature","id":"munich:osm:way:305302565","geometry":{"type":"Polygon","coordinates":[[[11.5767729,48.11366926],[11.57679061,48.11321965],[11.57698982,48.11317804],[11.57728642,48.11340872],[11.57717132,48.11348562],[11.57723773,48.11354894],[11.57693965,48.11362584],[11.5767729,48.11366926]]]},"properties":{"id":"munich:osm:way:305302565","name":"Giesinger Grünspitz","nameAddon":null,"objectNumber":"munich:osm:way:305302565","district":"München","locality":null,"type":"Park","areaM2":1368.3,"areaHa":0.14,"designation":null,"dedicated":null,"builtYear":null,"renovatedYear":null,"planningAreaId":null,"planningAreaName":null,"centroid":[11.576979,48.113422],"bounds":[11.57677,48.11318,11.57729,48.11367],"amenities":{},"sourceId":"parks"}},{"type":"Feature","id":"munich:osm:way:306280930","geometry":{"type":"Polygon","coordinates":[[[11.49908796,48.13986249],[11.49911748,48.13970599],[11.49923848,48.13970961],[11.49920602,48.13985435],[11.49908796,48.13986249]]]},"properties":{"id":"munich:osm:way:306280930","name":"Unbenannter Park 306280930","nameAddon":null,"objectNumber":"munich:osm:way:306280930","district":"München","locality":null,"type":"Park","areaM2":148,"areaHa":0.01,"designation":null,"dedicated":null,"builtYear":null,"renovatedYear":null,"planningAreaId":null,"planningAreaName":null,"centroid":[11.499162,48.139783],"bounds":[11.49909,48.13971,11.49924,48.13986],"amenities":{},"sourceId":"parks"}},{"type":"Feature","id":"munich:osm:way:306390404","geometry":{"type":"Polygon","coordinates":[[[11.67131699,48.10953411],[11.6716313,48.10940384],[11.67253587,48.11011218],[11.67334304,48.11054369],[11.67320876,48.11075176],[11.67316892,48.11077348],[11.6720253,48.11012303],[11.67146603,48.10962276],[11.67140996,48.10962095],[11.67131699,48.10953411]]]},"properties":{"id":"munich:osm:way:306390404","name":"Unbenannter Park 306390404","nameAddon":null,"objectNumber":"munich:osm:way:306390404","district":"München","locality":null,"type":"Park","areaM2":5129.1,"areaHa":0.51,"designation":null,"dedicated":null,"builtYear":null,"renovatedYear":null,"planningAreaId":null,"planningAreaName":null,"centroid":[11.672328,48.110094],"bounds":[11.67132,48.1094,11.67334,48.11077],"amenities":{},"sourceId":"parks"}},{"type":"Feature","id":"munich:osm:way:306390405","geometry":{"type":"Polygon","coordinates":[[[11.66805583,48.10567306],[11.66811191,48.10557536],[11.66853984,48.10550479],[11.67019108,48.10748326],[11.67155752,48.10934775],[11.671286,48.10948797],[11.66896483,48.10651257],[11.66837752,48.10591551],[11.66810896,48.10572462],[11.66805583,48.10567306]]]},"properties":{"id":"munich:osm:way:306390405","name":"Unbenannter Park 306390405","nameAddon":null,"objectNumber":"munich:osm:way:306390405","district":"München","locality":null,"type":"Park","areaM2":14622,"areaHa":1.46,"designation":null,"dedicated":null,"builtYear":null,"renovatedYear":null,"planningAreaId":null,"planningAreaName":null,"centroid":[11.669843,48.10739],"bounds":[11.66806,48.1055,11.67156,48.10949],"amenities":{},"sourceId":"parks"}},{"type":"Feature","id":"munich:osm:way:307111527","geometry":{"type":"Polygon","coordinates":[[[11.48421944,48.14342953],[11.48497349,48.14333454],[11.48502514,48.14354532],[11.48426224,48.14359327],[11.48421944,48.14342953]]]},"properties":{"id":"munich:osm:way:307111527","name":"Unbenannter Park 307111527","nameAddon":null,"objectNumber":"munich:osm:way:307111527","district":"München","locality":null,"type":"Park","areaM2":1205.6,"areaHa":0.12,"designation":null,"dedicated":null,"builtYear":null,"renovatedYear":null,"planningAreaId":null,"planningAreaName":null,"centroid":[11.484636,48.143474],"bounds":[11.48422,48.14333,11.48503,48.14359],"amenities":{},"sourceId":"parks"}},{"type":"Feature","id":"munich:osm:way:307111528","geometry":{"type":"Polygon","coordinates":[[[11.48599906,48.14325041],[11.48641076,48.1431907],[11.486427,48.14322236],[11.48680771,48.14318708],[11.48685641,48.14335716],[11.48606104,48.14346571],[11.48599906,48.14325041]]]},"properties":{"id":"munich:osm:way:307111528","name":"Unbenannter Park 307111528","nameAddon":null,"objectNumber":"munich:osm:way:307111528","district":"München","locality":null,"type":"Park","areaM2":1355.6,"areaHa":0.14,"designation":null,"dedicated":null,"builtYear":null,"renovatedYear":null,"planningAreaId":null,"planningAreaName":null,"centroid":[11.48641,48.143314],"bounds":[11.486,48.14319,11.48686,48.14347],"amenities":{},"sourceId":"parks"}},{"type":"Feature","id":"munich:osm:way:307111529","geometry":{"type":"Polygon","coordinates":[[[11.48509597,48.14332821],[11.48587953,48.14327936],[11.48593413,48.1434829],[11.48514467,48.14353718],[11.48509597,48.14332821]]]},"properties":{"id":"munich:osm:way:307111529","name":"Unbenannter Park 307111529","nameAddon":null,"objectNumber":"munich:osm:way:307111529","district":"München","locality":null,"type":"Park","areaM2":1356.4,"areaHa":0.14,"designation":null,"dedicated":null,"builtYear":null,"renovatedYear":null,"planningAreaId":null,"planningAreaName":null,"centroid":[11.485512,48.143407],"bounds":[11.4851,48.14328,11.48593,48.14354],"amenities":{},"sourceId":"parks"}},{"type":"Feature","id":"munich:osm:way:307120580","geometry":{"type":"Polygon","coordinates":[[[11.4783892,48.14183101],[11.47844675,48.14160304],[11.4808358,48.14138683],[11.48071333,48.14051656],[11.48135375,48.14110367],[11.48146295,48.14150262],[11.4783892,48.14183101]]]},"properties":{"id":"munich:osm:way:307120580","name":"Unbenannter Park 307120580","nameAddon":null,"objectNumber":"munich:osm:way:307120580","district":"München","locality":null,"type":"Park","areaM2":7622.5,"areaHa":0.76,"designation":null,"dedicated":null,"builtYear":null,"renovatedYear":null,"planningAreaId":null,"planningAreaName":null,"centroid":[11.480261,48.141399],"bounds":[11.47839,48.14052,11.48146,48.14183],"amenities":{},"sourceId":"parks"}},{"type":"Feature","id":"munich:osm:way:31105075","geometry":{"type":"Polygon","coordinates":[[[11.44882037,48.16297539],[11.4491037,48.16301158],[11.44899155,48.16330378],[11.44882037,48.16297539]]]},"properties":{"id":"munich:osm:way:31105075","name":"Rüttenauerplatz","nameAddon":null,"objectNumber":"munich:osm:way:31105075","district":"München","locality":null,"type":"Park","areaM2":359.2,"areaHa":0.04,"designation":null,"dedicated":null,"builtYear":null,"renovatedYear":null,"planningAreaId":null,"planningAreaName":null,"centroid":[11.448972,48.163097],"bounds":[11.44882,48.16298,11.4491,48.1633],"amenities":{},"sourceId":"parks"}},{"type":"Feature","id":"munich:osm:way:31105509","geometry":{"type":"Polygon","coordinates":[[[11.46095454,48.15151529],[11.46100914,48.15144563],[11.46281384,48.1513425],[11.46294518,48.15143839],[11.46101357,48.15154695],[11.46095454,48.15151529]]]},"properties":{"id":"munich:osm:way:31105509","name":"Wensauerplatz","nameAddon":null,"objectNumber":"munich:osm:way:31105509","district":"München","locality":null,"type":"Park","areaM2":1621.8,"areaHa":0.16,"designation":null,"dedicated":null,"builtYear":null,"renovatedYear":null,"planningAreaId":null,"planningAreaName":null,"centroid":[11.461934,48.151445],"bounds":[11.46095,48.15134,11.46295,48.15155],"amenities":{},"sourceId":"parks"}},{"type":"Feature","id":"munich:osm:way:31136267","geometry":{"type":"Polygon","coordinates":[[[11.4534583,48.16417225],[11.45347749,48.16377872],[11.45504609,48.16387552],[11.45529252,48.16395332],[11.45411349,48.16445902],[11.45355422,48.16431789],[11.4534583,48.16417225]]]},"properties":{"id":"munich:osm:way:31136267","name":"Unbenannter Park 31136267","nameAddon":null,"objectNumber":"munich:osm:way:31136267","district":"München","locality":null,"type":"Park","areaM2":6347.8,"areaHa":0.63,"designation":null,"dedicated":null,"builtYear":null,"renovatedYear":null,"planningAreaId":null,"planningAreaName":null,"centroid":[11.454185,48.164075],"bounds":[11.45346,48.16378,11.45529,48.16446],"amenities":{},"sourceId":"parks"}},{"type":"Feature","id":"munich:osm:way:313409055","geometry":{"type":"Polygon","coordinates":[[[11.55319664,48.15497467],[11.553508,48.15473494],[11.55361129,48.15491315],[11.55358768,48.15502895],[11.55352423,48.15508323],[11.55334715,48.15506152],[11.55319664,48.15497467]]]},"properties":{"id":"munich:osm:way:313409055","name":"Unbenannter Park 313409055","nameAddon":null,"objectNumber":"munich:osm:way:313409055","district":"München","locality":null,"type":"Park","areaM2":680.4,"areaHa":0.07,"designation":null,"dedicated":null,"builtYear":null,"renovatedYear":null,"planningAreaId":null,"planningAreaName":null,"centroid":[11.55344,48.154938],"bounds":[11.5532,48.15473,11.55361,48.15508],"amenities":{},"sourceId":"parks"}},{"type":"Feature","id":"munich:osm:way:314648920","geometry":{"type":"Polygon","coordinates":[[[11.59277029,48.18628098],[11.59718097,48.18468066],[11.59695519,48.18441198],[11.59723114,48.18430161],[11.59781844,48.18480007],[11.59833196,48.18456939],[11.59870382,48.18487878],[11.59860348,48.1850588],[11.59860938,48.18532839],[11.59876432,48.18582142],[11.59280275,48.18643387],[11.59277029,48.18628098]]]},"properties":{"id":"munich:osm:way:314648920","name":"Domagkpark","nameAddon":null,"objectNumber":"munich:osm:way:314648920","district":"München","locality":null,"type":"Park","areaM2":42605.4,"areaHa":4.26,"designation":null,"dedicated":null,"builtYear":null,"renovatedYear":null,"planningAreaId":null,"planningAreaName":null,"centroid":[11.596422,48.185536],"bounds":[11.59277,48.1843,11.59876,48.18643],"amenities":{},"sourceId":"parks"}},{"type":"Feature","id":"munich:osm:way:31665367","geometry":{"type":"Polygon","coordinates":[[[11.5650224,48.18233762],[11.56509323,48.18154876],[11.56568791,48.18157319],[11.5656156,48.18236204],[11.5650224,48.18233762]]]},"properties":{"id":"munich:osm:way:31665367","name":"Grünanlage Hirschkäferweg","nameAddon":null,"objectNumber":"munich:osm:way:31665367","district":"München","locality":null,"type":"Park","areaM2":3892,"areaHa":0.39,"designation":null,"dedicated":null,"builtYear":null,"renovatedYear":null,"planningAreaId":null,"planningAreaName":null,"centroid":[11.565355,48.181955],"bounds":[11.56502,48.18155,11.56569,48.18236],"amenities":{},"sourceId":"parks"}},{"type":"Feature","id":"munich:osm:way:316710827","geometry":{"type":"Polygon","coordinates":[[[11.41287827,48.19831283],[11.41302436,48.19818075],[11.41317045,48.19816989],[11.41364708,48.19752035],[11.41458116,48.19764067],[11.41464461,48.19779718],[11.41422701,48.19854894],[11.41491908,48.19857789],[11.41527766,48.19851999],[11.41560525,48.19802244],[11.41593137,48.19770128],[11.41659688,48.19720011],[11.41578675,48.19722544],[11.4155477,48.19704722],[11.41562148,48.19686177],[11.41524224,48.1967713],[11.41536029,48.19648815],[11.41457821,48.19624932],[11.41482759,48.19590917],[11.41564214,48.195778],[11.41605532,48.19604125],[11.41607155,48.19613805],[11.41596826,48.19627013],[11.41591661,48.19671069],[11.41596826,48.19688258],[11.41614091,48.19693957],[11.41667214,48.19693957],[11.4171709,48.19671069],[11.41722993,48.196556],[11.41708531,48.19633888],[11.41710302,48.19621042],[11.41736273,48.19616248],[11.41759736,48.19605935],[11.41787183,48.19579519],[11.41800316,48.19548037],[11.41791757,48.19496562],[11.41909366,48.19323774],[11.41905824,48.19314637],[11.41722993,48.19304867],[11.41689643,48.19331645],[11.41661754,48.19326126],[11.41613353,48.19331102],[11.415772,48.1933065],[11.41517879,48.19300796],[11.41760179,48.19137959],[11.41823484,48.19165822],[11.41883985,48.1917514],[11.41895052,48.1917315],[11.42110938,48.19205084],[11.42085557,48.19216121],[11.4203391,48.1924896],[11.41978426,48.19295006],[11.41956143,48.19319703],[11.41823041,48.19563959],[11.41799431,48.19592455],[11.418316,48.19606477],[11.4177405,48.1964981],[11.41784822,48.19671883],[11.41740258,48.19719106],[11.41690234,48.19732405],[11.41689643,48.19746246],[11.4162442,48.19779446],[11.41625601,48.19791388],[11.415893,48.1981138],[11.41586054,48.1987362],[11.41525848,48.19872354],[11.41511977,48.19878325],[11.41506517,48.19890718],[11.41499876,48.19990501],[11.41511239,48.19999729],[11.41509763,48.20016917],[11.41525848,48.20017098],[11.41525405,48.20021078],[11.41737602,48.20032206],[11.41836617,48.20041885],[11.41887526,48.20036548],[11.41921466,48.20037362],[11.41987575,48.20018093],[11.42042911,48.20011941],[11.42087623,48.19996472],[11.42164799,48.19950697],[11.42178522,48.1991641],[11.4219741,48.19900941],[11.42194902,48.19884295],[11.42214528,48.19866021],[11.42201542,48.19861769],[11.4219741,48.19836258],[11.42209363,48.19837434],[11.42216298,48.19851728],[11.42228251,48.19860322],[11.42296425,48.19790754],[11.42308378,48.19829202],[11.42410345,48.20039352],[11.42426429,48.20052379],[11.42484569,48.20173421],[11.42625345,48.20431247],[11.42608523,48.20431156],[11.42535479,48.20432965],[11.41957619,48.20352994],[11.41899627,48.20262439],[11.41600662,48.20301339],[11.41411633,48.20272842],[11.41414585,48.20144473],[11.41400418,48.20144834],[11.41417831,48.20139859],[11.41428751,48.19860774],[11.414106,48.19852723],[11.41290041,48.19842048],[11.41287827,48.19831283]]]},"properties":{"id":"munich:osm:way:316710827","name":"Unbenannter Park 316710827","nameAddon":null,"objectNumber":"munich:osm:way:316710827","district":"München","locality":null,"type":"Park","areaM2":425189.7,"areaHa":42.52,"designation":null,"dedicated":null,"builtYear":null,"renovatedYear":null,"planningAreaId":null,"planningAreaName":null,"centroid":[11.419562,48.199973],"bounds":[11.41288,48.19138,11.42625,48.20433],"amenities":{},"sourceId":"parks"}},{"type":"Feature","id":"munich:osm:way:319152765","geometry":{"type":"Polygon","coordinates":[[[11.49890941,48.12733671],[11.49921339,48.12727158],[11.49970626,48.12723087],[11.49974462,48.12737923],[11.49900828,48.12760449],[11.49890941,48.12733671]]]},"properties":{"id":"munich:osm:way:319152765","name":"Unbenannter Park 319152765","nameAddon":null,"objectNumber":"munich:osm:way:319152765","district":"München","locality":null,"type":"Park","areaM2":1494.7,"areaHa":0.15,"designation":null,"dedicated":null,"builtYear":null,"renovatedYear":null,"planningAreaId":null,"planningAreaName":null,"centroid":[11.499303,48.127389],"bounds":[11.49891,48.12723,11.49974,48.1276],"amenities":{},"sourceId":"parks"}},{"type":"Feature","id":"munich:osm:way:319249800","geometry":{"type":"Polygon","coordinates":[[[11.54362861,48.15952054],[11.54363303,48.15933689],[11.54380273,48.1593387],[11.5437983,48.15952234],[11.54362861,48.15952054]]]},"properties":{"id":"munich:osm:way:319249800","name":"Unbenannter Park 319249800","nameAddon":null,"objectNumber":"munich:osm:way:319249800","district":"München","locality":null,"type":"Park","areaM2":256.6,"areaHa":0.03,"designation":null,"dedicated":null,"builtYear":null,"renovatedYear":null,"planningAreaId":null,"planningAreaName":null,"centroid":[11.543716,48.15943],"bounds":[11.54363,48.15934,11.5438,48.15952],"amenities":{},"sourceId":"parks"}},{"type":"Feature","id":"munich:osm:way:31956029","geometry":{"type":"Polygon","coordinates":[[[11.49536641,48.14340239],[11.49665169,48.14327393],[11.49670629,48.1435218],[11.49542101,48.14364936],[11.49536641,48.14340239]]]},"properties":{"id":"munich:osm:way:31956029","name":"Pronnerplatz","nameAddon":null,"objectNumber":"munich:osm:way:31956029","district":"München","locality":null,"type":"Park","areaM2":2688.2,"areaHa":0.27,"designation":null,"dedicated":null,"builtYear":null,"renovatedYear":null,"planningAreaId":null,"planningAreaName":null,"centroid":[11.496037,48.143462],"bounds":[11.49537,48.14327,11.49671,48.14365],"amenities":{},"sourceId":"parks"}},{"type":"Feature","id":"munich:osm:way:31961925","geometry":{"type":"Polygon","coordinates":[[[11.44399947,48.15816627],[11.44424295,48.15804867],[11.44458529,48.15819251],[11.44458529,48.15823141],[11.44421343,48.15845214],[11.44399947,48.15816627]]]},"properties":{"id":"munich:osm:way:31961925","name":"Robert-Stolz-Platz","nameAddon":null,"objectNumber":"munich:osm:way:31961925","district":"München","locality":null,"type":"Park","areaM2":1104.7,"areaHa":0.11,"designation":null,"dedicated":null,"builtYear":null,"renovatedYear":null,"planningAreaId":null,"planningAreaName":null,"centroid":[11.44428,48.158231],"bounds":[11.444,48.15805,11.44459,48.15845],"amenities":{},"sourceId":"parks"}},{"type":"Feature","id":"munich:osm:way:32008426","geometry":{"type":"MultiPolygon","coordinates":[[[[11.44255334,48.13395875],[11.44345643,48.13399765],[11.44315835,48.13406912],[11.44282486,48.13406369],[11.44257548,48.13399765],[11.44255334,48.13395875]]],[[[11.44587058,48.13387552],[11.44691975,48.1335987],[11.44683121,48.13382486],[11.44636934,48.13412068],[11.44587058,48.13387552]]],[[[11.44810912,48.13116881],[11.44811797,48.13115343],[11.44812535,48.13115886],[11.44810912,48.13116881]]],[[[11.44828914,48.13121042],[11.44832899,48.13119776],[11.44841457,48.13135517],[11.44828914,48.13121042]]],[[[11.44860788,48.1315768],[11.44866691,48.13159671],[11.44873184,48.13171974],[11.44860788,48.1315768]]],[[[11.45023551,48.13277456],[11.45064426,48.13264339],[11.45077264,48.13260268],[11.45023551,48.13277456]]]]},"properties":{"id":"munich:osm:way:32008426","name":"Paul-Diehl-Park","nameAddon":null,"objectNumber":"munich:osm:way:32008426","district":"München","locality":null,"type":"Park","areaM2":2591.5,"areaHa":0.26,"designation":null,"dedicated":null,"builtYear":null,"renovatedYear":null,"planningAreaId":null,"planningAreaName":null,"centroid":[11.44581,48.133837],"bounds":[11.44255,48.13115,11.45077,48.13412],"amenities":{},"sourceId":"parks"}},{"type":"Feature","id":"munich:osm:way:32035456","geometry":{"type":"Polygon","coordinates":[[[11.60164034,48.113055],[11.60185726,48.11302605],[11.60186759,48.11310566],[11.60192219,48.11312557],[11.60211402,48.11310114],[11.60217452,48.11313099],[11.6021701,48.11318708],[11.60202991,48.11320065],[11.60210812,48.11327755],[11.60219371,48.11324317],[11.60219223,48.11319522],[11.60249031,48.11319884],[11.60242538,48.1135797],[11.60234717,48.11352904],[11.60222322,48.11361498],[11.60213025,48.11358241],[11.60207418,48.11347747],[11.60197679,48.11348923],[11.60202548,48.11340782],[11.60193252,48.11332097],[11.601782,48.1133065],[11.6017097,48.11323955],[11.60164034,48.113055]]]},"properties":{"id":"munich:osm:way:32035456","name":"Unbenannter Park 32035456","nameAddon":null,"objectNumber":"munich:osm:way:32035456","district":"München","locality":null,"type":"Park","areaM2":2038.8,"areaHa":0.2,"designation":null,"dedicated":null,"builtYear":null,"renovatedYear":null,"planningAreaId":null,"planningAreaName":null,"centroid":[11.602109,48.113308],"bounds":[11.60164,48.11303,11.60249,48.11361],"amenities":{},"sourceId":"parks"}},{"type":"Feature","id":"munich:osm:way:32035462","geometry":{"type":"Polygon","coordinates":[[[11.60053509,48.11332368],[11.6005528,48.11318075],[11.60076676,48.1132097],[11.60142047,48.1135218],[11.60149573,48.11358694],[11.6014367,48.11365117],[11.60145589,48.1137742],[11.6015459,48.11384838],[11.60176577,48.11386105],[11.60185874,48.11383391],[11.6019576,48.11388095],[11.60209336,48.11380496],[11.60213616,48.11385924],[11.60231618,48.11386466],[11.6022424,48.11388547],[11.60223502,48.11410349],[11.60192514,48.11440745],[11.60163296,48.11422924],[11.60130685,48.11417767],[11.60119618,48.11402298],[11.60133489,48.11365659],[11.60127143,48.11361589],[11.6011401,48.11363217],[11.60111944,48.11356884],[11.60100139,48.11359146],[11.6008435,48.11371449],[11.60076824,48.11371449],[11.60088039,48.11353899],[11.60083317,48.11343676],[11.60072397,48.11339877],[11.60053509,48.11332368]]]},"properties":{"id":"munich:osm:way:32035462","name":"Unbenannter Park 32035462","nameAddon":null,"objectNumber":"munich:osm:way:32035462","district":"München","locality":null,"type":"Park","areaM2":5260.9,"areaHa":0.53,"designation":null,"dedicated":null,"builtYear":null,"renovatedYear":null,"planningAreaId":null,"planningAreaName":null,"centroid":[11.601491,48.113848],"bounds":[11.60054,48.11318,11.60232,48.11441],"amenities":{},"sourceId":"parks"}},{"type":"Feature","id":"munich:osm:way:320359623","geometry":{"type":"Polygon","coordinates":[[[11.62927608,48.16043333],[11.62927903,48.15991406],[11.63318357,48.15977022],[11.63389778,48.15971594],[11.63503992,48.15955853],[11.63545605,48.15945088],[11.6349322,48.15819884],[11.63567444,48.15805319],[11.63607139,48.15917767],[11.63876738,48.15893432],[11.63880132,48.15899674],[11.63889871,48.15938484],[11.63638718,48.15993758],[11.6293292,48.16128732],[11.62927608,48.16043333]]]},"properties":{"id":"munich:osm:way:320359623","name":"Unbenannter Park 320359623","nameAddon":null,"objectNumber":"munich:osm:way:320359623","district":"München","locality":null,"type":"Park","areaM2":73155.2,"areaHa":7.32,"designation":null,"dedicated":null,"builtYear":null,"renovatedYear":null,"planningAreaId":null,"planningAreaName":null,"centroid":[11.63358,48.15992],"bounds":[11.62928,48.15805,11.6389,48.16129],"amenities":{},"sourceId":"parks"}},{"type":"Feature","id":"munich:osm:way:321306214","geometry":{"type":"Polygon","coordinates":[[[11.54286865,48.16490411],[11.54347662,48.16452687],[11.54388979,48.16481997],[11.54358434,48.16499186],[11.54296752,48.16497286],[11.54286865,48.16490411]]]},"properties":{"id":"munich:osm:way:321306214","name":"Unbenannter Park 321306214","nameAddon":null,"objectNumber":"munich:osm:way:321306214","district":"München","locality":null,"type":"Park","areaM2":2168.9,"areaHa":0.22,"designation":null,"dedicated":null,"builtYear":null,"renovatedYear":null,"planningAreaId":null,"planningAreaName":null,"centroid":[11.543401,48.164811],"bounds":[11.54287,48.16453,11.54389,48.16499],"amenities":{},"sourceId":"parks"}},{"type":"Feature","id":"munich:osm:way:324201507","geometry":{"type":"Polygon","coordinates":[[[11.56460037,48.21212502],[11.5646712,48.21164556],[11.56519357,48.21167903],[11.56521571,48.21152434],[11.5654223,48.21153881],[11.56545919,48.21123213],[11.5657735,48.21125204],[11.56600222,48.20958477],[11.56633276,48.20960467],[11.56611732,48.21111272],[11.56648033,48.21113262],[11.56650984,48.21093722],[11.566712,48.21094536],[11.56672086,48.21086123],[11.56719601,48.21088837],[11.56726832,48.21037905],[11.56791907,48.21041885],[11.56783349,48.21104125],[11.56715617,48.21100235],[11.5671119,48.21130722],[11.56659985,48.21127556],[11.56654821,48.21161842],[11.5663549,48.21160575],[11.56634162,48.21169893],[11.56603469,48.21168627],[11.5659609,48.21221368],[11.56580006,48.21220463],[11.5658399,48.2118681],[11.5653677,48.21184277],[11.56533523,48.2120825],[11.5650829,48.21206713],[11.56507109,48.21215397],[11.56460037,48.21212502]]]},"properties":{"id":"munich:osm:way:324201507","name":"Unbenannter Park 324201507","nameAddon":null,"objectNumber":"munich:osm:way:324201507","district":"München","locality":null,"type":"Park","areaM2":18783.4,"areaHa":1.88,"designation":null,"dedicated":null,"builtYear":null,"renovatedYear":null,"planningAreaId":null,"planningAreaName":null,"centroid":[11.566218,48.211122],"bounds":[11.5646,48.20958,11.56792,48.21221],"amenities":{},"sourceId":"parks"}},{"type":"Feature","id":"munich:osm:way:326062284","geometry":{"type":"Polygon","coordinates":[[[11.63304929,48.08576986],[11.63306699,48.08564682],[11.63306847,48.08578705],[11.63304929,48.08576986]]]},"properties":{"id":"munich:osm:way:326062284","name":"Unbenannter Park 326062284","nameAddon":null,"objectNumber":"munich:osm:way:326062284","district":"München","locality":null,"type":"Park","areaM2":16.6,"areaHa":0,"designation":null,"dedicated":null,"builtYear":null,"renovatedYear":null,"planningAreaId":null,"planningAreaName":null,"centroid":[11.633062,48.085735],"bounds":[11.63305,48.08565,11.63307,48.08579],"amenities":{},"sourceId":"parks"}},{"type":"Feature","id":"munich:osm:way:327101828","geometry":{"type":"Polygon","coordinates":[[[11.5734837,48.1035417],[11.57385409,48.1034232],[11.57439565,48.10417677],[11.57402379,48.10429528],[11.5734837,48.1035417]]]},"properties":{"id":"munich:osm:way:327101828","name":"Unbenannter Park 327101828","nameAddon":null,"objectNumber":"munich:osm:way:327101828","district":"München","locality":null,"type":"Park","areaM2":2849.1,"areaHa":0.28,"designation":null,"dedicated":null,"builtYear":null,"renovatedYear":null,"planningAreaId":null,"planningAreaName":null,"centroid":[11.573939,48.103859],"bounds":[11.57348,48.10342,11.5744,48.1043],"amenities":{},"sourceId":"parks"}},{"type":"Feature","id":"munich:osm:way:327101829","geometry":{"type":"Polygon","coordinates":[[[11.57441631,48.10324227],[11.57478964,48.10312195],[11.57529283,48.10382124],[11.5749195,48.10394156],[11.57441631,48.10324227]]]},"properties":{"id":"munich:osm:way:327101829","name":"Unbenannter Park 327101829","nameAddon":null,"objectNumber":"munich:osm:way:327101829","district":"München","locality":null,"type":"Park","areaM2":2665.4,"areaHa":0.27,"designation":null,"dedicated":null,"builtYear":null,"renovatedYear":null,"planningAreaId":null,"planningAreaName":null,"centroid":[11.574855,48.103532],"bounds":[11.57442,48.10312,11.57529,48.10394],"amenities":{},"sourceId":"parks"}},{"type":"Feature","id":"munich:osm:way:328248146","geometry":{"type":"Polygon","coordinates":[[[11.51146709,48.10832911],[11.51162793,48.10818437],[11.51365988,48.10922019],[11.51349904,48.10936403],[11.51296486,48.10911073],[11.51298699,48.1090863],[11.5120662,48.10862584],[11.51146709,48.10832911]]]},"properties":{"id":"munich:osm:way:328248146","name":"Unbenannter Park 328248146","nameAddon":null,"objectNumber":"munich:osm:way:328248146","district":"München","locality":null,"type":"Park","areaM2":3693.3,"areaHa":0.37,"designation":null,"dedicated":null,"builtYear":null,"renovatedYear":null,"planningAreaId":null,"planningAreaName":null,"centroid":[11.512573,48.108777],"bounds":[11.51147,48.10818,11.51366,48.10936],"amenities":{},"sourceId":"parks"}},{"type":"Feature","id":"munich:osm:way:328248148","geometry":{"type":"Polygon","coordinates":[[[11.49890646,48.10083318],[11.49903189,48.10070925],[11.49924733,48.10062059],[11.49965904,48.10084313],[11.49991875,48.1006622],[11.50001909,48.1006423],[11.50003237,48.10071196],[11.50012386,48.10075176],[11.50027585,48.10075448],[11.50035554,48.10070563],[11.50035406,48.10060069],[11.50025667,48.10053193],[11.50051491,48.10036548],[11.50058426,48.10036548],[11.50059754,48.10066944],[11.50126453,48.10090917],[11.50128224,48.1013416],[11.50171755,48.10134069],[11.50242733,48.10044961],[11.50400626,48.10047132],[11.5042586,48.10031391],[11.50440026,48.10037543],[11.50386755,48.10068392],[11.50301464,48.1010313],[11.50164377,48.10145106],[11.50138996,48.1014782],[11.50070526,48.10145106],[11.50034226,48.10137416],[11.49908796,48.10092003],[11.49890646,48.10083318]]]},"properties":{"id":"munich:osm:way:328248148","name":"Unbenannter Park 328248148","nameAddon":null,"objectNumber":"munich:osm:way:328248148","district":"München","locality":null,"type":"Park","areaM2":20275.4,"areaHa":2.03,"designation":null,"dedicated":null,"builtYear":null,"renovatedYear":null,"planningAreaId":null,"planningAreaName":null,"centroid":[11.501499,48.100918],"bounds":[11.49891,48.10031,11.5044,48.10148],"amenities":{},"sourceId":"parks"}},{"type":"Feature","id":"munich:osm:way:33897758","geometry":{"type":"Polygon","coordinates":[[[11.66711438,48.11410892],[11.66807797,48.11378596],[11.66863871,48.11355437],[11.66940309,48.11314275],[11.67064558,48.11236023],[11.67089496,48.11228605],[11.67113106,48.11212593],[11.67129191,48.11194771],[11.67181281,48.11162656],[11.67262441,48.11120861],[11.6731335,48.11088294],[11.67357619,48.11121314],[11.67302873,48.11157771],[11.6727277,48.11138321],[11.66914485,48.11363036],[11.66800271,48.11411344],[11.66728112,48.11432151],[11.66711438,48.11410892]]]},"properties":{"id":"munich:osm:way:33897758","name":"Unbenannter Park 33897758","nameAddon":null,"objectNumber":"munich:osm:way:33897758","district":"München","locality":null,"type":"Park","areaM2":16881.5,"areaHa":1.69,"designation":null,"dedicated":null,"builtYear":null,"renovatedYear":null,"planningAreaId":null,"planningAreaName":null,"centroid":[11.670477,48.112618],"bounds":[11.66711,48.11088,11.67358,48.11432],"amenities":{},"sourceId":"parks"}},{"type":"Feature","id":"munich:osm:way:33897762","geometry":{"type":"Polygon","coordinates":[[[11.66217099,48.1056812],[11.66260778,48.10549213],[11.66417933,48.1052135],[11.66498651,48.10501538],[11.66500569,48.10490863],[11.6654838,48.10479917],[11.66552069,48.10473222],[11.66538788,48.10444816],[11.66608438,48.10427718],[11.66579073,48.10368826],[11.6660593,48.10345486],[11.66685614,48.10444364],[11.66594272,48.10483174],[11.66609914,48.10501267],[11.66515621,48.10539171],[11.6653687,48.10575357],[11.66442281,48.10611362],[11.66467662,48.10642935],[11.663685,48.10672155],[11.6638783,48.10698933],[11.66369532,48.10705536],[11.66344594,48.10675593],[11.66286306,48.10701285],[11.66249711,48.10632803],[11.66217099,48.1056812]]]},"properties":{"id":"munich:osm:way:33897762","name":"Unbenannter Park 33897762","nameAddon":null,"objectNumber":"munich:osm:way:33897762","district":"München","locality":null,"type":"Park","areaM2":40418,"areaHa":4.04,"designation":null,"dedicated":null,"builtYear":null,"renovatedYear":null,"planningAreaId":null,"planningAreaName":null,"centroid":[11.664293,48.105574],"bounds":[11.66217,48.10345,11.66686,48.10706],"amenities":{},"sourceId":"parks"}},{"type":"Feature","id":"munich:osm:way:34835201","geometry":{"type":"Polygon","coordinates":[[[11.53300697,48.16031029],[11.53302763,48.160019],[11.53412403,48.15995839],[11.53412107,48.16035281],[11.53300697,48.16031029]]]},"properties":{"id":"munich:osm:way:34835201","name":"Unbenannter Park 34835201","nameAddon":null,"objectNumber":"munich:osm:way:34835201","district":"München","locality":null,"type":"Park","areaM2":3139,"areaHa":0.31,"designation":null,"dedicated":null,"builtYear":null,"renovatedYear":null,"planningAreaId":null,"planningAreaName":null,"centroid":[11.533598,48.16016],"bounds":[11.53301,48.15996,11.53412,48.16035],"amenities":{},"sourceId":"parks"}},{"type":"Feature","id":"munich:osm:way:34879088","geometry":{"type":"Polygon","coordinates":[[[11.52479357,48.16451239],[11.52494408,48.16430975],[11.52812851,48.16519721],[11.52800898,48.16537905],[11.52479357,48.16451239]]]},"properties":{"id":"munich:osm:way:34879088","name":"Unbenannter Park 34879088","nameAddon":null,"objectNumber":"munich:osm:way:34879088","district":"München","locality":null,"type":"Park","areaM2":6082.6,"areaHa":0.61,"designation":null,"dedicated":null,"builtYear":null,"renovatedYear":null,"planningAreaId":null,"planningAreaName":null,"centroid":[11.526435,48.16484],"bounds":[11.52479,48.16431,11.52813,48.16538],"amenities":{},"sourceId":"parks"}},{"type":"Feature","id":"munich:osm:way:350100557","geometry":{"type":"Polygon","coordinates":[[[11.65088089,48.1614393],[11.65119815,48.16127194],[11.65158477,48.16124299],[11.65167626,48.16144744],[11.65149328,48.16159037],[11.65100189,48.16165008],[11.65090597,48.16156143],[11.65095024,48.16150262],[11.65088089,48.1614393]]]},"properties":{"id":"munich:osm:way:350100557","name":"Unbenannter Park 350100557","nameAddon":null,"objectNumber":"munich:osm:way:350100557","district":"München","locality":null,"type":"Park","areaM2":1857.8,"areaHa":0.19,"designation":null,"dedicated":null,"builtYear":null,"renovatedYear":null,"planningAreaId":null,"planningAreaName":null,"centroid":[11.651287,48.161447],"bounds":[11.65088,48.16124,11.65168,48.16165],"amenities":{},"sourceId":"parks"}},{"type":"Feature","id":"munich:osm:way:35143624","geometry":{"type":"Polygon","coordinates":[[[11.45774798,48.15177583],[11.46074795,48.15089741],[11.4608055,48.15097521],[11.45989651,48.15131084],[11.45959991,48.15146101],[11.45912032,48.15154424],[11.45860975,48.15178759],[11.45780996,48.15187715],[11.45774798,48.15177583]]]},"properties":{"id":"munich:osm:way:35143624","name":"Unbenannter Park 35143624","nameAddon":null,"objectNumber":"munich:osm:way:35143624","district":"München","locality":null,"type":"Park","areaM2":4321.2,"areaHa":0.43,"designation":null,"dedicated":null,"builtYear":null,"renovatedYear":null,"planningAreaId":null,"planningAreaName":null,"centroid":[11.459173,48.151453],"bounds":[11.45775,48.1509,11.46081,48.15188],"amenities":{},"sourceId":"parks"}},{"type":"Feature","id":"munich:osm:way:35152188","geometry":{"type":"Polygon","coordinates":[[[11.49012937,48.12493125],[11.49021201,48.12430975],[11.4903094,48.1242211],[11.49043925,48.12418582],[11.49111657,48.1242609],[11.49100295,48.1250769],[11.49047467,48.12497377],[11.49012937,48.12493125]]]},"properties":{"id":"munich:osm:way:35152188","name":"Unbenannter Park 35152188","nameAddon":null,"objectNumber":"munich:osm:way:35152188","district":"München","locality":null,"type":"Park","areaM2":5729.4,"areaHa":0.57,"designation":null,"dedicated":null,"builtYear":null,"renovatedYear":null,"planningAreaId":null,"planningAreaName":null,"centroid":[11.490631,48.124611],"bounds":[11.49013,48.12419,11.49112,48.12508],"amenities":{},"sourceId":"parks"}},{"type":"Feature","id":"munich:osm:way:35358758","geometry":{"type":"Polygon","coordinates":[[[11.4695339,48.16711236],[11.46967556,48.16620861],[11.46999872,48.16620318],[11.47003709,48.16624751],[11.46991904,48.16705989],[11.46984821,48.16711236],[11.4695339,48.16711236]]]},"properties":{"id":"munich:osm:way:35358758","name":"Unbenannter Park 35358758","nameAddon":null,"objectNumber":"munich:osm:way:35358758","district":"München","locality":null,"type":"Park","areaM2":2767,"areaHa":0.28,"designation":null,"dedicated":null,"builtYear":null,"renovatedYear":null,"planningAreaId":null,"planningAreaName":null,"centroid":[11.46979,48.16666],"bounds":[11.46953,48.1662,11.47004,48.16711],"amenities":{},"sourceId":"parks"}},{"type":"Feature","id":"munich:osm:way:35358759","geometry":{"type":"Polygon","coordinates":[[[11.46949406,48.16770852],[11.46952947,48.16717206],[11.46991756,48.16716935],[11.46987772,48.16771033],[11.46949406,48.16770852]]]},"properties":{"id":"munich:osm:way:35358759","name":"Unbenannter Park 35358759","nameAddon":null,"objectNumber":"munich:osm:way:35358759","district":"München","locality":null,"type":"Park","areaM2":1721,"areaHa":0.17,"designation":null,"dedicated":null,"builtYear":null,"renovatedYear":null,"planningAreaId":null,"planningAreaName":null,"centroid":[11.469705,48.16744],"bounds":[11.46949,48.16717,11.46992,48.16771],"amenities":{},"sourceId":"parks"}},{"type":"Feature","id":"munich:osm:way:35358761","geometry":{"type":"Polygon","coordinates":[[[11.46755949,48.16822417],[11.46760671,48.16818075],[11.46771149,48.16818165],[11.46772034,48.16822327],[11.4679225,48.16819884],[11.4680435,48.16955129],[11.46826042,48.17027501],[11.46789889,48.17028316],[11.46787233,48.17022526],[11.46758753,48.16882305],[11.46755949,48.16822417]]]},"properties":{"id":"munich:osm:way:35358761","name":"Unbenannter Park 35358761","nameAddon":null,"objectNumber":"munich:osm:way:35358761","district":"München","locality":null,"type":"Park","areaM2":6454.9,"areaHa":0.65,"designation":null,"dedicated":null,"builtYear":null,"renovatedYear":null,"planningAreaId":null,"planningAreaName":null,"centroid":[11.467861,48.169219],"bounds":[11.46756,48.16818,11.46826,48.17028],"amenities":{},"sourceId":"parks"}},{"type":"Feature","id":"munich:osm:way:35479826","geometry":{"type":"Polygon","coordinates":[[[11.58004439,48.15793468],[11.58028049,48.1579184],[11.58040592,48.15870816],[11.58016982,48.15872535],[11.58004439,48.15793468]]]},"properties":{"id":"munich:osm:way:35479826","name":"Habsburgerplatz","nameAddon":null,"objectNumber":"munich:osm:way:35479826","district":"München","locality":null,"type":"Park","areaM2":1566.2,"areaHa":0.16,"designation":null,"dedicated":null,"builtYear":null,"renovatedYear":null,"planningAreaId":null,"planningAreaName":null,"centroid":[11.580225,48.158322],"bounds":[11.58004,48.15792,11.58041,48.15873],"amenities":{},"sourceId":"parks"}},{"type":"Feature","id":"munich:osm:way:355742019","geometry":{"type":"Polygon","coordinates":[[[11.53819383,48.15878777],[11.538396,48.15878958],[11.53839304,48.15883572],[11.53877228,48.15889995],[11.53872506,48.15934503],[11.53822925,48.15936222],[11.53819678,48.15882848],[11.53819383,48.15878777]]]},"properties":{"id":"munich:osm:way:355742019","name":"Klostergarten St. Theresia","nameAddon":null,"objectNumber":"munich:osm:way:355742019","district":"München","locality":null,"type":"Park","areaM2":2216.7,"areaHa":0.22,"designation":null,"dedicated":null,"builtYear":null,"renovatedYear":null,"planningAreaId":null,"planningAreaName":null,"centroid":[11.538467,48.159089],"bounds":[11.53819,48.15879,11.53877,48.15936],"amenities":{},"sourceId":"parks"}},{"type":"Feature","id":"munich:osm:way:355742130","geometry":{"type":"Polygon","coordinates":[[[11.53829123,48.15921024],[11.53849781,48.15916682],[11.53849044,48.15932423],[11.53830451,48.15932965],[11.53829123,48.15921024]]]},"properties":{"id":"munich:osm:way:355742130","name":"Rosengarten","nameAddon":null,"objectNumber":"munich:osm:way:355742130","district":"München","locality":null,"type":"Park","areaM2":226.1,"areaHa":0.02,"designation":null,"dedicated":null,"builtYear":null,"renovatedYear":null,"planningAreaId":null,"planningAreaName":null,"centroid":[11.5384,48.159256],"bounds":[11.53829,48.15917,11.5385,48.15933],"amenities":{},"sourceId":"parks"}},{"type":"Feature","id":"munich:osm:way:355787092","geometry":{"type":"Polygon","coordinates":[[[11.67241339,48.12198028],[11.67257128,48.12191153],[11.67256686,48.12157228],[11.67271885,48.1215569],[11.6727882,48.12180659],[11.6734847,48.12174688],[11.6736603,48.12163651],[11.67374737,48.12172607],[11.67295347,48.12203456],[11.67301988,48.12210602],[11.67268343,48.12223901],[11.67241339,48.12198028]]]},"properties":{"id":"munich:osm:way:355787092","name":"Grünanlage an der Truderinger Straße","nameAddon":null,"objectNumber":"munich:osm:way:355787092","district":"München","locality":null,"type":"Park","areaM2":2606.1,"areaHa":0.26,"designation":null,"dedicated":null,"builtYear":null,"renovatedYear":null,"planningAreaId":null,"planningAreaName":null,"centroid":[11.672908,48.1219],"bounds":[11.67241,48.12156,11.67375,48.12224],"amenities":{},"sourceId":"parks"}},{"type":"Feature","id":"munich:osm:way:357546452","geometry":{"type":"Polygon","coordinates":[[[11.64034189,48.10205265],[11.64106347,48.10179483],[11.64106347,48.10165732],[11.64301722,48.1016546],[11.64327103,48.10161661],[11.64339941,48.10178668],[11.64290359,48.10189524],[11.64294048,48.1023729],[11.64254206,48.1031717],[11.64136745,48.10381581],[11.64047322,48.10384205],[11.64047174,48.10348471],[11.64071817,48.10328478],[11.64074326,48.10319341],[11.64067833,48.10310928],[11.64034631,48.10302244],[11.64034189,48.10205265]]]},"properties":{"id":"munich:osm:way:357546452","name":"Freizeitpark Wohnring Perlach","nameAddon":null,"objectNumber":"munich:osm:way:357546452","district":"München","locality":null,"type":"Park","areaM2":37566.2,"areaHa":3.76,"designation":null,"dedicated":null,"builtYear":null,"renovatedYear":null,"planningAreaId":null,"planningAreaName":null,"centroid":[11.641606,48.102617],"bounds":[11.64034,48.10162,11.6434,48.10384],"amenities":{},"sourceId":"parks"}},{"type":"Feature","id":"munich:osm:way:357807246","geometry":{"type":"Polygon","coordinates":[[[11.60261574,48.13875882],[11.60276035,48.13851185],[11.60463293,48.13799801],[11.60474508,48.13836801],[11.60416073,48.13843676],[11.60420352,48.13857246],[11.60391873,48.13860232],[11.60402497,48.13911344],[11.60378739,48.13918853],[11.60371804,48.1391632],[11.6035026,48.13920481],[11.60346718,48.1390275],[11.60343029,48.13903655],[11.60340668,48.13898227],[11.60349374,48.13896418],[11.60346571,48.13890447],[11.60339045,48.13891985],[11.6035026,48.13866564],[11.60320599,48.13863036],[11.6031145,48.13872354],[11.60293448,48.13872987],[11.60295956,48.13878958],[11.60280167,48.13882486],[11.602812,48.13885743],[11.60293743,48.13883391],[11.60315139,48.13932061],[11.60278986,48.13939027],[11.60261574,48.13875882]]]},"properties":{"id":"munich:osm:way:357807246","name":"Unbenannter Park 357807246","nameAddon":null,"objectNumber":"munich:osm:way:357807246","district":"München","locality":null,"type":"Park","areaM2":9596.2,"areaHa":0.96,"designation":null,"dedicated":null,"builtYear":null,"renovatedYear":null,"planningAreaId":null,"planningAreaName":null,"centroid":[11.603596,48.138648],"bounds":[11.60262,48.138,11.60475,48.13939],"amenities":{},"sourceId":"parks"}},{"type":"Feature","id":"munich:osm:way:35803805","geometry":{"type":"Polygon","coordinates":[[[11.46742521,48.16424009],[11.46749457,48.164203],[11.46789299,48.16420029],[11.46767164,48.1644364],[11.46742669,48.16453863],[11.46742521,48.16424009]]]},"properties":{"id":"munich:osm:way:35803805","name":"Unbenannter Park 35803805","nameAddon":null,"objectNumber":"munich:osm:way:35803805","district":"München","locality":null,"type":"Park","areaM2":861.8,"areaHa":0.09,"designation":null,"dedicated":null,"builtYear":null,"renovatedYear":null,"planningAreaId":null,"planningAreaName":null,"centroid":[11.467599,48.16433],"bounds":[11.46743,48.1642,11.46789,48.16454],"amenities":{},"sourceId":"parks"}},{"type":"Feature","id":"munich:osm:way:358235843","geometry":{"type":"Polygon","coordinates":[[[11.5559428,48.14819522],[11.55601216,48.14814999],[11.55656257,48.14806767],[11.55663192,48.1481319],[11.55648731,48.14814728],[11.55650945,48.14824136],[11.55668505,48.14822508],[11.55675735,48.14854442],[11.55665996,48.14855437],[11.55667619,48.14862674],[11.55660684,48.14863307],[11.55655962,48.14839877],[11.55611545,48.14845305],[11.5559428,48.14819522]]]},"properties":{"id":"munich:osm:way:358235843","name":"Unbenannter Park 358235843","nameAddon":null,"objectNumber":"munich:osm:way:358235843","district":"München","locality":null,"type":"Park","areaM2":1858.2,"areaHa":0.19,"designation":null,"dedicated":null,"builtYear":null,"renovatedYear":null,"planningAreaId":null,"planningAreaName":null,"centroid":[11.556375,48.1483],"bounds":[11.55594,48.14807,11.55676,48.14863],"amenities":{},"sourceId":"parks"}},{"type":"Feature","id":"munich:osm:way:359664869","geometry":{"type":"Polygon","coordinates":[[[11.54565171,48.13586394],[11.54623458,48.13582685],[11.54624491,48.13587208],[11.54604275,48.13586937],[11.54586567,48.13593722],[11.54588928,48.13613353],[11.54584944,48.13613714],[11.54600143,48.13711779],[11.54607521,48.13711417],[11.54607521,48.13735209],[11.54612686,48.13734757],[11.54622868,48.13775194],[11.54573582,48.13778994],[11.54567974,48.13686991],[11.54565171,48.13586394]]]},"properties":{"id":"munich:osm:way:359664869","name":"Unbenannter Park 359664869","nameAddon":null,"objectNumber":"munich:osm:way:359664869","district":"München","locality":null,"type":"Park","areaM2":5027.9,"areaHa":0.5,"designation":null,"dedicated":null,"builtYear":null,"renovatedYear":null,"planningAreaId":null,"planningAreaName":null,"centroid":[11.545865,48.136944],"bounds":[11.54565,48.13583,11.54624,48.13779],"amenities":{},"sourceId":"parks"}},{"type":"Feature","id":"munich:osm:way:360617744","geometry":{"type":"Polygon","coordinates":[[[11.54632607,48.1087742],[11.54705799,48.10891352],[11.54761873,48.10895513],[11.54761283,48.10902298],[11.54779581,48.10928985],[11.54788287,48.10963],[11.54774711,48.11002262],[11.54747117,48.11024335],[11.54739443,48.1102325],[11.54662858,48.10914058],[11.54634968,48.10883843],[11.54632607,48.1087742]]]},"properties":{"id":"munich:osm:way:360617744","name":"Unbenannter Park 360617744","nameAddon":null,"objectNumber":"munich:osm:way:360617744","district":"München","locality":null,"type":"Park","areaM2":9250.3,"areaHa":0.93,"designation":null,"dedicated":null,"builtYear":null,"renovatedYear":null,"planningAreaId":null,"planningAreaName":null,"centroid":[11.54727,48.109429],"bounds":[11.54633,48.10877,11.54788,48.11024],"amenities":{},"sourceId":"parks"}},{"type":"Feature","id":"munich:osm:way:361025558","geometry":{"type":"Polygon","coordinates":[[[11.48402613,48.0797087],[11.4841132,48.07931789],[11.48408516,48.07897594],[11.48445112,48.07888999],[11.48444817,48.07933418],[11.48454408,48.07933327],[11.48467689,48.08039081],[11.4851727,48.08038629],[11.4850576,48.08142844],[11.48511368,48.08146825],[11.48555342,48.08146553],[11.48551948,48.08186448],[11.48476838,48.08185906],[11.48476543,48.08150986],[11.4844762,48.08150172],[11.48441865,48.080408],[11.48402761,48.08041071],[11.48402613,48.08008413],[11.48402613,48.0797087]]]},"properties":{"id":"munich:osm:way:361025558","name":"Unbenannter Park 361025558","nameAddon":null,"objectNumber":"munich:osm:way:361025558","district":"München","locality":null,"type":"Park","areaM2":14949.9,"areaHa":1.49,"designation":null,"dedicated":null,"builtYear":null,"renovatedYear":null,"planningAreaId":null,"planningAreaName":null,"centroid":[11.484648,48.080555],"bounds":[11.48403,48.07889,11.48555,48.08186],"amenities":{},"sourceId":"parks"}},{"type":"Feature","id":"munich:osm:way:361115109","geometry":{"type":"Polygon","coordinates":[[[11.48618204,48.08673602],[11.48682394,48.08659942],[11.48717957,48.08664465],[11.48735665,48.08678306],[11.48740682,48.08693957],[11.48738616,48.08731138],[11.48730795,48.08743984],[11.48730648,48.08819251],[11.48684165,48.08800163],[11.48639601,48.08787045],[11.48651701,48.08780803],[11.4864329,48.08762348],[11.48657899,48.08744617],[11.48647864,48.08723539],[11.48618204,48.08673602]]]},"properties":{"id":"munich:osm:way:361115109","name":"Unbenannter Park 361115109","nameAddon":null,"objectNumber":"munich:osm:way:361115109","district":"München","locality":null,"type":"Park","areaM2":10634.2,"areaHa":1.06,"designation":null,"dedicated":null,"builtYear":null,"renovatedYear":null,"planningAreaId":null,"planningAreaName":null,"centroid":[11.486893,48.087298],"bounds":[11.48618,48.0866,11.48741,48.08819],"amenities":{},"sourceId":"parks"}},{"type":"Feature","id":"munich:osm:way:361115525","geometry":{"type":"Polygon","coordinates":[[[11.486427,48.08792202],[11.48658489,48.08802244],[11.48703643,48.08816899],[11.48677082,48.0882486],[11.48665277,48.08837434],[11.48673835,48.08852361],[11.48695085,48.08856975],[11.48707037,48.08881762],[11.48699364,48.08921476],[11.48704971,48.08940565],[11.48717957,48.08947711],[11.48720318,48.08954044],[11.48715744,48.08970689],[11.48729762,48.09092546],[11.487184,48.09146101],[11.48725335,48.09168898],[11.48711464,48.09183553],[11.48719285,48.09191967],[11.48736403,48.0919649],[11.48739501,48.0921015],[11.48733451,48.0922571],[11.48720023,48.09228786],[11.48685788,48.09206713],[11.48687854,48.09182106],[11.4866085,48.09133436],[11.48688887,48.09120318],[11.48659964,48.09069839],[11.48693757,48.09058712],[11.4866085,48.09000814],[11.48691691,48.08990954],[11.48659079,48.08933327],[11.48689035,48.08921838],[11.48651258,48.08843676],[11.486427,48.08792202]]]},"properties":{"id":"munich:osm:way:361115525","name":"Unbenannter Park 361115525","nameAddon":null,"objectNumber":"munich:osm:way:361115525","district":"München","locality":null,"type":"Park","areaM2":14253.9,"areaHa":1.43,"designation":null,"dedicated":null,"builtYear":null,"renovatedYear":null,"planningAreaId":null,"planningAreaName":null,"centroid":[11.486948,48.090305],"bounds":[11.48643,48.08792,11.4874,48.09229],"amenities":{},"sourceId":"parks"}},{"type":"Feature","id":"munich:osm:way:361130053","geometry":{"type":"Polygon","coordinates":[[[11.48639601,48.0863416],[11.48651848,48.08577619],[11.4867959,48.08545775],[11.4869051,48.08545413],[11.48694642,48.08549303],[11.48674721,48.0860693],[11.48684312,48.08614981],[11.48669999,48.08621585],[11.48639601,48.0863416]]]},"properties":{"id":"munich:osm:way:361130053","name":"Unbenannter Park 361130053","nameAddon":null,"objectNumber":"munich:osm:way:361130053","district":"München","locality":null,"type":"Park","areaM2":1957.2,"areaHa":0.2,"designation":null,"dedicated":null,"builtYear":null,"renovatedYear":null,"planningAreaId":null,"planningAreaName":null,"centroid":[11.486668,48.085899],"bounds":[11.4864,48.08545,11.48695,48.08634],"amenities":{},"sourceId":"parks"}},{"type":"Feature","id":"munich:osm:way:361134240","geometry":{"type":"Polygon","coordinates":[[[11.48355688,48.095389],[11.48356131,48.09526868],[11.48363509,48.09526868],[11.48362181,48.09518726],[11.48379151,48.09517822],[11.48381807,48.09527049],[11.48412943,48.09536819],[11.48406745,48.09538176],[11.48405712,48.09545775],[11.48412648,48.09547042],[11.48421354,48.09539895],[11.48428289,48.09542519],[11.48420026,48.09553193],[11.48402466,48.09549937],[11.48390956,48.09553012],[11.48355688,48.095389]]]},"properties":{"id":"munich:osm:way:361134240","name":"Unbenannter Park 361134240","nameAddon":null,"objectNumber":"munich:osm:way:361134240","district":"München","locality":null,"type":"Park","areaM2":1043.1,"areaHa":0.1,"designation":null,"dedicated":null,"builtYear":null,"renovatedYear":null,"planningAreaId":null,"planningAreaName":null,"centroid":[11.483854,48.095376],"bounds":[11.48356,48.09518,11.48428,48.09553],"amenities":{},"sourceId":"parks"}},{"type":"Feature","id":"munich:osm:way:361135297","geometry":{"type":"Polygon","coordinates":[[[11.486033,48.09561335],[11.48623369,48.09549937],[11.48700545,48.09565678],[11.48688149,48.0957391],[11.48667195,48.09579609],[11.48656128,48.09579428],[11.48628091,48.0956622],[11.48605809,48.09569296],[11.486033,48.09561335]]]},"properties":{"id":"munich:osm:way:361135297","name":"Unbenannter Park 361135297","nameAddon":null,"objectNumber":"munich:osm:way:361135297","district":"München","locality":null,"type":"Park","areaM2":1247.1,"areaHa":0.12,"designation":null,"dedicated":null,"builtYear":null,"renovatedYear":null,"planningAreaId":null,"planningAreaName":null,"centroid":[11.486502,48.095651],"bounds":[11.48603,48.0955,11.48701,48.0958],"amenities":{},"sourceId":"parks"}},{"type":"Feature","id":"munich:osm:way:361135300","geometry":{"type":"Polygon","coordinates":[[[11.48552391,48.09553646],[11.48570393,48.09550932],[11.4857423,48.09543695],[11.48581608,48.09543876],[11.48578214,48.09551656],[11.48585445,48.09558621],[11.48577771,48.09563687],[11.48559178,48.09568211],[11.48553719,48.09566401],[11.48554456,48.09558802],[11.48552391,48.09553646]]]},"properties":{"id":"munich:osm:way:361135300","name":"Unbenannter Park 361135300","nameAddon":null,"objectNumber":"munich:osm:way:361135300","district":"München","locality":null,"type":"Park","areaM2":401.2,"areaHa":0.04,"designation":null,"dedicated":null,"builtYear":null,"renovatedYear":null,"planningAreaId":null,"planningAreaName":null,"centroid":[11.485685,48.095575],"bounds":[11.48552,48.09544,11.48585,48.09568],"amenities":{},"sourceId":"parks"}},{"type":"Feature","id":"munich:osm:way:361266929","geometry":{"type":"Polygon","coordinates":[[[11.48934138,48.08995296],[11.48948304,48.08985616],[11.48968225,48.09000543],[11.48935466,48.09015108],[11.48934138,48.08995296]]]},"properties":{"id":"munich:osm:way:361266929","name":"Unbenannter Park 361266929","nameAddon":null,"objectNumber":"munich:osm:way:361266929","district":"München","locality":null,"type":"Park","areaM2":441.9,"areaHa":0.04,"designation":null,"dedicated":null,"builtYear":null,"renovatedYear":null,"planningAreaId":null,"planningAreaName":null,"centroid":[11.489476,48.089999],"bounds":[11.48934,48.08986,11.48968,48.09015],"amenities":{},"sourceId":"parks"}},{"type":"Feature","id":"munich:osm:way:361266930","geometry":{"type":"Polygon","coordinates":[[[11.48820957,48.09365298],[11.48833057,48.09237742],[11.48844567,48.09226343],[11.48843829,48.09221458],[11.48821547,48.09218563],[11.4882258,48.09182377],[11.48833499,48.09146734],[11.48855486,48.09137869],[11.48861979,48.09121494],[11.48855486,48.09114257],[11.48843386,48.09110639],[11.48837484,48.09064773],[11.48908314,48.09031663],[11.48886475,48.09246336],[11.48873637,48.09243894],[11.48859323,48.09253935],[11.48863455,48.09303329],[11.4885165,48.09304234],[11.48844862,48.09311561],[11.48851797,48.09317713],[11.48864193,48.09319613],[11.48866406,48.09325764],[11.48849436,48.09327574],[11.4885106,48.09347747],[11.48866554,48.09358694],[11.48845452,48.09374796],[11.48820957,48.09365298]]]},"properties":{"id":"munich:osm:way:361266930","name":"Unbenannter Park 361266930","nameAddon":null,"objectNumber":"munich:osm:way:361266930","district":"München","locality":null,"type":"Park","areaM2":12785.5,"areaHa":1.28,"designation":null,"dedicated":null,"builtYear":null,"renovatedYear":null,"planningAreaId":null,"planningAreaName":null,"centroid":[11.488609,48.09187],"bounds":[11.48821,48.09032,11.48908,48.09375],"amenities":{},"sourceId":"parks"}},{"type":"Feature","id":"munich:osm:way:361266931","geometry":{"type":"Polygon","coordinates":[[[11.48832319,48.09410621],[11.48874227,48.09398679],[11.48884114,48.09418401],[11.48876588,48.09420572],[11.48865078,48.09435589],[11.48854158,48.09442374],[11.48841615,48.09443098],[11.48836156,48.09429709],[11.48832319,48.09410621]]]},"properties":{"id":"munich:osm:way:361266931","name":"Unbenannter Park 361266931","nameAddon":null,"objectNumber":"munich:osm:way:361266931","district":"München","locality":null,"type":"Park","areaM2":1182.9,"areaHa":0.12,"designation":null,"dedicated":null,"builtYear":null,"renovatedYear":null,"planningAreaId":null,"planningAreaName":null,"centroid":[11.488563,48.094204],"bounds":[11.48832,48.09399,11.48884,48.09443],"amenities":{},"sourceId":"parks"}},{"type":"Feature","id":"munich:osm:way:361269241","geometry":{"type":"Polygon","coordinates":[[[11.48883376,48.09512575],[11.48890311,48.09491134],[11.48905511,48.09488601],[11.48912741,48.09497377],[11.48905363,48.09513841],[11.48910675,48.09518003],[11.48924989,48.09518183],[11.48935466,48.09510494],[11.48945943,48.09511399],[11.48950517,48.0951746],[11.48910085,48.09537543],[11.48894148,48.09525873],[11.48883376,48.09512575]]]},"properties":{"id":"munich:osm:way:361269241","name":"Unbenannter Park 361269241","nameAddon":null,"objectNumber":"munich:osm:way:361269241","district":"München","locality":null,"type":"Park","areaM2":1188.1,"areaHa":0.12,"designation":null,"dedicated":null,"builtYear":null,"renovatedYear":null,"planningAreaId":null,"planningAreaName":null,"centroid":[11.489095,48.095144],"bounds":[11.48883,48.09489,11.48951,48.09538],"amenities":{},"sourceId":"parks"}},{"type":"Feature","id":"munich:osm:way:361269242","geometry":{"type":"Polygon","coordinates":[[[11.49109444,48.09656504],[11.49113723,48.09651891],[11.49142793,48.09655419],[11.49144269,48.09662294],[11.49156812,48.09670617],[11.49187357,48.09680206],[11.49194736,48.09691243],[11.49186472,48.09694047],[11.49169945,48.09689796],[11.49144416,48.09671703],[11.49109444,48.09656504]]]},"properties":{"id":"munich:osm:way:361269242","name":"Unbenannter Park 361269242","nameAddon":null,"objectNumber":"munich:osm:way:361269242","district":"München","locality":null,"type":"Park","areaM2":772.3,"areaHa":0.08,"designation":null,"dedicated":null,"builtYear":null,"renovatedYear":null,"planningAreaId":null,"planningAreaName":null,"centroid":[11.491549,48.096729],"bounds":[11.49109,48.09652,11.49195,48.09694],"amenities":{},"sourceId":"parks"}},{"type":"Feature","id":"munich:osm:way:361269243","geometry":{"type":"Polygon","coordinates":[[[11.48986966,48.09582323],[11.49001279,48.09578885],[11.49016183,48.09585399],[11.49048943,48.09613986],[11.49035514,48.096167],[11.48989179,48.0959146],[11.48986966,48.09582323]]]},"properties":{"id":"munich:osm:way:361269243","name":"Unbenannter Park 361269243","nameAddon":null,"objectNumber":"munich:osm:way:361269243","district":"München","locality":null,"type":"Park","areaM2":776,"areaHa":0.08,"designation":null,"dedicated":null,"builtYear":null,"renovatedYear":null,"planningAreaId":null,"planningAreaName":null,"centroid":[11.490155,48.095969],"bounds":[11.48987,48.09579,11.49049,48.09617],"amenities":{},"sourceId":"parks"}},{"type":"Feature","id":"munich:osm:way:3618206","geometry":{"type":"Polygon","coordinates":[[[11.64587553,48.12328026],[11.64625034,48.12314456],[11.64722869,48.12432513],[11.64728328,48.12445178],[11.64721836,48.12479193],[11.64681846,48.12475846],[11.64682879,48.12449159],[11.6462828,48.12380043],[11.64587553,48.12328026]]]},"properties":{"id":"munich:osm:way:3618206","name":"Unbenannter Park 3618206","nameAddon":null,"objectNumber":"munich:osm:way:3618206","district":"München","locality":null,"type":"Park","areaM2":6400.6,"areaHa":0.64,"designation":null,"dedicated":null,"builtYear":null,"renovatedYear":null,"planningAreaId":null,"planningAreaName":null,"centroid":[11.646658,48.123978],"bounds":[11.64588,48.12314,11.64728,48.12479],"amenities":{},"sourceId":"parks"}},{"type":"Feature","id":"munich:osm:way:3618801","geometry":{"type":"Polygon","coordinates":[[[11.65091926,48.11875882],[11.65364771,48.11781256],[11.65379527,48.11799349],[11.65376281,48.11803329],[11.65374215,48.11800796],[11.65366689,48.11803329],[11.6536846,48.11805862],[11.65170725,48.11871811],[11.65178988,48.11888547],[11.65173086,48.11890809],[11.65176627,48.11896146],[11.65115831,48.11911616],[11.65091926,48.11875882]]]},"properties":{"id":"munich:osm:way:3618801","name":"Unbenannter Park 3618801","nameAddon":null,"objectNumber":"munich:osm:way:3618801","district":"München","locality":null,"type":"Park","areaM2":6619.7,"areaHa":0.66,"designation":null,"dedicated":null,"builtYear":null,"renovatedYear":null,"planningAreaId":null,"planningAreaName":null,"centroid":[11.652205,48.118476],"bounds":[11.65092,48.11781,11.6538,48.11912],"amenities":{},"sourceId":"parks"}},{"type":"Feature","id":"munich:osm:way:3618802","geometry":{"type":"Polygon","coordinates":[[[11.64989664,48.11954858],[11.651843,48.11903022],[11.65195073,48.11917405],[11.65078055,48.1195911],[11.65007814,48.11979555],[11.64989664,48.11954858]]]},"properties":{"id":"munich:osm:way:3618802","name":"Unbenannter Park 3618802","nameAddon":null,"objectNumber":"munich:osm:way:3618802","district":"München","locality":null,"type":"Park","areaM2":4055.3,"areaHa":0.41,"designation":null,"dedicated":null,"builtYear":null,"renovatedYear":null,"planningAreaId":null,"planningAreaName":null,"centroid":[11.650863,48.119418],"bounds":[11.6499,48.11903,11.65195,48.1198],"amenities":{},"sourceId":"parks"}},{"type":"Feature","id":"munich:osm:way:361970243","geometry":{"type":"Polygon","coordinates":[[[11.50342486,48.17478107],[11.50498166,48.17493939],[11.50488427,48.17552922],[11.50528417,48.17556993],[11.50526646,48.1756622],[11.50541402,48.17567668],[11.5053609,48.17589832],[11.50651928,48.17601954],[11.50657387,48.17580062],[11.50687048,48.17580785],[11.50691475,48.17584223],[11.50669488,48.17625837],[11.50602641,48.17613714],[11.50573276,48.17674326],[11.50570915,48.17667993],[11.50584934,48.17638683],[11.50491821,48.17578885],[11.50448142,48.17540981],[11.50428811,48.17515379],[11.50461865,48.17518455],[11.50453454,48.17502171],[11.5043796,48.17492763],[11.50345142,48.17482812],[11.50342486,48.17478107]]]},"properties":{"id":"munich:osm:way:361970243","name":"Grünanlage an der Vilniusstraße","nameAddon":null,"objectNumber":"munich:osm:way:361970243","district":"München","locality":null,"type":"Park","areaM2":8103.3,"areaHa":0.81,"designation":null,"dedicated":null,"builtYear":null,"renovatedYear":null,"planningAreaId":null,"planningAreaName":null,"centroid":[11.505386,48.175701],"bounds":[11.50342,48.17478,11.50691,48.17674],"amenities":{},"sourceId":"parks"}},{"type":"Feature","id":"munich:osm:way:363813006","geometry":{"type":"Polygon","coordinates":[[[11.67442173,48.12006785],[11.67477441,48.11984802],[11.67444387,48.11962005],[11.67497657,48.11962005],[11.67500018,48.12000452],[11.67632088,48.12000905],[11.67598738,48.12004433],[11.67568635,48.12012665],[11.67476261,48.12051475],[11.67459438,48.12036729],[11.67471834,48.1202922],[11.67465931,48.12024426],[11.67442173,48.12006785]]]},"properties":{"id":"munich:osm:way:363813006","name":"Grünanlage an der Michael-Seidl-Straße","nameAddon":null,"objectNumber":"munich:osm:way:363813006","district":"München","locality":null,"type":"Park","areaM2":4482.6,"areaHa":0.45,"designation":null,"dedicated":null,"builtYear":null,"renovatedYear":null,"planningAreaId":null,"planningAreaName":null,"centroid":[11.675012,48.120078],"bounds":[11.67442,48.11962,11.67632,48.12051],"amenities":{},"sourceId":"parks"}},{"type":"Feature","id":"munich:osm:way:363825930","geometry":{"type":"Polygon","coordinates":[[[11.61489009,48.11553827],[11.61496978,48.11520716],[11.61602781,48.11518545],[11.61601305,48.11493487],[11.61674792,48.11485978],[11.61678628,48.11491858],[11.61652805,48.11497648],[11.61657822,48.11504704],[11.61734112,48.11506966],[11.61745032,48.1152913],[11.61724964,48.11537453],[11.61632441,48.11551656],[11.61538295,48.11558169],[11.61499929,48.11556993],[11.61489009,48.11553827]]]},"properties":{"id":"munich:osm:way:363825930","name":"Unbenannter Park 363825930","nameAddon":null,"objectNumber":"munich:osm:way:363825930","district":"München","locality":null,"type":"Park","areaM2":8685.4,"areaHa":0.87,"designation":null,"dedicated":null,"builtYear":null,"renovatedYear":null,"planningAreaId":null,"planningAreaName":null,"centroid":[11.616167,48.115281],"bounds":[11.61489,48.11486,11.61745,48.11558],"amenities":{},"sourceId":"parks"}},{"type":"Feature","id":"munich:osm:way:36498140","geometry":{"type":"Polygon","coordinates":[[[11.55835252,48.09586756],[11.55911395,48.09589018],[11.55952712,48.09585942],[11.56057483,48.09779265],[11.56139528,48.09902479],[11.56266138,48.10036729],[11.56251529,48.10043966],[11.56366776,48.10163108],[11.56464316,48.10247422],[11.56534704,48.10205717],[11.5656525,48.10232857],[11.56510208,48.10257102],[11.56534261,48.10281437],[11.56535884,48.10289669],[11.56648033,48.10401665],[11.56621029,48.10420391],[11.56636966,48.10439388],[11.56663675,48.10438393],[11.5684444,48.10612629],[11.56855803,48.10608015],[11.56949358,48.10701556],[11.5692619,48.10711959],[11.56985954,48.1077049],[11.57007055,48.10761353],[11.57079067,48.10835082],[11.57062834,48.10841958],[11.57091314,48.10865298],[11.57159341,48.10899222],[11.57241091,48.10951511],[11.57251864,48.10971594],[11.57274884,48.11058079],[11.57295838,48.11081238],[11.57266472,48.11088656],[11.57237845,48.11075448],[11.57231057,48.1105066],[11.57228401,48.1098064],[11.57218219,48.10954315],[11.57164949,48.10916229],[11.5707036,48.10861769],[11.56915566,48.10715488],[11.56904794,48.10711598],[11.56825257,48.10640944],[11.56736128,48.10538176],[11.56702779,48.10505609],[11.56651869,48.10471684],[11.56627226,48.10447259],[11.56541049,48.10323955],[11.56390682,48.10216392],[11.56296536,48.10122671],[11.56106621,48.09914692],[11.56042579,48.09830016],[11.55977946,48.09726434],[11.5591833,48.09676497],[11.55895605,48.09642844],[11.55835252,48.09586756]]]},"properties":{"id":"munich:osm:way:36498140","name":"Unbenannter Park 36498140","nameAddon":null,"objectNumber":"munich:osm:way:36498140","district":"München","locality":null,"type":"Park","areaM2":53796.6,"areaHa":5.38,"designation":null,"dedicated":null,"builtYear":null,"renovatedYear":null,"planningAreaId":null,"planningAreaName":null,"centroid":[11.564648,48.102297],"bounds":[11.55835,48.09586,11.57296,48.11089],"amenities":{},"sourceId":"parks"}},{"type":"Feature","id":"munich:osm:way:3661718","geometry":{"type":"Polygon","coordinates":[[[11.70162511,48.10584947],[11.70228767,48.10512936],[11.70370428,48.10368826],[11.70376478,48.10367378],[11.70449818,48.10399132],[11.70450408,48.1040465],[11.70248541,48.10623756],[11.70244704,48.10625746],[11.70162954,48.10590103],[11.70162511,48.10584947]]]},"properties":{"id":"munich:osm:way:3661718","name":"Heuluss","nameAddon":null,"objectNumber":"munich:osm:way:3661718","district":"München","locality":null,"type":"Park","areaM2":22235.8,"areaHa":2.22,"designation":null,"dedicated":null,"builtYear":null,"renovatedYear":null,"planningAreaId":null,"planningAreaName":null,"centroid":[11.703061,48.104968],"bounds":[11.70163,48.10367,11.7045,48.10626],"amenities":{},"sourceId":"parks"}},{"type":"Feature","id":"munich:osm:way:3661746","geometry":{"type":"Polygon","coordinates":[[[11.70380758,48.10358965],[11.70398318,48.10332278],[11.70520353,48.10199294],[11.70527879,48.10197395],[11.70611252,48.10229691],[11.70467968,48.10388999],[11.70457343,48.10392709],[11.70380758,48.10358965]]]},"properties":{"id":"munich:osm:way:3661746","name":"Heuluss","nameAddon":null,"objectNumber":"munich:osm:way:3661746","district":"München","locality":null,"type":"Park","areaM2":16376,"areaHa":1.64,"designation":null,"dedicated":null,"builtYear":null,"renovatedYear":null,"planningAreaId":null,"planningAreaName":null,"centroid":[11.704936,48.102944],"bounds":[11.70381,48.10197,11.70611,48.10393],"amenities":{},"sourceId":"parks"}},{"type":"Feature","id":"munich:osm:way:36712585","geometry":{"type":"Polygon","coordinates":[[[11.57123336,48.0983463],[11.57141338,48.09785327],[11.57324465,48.09839334],[11.57315759,48.09851276],[11.57476751,48.09927628],[11.57591555,48.10013117],[11.57656336,48.10050479],[11.57668436,48.10050118],[11.5768998,48.10062783],[11.57692784,48.10081509],[11.57915753,48.10277547],[11.58000602,48.10341324],[11.58058447,48.10368735],[11.58155987,48.10400398],[11.58140493,48.10431518],[11.58143887,48.10438665],[11.58175613,48.1045522],[11.58176793,48.10459924],[11.58129278,48.10530668],[11.5810493,48.10554279],[11.58040444,48.10500905],[11.58045757,48.104981],[11.58036903,48.10488692],[11.58032181,48.10490682],[11.5787901,48.10334811],[11.57914572,48.10318165],[11.57876206,48.10285508],[11.57883584,48.10281527],[11.5783297,48.1023928],[11.57788258,48.10254388],[11.57706065,48.10191605],[11.57753138,48.10170798],[11.57551861,48.10031844],[11.57487375,48.09979103],[11.57467749,48.09984259],[11.57419349,48.09951873],[11.57339812,48.09981636],[11.57323727,48.09983535],[11.57310446,48.0997865],[11.57324908,48.09976298],[11.57352945,48.09963452],[11.57377293,48.09932423],[11.57360471,48.09924552],[11.57371833,48.09910078],[11.57187673,48.0984042],[11.57123336,48.0983463]]]},"properties":{"id":"munich:osm:way:36712585","name":"Unbenannter Park 36712585","nameAddon":null,"objectNumber":"munich:osm:way:36712585","district":"München","locality":null,"type":"Park","areaM2":60799.7,"areaHa":6.08,"designation":null,"dedicated":null,"builtYear":null,"renovatedYear":null,"planningAreaId":null,"planningAreaName":null,"centroid":[11.577529,48.101929],"bounds":[11.57123,48.09785,11.58177,48.10554],"amenities":{},"sourceId":"parks"}},{"type":"Feature","id":"munich:osm:way:36856982","geometry":{"type":"Polygon","coordinates":[[[11.46831059,48.14852633],[11.46873705,48.1484232],[11.4690735,48.14909354],[11.46858064,48.14908269],[11.46856588,48.14896146],[11.46831059,48.14852633]]]},"properties":{"id":"munich:osm:way:36856982","name":"Georg-Deschler-Platz","nameAddon":null,"objectNumber":"munich:osm:way:36856982","district":"München","locality":null,"type":"Park","areaM2":2350.3,"areaHa":0.24,"designation":null,"dedicated":null,"builtYear":null,"renovatedYear":null,"planningAreaId":null,"planningAreaName":null,"centroid":[11.468692,48.148779],"bounds":[11.46831,48.14842,11.46907,48.14909],"amenities":{},"sourceId":"parks"}},{"type":"Feature","id":"munich:osm:way:3689513","geometry":{"type":"Polygon","coordinates":[[[11.64558483,48.1206423],[11.64760645,48.12014474],[11.64965021,48.11954768],[11.64988778,48.1198643],[11.64744265,48.12055093],[11.64583568,48.1209345],[11.64569993,48.12069387],[11.64563942,48.12071015],[11.64558483,48.1206423]]]},"properties":{"id":"munich:osm:way:3689513","name":"Unbenannter Park 3689513","nameAddon":null,"objectNumber":"munich:osm:way:3689513","district":"München","locality":null,"type":"Park","areaM2":12428.8,"areaHa":1.24,"designation":null,"dedicated":null,"builtYear":null,"renovatedYear":null,"planningAreaId":null,"planningAreaName":null,"centroid":[11.647777,48.120259],"bounds":[11.64558,48.11955,11.64989,48.12093],"amenities":{},"sourceId":"parks"}},{"type":"Feature","id":"munich:osm:way:3689518","geometry":{"type":"Polygon","coordinates":[[[11.64225579,48.12130722],[11.64535315,48.12066582],[11.64562319,48.12097883],[11.64460058,48.12118781],[11.64241958,48.12159852],[11.64225579,48.12130722]]]},"properties":{"id":"munich:osm:way:3689518","name":"Unbenannter Park 3689518","nameAddon":null,"objectNumber":"munich:osm:way:3689518","district":"München","locality":null,"type":"Park","areaM2":9109.9,"areaHa":0.91,"designation":null,"dedicated":null,"builtYear":null,"renovatedYear":null,"planningAreaId":null,"planningAreaName":null,"centroid":[11.64395,48.121134],"bounds":[11.64226,48.12067,11.64562,48.1216],"amenities":{},"sourceId":"parks"}},{"type":"Feature","id":"munich:osm:way:370086864","geometry":{"type":"Polygon","coordinates":[[[11.57280196,48.12404288],[11.57281376,48.1240076],[11.57302183,48.12389542],[11.57313988,48.12395242],[11.57333762,48.1239298],[11.57334794,48.12396237],[11.57313103,48.12405012],[11.57290525,48.12408811],[11.57280196,48.12404288]]]},"properties":{"id":"munich:osm:way:370086864","name":"Unbenannter Park 370086864","nameAddon":null,"objectNumber":"munich:osm:way:370086864","district":"München","locality":null,"type":"Park","areaM2":450.1,"areaHa":0.05,"designation":null,"dedicated":null,"builtYear":null,"renovatedYear":null,"planningAreaId":null,"planningAreaName":null,"centroid":[11.573046,48.123996],"bounds":[11.5728,48.1239,11.57335,48.12409],"amenities":{},"sourceId":"parks"}},{"type":"Feature","id":"munich:osm:way:371699638","geometry":{"type":"Polygon","coordinates":[[[11.48256673,48.07826669],[11.48373248,48.07777999],[11.48445849,48.07872173],[11.48405417,48.07878415],[11.48373543,48.07832368],[11.48311271,48.07831192],[11.48256673,48.07826669]]]},"properties":{"id":"munich:osm:way:371699638","name":"Unbenannter Park 371699638","nameAddon":null,"objectNumber":"munich:osm:way:371699638","district":"München","locality":null,"type":"Park","areaM2":5193.7,"areaHa":0.52,"designation":null,"dedicated":null,"builtYear":null,"renovatedYear":null,"planningAreaId":null,"planningAreaName":null,"centroid":[11.483659,48.078254],"bounds":[11.48257,48.07778,11.48446,48.07878],"amenities":{},"sourceId":"parks"}},{"type":"Feature","id":"munich:osm:way:37216977","geometry":{"type":"Polygon","coordinates":[[[11.53640831,48.15374887],[11.53672262,48.15384386],[11.53674918,48.15417225],[11.53643487,48.15417858],[11.53643192,48.15409716],[11.53640831,48.15374887]]]},"properties":{"id":"munich:osm:way:37216977","name":"Unbenannter Park 37216977","nameAddon":null,"objectNumber":"munich:osm:way:37216977","district":"München","locality":null,"type":"Park","areaM2":972.7,"areaHa":0.1,"designation":null,"dedicated":null,"builtYear":null,"renovatedYear":null,"planningAreaId":null,"planningAreaName":null,"centroid":[11.536572,48.153986],"bounds":[11.53641,48.15375,11.53675,48.15418],"amenities":{},"sourceId":"parks"}},{"type":"Feature","id":"munich:osm:way:37426443","geometry":{"type":"Polygon","coordinates":[[[11.52755301,48.09520174],[11.53130703,48.09514655],[11.53137344,48.09529492],[11.52918359,48.09530487],[11.52759285,48.09532025],[11.52755301,48.09520174]]]},"properties":{"id":"munich:osm:way:37426443","name":"Unbenannter Park 37426443","nameAddon":null,"objectNumber":"munich:osm:way:37426443","district":"München","locality":null,"type":"Park","areaM2":3986.4,"areaHa":0.4,"designation":null,"dedicated":null,"builtYear":null,"renovatedYear":null,"planningAreaId":null,"planningAreaName":null,"centroid":[11.52953,48.095239],"bounds":[11.52755,48.09515,11.53137,48.09532],"amenities":{},"sourceId":"parks"}},{"type":"Feature","id":"munich:osm:way:376532615","geometry":{"type":"Polygon","coordinates":[[[11.53037295,48.0927619],[11.53173644,48.09250226],[11.53203305,48.09333997],[11.53071088,48.09359689],[11.53037295,48.0927619]]]},"properties":{"id":"munich:osm:way:376532615","name":"Grünanlage Baierbrunner Straße","nameAddon":null,"objectNumber":"munich:osm:way:376532615","district":"München","locality":null,"type":"Park","areaM2":10098.6,"areaHa":1.01,"designation":null,"dedicated":null,"builtYear":null,"renovatedYear":null,"planningAreaId":null,"planningAreaName":null,"centroid":[11.531212,48.093048],"bounds":[11.53037,48.0925,11.53203,48.0936],"amenities":{},"sourceId":"parks"}},{"type":"Feature","id":"munich:osm:way:376660688","geometry":{"type":"Polygon","coordinates":[[[11.54284947,48.14583771],[11.5430413,48.14567849],[11.54333938,48.14561697],[11.54356663,48.14607291],[11.54374518,48.1460313],[11.54356958,48.14563325],[11.54375994,48.14559707],[11.5437319,48.14553646],[11.54445791,48.14538267],[11.54469844,48.14582775],[11.54385733,48.14600778],[11.54421296,48.14668627],[11.54418492,48.14671069],[11.54403441,48.14668174],[11.54394882,48.14641578],[11.54370534,48.14644563],[11.54359467,48.14637416],[11.54343087,48.14645287],[11.54335709,48.14640673],[11.54343677,48.14632622],[11.54296752,48.14600778],[11.54284947,48.14583771]]]},"properties":{"id":"munich:osm:way:376660688","name":"Unbenannter Park 376660688","nameAddon":null,"objectNumber":"munich:osm:way:376660688","district":"München","locality":null,"type":"Park","areaM2":8000,"areaHa":0.8,"designation":null,"dedicated":null,"builtYear":null,"renovatedYear":null,"planningAreaId":null,"planningAreaName":null,"centroid":[11.543787,48.145921],"bounds":[11.54285,48.14538,11.5447,48.14671],"amenities":{},"sourceId":"parks"}},{"type":"Feature","id":"munich:osm:way:37681988","geometry":{"type":"Polygon","coordinates":[[[11.56881774,48.13244165],[11.56891808,48.13237832],[11.56901695,48.13249864],[11.56931208,48.13236928],[11.5692442,48.13226343],[11.56928551,48.13220825],[11.57007055,48.13194047],[11.5703406,48.13190519],[11.57055161,48.13193957],[11.57058112,48.13200832],[11.57039815,48.13212864],[11.56898153,48.13261534],[11.56884725,48.13253664],[11.56881774,48.13244165]]]},"properties":{"id":"munich:osm:way:37681988","name":"Unbenannter Park 37681988","nameAddon":null,"objectNumber":"munich:osm:way:37681988","district":"München","locality":null,"type":"Park","areaM2":3468.9,"areaHa":0.35,"designation":null,"dedicated":null,"builtYear":null,"renovatedYear":null,"planningAreaId":null,"planningAreaName":null,"centroid":[11.569746,48.132216],"bounds":[11.56882,48.13191,11.57058,48.13262],"amenities":{},"sourceId":"parks"}},{"type":"Feature","id":"munich:osm:way:37702422","geometry":{"type":"Polygon","coordinates":[[[11.5755068,48.16692962],[11.57553927,48.16590736],[11.57570011,48.16590827],[11.57566912,48.16690972],[11.57560419,48.16691786],[11.5755068,48.16692962]]]},"properties":{"id":"munich:osm:way:37702422","name":"Unbenannter Park 37702422","nameAddon":null,"objectNumber":"munich:osm:way:37702422","district":"München","locality":null,"type":"Park","areaM2":1350.3,"areaHa":0.14,"designation":null,"dedicated":null,"builtYear":null,"renovatedYear":null,"planningAreaId":null,"planningAreaName":null,"centroid":[11.575604,48.166414],"bounds":[11.57551,48.16591,11.5757,48.16693],"amenities":{},"sourceId":"parks"}},{"type":"Feature","id":"munich:osm:way:37702426","geometry":{"type":"Polygon","coordinates":[[[11.5755496,48.16575719],[11.57575914,48.16472318],[11.57590818,48.16473765],[11.57570306,48.16576805],[11.57566027,48.16580242],[11.57558501,48.16579428],[11.5755496,48.16575719]]]},"properties":{"id":"munich:osm:way:37702426","name":"Unbenannter Park 37702426","nameAddon":null,"objectNumber":"munich:osm:way:37702426","district":"München","locality":null,"type":"Park","areaM2":1349.2,"areaHa":0.13,"designation":null,"dedicated":null,"builtYear":null,"renovatedYear":null,"planningAreaId":null,"planningAreaName":null,"centroid":[11.575727,48.165262],"bounds":[11.57555,48.16472,11.57591,48.1658],"amenities":{},"sourceId":"parks"}},{"type":"Feature","id":"munich:osm:way:37706564","geometry":{"type":"Polygon","coordinates":[[[11.57895537,48.16550751],[11.57900997,48.16501086],[11.57922984,48.16501447],[11.57912211,48.16572643],[11.57899964,48.16572643],[11.57895537,48.16572643],[11.57895537,48.16550751]]]},"properties":{"id":"munich:osm:way:37706564","name":"Viktoriaplatz","nameAddon":null,"objectNumber":"munich:osm:way:37706564","district":"München","locality":null,"type":"Park","areaM2":1197,"areaHa":0.12,"designation":null,"dedicated":null,"builtYear":null,"renovatedYear":null,"planningAreaId":null,"planningAreaName":null,"centroid":[11.579077,48.165356],"bounds":[11.57896,48.16501,11.57923,48.16573],"amenities":{},"sourceId":"parks"}},{"type":"Feature","id":"munich:osm:way:37738590","geometry":{"type":"Polygon","coordinates":[[[11.50624333,48.17450968],[11.50647501,48.17291659],[11.5066993,48.17292383],[11.50675833,48.17296363],[11.5065724,48.17452506],[11.50624333,48.17450968]]]},"properties":{"id":"munich:osm:way:37738590","name":"Unbenannter Park 37738590","nameAddon":null,"objectNumber":"munich:osm:way:37738590","district":"München","locality":null,"type":"Park","areaM2":4183,"areaHa":0.42,"designation":null,"dedicated":null,"builtYear":null,"renovatedYear":null,"planningAreaId":null,"planningAreaName":null,"centroid":[11.506511,48.173739],"bounds":[11.50624,48.17292,11.50676,48.17453],"amenities":{},"sourceId":"parks"}},{"type":"Feature","id":"munich:osm:way:37751858","geometry":{"type":"Polygon","coordinates":[[[11.46642916,48.15411254],[11.46662099,48.15413154],[11.46664903,48.15419758],[11.46659885,48.15420843],[11.46665788,48.15440745],[11.4664631,48.15441017],[11.46642916,48.15411254]]]},"properties":{"id":"munich:osm:way:37751858","name":"Unbenannter Park 37751858","nameAddon":null,"objectNumber":"munich:osm:way:37751858","district":"München","locality":null,"type":"Park","areaM2":450.5,"areaHa":0.05,"designation":null,"dedicated":null,"builtYear":null,"renovatedYear":null,"planningAreaId":null,"planningAreaName":null,"centroid":[11.466537,48.154265],"bounds":[11.46643,48.15411,11.46666,48.15441],"amenities":{},"sourceId":"parks"}},{"type":"Feature","id":"munich:osm:way:377548596","geometry":{"type":"Polygon","coordinates":[[[11.58133852,48.11000814],[11.58436948,48.10904107],[11.58455984,48.10930432],[11.58298533,48.10979374],[11.58290565,48.10976208],[11.5826784,48.10983626],[11.58290565,48.11015017],[11.58341474,48.11001086],[11.58367593,48.11038809],[11.58316536,48.11053465],[11.58334391,48.11080152],[11.5822062,48.11118057],[11.58133852,48.11000814]]]},"properties":{"id":"munich:osm:way:377548596","name":"AGFA-Park","nameAddon":null,"objectNumber":"munich:osm:way:377548596","district":"München","locality":null,"type":"Park","areaM2":20643.3,"areaHa":2.06,"designation":null,"dedicated":null,"builtYear":null,"renovatedYear":null,"planningAreaId":null,"planningAreaName":null,"centroid":[11.582717,48.110172],"bounds":[11.58134,48.10904,11.58456,48.11118],"amenities":{},"sourceId":"parks"}},{"type":"Feature","id":"munich:osm:way:377732369","geometry":{"type":"Polygon","coordinates":[[[11.49556414,48.12238285],[11.4959906,48.1220816],[11.49677859,48.12249322],[11.49639198,48.12280532],[11.49556414,48.12238285]]]},"properties":{"id":"munich:osm:way:377732369","name":"Unbenannter Park 377732369","nameAddon":null,"objectNumber":"munich:osm:way:377732369","district":"München","locality":null,"type":"Park","areaM2":3455.4,"areaHa":0.35,"designation":null,"dedicated":null,"builtYear":null,"renovatedYear":null,"planningAreaId":null,"planningAreaName":null,"centroid":[11.496179,48.122441],"bounds":[11.49556,48.12208,11.49678,48.12281],"amenities":{},"sourceId":"parks"}},{"type":"Feature","id":"munich:osm:way:378174900","geometry":{"type":"Polygon","coordinates":[[[11.53674328,48.09419577],[11.53721253,48.09424643],[11.53750766,48.09604125],[11.53689232,48.0959725],[11.53680231,48.09531029],[11.53716827,48.09531572],[11.5369115,48.09466347],[11.53674328,48.09419577]]]},"properties":{"id":"munich:osm:way:378174900","name":"Unbenannter Park 378174900","nameAddon":null,"objectNumber":"munich:osm:way:378174900","district":"München","locality":null,"type":"Park","areaM2":6515.9,"areaHa":0.65,"designation":null,"dedicated":null,"builtYear":null,"renovatedYear":null,"planningAreaId":null,"planningAreaName":null,"centroid":[11.537131,48.095207],"bounds":[11.53674,48.0942,11.53751,48.09604],"amenities":{},"sourceId":"parks"}},{"type":"Feature","id":"munich:osm:way:378886062","geometry":{"type":"Polygon","coordinates":[[[11.56977248,48.13928442],[11.57025058,48.13917134],[11.57045274,48.1395522],[11.56995988,48.13965081],[11.56977248,48.13928442]]]},"properties":{"id":"munich:osm:way:378886062","name":"Unbenannter Park 378886062","nameAddon":null,"objectNumber":"munich:osm:way:378886062","district":"München","locality":null,"type":"Park","areaM2":1675.3,"areaHa":0.17,"designation":null,"dedicated":null,"builtYear":null,"renovatedYear":null,"planningAreaId":null,"planningAreaName":null,"centroid":[11.570111,48.139415],"bounds":[11.56977,48.13917,11.57045,48.13965],"amenities":{},"sourceId":"parks"}},{"type":"Feature","id":"munich:osm:way:378886063","geometry":{"type":"Polygon","coordinates":[[[11.57038634,48.13942102],[11.57071688,48.13934413],[11.57078919,48.13948344],[11.57045274,48.1395522],[11.57038634,48.13942102]]]},"properties":{"id":"munich:osm:way:378886063","name":"Unbenannter Park 378886063","nameAddon":null,"objectNumber":"munich:osm:way:378886063","district":"München","locality":null,"type":"Park","areaM2":416.5,"areaHa":0.04,"designation":null,"dedicated":null,"builtYear":null,"renovatedYear":null,"planningAreaId":null,"planningAreaName":null,"centroid":[11.570588,48.13945],"bounds":[11.57039,48.13934,11.57079,48.13955],"amenities":{},"sourceId":"parks"}},{"type":"Feature","id":"munich:osm:way:37933747","geometry":{"type":"Polygon","coordinates":[[[11.46934797,48.17234847],[11.46960325,48.17234485],[11.46969769,48.17275375],[11.46940847,48.17275375],[11.46934797,48.17234847]]]},"properties":{"id":"munich:osm:way:37933747","name":"Unbenannter Park 37933747","nameAddon":null,"objectNumber":"munich:osm:way:37933747","district":"München","locality":null,"type":"Park","areaM2":904.7,"areaHa":0.09,"designation":null,"dedicated":null,"builtYear":null,"renovatedYear":null,"planningAreaId":null,"planningAreaName":null,"centroid":[11.469515,48.172554],"bounds":[11.46935,48.17234,11.4697,48.17275],"amenities":{},"sourceId":"parks"}},{"type":"Feature","id":"munich:osm:way:37958312","geometry":{"type":"Polygon","coordinates":[[[11.51632193,48.13587027],[11.51720289,48.1358368],[11.51725011,48.13627013],[11.51633817,48.13629817],[11.51632193,48.13587027]]]},"properties":{"id":"munich:osm:way:37958312","name":"Burgerplatz","nameAddon":null,"objectNumber":"munich:osm:way:37958312","district":"München","locality":null,"type":"Park","areaM2":3203.2,"areaHa":0.32,"designation":null,"dedicated":null,"builtYear":null,"renovatedYear":null,"planningAreaId":null,"planningAreaName":null,"centroid":[11.516779,48.13607],"bounds":[11.51632,48.13584,11.51725,48.1363],"amenities":{},"sourceId":"parks"}},{"type":"Feature","id":"munich:osm:way:38006222","geometry":{"type":"Polygon","coordinates":[[[11.5270572,48.09383572],[11.53029917,48.09339877],[11.53033606,48.09348923],[11.52872614,48.09370816],[11.52876451,48.09382305],[11.52733904,48.09402117],[11.52738626,48.09414601],[11.52718705,48.09417405],[11.5270572,48.09383572]]]},"properties":{"id":"munich:osm:way:38006222","name":"Unbenannter Park 38006222","nameAddon":null,"objectNumber":"munich:osm:way:38006222","district":"München","locality":null,"type":"Park","areaM2":4516.9,"areaHa":0.45,"designation":null,"dedicated":null,"builtYear":null,"renovatedYear":null,"planningAreaId":null,"planningAreaName":null,"centroid":[11.528336,48.093765],"bounds":[11.52706,48.0934,11.53034,48.09417],"amenities":{},"sourceId":"parks"}},{"type":"Feature","id":"munich:osm:way:38077081","geometry":{"type":"Polygon","coordinates":[[[11.48940188,48.13017279],[11.48956272,48.13014655],[11.48959076,48.13072282],[11.48942844,48.13070744],[11.48940188,48.13017279]]]},"properties":{"id":"munich:osm:way:38077081","name":"Hönigschmidplatz","nameAddon":null,"objectNumber":"munich:osm:way:38077081","district":"München","locality":null,"type":"Park","areaM2":769.3,"areaHa":0.08,"designation":null,"dedicated":null,"builtYear":null,"renovatedYear":null,"planningAreaId":null,"planningAreaName":null,"centroid":[11.489497,48.130437],"bounds":[11.4894,48.13015,11.48959,48.13072],"amenities":{},"sourceId":"parks"}},{"type":"Feature","id":"munich:osm:way:38077394","geometry":{"type":"Polygon","coordinates":[[[11.49797829,48.12751764],[11.49878251,48.12740456],[11.49886072,48.12765605],[11.49810076,48.12789669],[11.49797829,48.12751764]]]},"properties":{"id":"munich:osm:way:38077394","name":"Joergplatz","nameAddon":null,"objectNumber":"munich:osm:way:38077394","district":"München","locality":null,"type":"Park","areaM2":2188.9,"areaHa":0.22,"designation":null,"dedicated":null,"builtYear":null,"renovatedYear":null,"planningAreaId":null,"planningAreaName":null,"centroid":[11.498404,48.127625],"bounds":[11.49798,48.1274,11.49886,48.1279],"amenities":{},"sourceId":"parks"}},{"type":"Feature","id":"munich:osm:way:38078293","geometry":{"type":"Polygon","coordinates":[[[11.533035,48.13381853],[11.53325635,48.13372897],[11.53336555,48.13386014],[11.53350573,48.133814],[11.53368281,48.1341243],[11.53362378,48.13413244],[11.53356919,48.13400036],[11.53334194,48.13403022],[11.53322831,48.13395151],[11.533035,48.13381853]]]},"properties":{"id":"munich:osm:way:38078293","name":"Unbenannter Park 38078293","nameAddon":null,"objectNumber":"munich:osm:way:38078293","district":"München","locality":null,"type":"Park","areaM2":809.3,"areaHa":0.08,"designation":null,"dedicated":null,"builtYear":null,"renovatedYear":null,"planningAreaId":null,"planningAreaName":null,"centroid":[11.533356,48.133906],"bounds":[11.53304,48.13373,11.53368,48.13413],"amenities":{},"sourceId":"parks"}},{"type":"Feature","id":"munich:osm:way:3812129","geometry":{"type":"Polygon","coordinates":[[[11.57967548,48.14407726],[11.58197305,48.14358965],[11.58249395,48.14382848],[11.58287023,48.14393975],[11.58293664,48.14407183],[11.5827448,48.14409264],[11.5827817,48.14416772],[11.58253821,48.1441243],[11.58212799,48.1442989],[11.58206749,48.14449973],[11.5806435,48.14481002],[11.58056971,48.1446499],[11.58026573,48.1447078],[11.58004144,48.14416048],[11.57974336,48.14421386],[11.5797227,48.14417496],[11.57967548,48.14407726]]]},"properties":{"id":"munich:osm:way:3812129","name":"Dichtergarten","nameAddon":null,"objectNumber":"munich:osm:way:3812129","district":"München","locality":null,"type":"Park","areaM2":17340.8,"areaHa":1.73,"designation":null,"dedicated":null,"builtYear":null,"renovatedYear":null,"planningAreaId":null,"planningAreaName":null,"centroid":[11.581288,48.144176],"bounds":[11.57968,48.14359,11.58294,48.14481],"amenities":{},"sourceId":"parks"}},{"type":"Feature","id":"munich:osm:way:3819248","geometry":{"type":"Polygon","coordinates":[[[11.59973087,48.13079971],[11.5997471,48.13070925],[11.60143228,48.12957843],[11.60153114,48.12954768],[11.60162263,48.1295712],[11.60165805,48.12963724],[11.6016005,48.12969604],[11.59990647,48.13083047],[11.59979432,48.13083861],[11.59973087,48.13079971]]]},"properties":{"id":"munich:osm:way:3819248","name":"Bordeauxplatz","nameAddon":null,"objectNumber":"munich:osm:way:3819248","district":"München","locality":null,"type":"Park","areaM2":3468.1,"areaHa":0.35,"designation":null,"dedicated":null,"builtYear":null,"renovatedYear":null,"planningAreaId":null,"planningAreaName":null,"centroid":[11.600688,48.130193],"bounds":[11.59973,48.12955,11.60166,48.13084],"amenities":{},"sourceId":"parks"}},{"type":"Feature","id":"munich:osm:way:3819297","geometry":{"type":"Polygon","coordinates":[[[11.59795272,48.13414963],[11.59907273,48.13371087],[11.59945197,48.13431066],[11.59862119,48.13460195],[11.59833049,48.13451601],[11.59827146,48.13446807],[11.59831426,48.13442917],[11.59795272,48.13414963]]]},"properties":{"id":"munich:osm:way:3819297","name":"Unbenannter Park 3819297","nameAddon":null,"objectNumber":"munich:osm:way:3819297","district":"München","locality":null,"type":"Park","areaM2":6071.9,"areaHa":0.61,"designation":null,"dedicated":null,"builtYear":null,"renovatedYear":null,"planningAreaId":null,"planningAreaName":null,"centroid":[11.59875,48.134187],"bounds":[11.59795,48.13371,11.59945,48.1346],"amenities":{},"sourceId":"parks"}},{"type":"Feature","id":"munich:osm:way:383122616","geometry":{"type":"Polygon","coordinates":[[[11.59826999,48.18085037],[11.59896058,48.18053555],[11.59956707,48.18114257],[11.59955527,48.18124028],[11.59942836,48.18131174],[11.59943869,48.18134883],[11.5992867,48.18140854],[11.59929703,48.18153519],[11.59938999,48.18157319],[11.60068413,48.18099964],[11.59944312,48.18171793],[11.59933244,48.18167903],[11.59879974,48.18128913],[11.59832754,48.1808947],[11.59826999,48.18085037]]]},"properties":{"id":"munich:osm:way:383122616","name":"Unbenannter Park 383122616","nameAddon":null,"objectNumber":"munich:osm:way:383122616","district":"München","locality":null,"type":"Park","areaM2":6571.9,"areaHa":0.66,"designation":null,"dedicated":null,"builtYear":null,"renovatedYear":null,"planningAreaId":null,"planningAreaName":null,"centroid":[11.599106,48.181103],"bounds":[11.59827,48.18054,11.60068,48.18172],"amenities":{},"sourceId":"parks"}},{"type":"Feature","id":"munich:osm:way:38425614","geometry":{"type":"Polygon","coordinates":[[[11.5225388,48.11705446],[11.52254617,48.11597159],[11.52279851,48.11597159],[11.52279408,48.11705627],[11.5225388,48.11705446]]]},"properties":{"id":"munich:osm:way:38425614","name":"Unbenannter Park 38425614","nameAddon":null,"objectNumber":"munich:osm:way:38425614","district":"München","locality":null,"type":"Park","areaM2":2278.3,"areaHa":0.23,"designation":null,"dedicated":null,"builtYear":null,"renovatedYear":null,"planningAreaId":null,"planningAreaName":null,"centroid":[11.522669,48.116515],"bounds":[11.52254,48.11597,11.5228,48.11706],"amenities":{},"sourceId":"parks"}},{"type":"Feature","id":"munich:osm:way:38425615","geometry":{"type":"Polygon","coordinates":[[[11.52251076,48.11775737],[11.52251814,48.11725439],[11.52260963,48.11725167],[11.52261258,48.11720825],[11.52278523,48.11721277],[11.5227808,48.11775647],[11.52251076,48.11775737]]]},"properties":{"id":"munich:osm:way:38425615","name":"Unbenannter Park 38425615","nameAddon":null,"objectNumber":"munich:osm:way:38425615","district":"München","locality":null,"type":"Park","areaM2":1179,"areaHa":0.12,"designation":null,"dedicated":null,"builtYear":null,"renovatedYear":null,"planningAreaId":null,"planningAreaName":null,"centroid":[11.522651,48.117491],"bounds":[11.52251,48.11721,11.52279,48.11776],"amenities":{},"sourceId":"parks"}},{"type":"Feature","id":"munich:osm:way:38447292","geometry":{"type":"Polygon","coordinates":[[[11.5322234,48.14807219],[11.53233408,48.14767053],[11.53365477,48.14786593],[11.53352344,48.14826036],[11.5322234,48.14807219]]]},"properties":{"id":"munich:osm:way:38447292","name":"Posseltplatz","nameAddon":null,"objectNumber":"munich:osm:way:38447292","district":"München","locality":null,"type":"Park","areaM2":4536.4,"areaHa":0.45,"designation":null,"dedicated":null,"builtYear":null,"renovatedYear":null,"planningAreaId":null,"planningAreaName":null,"centroid":[11.532933,48.147967],"bounds":[11.53222,48.14767,11.53365,48.14826],"amenities":{},"sourceId":"parks"}},{"type":"Feature","id":"munich:osm:way:386791404","geometry":{"type":"Polygon","coordinates":[[[11.58484464,48.17175864],[11.58495088,48.17125475],[11.58538915,48.1712647],[11.58534045,48.17169622],[11.58519879,48.1716935],[11.58507484,48.17184549],[11.58497007,48.1718102],[11.58497744,48.1717713],[11.58484464,48.17175864]]]},"properties":{"id":"munich:osm:way:386791404","name":"Unbenannter Park 386791404","nameAddon":null,"objectNumber":"munich:osm:way:386791404","district":"München","locality":null,"type":"Park","areaM2":1923,"areaHa":0.19,"designation":null,"dedicated":null,"builtYear":null,"renovatedYear":null,"planningAreaId":null,"planningAreaName":null,"centroid":[11.585118,48.171517],"bounds":[11.58484,48.17125,11.58539,48.17185],"amenities":{},"sourceId":"parks"}},{"type":"Feature","id":"munich:osm:way:38910643","geometry":{"type":"Polygon","coordinates":[[[11.51391517,48.17457572],[11.51404355,48.17341143],[11.51410553,48.17336801],[11.5173416,48.17417225],[11.51697417,48.1749421],[11.51694761,48.17524606],[11.5166451,48.17530577],[11.51666576,48.17497105],[11.51580841,48.17483445],[11.51545721,48.17473946],[11.51528161,48.17459743],[11.51403912,48.17457753],[11.51391517,48.17457572]]]},"properties":{"id":"munich:osm:way:38910643","name":"Amphionpark","nameAddon":null,"objectNumber":"munich:osm:way:38910643","district":"München","locality":null,"type":"Park","areaM2":27661.3,"areaHa":2.77,"designation":null,"dedicated":null,"builtYear":null,"renovatedYear":null,"planningAreaId":null,"planningAreaName":null,"centroid":[11.515542,48.174256],"bounds":[11.51392,48.17337,11.51734,48.17531],"amenities":{},"sourceId":"parks"}},{"type":"Feature","id":"munich:osm:way:3960697","geometry":{"type":"Polygon","coordinates":[[[11.66294423,48.11831283],[11.66366581,48.11807671],[11.66376468,48.11809209],[11.66384732,48.11820789],[11.66381928,48.11826036],[11.66307998,48.118482],[11.66298259,48.1184232],[11.66294423,48.11831283]]]},"properties":{"id":"munich:osm:way:3960697","name":"Unbenannter Park 3960697","nameAddon":null,"objectNumber":"munich:osm:way:3960697","district":"München","locality":null,"type":"Park","areaM2":1499,"areaHa":0.15,"designation":null,"dedicated":null,"builtYear":null,"renovatedYear":null,"planningAreaId":null,"planningAreaName":null,"centroid":[11.663399,48.118276],"bounds":[11.66294,48.11808,11.66385,48.11848],"amenities":{},"sourceId":"parks"}},{"type":"Feature","id":"munich:osm:way:3960767","geometry":{"type":"Polygon","coordinates":[[[11.66194965,48.1185996],[11.66270517,48.1183653],[11.66280847,48.11837163],[11.66288963,48.11847476],[11.66285569,48.11854894],[11.66207507,48.11878506],[11.66194965,48.1185996]]]},"properties":{"id":"munich:osm:way:3960767","name":"Unbenannter Park 3960767","nameAddon":null,"objectNumber":"munich:osm:way:3960767","district":"München","locality":null,"type":"Park","areaM2":1569.1,"areaHa":0.16,"designation":null,"dedicated":null,"builtYear":null,"renovatedYear":null,"planningAreaId":null,"planningAreaName":null,"centroid":[11.662429,48.118565],"bounds":[11.66195,48.11837,11.66289,48.11879],"amenities":{},"sourceId":"parks"}},{"type":"Feature","id":"munich:osm:way:400039790","geometry":{"type":"Polygon","coordinates":[[[11.69244664,48.1405057],[11.69256912,48.14032115],[11.69265028,48.14028225],[11.69376586,48.14049394],[11.69510279,48.14058802],[11.69530053,48.14066492],[11.6952356,48.14078343],[11.69442105,48.1414601],[11.69276981,48.14096888],[11.6925647,48.14083137],[11.6924555,48.1406613],[11.69244664,48.1405057]]]},"properties":{"id":"munich:osm:way:400039790","name":"Unbenannter Park 400039790","nameAddon":null,"objectNumber":"munich:osm:way:400039790","district":"München","locality":null,"type":"Park","areaM2":15417.4,"areaHa":1.54,"designation":null,"dedicated":null,"builtYear":null,"renovatedYear":null,"planningAreaId":null,"planningAreaName":null,"centroid":[11.693818,48.140828],"bounds":[11.69245,48.14028,11.6953,48.14146],"amenities":{},"sourceId":"parks"}},{"type":"Feature","id":"munich:osm:way:400039791","geometry":{"type":"Polygon","coordinates":[[[11.68871918,48.13950787],[11.68874279,48.13939027],[11.6890512,48.13900398],[11.68911613,48.1390275],[11.68925484,48.1389687],[11.69045158,48.13950154],[11.69056521,48.13951782],[11.69185639,48.14004614],[11.69187852,48.14012846],[11.69147568,48.14041433],[11.69126614,48.14045232],[11.69098134,48.14043242],[11.68981853,48.13988782],[11.68954702,48.13979284],[11.68903645,48.13972499],[11.6888151,48.13963814],[11.68871918,48.13950787]]]},"properties":{"id":"munich:osm:way:400039791","name":"Unbenannter Park 400039791","nameAddon":null,"objectNumber":"munich:osm:way:400039791","district":"München","locality":null,"type":"Park","areaM2":16242.2,"areaHa":1.62,"designation":null,"dedicated":null,"builtYear":null,"renovatedYear":null,"planningAreaId":null,"planningAreaName":null,"centroid":[11.690229,48.139744],"bounds":[11.68872,48.13897,11.69188,48.14045],"amenities":{},"sourceId":"parks"}},{"type":"Feature","id":"munich:osm:way:413619043","geometry":{"type":"Polygon","coordinates":[[[11.67490279,48.14222634],[11.67523038,48.14205356],[11.6762589,48.14126922],[11.67635039,48.14087751],[11.67702771,48.14073005],[11.67689933,48.14095079],[11.67642565,48.14119323],[11.67651419,48.14137054],[11.67634744,48.14146734],[11.67642565,48.14155238],[11.67500313,48.14229872],[11.67490279,48.14222634]]]},"properties":{"id":"munich:osm:way:413619043","name":"Unbenannter Park 413619043","nameAddon":null,"objectNumber":"munich:osm:way:413619043","district":"München","locality":null,"type":"Park","areaM2":4292.6,"areaHa":0.43,"designation":null,"dedicated":null,"builtYear":null,"renovatedYear":null,"planningAreaId":null,"planningAreaName":null,"centroid":[11.676102,48.141465],"bounds":[11.6749,48.14073,11.67703,48.1423],"amenities":{},"sourceId":"parks"}},{"type":"Feature","id":"munich:osm:way:414830135","geometry":{"type":"Polygon","coordinates":[[[11.47339269,48.14156866],[11.47340449,48.14121133],[11.47385014,48.14107653],[11.47410837,48.14106658],[11.47453336,48.14098516],[11.47502179,48.14096074],[11.47533168,48.14082595],[11.47547629,48.14070291],[11.47554269,48.14071829],[11.47553827,48.14014113],[11.47564599,48.14022073],[11.47561205,48.14006152],[11.47567993,48.13984802],[11.47551318,48.13978831],[11.47549252,48.1394744],[11.47473552,48.13738466],[11.47524166,48.13650262],[11.47511771,48.13624299],[11.47516641,48.13615705],[11.47530216,48.13610548],[11.47598243,48.13628913],[11.47625395,48.13618328],[11.4762997,48.13623666],[11.47618755,48.13652976],[11.47585553,48.13855708],[11.47605917,48.14047856],[11.47616541,48.14047132],[11.47621263,48.14085489],[11.47607245,48.14086485],[11.47609458,48.14100868],[11.47615213,48.14100507],[11.47622886,48.14166275],[11.47637348,48.14165551],[11.47639561,48.14180116],[11.47714228,48.14174959],[11.47721459,48.14183915],[11.47755989,48.14199566],[11.4760813,48.1421205],[11.47599129,48.14182377],[11.47576847,48.14155057],[11.47525937,48.14160575],[11.47507787,48.14169803],[11.4749303,48.14191333],[11.47492145,48.14206351],[11.4748093,48.1421395],[11.4742279,48.14176769],[11.47384423,48.14163742],[11.47339269,48.14156866]]]},"properties":{"id":"munich:osm:way:414830135","name":"Unbenannter Park 414830135","nameAddon":null,"objectNumber":"munich:osm:way:414830135","district":"München","locality":null,"type":"Park","areaM2":51716.2,"areaHa":5.17,"designation":null,"dedicated":null,"builtYear":null,"renovatedYear":null,"planningAreaId":null,"planningAreaName":null,"centroid":[11.475417,48.139465],"bounds":[11.47339,48.13611,11.47756,48.14214],"amenities":{},"sourceId":"parks"}},{"type":"Feature","id":"munich:osm:way:41770827","geometry":{"type":"Polygon","coordinates":[[[11.59860791,48.11833363],[11.59924243,48.11742446],[11.59967037,48.11751945],[11.59943131,48.11800706],[11.59942393,48.11808576],[11.59948148,48.11810204],[11.59927342,48.11850914],[11.59860791,48.11833363]]]},"properties":{"id":"munich:osm:way:41770827","name":"Unbenannter Park 41770827","nameAddon":null,"objectNumber":"munich:osm:way:41770827","district":"München","locality":null,"type":"Park","areaM2":4867,"areaHa":0.49,"designation":null,"dedicated":null,"builtYear":null,"renovatedYear":null,"planningAreaId":null,"planningAreaName":null,"centroid":[11.599176,48.117989],"bounds":[11.59861,48.11742,11.59967,48.11851],"amenities":{},"sourceId":"parks"}},{"type":"Feature","id":"munich:osm:way:41800874","geometry":{"type":"Polygon","coordinates":[[[11.63205471,48.11958386],[11.63261988,48.11946807],[11.63222145,48.11859508],[11.63259036,48.11851366],[11.63277334,48.11859508],[11.63307732,48.11964266],[11.63312602,48.12027954],[11.63328096,48.120778],[11.63247231,48.12091912],[11.63223768,48.11998733],[11.63207832,48.11963452],[11.63205471,48.11958386]]]},"properties":{"id":"munich:osm:way:41800874","name":"Unbenannter Park 41800874","nameAddon":null,"objectNumber":"munich:osm:way:41800874","district":"München","locality":null,"type":"Park","areaM2":13510.5,"areaHa":1.35,"designation":null,"dedicated":null,"builtYear":null,"renovatedYear":null,"planningAreaId":null,"planningAreaName":null,"centroid":[11.632687,48.119835],"bounds":[11.63205,48.11851,11.63328,48.12092],"amenities":{},"sourceId":"parks"}},{"type":"Feature","id":"munich:osm:way:41845946","geometry":{"type":"Polygon","coordinates":[[[11.63367053,48.11010675],[11.63367791,48.10693866],[11.63403206,48.10691695],[11.63401878,48.10753935],[11.63423127,48.10763977],[11.63421061,48.10800887],[11.63408371,48.10834178],[11.63407485,48.1091822],[11.63390811,48.10918582],[11.63392581,48.11014022],[11.63371185,48.11014203],[11.63367053,48.11010675]]]},"properties":{"id":"munich:osm:way:41845946","name":"Unbenannter Park 41845946","nameAddon":null,"objectNumber":"munich:osm:way:41845946","district":"München","locality":null,"type":"Park","areaM2":10257,"areaHa":1.03,"designation":null,"dedicated":null,"builtYear":null,"renovatedYear":null,"planningAreaId":null,"planningAreaName":null,"centroid":[11.633874,48.108386],"bounds":[11.63367,48.10692,11.63423,48.11014],"amenities":{},"sourceId":"parks"}},{"type":"Feature","id":"munich:osm:way:41847738","geometry":{"type":"Polygon","coordinates":[[[11.61809518,48.11261715],[11.61809665,48.11230957],[11.62100661,48.11228334],[11.62099775,48.11276009],[11.62087675,48.11279808],[11.62069377,48.11275918],[11.62050784,48.11263615],[11.61809518,48.11261715]]]},"properties":{"id":"munich:osm:way:41847738","name":"Unbenannter Park 41847738","nameAddon":null,"objectNumber":"munich:osm:way:41847738","district":"München","locality":null,"type":"Park","areaM2":8545.9,"areaHa":0.85,"designation":null,"dedicated":null,"builtYear":null,"renovatedYear":null,"planningAreaId":null,"planningAreaName":null,"centroid":[11.61965,48.112475],"bounds":[11.6181,48.11228,11.62101,48.1128],"amenities":{},"sourceId":"parks"}},{"type":"Feature","id":"munich:osm:way:421492344","geometry":{"type":"Polygon","coordinates":[[[11.49186324,48.1213036],[11.49186472,48.12105935],[11.49276781,48.12106025],[11.49276633,48.12130451],[11.49206983,48.1213036],[11.49186324,48.1213036]]]},"properties":{"id":"munich:osm:way:421492344","name":"Unbenannter Park 421492344","nameAddon":null,"objectNumber":"munich:osm:way:421492344","district":"München","locality":null,"type":"Park","areaM2":1822.5,"areaHa":0.18,"designation":null,"dedicated":null,"builtYear":null,"renovatedYear":null,"planningAreaId":null,"planningAreaName":null,"centroid":[11.492316,48.121182],"bounds":[11.49186,48.12106,11.49277,48.1213],"amenities":{},"sourceId":"parks"}},{"type":"Feature","id":"munich:osm:way:42560921","geometry":{"type":"Polygon","coordinates":[[[11.55744057,48.15034286],[11.55749812,48.15028677],[11.55785965,48.15032296],[11.55792753,48.15038086],[11.55776226,48.15070563],[11.55769291,48.15069839],[11.55744057,48.15034286]]]},"properties":{"id":"munich:osm:way:42560921","name":"Grünanlage Josef-Ruederer-Straße","nameAddon":null,"objectNumber":"munich:osm:way:42560921","district":"München","locality":null,"type":"Park","areaM2":980.1,"areaHa":0.1,"designation":null,"dedicated":null,"builtYear":null,"renovatedYear":null,"planningAreaId":null,"planningAreaName":null,"centroid":[11.557696,48.150458],"bounds":[11.55744,48.15029,11.55793,48.15071],"amenities":{},"sourceId":"parks"}},{"type":"Feature","id":"munich:osm:way:42562029","geometry":{"type":"Polygon","coordinates":[[[11.53943042,48.16015108],[11.5399587,48.16013117],[11.53981408,48.16045504],[11.53995722,48.16046861],[11.53985393,48.160797],[11.53970489,48.16078433],[11.53967537,48.16087027],[11.5394555,48.16086756],[11.53943042,48.16015108]]]},"properties":{"id":"munich:osm:way:42562029","name":"Unbenannter Park 42562029","nameAddon":null,"objectNumber":"munich:osm:way:42562029","district":"München","locality":null,"type":"Park","areaM2":2547.2,"areaHa":0.25,"designation":null,"dedicated":null,"builtYear":null,"renovatedYear":null,"planningAreaId":null,"planningAreaName":null,"centroid":[11.539666,48.160482],"bounds":[11.53943,48.16013,11.53996,48.16087],"amenities":{},"sourceId":"parks"}},{"type":"Feature","id":"munich:osm:way:426778617","geometry":{"type":"Polygon","coordinates":[[[11.58516485,48.12954315],[11.58532274,48.12949249],[11.58712302,48.13095712],[11.58717614,48.1310702],[11.58737388,48.13123304],[11.58727501,48.13128279],[11.58562082,48.12995296],[11.58521502,48.12958929],[11.58516485,48.12954315]]]},"properties":{"id":"munich:osm:way:426778617","name":"Unbenannter Park 426778617","nameAddon":null,"objectNumber":"munich:osm:way:426778617","district":"München","locality":null,"type":"Park","areaM2":3112.2,"areaHa":0.31,"designation":null,"dedicated":null,"builtYear":null,"renovatedYear":null,"planningAreaId":null,"planningAreaName":null,"centroid":[11.586252,48.130356],"bounds":[11.58516,48.12949,11.58737,48.13128],"amenities":{},"sourceId":"parks"}},{"type":"Feature","id":"munich:osm:way:426778619","geometry":{"type":"Polygon","coordinates":[[[11.5808737,48.12807219],[11.58104487,48.1279374],[11.58134,48.12798444],[11.58270349,48.12790845],[11.58308125,48.12794916],[11.58337343,48.12802696],[11.58368479,48.12812285],[11.58393417,48.12830197],[11.58517075,48.12938755],[11.58506451,48.12945088],[11.58409059,48.12859236],[11.5836715,48.12835716],[11.58339408,48.12825493],[11.5826784,48.12810566],[11.58101536,48.12812737],[11.58090321,48.12809119],[11.5808737,48.12807219]]]},"properties":{"id":"munich:osm:way:426778619","name":"Unbenannter Park 426778619","nameAddon":null,"objectNumber":"munich:osm:way:426778619","district":"München","locality":null,"type":"Park","areaM2":5982.2,"areaHa":0.6,"designation":null,"dedicated":null,"builtYear":null,"renovatedYear":null,"planningAreaId":null,"planningAreaName":null,"centroid":[11.583046,48.128287],"bounds":[11.58087,48.12791,11.58517,48.12945],"amenities":{},"sourceId":"parks"}},{"type":"Feature","id":"munich:osm:way:426781475","geometry":{"type":"Polygon","coordinates":[[[11.57650138,48.12792383],[11.57666813,48.12780713],[11.57703851,48.12802515],[11.57934936,48.12903112],[11.57914868,48.12915868],[11.57675667,48.12805048],[11.57650138,48.12792383]]]},"properties":{"id":"munich:osm:way:426781475","name":"Unbenannter Park 426781475","nameAddon":null,"objectNumber":"munich:osm:way:426781475","district":"München","locality":null,"type":"Park","areaM2":4502.6,"areaHa":0.45,"designation":null,"dedicated":null,"builtYear":null,"renovatedYear":null,"planningAreaId":null,"planningAreaName":null,"centroid":[11.57797,48.128518],"bounds":[11.5765,48.12781,11.57935,48.12916],"amenities":{},"sourceId":"parks"}},{"type":"Feature","id":"munich:osm:way:426781480","geometry":{"type":"Polygon","coordinates":[[[11.56779512,48.12332911],[11.56798843,48.12315451],[11.57610739,48.12745612],[11.57592736,48.12760811],[11.57342468,48.12628822],[11.56892693,48.12390809],[11.56779512,48.12332911]]]},"properties":{"id":"munich:osm:way:426781480","name":"Unbenannter Park 426781480","nameAddon":null,"objectNumber":"munich:osm:way:426781480","district":"München","locality":null,"type":"Park","areaM2":17600.4,"areaHa":1.76,"designation":null,"dedicated":null,"builtYear":null,"renovatedYear":null,"planningAreaId":null,"planningAreaName":null,"centroid":[11.571915,48.125362],"bounds":[11.5678,48.12315,11.57611,48.12761],"amenities":{},"sourceId":"parks"}},{"type":"Feature","id":"munich:osm:way:426781482","geometry":{"type":"Polygon","coordinates":[[[11.56367662,48.12105754],[11.5637622,48.12091189],[11.56383894,48.12087389],[11.56723438,48.12273114],[11.56734948,48.12284874],[11.56721372,48.12287136],[11.56683448,48.12267957],[11.56675627,48.12274561],[11.56665003,48.12270581],[11.56475826,48.12170346],[11.56431852,48.12138954],[11.56399683,48.12122399],[11.56367662,48.12105754]]]},"properties":{"id":"munich:osm:way:426781482","name":"Unbenannter Park 426781482","nameAddon":null,"objectNumber":"munich:osm:way:426781482","district":"München","locality":null,"type":"Park","areaM2":7888.6,"areaHa":0.79,"designation":null,"dedicated":null,"builtYear":null,"renovatedYear":null,"planningAreaId":null,"planningAreaName":null,"centroid":[11.565435,48.121892],"bounds":[11.56368,48.12087,11.56735,48.12287],"amenities":{},"sourceId":"parks"}},{"type":"Feature","id":"munich:osm:way:426912386","geometry":{"type":"Polygon","coordinates":[[[11.5450098,48.11699656],[11.54503489,48.11664556],[11.54521787,48.1165569],[11.5453005,48.11631898],[11.54524443,48.11596255],[11.54695764,48.11588022],[11.54695027,48.11582504],[11.54816767,48.11581057],[11.54816767,48.11631355],[11.54682631,48.11633798],[11.5468632,48.11667993],[11.54630689,48.1167125],[11.54626852,48.11697847],[11.54531526,48.11685815],[11.54517803,48.11701194],[11.5450098,48.11699656]]]},"properties":{"id":"munich:osm:way:426912386","name":"Unbenannter Park 426912386","nameAddon":null,"objectNumber":"munich:osm:way:426912386","district":"München","locality":null,"type":"Park","areaM2":18300.1,"areaHa":1.83,"designation":null,"dedicated":null,"builtYear":null,"renovatedYear":null,"planningAreaId":null,"planningAreaName":null,"centroid":[11.546437,48.116311],"bounds":[11.54501,48.11581,11.54817,48.11701],"amenities":{},"sourceId":"parks"}},{"type":"Feature","id":"munich:osm:way:426914881","geometry":{"type":"Polygon","coordinates":[[[11.57951611,48.12934322],[11.57960465,48.12915596],[11.58256035,48.13074],[11.58234048,48.13086665],[11.58181663,48.13054008],[11.58066268,48.12993215],[11.57951611,48.12934322]]]},"properties":{"id":"munich:osm:way:426914881","name":"Unbenannter Park 426914881","nameAddon":null,"objectNumber":"munich:osm:way:426914881","district":"München","locality":null,"type":"Park","areaM2":5016.5,"areaHa":0.5,"designation":null,"dedicated":null,"builtYear":null,"renovatedYear":null,"planningAreaId":null,"planningAreaName":null,"centroid":[11.581,48.130011],"bounds":[11.57952,48.12916,11.58256,48.13087],"amenities":{},"sourceId":"parks"}},{"type":"Feature","id":"munich:osm:way:426914882","geometry":{"type":"Polygon","coordinates":[[[11.58259281,48.13098155],[11.5826843,48.13080514],[11.58506156,48.13200742],[11.58490956,48.13209246],[11.58454213,48.13182196],[11.58439604,48.13182468],[11.58369216,48.13143206],[11.58277874,48.13105754],[11.58259281,48.13098155]]]},"properties":{"id":"munich:osm:way:426914882","name":"Unbenannter Park 426914882","nameAddon":null,"objectNumber":"munich:osm:way:426914882","district":"München","locality":null,"type":"Park","areaM2":3083.6,"areaHa":0.31,"designation":null,"dedicated":null,"builtYear":null,"renovatedYear":null,"planningAreaId":null,"planningAreaName":null,"centroid":[11.583714,48.131403],"bounds":[11.58259,48.13081,11.58506,48.13209],"amenities":{},"sourceId":"parks"}},{"type":"Feature","id":"munich:osm:way:426916352","geometry":{"type":"Polygon","coordinates":[[[11.58863112,48.135],[11.58880672,48.13494301],[11.58864293,48.13474579],[11.58889379,48.13473856],[11.58903102,48.13481364],[11.58954602,48.1348453],[11.5897895,48.13493848],[11.5904255,48.13548399],[11.58971572,48.13579881],[11.58983377,48.13591912],[11.58956668,48.13603311],[11.5890502,48.13552832],[11.58941469,48.13536548],[11.58913874,48.13504523],[11.58876836,48.13518183],[11.58863112,48.135]]]},"properties":{"id":"munich:osm:way:426916352","name":"Unbenannter Park 426916352","nameAddon":null,"objectNumber":"munich:osm:way:426916352","district":"München","locality":null,"type":"Park","areaM2":8563.9,"areaHa":0.86,"designation":null,"dedicated":null,"builtYear":null,"renovatedYear":null,"planningAreaId":null,"planningAreaName":null,"centroid":[11.589541,48.135322],"bounds":[11.58863,48.13474,11.59043,48.13603],"amenities":{},"sourceId":"parks"}},{"type":"Feature","id":"munich:osm:way:426916354","geometry":{"type":"Polygon","coordinates":[[[11.58529175,48.13243079],[11.58544522,48.13236837],[11.58615058,48.13310385],[11.58717467,48.13404469],[11.58815302,48.13508594],[11.58798774,48.13513841],[11.58702415,48.13409625],[11.58582741,48.13300253],[11.58581265,48.13293287],[11.58533897,48.13251855],[11.58536849,48.13250226],[11.58529175,48.13243079]]]},"properties":{"id":"munich:osm:way:426916354","name":"Unbenannter Park 426916354","nameAddon":null,"objectNumber":"munich:osm:way:426916354","district":"München","locality":null,"type":"Park","areaM2":4744.8,"areaHa":0.47,"designation":null,"dedicated":null,"builtYear":null,"renovatedYear":null,"planningAreaId":null,"planningAreaName":null,"centroid":[11.586728,48.133748],"bounds":[11.58529,48.13237,11.58815,48.13514],"amenities":{},"sourceId":"parks"}},{"type":"Feature","id":"munich:osm:way:426916502","geometry":{"type":"Polygon","coordinates":[[[11.58798774,48.13513841],[11.58815302,48.13508594],[11.58960947,48.13670888],[11.58933648,48.13681654],[11.58923023,48.1368102],[11.58899856,48.13656504],[11.58858538,48.1358956],[11.58803644,48.13519812],[11.58798774,48.13513841]]]},"properties":{"id":"munich:osm:way:426916502","name":"Unbenannter Park 426916502","nameAddon":null,"objectNumber":"munich:osm:way:426916502","district":"München","locality":null,"type":"Park","areaM2":4533.4,"areaHa":0.45,"designation":null,"dedicated":null,"builtYear":null,"renovatedYear":null,"planningAreaId":null,"planningAreaName":null,"centroid":[11.588855,48.136073],"bounds":[11.58799,48.13509,11.58961,48.13682],"amenities":{},"sourceId":"parks"}},{"type":"Feature","id":"munich:osm:way:4271285","geometry":{"type":"Polygon","coordinates":[[[11.49279437,48.14174778],[11.49302457,48.14141397],[11.49462269,48.14122942],[11.49467433,48.14125475],[11.4948337,48.14196399],[11.49294193,48.14218382],[11.49279437,48.14174778]]]},"properties":{"id":"munich:osm:way:4271285","name":"Agricolaplatz","nameAddon":null,"objectNumber":"munich:osm:way:4271285","district":"München","locality":null,"type":"Park","areaM2":11713.4,"areaHa":1.17,"designation":null,"dedicated":null,"builtYear":null,"renovatedYear":null,"planningAreaId":null,"planningAreaName":null,"centroid":[11.493817,48.14171],"bounds":[11.49279,48.14123,11.49483,48.14218],"amenities":{},"sourceId":"parks"}},{"type":"Feature","id":"munich:osm:way:42805472","geometry":{"type":"Polygon","coordinates":[[[11.57269719,48.19508413],[11.57279753,48.19508594],[11.57280196,48.19502804],[11.57337303,48.19504071],[11.57337155,48.19516193],[11.57269866,48.19518636],[11.57269719,48.19508413]]]},"properties":{"id":"munich:osm:way:42805472","name":"Unbenannter Park 42805472","nameAddon":null,"objectNumber":"munich:osm:way:42805472","district":"München","locality":null,"type":"Park","areaM2":727.2,"areaHa":0.07,"designation":null,"dedicated":null,"builtYear":null,"renovatedYear":null,"planningAreaId":null,"planningAreaName":null,"centroid":[11.573037,48.195107],"bounds":[11.5727,48.19503,11.57337,48.19519],"amenities":{},"sourceId":"parks"}},{"type":"Feature","id":"munich:osm:way:42805683","geometry":{"type":"Polygon","coordinates":[[[11.57742956,48.20574543],[11.57761844,48.20573367],[11.57756827,48.20541523],[11.5776391,48.20534467],[11.5778634,48.20532206],[11.57816,48.20499005],[11.57796669,48.20139135],[11.5781541,48.20139045],[11.57814229,48.2012258],[11.57859826,48.20121404],[11.57868975,48.20211236],[11.57885798,48.20210512],[11.5788683,48.20222996],[11.57910883,48.20224806],[11.57910588,48.20231409],[11.57848759,48.20255473],[11.57885798,48.20400127],[11.57918557,48.20523159],[11.57965777,48.20519179],[11.57966515,48.2052343],[11.57949102,48.20539443],[11.57810835,48.20552198],[11.57783388,48.20595169],[11.5779903,48.20697937],[11.5780567,48.20697395],[11.57810983,48.20705717],[11.57796226,48.20717568],[11.57777338,48.20710693],[11.57765238,48.20710693],[11.57742956,48.20574543]]]},"properties":{"id":"munich:osm:way:42805683","name":"Unbenannter Park 42805683","nameAddon":null,"objectNumber":"munich:osm:way:42805683","district":"München","locality":null,"type":"Park","areaM2":33615,"areaHa":3.36,"designation":null,"dedicated":null,"builtYear":null,"renovatedYear":null,"planningAreaId":null,"planningAreaName":null,"centroid":[11.578354,48.204075],"bounds":[11.57743,48.20121,11.57967,48.20718],"amenities":{},"sourceId":"parks"}},{"type":"Feature","id":"munich:osm:way:428359680","geometry":{"type":"Polygon","coordinates":[[[11.54283471,48.11094355],[11.54318296,48.11092998],[11.54320067,48.11076443],[11.54399014,48.11081961],[11.54413475,48.11013027],[11.54426165,48.11013389],[11.54446824,48.10961733],[11.54478255,48.10911887],[11.54483125,48.1089298],[11.54496848,48.10881491],[11.54511457,48.10894518],[11.5455794,48.10871359],[11.54541855,48.10856432],[11.54560448,48.10846752],[11.54603685,48.10879953],[11.54514851,48.10909535],[11.54434134,48.11034919],[11.54412147,48.11142844],[11.54341907,48.11119685],[11.54283471,48.11094355]]]},"properties":{"id":"munich:osm:way:428359680","name":"Unbenannter Park 428359680","nameAddon":null,"objectNumber":"munich:osm:way:428359680","district":"München","locality":null,"type":"Park","areaM2":10639.2,"areaHa":1.06,"designation":null,"dedicated":null,"builtYear":null,"renovatedYear":null,"planningAreaId":null,"planningAreaName":null,"centroid":[11.544396,48.110106],"bounds":[11.54283,48.10847,11.54604,48.11143],"amenities":{},"sourceId":"parks"}},{"type":"Feature","id":"munich:osm:way:43069565","geometry":{"type":"Polygon","coordinates":[[[11.63401878,48.12918039],[11.63555639,48.12893523],[11.63565969,48.1291641],[11.63585152,48.13013479],[11.63428292,48.13016465],[11.63422832,48.12994663],[11.63483776,48.12992582],[11.63483481,48.12963271],[11.63445852,48.12963633],[11.63443786,48.12928533],[11.63404091,48.12930161],[11.63401878,48.12918039]]]},"properties":{"id":"munich:osm:way:43069565","name":"Unbenannter Park 43069565","nameAddon":null,"objectNumber":"munich:osm:way:43069565","district":"München","locality":null,"type":"Park","areaM2":11914.5,"areaHa":1.19,"designation":null,"dedicated":null,"builtYear":null,"renovatedYear":null,"planningAreaId":null,"planningAreaName":null,"centroid":[11.635085,48.129583],"bounds":[11.63402,48.12894,11.63585,48.13016],"amenities":{},"sourceId":"parks"}},{"type":"Feature","id":"munich:osm:way:43129215","geometry":{"type":"Polygon","coordinates":[[[11.54169847,48.16409716],[11.54235513,48.1636973],[11.54323018,48.16435046],[11.54320657,48.16440293],[11.54255139,48.16477836],[11.54175307,48.164203],[11.54179734,48.16417225],[11.54169847,48.16409716]]]},"properties":{"id":"munich:osm:way:43129215","name":"Unbenannter Park 43129215","nameAddon":null,"objectNumber":"munich:osm:way:43129215","district":"München","locality":null,"type":"Park","areaM2":7095.4,"areaHa":0.71,"designation":null,"dedicated":null,"builtYear":null,"renovatedYear":null,"planningAreaId":null,"planningAreaName":null,"centroid":[11.542458,48.164242],"bounds":[11.5417,48.1637,11.54323,48.16478],"amenities":{},"sourceId":"parks"}},{"type":"Feature","id":"munich:osm:way:43129526","geometry":{"type":"Polygon","coordinates":[[[11.54121004,48.16377239],[11.54125283,48.16372444],[11.54212493,48.1632097],[11.54220314,48.16326579],[11.54232414,48.16316989],[11.54264583,48.16339967],[11.54221199,48.1636964],[11.54216773,48.1636575],[11.54166158,48.16397141],[11.54162026,48.16393613],[11.54150959,48.16399765],[11.5413089,48.16384657],[11.54121004,48.16377239]]]},"properties":{"id":"munich:osm:way:43129526","name":"Unbenannter Park 43129526","nameAddon":null,"objectNumber":"munich:osm:way:43129526","district":"München","locality":null,"type":"Park","areaM2":4286.7,"areaHa":0.43,"designation":null,"dedicated":null,"builtYear":null,"renovatedYear":null,"planningAreaId":null,"planningAreaName":null,"centroid":[11.541922,48.163581],"bounds":[11.54121,48.16317,11.54265,48.164],"amenities":{},"sourceId":"parks"}},{"type":"Feature","id":"munich:osm:way:43173811","geometry":{"type":"Polygon","coordinates":[[[11.65257492,48.08080876],[11.65428518,48.08047585],[11.65427781,48.08048218],[11.65257787,48.08081509],[11.65257492,48.08080876]]]},"properties":{"id":"munich:osm:way:43173811","name":"Unbenannter Park 43173811","nameAddon":null,"objectNumber":"munich:osm:way:43173811","district":"München","locality":null,"type":"Park","areaM2":78.1,"areaHa":0.01,"designation":null,"dedicated":null,"builtYear":null,"renovatedYear":null,"planningAreaId":null,"planningAreaName":null,"centroid":[11.65338,48.080655],"bounds":[11.65257,48.08048,11.65429,48.08082],"amenities":{},"sourceId":"parks"}},{"type":"Feature","id":"munich:osm:way:433599192","geometry":{"type":"Polygon","coordinates":[[[11.58690905,48.14414782],[11.58709793,48.14410711],[11.58703891,48.14397503],[11.58710679,48.14395965],[11.58693709,48.14361317],[11.58737683,48.14351456],[11.58733699,48.14411073],[11.58711859,48.14414511],[11.58715548,48.14423648],[11.58696808,48.14427628],[11.58694742,48.14423557],[11.58690905,48.14414782]]]},"properties":{"id":"munich:osm:way:433599192","name":"Unbenannter Park 433599192","nameAddon":null,"objectNumber":"munich:osm:way:433599192","district":"München","locality":null,"type":"Park","areaM2":1720.8,"areaHa":0.17,"designation":null,"dedicated":null,"builtYear":null,"renovatedYear":null,"planningAreaId":null,"planningAreaName":null,"centroid":[11.587175,48.143863],"bounds":[11.58691,48.14351,11.58738,48.14428],"amenities":{},"sourceId":"parks"}},{"type":"Feature","id":"munich:osm:way:43561141","geometry":{"type":"Polygon","coordinates":[[[11.63367348,48.10613353],[11.63379596,48.10613624],[11.63380776,48.10601592],[11.63406895,48.10601321],[11.6340719,48.10676769],[11.63368824,48.1067713],[11.63367348,48.10613353]]]},"properties":{"id":"munich:osm:way:43561141","name":"Unbenannter Park 43561141","nameAddon":null,"objectNumber":"munich:osm:way:43561141","district":"München","locality":null,"type":"Park","areaM2":2320.1,"areaHa":0.23,"designation":null,"dedicated":null,"builtYear":null,"renovatedYear":null,"planningAreaId":null,"planningAreaName":null,"centroid":[11.633883,48.106407],"bounds":[11.63367,48.10601,11.63407,48.10677],"amenities":{},"sourceId":"parks"}},{"type":"Feature","id":"munich:osm:way:43561438","geometry":{"type":"Polygon","coordinates":[[[11.62819444,48.10581599],[11.62835233,48.10538538],[11.62978222,48.10537543],[11.62982649,48.10494482],[11.62992979,48.10472951],[11.62953432,48.10453139],[11.62954022,48.10393251],[11.62997996,48.1039488],[11.63012457,48.10387914],[11.63014376,48.10375972],[11.63116637,48.10382576],[11.63149249,48.10364845],[11.63301977,48.10361769],[11.63329867,48.10397051],[11.63590612,48.10370364],[11.63629274,48.10370726],[11.63630749,48.10581418],[11.62843054,48.1058169],[11.62819444,48.10581599]]]},"properties":{"id":"munich:osm:way:43561438","name":"Unbenannter Park 43561438","nameAddon":null,"objectNumber":"munich:osm:way:43561438","district":"München","locality":null,"type":"Park","areaM2":117822.8,"areaHa":11.78,"designation":null,"dedicated":null,"builtYear":null,"renovatedYear":null,"planningAreaId":null,"planningAreaName":null,"centroid":[11.632823,48.104823],"bounds":[11.62819,48.10362,11.63631,48.10582],"amenities":{},"sourceId":"parks"}},{"type":"Feature","id":"munich:osm:way:4364779","geometry":{"type":"Polygon","coordinates":[[[11.64143238,48.12729872],[11.64206543,48.1272372],[11.64235023,48.12804143],[11.64173194,48.12814185],[11.64143238,48.12729872]]]},"properties":{"id":"munich:osm:way:4364779","name":"Schüleinplatz","nameAddon":null,"objectNumber":"munich:osm:way:4364779","district":"München","locality":null,"type":"Park","areaM2":4461.4,"areaHa":0.45,"designation":null,"dedicated":null,"builtYear":null,"renovatedYear":null,"planningAreaId":null,"planningAreaName":null,"centroid":[11.641892,48.12768],"bounds":[11.64143,48.12724,11.64235,48.12814],"amenities":{},"sourceId":"parks"}},{"type":"Feature","id":"munich:osm:way:436557602","geometry":{"type":"Polygon","coordinates":[[[11.56550493,48.12574272],[11.56566282,48.12564049],[11.56633129,48.12589832],[11.5664095,48.12577981],[11.56655706,48.1258178],[11.56657624,48.12587661],[11.5664641,48.12601321],[11.56656739,48.12615343],[11.56596238,48.12627917],[11.56550493,48.12574272]]]},"properties":{"id":"munich:osm:way:436557602","name":"Am Glockenbach / Westermühlbach","nameAddon":null,"objectNumber":"munich:osm:way:436557602","district":"München","locality":null,"type":"Park","areaM2":3121,"areaHa":0.31,"designation":null,"dedicated":null,"builtYear":null,"renovatedYear":null,"planningAreaId":null,"planningAreaName":null,"centroid":[11.566058,48.125969],"bounds":[11.5655,48.12564,11.56658,48.12628],"amenities":{},"sourceId":"parks"}},{"type":"Feature","id":"munich:osm:way:436942320","geometry":{"type":"Polygon","coordinates":[[[11.59006101,48.13731319],[11.59021596,48.13726343],[11.59203542,48.1383852],[11.59289867,48.13894246],[11.59351548,48.1395142],[11.5942474,48.14043604],[11.5947255,48.14157319],[11.59461483,48.14162566],[11.59451744,48.14163199],[11.59396998,48.14043423],[11.59364977,48.13992582],[11.5931023,48.1392989],[11.59265519,48.13894337],[11.59054207,48.1376262],[11.59006101,48.13731319]]]},"properties":{"id":"munich:osm:way:436942320","name":"Unbenannter Park 436942320","nameAddon":null,"objectNumber":"munich:osm:way:436942320","district":"München","locality":null,"type":"Park","areaM2":8649,"areaHa":0.86,"designation":null,"dedicated":null,"builtYear":null,"renovatedYear":null,"planningAreaId":null,"planningAreaName":null,"centroid":[11.592921,48.139427],"bounds":[11.59006,48.13726,11.59473,48.14163],"amenities":{},"sourceId":"parks"}},{"type":"Feature","id":"munich:osm:way:43847052","geometry":{"type":"Polygon","coordinates":[[[11.53467886,48.19488692],[11.53491054,48.19489235],[11.53530454,48.19472137],[11.53555392,48.19488149],[11.53575165,48.19479555],[11.5358033,48.19459562],[11.53534585,48.19450335],[11.53545062,48.19431699],[11.53576789,48.19422562],[11.53590069,48.19428171],[11.53589774,48.19400579],[11.5360394,48.19360684],[11.53584019,48.1935797],[11.53601137,48.19325041],[11.53559376,48.19312014],[11.53507876,48.19307762],[11.53526764,48.19293378],[11.53630059,48.19294192],[11.53721844,48.1931129],[11.53717564,48.19352542],[11.53733059,48.19354804],[11.53744273,48.19342772],[11.53795773,48.19325674],[11.53828385,48.19335354],[11.53830008,48.19366293],[11.53795921,48.1937742],[11.53803446,48.19389271],[11.53830893,48.19390266],[11.53833402,48.19407997],[11.53821449,48.19425728],[11.53828385,48.19445811],[11.53803446,48.19463543],[11.5380684,48.19480098],[11.53839452,48.19491587],[11.53838567,48.19533924],[11.53864685,48.19552741],[11.53879884,48.19647548],[11.53878704,48.19674778],[11.53886377,48.19692419],[11.53902167,48.19705536],[11.53924301,48.19810476],[11.53988196,48.19808033],[11.5400738,48.20046861],[11.53954404,48.20050389],[11.53949682,48.19985797],[11.53911463,48.19985707],[11.53895231,48.19925819],[11.53714761,48.19964266],[11.53708415,48.19987064],[11.53589184,48.19974308],[11.5359066,48.19876696],[11.53582396,48.19836168],[11.53504187,48.19532658],[11.53481905,48.1951547],[11.53467886,48.19488692]]]},"properties":{"id":"munich:osm:way:43847052","name":"Unbenannter Park 43847052","nameAddon":null,"objectNumber":"munich:osm:way:43847052","district":"München","locality":null,"type":"Park","areaM2":183963.4,"areaHa":18.4,"designation":null,"dedicated":null,"builtYear":null,"renovatedYear":null,"planningAreaId":null,"planningAreaName":null,"centroid":[11.537306,48.196745],"bounds":[11.53468,48.19293,11.54007,48.2005],"amenities":{},"sourceId":"parks"}},{"type":"Feature","id":"munich:osm:way:438653844","geometry":{"type":"Polygon","coordinates":[[[11.54096951,48.130389],[11.54503636,48.12961824],[11.5448947,48.13008866],[11.54486519,48.13059074],[11.54508063,48.13129546],[11.54526214,48.13151348],[11.54455088,48.13167903],[11.5445317,48.131518],[11.54369206,48.13158857],[11.54358876,48.13174778],[11.54356368,48.13206532],[11.54121446,48.13221458],[11.54101083,48.13068482],[11.54096951,48.130389]]]},"properties":{"id":"munich:osm:way:438653844","name":"Bavariapark","nameAddon":null,"objectNumber":"munich:osm:way:438653844","district":"München","locality":null,"type":"Park","areaM2":62455.6,"areaHa":6.25,"designation":null,"dedicated":null,"builtYear":null,"renovatedYear":null,"planningAreaId":null,"planningAreaName":null,"centroid":[11.543018,48.130977],"bounds":[11.54097,48.12962,11.54526,48.13221],"amenities":{},"sourceId":"parks"}},{"type":"Feature","id":"munich:osm:way:43893000","geometry":{"type":"Polygon","coordinates":[[[11.6022483,48.19337615],[11.60258623,48.19338249],[11.60289168,48.19349647],[11.60338602,48.19387914],[11.6037933,48.19434865],[11.60429059,48.19537905],[11.60380953,48.19549846],[11.60374165,48.19581328],[11.60385527,48.19606387],[11.60415188,48.19629546],[11.60466097,48.19619595],[11.60670768,48.20029492],[11.60605102,48.20036638],[11.60585624,48.20032839],[11.60259213,48.19377872],[11.60235012,48.19344762],[11.6022483,48.19337615]]]},"properties":{"id":"munich:osm:way:43893000","name":"Unbenannter Park 43893000","nameAddon":null,"objectNumber":"munich:osm:way:43893000","district":"München","locality":null,"type":"Park","areaM2":44623.4,"areaHa":4.46,"designation":null,"dedicated":null,"builtYear":null,"renovatedYear":null,"planningAreaId":null,"planningAreaName":null,"centroid":[11.604633,48.19704],"bounds":[11.60225,48.19338,11.60671,48.20037],"amenities":{},"sourceId":"parks"}},{"type":"Feature","id":"munich:osm:way:439132111","geometry":{"type":"Polygon","coordinates":[[[11.45670175,48.14059164],[11.4569349,48.14037453],[11.45705,48.14034919],[11.4576801,48.14057626],[11.4567416,48.14065406],[11.45670175,48.14059164]]]},"properties":{"id":"munich:osm:way:439132111","name":"Unbenannter Park 439132111","nameAddon":null,"objectNumber":"munich:osm:way:439132111","district":"München","locality":null,"type":"Park","areaM2":1250.1,"areaHa":0.13,"designation":null,"dedicated":null,"builtYear":null,"renovatedYear":null,"planningAreaId":null,"planningAreaName":null,"centroid":[11.457109,48.140522],"bounds":[11.4567,48.14035,11.45768,48.14065],"amenities":{},"sourceId":"parks"}},{"type":"Feature","id":"munich:osm:way:43919655","geometry":{"type":"Polygon","coordinates":[[[11.58693857,48.17269405],[11.58723517,48.16965352],[11.58735912,48.16962457],[11.58756866,48.16971232],[11.587306,48.17236475],[11.58735765,48.17253392],[11.58769704,48.17289669],[11.58777378,48.17310385],[11.58775607,48.17393885],[11.58761441,48.17397865],[11.58775607,48.17426361],[11.58806743,48.17420934],[11.58804087,48.17454406],[11.58843929,48.17456215],[11.58840683,48.17494301],[11.58949142,48.1749801],[11.58962127,48.17506242],[11.58940878,48.17516646],[11.58933205,48.17526416],[11.58930696,48.17539533],[11.58935714,48.17543333],[11.58915497,48.17547223],[11.58907086,48.17553555],[11.58876245,48.17606025],[11.58853668,48.17622037],[11.58831976,48.17584223],[11.58823565,48.1758558],[11.587064,48.17297811],[11.58693857,48.17269405]]]},"properties":{"id":"munich:osm:way:43919655","name":"Grünanlage Berliner Straße","nameAddon":null,"objectNumber":"munich:osm:way:43919655","district":"München","locality":null,"type":"Park","areaM2":27379.1,"areaHa":2.74,"designation":null,"dedicated":null,"builtYear":null,"renovatedYear":null,"planningAreaId":null,"planningAreaName":null,"centroid":[11.58788,48.173533],"bounds":[11.58694,48.16962,11.58962,48.17622],"amenities":{},"sourceId":"parks"}},{"type":"Feature","id":"munich:osm:way:439403833","geometry":{"type":"Polygon","coordinates":[[[11.47357124,48.17625565],[11.47380439,48.17570834],[11.47450827,48.17573277],[11.47455402,48.17578795],[11.47451417,48.17595983],[11.47440203,48.17611634],[11.47428397,48.17646463],[11.47394753,48.17640764],[11.4738162,48.17629184],[11.47357124,48.17625565]]]},"properties":{"id":"munich:osm:way:439403833","name":"Unbenannter Park 439403833","nameAddon":null,"objectNumber":"munich:osm:way:439403833","district":"München","locality":null,"type":"Park","areaM2":4186.3,"areaHa":0.42,"designation":null,"dedicated":null,"builtYear":null,"renovatedYear":null,"planningAreaId":null,"planningAreaName":null,"centroid":[11.474077,48.176047],"bounds":[11.47357,48.17571,11.47455,48.17646],"amenities":{},"sourceId":"parks"}},{"type":"Feature","id":"munich:osm:way:439403837","geometry":{"type":"Polygon","coordinates":[[[11.47357272,48.17695495],[11.47374684,48.17665189],[11.47386489,48.17655962],[11.47386342,48.17646915],[11.47424413,48.17654152],[11.47420429,48.17737652],[11.47402426,48.17741632],[11.47385752,48.17738828],[11.47369077,48.17730505],[11.47363322,48.17723358],[11.47379406,48.17709698],[11.47377488,48.1770617],[11.47362436,48.17702551],[11.47357272,48.17695495]]]},"properties":{"id":"munich:osm:way:439403837","name":"Unbenannter Park 439403837","nameAddon":null,"objectNumber":"munich:osm:way:439403837","district":"München","locality":null,"type":"Park","areaM2":3774.3,"areaHa":0.38,"designation":null,"dedicated":null,"builtYear":null,"renovatedYear":null,"planningAreaId":null,"planningAreaName":null,"centroid":[11.473959,48.176955],"bounds":[11.47357,48.17647,11.47424,48.17742],"amenities":{},"sourceId":"parks"}},{"type":"Feature","id":"munich:osm:way:439403838","geometry":{"type":"Polygon","coordinates":[[[11.47440055,48.1772381],[11.47624805,48.17746336],[11.47649448,48.17745974],[11.47671287,48.17753573],[11.47749791,48.17757463],[11.47746988,48.17769405],[11.47662434,48.17771395],[11.47640447,48.17763705],[11.4754335,48.17754568],[11.47529036,48.17757282],[11.47501737,48.17749593],[11.47482996,48.17754026],[11.47464698,48.17740637],[11.47442711,48.17737109],[11.47440055,48.1772381]]]},"properties":{"id":"munich:osm:way:439403838","name":"Unbenannter Park 439403838","nameAddon":null,"objectNumber":"munich:osm:way:439403838","district":"München","locality":null,"type":"Park","areaM2":4453.9,"areaHa":0.45,"designation":null,"dedicated":null,"builtYear":null,"renovatedYear":null,"planningAreaId":null,"planningAreaName":null,"centroid":[11.475892,48.177504],"bounds":[11.4744,48.17724,11.4775,48.17771],"amenities":{},"sourceId":"parks"}},{"type":"Feature","id":"munich:osm:way:44000639","geometry":{"type":"Polygon","coordinates":[[[11.57653237,48.10471051],[11.57722002,48.1044943],[11.57796079,48.10537091],[11.57757122,48.10552017],[11.57710934,48.10489506],[11.57673896,48.10500543],[11.57653237,48.10471051]]]},"properties":{"id":"munich:osm:way:44000639","name":"Unbenannter Park 44000639","nameAddon":null,"objectNumber":"munich:osm:way:44000639","district":"München","locality":null,"type":"Park","areaM2":4512,"areaHa":0.45,"designation":null,"dedicated":null,"builtYear":null,"renovatedYear":null,"planningAreaId":null,"planningAreaName":null,"centroid":[11.577277,48.104961],"bounds":[11.57653,48.10449,11.57796,48.10552],"amenities":{},"sourceId":"parks"}},{"type":"Feature","id":"munich:osm:way:44000640","geometry":{"type":"Polygon","coordinates":[[[11.5776937,48.10561878],[11.57809359,48.10546589],[11.57878567,48.10613805],[11.57918999,48.10632984],[11.57894799,48.10656776],[11.57866467,48.10675412],[11.57855399,48.10663108],[11.57858646,48.10656414],[11.57825444,48.10624932],[11.5776937,48.10561878]]]},"properties":{"id":"munich:osm:way:44000640","name":"Unbenannter Park 44000640","nameAddon":null,"objectNumber":"munich:osm:way:44000640","district":"München","locality":null,"type":"Park","areaM2":5546.8,"areaHa":0.55,"designation":null,"dedicated":null,"builtYear":null,"renovatedYear":null,"planningAreaId":null,"planningAreaName":null,"centroid":[11.57844,48.106099],"bounds":[11.57769,48.10547,11.57919,48.10675],"amenities":{},"sourceId":"parks"}},{"type":"Feature","id":"munich:osm:way:442138683","geometry":{"type":"Polygon","coordinates":[[[11.52634594,48.1101167],[11.52639464,48.10972589],[11.52766368,48.10973946],[11.52814474,48.10950063],[11.52884419,48.10975303],[11.53029917,48.10991044],[11.53093812,48.10978288],[11.53173054,48.11003528],[11.53396023,48.11024968],[11.53389825,48.11078524],[11.52882649,48.11020988],[11.5280444,48.11017007],[11.52634594,48.1101167]]]},"properties":{"id":"munich:osm:way:442138683","name":"Heckenstallerpark","nameAddon":null,"objectNumber":"munich:osm:way:442138683","district":"München","locality":null,"type":"Park","areaM2":31648.9,"areaHa":3.16,"designation":null,"dedicated":null,"builtYear":null,"renovatedYear":null,"planningAreaId":null,"planningAreaName":null,"centroid":[11.530291,48.110142],"bounds":[11.52635,48.1095,11.53396,48.11079],"amenities":{},"sourceId":"parks"}},{"type":"Feature","id":"munich:osm:way:4426667","geometry":{"type":"Polygon","coordinates":[[[11.63216833,48.12251945],[11.63294894,48.12239551],[11.63250478,48.12102225],[11.633672,48.12082504],[11.63387564,48.12133979],[11.63451312,48.12121404],[11.6349868,48.1206613],[11.63496614,48.12058621],[11.6353439,48.12051384],[11.6344172,48.12153971],[11.63697301,48.1210702],[11.63699071,48.12112358],[11.63770049,48.12098245],[11.63781707,48.12128008],[11.63803399,48.12125565],[11.63829813,48.12194138],[11.64197984,48.12124842],[11.64206543,48.12141216],[11.64208314,48.12161118],[11.64168176,48.12166003],[11.64151649,48.1217306],[11.64144566,48.12182649],[11.64144566,48.12196038],[11.64168767,48.12222272],[11.64087459,48.12238737],[11.64103839,48.1227429],[11.64069456,48.12281437],[11.64057651,48.12241089],[11.63973835,48.12255202],[11.6398564,48.12293468],[11.63950963,48.12297539],[11.63941076,48.12258097],[11.63852685,48.12262258],[11.63855636,48.12303329],[11.63815056,48.12305138],[11.63813728,48.12330288],[11.63788643,48.12327393],[11.6378938,48.12341053],[11.63749981,48.12342953],[11.63752047,48.12373711],[11.63708958,48.12369188],[11.63698186,48.12330559],[11.63584414,48.12334359],[11.63578807,48.12296635],[11.63476988,48.12303058],[11.63481267,48.12338701],[11.63433899,48.12348019],[11.63443343,48.12444997],[11.63469462,48.1257201],[11.63402173,48.1258368],[11.6336115,48.12486702],[11.63291795,48.12463904],[11.63277777,48.12457843],[11.63269661,48.12448616],[11.63250625,48.12368735],[11.63247231,48.12320517],[11.63230114,48.12273838],[11.63216833,48.12251945]]]},"properties":{"id":"munich:osm:way:4426667","name":"Unbenannter Park 4426667","nameAddon":null,"objectNumber":"munich:osm:way:4426667","district":"München","locality":null,"type":"Park","areaM2":156395.7,"areaHa":15.64,"designation":null,"dedicated":null,"builtYear":null,"renovatedYear":null,"planningAreaId":null,"planningAreaName":null,"centroid":[11.635911,48.122588],"bounds":[11.63217,48.12051,11.64208,48.12584],"amenities":{},"sourceId":"parks"}},{"type":"Feature","id":"munich:osm:way:4428419","geometry":{"type":"Polygon","coordinates":[[[11.63005669,48.11230776],[11.63083878,48.11226343],[11.63110587,48.11219197],[11.63162382,48.11258911],[11.63165924,48.11275375],[11.63181418,48.11290664],[11.63225539,48.11299891],[11.63262725,48.11287769],[11.63351116,48.11191062],[11.63358199,48.11177311],[11.63352149,48.111556],[11.63342262,48.11148001],[11.63330457,48.11141668],[11.63312012,48.11138502],[11.63277187,48.11138954],[11.63260512,48.11122671],[11.63260512,48.11113895],[11.63366315,48.11117062],[11.63382252,48.11082775],[11.63379153,48.11059707],[11.63352149,48.11049213],[11.63283089,48.11049665],[11.63304191,48.11042609],[11.63340344,48.11037453],[11.63352297,48.11028135],[11.63635324,48.11028677],[11.63635176,48.1104089],[11.63651998,48.11060431],[11.63654655,48.11112448],[11.63658196,48.11120138],[11.63673985,48.11128641],[11.63667198,48.11148996],[11.63683282,48.11162113],[11.63699071,48.11164375],[11.63764147,48.11161028],[11.63834092,48.11144382],[11.63866851,48.11142844],[11.63876591,48.11136783],[11.63890019,48.11134974],[11.63912153,48.11134341],[11.6393237,48.11138321],[11.63960997,48.11132531],[11.63982836,48.11120228],[11.63990657,48.11102316],[11.63982984,48.11082504],[11.63988149,48.11039352],[11.64327398,48.11035643],[11.64327398,48.11020988],[11.64507721,48.11020355],[11.64507721,48.11010946],[11.64580174,48.11009227],[11.64580322,48.11028587],[11.64626067,48.11028225],[11.64629166,48.11018817],[11.64646726,48.11061607],[11.64684059,48.11097883],[11.64659121,48.11106025],[11.64562467,48.11161118],[11.64562909,48.11174959],[11.64591832,48.11193776],[11.64549629,48.11198661],[11.64449728,48.11258639],[11.64431283,48.11265605],[11.64425675,48.11282613],[11.64426856,48.11312918],[11.64415641,48.1132287],[11.64401622,48.11325764],[11.64372257,48.11318437],[11.64281063,48.1137751],[11.64402213,48.11462095],[11.64377569,48.11480188],[11.64358534,48.11479012],[11.64309985,48.11446173],[11.64202264,48.11514293],[11.64155486,48.11510313],[11.64100592,48.11532748],[11.64091001,48.11543785],[11.64070342,48.11551836],[11.64063406,48.1154469],[11.64008217,48.11549303],[11.63913039,48.11581418],[11.63868475,48.11610005],[11.63847225,48.11645468],[11.63814614,48.11678578],[11.63782445,48.11694771],[11.63707925,48.11722815],[11.63668083,48.11746788],[11.63607434,48.11734485],[11.63610533,48.11739189],[11.63558,48.11756468],[11.63474479,48.11777999],[11.63472118,48.11771033],[11.63379448,48.11785508],[11.63380924,48.11789488],[11.63336507,48.11794011],[11.63332818,48.11783246],[11.63297403,48.11792473],[11.63306404,48.11808033],[11.63140838,48.11840239],[11.63129623,48.11808395],[11.6314128,48.11791207],[11.63160759,48.11783336],[11.63164448,48.1177438],[11.63155004,48.11759454],[11.63101143,48.11724534],[11.63076057,48.1165569],[11.630765,48.11603492],[11.63053775,48.11511941],[11.63049791,48.11391532],[11.6303651,48.11366926],[11.6302441,48.11358784],[11.63022787,48.11340963],[11.63030017,48.11326126],[11.63038724,48.1132097],[11.63036363,48.1131319],[11.63013343,48.11299439],[11.63009211,48.11289126],[11.63017327,48.11262077],[11.63014671,48.11248145],[11.63005669,48.11230776]]]},"properties":{"id":"munich:osm:way:4428419","name":"Ostpark","nameAddon":null,"objectNumber":"munich:osm:way:4428419","district":"München","locality":null,"type":"Park","areaM2":650139.9,"areaHa":65.01,"designation":null,"dedicated":null,"builtYear":null,"renovatedYear":null,"planningAreaId":null,"planningAreaName":null,"centroid":[11.637273,48.113744],"bounds":[11.63006,48.11009,11.64684,48.1184],"amenities":{},"sourceId":"parks"}},{"type":"Feature","id":"munich:osm:way:4435405","geometry":{"type":"Polygon","coordinates":[[[11.62706853,48.11628189],[11.62714674,48.11558983],[11.62819591,48.11559435],[11.62819887,48.1163027],[11.62813836,48.11632622],[11.62706853,48.11628189]]]},"properties":{"id":"munich:osm:way:4435405","name":"Redlingerplatz","nameAddon":null,"objectNumber":"munich:osm:way:4435405","district":"München","locality":null,"type":"Park","areaM2":6445.7,"areaHa":0.64,"designation":null,"dedicated":null,"builtYear":null,"renovatedYear":null,"planningAreaId":null,"planningAreaName":null,"centroid":[11.627657,48.115953],"bounds":[11.62707,48.11559,11.6282,48.11633],"amenities":{},"sourceId":"parks"}},{"type":"Feature","id":"munich:osm:way:443788799","geometry":{"type":"Polygon","coordinates":[[[11.45722561,48.14014384],[11.45758123,48.13979012],[11.45787341,48.13960376],[11.45808,48.13950063],[11.45851384,48.13947078],[11.45846367,48.13956667],[11.45817149,48.13959019],[11.45821576,48.13993396],[11.45815673,48.14002985],[11.45786603,48.13997467],[11.45762845,48.14009227],[11.45765059,48.14037091],[11.45722561,48.14014384]]]},"properties":{"id":"munich:osm:way:443788799","name":"Unbenannter Park 443788799","nameAddon":null,"objectNumber":"munich:osm:way:443788799","district":"München","locality":null,"type":"Park","areaM2":3305.2,"areaHa":0.33,"designation":null,"dedicated":null,"builtYear":null,"renovatedYear":null,"planningAreaId":null,"planningAreaName":null,"centroid":[11.457824,48.139874],"bounds":[11.45723,48.13947,11.45851,48.14037],"amenities":{},"sourceId":"parks"}},{"type":"Feature","id":"munich:osm:way:4438263","geometry":{"type":"Polygon","coordinates":[[[11.65055035,48.12339967],[11.65123061,48.1231708],[11.65147705,48.12348471],[11.65074808,48.12370545],[11.65055035,48.12339967]]]},"properties":{"id":"munich:osm:way:4438263","name":"Unbenannter Park 4438263","nameAddon":null,"objectNumber":"munich:osm:way:4438263","district":"München","locality":null,"type":"Park","areaM2":2283,"areaHa":0.23,"designation":null,"dedicated":null,"builtYear":null,"renovatedYear":null,"planningAreaId":null,"planningAreaName":null,"centroid":[11.651006,48.12344],"bounds":[11.65055,48.12317,11.65148,48.12371],"amenities":{},"sourceId":"parks"}},{"type":"Feature","id":"munich:osm:way:4439334","geometry":{"type":"Polygon","coordinates":[[[11.62021714,48.11504071],[11.62139618,48.1149611],[11.62155112,48.1156812],[11.62025108,48.11533834],[11.62021714,48.11504071]]]},"properties":{"id":"munich:osm:way:4439334","name":"Raiffeisenplatz","nameAddon":null,"objectNumber":"munich:osm:way:4439334","district":"München","locality":null,"type":"Park","areaM2":5118.4,"areaHa":0.51,"designation":null,"dedicated":null,"builtYear":null,"renovatedYear":null,"planningAreaId":null,"planningAreaName":null,"centroid":[11.620939,48.115266],"bounds":[11.62022,48.11496,11.62155,48.11568],"amenities":{},"sourceId":"parks"}},{"type":"Feature","id":"munich:osm:way:444918589","geometry":{"type":"Polygon","coordinates":[[[11.54174422,48.15728334],[11.54224003,48.15687896],[11.54243924,48.15698299],[11.54236989,48.1570427],[11.54240973,48.15707165],[11.54198327,48.15741813],[11.54174422,48.15728334]]]},"properties":{"id":"munich:osm:way:444918589","name":"Öffentlicher Garten am Kriegsarchiv","nameAddon":null,"objectNumber":"munich:osm:way:444918589","district":"München","locality":null,"type":"Park","areaM2":1327.2,"areaHa":0.13,"designation":null,"dedicated":null,"builtYear":null,"renovatedYear":null,"planningAreaId":null,"planningAreaName":null,"centroid":[11.542105,48.157151],"bounds":[11.54174,48.15688,11.54244,48.15742],"amenities":{},"sourceId":"parks"}},{"type":"Feature","id":"munich:osm:way:444979666","geometry":{"type":"Polygon","coordinates":[[[11.49648199,48.12290302],[11.4968081,48.12262529],[11.49767873,48.12305953],[11.49735114,48.12333363],[11.49648199,48.12290302]]]},"properties":{"id":"munich:osm:way:444979666","name":"Unbenannter Park 444979666","nameAddon":null,"objectNumber":"munich:osm:way:444979666","district":"München","locality":null,"type":"Park","areaM2":3156,"areaHa":0.32,"designation":null,"dedicated":null,"builtYear":null,"renovatedYear":null,"planningAreaId":null,"planningAreaName":null,"centroid":[11.49708,48.12298],"bounds":[11.49648,48.12263,11.49768,48.12333],"amenities":{},"sourceId":"parks"}},{"type":"Feature","id":"munich:osm:way:446686672","geometry":{"type":"Polygon","coordinates":[[[11.60679622,48.1328017],[11.60692165,48.13270943],[11.60699395,48.13275828],[11.60701166,48.13288312],[11.60692608,48.13288945],[11.60679622,48.1328017]]]},"properties":{"id":"munich:osm:way:446686672","name":"Unbenannter Park 446686672","nameAddon":null,"objectNumber":"munich:osm:way:446686672","district":"München","locality":null,"type":"Park","areaM2":192.9,"areaHa":0.02,"designation":null,"dedicated":null,"builtYear":null,"renovatedYear":null,"planningAreaId":null,"planningAreaName":null,"centroid":[11.606922,48.132806],"bounds":[11.6068,48.13271,11.60701,48.13289],"amenities":{},"sourceId":"parks"}},{"type":"Feature","id":"munich:osm:way:450367729","geometry":{"type":"Polygon","coordinates":[[[11.55517104,48.15427447],[11.55621432,48.15337525],[11.55625121,48.15343767],[11.5565788,48.15345124],[11.55684146,48.1536385],[11.55642829,48.15377601],[11.55650354,48.15388276],[11.55639287,48.15392437],[11.5564578,48.15395332],[11.5557008,48.15456215],[11.55517104,48.15427447]]]},"properties":{"id":"munich:osm:way:450367729","name":"Unbenannter Park 450367729","nameAddon":null,"objectNumber":"munich:osm:way:450367729","district":"München","locality":null,"type":"Park","areaM2":6656.8,"areaHa":0.67,"designation":null,"dedicated":null,"builtYear":null,"renovatedYear":null,"planningAreaId":null,"planningAreaName":null,"centroid":[11.555978,48.153959],"bounds":[11.55517,48.15338,11.55684,48.15456],"amenities":{},"sourceId":"parks"}},{"type":"Feature","id":"munich:osm:way:452403207","geometry":{"type":"Polygon","coordinates":[[[11.52275129,48.13749955],[11.52286786,48.13741451],[11.52316004,48.13759363],[11.52304346,48.13767776],[11.52275129,48.13749955]]]},"properties":{"id":"munich:osm:way:452403207","name":"Unbenannter Park 452403207","nameAddon":null,"objectNumber":"munich:osm:way:452403207","district":"München","locality":null,"type":"Park","areaM2":375.4,"areaHa":0.04,"designation":null,"dedicated":null,"builtYear":null,"renovatedYear":null,"planningAreaId":null,"planningAreaName":null,"centroid":[11.522956,48.137546],"bounds":[11.52275,48.13741,11.52316,48.13768],"amenities":{},"sourceId":"parks"}},{"type":"Feature","id":"munich:osm:way:4552530","geometry":{"type":"Polygon","coordinates":[[[11.53451359,48.13617243],[11.5371963,48.13593812],[11.53727451,48.13633617],[11.5345918,48.13657047],[11.53451359,48.13617243]]]},"properties":{"id":"munich:osm:way:4552530","name":"Gollierplatz","nameAddon":null,"objectNumber":"munich:osm:way:4552530","district":"München","locality":null,"type":"Park","areaM2":9001.1,"areaHa":0.9,"designation":null,"dedicated":null,"builtYear":null,"renovatedYear":null,"planningAreaId":null,"planningAreaName":null,"centroid":[11.535894,48.136254],"bounds":[11.53451,48.13594,11.53727,48.13657],"amenities":{},"sourceId":"parks"}},{"type":"Feature","id":"munich:osm:way:45792755","geometry":{"type":"Polygon","coordinates":[[[11.58301042,48.11235209],[11.58471035,48.11181382],[11.58508959,48.11236656],[11.58339261,48.11292835],[11.58301042,48.11235209]]]},"properties":{"id":"munich:osm:way:45792755","name":"Grünanlage am Walchenseeplatz","nameAddon":null,"objectNumber":"munich:osm:way:45792755","district":"München","locality":null,"type":"Park","areaM2":9677.4,"areaHa":0.97,"designation":null,"dedicated":null,"builtYear":null,"renovatedYear":null,"planningAreaId":null,"planningAreaName":null,"centroid":[11.584046,48.112367],"bounds":[11.58301,48.11181,11.58509,48.11293],"amenities":{},"sourceId":"parks"}},{"type":"Feature","id":"munich:osm:way:458301561","geometry":{"type":"Polygon","coordinates":[[[11.55323501,48.1636765],[11.55554585,48.16366564],[11.55552667,48.16294102],[11.55571555,48.16294192],[11.55573621,48.16363488],[11.55642829,48.16363217],[11.55665111,48.16374796],[11.55660831,48.16387733],[11.55671603,48.1641252],[11.55660831,48.1641053],[11.55657732,48.16418853],[11.55563734,48.16403655],[11.55529942,48.16493939],[11.55458669,48.16494934],[11.5546103,48.16399855],[11.55324238,48.16401122],[11.55323501,48.1636765]]]},"properties":{"id":"munich:osm:way:458301561","name":"Stadtwald","nameAddon":null,"objectNumber":"munich:osm:way:458301561","district":"München","locality":null,"type":"Park","areaM2":18532.7,"areaHa":1.85,"designation":null,"dedicated":null,"builtYear":null,"renovatedYear":null,"planningAreaId":null,"planningAreaName":null,"centroid":[11.555098,48.164038],"bounds":[11.55324,48.16294,11.55672,48.16495],"amenities":{},"sourceId":"parks"}},{"type":"Feature","id":"munich:osm:way:4585881","geometry":{"type":"Polygon","coordinates":[[[11.50349717,48.127334],[11.50351045,48.12673964],[11.50443863,48.12672517],[11.50453012,48.12679211],[11.50467325,48.12682377],[11.50660191,48.12677402],[11.50677308,48.12684006],[11.50682178,48.12690157],[11.50692212,48.12728243],[11.50349717,48.127334]]]},"properties":{"id":"munich:osm:way:4585881","name":"Unbenannter Park 4585881","nameAddon":null,"objectNumber":"munich:osm:way:4585881","district":"München","locality":null,"type":"Park","areaM2":14745,"areaHa":1.47,"designation":null,"dedicated":null,"builtYear":null,"renovatedYear":null,"planningAreaId":null,"planningAreaName":null,"centroid":[11.505117,48.127045],"bounds":[11.5035,48.12673,11.50692,48.12733],"amenities":{},"sourceId":"parks"}},{"type":"Feature","id":"munich:osm:way:4585968","geometry":{"type":"Polygon","coordinates":[[[11.50716265,48.12903383],[11.50721578,48.12852361],[11.50760977,48.12845667],[11.5077839,48.12902207],[11.50773372,48.12905102],[11.50716265,48.12903383]]]},"properties":{"id":"munich:osm:way:4585968","name":"Unbenannter Park 4585968","nameAddon":null,"objectNumber":"munich:osm:way:4585968","district":"München","locality":null,"type":"Park","areaM2":2575.7,"areaHa":0.26,"designation":null,"dedicated":null,"builtYear":null,"renovatedYear":null,"planningAreaId":null,"planningAreaName":null,"centroid":[11.507454,48.128786],"bounds":[11.50716,48.12846,11.50778,48.12905],"amenities":{},"sourceId":"parks"}},{"type":"Feature","id":"munich:osm:way:464132773","geometry":{"type":"Polygon","coordinates":[[[11.51360529,48.13340872],[11.51423538,48.1334042],[11.51424276,48.13394065],[11.51361266,48.13394427],[11.51360529,48.13340872]]]},"properties":{"id":"munich:osm:way:464132773","name":"Unbenannter Park 464132773","nameAddon":null,"objectNumber":"munich:osm:way:464132773","district":"München","locality":null,"type":"Park","areaM2":2795.9,"areaHa":0.28,"designation":null,"dedicated":null,"builtYear":null,"renovatedYear":null,"planningAreaId":null,"planningAreaName":null,"centroid":[11.513924,48.133674],"bounds":[11.51361,48.1334,11.51424,48.13394],"amenities":{},"sourceId":"parks"}},{"type":"Feature","id":"munich:osm:way:464132774","geometry":{"type":"Polygon","coordinates":[[[11.51453936,48.13337796],[11.51518127,48.1333653],[11.51520488,48.1339099],[11.51456297,48.13392256],[11.51453936,48.13337796]]]},"properties":{"id":"munich:osm:way:464132774","name":"Unbenannter Park 464132774","nameAddon":null,"objectNumber":"munich:osm:way:464132774","district":"München","locality":null,"type":"Park","areaM2":2896.8,"areaHa":0.29,"designation":null,"dedicated":null,"builtYear":null,"renovatedYear":null,"planningAreaId":null,"planningAreaName":null,"centroid":[11.514872,48.133644],"bounds":[11.51454,48.13337,11.5152,48.13392],"amenities":{},"sourceId":"parks"}},{"type":"Feature","id":"munich:osm:way:464132775","geometry":{"type":"Polygon","coordinates":[[[11.51547492,48.13334811],[11.51613896,48.13333997],[11.51615371,48.13385833],[11.51548968,48.13386647],[11.51547492,48.13334811]]]},"properties":{"id":"munich:osm:way:464132775","name":"Unbenannter Park 464132775","nameAddon":null,"objectNumber":"munich:osm:way:464132775","district":"München","locality":null,"type":"Park","areaM2":2847.5,"areaHa":0.28,"designation":null,"dedicated":null,"builtYear":null,"renovatedYear":null,"planningAreaId":null,"planningAreaName":null,"centroid":[11.515814,48.133603],"bounds":[11.51547,48.13334,11.51615,48.13387],"amenities":{},"sourceId":"parks"}},{"type":"Feature","id":"munich:osm:way:4641748","geometry":{"type":"Polygon","coordinates":[[[11.54887745,48.10094084],[11.55116321,48.10072824],[11.55243816,48.10068301],[11.55277903,48.10063778],[11.55337076,48.10045866],[11.55403775,48.10031844],[11.55555028,48.10017822],[11.55643419,48.09999276],[11.55668947,48.10036096],[11.5566275,48.10039714],[11.55685917,48.10071105],[11.55826103,48.10032296],[11.55835252,48.10036729],[11.55862256,48.10030125],[11.55862846,48.10023611],[11.55869634,48.10024516],[11.55874209,48.10033382],[11.55844991,48.10047946],[11.55848532,48.10051294],[11.55835252,48.10057355],[11.558323,48.10054279],[11.55786851,48.10073639],[11.55678834,48.10105573],[11.55703772,48.10178578],[11.55762355,48.10281165],[11.55827726,48.10345305],[11.55850303,48.10357518],[11.55891473,48.10416501],[11.55865502,48.10424643],[11.5586683,48.10479193],[11.558959,48.10512032],[11.55979864,48.10578795],[11.56244594,48.10664646],[11.5627809,48.10680387],[11.56375335,48.10755654],[11.5644469,48.10835354],[11.56481433,48.10895151],[11.56485713,48.10919215],[11.56512274,48.10967794],[11.56526735,48.11065587],[11.56460184,48.11067668],[11.56443657,48.1113814],[11.56510503,48.11146372],[11.56507257,48.11162837],[11.56500026,48.1116926],[11.5650165,48.11193866],[11.565198,48.11196761],[11.56533966,48.11268771],[11.56520833,48.1128795],[11.56521866,48.1131717],[11.56531605,48.11336892],[11.5653249,48.11361317],[11.56408832,48.11365659],[11.56402044,48.11422381],[11.56380942,48.11458205],[11.56379467,48.11547223],[11.56335788,48.11677311],[11.56312325,48.11718021],[11.56240904,48.11748598],[11.56271007,48.11775556],[11.56076961,48.1186376],[11.56012623,48.11803239],[11.55987833,48.1180939],[11.55948433,48.11805138],[11.55923937,48.11806405],[11.55922609,48.11801701],[11.55901213,48.11802696],[11.55885128,48.11738194],[11.55782867,48.11588837],[11.55689311,48.11416229],[11.55665258,48.11382938],[11.55577163,48.11303781],[11.55561816,48.11282703],[11.55541157,48.11207165],[11.55525073,48.11177945],[11.55496298,48.11140583],[11.55402742,48.11051113],[11.55313319,48.10955401],[11.55212385,48.10822417],[11.55180954,48.10756468],[11.55171215,48.10720373],[11.55229502,48.10719468],[11.55248833,48.10712593],[11.5525326,48.10656233],[11.55236586,48.1065569],[11.55229355,48.10644382],[11.55212533,48.10587661],[11.55164427,48.10594084],[11.5515336,48.10553193],[11.55127093,48.10498733],[11.54993548,48.10335082],[11.54928768,48.10270309],[11.54968167,48.10250769],[11.54925226,48.10192962],[11.54901026,48.10133707],[11.54887745,48.10094084]]]},"properties":{"id":"munich:osm:way:4641748","name":"Flaucher","nameAddon":null,"objectNumber":"munich:osm:way:4641748","district":"München","locality":null,"type":"Park","areaM2":1253257.2,"areaHa":125.33,"designation":null,"dedicated":null,"builtYear":null,"renovatedYear":null,"planningAreaId":null,"planningAreaName":null,"centroid":[11.557887,48.108817],"bounds":[11.54888,48.09999,11.56534,48.11864],"amenities":{},"sourceId":"parks"}},{"type":"Feature","id":"munich:osm:way:46620889","geometry":{"type":"Polygon","coordinates":[[[11.51517684,48.16007961],[11.51525652,48.15983535],[11.51638981,48.15993667],[11.51799383,48.16002443],[11.51796579,48.16031572],[11.51632489,48.16020174],[11.51517684,48.16007961]]]},"properties":{"id":"munich:osm:way:46620889","name":"Unbenannter Park 46620889","nameAddon":null,"objectNumber":"munich:osm:way:46620889","district":"München","locality":null,"type":"Park","areaM2":6241.4,"areaHa":0.62,"designation":null,"dedicated":null,"builtYear":null,"renovatedYear":null,"planningAreaId":null,"planningAreaName":null,"centroid":[11.516632,48.160079],"bounds":[11.51518,48.15984,11.51799,48.16032],"amenities":{},"sourceId":"parks"}},{"type":"Feature","id":"munich:osm:way:46623489","geometry":{"type":"Polygon","coordinates":[[[11.58226375,48.09643387],[11.58300304,48.09517641],[11.58392974,48.09568482],[11.58332178,48.09676588],[11.58226375,48.09643387]]]},"properties":{"id":"munich:osm:way:46623489","name":"Unbenannter Park 46623489","nameAddon":null,"objectNumber":"munich:osm:way:46623489","district":"München","locality":null,"type":"Park","areaM2":11948.8,"areaHa":1.19,"designation":null,"dedicated":null,"builtYear":null,"renovatedYear":null,"planningAreaId":null,"planningAreaName":null,"centroid":[11.583115,48.096012],"bounds":[11.58226,48.09518,11.58393,48.09677],"amenities":{},"sourceId":"parks"}},{"type":"Feature","id":"munich:osm:way:4674483","geometry":{"type":"Polygon","coordinates":[[[11.53991,48.10972137],[11.54023169,48.10617243],[11.54066257,48.10366836],[11.54119676,48.10182106],[11.54117905,48.10298715],[11.54134875,48.10321784],[11.54159223,48.10339425],[11.54134284,48.10358422],[11.54126168,48.10401212],[11.541424,48.10409445],[11.54168519,48.10414058],[11.54267682,48.10526868],[11.54324494,48.10534829],[11.54341169,48.10513117],[11.54390307,48.10541523],[11.5436655,48.10573277],[11.54332315,48.10560702],[11.54260451,48.10553917],[11.54231381,48.10624299],[11.54239055,48.10654243],[11.54238907,48.10781346],[11.54398719,48.10778542],[11.544877,48.10770671],[11.54540675,48.10829654],[11.54510277,48.10830197],[11.54494045,48.10807219],[11.54360204,48.10811109],[11.54329659,48.10813914],[11.54288193,48.10845486],[11.54295572,48.10879682],[11.54312099,48.10885652],[11.54307672,48.10902298],[11.54311213,48.10936765],[11.54305163,48.11030306],[11.54320067,48.11076443],[11.54318296,48.11092998],[11.54283471,48.11094355],[11.54255434,48.11081871],[11.54158042,48.11050208],[11.54029662,48.11020716],[11.54000887,48.110019],[11.53997345,48.1097268],[11.53991,48.10972137]]]},"properties":{"id":"munich:osm:way:4674483","name":"Neuhofener Berg","nameAddon":null,"objectNumber":"munich:osm:way:4674483","district":"München","locality":null,"type":"Park","areaM2":149006.9,"areaHa":14.9,"designation":null,"dedicated":null,"builtYear":null,"renovatedYear":null,"planningAreaId":null,"planningAreaName":null,"centroid":[11.541609,48.107456],"bounds":[11.53991,48.10182,11.54541,48.11094],"amenities":{},"sourceId":"parks"}},{"type":"Feature","id":"munich:osm:way:46958928","geometry":{"type":"Polygon","coordinates":[[[11.53044526,48.15866836],[11.53050576,48.15826217],[11.53067841,48.1583653],[11.53073006,48.15847476],[11.53067103,48.15859689],[11.53058397,48.15864031],[11.53044526,48.15866836]]]},"properties":{"id":"munich:osm:way:46958928","name":"Unbenannter Park 46958928","nameAddon":null,"objectNumber":"munich:osm:way:46958928","district":"München","locality":null,"type":"Park","areaM2":627.3,"areaHa":0.06,"designation":null,"dedicated":null,"builtYear":null,"renovatedYear":null,"planningAreaId":null,"planningAreaName":null,"centroid":[11.530577,48.158481],"bounds":[11.53045,48.15826,11.53073,48.15867],"amenities":{},"sourceId":"parks"}},{"type":"Feature","id":"munich:osm:way:4734850","geometry":{"type":"Polygon","coordinates":[[[11.52414724,48.10973856],[11.52424463,48.10894427],[11.52449992,48.1083454],[11.52473454,48.10800615],[11.52524069,48.10825312],[11.52501492,48.1085788],[11.52487473,48.10901212],[11.52478029,48.10973584],[11.52414724,48.10973856]]]},"properties":{"id":"munich:osm:way:4734850","name":"Unbenannter Park 4734850","nameAddon":null,"objectNumber":"munich:osm:way:4734850","district":"München","locality":null,"type":"Park","areaM2":8632.1,"areaHa":0.86,"designation":null,"dedicated":null,"builtYear":null,"renovatedYear":null,"planningAreaId":null,"planningAreaName":null,"centroid":[11.524628,48.108925],"bounds":[11.52415,48.10801,11.52524,48.10974],"amenities":{},"sourceId":"parks"}},{"type":"Feature","id":"munich:osm:way:4734872","geometry":{"type":"Polygon","coordinates":[[[11.52353928,48.11429347],[11.52376062,48.11272842],[11.52439367,48.11277185],[11.52417675,48.11428714],[11.5235924,48.11432875],[11.52353928,48.11429347]]]},"properties":{"id":"munich:osm:way:4734872","name":"Eichendorffplatz","nameAddon":null,"objectNumber":"munich:osm:way:4734872","district":"München","locality":null,"type":"Park","areaM2":8232.7,"areaHa":0.82,"designation":null,"dedicated":null,"builtYear":null,"renovatedYear":null,"planningAreaId":null,"planningAreaName":null,"centroid":[11.523964,48.113529],"bounds":[11.52354,48.11273,11.52439,48.11433],"amenities":{},"sourceId":"parks"}},{"type":"Feature","id":"munich:osm:way:473779822","geometry":{"type":"Polygon","coordinates":[[[11.57033322,48.16687805],[11.57161702,48.16675502],[11.57165834,48.166945],[11.57037601,48.16707979],[11.57033322,48.16687805]]]},"properties":{"id":"munich:osm:way:473779822","name":"Unbenannter Park 473779822","nameAddon":null,"objectNumber":"munich:osm:way:473779822","district":"München","locality":null,"type":"Park","areaM2":2119.2,"areaHa":0.21,"designation":null,"dedicated":null,"builtYear":null,"renovatedYear":null,"planningAreaId":null,"planningAreaName":null,"centroid":[11.57099,48.166915],"bounds":[11.57033,48.16676,11.57166,48.16708],"amenities":{},"sourceId":"parks"}},{"type":"Feature","id":"munich:osm:way:473779823","geometry":{"type":"Polygon","coordinates":[[[11.57189001,48.16642211],[11.57256586,48.16634974],[11.57267358,48.16715307],[11.57207447,48.16720463],[11.57189001,48.16642211]]]},"properties":{"id":"munich:osm:way:473779823","name":"Postwiese","nameAddon":null,"objectNumber":"munich:osm:way:473779823","district":"München","locality":null,"type":"Park","areaM2":4253.1,"areaHa":0.43,"designation":null,"dedicated":null,"builtYear":null,"renovatedYear":null,"planningAreaId":null,"planningAreaName":null,"centroid":[11.5723,48.166774],"bounds":[11.57189,48.16635,11.57267,48.1672],"amenities":{},"sourceId":"parks"}},{"type":"Feature","id":"munich:osm:way:474050247","geometry":{"type":"Polygon","coordinates":[[[11.52936067,48.15949068],[11.52955398,48.15936675],[11.52957906,48.15896056],[11.52939756,48.15882848],[11.53003503,48.15883391],[11.52998929,48.15950606],[11.52989485,48.15958748],[11.52936067,48.15949068]]]},"properties":{"id":"munich:osm:way:474050247","name":"Unbenannter Park 474050247","nameAddon":null,"objectNumber":"munich:osm:way:474050247","district":"München","locality":null,"type":"Park","areaM2":2910.8,"areaHa":0.29,"designation":null,"dedicated":null,"builtYear":null,"renovatedYear":null,"planningAreaId":null,"planningAreaName":null,"centroid":[11.529767,48.159192],"bounds":[11.52936,48.15883,11.53004,48.15959],"amenities":{},"sourceId":"parks"}},{"type":"Feature","id":"munich:osm:way:475310334","geometry":{"type":"Polygon","coordinates":[[[11.55795262,48.15272661],[11.55913756,48.15172517],[11.55983111,48.15204994],[11.5603284,48.15235028],[11.56062205,48.15335173],[11.55970863,48.15361408],[11.55933677,48.1530351],[11.55879816,48.15319251],[11.55835989,48.15294373],[11.55795262,48.15272661]]]},"properties":{"id":"munich:osm:way:475310334","name":"Maßmannpark","nameAddon":null,"objectNumber":"munich:osm:way:475310334","district":"München","locality":null,"type":"Park","areaM2":22404.9,"areaHa":2.24,"designation":null,"dedicated":null,"builtYear":null,"renovatedYear":null,"planningAreaId":null,"planningAreaName":null,"centroid":[11.559426,48.152681],"bounds":[11.55795,48.15173,11.56062,48.15361],"amenities":{},"sourceId":"parks"}},{"type":"Feature","id":"munich:osm:way:475934126","geometry":{"type":"Polygon","coordinates":[[[11.4467899,48.13731229],[11.44680318,48.13726705],[11.44690795,48.13724353],[11.44716176,48.13732314],[11.44729899,48.13740999],[11.44758084,48.13768591],[11.44764724,48.13782251],[11.4476015,48.13789759],[11.44754542,48.13790483],[11.4467899,48.13731229]]]},"properties":{"id":"munich:osm:way:475934126","name":"Unbenannter Park 475934126","nameAddon":null,"objectNumber":"munich:osm:way:475934126","district":"München","locality":null,"type":"Park","areaM2":1632.1,"areaHa":0.16,"designation":null,"dedicated":null,"builtYear":null,"renovatedYear":null,"planningAreaId":null,"planningAreaName":null,"centroid":[11.447251,48.137546],"bounds":[11.44679,48.13724,11.44765,48.1379],"amenities":{},"sourceId":"parks"}},{"type":"Feature","id":"munich:osm:way:477075335","geometry":{"type":"Polygon","coordinates":[[[11.53942894,48.10716664],[11.53961192,48.10668355],[11.53971669,48.10667451],[11.5397403,48.1063416],[11.5396252,48.10632531],[11.53974916,48.10594898],[11.53989377,48.10596526],[11.53979047,48.10720282],[11.53942894,48.10716664]]]},"properties":{"id":"munich:osm:way:477075335","name":"Unbenannter Park 477075335","nameAddon":null,"objectNumber":"munich:osm:way:477075335","district":"München","locality":null,"type":"Park","areaM2":2132.2,"areaHa":0.21,"designation":null,"dedicated":null,"builtYear":null,"renovatedYear":null,"planningAreaId":null,"planningAreaName":null,"centroid":[11.539715,48.106663],"bounds":[11.53943,48.10595,11.53989,48.1072],"amenities":{},"sourceId":"parks"}},{"type":"Feature","id":"munich:osm:way:480648777","geometry":{"type":"Polygon","coordinates":[[[11.67986831,48.14304324],[11.68021804,48.14243894],[11.68093962,48.14265605],[11.68205816,48.14277366],[11.68258496,48.14279265],[11.68275466,48.14339244],[11.68141921,48.14325312],[11.68143101,48.14320337],[11.67986831,48.14304324]]]},"properties":{"id":"munich:osm:way:480648777","name":"Unbenannter Park 480648777","nameAddon":null,"objectNumber":"munich:osm:way:480648777","district":"München","locality":null,"type":"Park","areaM2":12055,"areaHa":1.21,"designation":null,"dedicated":null,"builtYear":null,"renovatedYear":null,"planningAreaId":null,"planningAreaName":null,"centroid":[11.68134,48.142952],"bounds":[11.67987,48.14244,11.68275,48.14339],"amenities":{},"sourceId":"parks"}},{"type":"Feature","id":"munich:osm:way:480920038","geometry":{"type":"Polygon","coordinates":[[[11.66239086,48.10835535],[11.66279223,48.10815813],[11.66275534,48.10811561],[11.662655,48.10815451],[11.66257974,48.10803872],[11.66261368,48.10798534],[11.6627642,48.10792745],[11.66311245,48.10835716],[11.66258565,48.10858694],[11.66239086,48.10835535]]]},"properties":{"id":"munich:osm:way:480920038","name":"Park an der Loherhofstraße","nameAddon":null,"objectNumber":"munich:osm:way:480920038","district":"München","locality":null,"type":"Park","areaM2":1850.9,"areaHa":0.19,"designation":null,"dedicated":null,"builtYear":null,"renovatedYear":null,"planningAreaId":null,"planningAreaName":null,"centroid":[11.662749,48.108288],"bounds":[11.66239,48.10793,11.66311,48.10859],"amenities":{},"sourceId":"parks"}},{"type":"Feature","id":"munich:osm:way:482245560","geometry":{"type":"Polygon","coordinates":[[[11.68432179,48.14413063],[11.68437048,48.14404198],[11.68451067,48.14406821],[11.68468774,48.14377782],[11.68477333,48.14325403],[11.68496664,48.14287588],[11.68545803,48.14239099],[11.68555837,48.14218111],[11.68570151,48.14144834],[11.68586235,48.14116971],[11.68634931,48.1413416],[11.68612501,48.14148905],[11.68564986,48.14236204],[11.68496074,48.14315361],[11.68472463,48.14418491],[11.68432179,48.14413063]]]},"properties":{"id":"munich:osm:way:482245560","name":"Unbenannter Park 482245560","nameAddon":null,"objectNumber":"munich:osm:way:482245560","district":"München","locality":null,"type":"Park","areaM2":5885.9,"areaHa":0.59,"designation":null,"dedicated":null,"builtYear":null,"renovatedYear":null,"planningAreaId":null,"planningAreaName":null,"centroid":[11.685416,48.142449],"bounds":[11.68432,48.14117,11.68635,48.14418],"amenities":{},"sourceId":"parks"}},{"type":"Feature","id":"munich:osm:way:484283858","geometry":{"type":"Polygon","coordinates":[[[11.61674644,48.13206984],[11.61744147,48.13192238],[11.61760379,48.13226796],[11.61718913,48.1323349],[11.61686745,48.13234304],[11.61674644,48.13206984]]]},"properties":{"id":"munich:osm:way:484283858","name":"Unbenannter Park 484283858","nameAddon":null,"objectNumber":"munich:osm:way:484283858","district":"München","locality":null,"type":"Park","areaM2":2030.3,"areaHa":0.2,"designation":null,"dedicated":null,"builtYear":null,"renovatedYear":null,"planningAreaId":null,"planningAreaName":null,"centroid":[11.617181,48.132155],"bounds":[11.61675,48.13192,11.6176,48.13234],"amenities":{},"sourceId":"parks"}},{"type":"Feature","id":"munich:osm:way:48554614","geometry":{"type":"Polygon","coordinates":[[[11.55324238,48.16516103],[11.55329993,48.16511851],[11.55485526,48.16512032],[11.55418237,48.16705265],[11.55425024,48.16717297],[11.55435501,48.16723177],[11.55428271,48.16734847],[11.55397873,48.16707889],[11.55360539,48.16650986],[11.55335158,48.16571105],[11.55324238,48.16516103]]]},"properties":{"id":"munich:osm:way:48554614","name":"Grünanlage am Ackermannbogen","nameAddon":null,"objectNumber":"munich:osm:way:48554614","district":"München","locality":null,"type":"Park","areaM2":16663.5,"areaHa":1.67,"designation":null,"dedicated":null,"builtYear":null,"renovatedYear":null,"planningAreaId":null,"planningAreaName":null,"centroid":[11.554015,48.1659],"bounds":[11.55324,48.16512,11.55486,48.16735],"amenities":{},"sourceId":"parks"}},{"type":"Feature","id":"munich:osm:way:48554648","geometry":{"type":"Polygon","coordinates":[[[11.55637664,48.16735842],[11.55748632,48.16432332],[11.55776079,48.1642211],[11.5582566,48.16437851],[11.5581961,48.16447349],[11.55841302,48.16452144],[11.55724726,48.16750588],[11.55637664,48.16735842]]]},"properties":{"id":"munich:osm:way:48554648","name":"Große Wiese im Ackermannbogen","nameAddon":null,"objectNumber":"munich:osm:way:48554648","district":"München","locality":null,"type":"Park","areaM2":24873.3,"areaHa":2.49,"designation":null,"dedicated":null,"builtYear":null,"renovatedYear":null,"planningAreaId":null,"planningAreaName":null,"centroid":[11.557402,48.165863],"bounds":[11.55638,48.16422,11.55841,48.16751],"amenities":{},"sourceId":"parks"}},{"type":"Feature","id":"munich:osm:way:491673160","geometry":{"type":"Polygon","coordinates":[[[11.5907162,48.13716664],[11.59125923,48.1370626],[11.59136843,48.13708612],[11.59139204,48.13703818],[11.59178161,48.13696399],[11.59194245,48.13708069],[11.59193655,48.13714312],[11.59210625,48.13722453],[11.59216085,48.13729872],[11.59209149,48.137334],[11.59228923,48.13763072],[11.5925091,48.13814999],[11.59273339,48.13845124],[11.59266847,48.13845938],[11.59162667,48.13783427],[11.5908313,48.13725982],[11.5907162,48.13716664]]]},"properties":{"id":"munich:osm:way:491673160","name":"Schwindinsel","nameAddon":null,"objectNumber":"munich:osm:way:491673160","district":"München","locality":null,"type":"Park","areaM2":8810.1,"areaHa":0.88,"designation":null,"dedicated":null,"builtYear":null,"renovatedYear":null,"planningAreaId":null,"planningAreaName":null,"centroid":[11.591771,48.137556],"bounds":[11.59072,48.13696,11.59273,48.13846],"amenities":{},"sourceId":"parks"}},{"type":"Feature","id":"munich:osm:way:491736235","geometry":{"type":"Polygon","coordinates":[[[11.5018843,48.10238828],[11.50217352,48.10203184],[11.50247898,48.10178126],[11.50293052,48.10150081],[11.50414497,48.10088565],[11.50494034,48.10040166],[11.50639532,48.0991831],[11.50706674,48.0991044],[11.50804656,48.0991252],[11.50844941,48.09905283],[11.50859992,48.09908269],[11.50864567,48.09939117],[11.50852614,48.0994554],[11.50885668,48.10065316],[11.50886997,48.10103311],[11.50974945,48.10118328],[11.50999883,48.10118871],[11.5101759,48.10124208],[11.51013901,48.10171069],[11.51198946,48.10169441],[11.51317588,48.10252488],[11.51434753,48.10316627],[11.51740948,48.10459653],[11.51728995,48.10478831],[11.51738439,48.10503076],[11.51736521,48.10526506],[11.51718666,48.10575267],[11.51714534,48.10621404],[11.51611092,48.10617785],[11.51468545,48.10619142],[11.51365693,48.1060892],[11.51336476,48.10680206],[11.51302831,48.10800796],[11.50207761,48.10248598],[11.5018843,48.10238828]]]},"properties":{"id":"munich:osm:way:491736235","name":"Südpark/Sendlinger Wald","nameAddon":null,"objectNumber":"munich:osm:way:491736235","district":"München","locality":null,"type":"Park","areaM2":506770.2,"areaHa":50.68,"designation":null,"dedicated":null,"builtYear":null,"renovatedYear":null,"planningAreaId":null,"planningAreaName":null,"centroid":[11.509685,48.103475],"bounds":[11.50188,48.09905,11.51741,48.10801],"amenities":{},"sourceId":"parks"}},{"type":"Feature","id":"munich:osm:way:494888272","geometry":{"type":"Polygon","coordinates":[[[11.58413928,48.17448164],[11.58419093,48.17382124],[11.58452147,48.17384205],[11.58448753,48.17408721],[11.58441523,48.17408269],[11.5843562,48.17449521],[11.58413928,48.17448164]]]},"properties":{"id":"munich:osm:way:494888272","name":"Unbenannter Park 494888272","nameAddon":null,"objectNumber":"munich:osm:way:494888272","district":"München","locality":null,"type":"Park","areaM2":1421.1,"areaHa":0.14,"designation":null,"dedicated":null,"builtYear":null,"renovatedYear":null,"planningAreaId":null,"planningAreaName":null,"centroid":[11.584304,48.17413],"bounds":[11.58414,48.17382,11.58452,48.1745],"amenities":{},"sourceId":"parks"}},{"type":"Feature","id":"munich:osm:way:495553374","geometry":{"type":"Polygon","coordinates":[[[11.56477597,48.12622761],[11.56525998,48.12608648],[11.56549165,48.12636602],[11.56506372,48.12631174],[11.56482466,48.12632803],[11.56477597,48.12622761]]]},"properties":{"id":"munich:osm:way:495553374","name":"Grünanlage am Alten Südfriedhof","nameAddon":null,"objectNumber":"munich:osm:way:495553374","district":"München","locality":null,"type":"Park","areaM2":881.7,"areaHa":0.09,"designation":null,"dedicated":null,"builtYear":null,"renovatedYear":null,"planningAreaId":null,"planningAreaName":null,"centroid":[11.565136,48.126241],"bounds":[11.56478,48.12609,11.56549,48.12637],"amenities":{},"sourceId":"parks"}},{"type":"Feature","id":"munich:osm:way:49682155","geometry":{"type":"Polygon","coordinates":[[[11.52674289,48.11706893],[11.52677092,48.11672698],[11.52740987,48.11675773],[11.52731101,48.11713859],[11.52693472,48.11707708],[11.52674289,48.11706893]]]},"properties":{"id":"munich:osm:way:49682155","name":"Unbenannter Park 49682155","nameAddon":null,"objectNumber":"munich:osm:way:49682155","district":"München","locality":null,"type":"Park","areaM2":1790.8,"areaHa":0.18,"designation":null,"dedicated":null,"builtYear":null,"renovatedYear":null,"planningAreaId":null,"planningAreaName":null,"centroid":[11.527067,48.116917],"bounds":[11.52674,48.11673,11.52741,48.11714],"amenities":{},"sourceId":"parks"}},{"type":"Feature","id":"munich:osm:way:49789458","geometry":{"type":"Polygon","coordinates":[[[11.6582576,48.16570472],[11.65847009,48.16559345],[11.65956797,48.16680568],[11.65934367,48.16689886],[11.6582576,48.16570472]]]},"properties":{"id":"munich:osm:way:49789458","name":"Unbenannter Park 49789458","nameAddon":null,"objectNumber":"munich:osm:way:49789458","district":"München","locality":null,"type":"Park","areaM2":3097.5,"areaHa":0.31,"designation":null,"dedicated":null,"builtYear":null,"renovatedYear":null,"planningAreaId":null,"planningAreaName":null,"centroid":[11.658909,48.166249],"bounds":[11.65826,48.16559,11.65957,48.1669],"amenities":{},"sourceId":"parks"}},{"type":"Feature","id":"munich:osm:way:49789465","geometry":{"type":"Polygon","coordinates":[[[11.65714054,48.16615524],[11.65822366,48.16573367],[11.65847895,48.16602587],[11.6573973,48.16644744],[11.65714054,48.16615524]]]},"properties":{"id":"munich:osm:way:49789465","name":"Unbenannter Park 49789465","nameAddon":null,"objectNumber":"munich:osm:way:49789465","district":"München","locality":null,"type":"Park","areaM2":3510.3,"areaHa":0.35,"designation":null,"dedicated":null,"builtYear":null,"renovatedYear":null,"planningAreaId":null,"planningAreaName":null,"centroid":[11.65781,48.166091],"bounds":[11.65714,48.16573,11.65848,48.16645],"amenities":{},"sourceId":"parks"}},{"type":"Feature","id":"munich:osm:way:49789472","geometry":{"type":"Polygon","coordinates":[[[11.65435749,48.16663561],[11.65517057,48.1666347],[11.65517204,48.1668093],[11.65435749,48.1668093],[11.65435749,48.16663561]]]},"properties":{"id":"munich:osm:way:49789472","name":"Unbenannter Park 49789472","nameAddon":null,"objectNumber":"munich:osm:way:49789472","district":"München","locality":null,"type":"Park","areaM2":1171.5,"areaHa":0.12,"designation":null,"dedicated":null,"builtYear":null,"renovatedYear":null,"planningAreaId":null,"planningAreaName":null,"centroid":[11.654765,48.166722],"bounds":[11.65436,48.16663,11.65517,48.16681],"amenities":{},"sourceId":"parks"}},{"type":"Feature","id":"munich:osm:way:49789474","geometry":{"type":"Polygon","coordinates":[[[11.6553742,48.16681744],[11.65537716,48.16663199],[11.65649126,48.16663923],[11.65648831,48.16682468],[11.6553742,48.16681744]]]},"properties":{"id":"munich:osm:way:49789474","name":"Unbenannter Park 49789474","nameAddon":null,"objectNumber":"munich:osm:way:49789474","district":"München","locality":null,"type":"Park","areaM2":1707.2,"areaHa":0.17,"designation":null,"dedicated":null,"builtYear":null,"renovatedYear":null,"planningAreaId":null,"planningAreaName":null,"centroid":[11.655933,48.166728],"bounds":[11.65537,48.16663,11.65649,48.16682],"amenities":{},"sourceId":"parks"}},{"type":"Feature","id":"munich:osm:way:49789523","geometry":{"type":"Polygon","coordinates":[[[11.65661522,48.16674597],[11.6566285,48.1666347],[11.65692805,48.16647096],[11.65699003,48.16625746],[11.65722318,48.16652976],[11.65661522,48.16674597]]]},"properties":{"id":"munich:osm:way:49789523","name":"Unbenannter Park 49789523","nameAddon":null,"objectNumber":"munich:osm:way:49789523","district":"München","locality":null,"type":"Park","areaM2":802.2,"areaHa":0.08,"designation":null,"dedicated":null,"builtYear":null,"renovatedYear":null,"planningAreaId":null,"planningAreaName":null,"centroid":[11.656933,48.166533],"bounds":[11.65662,48.16626,11.65722,48.16675],"amenities":{},"sourceId":"parks"}},{"type":"Feature","id":"munich:osm:way:49901637","geometry":{"type":"Polygon","coordinates":[[[11.52077393,48.1633454],[11.52099233,48.16314004],[11.52483194,48.16419758],[11.52494408,48.16430975],[11.52479357,48.16451239],[11.52282507,48.16390356],[11.52077393,48.1633454]]]},"properties":{"id":"munich:osm:way:49901637","name":"Unbenannter Park 49901637","nameAddon":null,"objectNumber":"munich:osm:way:49901637","district":"München","locality":null,"type":"Park","areaM2":9188.2,"areaHa":0.92,"designation":null,"dedicated":null,"builtYear":null,"renovatedYear":null,"planningAreaId":null,"planningAreaName":null,"centroid":[11.522954,48.163821],"bounds":[11.52077,48.16314,11.52494,48.16451],"amenities":{},"sourceId":"parks"}},{"type":"Feature","id":"munich:osm:way:500515030","geometry":{"type":"Polygon","coordinates":[[[11.57825444,48.18321965],[11.57930952,48.1831717],[11.58054906,48.18296997],[11.58149346,48.18274471],[11.58164545,48.18308395],[11.58187418,48.18307491],[11.5819214,48.18411435],[11.58091059,48.18407726],[11.58085451,48.18339334],[11.58054463,48.18328117],[11.57996618,48.18329835],[11.57970499,48.18351366],[11.57958989,48.18351547],[11.57957661,48.18333363],[11.57899373,48.18336439],[11.57877091,48.1835417],[11.57878862,48.18377058],[11.57837987,48.18384114],[11.57825444,48.18321965]]]},"properties":{"id":"munich:osm:way:500515030","name":"Unbenannter Park 500515030","nameAddon":null,"objectNumber":"munich:osm:way:500515030","district":"München","locality":null,"type":"Park","areaM2":17270.5,"areaHa":1.73,"designation":null,"dedicated":null,"builtYear":null,"renovatedYear":null,"planningAreaId":null,"planningAreaName":null,"centroid":[11.580592,48.183413],"bounds":[11.57825,48.18274,11.58192,48.18411],"amenities":{},"sourceId":"parks"}},{"type":"Feature","id":"munich:osm:way:502760136","geometry":{"type":"Polygon","coordinates":[[[11.4708664,48.14477746],[11.47107741,48.14458205],[11.47110988,48.14464266],[11.47092837,48.14485164],[11.4708664,48.14477746]]]},"properties":{"id":"munich:osm:way:502760136","name":"Unbenannter Park 502760136","nameAddon":null,"objectNumber":"munich:osm:way:502760136","district":"München","locality":null,"type":"Park","areaM2":242.9,"areaHa":0.02,"designation":null,"dedicated":null,"builtYear":null,"renovatedYear":null,"planningAreaId":null,"planningAreaName":null,"centroid":[11.470989,48.14472],"bounds":[11.47087,48.14458,11.47111,48.14485],"amenities":{},"sourceId":"parks"}},{"type":"Feature","id":"munich:osm:way:503844749","geometry":{"type":"Polygon","coordinates":[[[11.55184643,48.09232043],[11.5519999,48.09197576],[11.55185086,48.09178216],[11.55185381,48.09144925],[11.55220944,48.09136331],[11.55242045,48.09174688],[11.55217402,48.09182106],[11.55211942,48.09195495],[11.55224485,48.09218382],[11.55184643,48.09232043]]]},"properties":{"id":"munich:osm:way:503844749","name":"Unbenannter Park 503844749","nameAddon":null,"objectNumber":"munich:osm:way:503844749","district":"München","locality":null,"type":"Park","areaM2":2404.8,"areaHa":0.24,"designation":null,"dedicated":null,"builtYear":null,"renovatedYear":null,"planningAreaId":null,"planningAreaName":null,"centroid":[11.552079,48.091773],"bounds":[11.55185,48.09136,11.55242,48.09232],"amenities":{},"sourceId":"parks"}},{"type":"Feature","id":"munich:osm:way:504103706","geometry":{"type":"Polygon","coordinates":[[[11.56280452,48.12254297],[11.56306275,48.12254297],[11.56319261,48.12270038],[11.56338001,48.1226063],[11.56359398,48.12281979],[11.56407061,48.1236973],[11.56449117,48.12403655],[11.56410898,48.12416591],[11.56394371,48.1241053],[11.56338001,48.1233843],[11.56348331,48.12335263],[11.56319999,48.12280351],[11.56294322,48.12289578],[11.56281632,48.12274018],[11.56280452,48.12254297]]]},"properties":{"id":"munich:osm:way:504103706","name":"Unbenannter Park 504103706","nameAddon":null,"objectNumber":"munich:osm:way:504103706","district":"München","locality":null,"type":"Park","areaM2":6062.3,"areaHa":0.61,"designation":null,"dedicated":null,"builtYear":null,"renovatedYear":null,"planningAreaId":null,"planningAreaName":null,"centroid":[11.563646,48.123349],"bounds":[11.5628,48.12254,11.56449,48.12417],"amenities":{},"sourceId":"parks"}},{"type":"Feature","id":"munich:osm:way:50436453","geometry":{"type":"Polygon","coordinates":[[[11.44250907,48.16522435],[11.44323214,48.16398136],[11.44331477,48.16392709],[11.44354497,48.16395242],[11.44277469,48.16526959],[11.44262565,48.16523611],[11.44250907,48.16522435]]]},"properties":{"id":"munich:osm:way:50436453","name":"Unbenannter Park 50436453","nameAddon":null,"objectNumber":"munich:osm:way:50436453","district":"München","locality":null,"type":"Park","areaM2":3096.3,"areaHa":0.31,"designation":null,"dedicated":null,"builtYear":null,"renovatedYear":null,"planningAreaId":null,"planningAreaName":null,"centroid":[11.443025,48.164591],"bounds":[11.44251,48.16393,11.44354,48.16527],"amenities":{},"sourceId":"parks"}},{"type":"Feature","id":"munich:osm:way:505114003","geometry":{"type":"Polygon","coordinates":[[[11.56085815,48.160408],[11.5613156,48.16026144],[11.56139085,48.16027954],[11.56162548,48.16092184],[11.56158711,48.16096978],[11.56108392,48.16099873],[11.56089652,48.16048399],[11.56085815,48.160408]]]},"properties":{"id":"munich:osm:way:505114003","name":"Unbenannter Park 505114003","nameAddon":null,"objectNumber":"munich:osm:way:505114003","district":"München","locality":null,"type":"Park","areaM2":3056.7,"areaHa":0.31,"designation":null,"dedicated":null,"builtYear":null,"renovatedYear":null,"planningAreaId":null,"planningAreaName":null,"centroid":[11.561249,48.160652],"bounds":[11.56086,48.16026,11.56163,48.161],"amenities":{},"sourceId":"parks"}},{"type":"Feature","id":"munich:osm:way:505858686","geometry":{"type":"Polygon","coordinates":[[[11.51009622,48.16767143],[11.51035741,48.16761625],[11.5113874,48.16771305],[11.51185813,48.16753483],[11.5121326,48.16653338],[11.51228311,48.16648453],[11.51233181,48.16620047],[11.51209276,48.16609644],[11.51211784,48.1659146],[11.51205734,48.16585489],[11.51193929,48.16584404],[11.51207505,48.16514293],[11.51234509,48.16516012],[11.51224622,48.1658359],[11.51247495,48.16586485],[11.51243068,48.16609463],[11.51259447,48.1661082],[11.51251922,48.16647548],[11.5127199,48.166518],[11.51258267,48.16707255],[11.51246019,48.1670617],[11.5122964,48.16765877],[11.51232296,48.16779084],[11.512714,48.16784693],[11.51277745,48.16793016],[11.51368497,48.16806948],[11.51394026,48.16802786],[11.51480941,48.16763705],[11.51564904,48.167334],[11.51570659,48.16736204],[11.51613453,48.16736656],[11.51638096,48.16751855],[11.51635145,48.16765334],[11.51549705,48.16781979],[11.51263727,48.16881672],[11.51115573,48.16952777],[11.51090782,48.16959924],[11.51078387,48.16942917],[11.51048874,48.16867469],[11.51009622,48.16767143]]]},"properties":{"id":"munich:osm:way:505858686","name":"Unbenannter Park 505858686","nameAddon":null,"objectNumber":"munich:osm:way:505858686","district":"München","locality":null,"type":"Park","areaM2":51538,"areaHa":5.15,"designation":null,"dedicated":null,"builtYear":null,"renovatedYear":null,"planningAreaId":null,"planningAreaName":null,"centroid":[11.51233,48.168019],"bounds":[11.5101,48.16514,11.51638,48.1696],"amenities":{},"sourceId":"parks"}},{"type":"Feature","id":"munich:osm:way:506469149","geometry":{"type":"Polygon","coordinates":[[[11.489455,48.12189976],[11.48959224,48.12188981],[11.48979883,48.12180297],[11.48988884,48.12154062],[11.49000542,48.12147187],[11.49090113,48.1214981],[11.49088785,48.12186901],[11.49042892,48.12186267],[11.49027693,48.12189976],[11.49011756,48.1220617],[11.48964684,48.12205627],[11.48964684,48.12197485],[11.48952583,48.12197485],[11.489455,48.12189976]]]},"properties":{"id":"munich:osm:way:506469149","name":"Unbenannter Park 506469149","nameAddon":null,"objectNumber":"munich:osm:way:506469149","district":"München","locality":null,"type":"Park","areaM2":4315.2,"areaHa":0.43,"designation":null,"dedicated":null,"builtYear":null,"renovatedYear":null,"planningAreaId":null,"planningAreaName":null,"centroid":[11.490251,48.121746],"bounds":[11.48946,48.12147,11.4909,48.12206],"amenities":{},"sourceId":"parks"}},{"type":"Feature","id":"munich:osm:way:50691020","geometry":{"type":"Polygon","coordinates":[[[11.54641461,48.18323593],[11.54659906,48.18306586],[11.54710078,48.18320065],[11.54864135,48.18322236],[11.5498558,48.18236295],[11.55098909,48.18229962],[11.55199695,48.18229057],[11.55200137,48.18247874],[11.551358,48.18247874],[11.5513211,48.18241903],[11.55086071,48.18242084],[11.55085923,48.18281437],[11.55070134,48.18283608],[11.55067035,48.18289488],[11.55040326,48.18289488],[11.55039736,48.18313099],[11.54976873,48.18311019],[11.5497525,48.18387281],[11.54701077,48.18388366],[11.54648839,48.18352542],[11.54646921,48.18345305],[11.54641461,48.18323593]]]},"properties":{"id":"munich:osm:way:50691020","name":"Unbenannter Park 50691020","nameAddon":null,"objectNumber":"munich:osm:way:50691020","district":"München","locality":null,"type":"Park","areaM2":28922.3,"areaHa":2.89,"designation":null,"dedicated":null,"builtYear":null,"renovatedYear":null,"planningAreaId":null,"planningAreaName":null,"centroid":[11.548916,48.183219],"bounds":[11.54641,48.18229,11.552,48.18388],"amenities":{},"sourceId":"parks"}},{"type":"Feature","id":"munich:osm:way:50691175","geometry":{"type":"Polygon","coordinates":[[[11.54759512,48.18059978],[11.54787402,48.18028768],[11.54897041,48.18032658],[11.54913569,48.18026959],[11.54962117,48.18026506],[11.55043867,48.18072734],[11.55164427,48.18072282],[11.55194973,48.18058079],[11.5527082,48.18058079],[11.55266246,48.18076443],[11.55246325,48.18071829],[11.55252375,48.18091551],[11.55242045,48.18098335],[11.55255179,48.18098607],[11.55256212,48.18109734],[11.55177412,48.18109734],[11.55177412,48.18095983],[11.55137865,48.18095983],[11.55132258,48.18087118],[11.55014797,48.18087208],[11.54994286,48.18093541],[11.54985727,48.1810123],[11.54985137,48.18112086],[11.55005206,48.18126561],[11.54960494,48.18126561],[11.54955329,48.18124208],[11.54958575,48.1809526],[11.54954001,48.18090827],[11.54885236,48.1809137],[11.54867086,48.18097883],[11.54866643,48.18143658],[11.54820898,48.18142663],[11.54802748,48.1813615],[11.54759512,48.18059978]]]},"properties":{"id":"munich:osm:way:50691175","name":"Unbenannter Park 50691175","nameAddon":null,"objectNumber":"munich:osm:way:50691175","district":"München","locality":null,"type":"Park","areaM2":21851.7,"areaHa":2.19,"designation":null,"dedicated":null,"builtYear":null,"renovatedYear":null,"planningAreaId":null,"planningAreaName":null,"centroid":[11.549577,48.180769],"bounds":[11.5476,48.18027,11.55271,48.18144],"amenities":{},"sourceId":"parks"}},{"type":"Feature","id":"munich:osm:way:5069360","geometry":{"type":"Polygon","coordinates":[[[11.67175526,48.07943278],[11.67176854,48.07931247],[11.67205334,48.07931247],[11.6720917,48.07939931],[11.67241044,48.07967885],[11.67251521,48.08033924],[11.67277492,48.08102949],[11.67257128,48.08106115],[11.67288117,48.08189253],[11.67332533,48.0828207],[11.67391264,48.08377239],[11.67512709,48.08523521],[11.67464603,48.0855645],[11.67347585,48.084222],[11.67285903,48.08330288],[11.6726185,48.08282703],[11.67189544,48.08048761],[11.67175526,48.07943278]]]},"properties":{"id":"munich:osm:way:5069360","name":"Grünanlage am Waldheimplatz","nameAddon":null,"objectNumber":"munich:osm:way:5069360","district":"München","locality":null,"type":"Park","areaM2":34004.2,"areaHa":3.4,"designation":null,"dedicated":null,"builtYear":null,"renovatedYear":null,"planningAreaId":null,"planningAreaName":null,"centroid":[11.673117,48.082575],"bounds":[11.67176,48.07931,11.67513,48.08556],"amenities":{},"sourceId":"parks"}},{"type":"Feature","id":"munich:osm:way:507664054","geometry":{"type":"Polygon","coordinates":[[[11.56295651,48.09637507],[11.56297274,48.0959336],[11.56331951,48.09595893],[11.56347593,48.09634883],[11.56295651,48.09637507]]]},"properties":{"id":"munich:osm:way:507664054","name":"Unbenannter Park 507664054","nameAddon":null,"objectNumber":"munich:osm:way:507664054","district":"München","locality":null,"type":"Park","areaM2":1493.7,"areaHa":0.15,"designation":null,"dedicated":null,"builtYear":null,"renovatedYear":null,"planningAreaId":null,"planningAreaName":null,"centroid":[11.563179,48.096169],"bounds":[11.56296,48.09593,11.56348,48.09638],"amenities":{},"sourceId":"parks"}},{"type":"Feature","id":"munich:osm:way:508244010","geometry":{"type":"Polygon","coordinates":[[[11.50139586,48.122277],[11.50144308,48.12211236],[11.50205842,48.12201918],[11.50232551,48.12201737],[11.50233289,48.12216664],[11.50139586,48.122277]]]},"properties":{"id":"munich:osm:way:508244010","name":"Unbenannter Park 508244010","nameAddon":null,"objectNumber":"munich:osm:way:508244010","district":"München","locality":null,"type":"Park","areaM2":1307.9,"areaHa":0.13,"designation":null,"dedicated":null,"builtYear":null,"renovatedYear":null,"planningAreaId":null,"planningAreaName":null,"centroid":[11.501875,48.122137],"bounds":[11.5014,48.12202,11.50233,48.12228],"amenities":{},"sourceId":"parks"}},{"type":"Feature","id":"munich:osm:way:508244011","geometry":{"type":"Polygon","coordinates":[[[11.49935063,48.12267957],[11.5002183,48.12238918],[11.50031422,48.12240546],[11.50041751,48.12249502],[11.4994613,48.12282251],[11.4993521,48.12273476],[11.49935063,48.12267957]]]},"properties":{"id":"munich:osm:way:508244011","name":"Unbenannter Park 508244011","nameAddon":null,"objectNumber":"munich:osm:way:508244011","district":"München","locality":null,"type":"Park","areaM2":1485.9,"areaHa":0.15,"designation":null,"dedicated":null,"builtYear":null,"renovatedYear":null,"planningAreaId":null,"planningAreaName":null,"centroid":[11.499861,48.122598],"bounds":[11.49935,48.12239,11.50042,48.12282],"amenities":{},"sourceId":"parks"}},{"type":"Feature","id":"munich:osm:way:511511695","geometry":{"type":"Polygon","coordinates":[[[11.53224997,48.20136331],[11.53335227,48.20135788],[11.53335079,48.20183644],[11.53453425,48.20183553],[11.53462722,48.20135155],[11.53487955,48.2010123],[11.5351127,48.20096888],[11.53515697,48.20048399],[11.53555834,48.20051836],[11.53564836,48.20041252],[11.53610728,48.20048761],[11.53663999,48.20047946],[11.53654259,48.20072553],[11.5359671,48.20077257],[11.53546538,48.20212955],[11.53527355,48.20230957],[11.53512303,48.2028605],[11.53514517,48.20337615],[11.53345851,48.20222272],[11.53224997,48.20136331]]]},"properties":{"id":"munich:osm:way:511511695","name":"Unbenannter Park 511511695","nameAddon":null,"objectNumber":"munich:osm:way:511511695","district":"München","locality":null,"type":"Park","areaM2":31113.8,"areaHa":3.11,"designation":null,"dedicated":null,"builtYear":null,"renovatedYear":null,"planningAreaId":null,"planningAreaName":null,"centroid":[11.534701,48.201778],"bounds":[11.53225,48.20041,11.53664,48.20338],"amenities":{},"sourceId":"parks"}},{"type":"Feature","id":"munich:osm:way:51510373","geometry":{"type":"Polygon","coordinates":[[[11.58609155,48.12872535],[11.58627748,48.12858513],[11.58642357,48.12879682],[11.58623321,48.12887914],[11.58611516,48.12878777],[11.58615058,48.12875701],[11.58609155,48.12872535]]]},"properties":{"id":"munich:osm:way:51510373","name":"Unbenannter Park 51510373","nameAddon":null,"objectNumber":"munich:osm:way:51510373","district":"München","locality":null,"type":"Park","areaM2":426.2,"areaHa":0.04,"designation":null,"dedicated":null,"builtYear":null,"renovatedYear":null,"planningAreaId":null,"planningAreaName":null,"centroid":[11.586257,48.128745],"bounds":[11.58609,48.12859,11.58642,48.12888],"amenities":{},"sourceId":"parks"}},{"type":"Feature","id":"munich:osm:way:51510848","geometry":{"type":"Polygon","coordinates":[[[11.56802532,48.15330016],[11.56814042,48.1526262],[11.56847982,48.15316627],[11.56802532,48.15330016]]]},"properties":{"id":"munich:osm:way:51510848","name":"Unbenannter Park 51510848","nameAddon":null,"objectNumber":"munich:osm:way:51510848","district":"München","locality":null,"type":"Park","areaM2":1203.5,"areaHa":0.12,"designation":null,"dedicated":null,"builtYear":null,"renovatedYear":null,"planningAreaId":null,"planningAreaName":null,"centroid":[11.568215,48.153031],"bounds":[11.56803,48.15263,11.56848,48.1533],"amenities":{},"sourceId":"parks"}},{"type":"Feature","id":"munich:osm:way:517102072","geometry":{"type":"Polygon","coordinates":[[[11.68577529,48.13136331],[11.68577676,48.13081961],[11.68619732,48.13081961],[11.68619584,48.13136331],[11.68577529,48.13136331]]]},"properties":{"id":"munich:osm:way:517102072","name":"Unbenannter Park 517102072","nameAddon":null,"objectNumber":"munich:osm:way:517102072","district":"München","locality":null,"type":"Park","areaM2":1893.4,"areaHa":0.19,"designation":null,"dedicated":null,"builtYear":null,"renovatedYear":null,"planningAreaId":null,"planningAreaName":null,"centroid":[11.685986,48.131091],"bounds":[11.68578,48.13082,11.6862,48.13136],"amenities":{},"sourceId":"parks"}},{"type":"Feature","id":"munich:osm:way:517102073","geometry":{"type":"Polygon","coordinates":[[[11.68549344,48.13012122],[11.68550082,48.12949701],[11.68587268,48.12949973],[11.68586678,48.13012303],[11.68549344,48.13012122]]]},"properties":{"id":"munich:osm:way:517102073","name":"Unbenannter Park 517102073","nameAddon":null,"objectNumber":"munich:osm:way:517102073","district":"München","locality":null,"type":"Park","areaM2":1926.9,"areaHa":0.19,"designation":null,"dedicated":null,"builtYear":null,"renovatedYear":null,"planningAreaId":null,"planningAreaName":null,"centroid":[11.685683,48.12981],"bounds":[11.68549,48.1295,11.68587,48.13012],"amenities":{},"sourceId":"parks"}},{"type":"Feature","id":"munich:osm:way:5185179","geometry":{"type":"Polygon","coordinates":[[[11.63954652,48.1440474],[11.64004823,48.14393794],[11.64149288,48.14401303],[11.64160356,48.14375972],[11.64295376,48.14391171],[11.64337137,48.14392347],[11.64347614,48.14348019],[11.64418297,48.14348109],[11.64437333,48.14343315],[11.64454745,48.14332821],[11.64452975,48.14307491],[11.64497686,48.14306586],[11.64498129,48.14317351],[11.64513033,48.14331916],[11.64547858,48.14336349],[11.64574419,48.14333635],[11.64588586,48.14322779],[11.64604522,48.14287226],[11.6461677,48.14279537],[11.64652481,48.14279084],[11.64652481,48.14332368],[11.64657498,48.14339787],[11.64684354,48.1434621],[11.64727886,48.14344219],[11.64761825,48.14329473],[11.64827344,48.14322236],[11.64844461,48.143074],[11.6495233,48.14306857],[11.64968267,48.14299077],[11.64987893,48.14299982],[11.64990402,48.14314275],[11.64959708,48.14606839],[11.64889321,48.14603854],[11.64885779,48.14588113],[11.64889025,48.14535462],[11.64918833,48.14532929],[11.64911308,48.14482812],[11.64926064,48.14481726],[11.64925178,48.14475484],[11.6493418,48.14474579],[11.64922817,48.14410078],[11.64767433,48.14420753],[11.64699111,48.1441831],[11.64696012,48.14429618],[11.64675943,48.14429256],[11.64672844,48.1444364],[11.64596111,48.14438936],[11.64597439,48.14430342],[11.64517903,48.14426],[11.64516427,48.14436041],[11.64489718,48.14429709],[11.64423609,48.14435046],[11.64408705,48.14505518],[11.64303788,48.14519721],[11.64299656,48.1451366],[11.64290212,48.14511308],[11.64244172,48.14514474],[11.64230006,48.14523883],[11.64233547,48.14548218],[11.64218201,48.14548308],[11.64201821,48.14474579],[11.64127006,48.14469604],[11.64123907,48.14506785],[11.64103101,48.14499638],[11.64049535,48.14499638],[11.63982689,48.14508051],[11.63957898,48.14414511],[11.63954652,48.1440474]]]},"properties":{"id":"munich:osm:way:5185179","name":"Zamilapark","nameAddon":null,"objectNumber":"munich:osm:way:5185179","district":"München","locality":null,"type":"Park","areaM2":103010.8,"areaHa":10.3,"designation":null,"dedicated":null,"builtYear":null,"renovatedYear":null,"planningAreaId":null,"planningAreaName":null,"centroid":[11.645122,48.144155],"bounds":[11.63955,48.14279,11.6499,48.14607],"amenities":{},"sourceId":"parks"}},{"type":"Feature","id":"munich:osm:way:5185809","geometry":{"type":"Polygon","coordinates":[[[11.62566224,48.12366836],[11.62875223,48.12312195],[11.62846743,48.1221214],[11.62734595,48.11967975],[11.62785209,48.11956939],[11.62941627,48.1230541],[11.63173007,48.12271124],[11.63187911,48.12266058],[11.63207684,48.12313552],[11.63222736,48.12374073],[11.63197945,48.12377782],[11.63211226,48.12417677],[11.6321639,48.12417677],[11.63223768,48.12449068],[11.63219932,48.12458477],[11.63212849,48.1247277],[11.63197355,48.12481455],[11.63179057,48.12412792],[11.62991208,48.12436132],[11.63002718,48.12484621],[11.62991798,48.12496653],[11.62994307,48.12521531],[11.6300257,48.12534829],[11.63015408,48.125389],[11.63020131,48.12546047],[11.62953137,48.12552651],[11.62985453,48.12656776],[11.62860909,48.12681744],[11.62813099,48.12621494],[11.62789046,48.12624299],[11.62749056,48.12637326],[11.62720871,48.12601502],[11.62669962,48.1262448],[11.62610198,48.12502081],[11.62587326,48.1240076],[11.62566224,48.12366836]]]},"properties":{"id":"munich:osm:way:5185809","name":"Unbenannter Park 5185809","nameAddon":null,"objectNumber":"munich:osm:way:5185809","district":"München","locality":null,"type":"Park","areaM2":140083.5,"areaHa":14.01,"designation":null,"dedicated":null,"builtYear":null,"renovatedYear":null,"planningAreaId":null,"planningAreaName":null,"centroid":[11.62872,48.124161],"bounds":[11.62566,48.11957,11.63224,48.12682],"amenities":{},"sourceId":"parks"}},{"type":"Feature","id":"munich:osm:way:52007718","geometry":{"type":"Polygon","coordinates":[[[11.68533407,48.13586123],[11.6853444,48.13556812],[11.68576791,48.13557536],[11.68575906,48.135778],[11.68624749,48.13578524],[11.68624749,48.13613986],[11.68686874,48.13613895],[11.68686874,48.1364203],[11.6873188,48.1364203],[11.6873188,48.13677764],[11.68688939,48.1367713],[11.68688939,48.13657771],[11.68605271,48.13657047],[11.68606451,48.13616971],[11.6856351,48.13616971],[11.6856351,48.13586123],[11.68533407,48.13586123]]]},"properties":{"id":"munich:osm:way:52007718","name":"Unbenannter Park 52007718","nameAddon":null,"objectNumber":"munich:osm:way:52007718","district":"München","locality":null,"type":"Park","areaM2":7051.6,"areaHa":0.71,"designation":null,"dedicated":null,"builtYear":null,"renovatedYear":null,"planningAreaId":null,"planningAreaName":null,"centroid":[11.686314,48.13621],"bounds":[11.68533,48.13557,11.68732,48.13678],"amenities":{},"sourceId":"parks"}},{"type":"Feature","id":"munich:osm:way:521630669","geometry":{"type":"Polygon","coordinates":[[[11.49393504,48.17129908],[11.49397931,48.17116338],[11.49420803,48.17114619],[11.494301,48.17126651],[11.49427148,48.17139135],[11.49403981,48.17141035],[11.49398816,48.17136602],[11.49393504,48.17129908]]]},"properties":{"id":"munich:osm:way:521630669","name":"Unbenannter Park 521630669","nameAddon":null,"objectNumber":"munich:osm:way:521630669","district":"München","locality":null,"type":"Park","areaM2":685.6,"areaHa":0.07,"designation":null,"dedicated":null,"builtYear":null,"renovatedYear":null,"planningAreaId":null,"planningAreaName":null,"centroid":[11.494119,48.171279],"bounds":[11.49394,48.17115,11.4943,48.17141],"amenities":{},"sourceId":"parks"}},{"type":"Feature","id":"munich:osm:way:52707947","geometry":{"type":"Polygon","coordinates":[[[11.55901803,48.16851637],[11.55982963,48.1663416],[11.5593471,48.16626108],[11.55955811,48.16572191],[11.55995063,48.16578795],[11.56037857,48.1647078],[11.56065746,48.16470689],[11.560746,48.16476208],[11.56072387,48.16514474],[11.55998162,48.16709065],[11.55979126,48.16767776],[11.55964075,48.16848743],[11.55910509,48.16851728],[11.55901803,48.16851637]]]},"properties":{"id":"munich:osm:way:52707947","name":"Deidesheimer Anger","nameAddon":null,"objectNumber":"munich:osm:way:52707947","district":"München","locality":null,"type":"Park","areaM2":17095.2,"areaHa":1.71,"designation":null,"dedicated":null,"builtYear":null,"renovatedYear":null,"planningAreaId":null,"planningAreaName":null,"centroid":[11.559902,48.166566],"bounds":[11.55902,48.16471,11.56075,48.16852],"amenities":{},"sourceId":"parks"}},{"type":"Feature","id":"munich:osm:way:52708041","geometry":{"type":"Polygon","coordinates":[[[11.55711741,48.1636195],[11.55793344,48.16356342],[11.5579172,48.16401484],[11.55975585,48.164203],[11.55983553,48.16446354],[11.56047301,48.16437398],[11.5601041,48.16456848],[11.5588321,48.16447711],[11.5582566,48.16437851],[11.55776079,48.1642211],[11.55748632,48.16432332],[11.55742287,48.16431247],[11.55745385,48.1642419],[11.55727383,48.16421386],[11.55711888,48.16412249],[11.5572207,48.1638918],[11.55711741,48.1636195]]]},"properties":{"id":"munich:osm:way:52708041","name":"Stadtwald","nameAddon":null,"objectNumber":"munich:osm:way:52708041","district":"München","locality":null,"type":"Park","areaM2":9854.1,"areaHa":0.99,"designation":null,"dedicated":null,"builtYear":null,"renovatedYear":null,"planningAreaId":null,"planningAreaName":null,"centroid":[11.558393,48.164144],"bounds":[11.55712,48.16356,11.56047,48.16457],"amenities":{},"sourceId":"parks"}},{"type":"Feature","id":"munich:osm:way:52792922","geometry":{"type":"Polygon","coordinates":[[[11.60840466,48.10627827],[11.60874259,48.10560702],[11.60886506,48.10553736],[11.60989063,48.10577981],[11.61123199,48.10592003],[11.61137807,48.10596707],[11.6116186,48.10616881],[11.6119034,48.10676045],[11.6117824,48.10678035],[11.61153892,48.10663289],[11.61006033,48.10628551],[11.60892704,48.10611724],[11.60873668,48.10621856],[11.60868504,48.10637235],[11.60840466,48.10627827]]]},"properties":{"id":"munich:osm:way:52792922","name":"Unbenannter Park 52792922","nameAddon":null,"objectNumber":"munich:osm:way:52792922","district":"München","locality":null,"type":"Park","areaM2":14882.3,"areaHa":1.49,"designation":null,"dedicated":null,"builtYear":null,"renovatedYear":null,"planningAreaId":null,"planningAreaName":null,"centroid":[11.610164,48.106096],"bounds":[11.6084,48.10554,11.6119,48.10678],"amenities":{},"sourceId":"parks"}},{"type":"Feature","id":"munich:osm:way:53085209","geometry":{"type":"Polygon","coordinates":[[[11.69022433,48.13715759],[11.69072015,48.13357699],[11.69078508,48.13355166],[11.69191394,48.13355708],[11.6923345,48.13514384],[11.69197001,48.13539714],[11.69197297,48.13562602],[11.69218841,48.13580514],[11.69171916,48.13666365],[11.69158487,48.13670617],[11.6913473,48.13716573],[11.69022433,48.13715759]]]},"properties":{"id":"munich:osm:way:53085209","name":"Unbenannter Park 53085209","nameAddon":null,"objectNumber":"munich:osm:way:53085209","district":"München","locality":null,"type":"Park","areaM2":45084.8,"areaHa":4.51,"designation":null,"dedicated":null,"builtYear":null,"renovatedYear":null,"planningAreaId":null,"planningAreaName":null,"centroid":[11.691242,48.135351],"bounds":[11.69022,48.13355,11.69233,48.13717],"amenities":{},"sourceId":"parks"}},{"type":"Feature","id":"munich:osm:way:53101082","geometry":{"type":"Polygon","coordinates":[[[11.70019079,48.13567758],[11.70019227,48.13544599],[11.70151444,48.13544871],[11.70151296,48.1356803],[11.70019079,48.13567758]]]},"properties":{"id":"munich:osm:way:53101082","name":"Unbenannter Park 53101082","nameAddon":null,"objectNumber":"munich:osm:way:53101082","district":"München","locality":null,"type":"Park","areaM2":2538.1,"areaHa":0.25,"designation":null,"dedicated":null,"builtYear":null,"renovatedYear":null,"planningAreaId":null,"planningAreaName":null,"centroid":[11.700853,48.135563],"bounds":[11.70019,48.13545,11.70151,48.13568],"amenities":{},"sourceId":"parks"}},{"type":"Feature","id":"munich:osm:way:53101083","geometry":{"type":"Polygon","coordinates":[[[11.69708752,48.13565949],[11.69709343,48.13542157],[11.69801423,48.13542519],[11.69814998,48.13566492],[11.69708752,48.13565949]]]},"properties":{"id":"munich:osm:way:53101083","name":"Unbenannter Park 53101083","nameAddon":null,"objectNumber":"munich:osm:way:53101083","district":"München","locality":null,"type":"Park","areaM2":1955.9,"areaHa":0.2,"designation":null,"dedicated":null,"builtYear":null,"renovatedYear":null,"planningAreaId":null,"planningAreaName":null,"centroid":[11.697587,48.135546],"bounds":[11.69709,48.13542,11.69815,48.13566],"amenities":{},"sourceId":"parks"}},{"type":"Feature","id":"munich:osm:way:53101086","geometry":{"type":"Polygon","coordinates":[[[11.701662,48.13569568],[11.70166348,48.13545142],[11.70246622,48.13545685],[11.70233194,48.13570563],[11.701662,48.13569568]]]},"properties":{"id":"munich:osm:way:53101086","name":"Unbenannter Park 53101086","nameAddon":null,"objectNumber":"munich:osm:way:53101086","district":"München","locality":null,"type":"Park","areaM2":1507.1,"areaHa":0.15,"designation":null,"dedicated":null,"builtYear":null,"renovatedYear":null,"planningAreaId":null,"planningAreaName":null,"centroid":[11.702033,48.135574],"bounds":[11.70166,48.13545,11.70247,48.13571],"amenities":{},"sourceId":"parks"}},{"type":"Feature","id":"munich:osm:way:53101090","geometry":{"type":"Polygon","coordinates":[[[11.69864727,48.13567215],[11.69865022,48.13543242],[11.70002847,48.13543785],[11.70002257,48.13567758],[11.69864727,48.13567215]]]},"properties":{"id":"munich:osm:way:53101090","name":"Unbenannter Park 53101090","nameAddon":null,"objectNumber":"munich:osm:way:53101090","district":"München","locality":null,"type":"Park","areaM2":2734.7,"areaHa":0.27,"designation":null,"dedicated":null,"builtYear":null,"renovatedYear":null,"planningAreaId":null,"planningAreaName":null,"centroid":[11.699337,48.135555],"bounds":[11.69865,48.13543,11.70003,48.13568],"amenities":{},"sourceId":"parks"}},{"type":"Feature","id":"munich:osm:way:53103030","geometry":{"type":"Polygon","coordinates":[[[11.68920319,48.13731771],[11.68920467,48.13717387],[11.68945405,48.1372372],[11.68943487,48.13738104],[11.68920319,48.13731771]]]},"properties":{"id":"munich:osm:way:53103030","name":"Unbenannter Park 53103030","nameAddon":null,"objectNumber":"munich:osm:way:53103030","district":"München","locality":null,"type":"Park","areaM2":292.1,"areaHa":0.03,"designation":null,"dedicated":null,"builtYear":null,"renovatedYear":null,"planningAreaId":null,"planningAreaName":null,"centroid":[11.689325,48.137277],"bounds":[11.6892,48.13717,11.68945,48.13738],"amenities":{},"sourceId":"parks"}},{"type":"Feature","id":"munich:osm:way:53107623","geometry":{"type":"Polygon","coordinates":[[[11.60922069,48.10536367],[11.6092443,48.10530577],[11.60944351,48.10533924],[11.60972241,48.10490773],[11.61036136,48.10432242],[11.61047646,48.10434594],[11.61060632,48.10430704],[11.61093243,48.10432332],[11.61107852,48.10444635],[11.61123346,48.10450425],[11.6115035,48.10449249],[11.61159794,48.10440293],[11.61159057,48.10403112],[11.6117765,48.10398408],[11.61295701,48.10395422],[11.61266926,48.10135788],[11.61313998,48.10134883],[11.6131149,48.10234666],[11.61316212,48.10272119],[11.61305587,48.10301158],[11.61324033,48.10379229],[11.61323295,48.10417858],[11.61315474,48.10434413],[11.61303374,48.10447259],[11.61273418,48.10463],[11.61106967,48.10528044],[11.6105163,48.10540619],[11.60974897,48.10543966],[11.60922069,48.10536367]]]},"properties":{"id":"munich:osm:way:53107623","name":"Unbenannter Park 53107623","nameAddon":null,"objectNumber":"munich:osm:way:53107623","district":"München","locality":null,"type":"Park","areaM2":31997.3,"areaHa":3.2,"designation":null,"dedicated":null,"builtYear":null,"renovatedYear":null,"planningAreaId":null,"planningAreaName":null,"centroid":[11.611679,48.104202],"bounds":[11.60922,48.10135,11.61324,48.10544],"amenities":{},"sourceId":"parks"}},{"type":"Feature","id":"munich:osm:way:53109563","geometry":{"type":"Polygon","coordinates":[[[11.68905858,48.13311019],[11.6902509,48.133112],[11.69024942,48.13329473],[11.68905858,48.13329293],[11.68905858,48.13311019]]]},"properties":{"id":"munich:osm:way:53109563","name":"Unbenannter Park 53109563","nameAddon":null,"objectNumber":"munich:osm:way:53109563","district":"München","locality":null,"type":"Park","areaM2":1801.1,"areaHa":0.18,"designation":null,"dedicated":null,"builtYear":null,"renovatedYear":null,"planningAreaId":null,"planningAreaName":null,"centroid":[11.689654,48.133202],"bounds":[11.68906,48.13311,11.69025,48.13329],"amenities":{},"sourceId":"parks"}},{"type":"Feature","id":"munich:osm:way:53617211","geometry":{"type":"Polygon","coordinates":[[[11.48759865,48.12104668],[11.48760013,48.12065316],[11.49076389,48.12069387],[11.4908849,48.12072191],[11.49090703,48.12105301],[11.48759865,48.12104668]]]},"properties":{"id":"munich:osm:way:53617211","name":"Unbenannter Park 53617211","nameAddon":null,"objectNumber":"munich:osm:way:53617211","district":"München","locality":null,"type":"Park","areaM2":10189.1,"areaHa":1.02,"designation":null,"dedicated":null,"builtYear":null,"renovatedYear":null,"planningAreaId":null,"planningAreaName":null,"centroid":[11.489219,48.120862],"bounds":[11.4876,48.12065,11.49091,48.12105],"amenities":{},"sourceId":"parks"}},{"type":"Feature","id":"munich:osm:way:536725202","geometry":{"type":"Polygon","coordinates":[[[11.5239982,48.09831826],[11.52446598,48.09829835],[11.52465486,48.09816718],[11.52466076,48.09821784],[11.52854021,48.09860413],[11.52856235,48.09868464],[11.5253366,48.09836892],[11.52478324,48.09833635],[11.52421069,48.09835444],[11.5242166,48.09839787],[11.5240041,48.09840963],[11.5239982,48.09831826]]]},"properties":{"id":"munich:osm:way:536725202","name":"Unbenannter Park 536725202","nameAddon":null,"objectNumber":"munich:osm:way:536725202","district":"München","locality":null,"type":"Park","areaM2":3241.1,"areaHa":0.32,"designation":null,"dedicated":null,"builtYear":null,"renovatedYear":null,"planningAreaId":null,"planningAreaName":null,"centroid":[11.526228,48.098429],"bounds":[11.524,48.09817,11.52856,48.09868],"amenities":{},"sourceId":"parks"}},{"type":"Feature","id":"munich:osm:way:536725209","geometry":{"type":"Polygon","coordinates":[[[11.52875713,48.09862493],[11.53124506,48.09880586],[11.5332047,48.09897684],[11.53323274,48.09908269],[11.53286826,48.09902479],[11.53271774,48.09903745],[11.52879107,48.09872173],[11.52875713,48.09862493]]]},"properties":{"id":"munich:osm:way:536725209","name":"Unbenannter Park 536725209","nameAddon":null,"objectNumber":"munich:osm:way:536725209","district":"München","locality":null,"type":"Park","areaM2":3706.8,"areaHa":0.37,"designation":null,"dedicated":null,"builtYear":null,"renovatedYear":null,"planningAreaId":null,"planningAreaName":null,"centroid":[11.530998,48.098846],"bounds":[11.52876,48.09862,11.53323,48.09908],"amenities":{},"sourceId":"parks"}},{"type":"Feature","id":"munich:osm:way:548955589","geometry":{"type":"Polygon","coordinates":[[[11.66839966,48.13653519],[11.66844393,48.13653157],[11.66889252,48.1376262],[11.66974249,48.13754478],[11.67201054,48.13652886],[11.67204891,48.13661842],[11.67200759,48.13670617],[11.67163868,48.13689886],[11.67098645,48.1375294],[11.67075773,48.13768319],[11.67045079,48.13780984],[11.66885563,48.13808486],[11.66839966,48.13653519]]]},"properties":{"id":"munich:osm:way:548955589","name":"Unbenannter Park 548955589","nameAddon":null,"objectNumber":"munich:osm:way:548955589","district":"München","locality":null,"type":"Park","areaM2":12376.3,"areaHa":1.24,"designation":null,"dedicated":null,"builtYear":null,"renovatedYear":null,"planningAreaId":null,"planningAreaName":null,"centroid":[11.670162,48.137452],"bounds":[11.6684,48.13653,11.67205,48.13808],"amenities":{},"sourceId":"parks"}},{"type":"Feature","id":"munich:osm:way:549927195","geometry":{"type":"Polygon","coordinates":[[[11.59844411,48.09629003],[11.59847362,48.09622399],[11.59875695,48.09597793],[11.59939295,48.09609101],[11.59926604,48.09642844],[11.59859905,48.09631627],[11.59844411,48.09629003]]]},"properties":{"id":"munich:osm:way:549927195","name":"Unbenannter Park 549927195","nameAddon":null,"objectNumber":"munich:osm:way:549927195","district":"München","locality":null,"type":"Park","areaM2":2250.7,"areaHa":0.23,"designation":null,"dedicated":null,"builtYear":null,"renovatedYear":null,"planningAreaId":null,"planningAreaName":null,"centroid":[11.598951,48.096203],"bounds":[11.59844,48.09598,11.59939,48.09643],"amenities":{},"sourceId":"parks"}},{"type":"Feature","id":"munich:osm:way:550379197","geometry":{"type":"Polygon","coordinates":[[[11.65242441,48.13060973],[11.65307516,48.13037724],[11.65352376,48.13081509],[11.65265313,48.13112358],[11.65255721,48.13101411],[11.65242441,48.13060973]]]},"properties":{"id":"munich:osm:way:550379197","name":"Unbenannter Park 550379197","nameAddon":null,"objectNumber":"munich:osm:way:550379197","district":"München","locality":null,"type":"Park","areaM2":3859.9,"areaHa":0.39,"designation":null,"dedicated":null,"builtYear":null,"renovatedYear":null,"planningAreaId":null,"planningAreaName":null,"centroid":[11.652917,48.130747],"bounds":[11.65242,48.13038,11.65352,48.13112],"amenities":{},"sourceId":"parks"}},{"type":"Feature","id":"munich:osm:way:551597337","geometry":{"type":"Polygon","coordinates":[[[11.53815842,48.11049484],[11.53836943,48.11008232],[11.53891837,48.11017822],[11.53945993,48.11022073],[11.53939943,48.11029763],[11.53938762,48.1104668],[11.53883721,48.11045594],[11.53864095,48.11049484],[11.53815842,48.11049484]]]},"properties":{"id":"munich:osm:way:551597337","name":"Kirchpark St. Achaz","nameAddon":null,"objectNumber":"munich:osm:way:551597337","district":"München","locality":null,"type":"Park","areaM2":3016.8,"areaHa":0.3,"designation":null,"dedicated":null,"builtYear":null,"renovatedYear":null,"planningAreaId":null,"planningAreaName":null,"centroid":[11.538774,48.110319],"bounds":[11.53816,48.11008,11.53946,48.11049],"amenities":{},"sourceId":"parks"}},{"type":"Feature","id":"munich:osm:way:551898895","geometry":{"type":"Polygon","coordinates":[[[11.60698953,48.13253935],[11.60753256,48.13247241],[11.6075606,48.13264158],[11.60702494,48.13268229],[11.60698953,48.13253935]]]},"properties":{"id":"munich:osm:way:551898895","name":"Fleur-de-Lis","nameAddon":null,"objectNumber":"munich:osm:way:551898895","district":"München","locality":null,"type":"Park","areaM2":699.4,"areaHa":0.07,"designation":null,"dedicated":null,"builtYear":null,"renovatedYear":null,"planningAreaId":null,"planningAreaName":null,"centroid":[11.607284,48.132583],"bounds":[11.60699,48.13247,11.60756,48.13268],"amenities":{},"sourceId":"parks"}},{"type":"Feature","id":"munich:osm:way:552062014","geometry":{"type":"Polygon","coordinates":[[[11.5998017,48.12117695],[11.59993598,48.12105211],[11.59989761,48.12087027],[11.60027685,48.12084947],[11.60027243,48.12098878],[11.60138211,48.12099511],[11.60138063,48.12106658],[11.60126553,48.1210693],[11.60126701,48.12124661],[11.60105156,48.12127103],[11.60104123,48.12151257],[11.60092908,48.12182196],[11.60071659,48.1217713],[11.60069003,48.12144473],[11.60040228,48.12142754],[11.60034031,48.12135155],[11.6001647,48.12135064],[11.60015585,48.12128551],[11.5998076,48.12129184],[11.5998017,48.12117695]]]},"properties":{"id":"munich:osm:way:552062014","name":"Unbenannter Park 552062014","nameAddon":null,"objectNumber":"munich:osm:way:552062014","district":"München","locality":null,"type":"Park","areaM2":5685.2,"areaHa":0.57,"designation":null,"dedicated":null,"builtYear":null,"renovatedYear":null,"planningAreaId":null,"planningAreaName":null,"centroid":[11.600593,48.121232],"bounds":[11.5998,48.12085,11.60138,48.12182],"amenities":{},"sourceId":"parks"}},{"type":"Feature","id":"munich:osm:way:55841484","geometry":{"type":"Polygon","coordinates":[[[11.56645377,48.13621494],[11.56657772,48.13574724],[11.56703222,48.13480098],[11.5671001,48.1347476],[11.56726684,48.13477203],[11.56735686,48.13481455],[11.56671348,48.13604216],[11.56667069,48.13624661],[11.5665305,48.1362638],[11.56645377,48.13621494]]]},"properties":{"id":"munich:osm:way:55841484","name":"Herzog-Wilhelm-Park","nameAddon":null,"objectNumber":"munich:osm:way:55841484","district":"München","locality":null,"type":"Park","areaM2":3607.4,"areaHa":0.36,"designation":null,"dedicated":null,"builtYear":null,"renovatedYear":null,"planningAreaId":null,"planningAreaName":null,"centroid":[11.566877,48.135457],"bounds":[11.56645,48.13475,11.56736,48.13626],"amenities":{},"sourceId":"parks"}},{"type":"Feature","id":"munich:osm:way:56066377","geometry":{"type":"Polygon","coordinates":[[[11.54273732,48.1443197],[11.54345743,48.14426723],[11.54347219,48.14439388],[11.54277274,48.14454496],[11.54273732,48.1443197]]]},"properties":{"id":"munich:osm:way:56066377","name":"Unbenannter Park 56066377","nameAddon":null,"objectNumber":"munich:osm:way:56066377","district":"München","locality":null,"type":"Park","areaM2":1053.9,"areaHa":0.11,"designation":null,"dedicated":null,"builtYear":null,"renovatedYear":null,"planningAreaId":null,"planningAreaName":null,"centroid":[11.543076,48.144386],"bounds":[11.54274,48.14427,11.54347,48.14454],"amenities":{},"sourceId":"parks"}},{"type":"Feature","id":"munich:osm:way:583695578","geometry":{"type":"Polygon","coordinates":[[[11.55418089,48.21703818],[11.55431812,48.21623575],[11.5585414,48.21568663],[11.55835104,48.21627556],[11.55813412,48.21636512],[11.55749812,48.21631536],[11.55749665,48.216129],[11.55510021,48.21627556],[11.55506332,48.21708884],[11.55418089,48.21703818]]]},"properties":{"id":"munich:osm:way:583695578","name":"Unbenannter Park 583695578","nameAddon":null,"objectNumber":"munich:osm:way:583695578","district":"München","locality":null,"type":"Park","areaM2":14928,"areaHa":1.49,"designation":null,"dedicated":null,"builtYear":null,"renovatedYear":null,"planningAreaId":null,"planningAreaName":null,"centroid":[11.556189,48.216289],"bounds":[11.55418,48.21569,11.55854,48.21709],"amenities":{},"sourceId":"parks"}},{"type":"Feature","id":"munich:osm:way:583877914","geometry":{"type":"Polygon","coordinates":[[[11.50732202,48.16247965],[11.50733825,48.1623548],[11.50742679,48.16235933],[11.50746368,48.16229148],[11.50744302,48.16220735],[11.50735449,48.16220373],[11.50736777,48.16208069],[11.50750353,48.16210783],[11.50742679,48.16248507],[11.50732202,48.16247965]]]},"properties":{"id":"munich:osm:way:583877914","name":"Unbenannter Park 583877914","nameAddon":null,"objectNumber":"munich:osm:way:583877914","district":"München","locality":null,"type":"Park","areaM2":329.1,"areaHa":0.03,"designation":null,"dedicated":null,"builtYear":null,"renovatedYear":null,"planningAreaId":null,"planningAreaName":null,"centroid":[11.507411,48.162277],"bounds":[11.50732,48.16208,11.5075,48.16249],"amenities":{},"sourceId":"parks"}},{"type":"Feature","id":"munich:osm:way:583878082","geometry":{"type":"Polygon","coordinates":[[[11.50579916,48.16212231],[11.50595853,48.16205808],[11.50640713,48.16203094],[11.50635991,48.16242989],[11.50609134,48.16249864],[11.50579916,48.16212231]]]},"properties":{"id":"munich:osm:way:583878082","name":"Unbenannter Park 583878082","nameAddon":null,"objectNumber":"munich:osm:way:583878082","district":"München","locality":null,"type":"Park","areaM2":1616.9,"areaHa":0.16,"designation":null,"dedicated":null,"builtYear":null,"renovatedYear":null,"planningAreaId":null,"planningAreaName":null,"centroid":[11.506147,48.162236],"bounds":[11.5058,48.16203,11.50641,48.1625],"amenities":{},"sourceId":"parks"}},{"type":"Feature","id":"munich:osm:way:586670782","geometry":{"type":"Polygon","coordinates":[[[11.5310001,48.14963633],[11.53108126,48.14940926],[11.531642,48.14949973],[11.53161839,48.14956848],[11.53142213,48.14953411],[11.53136606,48.1496888],[11.5310001,48.14963633]]]},"properties":{"id":"munich:osm:way:586670782","name":"Unbenannter Park 586670782","nameAddon":null,"objectNumber":"munich:osm:way:586670782","district":"München","locality":null,"type":"Park","areaM2":828.5,"areaHa":0.08,"designation":null,"dedicated":null,"builtYear":null,"renovatedYear":null,"planningAreaId":null,"planningAreaName":null,"centroid":[11.531266,48.149546],"bounds":[11.531,48.14941,11.53164,48.14969],"amenities":{},"sourceId":"parks"}},{"type":"Feature","id":"munich:osm:way:587271651","geometry":{"type":"Polygon","coordinates":[[[11.52961743,48.14909173],[11.52965432,48.14877329],[11.52971925,48.14850823],[11.52999814,48.14849014],[11.53003503,48.14832911],[11.52995535,48.14827574],[11.53026671,48.14827212],[11.53019293,48.14844762],[11.53005127,48.14859417],[11.53012652,48.14864393],[11.53042165,48.1486584],[11.53049691,48.14853628],[11.53067841,48.14853628],[11.53066366,48.14862584],[11.53075367,48.14866564],[11.53071088,48.14888728],[11.5305825,48.14898408],[11.53009996,48.14899493],[11.53010586,48.1491632],[11.52961743,48.14909173]]]},"properties":{"id":"munich:osm:way:587271651","name":"Unbenannter Park 587271651","nameAddon":null,"objectNumber":"munich:osm:way:587271651","district":"München","locality":null,"type":"Park","areaM2":4578.5,"areaHa":0.46,"designation":null,"dedicated":null,"builtYear":null,"renovatedYear":null,"planningAreaId":null,"planningAreaName":null,"centroid":[11.530125,48.148774],"bounds":[11.52962,48.14827,11.53075,48.14916],"amenities":{},"sourceId":"parks"}},{"type":"Feature","id":"munich:osm:way:587271730","geometry":{"type":"Polygon","coordinates":[[[11.53090271,48.14837434],[11.53115357,48.14839696],[11.53118898,48.14844038],[11.53110782,48.14873168],[11.53104289,48.14872897],[11.53105765,48.14851276],[11.53090271,48.14847566],[11.53090271,48.14837434]]]},"properties":{"id":"munich:osm:way:587271730","name":"Unbenannter Park 587271730","nameAddon":null,"objectNumber":"munich:osm:way:587271730","district":"München","locality":null,"type":"Park","areaM2":441,"areaHa":0.04,"designation":null,"dedicated":null,"builtYear":null,"renovatedYear":null,"planningAreaId":null,"planningAreaName":null,"centroid":[11.531063,48.148508],"bounds":[11.5309,48.14837,11.53119,48.14873],"amenities":{},"sourceId":"parks"}},{"type":"Feature","id":"munich:osm:way:587272519","geometry":{"type":"Polygon","coordinates":[[[11.52919392,48.14969242],[11.52941822,48.1496698],[11.52942707,48.14952054],[11.52968531,48.14952506],[11.52968088,48.1495911],[11.5298373,48.14958205],[11.52983435,48.1496698],[11.53012652,48.1496499],[11.53016489,48.14953139],[11.53002913,48.14949973],[11.5300616,48.14929528],[11.5298373,48.1492808],[11.5298373,48.1492021],[11.53051314,48.14930975],[11.53052052,48.14968609],[11.53040542,48.14973222],[11.53040542,48.14993939],[11.52995535,48.15001447],[11.52997601,48.15025421],[11.52970302,48.15021169],[11.52976204,48.14993939],[11.52969711,48.14986792],[11.52919392,48.14982178],[11.52919392,48.14969242]]]},"properties":{"id":"munich:osm:way:587272519","name":"Unbenannter Park 587272519","nameAddon":null,"objectNumber":"munich:osm:way:587272519","district":"München","locality":null,"type":"Park","areaM2":4991.8,"areaHa":0.5,"designation":null,"dedicated":null,"builtYear":null,"renovatedYear":null,"planningAreaId":null,"planningAreaName":null,"centroid":[11.529978,48.149706],"bounds":[11.52919,48.1492,11.53052,48.15025],"amenities":{},"sourceId":"parks"}},{"type":"Feature","id":"munich:osm:way:587272601","geometry":{"type":"Polygon","coordinates":[[[11.53023424,48.15028044],[11.5303095,48.15014384],[11.53055003,48.1501366],[11.53056479,48.15003257],[11.53066661,48.1500199],[11.53057217,48.15030487],[11.53049691,48.1503121],[11.53023424,48.15028044]]]},"properties":{"id":"munich:osm:way:587272601","name":"Unbenannter Park 587272601","nameAddon":null,"objectNumber":"munich:osm:way:587272601","district":"München","locality":null,"type":"Park","areaM2":492.7,"areaHa":0.05,"designation":null,"dedicated":null,"builtYear":null,"renovatedYear":null,"planningAreaId":null,"planningAreaName":null,"centroid":[11.530466,48.150199],"bounds":[11.53023,48.15002,11.53067,48.15031],"amenities":{},"sourceId":"parks"}},{"type":"Feature","id":"munich:osm:way:58738978","geometry":{"type":"Polygon","coordinates":[[[11.65931711,48.16708974],[11.65968749,48.16692419],[11.66029841,48.16765153],[11.65999295,48.16776099],[11.65989851,48.16775556],[11.65933334,48.16712502],[11.65931711,48.16708974]]]},"properties":{"id":"munich:osm:way:58738978","name":"Unbenannter Park 58738978","nameAddon":null,"objectNumber":"munich:osm:way:58738978","district":"München","locality":null,"type":"Park","areaM2":2986.6,"areaHa":0.3,"designation":null,"dedicated":null,"builtYear":null,"renovatedYear":null,"planningAreaId":null,"planningAreaName":null,"centroid":[11.659801,48.167357],"bounds":[11.65932,48.16692,11.6603,48.16776],"amenities":{},"sourceId":"parks"}},{"type":"Feature","id":"munich:osm:way:589401410","geometry":{"type":"Polygon","coordinates":[[[11.52533365,48.16796906],[11.52537202,48.16782251],[11.52557566,48.16783608],[11.52570404,48.1674896],[11.52614378,48.16755745],[11.52610098,48.16777547],[11.52629872,48.16778994],[11.52614968,48.16805862],[11.52601982,48.16805138],[11.52592391,48.1679763],[11.52578372,48.16796906],[11.52568781,48.168055],[11.5255491,48.16797268],[11.52533365,48.16796906]]]},"properties":{"id":"munich:osm:way:589401410","name":"Unbenannter Park 589401410","nameAddon":null,"objectNumber":"munich:osm:way:589401410","district":"München","locality":null,"type":"Park","areaM2":2562.3,"areaHa":0.26,"designation":null,"dedicated":null,"builtYear":null,"renovatedYear":null,"planningAreaId":null,"planningAreaName":null,"centroid":[11.525853,48.1678],"bounds":[11.52533,48.16749,11.5263,48.16806],"amenities":{},"sourceId":"parks"}},{"type":"Feature","id":"munich:osm:way:589931235","geometry":{"type":"Polygon","coordinates":[[[11.62502624,48.16254297],[11.62540696,48.1624127],[11.62554124,48.16278994],[11.62537892,48.16285508],[11.62530219,48.1628406],[11.62502624,48.16254297]]]},"properties":{"id":"munich:osm:way:589931235","name":"Lohengrinplatz","nameAddon":null,"objectNumber":"munich:osm:way:589931235","district":"München","locality":null,"type":"Park","areaM2":1064.6,"areaHa":0.11,"designation":null,"dedicated":null,"builtYear":null,"renovatedYear":null,"planningAreaId":null,"planningAreaName":null,"centroid":[11.625315,48.162637],"bounds":[11.62503,48.16241,11.62554,48.16286],"amenities":{},"sourceId":"parks"}},{"type":"Feature","id":"munich:osm:way:592842167","geometry":{"type":"Polygon","coordinates":[[[11.53196812,48.16516284],[11.53233998,48.16451963],[11.53338473,48.16479284],[11.53316339,48.16514927],[11.5329686,48.16510132],[11.53288006,48.16518183],[11.53235326,48.16509951],[11.53227505,48.16522073],[11.53196812,48.16516284]]]},"properties":{"id":"munich:osm:way:592842167","name":"Unbenannter Park 592842167","nameAddon":null,"objectNumber":"munich:osm:way:592842167","district":"München","locality":null,"type":"Park","areaM2":4917.2,"areaHa":0.49,"designation":null,"dedicated":null,"builtYear":null,"renovatedYear":null,"planningAreaId":null,"planningAreaName":null,"centroid":[11.532654,48.164899],"bounds":[11.53197,48.16452,11.53338,48.16522],"amenities":{},"sourceId":"parks"}},{"type":"Feature","id":"munich:osm:way:592842168","geometry":{"type":"Polygon","coordinates":[[[11.53192975,48.16526868],[11.53196812,48.16516284],[11.53227505,48.16522073],[11.53226472,48.16525602],[11.53250525,48.16530758],[11.53248607,48.1654668],[11.53226767,48.16547313],[11.53196517,48.16533834],[11.53192975,48.16526868]]]},"properties":{"id":"munich:osm:way:592842168","name":"Unbenannter Park 592842168","nameAddon":null,"objectNumber":"munich:osm:way:592842168","district":"München","locality":null,"type":"Park","areaM2":940.8,"areaHa":0.09,"designation":null,"dedicated":null,"builtYear":null,"renovatedYear":null,"planningAreaId":null,"planningAreaName":null,"centroid":[11.532218,48.165328],"bounds":[11.53193,48.16516,11.53251,48.16547],"amenities":{},"sourceId":"parks"}},{"type":"Feature","id":"munich:osm:way:59562526","geometry":{"type":"Polygon","coordinates":[[[11.6897359,48.1311869],[11.68974033,48.1308567],[11.69039846,48.13086032],[11.69039403,48.13118961],[11.6897359,48.1311869]]]},"properties":{"id":"munich:osm:way:59562526","name":"Unbenannter Park 59562526","nameAddon":null,"objectNumber":"munich:osm:way:59562526","district":"München","locality":null,"type":"Park","areaM2":1794.6,"areaHa":0.18,"designation":null,"dedicated":null,"builtYear":null,"renovatedYear":null,"planningAreaId":null,"planningAreaName":null,"centroid":[11.690067,48.131023],"bounds":[11.68974,48.13086,11.6904,48.13119],"amenities":{},"sourceId":"parks"}},{"type":"Feature","id":"munich:osm:way:59562527","geometry":{"type":"Polygon","coordinates":[[[11.68975213,48.13047766],[11.68976394,48.12956215],[11.69001037,48.12956396],[11.68999709,48.13047946],[11.68975213,48.13047766]]]},"properties":{"id":"munich:osm:way:59562527","name":"Unbenannter Park 59562527","nameAddon":null,"objectNumber":"munich:osm:way:59562527","district":"München","locality":null,"type":"Park","areaM2":1864.2,"areaHa":0.19,"designation":null,"dedicated":null,"builtYear":null,"renovatedYear":null,"planningAreaId":null,"planningAreaName":null,"centroid":[11.689881,48.13002],"bounds":[11.68975,48.12956,11.69001,48.13048],"amenities":{},"sourceId":"parks"}},{"type":"Feature","id":"munich:osm:way:59709367","geometry":{"type":"Polygon","coordinates":[[[11.52251076,48.1187362],[11.52251961,48.11784693],[11.5227808,48.11784965],[11.52277195,48.11871087],[11.52251076,48.1187362]]]},"properties":{"id":"munich:osm:way:59709367","name":"Unbenannter Park 59709367","nameAddon":null,"objectNumber":"munich:osm:way:59709367","district":"München","locality":null,"type":"Park","areaM2":1889.5,"areaHa":0.19,"designation":null,"dedicated":null,"builtYear":null,"renovatedYear":null,"planningAreaId":null,"planningAreaName":null,"centroid":[11.522645,48.118286],"bounds":[11.52251,48.11785,11.52278,48.11874],"amenities":{},"sourceId":"parks"}},{"type":"Feature","id":"munich:osm:way:60178903","geometry":{"type":"Polygon","coordinates":[[[11.60295956,48.14742537],[11.60410466,48.14711417],[11.60463441,48.14763163],[11.60391135,48.14794554],[11.60315582,48.14821694],[11.60310417,48.1481898],[11.60308794,48.14788674],[11.60295956,48.14742537]]]},"properties":{"id":"munich:osm:way:60178903","name":"Bürgermeistergarten","nameAddon":null,"objectNumber":"munich:osm:way:60178903","district":"München","locality":null,"type":"Park","areaM2":8628.3,"areaHa":0.86,"designation":null,"dedicated":null,"builtYear":null,"renovatedYear":null,"planningAreaId":null,"planningAreaName":null,"centroid":[11.603704,48.14763],"bounds":[11.60296,48.14711,11.60463,48.14822],"amenities":{},"sourceId":"parks"}},{"type":"Feature","id":"munich:osm:way:604066741","geometry":{"type":"Polygon","coordinates":[[[11.53216733,48.09259363],[11.53307337,48.09241451],[11.53333013,48.09245884],[11.53363116,48.09201013],[11.53442653,48.09183463],[11.53465968,48.09183282],[11.5347556,48.0920427],[11.53529863,48.09197756],[11.53547128,48.0923937],[11.53466116,48.09260358],[11.53448998,48.09251221],[11.53420814,48.09252488],[11.53419928,48.09270943],[11.53327996,48.09291026],[11.53309993,48.09303872],[11.53240343,48.09317804],[11.53216733,48.09259363]]]},"properties":{"id":"munich:osm:way:604066741","name":"Grünanlage St.-Wendel-Straße","nameAddon":null,"objectNumber":"munich:osm:way:604066741","district":"München","locality":null,"type":"Park","areaM2":16296.8,"areaHa":1.63,"designation":null,"dedicated":null,"builtYear":null,"renovatedYear":null,"planningAreaId":null,"planningAreaName":null,"centroid":[11.533803,48.092464],"bounds":[11.53217,48.09183,11.53547,48.09318],"amenities":{},"sourceId":"parks"}},{"type":"Feature","id":"munich:osm:way:607948571","geometry":{"type":"Polygon","coordinates":[[[11.59825523,48.17779356],[11.59895173,48.17747603],[11.59918341,48.17770038],[11.59847658,48.17801791],[11.59825523,48.17779356]]]},"properties":{"id":"munich:osm:way:607948571","name":"Unbenannter Park 607948571","nameAddon":null,"objectNumber":"munich:osm:way:607948571","district":"München","locality":null,"type":"Park","areaM2":1897.8,"areaHa":0.19,"designation":null,"dedicated":null,"builtYear":null,"renovatedYear":null,"planningAreaId":null,"planningAreaName":null,"centroid":[11.598718,48.177747],"bounds":[11.59826,48.17748,11.59918,48.17802],"amenities":{},"sourceId":"parks"}},{"type":"Feature","id":"munich:osm:way:61130489","geometry":{"type":"Polygon","coordinates":[[[11.62351372,48.15677673],[11.62574045,48.15623394],[11.62584522,48.15629546],[11.62604886,48.15692962],[11.62515315,48.15706622],[11.62486835,48.15701194],[11.62381475,48.15704089],[11.62356389,48.15698933],[11.62351372,48.15677673]]]},"properties":{"id":"munich:osm:way:61130489","name":"Unbenannter Park 61130489","nameAddon":null,"objectNumber":"munich:osm:way:61130489","district":"München","locality":null,"type":"Park","areaM2":10696.6,"areaHa":1.07,"designation":null,"dedicated":null,"builtYear":null,"renovatedYear":null,"planningAreaId":null,"planningAreaName":null,"centroid":[11.624938,48.156733],"bounds":[11.62351,48.15623,11.62605,48.15707],"amenities":{},"sourceId":"parks"}},{"type":"Feature","id":"munich:osm:way:611540524","geometry":{"type":"Polygon","coordinates":[[[11.55493789,48.09294464],[11.55507808,48.09288131],[11.55514448,48.09291207],[11.55514596,48.09286593],[11.55529057,48.09306134],[11.5551253,48.09310657],[11.55493789,48.09294464]]]},"properties":{"id":"munich:osm:way:611540524","name":"Unbenannter Park 611540524","nameAddon":null,"objectNumber":"munich:osm:way:611540524","district":"München","locality":null,"type":"Park","areaM2":380.2,"areaHa":0.04,"designation":null,"dedicated":null,"builtYear":null,"renovatedYear":null,"planningAreaId":null,"planningAreaName":null,"centroid":[11.55512,48.092991],"bounds":[11.55494,48.09287,11.55529,48.09311],"amenities":{},"sourceId":"parks"}},{"type":"Feature","id":"munich:osm:way:615163655","geometry":{"type":"Polygon","coordinates":[[[11.46886396,48.21668174],[11.46886838,48.2163615],[11.47080295,48.21637326],[11.47079852,48.2166935],[11.46886396,48.21668174]]]},"properties":{"id":"munich:osm:way:615163655","name":"Unbenannter Park 615163655","nameAddon":null,"objectNumber":"munich:osm:way:615163655","district":"München","locality":null,"type":"Park","areaM2":5112.7,"areaHa":0.51,"designation":null,"dedicated":null,"builtYear":null,"renovatedYear":null,"planningAreaId":null,"planningAreaName":null,"centroid":[11.469833,48.216527],"bounds":[11.46886,48.21636,11.4708,48.21669],"amenities":{},"sourceId":"parks"}},{"type":"Feature","id":"munich:osm:way:61913464","geometry":{"type":"Polygon","coordinates":[[[11.53775262,48.12344129],[11.53790461,48.12342862],[11.53802561,48.12333363],[11.5381112,48.12337615],[11.53822335,48.12412158],[11.53790461,48.12414692],[11.53775262,48.12344129]]]},"properties":{"id":"munich:osm:way:61913464","name":"Unbenannter Park 61913464","nameAddon":null,"objectNumber":"munich:osm:way:61913464","district":"München","locality":null,"type":"Park","areaM2":2008.2,"areaHa":0.2,"designation":null,"dedicated":null,"builtYear":null,"renovatedYear":null,"planningAreaId":null,"planningAreaName":null,"centroid":[11.537999,48.123757],"bounds":[11.53775,48.12333,11.53822,48.12415],"amenities":{},"sourceId":"parks"}},{"type":"Feature","id":"munich:osm:way:63025406","geometry":{"type":"Polygon","coordinates":[[[11.51791562,48.13029763],[11.5187346,48.12971413],[11.51910204,48.12987064],[11.51824912,48.13035824],[11.51804253,48.13046951],[11.51791562,48.13029763]]]},"properties":{"id":"munich:osm:way:63025406","name":"Unbenannter Park 63025406","nameAddon":null,"objectNumber":"munich:osm:way:63025406","district":"München","locality":null,"type":"Park","areaM2":2537.4,"areaHa":0.25,"designation":null,"dedicated":null,"builtYear":null,"renovatedYear":null,"planningAreaId":null,"planningAreaName":null,"centroid":[11.518485,48.130071],"bounds":[11.51792,48.12971,11.5191,48.13047],"amenities":{},"sourceId":"parks"}},{"type":"Feature","id":"munich:osm:way:63025418","geometry":{"type":"Polygon","coordinates":[[[11.5188556,48.129649],[11.51958752,48.12902026],[11.51985609,48.12917767],[11.52019548,48.12926361],[11.5192009,48.12980912],[11.5188556,48.129649]]]},"properties":{"id":"munich:osm:way:63025418","name":"Unbenannter Park 63025418","nameAddon":null,"objectNumber":"munich:osm:way:63025418","district":"München","locality":null,"type":"Park","areaM2":3512.9,"areaHa":0.35,"designation":null,"dedicated":null,"builtYear":null,"renovatedYear":null,"planningAreaId":null,"planningAreaName":null,"centroid":[11.519484,48.129421],"bounds":[11.51886,48.12902,11.5202,48.12981],"amenities":{},"sourceId":"parks"}},{"type":"Feature","id":"munich:osm:way:642558841","geometry":{"type":"Polygon","coordinates":[[[11.59363944,48.1758178],[11.59364829,48.17562783],[11.59382537,48.17544418],[11.59670729,48.17404469],[11.59674123,48.1740266],[11.59664678,48.17394699],[11.59723999,48.17365117],[11.59715883,48.17372173],[11.59735509,48.17391442],[11.59752036,48.17384114],[11.5976635,48.17398227],[11.59662613,48.17445811],[11.5947801,48.17518183],[11.59496013,48.17560069],[11.59512098,48.17578795],[11.59457794,48.17604578],[11.59588978,48.17734395],[11.59604768,48.17726886],[11.59625869,48.17747512],[11.59633838,48.17743984],[11.59660694,48.17771033],[11.5963251,48.17784965],[11.59602849,48.17754026],[11.59528182,48.17785508],[11.59526264,48.17802786],[11.59544266,48.17822508],[11.59540282,48.17824046],[11.59363944,48.1758178]]]},"properties":{"id":"munich:osm:way:642558841","name":"Unbenannter Park 642558841","nameAddon":null,"objectNumber":"munich:osm:way:642558841","district":"München","locality":null,"type":"Park","areaM2":31572.7,"areaHa":3.16,"designation":null,"dedicated":null,"builtYear":null,"renovatedYear":null,"planningAreaId":null,"planningAreaName":null,"centroid":[11.595187,48.176013],"bounds":[11.59364,48.17365,11.59766,48.17824],"amenities":{},"sourceId":"parks"}},{"type":"Feature","id":"munich:osm:way:64713127","geometry":{"type":"Polygon","coordinates":[[[11.61320344,48.12261082],[11.61642623,48.12240456],[11.61650591,48.12312285],[11.61327869,48.1233065],[11.61320344,48.12261082]]]},"properties":{"id":"munich:osm:way:64713127","name":"Piusplatz","nameAddon":null,"objectNumber":"munich:osm:way:64713127","district":"München","locality":null,"type":"Park","areaM2":19009,"areaHa":1.9,"designation":null,"dedicated":null,"builtYear":null,"renovatedYear":null,"planningAreaId":null,"planningAreaName":null,"centroid":[11.614862,48.122861],"bounds":[11.6132,48.1224,11.61651,48.12331],"amenities":{},"sourceId":"parks"}},{"type":"Feature","id":"munich:osm:way:658283868","geometry":{"type":"Polygon","coordinates":[[[11.6702265,48.12641125],[11.67057622,48.12633707],[11.67073264,48.12664194],[11.67042128,48.12671883],[11.67036078,48.12669441],[11.6702265,48.12641125]]]},"properties":{"id":"munich:osm:way:658283868","name":"Unbenannter Park 658283868","nameAddon":null,"objectNumber":"munich:osm:way:658283868","district":"München","locality":null,"type":"Park","areaM2":1009.2,"areaHa":0.1,"designation":null,"dedicated":null,"builtYear":null,"renovatedYear":null,"planningAreaId":null,"planningAreaName":null,"centroid":[11.670478,48.12653],"bounds":[11.67023,48.12634,11.67073,48.12672],"amenities":{},"sourceId":"parks"}},{"type":"Feature","id":"munich:osm:way:659497717","geometry":{"type":"Polygon","coordinates":[[[11.58685445,48.17087027],[11.58686921,48.17070291],[11.5871363,48.17071286],[11.58711859,48.17088113],[11.58685445,48.17087027]]]},"properties":{"id":"munich:osm:way:659497717","name":"Unbenannter Park 659497717","nameAddon":null,"objectNumber":"munich:osm:way:659497717","district":"München","locality":null,"type":"Park","areaM2":368.8,"areaHa":0.04,"designation":null,"dedicated":null,"builtYear":null,"renovatedYear":null,"planningAreaId":null,"planningAreaName":null,"centroid":[11.586995,48.170792],"bounds":[11.58685,48.1707,11.58714,48.17088],"amenities":{},"sourceId":"parks"}},{"type":"Feature","id":"munich:osm:way:66749886","geometry":{"type":"Polygon","coordinates":[[[11.57469373,48.09077076],[11.57501394,48.09026054],[11.57542269,48.09075448],[11.57549795,48.09097793],[11.57469373,48.09077076]]]},"properties":{"id":"munich:osm:way:66749886","name":"Unbenannter Park 66749886","nameAddon":null,"objectNumber":"munich:osm:way:66749886","district":"München","locality":null,"type":"Park","areaM2":2233.9,"areaHa":0.22,"designation":null,"dedicated":null,"builtYear":null,"renovatedYear":null,"planningAreaId":null,"planningAreaName":null,"centroid":[11.575093,48.090669],"bounds":[11.57469,48.09026,11.5755,48.09098],"amenities":{},"sourceId":"parks"}},{"type":"Feature","id":"munich:osm:way:67501565","geometry":{"type":"Polygon","coordinates":[[[11.45967516,48.15147187],[11.45991569,48.15133707],[11.46063875,48.1510693],[11.46076271,48.15134702],[11.46066827,48.15135517],[11.46067122,48.15139045],[11.45967516,48.15147187]]]},"properties":{"id":"munich:osm:way:67501565","name":"Unbenannter Park 67501565","nameAddon":null,"objectNumber":"munich:osm:way:67501565","district":"München","locality":null,"type":"Park","areaM2":1619.2,"areaHa":0.16,"designation":null,"dedicated":null,"builtYear":null,"renovatedYear":null,"planningAreaId":null,"planningAreaName":null,"centroid":[11.460333,48.151305],"bounds":[11.45968,48.15107,11.46076,48.15147],"amenities":{},"sourceId":"parks"}},{"type":"Feature","id":"munich:osm:way:677366607","geometry":{"type":"Polygon","coordinates":[[[11.54567236,48.12102497],[11.54642051,48.12099331],[11.54643379,48.12111996],[11.54569745,48.12115433],[11.54567532,48.12105301],[11.54567236,48.12102497]]]},"properties":{"id":"munich:osm:way:677366607","name":"Unbenannter Park 677366607","nameAddon":null,"objectNumber":"munich:osm:way:677366607","district":"München","locality":null,"type":"Park","areaM2":793.9,"areaHa":0.08,"designation":null,"dedicated":null,"builtYear":null,"renovatedYear":null,"planningAreaId":null,"planningAreaName":null,"centroid":[11.546054,48.121073],"bounds":[11.54567,48.12099,11.54643,48.12115],"amenities":{},"sourceId":"parks"}},{"type":"Feature","id":"munich:osm:way:67886863","geometry":{"type":"Polygon","coordinates":[[[11.43844517,48.16047946],[11.4386916,48.16004795],[11.43911658,48.15979736],[11.43941614,48.15987968],[11.43968913,48.15949973],[11.44111902,48.15885833],[11.44114116,48.15901936],[11.44165468,48.15958567],[11.44198227,48.15944726],[11.44215344,48.15967523],[11.44187455,48.15983716],[11.4421136,48.16012303],[11.44300341,48.16078071],[11.44416769,48.16142482],[11.44436838,48.16122128],[11.44474761,48.16136693],[11.44439641,48.16176407],[11.44264926,48.16106115],[11.44188193,48.16058802],[11.4407206,48.15971865],[11.44033251,48.15966437],[11.43959321,48.16004161],[11.43851305,48.16044871],[11.43844517,48.16047946]]]},"properties":{"id":"munich:osm:way:67886863","name":"Unbenannter Park 67886863","nameAddon":null,"objectNumber":"munich:osm:way:67886863","district":"München","locality":null,"type":"Park","areaM2":27133.5,"areaHa":2.71,"designation":null,"dedicated":null,"builtYear":null,"renovatedYear":null,"planningAreaId":null,"planningAreaName":null,"centroid":[11.441536,48.160167],"bounds":[11.43845,48.15886,11.44475,48.16176],"amenities":{},"sourceId":"parks"}},{"type":"Feature","id":"munich:osm:way:68512679","geometry":{"type":"Polygon","coordinates":[[[11.51097865,48.21337434],[11.51147299,48.21300253],[11.51196585,48.21335716],[11.51225655,48.21363036],[11.51268596,48.21385924],[11.51248085,48.21392799],[11.51215621,48.21371178],[11.51207948,48.21376877],[11.51212965,48.21389723],[11.51238641,48.21401755],[11.51252807,48.21395422],[11.51263874,48.21397232],[11.51289403,48.21422743],[11.5125266,48.21432785],[11.51256791,48.21440926],[11.51271695,48.21441831],[11.51294863,48.21428442],[11.51347986,48.21473403],[11.51337509,48.21477474],[11.51348428,48.21485978],[11.51352708,48.21484259],[11.51375728,48.21514927],[11.51352117,48.21521531],[11.51320982,48.21512575],[11.51295896,48.2149991],[11.51172975,48.21402479],[11.51159399,48.21366293],[11.51115425,48.21340872],[11.51097865,48.21337434]]]},"properties":{"id":"munich:osm:way:68512679","name":"Grillzone am Feldmochinger See","nameAddon":null,"objectNumber":"munich:osm:way:68512679","district":"München","locality":null,"type":"Park","areaM2":12939.9,"areaHa":1.29,"designation":null,"dedicated":null,"builtYear":null,"renovatedYear":null,"planningAreaId":null,"planningAreaName":null,"centroid":[11.512374,48.214132],"bounds":[11.51098,48.213,11.51376,48.21522],"amenities":{},"sourceId":"parks"}},{"type":"Feature","id":"munich:osm:way:68512680","geometry":{"type":"Polygon","coordinates":[[[11.50832693,48.21157319],[11.50863977,48.21135969],[11.50901753,48.21148815],[11.50965353,48.2110313],[11.509534,48.21088203],[11.50969042,48.21062873],[11.50948088,48.21075267],[11.50900277,48.21127103],[11.50879176,48.21123123],[11.50898654,48.2109734],[11.5098793,48.21024154],[11.51004015,48.20998372],[11.51106867,48.20931608],[11.5113697,48.20940565],[11.5116781,48.20987335],[11.51150545,48.2099231],[11.51140954,48.20976479],[11.51123689,48.20965261],[11.51099488,48.20977203],[11.51079567,48.20967975],[11.51031757,48.20985797],[11.51045628,48.21003528],[11.51074255,48.21008594],[11.51072041,48.21017279],[11.51091372,48.21018636],[11.51031757,48.21070291],[11.51025559,48.21091551],[11.50976125,48.21167903],[11.50970813,48.21187624],[11.50978634,48.21225529],[11.51105243,48.21218563],[11.51094471,48.2125095],[11.51121328,48.21275647],[11.51145233,48.21287769],[11.51147299,48.21300253],[11.51097865,48.21337434],[11.51115425,48.21340872],[11.51159399,48.21366293],[11.51172975,48.21402479],[11.51295896,48.2149991],[11.51320982,48.21512575],[11.51352117,48.21521531],[11.51375728,48.21514927],[11.51408044,48.21550027],[11.51425899,48.21557264],[11.51399338,48.21568301],[11.51479613,48.21655057],[11.51489942,48.2167903],[11.51518127,48.21696128],[11.51543803,48.21685906],[11.51564609,48.21691786],[11.51626881,48.21656052],[11.51706861,48.2163814],[11.51704942,48.21665189],[11.51684726,48.21708431],[11.51598844,48.2170626],[11.51589695,48.21719197],[11.51553542,48.21717478],[11.51541589,48.21741451],[11.5149614,48.21732314],[11.51505584,48.2171404],[11.51480793,48.2170228],[11.51391369,48.21598516],[11.51361266,48.21600235],[11.51302093,48.21588203],[11.51295748,48.21578343],[11.51278336,48.21572101],[11.51264907,48.21575086],[11.51251774,48.21557988],[11.51258415,48.21548127],[11.51241002,48.2152723],[11.5122536,48.21530306],[11.51188469,48.21509861],[11.5121872,48.21500633],[11.51194077,48.21487968],[11.51199537,48.21465533],[11.51101554,48.21440112],[11.5110303,48.21405555],[11.51046218,48.21372625],[11.51018181,48.21391261],[11.50944989,48.21362584],[11.50886849,48.21293016],[11.50904409,48.21286593],[11.50931266,48.21305138],[11.50973912,48.21281346],[11.5092861,48.21279989],[11.50925806,48.21261263],[11.50891276,48.2125294],[11.5088316,48.21244346],[11.50911049,48.21228153],[11.50843023,48.21220554],[11.50867371,48.21203003],[11.50857779,48.21174688],[11.50832693,48.21157319]]]},"properties":{"id":"munich:osm:way:68512680","name":"Erholungsgebiet Feldmochinger See","nameAddon":null,"objectNumber":"munich:osm:way:68512680","district":"München","locality":null,"type":"Park","areaM2":78395.1,"areaHa":7.84,"designation":null,"dedicated":null,"builtYear":null,"renovatedYear":null,"planningAreaId":null,"planningAreaName":null,"centroid":[11.511437,48.213472],"bounds":[11.50833,48.20932,11.51707,48.21741],"amenities":{},"sourceId":"parks"}},{"type":"Feature","id":"munich:osm:way:68512682","geometry":{"type":"Polygon","coordinates":[[[11.51361562,48.21122851],[11.51392845,48.21115162],[11.51445083,48.21168265],[11.51486696,48.2118093],[11.51525357,48.21188258],[11.51541589,48.21187624],[11.51550886,48.21193505],[11.51559297,48.21211869],[11.51587039,48.21234666],[11.51659345,48.21309119],[11.51681037,48.21414601],[11.51627619,48.2132884],[11.51608141,48.21314094],[11.51597664,48.21314185],[11.51601353,48.21305229],[11.51582907,48.21290031],[11.5150824,48.21230505],[11.51427965,48.21175864],[11.51361562,48.21122851]]]},"properties":{"id":"munich:osm:way:68512682","name":"Badestrand Ostufer Feldmochinger See","nameAddon":null,"objectNumber":"munich:osm:way:68512682","district":"München","locality":null,"type":"Park","areaM2":11250.5,"areaHa":1.13,"designation":null,"dedicated":null,"builtYear":null,"renovatedYear":null,"planningAreaId":null,"planningAreaName":null,"centroid":[11.515493,48.212445],"bounds":[11.51362,48.21115,11.51681,48.21415],"amenities":{},"sourceId":"parks"}},{"type":"Feature","id":"munich:osm:way:68512684","geometry":{"type":"Polygon","coordinates":[[[11.50970813,48.21187624],[11.50976125,48.21167903],[11.51025559,48.21091551],[11.51065106,48.21090736],[11.51091225,48.2109725],[11.51113359,48.21097612],[11.51183895,48.21161842],[11.51174451,48.21175321],[11.51105243,48.21218563],[11.50978634,48.21225529],[11.50970813,48.21187624]]]},"properties":{"id":"munich:osm:way:68512684","name":"Nacktbadebereich am Feldmochinger See","nameAddon":null,"objectNumber":"munich:osm:way:68512684","district":"München","locality":null,"type":"Park","areaM2":16554.8,"areaHa":1.66,"designation":null,"dedicated":null,"builtYear":null,"renovatedYear":null,"planningAreaId":null,"planningAreaName":null,"centroid":[11.51068,48.211616],"bounds":[11.50971,48.21091,11.51184,48.21226],"amenities":{},"sourceId":"parks"}},{"type":"Feature","id":"munich:osm:way:686446392","geometry":{"type":"Polygon","coordinates":[[[11.41371348,48.15528044],[11.41380792,48.1548444],[11.41558459,48.15509227],[11.41393335,48.15524516],[11.41393188,48.15527049],[11.41376661,48.15527863],[11.41371348,48.15528044]]]},"properties":{"id":"munich:osm:way:686446392","name":"Grünanlage an der Colmdorfstraße","nameAddon":null,"objectNumber":"munich:osm:way:686446392","district":"München","locality":null,"type":"Park","areaM2":3375.4,"areaHa":0.34,"designation":null,"dedicated":null,"builtYear":null,"renovatedYear":null,"planningAreaId":null,"planningAreaName":null,"centroid":[11.414364,48.15507],"bounds":[11.41371,48.15484,11.41558,48.15528],"amenities":{},"sourceId":"parks"}},{"type":"Feature","id":"munich:osm:way:69141078","geometry":{"type":"Polygon","coordinates":[[[11.57707688,48.16358241],[11.57723035,48.16278904],[11.57751662,48.16281256],[11.57736168,48.16360684],[11.57707688,48.16358241]]]},"properties":{"id":"munich:osm:way:69141078","name":"Pündterplatz","nameAddon":null,"objectNumber":"munich:osm:way:69141078","district":"München","locality":null,"type":"Park","areaM2":1900,"areaHa":0.19,"designation":null,"dedicated":null,"builtYear":null,"renovatedYear":null,"planningAreaId":null,"planningAreaName":null,"centroid":[11.577296,48.163197],"bounds":[11.57708,48.16279,11.57752,48.16361],"amenities":{},"sourceId":"parks"}},{"type":"Feature","id":"munich:osm:way:692544876","geometry":{"type":"Polygon","coordinates":[[[11.51504403,48.18737199],[11.51511929,48.18723449],[11.51550886,48.18736204],[11.51563576,48.18729238],[11.51611092,48.18738737],[11.51606222,48.18749774],[11.51694908,48.18769405],[11.51706861,48.18745341],[11.51733717,48.1875104],[11.51752163,48.18716573],[11.51766476,48.18700832],[11.51790677,48.18650715],[11.51802039,48.18643116],[11.51830519,48.18593269],[11.51859147,48.18599511],[11.51794071,48.18737561],[11.51767805,48.18780261],[11.51777396,48.18793559],[11.51771494,48.18814818],[11.51762345,48.18815813],[11.51757475,48.18831916],[11.51593532,48.18791207],[11.51510749,48.18760901],[11.51504403,48.18737199]]]},"properties":{"id":"munich:osm:way:692544876","name":"Merseburger Park","nameAddon":null,"objectNumber":"munich:osm:way:692544876","district":"München","locality":null,"type":"Park","areaM2":17516.8,"areaHa":1.75,"designation":null,"dedicated":null,"builtYear":null,"renovatedYear":null,"planningAreaId":null,"planningAreaName":null,"centroid":[11.517016,48.187453],"bounds":[11.51504,48.18593,11.51859,48.18832],"amenities":{},"sourceId":"parks"}},{"type":"Feature","id":"munich:osm:way:693934995","geometry":{"type":"Polygon","coordinates":[[[11.52156783,48.14555003],[11.52255798,48.14546589],[11.52256683,48.14540076],[11.52358355,48.14531844],[11.52608033,48.14514022],[11.52827165,48.14505337],[11.52828935,48.14523159],[11.52771681,48.14535462],[11.52771386,48.14540709],[11.52672665,48.14559255],[11.52602425,48.14564321],[11.52604786,48.14581509],[11.52501934,48.14588565],[11.52513001,48.14656052],[11.52613788,48.14648724],[11.52630757,48.14656052],[11.5264876,48.14678849],[11.52518904,48.14686539],[11.52529381,48.14753302],[11.52569223,48.14750317],[11.52571879,48.14744798],[11.52692882,48.14736023],[11.5269967,48.14755745],[11.52631495,48.14779989],[11.52618952,48.14789036],[11.52610541,48.14776461],[11.52595342,48.14771757],[11.52548122,48.14774561],[11.52537792,48.14779446],[11.52484522,48.14782251],[11.5246829,48.14760539],[11.52408379,48.1476452],[11.52402624,48.14756649],[11.52491162,48.14724896],[11.52380194,48.14588022],[11.52343156,48.14602045],[11.52339762,48.14598335],[11.52303461,48.14611272],[11.52306265,48.1461471],[11.5217936,48.14660394],[11.52176261,48.1463036],[11.52165636,48.14630903],[11.5216239,48.14605935],[11.52267603,48.14567125],[11.52281622,48.14583952],[11.52316742,48.14570744],[11.52303609,48.14553465],[11.52201494,48.14564321],[11.52159144,48.14580062],[11.52157225,48.1455844],[11.52156783,48.14555003]]]},"properties":{"id":"munich:osm:way:693934995","name":"Neue Postwiese","nameAddon":null,"objectNumber":"munich:osm:way:693934995","district":"München","locality":null,"type":"Park","areaM2":50802.9,"areaHa":5.08,"designation":null,"dedicated":null,"builtYear":null,"renovatedYear":null,"planningAreaId":null,"planningAreaName":null,"centroid":[11.524789,48.146119],"bounds":[11.52157,48.14505,11.52829,48.14789],"amenities":{},"sourceId":"parks"}},{"type":"Feature","id":"munich:osm:way:694458193","geometry":{"type":"Polygon","coordinates":[[[11.59728574,48.18625746],[11.59807668,48.18617604],[11.59813128,48.18640673],[11.59734033,48.18648815],[11.59728574,48.18625746]]]},"properties":{"id":"munich:osm:way:694458193","name":"Unbenannter Park 694458193","nameAddon":null,"objectNumber":"munich:osm:way:694458193","district":"München","locality":null,"type":"Park","areaM2":1545.3,"areaHa":0.15,"designation":null,"dedicated":null,"builtYear":null,"renovatedYear":null,"planningAreaId":null,"planningAreaName":null,"centroid":[11.597709,48.186332],"bounds":[11.59729,48.18618,11.59813,48.18649],"amenities":{},"sourceId":"parks"}},{"type":"Feature","id":"munich:osm:way:696755696","geometry":{"type":"Polygon","coordinates":[[[11.52110005,48.08835444],[11.53007783,48.088463],[11.5308363,48.09037453],[11.52865679,48.09044418],[11.52864351,48.09047313],[11.52336368,48.09041795],[11.52336663,48.08985707],[11.52306265,48.08964809],[11.52122695,48.08868735],[11.52111185,48.0885788],[11.52110005,48.08835444]]]},"properties":{"id":"munich:osm:way:696755696","name":"Siemens-Park","nameAddon":null,"objectNumber":"munich:osm:way:696755696","district":"München","locality":null,"type":"Park","areaM2":134535.3,"areaHa":13.45,"designation":null,"dedicated":null,"builtYear":null,"renovatedYear":null,"planningAreaId":null,"planningAreaName":null,"centroid":[11.526368,48.089378],"bounds":[11.5211,48.08835,11.53084,48.09047],"amenities":{},"sourceId":"parks"}},{"type":"Feature","id":"munich:osm:way:701098862","geometry":{"type":"Polygon","coordinates":[[[11.5328594,48.16361136],[11.53305271,48.1632495],[11.53321356,48.1630731],[11.53340244,48.16309933],[11.53360608,48.16271305],[11.5353916,48.16313823],[11.53501679,48.16386557],[11.53417125,48.16365479],[11.53404434,48.16385471],[11.53391596,48.16388095],[11.53309108,48.16367107],[11.5328594,48.16361136]]]},"properties":{"id":"munich:osm:way:701098862","name":"Taxispark","nameAddon":null,"objectNumber":"munich:osm:way:701098862","district":"München","locality":null,"type":"Park","areaM2":15336.7,"areaHa":1.53,"designation":null,"dedicated":null,"builtYear":null,"renovatedYear":null,"planningAreaId":null,"planningAreaName":null,"centroid":[11.534124,48.163346],"bounds":[11.53286,48.16271,11.53539,48.16388],"amenities":{},"sourceId":"parks"}},{"type":"Feature","id":"munich:osm:way:70740922","geometry":{"type":"Polygon","coordinates":[[[11.59764727,48.10187443],[11.59897682,48.10066854],[11.59993155,48.0995332],[11.60100729,48.09893885],[11.60125372,48.09873168],[11.6023575,48.09707708],[11.60307761,48.09720101],[11.60260836,48.09782613],[11.60163001,48.09868916],[11.60064429,48.10014022],[11.60044655,48.1001167],[11.6003772,48.10017188],[11.60045983,48.10037272],[11.60004813,48.10118419],[11.59940328,48.10098878],[11.5992321,48.10098788],[11.59913766,48.10112719],[11.59892664,48.10116971],[11.59857102,48.10145196],[11.59775646,48.10189434],[11.59764727,48.10187443]]]},"properties":{"id":"munich:osm:way:70740922","name":"Unbenannter Park 70740922","nameAddon":null,"objectNumber":"munich:osm:way:70740922","district":"München","locality":null,"type":"Park","areaM2":31220.3,"areaHa":3.12,"designation":null,"dedicated":null,"builtYear":null,"renovatedYear":null,"planningAreaId":null,"planningAreaName":null,"centroid":[11.600514,48.099598],"bounds":[11.59765,48.09708,11.60308,48.10189],"amenities":{},"sourceId":"parks"}},{"type":"Feature","id":"munich:osm:way:710056331","geometry":{"type":"Polygon","coordinates":[[[11.58682051,48.17196038],[11.5868515,48.17163742],[11.58705367,48.17164556],[11.5870153,48.1719649],[11.58682051,48.17196038]]]},"properties":{"id":"munich:osm:way:710056331","name":"Unbenannter Park 710056331","nameAddon":null,"objectNumber":"munich:osm:way:710056331","district":"München","locality":null,"type":"Park","areaM2":527.9,"areaHa":0.05,"designation":null,"dedicated":null,"builtYear":null,"renovatedYear":null,"planningAreaId":null,"planningAreaName":null,"centroid":[11.586935,48.171801],"bounds":[11.58682,48.17164,11.58705,48.17196],"amenities":{},"sourceId":"parks"}},{"type":"Feature","id":"munich:osm:way:71234426","geometry":{"type":"Polygon","coordinates":[[[11.45748089,48.13827755],[11.45758419,48.13820608],[11.45764321,48.13821332],[11.45782176,48.13867921],[11.45788079,48.13901122],[11.45784242,48.13925638],[11.45773618,48.13938303],[11.4576742,48.13938303],[11.45759894,48.13932061],[11.45751926,48.13848833],[11.45748089,48.13827755]]]},"properties":{"id":"munich:osm:way:71234426","name":"Unbenannter Park 71234426","nameAddon":null,"objectNumber":"munich:osm:way:71234426","district":"München","locality":null,"type":"Park","areaM2":2347,"areaHa":0.23,"designation":null,"dedicated":null,"builtYear":null,"renovatedYear":null,"planningAreaId":null,"planningAreaName":null,"centroid":[11.457682,48.138818],"bounds":[11.45748,48.13821,11.45788,48.13938],"amenities":{},"sourceId":"parks"}},{"type":"Feature","id":"munich:osm:way:712630374","geometry":{"type":"Polygon","coordinates":[[[11.52020876,48.0934241],[11.52038732,48.09223991],[11.52101003,48.09229419],[11.52094363,48.09265696],[11.52091707,48.09253573],[11.52078279,48.09255292],[11.52058948,48.09249955],[11.52048471,48.09251402],[11.52042273,48.0925674],[11.52043601,48.0927049],[11.52056144,48.09286774],[11.5206308,48.09286684],[11.52073704,48.0927619],[11.52092887,48.09279989],[11.5207518,48.09344581],[11.52020876,48.0934241]]]},"properties":{"id":"munich:osm:way:712630374","name":"Unbenannter Park 712630374","nameAddon":null,"objectNumber":"munich:osm:way:712630374","district":"München","locality":null,"type":"Park","areaM2":4755.4,"areaHa":0.48,"designation":null,"dedicated":null,"builtYear":null,"renovatedYear":null,"planningAreaId":null,"planningAreaName":null,"centroid":[11.52058,48.092879],"bounds":[11.52021,48.09224,11.52101,48.09345],"amenities":{},"sourceId":"parks"}},{"type":"Feature","id":"munich:osm:way:712630375","geometry":{"type":"Polygon","coordinates":[[[11.51993872,48.09457843],[11.52018073,48.09354261],[11.52065736,48.09356613],[11.52033567,48.09464176],[11.51993872,48.09457843]]]},"properties":{"id":"munich:osm:way:712630375","name":"Unbenannter Park 712630375","nameAddon":null,"objectNumber":"munich:osm:way:712630375","district":"München","locality":null,"type":"Park","areaM2":3931.1,"areaHa":0.39,"designation":null,"dedicated":null,"builtYear":null,"renovatedYear":null,"planningAreaId":null,"planningAreaName":null,"centroid":[11.520283,48.094069],"bounds":[11.51994,48.09354,11.52066,48.09464],"amenities":{},"sourceId":"parks"}},{"type":"Feature","id":"munich:osm:way:717545980","geometry":{"type":"Polygon","coordinates":[[[11.41452213,48.13770671],[11.41533226,48.13310385],[11.41545769,48.13264701],[11.41849012,48.13292021],[11.41750587,48.13795368],[11.41550638,48.13779356],[11.41452213,48.13770671]]]},"properties":{"id":"munich:osm:way:717545980","name":"Ökologische Ausgleichsfläche Ehemaliges Gleislager Neuaubing","nameAddon":null,"objectNumber":"munich:osm:way:717545980","district":"München","locality":null,"type":"Park","areaM2":128682.9,"areaHa":12.87,"designation":null,"dedicated":null,"builtYear":null,"renovatedYear":null,"planningAreaId":null,"planningAreaName":null,"centroid":[11.416485,48.135295],"bounds":[11.41452,48.13265,11.41849,48.13795],"amenities":{},"sourceId":"parks"}},{"type":"Feature","id":"munich:osm:way:71798135","geometry":{"type":"Polygon","coordinates":[[[11.5389287,48.10867288],[11.53948649,48.10732314],[11.53977572,48.10735028],[11.53965029,48.10885924],[11.53930794,48.10889271],[11.53915447,48.10869097],[11.5389287,48.10867288]]]},"properties":{"id":"munich:osm:way:71798135","name":"Unbenannter Park 71798135","nameAddon":null,"objectNumber":"munich:osm:way:71798135","district":"München","locality":null,"type":"Park","areaM2":6523.8,"areaHa":0.65,"designation":null,"dedicated":null,"builtYear":null,"renovatedYear":null,"planningAreaId":null,"planningAreaName":null,"centroid":[11.539437,48.108178],"bounds":[11.53893,48.10732,11.53978,48.10889],"amenities":{},"sourceId":"parks"}},{"type":"Feature","id":"munich:osm:way:727236543","geometry":{"type":"Polygon","coordinates":[[[11.55677801,48.22116067],[11.55700231,48.22066401],[11.55817839,48.22066401],[11.55881439,48.22057355],[11.55890145,48.2199421],[11.56099538,48.22007509],[11.56097472,48.22065497],[11.55977798,48.2206233],[11.55963632,48.22064773],[11.55953598,48.2210693],[11.55957877,48.22143387],[11.5609098,48.22158042],[11.5609216,48.22190972],[11.55907115,48.22179392],[11.5590741,48.22163742],[11.55761617,48.22154786],[11.55764126,48.22139316],[11.55743467,48.22138773],[11.55746713,48.22121585],[11.55677801,48.22116067]]]},"properties":{"id":"munich:osm:way:727236543","name":"Unbenannter Park 727236543","nameAddon":null,"objectNumber":"munich:osm:way:727236543","district":"München","locality":null,"type":"Park","areaM2":34825.7,"areaHa":3.48,"designation":null,"dedicated":null,"builtYear":null,"renovatedYear":null,"planningAreaId":null,"planningAreaName":null,"centroid":[11.559089,48.220928],"bounds":[11.55678,48.21994,11.561,48.22191],"amenities":{},"sourceId":"parks"}},{"type":"Feature","id":"munich:osm:way:727901764","geometry":{"type":"Polygon","coordinates":[[[11.6088872,48.18013389],[11.60894327,48.17983174],[11.609172,48.17926633],[11.60954828,48.179222],[11.60945827,48.17960829],[11.60932989,48.17967071],[11.6092443,48.18028406],[11.60927381,48.18100145],[11.60895803,48.1810123],[11.6088931,48.18071015],[11.6088872,48.18013389]]]},"properties":{"id":"munich:osm:way:727901764","name":"Unbenannter Park 727901764","nameAddon":null,"objectNumber":"munich:osm:way:727901764","district":"München","locality":null,"type":"Park","areaM2":5285.6,"areaHa":0.53,"designation":null,"dedicated":null,"builtYear":null,"renovatedYear":null,"planningAreaId":null,"planningAreaName":null,"centroid":[11.609144,48.180108],"bounds":[11.60889,48.17922,11.60955,48.18101],"amenities":{},"sourceId":"parks"}},{"type":"Feature","id":"munich:osm:way:732104635","geometry":{"type":"Polygon","coordinates":[[[11.62595147,48.10353718],[11.62772961,48.10356161],[11.62789636,48.1036195],[11.62778864,48.10381039],[11.6278816,48.10418762],[11.62766173,48.10539533],[11.62705082,48.10539533],[11.62657419,48.10436494],[11.62595147,48.10353718]]]},"properties":{"id":"munich:osm:way:732104635","name":"Unbenannter Park 732104635","nameAddon":null,"objectNumber":"munich:osm:way:732104635","district":"München","locality":null,"type":"Park","areaM2":18665.7,"areaHa":1.87,"designation":null,"dedicated":null,"builtYear":null,"renovatedYear":null,"planningAreaId":null,"planningAreaName":null,"centroid":[11.627141,48.104315],"bounds":[11.62595,48.10354,11.6279,48.1054],"amenities":{},"sourceId":"parks"}},{"type":"Feature","id":"munich:osm:way:733411271","geometry":{"type":"Polygon","coordinates":[[[11.61669627,48.10223268],[11.61824864,48.10216483],[11.61825454,48.10227067],[11.61830767,48.10226886],[11.61834899,48.10269224],[11.6167066,48.10276371],[11.61669627,48.10223268]]]},"properties":{"id":"munich:osm:way:733411271","name":"Öffentliche Grünfläche Hochäckerstraße","nameAddon":null,"objectNumber":"munich:osm:way:733411271","district":"München","locality":null,"type":"Park","areaM2":7150.9,"areaHa":0.72,"designation":null,"dedicated":null,"builtYear":null,"renovatedYear":null,"planningAreaId":null,"planningAreaName":null,"centroid":[11.617508,48.102466],"bounds":[11.6167,48.10216,11.61835,48.10276],"amenities":{},"sourceId":"parks"}},{"type":"Feature","id":"munich:osm:way:733411273","geometry":{"type":"Polygon","coordinates":[[[11.62034257,48.10218021],[11.62039717,48.10217749],[11.62039127,48.10211417],[11.6219761,48.10204632],[11.62200857,48.10239461],[11.62036913,48.10246608],[11.62034257,48.10218021]]]},"properties":{"id":"munich:osm:way:733411273","name":"Öffentliche Grünfläche Hochäckerstraße","nameAddon":null,"objectNumber":"munich:osm:way:733411273","district":"München","locality":null,"type":"Park","areaM2":4730,"areaHa":0.47,"designation":null,"dedicated":null,"builtYear":null,"renovatedYear":null,"planningAreaId":null,"planningAreaName":null,"centroid":[11.621177,48.102257],"bounds":[11.62034,48.10205,11.62201,48.10247],"amenities":{},"sourceId":"parks"}},{"type":"Feature","id":"munich:osm:way:733521982","geometry":{"type":"Polygon","coordinates":[[[11.62213104,48.10160213],[11.62289247,48.10156414],[11.62291608,48.10160756],[11.6230784,48.10161932],[11.62361258,48.10159942],[11.62366276,48.10211145],[11.62218712,48.10218202],[11.62213104,48.10160213]]]},"properties":{"id":"munich:osm:way:733521982","name":"Öffentliche Grünfläche Hochäckerstraße","nameAddon":null,"objectNumber":"munich:osm:way:733521982","district":"München","locality":null,"type":"Park","areaM2":6770.7,"areaHa":0.68,"designation":null,"dedicated":null,"builtYear":null,"renovatedYear":null,"planningAreaId":null,"planningAreaName":null,"centroid":[11.622876,48.101872],"bounds":[11.62213,48.10156,11.62366,48.10218],"amenities":{},"sourceId":"parks"}},{"type":"Feature","id":"munich:osm:way:733942468","geometry":{"type":"Polygon","coordinates":[[[11.61486796,48.10221639],[11.61562496,48.10218473],[11.6156161,48.10209336],[11.61644689,48.10205989],[11.61641885,48.10235571],[11.61647788,48.1023548],[11.61648968,48.10245251],[11.61490485,48.10251674],[11.61486796,48.10221639]]]},"properties":{"id":"munich:osm:way:733942468","name":"Öffentliche Grünfläche Hochäckerstraße","nameAddon":null,"objectNumber":"munich:osm:way:733942468","district":"München","locality":null,"type":"Park","areaM2":4537.3,"areaHa":0.45,"designation":null,"dedicated":null,"builtYear":null,"renovatedYear":null,"planningAreaId":null,"planningAreaName":null,"centroid":[11.615717,48.102306],"bounds":[11.61487,48.10206,11.61649,48.10252],"amenities":{},"sourceId":"parks"}},{"type":"Feature","id":"munich:osm:way:73940214","geometry":{"type":"Polygon","coordinates":[[[11.51262399,48.21031391],[11.51313161,48.21006966],[11.51338394,48.21041252],[11.51321129,48.21049756],[11.51345477,48.21073458],[11.51367169,48.21076262],[11.51384877,48.21097702],[11.51374695,48.21102587],[11.51384729,48.21115705],[11.51361562,48.21122851],[11.51309472,48.21085851],[11.51319653,48.21078885],[11.51299142,48.21064773],[11.51288518,48.21071015],[11.51275237,48.21061516],[11.51278926,48.21054098],[11.51273023,48.21043514],[11.51262399,48.21031391]]]},"properties":{"id":"munich:osm:way:73940214","name":"Badestrand Ostufer Feldmochinger See","nameAddon":null,"objectNumber":"munich:osm:way:73940214","district":"München","locality":null,"type":"Park","areaM2":4424.2,"areaHa":0.44,"designation":null,"dedicated":null,"builtYear":null,"renovatedYear":null,"planningAreaId":null,"planningAreaName":null,"centroid":[11.513236,48.210646],"bounds":[11.51262,48.21007,11.51385,48.21123],"amenities":{},"sourceId":"parks"}},{"type":"Feature","id":"munich:osm:way:750942886","geometry":{"type":"Polygon","coordinates":[[[11.60323698,48.11702913],[11.60336241,48.11679392],[11.60388036,48.11691695],[11.60375493,48.11715216],[11.60323698,48.11702913]]]},"properties":{"id":"munich:osm:way:750942886","name":"Unbenannter Park 750942886","nameAddon":null,"objectNumber":"munich:osm:way:750942886","district":"München","locality":null,"type":"Park","areaM2":1136.6,"areaHa":0.11,"designation":null,"dedicated":null,"builtYear":null,"renovatedYear":null,"planningAreaId":null,"planningAreaName":null,"centroid":[11.603559,48.116973],"bounds":[11.60324,48.11679,11.60388,48.11715],"amenities":{},"sourceId":"parks"}},{"type":"Feature","id":"munich:osm:way:759941765","geometry":{"type":"Polygon","coordinates":[[[11.42090279,48.14755021],[11.42092345,48.14747603],[11.42123186,48.14751493],[11.42129531,48.14756197],[11.42128055,48.1476072],[11.42090279,48.14755021]]]},"properties":{"id":"munich:osm:way:759941765","name":"Unbenannter Park 759941765","nameAddon":null,"objectNumber":"munich:osm:way:759941765","district":"München","locality":null,"type":"Park","areaM2":248.5,"areaHa":0.02,"designation":null,"dedicated":null,"builtYear":null,"renovatedYear":null,"planningAreaId":null,"planningAreaName":null,"centroid":[11.421099,48.14754],"bounds":[11.4209,48.14748,11.4213,48.14761],"amenities":{},"sourceId":"parks"}},{"type":"Feature","id":"munich:osm:way:761774952","geometry":{"type":"Polygon","coordinates":[[[11.49826013,48.07741451],[11.49834424,48.07740275],[11.49843721,48.07725529],[11.4987043,48.07703184],[11.4987102,48.07697123],[11.49891974,48.07682106],[11.49890056,48.07674959],[11.49989219,48.07675773],[11.49980808,48.0778795],[11.4998612,48.07886376],[11.50000876,48.07935318],[11.50060344,48.08046951],[11.49953508,48.08105211],[11.49886809,48.08011218],[11.49890646,48.07985707],[11.49874709,48.0794156],[11.49868512,48.07942645],[11.49855821,48.0791243],[11.49842393,48.07864574],[11.49830145,48.07808214],[11.49836638,48.07806314],[11.49841065,48.07797087],[11.49828522,48.07750859],[11.49826013,48.07741451]]]},"properties":{"id":"munich:osm:way:761774952","name":"Grünanlage Herterichstraße","nameAddon":null,"objectNumber":"munich:osm:way:761774952","district":"München","locality":null,"type":"Park","areaM2":46366.8,"areaHa":4.64,"designation":null,"dedicated":null,"builtYear":null,"renovatedYear":null,"planningAreaId":null,"planningAreaName":null,"centroid":[11.499328,48.078799],"bounds":[11.49826,48.07675,11.5006,48.08105],"amenities":{},"sourceId":"parks"}},{"type":"Feature","id":"munich:osm:way:78053578","geometry":{"type":"Polygon","coordinates":[[[11.60815823,48.14724534],[11.6086629,48.14715759],[11.60877357,48.14774923],[11.60817004,48.14781889],[11.60815823,48.14724534]]]},"properties":{"id":"munich:osm:way:78053578","name":"Unbenannter Park 78053578","nameAddon":null,"objectNumber":"munich:osm:way:78053578","district":"München","locality":null,"type":"Park","areaM2":2710.5,"areaHa":0.27,"designation":null,"dedicated":null,"builtYear":null,"renovatedYear":null,"planningAreaId":null,"planningAreaName":null,"centroid":[11.608445,48.147501],"bounds":[11.60816,48.14716,11.60877,48.14782],"amenities":{},"sourceId":"parks"}},{"type":"Feature","id":"munich:osm:way:791440280","geometry":{"type":"Polygon","coordinates":[[[11.66635737,48.12898408],[11.66683253,48.128833],[11.66707749,48.12910802],[11.66659348,48.1292808],[11.66635737,48.12898408]]]},"properties":{"id":"munich:osm:way:791440280","name":"Unbenannter Park 791440280","nameAddon":null,"objectNumber":"munich:osm:way:791440280","district":"München","locality":null,"type":"Park","areaM2":1509.7,"areaHa":0.15,"designation":null,"dedicated":null,"builtYear":null,"renovatedYear":null,"planningAreaId":null,"planningAreaName":null,"centroid":[11.666714,48.129053],"bounds":[11.66636,48.12883,11.66708,48.12928],"amenities":{},"sourceId":"parks"}},{"type":"Feature","id":"munich:osm:way:79317310","geometry":{"type":"Polygon","coordinates":[[[11.5316848,48.11537453],[11.53211273,48.11540257],[11.53211716,48.11582866],[11.53193123,48.11583409],[11.53192533,48.11615886],[11.53173349,48.11616248],[11.53173054,48.11592727],[11.53168922,48.11592455],[11.5316848,48.11537453]]]},"properties":{"id":"munich:osm:way:79317310","name":"Unbenannter Park 79317310","nameAddon":null,"objectNumber":"munich:osm:way:79317310","district":"München","locality":null,"type":"Park","areaM2":2150.7,"areaHa":0.22,"designation":null,"dedicated":null,"builtYear":null,"renovatedYear":null,"planningAreaId":null,"planningAreaName":null,"centroid":[11.531878,48.115711],"bounds":[11.53168,48.11537,11.53212,48.11616],"amenities":{},"sourceId":"parks"}},{"type":"Feature","id":"munich:osm:way:79355673","geometry":{"type":"Polygon","coordinates":[[[11.53513926,48.111499],[11.53526912,48.11087208],[11.53588151,48.1108748],[11.535852,48.11249141],[11.53597447,48.11276371],[11.53607629,48.11276371],[11.53601874,48.11673693],[11.53579887,48.11674417],[11.53574132,48.11600597],[11.53567049,48.11591822],[11.53567049,48.11572734],[11.53561885,48.11571467],[11.53574132,48.11312918],[11.53555539,48.11164013],[11.53551112,48.11156233],[11.53521305,48.11152614],[11.53513926,48.111499]]]},"properties":{"id":"munich:osm:way:79355673","name":"Unbenannter Park 79355673","nameAddon":null,"objectNumber":"munich:osm:way:79355673","district":"München","locality":null,"type":"Park","areaM2":16996.5,"areaHa":1.7,"designation":null,"dedicated":null,"builtYear":null,"renovatedYear":null,"planningAreaId":null,"planningAreaName":null,"centroid":[11.535783,48.113582],"bounds":[11.53514,48.11087,11.53608,48.11674],"amenities":{},"sourceId":"parks"}},{"type":"Feature","id":"munich:osm:way:803828502","geometry":{"type":"Polygon","coordinates":[[[11.59367042,48.18751855],[11.59782434,48.18708703],[11.59785976,48.18724534],[11.59370879,48.18769043],[11.59367042,48.18751855]]]},"properties":{"id":"munich:osm:way:803828502","name":"Unbenannter Park 803828502","nameAddon":null,"objectNumber":"munich:osm:way:803828502","district":"München","locality":null,"type":"Park","areaM2":5863.8,"areaHa":0.59,"designation":null,"dedicated":null,"builtYear":null,"renovatedYear":null,"planningAreaId":null,"planningAreaName":null,"centroid":[11.595737,48.187388],"bounds":[11.59367,48.18709,11.59786,48.18769],"amenities":{},"sourceId":"parks"}},{"type":"Feature","id":"munich:osm:way:80458047","geometry":{"type":"Polygon","coordinates":[[[11.51037512,48.13975484],[11.51037659,48.13958205],[11.51102587,48.13950787],[11.51108637,48.13965442],[11.51037512,48.13975484]]]},"properties":{"id":"munich:osm:way:80458047","name":"Unbenannter Park 80458047","nameAddon":null,"objectNumber":"munich:osm:way:80458047","district":"München","locality":null,"type":"Park","areaM2":1016.7,"areaHa":0.1,"designation":null,"dedicated":null,"builtYear":null,"renovatedYear":null,"planningAreaId":null,"planningAreaName":null,"centroid":[11.51071,48.139627],"bounds":[11.51038,48.13951,11.51109,48.13975],"amenities":{},"sourceId":"parks"}},{"type":"Feature","id":"munich:osm:way:804688834","geometry":{"type":"Polygon","coordinates":[[[11.64494145,48.08607472],[11.64520854,48.08496381],[11.64583716,48.08361498],[11.64523953,48.0834431],[11.64558335,48.08289217],[11.64598325,48.08295006],[11.64638315,48.08306134],[11.64803438,48.08390809],[11.64780123,48.08400308],[11.64742937,48.0837552],[11.64682436,48.08346662],[11.64609982,48.0835399],[11.64565861,48.08424371],[11.6460349,48.08439208],[11.6463374,48.08459834],[11.64650415,48.08461281],[11.64611015,48.08495477],[11.64599505,48.08473584],[11.64541218,48.08466799],[11.64513771,48.08546047],[11.64503294,48.08608558],[11.64494145,48.08607472]]]},"properties":{"id":"munich:osm:way:804688834","name":"Grünanlage Carl-Wery-Straße","nameAddon":null,"objectNumber":"munich:osm:way:804688834","district":"München","locality":null,"type":"Park","areaM2":12848.2,"areaHa":1.28,"designation":null,"dedicated":null,"builtYear":null,"renovatedYear":null,"planningAreaId":null,"planningAreaName":null,"centroid":[11.646078,48.083834],"bounds":[11.64494,48.08289,11.64803,48.08609],"amenities":{},"sourceId":"parks"}},{"type":"Feature","id":"munich:osm:way:80716363","geometry":{"type":"Polygon","coordinates":[[[11.5799529,48.1005645],[11.58016982,48.10044599],[11.58060365,48.10090013],[11.58042215,48.10099964],[11.5799529,48.1005645]]]},"properties":{"id":"munich:osm:way:80716363","name":"Unbenannter Park 80716363","nameAddon":null,"objectNumber":"munich:osm:way:80716363","district":"München","locality":null,"type":"Park","areaM2":1141.4,"areaHa":0.11,"designation":null,"dedicated":null,"builtYear":null,"renovatedYear":null,"planningAreaId":null,"planningAreaName":null,"centroid":[11.58028,48.100721],"bounds":[11.57995,48.10045,11.5806,48.101],"amenities":{},"sourceId":"parks"}},{"type":"Feature","id":"munich:osm:way:80717832","geometry":{"type":"Polygon","coordinates":[[[11.54804814,48.08111634],[11.54975693,48.08074362],[11.54984547,48.08075991],[11.54998713,48.08107563],[11.54821784,48.08146191],[11.54804814,48.08111634]]]},"properties":{"id":"munich:osm:way:80717832","name":"Unbenannter Park 80717832","nameAddon":null,"objectNumber":"munich:osm:way:80717832","district":"München","locality":null,"type":"Park","areaM2":5616.2,"areaHa":0.56,"designation":null,"dedicated":null,"builtYear":null,"renovatedYear":null,"planningAreaId":null,"planningAreaName":null,"centroid":[11.549019,48.081096],"bounds":[11.54805,48.08074,11.54999,48.08146],"amenities":{},"sourceId":"parks"}},{"type":"Feature","id":"munich:osm:way:808112444","geometry":{"type":"Polygon","coordinates":[[[11.57049849,48.11373078],[11.57052948,48.11320698],[11.57063277,48.11317984],[11.57069475,48.11321874],[11.57088363,48.11315632],[11.57099283,48.1133843],[11.57091462,48.11340239],[11.57096184,48.11351456],[11.57106513,48.11349647],[11.57102824,48.11364122],[11.57059736,48.11371721],[11.57049849,48.11373078]]]},"properties":{"id":"munich:osm:way:808112444","name":"Unbenannter Park 808112444","nameAddon":null,"objectNumber":"munich:osm:way:808112444","district":"München","locality":null,"type":"Park","areaM2":1872.3,"areaHa":0.19,"designation":null,"dedicated":null,"builtYear":null,"renovatedYear":null,"planningAreaId":null,"planningAreaName":null,"centroid":[11.570743,48.113455],"bounds":[11.5705,48.11316,11.57107,48.11373],"amenities":{},"sourceId":"parks"}},{"type":"Feature","id":"munich:osm:way:80863455","geometry":{"type":"Polygon","coordinates":[[[11.66205589,48.12302605],[11.66234659,48.12293378],[11.66248678,48.12314456],[11.66244694,48.12315632],[11.66287487,48.12377329],[11.6634548,48.12359689],[11.66363187,48.12385562],[11.66305637,48.12403383],[11.6638119,48.1251167],[11.66357137,48.12520264],[11.66205589,48.12302605]]]},"properties":{"id":"munich:osm:way:80863455","name":"Unbenannter Park 80863455","nameAddon":null,"objectNumber":"munich:osm:way:80863455","district":"München","locality":null,"type":"Park","areaM2":6982.4,"areaHa":0.7,"designation":null,"dedicated":null,"builtYear":null,"renovatedYear":null,"planningAreaId":null,"planningAreaName":null,"centroid":[11.662997,48.124005],"bounds":[11.66206,48.12293,11.66381,48.1252],"amenities":{},"sourceId":"parks"}},{"type":"Feature","id":"munich:osm:way:81621186","geometry":{"type":"Polygon","coordinates":[[[11.57998389,48.16801158],[11.58004439,48.16741451],[11.58030558,48.16742627],[11.58024655,48.16802334],[11.57998389,48.16801158]]]},"properties":{"id":"munich:osm:way:81621186","name":"Speyerer Platz","nameAddon":null,"objectNumber":"munich:osm:way:81621186","district":"München","locality":null,"type":"Park","areaM2":1302.5,"areaHa":0.13,"designation":null,"dedicated":null,"builtYear":null,"renovatedYear":null,"planningAreaId":null,"planningAreaName":null,"centroid":[11.580145,48.167719],"bounds":[11.57998,48.16741,11.58031,48.16802],"amenities":{},"sourceId":"parks"}},{"type":"Feature","id":"munich:osm:way:823166451","geometry":{"type":"Polygon","coordinates":[[[11.41016015,48.15311742],[11.41074303,48.15317623],[11.41242968,48.15356613],[11.41234999,48.1536973],[11.41296534,48.15388185],[11.41236475,48.15432604],[11.41272038,48.154981],[11.41354969,48.15502985],[11.41352608,48.1551565],[11.41296534,48.1551755],[11.41236623,48.1554478],[11.4114838,48.15548308],[11.41145133,48.15542519],[11.41251969,48.15527501],[11.41248133,48.15483716],[11.41198108,48.15451873],[11.41108242,48.15450697],[11.41093043,48.15432242],[11.41101602,48.15436132],[11.41213898,48.15431608],[11.41211537,48.15366564],[11.41129786,48.15341053],[11.41036231,48.1535028],[11.41020294,48.15324769],[11.41016015,48.15311742]]]},"properties":{"id":"munich:osm:way:823166451","name":"Grünanlage am Freihamer Weg","nameAddon":null,"objectNumber":"munich:osm:way:823166451","district":"München","locality":null,"type":"Park","areaM2":12509.7,"areaHa":1.25,"designation":null,"dedicated":null,"builtYear":null,"renovatedYear":null,"planningAreaId":null,"planningAreaName":null,"centroid":[11.411975,48.154225],"bounds":[11.41016,48.15312,11.41355,48.15548],"amenities":{},"sourceId":"parks"}},{"type":"Feature","id":"munich:osm:way:826550614","geometry":{"type":"Polygon","coordinates":[[[11.46805088,48.10804143],[11.46855112,48.1076461],[11.46915466,48.10732133],[11.47114234,48.10629274],[11.47252649,48.10572372],[11.47213987,48.1051936],[11.47208823,48.10508504],[11.47494063,48.10458748],[11.47499228,48.10492944],[11.47465731,48.10502985],[11.47503212,48.10703456],[11.47419691,48.10709698],[11.47454664,48.10533743],[11.47402279,48.10531753],[11.47169128,48.10614167],[11.46924467,48.10734395],[11.46914138,48.10791297],[11.4693037,48.10792473],[11.4694793,48.10781075],[11.47246156,48.10810838],[11.47233908,48.10852723],[11.46899234,48.10824679],[11.46890528,48.10817351],[11.46815418,48.1080939],[11.46805088,48.10804143]]]},"properties":{"id":"munich:osm:way:826550614","name":"Unbenannter Park 826550614","nameAddon":null,"objectNumber":"munich:osm:way:826550614","district":"München","locality":null,"type":"Park","areaM2":40835.4,"areaHa":4.08,"designation":null,"dedicated":null,"builtYear":null,"renovatedYear":null,"planningAreaId":null,"planningAreaName":null,"centroid":[11.472192,48.106655],"bounds":[11.46805,48.10459,11.47503,48.10853],"amenities":{},"sourceId":"parks"}},{"type":"Feature","id":"munich:osm:way:833770089","geometry":{"type":"Polygon","coordinates":[[[11.52583537,48.09387009],[11.52682552,48.09384929],[11.5268816,48.09401755],[11.52644923,48.09410621],[11.52584422,48.09415506],[11.52583537,48.09387009]]]},"properties":{"id":"munich:osm:way:833770089","name":"Unbenannter Park 833770089","nameAddon":null,"objectNumber":"munich:osm:way:833770089","district":"München","locality":null,"type":"Park","areaM2":2035.4,"areaHa":0.2,"designation":null,"dedicated":null,"builtYear":null,"renovatedYear":null,"planningAreaId":null,"planningAreaName":null,"centroid":[11.526311,48.093985],"bounds":[11.52584,48.09385,11.52688,48.09416],"amenities":{},"sourceId":"parks"}},{"type":"Feature","id":"munich:osm:way:836997616","geometry":{"type":"Polygon","coordinates":[[[11.6693175,48.12099783],[11.66935882,48.12096436],[11.67008631,48.12085128],[11.66996531,48.12040257],[11.67000515,48.12030758],[11.67016599,48.12026868],[11.67035488,48.12052017],[11.67152211,48.12013751],[11.67155457,48.12018455],[11.670287,48.12082956],[11.6693721,48.12110186],[11.6693175,48.12099783]]]},"properties":{"id":"munich:osm:way:836997616","name":"Offentl. Grünanlage am Scharerweg","nameAddon":null,"objectNumber":"munich:osm:way:836997616","district":"München","locality":null,"type":"Park","areaM2":3636.2,"areaHa":0.36,"designation":null,"dedicated":null,"builtYear":null,"renovatedYear":null,"planningAreaId":null,"planningAreaName":null,"centroid":[11.670385,48.120585],"bounds":[11.66932,48.12014,11.67155,48.1211],"amenities":{},"sourceId":"parks"}},{"type":"Feature","id":"munich:osm:way:83805063","geometry":{"type":"Polygon","coordinates":[[[11.63235869,48.13175593],[11.63242362,48.13173602],[11.63433899,48.13141668],[11.63439064,48.13157409],[11.63239263,48.13189886],[11.63235869,48.13175593]]]},"properties":{"id":"munich:osm:way:83805063","name":"Unbenannter Park 83805063","nameAddon":null,"objectNumber":"munich:osm:way:83805063","district":"München","locality":null,"type":"Park","areaM2":2734.2,"areaHa":0.27,"designation":null,"dedicated":null,"builtYear":null,"renovatedYear":null,"planningAreaId":null,"planningAreaName":null,"centroid":[11.633379,48.131658],"bounds":[11.63236,48.13142,11.63439,48.1319],"amenities":{},"sourceId":"parks"}},{"type":"Feature","id":"munich:osm:way:839394644","geometry":{"type":"Polygon","coordinates":[[[11.62221663,48.10246698],[11.62266375,48.10244617],[11.6227154,48.10295006],[11.62226975,48.10297087],[11.62221663,48.10246698]]]},"properties":{"id":"munich:osm:way:839394644","name":"Öffentliche Grünfläche Hochäckerstraße","nameAddon":null,"objectNumber":"munich:osm:way:839394644","district":"München","locality":null,"type":"Park","areaM2":1889.6,"areaHa":0.19,"designation":null,"dedicated":null,"builtYear":null,"renovatedYear":null,"planningAreaId":null,"planningAreaName":null,"centroid":[11.622466,48.102708],"bounds":[11.62222,48.10245,11.62272,48.10297],"amenities":{},"sourceId":"parks"}},{"type":"Feature","id":"munich:osm:way:83946939","geometry":{"type":"Polygon","coordinates":[[[11.571558,48.14816899],[11.57181771,48.1480342],[11.57227221,48.14790302],[11.57236369,48.14790664],[11.5724242,48.14800253],[11.57229139,48.14803962],[11.57225155,48.14797449],[11.5718487,48.14808757],[11.57217481,48.14860593],[11.57230467,48.14858965],[11.57219547,48.14862584],[11.57178672,48.1485417],[11.571558,48.14816899]]]},"properties":{"id":"munich:osm:way:83946939","name":"Unbenannter Park 83946939","nameAddon":null,"objectNumber":"munich:osm:way:83946939","district":"München","locality":null,"type":"Park","areaM2":1756.9,"areaHa":0.18,"designation":null,"dedicated":null,"builtYear":null,"renovatedYear":null,"planningAreaId":null,"planningAreaName":null,"centroid":[11.571914,48.148271],"bounds":[11.57156,48.1479,11.57242,48.14863],"amenities":{},"sourceId":"parks"}},{"type":"Feature","id":"munich:osm:way:83946945","geometry":{"type":"Polygon","coordinates":[[[11.5713455,48.14782794],[11.57330072,48.14727791],[11.57346009,48.14753664],[11.57175278,48.14802244],[11.57152701,48.14812195],[11.57143404,48.14797087],[11.5713455,48.14782794]]]},"properties":{"id":"munich:osm:way:83946945","name":"Unbenannter Park 83946945","nameAddon":null,"objectNumber":"munich:osm:way:83946945","district":"München","locality":null,"type":"Park","areaM2":5005.1,"areaHa":0.5,"designation":null,"dedicated":null,"builtYear":null,"renovatedYear":null,"planningAreaId":null,"planningAreaName":null,"centroid":[11.572395,48.147687],"bounds":[11.57135,48.14728,11.57346,48.14812],"amenities":{},"sourceId":"parks"}},{"type":"Feature","id":"munich:osm:way:845857014","geometry":{"type":"Polygon","coordinates":[[[11.50485033,48.08324317],[11.50537123,48.08331645],[11.50490198,48.08411525],[11.50485033,48.08411525],[11.50485033,48.08383662],[11.50485033,48.08324317]]]},"properties":{"id":"munich:osm:way:845857014","name":"Unbenannter Park 845857014","nameAddon":null,"objectNumber":"munich:osm:way:845857014","district":"München","locality":null,"type":"Park","areaM2":2062.5,"areaHa":0.21,"designation":null,"dedicated":null,"builtYear":null,"renovatedYear":null,"planningAreaId":null,"planningAreaName":null,"centroid":[11.505025,48.083582],"bounds":[11.50485,48.08324,11.50537,48.08412],"amenities":{},"sourceId":"parks"}},{"type":"Feature","id":"munich:osm:way:845857015","geometry":{"type":"Polygon","coordinates":[[[11.50635253,48.0822182],[11.50642336,48.08211507],[11.50647501,48.08170436],[11.50649419,48.07955853],[11.50659453,48.07956034],[11.50659453,48.08148544],[11.50666684,48.08227791],[11.50635253,48.0822182]]]},"properties":{"id":"munich:osm:way:845857015","name":"Unbenannter Park 845857015","nameAddon":null,"objectNumber":"munich:osm:way:845857015","district":"München","locality":null,"type":"Park","areaM2":2848.8,"areaHa":0.28,"designation":null,"dedicated":null,"builtYear":null,"renovatedYear":null,"planningAreaId":null,"planningAreaName":null,"centroid":[11.506539,48.081102],"bounds":[11.50635,48.07956,11.50667,48.08228],"amenities":{},"sourceId":"parks"}},{"type":"Feature","id":"munich:osm:way:845857016","geometry":{"type":"Polygon","coordinates":[[[11.50541993,48.08321332],[11.5054273,48.08290483],[11.50567373,48.08290393],[11.50579179,48.08225891],[11.50611495,48.08231409],[11.50571653,48.08326579],[11.50541993,48.08321332]]]},"properties":{"id":"munich:osm:way:845857016","name":"Unbenannter Park 845857016","nameAddon":null,"objectNumber":"munich:osm:way:845857016","district":"München","locality":null,"type":"Park","areaM2":2310.4,"areaHa":0.23,"designation":null,"dedicated":null,"builtYear":null,"renovatedYear":null,"planningAreaId":null,"planningAreaName":null,"centroid":[11.50576,48.082781],"bounds":[11.50542,48.08226,11.50611,48.08327],"amenities":{},"sourceId":"parks"}},{"type":"Feature","id":"munich:osm:way:84673335","geometry":{"type":"Polygon","coordinates":[[[11.51124427,48.13017279],[11.51130182,48.13013841],[11.51135494,48.1301556],[11.51169876,48.13094626],[11.51139478,48.13098064],[11.51129444,48.13047132],[11.51124427,48.13017279]]]},"properties":{"id":"munich:osm:way:84673335","name":"Unbenannter Park 84673335","nameAddon":null,"objectNumber":"munich:osm:way:84673335","district":"München","locality":null,"type":"Park","areaM2":1578.7,"areaHa":0.16,"designation":null,"dedicated":null,"builtYear":null,"renovatedYear":null,"planningAreaId":null,"planningAreaName":null,"centroid":[11.51144,48.13062],"bounds":[11.51124,48.13014,11.5117,48.13098],"amenities":{},"sourceId":"parks"}},{"type":"Feature","id":"munich:osm:way:846744687","geometry":{"type":"Polygon","coordinates":[[[11.54254106,48.12031029],[11.54263403,48.12028044],[11.54256762,48.11997467],[11.54297342,48.11991587],[11.54303835,48.12027501],[11.54254106,48.12031029]]]},"properties":{"id":"munich:osm:way:846744687","name":"Unbenannter Park 846744687","nameAddon":null,"objectNumber":"munich:osm:way:846744687","district":"München","locality":null,"type":"Park","areaM2":1201.4,"areaHa":0.12,"designation":null,"dedicated":null,"builtYear":null,"renovatedYear":null,"planningAreaId":null,"planningAreaName":null,"centroid":[11.542806,48.120117],"bounds":[11.54254,48.11992,11.54304,48.12031],"amenities":{},"sourceId":"parks"}},{"type":"Feature","id":"munich:osm:way:84677466","geometry":{"type":"Polygon","coordinates":[[[11.5114479,48.13111724],[11.51165302,48.13108648],[11.51194372,48.13132441],[11.51150841,48.13133074],[11.51145233,48.13131355],[11.5114479,48.13111724]]]},"properties":{"id":"munich:osm:way:84677466","name":"Unbenannter Park 84677466","nameAddon":null,"objectNumber":"munich:osm:way:84677466","district":"München","locality":null,"type":"Park","areaM2":667.8,"areaHa":0.07,"designation":null,"dedicated":null,"builtYear":null,"renovatedYear":null,"planningAreaId":null,"planningAreaName":null,"centroid":[11.511639,48.131228],"bounds":[11.51145,48.13109,11.51194,48.13133],"amenities":{},"sourceId":"parks"}},{"type":"Feature","id":"munich:osm:way:84680673","geometry":{"type":"Polygon","coordinates":[[[11.51198946,48.13838791],[11.51199537,48.13769948],[11.51226983,48.13769043],[11.51241887,48.13821151],[11.51233476,48.13839153],[11.51206324,48.13838972],[11.51198946,48.13838791]]]},"properties":{"id":"munich:osm:way:84680673","name":"Unbenannter Park 84680673","nameAddon":null,"objectNumber":"munich:osm:way:84680673","district":"München","locality":null,"type":"Park","areaM2":2079.8,"areaHa":0.21,"designation":null,"dedicated":null,"builtYear":null,"renovatedYear":null,"planningAreaId":null,"planningAreaName":null,"centroid":[11.512176,48.138062],"bounds":[11.51199,48.13769,11.51242,48.13839],"amenities":{},"sourceId":"parks"}},{"type":"Feature","id":"munich:osm:way:84690014","geometry":{"type":"Polygon","coordinates":[[[11.50716708,48.13981183],[11.50735301,48.13981002],[11.50739138,48.14109734],[11.50721578,48.14110458],[11.50716708,48.13981183]]]},"properties":{"id":"munich:osm:way:84690014","name":"Unbenannter Park 84690014","nameAddon":null,"objectNumber":"munich:osm:way:84690014","district":"München","locality":null,"type":"Park","areaM2":1927.2,"areaHa":0.19,"designation":null,"dedicated":null,"builtYear":null,"renovatedYear":null,"planningAreaId":null,"planningAreaName":null,"centroid":[11.507282,48.14045],"bounds":[11.50717,48.13981,11.50739,48.1411],"amenities":{},"sourceId":"parks"}},{"type":"Feature","id":"munich:osm:way:852053902","geometry":{"type":"Polygon","coordinates":[[[11.62824756,48.14582414],[11.62866664,48.14578071],[11.62902227,48.14541885],[11.62978665,48.14531301],[11.63116342,48.14484802],[11.63109554,48.14393523],[11.63117523,48.1437552],[11.63177581,48.14373259],[11.63171826,48.14463904],[11.63259774,48.14462457],[11.63254314,48.14581509],[11.63174187,48.14575991],[11.63164743,48.14586846],[11.62837447,48.14667722],[11.62824756,48.14582414]]]},"properties":{"id":"munich:osm:way:852053902","name":"Denninger Anger Mitte","nameAddon":null,"objectNumber":"munich:osm:way:852053902","district":"München","locality":null,"type":"Park","areaM2":43089.7,"areaHa":4.31,"designation":null,"dedicated":null,"builtYear":null,"renovatedYear":null,"planningAreaId":null,"planningAreaName":null,"centroid":[11.630641,48.145445],"bounds":[11.62825,48.14373,11.6326,48.14668],"amenities":{},"sourceId":"parks"}},{"type":"Feature","id":"munich:osm:way:854154493","geometry":{"type":"Polygon","coordinates":[[[11.51495549,48.09529311],[11.515016,48.09504885],[11.51515028,48.09471051],[11.51527571,48.09469966],[11.515258,48.0948055],[11.51570512,48.09485526],[11.51570364,48.09526325],[11.51564609,48.09529673],[11.51508535,48.09529582],[11.51495549,48.09529311]]]},"properties":{"id":"munich:osm:way:854154493","name":"Unbenannter Park 854154493","nameAddon":null,"objectNumber":"munich:osm:way:854154493","district":"München","locality":null,"type":"Park","areaM2":2801.6,"areaHa":0.28,"designation":null,"dedicated":null,"builtYear":null,"renovatedYear":null,"planningAreaId":null,"planningAreaName":null,"centroid":[11.515349,48.095055],"bounds":[11.51496,48.0947,11.51571,48.0953],"amenities":{},"sourceId":"parks"}},{"type":"Feature","id":"munich:osm:way:854154495","geometry":{"type":"Polygon","coordinates":[[[11.51492008,48.09553103],[11.51495549,48.09529311],[11.51508535,48.09529582],[11.51504403,48.09544056],[11.51572135,48.09546409],[11.51597221,48.09530125],[11.51597221,48.09503347],[11.51623192,48.0950389],[11.51595745,48.09553646],[11.51587039,48.09553193],[11.51492008,48.09553103]]]},"properties":{"id":"munich:osm:way:854154495","name":"Unbenannter Park 854154495","nameAddon":null,"objectNumber":"munich:osm:way:854154495","district":"München","locality":null,"type":"Park","areaM2":1475.5,"areaHa":0.15,"designation":null,"dedicated":null,"builtYear":null,"renovatedYear":null,"planningAreaId":null,"planningAreaName":null,"centroid":[11.515649,48.095369],"bounds":[11.51492,48.09503,11.51623,48.09554],"amenities":{},"sourceId":"parks"}},{"type":"Feature","id":"munich:osm:way:858538916","geometry":{"type":"Polygon","coordinates":[[[11.49509194,48.1473349],[11.49513326,48.14727067],[11.49669743,48.14711869],[11.49673285,48.14727158],[11.4983649,48.14711779],[11.49839442,48.14726253],[11.49915289,48.14719287],[11.49908944,48.14690429],[11.49941556,48.14684639],[11.49996744,48.14739099],[11.50139881,48.14724444],[11.50147407,48.14736204],[11.50300873,48.14719016],[11.50302939,48.1474317],[11.50034226,48.14770128],[11.50042637,48.14805862],[11.50014157,48.14808486],[11.50044703,48.14940022],[11.49980808,48.14942645],[11.49982726,48.14982812],[11.49952328,48.14987697],[11.49972544,48.14915325],[11.49955869,48.14898498],[11.49978151,48.14891171],[11.49998368,48.14820246],[11.49914699,48.14738556],[11.49707962,48.14741089],[11.49514063,48.14733671],[11.49509194,48.1473349]]]},"properties":{"id":"munich:osm:way:858538916","name":"Unbenannter Park 858538916","nameAddon":null,"objectNumber":"munich:osm:way:858538916","district":"München","locality":null,"type":"Park","areaM2":26098.2,"areaHa":2.61,"designation":null,"dedicated":null,"builtYear":null,"renovatedYear":null,"planningAreaId":null,"planningAreaName":null,"centroid":[11.499653,48.147797],"bounds":[11.49509,48.14685,11.50303,48.14988],"amenities":{},"sourceId":"parks"}},{"type":"Feature","id":"munich:osm:way:86578248","geometry":{"type":"Polygon","coordinates":[[[11.5733081,48.20313914],[11.57337155,48.20293287],[11.57382015,48.20296544],[11.57659877,48.2029763],[11.57658992,48.20363669],[11.57605131,48.20361227],[11.57602623,48.20322417],[11.57423333,48.20320517],[11.5733081,48.20313914]]]},"properties":{"id":"munich:osm:way:86578248","name":"Unbenannter Park 86578248","nameAddon":null,"objectNumber":"munich:osm:way:86578248","district":"München","locality":null,"type":"Park","areaM2":8160.6,"areaHa":0.82,"designation":null,"dedicated":null,"builtYear":null,"renovatedYear":null,"planningAreaId":null,"planningAreaName":null,"centroid":[11.575307,48.203162],"bounds":[11.57331,48.20293,11.5766,48.20364],"amenities":{},"sourceId":"parks"}},{"type":"Feature","id":"munich:osm:way:866524009","geometry":{"type":"Polygon","coordinates":[[[11.41768885,48.1387751],[11.41772574,48.13849376],[11.42172324,48.13882667],[11.42169521,48.13895875],[11.42103117,48.1389108],[11.42097067,48.13922924],[11.42074342,48.13919396],[11.42079064,48.13894337],[11.41981672,48.13887009],[11.41980196,48.1389687],[11.4200115,48.13919215],[11.41940944,48.1390655],[11.41886051,48.13907454],[11.41893429,48.13879501],[11.41819057,48.13873259],[11.41812711,48.13912611],[11.41784674,48.13900669],[11.41768885,48.1387751]]]},"properties":{"id":"munich:osm:way:866524009","name":"Unbenannter Park 866524009","nameAddon":null,"objectNumber":"munich:osm:way:866524009","district":"München","locality":null,"type":"Park","areaM2":10013,"areaHa":1,"designation":null,"dedicated":null,"builtYear":null,"renovatedYear":null,"planningAreaId":null,"planningAreaName":null,"centroid":[11.419437,48.138825],"bounds":[11.41769,48.13849,11.42172,48.13923],"amenities":{},"sourceId":"parks"}},{"type":"Feature","id":"munich:osm:way:866524025","geometry":{"type":"Polygon","coordinates":[[[11.47669517,48.14814637],[11.47736363,48.14814456],[11.47899568,48.14825131],[11.4799032,48.14836077],[11.48128145,48.14870454],[11.48238965,48.14908721],[11.4825136,48.14886376],[11.48331635,48.14902479],[11.48398777,48.14905735],[11.48462081,48.14901845],[11.48249737,48.15233942],[11.48222881,48.15226977],[11.48216978,48.15172064],[11.48282496,48.15054098],[11.48214174,48.15014836],[11.48191154,48.15025602],[11.48163117,48.14924462],[11.48040787,48.14923648],[11.47948117,48.14886286],[11.47828,48.14902026],[11.47728247,48.14864303],[11.47673206,48.1486385],[11.47669517,48.14814637]]]},"properties":{"id":"munich:osm:way:866524025","name":"Paul-Gerhardt-Alle","nameAddon":null,"objectNumber":"munich:osm:way:866524025","district":"München","locality":null,"type":"Park","areaM2":64617,"areaHa":6.46,"designation":null,"dedicated":null,"builtYear":null,"renovatedYear":null,"planningAreaId":null,"planningAreaName":null,"centroid":[11.481431,48.149514],"bounds":[11.4767,48.14814,11.48462,48.15234],"amenities":{},"sourceId":"parks"}},{"type":"Feature","id":"munich:osm:way:86869306","geometry":{"type":"Polygon","coordinates":[[[11.51945029,48.15043604],[11.52000365,48.15033201],[11.52004644,48.1503501],[11.52005087,48.15105844],[11.51974246,48.15105663],[11.51971,48.15100054],[11.51977788,48.15098969],[11.51955211,48.15051836],[11.51947242,48.15051203],[11.51945029,48.15043604]]]},"properties":{"id":"munich:osm:way:86869306","name":"Steubenplatz","nameAddon":null,"objectNumber":"munich:osm:way:86869306","district":"München","locality":null,"type":"Park","areaM2":2347.8,"areaHa":0.23,"designation":null,"dedicated":null,"builtYear":null,"renovatedYear":null,"planningAreaId":null,"planningAreaName":null,"centroid":[11.519838,48.150672],"bounds":[11.51945,48.15033,11.52005,48.15106],"amenities":{},"sourceId":"parks"}},{"type":"Feature","id":"munich:osm:way:871697096","geometry":{"type":"Polygon","coordinates":[[[11.48913184,48.14065768],[11.48914069,48.14062059],[11.48923808,48.14065859],[11.48917021,48.14066944],[11.48913184,48.14065768]]]},"properties":{"id":"munich:osm:way:871697096","name":"Unbenannter Park 871697096","nameAddon":null,"objectNumber":"munich:osm:way:871697096","district":"München","locality":null,"type":"Park","areaM2":29,"areaHa":0,"designation":null,"dedicated":null,"builtYear":null,"renovatedYear":null,"planningAreaId":null,"planningAreaName":null,"centroid":[11.489173,48.140649],"bounds":[11.48913,48.14062,11.48924,48.14067],"amenities":{},"sourceId":"parks"}},{"type":"Feature","id":"munich:osm:way:871697097","geometry":{"type":"Polygon","coordinates":[[[11.48840435,48.14076352],[11.48908609,48.14063597],[11.4891097,48.14069206],[11.48842796,48.14081961],[11.48840435,48.14076352]]]},"properties":{"id":"munich:osm:way:871697097","name":"Unbenannter Park 871697097","nameAddon":null,"objectNumber":"munich:osm:way:871697097","district":"München","locality":null,"type":"Park","areaM2":340.8,"areaHa":0.03,"designation":null,"dedicated":null,"builtYear":null,"renovatedYear":null,"planningAreaId":null,"planningAreaName":null,"centroid":[11.488757,48.140728],"bounds":[11.4884,48.14064,11.48911,48.14082],"amenities":{},"sourceId":"parks"}},{"type":"Feature","id":"munich:osm:way:871697099","geometry":{"type":"Polygon","coordinates":[[[11.48930006,48.14053646],[11.48936056,48.14052922],[11.48937089,48.14057355],[11.48931187,48.14057988],[11.48930006,48.14053646]]]},"properties":{"id":"munich:osm:way:871697099","name":"Unbenannter Park 871697099","nameAddon":null,"objectNumber":"munich:osm:way:871697099","district":"München","locality":null,"type":"Park","areaM2":22.6,"areaHa":0,"designation":null,"dedicated":null,"builtYear":null,"renovatedYear":null,"planningAreaId":null,"planningAreaName":null,"centroid":[11.489336,48.140555],"bounds":[11.4893,48.14053,11.48937,48.14058],"amenities":{},"sourceId":"parks"}},{"type":"Feature","id":"munich:osm:way:871697100","geometry":{"type":"Polygon","coordinates":[[[11.48907134,48.14050751],[11.48921743,48.14045956],[11.48924399,48.14056541],[11.4892071,48.14057174],[11.48907134,48.14050751]]]},"properties":{"id":"munich:osm:way:871697100","name":"Unbenannter Park 871697100","nameAddon":null,"objectNumber":"munich:osm:way:871697100","district":"München","locality":null,"type":"Park","areaM2":93.4,"areaHa":0.01,"designation":null,"dedicated":null,"builtYear":null,"renovatedYear":null,"planningAreaId":null,"planningAreaName":null,"centroid":[11.489177,48.140517],"bounds":[11.48907,48.14046,11.48924,48.14057],"amenities":{},"sourceId":"parks"}},{"type":"Feature","id":"munich:osm:way:880913886","geometry":{"type":"Polygon","coordinates":[[[11.39336444,48.17356161],[11.39538311,48.17352813],[11.39576235,48.17373439],[11.395814,48.17378958],[11.39554691,48.17513298],[11.39548641,48.17513932],[11.39514259,48.17497377],[11.39419228,48.17407907],[11.39336444,48.17356161]]]},"properties":{"id":"munich:osm:way:880913886","name":"Unbenannter Park 880913886","nameAddon":null,"objectNumber":"munich:osm:way:880913886","district":"München","locality":null,"type":"Park","areaM2":16616.2,"areaHa":1.66,"designation":null,"dedicated":null,"builtYear":null,"renovatedYear":null,"planningAreaId":null,"planningAreaName":null,"centroid":[11.394931,48.174116],"bounds":[11.39336,48.17353,11.39581,48.17514],"amenities":{},"sourceId":"parks"}},{"type":"Feature","id":"munich:osm:way:89260752","geometry":{"type":"Polygon","coordinates":[[[11.53784116,48.18376063],[11.53803742,48.18374796],[11.53805955,48.1838909],[11.53786181,48.18390356],[11.53784116,48.18376063]]]},"properties":{"id":"munich:osm:way:89260752","name":"Unbenannter Park 89260752","nameAddon":null,"objectNumber":"munich:osm:way:89260752","district":"München","locality":null,"type":"Park","areaM2":235.5,"areaHa":0.02,"designation":null,"dedicated":null,"builtYear":null,"renovatedYear":null,"planningAreaId":null,"planningAreaName":null,"centroid":[11.53795,48.183826],"bounds":[11.53784,48.18375,11.53806,48.1839],"amenities":{},"sourceId":"parks"}},{"type":"Feature","id":"munich:osm:way:89260759","geometry":{"type":"Polygon","coordinates":[[[11.53756226,48.18237832],[11.5376567,48.18238375],[11.53769064,48.18244255],[11.53778951,48.18247512],[11.53778951,48.18232133],[11.53769802,48.18229781],[11.53762866,48.18236475],[11.53766851,48.18228243],[11.53776147,48.1822761],[11.53782492,48.18231952],[11.53789871,48.18261263],[11.53783673,48.18261444],[11.53783083,48.18257644],[11.53757554,48.18259182],[11.53756226,48.18237832]]]},"properties":{"id":"munich:osm:way:89260759","name":"Unbenannter Park 89260759","nameAddon":null,"objectNumber":"munich:osm:way:89260759","district":"München","locality":null,"type":"Park","areaM2":547.2,"areaHa":0.05,"designation":null,"dedicated":null,"builtYear":null,"renovatedYear":null,"planningAreaId":null,"planningAreaName":null,"centroid":[11.537723,48.182477],"bounds":[11.53756,48.18228,11.5379,48.18261],"amenities":{},"sourceId":"parks"}},{"type":"Feature","id":"munich:osm:way:89260762","geometry":{"type":"Polygon","coordinates":[[[11.53751061,48.18178668],[11.53771573,48.18177492],[11.53769212,48.18165913],[11.53803446,48.18164194],[11.53806693,48.18186629],[11.5379474,48.18187353],[11.53795478,48.18192871],[11.53753275,48.18191967],[11.53751061,48.18178668]]]},"properties":{"id":"munich:osm:way:89260762","name":"Unbenannter Park 89260762","nameAddon":null,"objectNumber":"munich:osm:way:89260762","district":"München","locality":null,"type":"Park","areaM2":952.3,"areaHa":0.1,"designation":null,"dedicated":null,"builtYear":null,"renovatedYear":null,"planningAreaId":null,"planningAreaName":null,"centroid":[11.537815,48.181797],"bounds":[11.53751,48.18164,11.53807,48.18193],"amenities":{},"sourceId":"parks"}},{"type":"Feature","id":"munich:osm:way:89260766","geometry":{"type":"Polygon","coordinates":[[[11.53779984,48.18354985],[11.53798872,48.18353718],[11.53801233,48.18368916],[11.53782197,48.18370183],[11.53779984,48.18354985]]]},"properties":{"id":"munich:osm:way:89260766","name":"Unbenannter Park 89260766","nameAddon":null,"objectNumber":"munich:osm:way:89260766","district":"München","locality":null,"type":"Park","areaM2":240,"areaHa":0.02,"designation":null,"dedicated":null,"builtYear":null,"renovatedYear":null,"planningAreaId":null,"planningAreaName":null,"centroid":[11.537906,48.18362],"bounds":[11.5378,48.18354,11.53801,48.1837],"amenities":{},"sourceId":"parks"}},{"type":"Feature","id":"munich:osm:way:89260770","geometry":{"type":"Polygon","coordinates":[[[11.53786329,48.18393342],[11.53802561,48.18392256],[11.53811562,48.18401755],[11.53803299,48.18402298],[11.5380507,48.18415144],[11.53816432,48.1841433],[11.53817317,48.18420391],[11.53790461,48.184222],[11.53786329,48.18393342]]]},"properties":{"id":"munich:osm:way:89260770","name":"Unbenannter Park 89260770","nameAddon":null,"objectNumber":"munich:osm:way:89260770","district":"München","locality":null,"type":"Park","areaM2":467.8,"areaHa":0.05,"designation":null,"dedicated":null,"builtYear":null,"renovatedYear":null,"planningAreaId":null,"planningAreaName":null,"centroid":[11.537987,48.184078],"bounds":[11.53786,48.18392,11.53817,48.18422],"amenities":{},"sourceId":"parks"}},{"type":"Feature","id":"munich:osm:way:904278377","geometry":{"type":"Polygon","coordinates":[[[11.67238535,48.1273928],[11.67244733,48.12730505],[11.67265244,48.12723177],[11.67314531,48.1272182],[11.67367359,48.12729962],[11.67448371,48.12710693],[11.67464455,48.12726615],[11.67398642,48.12751674],[11.67420777,48.12778542],[11.67441731,48.12792745],[11.67537942,48.1289108],[11.67557421,48.12886376],[11.67583097,48.12891442],[11.67611281,48.12882848],[11.67633268,48.12908359],[11.67586786,48.12926904],[11.67569964,48.12907364],[11.67557568,48.12903202],[11.67529679,48.12907183],[11.67476556,48.12856975],[11.67456044,48.12864936],[11.6743332,48.12839425],[11.67406758,48.12848923],[11.67356439,48.12789217],[11.67366916,48.12780532],[11.6733637,48.12740999],[11.67240896,48.12748869],[11.67238535,48.1273928]]]},"properties":{"id":"munich:osm:way:904278377","name":"Unbenannter Park 904278377","nameAddon":null,"objectNumber":"munich:osm:way:904278377","district":"München","locality":null,"type":"Park","areaM2":13067.3,"areaHa":1.31,"designation":null,"dedicated":null,"builtYear":null,"renovatedYear":null,"planningAreaId":null,"planningAreaName":null,"centroid":[11.67428,48.128034],"bounds":[11.67239,48.12711,11.67633,48.12927],"amenities":{},"sourceId":"parks"}},{"type":"Feature","id":"munich:osm:way:90622079","geometry":{"type":"Polygon","coordinates":[[[11.48327208,48.11164556],[11.4833134,48.1109725],[11.4848761,48.11105392],[11.48487315,48.11173693],[11.48327208,48.11164556]]]},"properties":{"id":"munich:osm:way:90622079","name":"Unbenannter Park 90622079","nameAddon":null,"objectNumber":"munich:osm:way:90622079","district":"München","locality":null,"type":"Park","areaM2":8890.1,"areaHa":0.89,"designation":null,"dedicated":null,"builtYear":null,"renovatedYear":null,"planningAreaId":null,"planningAreaName":null,"centroid":[11.484085,48.111354],"bounds":[11.48327,48.11097,11.48488,48.11174],"amenities":{},"sourceId":"parks"}},{"type":"Feature","id":"munich:osm:way:912765149","geometry":{"type":"Polygon","coordinates":[[[11.54696797,48.10617604],[11.54780318,48.10573458],[11.54795813,48.10569387],[11.54803191,48.10578885],[11.54813668,48.105759],[11.54830343,48.10604668],[11.54803191,48.10611543],[11.54813373,48.10630451],[11.54841705,48.10622851],[11.54866348,48.10663108],[11.54905453,48.10728515],[11.54876678,48.10738013],[11.54939392,48.10854894],[11.54967282,48.10869097],[11.54964773,48.10875882],[11.5491224,48.10870997],[11.547542,48.10879048],[11.54723064,48.10843496],[11.54729704,48.10804234],[11.54770579,48.1078985],[11.54789172,48.10777094],[11.54805699,48.10752216],[11.54758331,48.10676226],[11.54727048,48.10635064],[11.54717751,48.10629365],[11.54696797,48.10617604]]]},"properties":{"id":"munich:osm:way:912765149","name":"Unbenannter Park 912765149","nameAddon":null,"objectNumber":"munich:osm:way:912765149","district":"München","locality":null,"type":"Park","areaM2":31945.5,"areaHa":3.19,"designation":null,"dedicated":null,"builtYear":null,"renovatedYear":null,"planningAreaId":null,"planningAreaName":null,"centroid":[11.548213,48.107486],"bounds":[11.54697,48.10569,11.54967,48.10879],"amenities":{},"sourceId":"parks"}},{"type":"Feature","id":"munich:osm:way:92913491","geometry":{"type":"Polygon","coordinates":[[[11.63891642,48.08778451],[11.63907726,48.08754568],[11.63934288,48.08762258],[11.63945208,48.08753392],[11.63955685,48.08775828],[11.6407108,48.08812104],[11.64060455,48.0882685],[11.63922778,48.08782522],[11.63913777,48.08785146],[11.63891642,48.08778451]]]},"properties":{"id":"munich:osm:way:92913491","name":"Unbenannter Park 92913491","nameAddon":null,"objectNumber":"munich:osm:way:92913491","district":"München","locality":null,"type":"Park","areaM2":2878.7,"areaHa":0.29,"designation":null,"dedicated":null,"builtYear":null,"renovatedYear":null,"planningAreaId":null,"planningAreaName":null,"centroid":[11.639744,48.087892],"bounds":[11.63892,48.08753,11.64071,48.08827],"amenities":{},"sourceId":"parks"}},{"type":"Feature","id":"munich:osm:way:93074598","geometry":{"type":"Polygon","coordinates":[[[11.5204552,48.07878867],[11.52047143,48.07864664],[11.52085657,48.07868645],[11.52199871,48.07969332],[11.52201199,48.07977384],[11.52194116,48.07981364],[11.52089641,48.07915053],[11.5204552,48.07878867]]]},"properties":{"id":"munich:osm:way:93074598","name":"Unbenannter Park 93074598","nameAddon":null,"objectNumber":"munich:osm:way:93074598","district":"München","locality":null,"type":"Park","areaM2":3674.1,"areaHa":0.37,"designation":null,"dedicated":null,"builtYear":null,"renovatedYear":null,"planningAreaId":null,"planningAreaName":null,"centroid":[11.521173,48.079157],"bounds":[11.52046,48.07865,11.52201,48.07981],"amenities":{},"sourceId":"parks"}},{"type":"Feature","id":"munich:osm:way:934198814","geometry":{"type":"Polygon","coordinates":[[[11.51757475,48.11489777],[11.5175836,48.11437579],[11.51811631,48.11437851],[11.51811631,48.11441921],[11.51839225,48.11442102],[11.51839078,48.1143776],[11.51888512,48.11437941],[11.5188984,48.11490049],[11.51757475,48.11489777]]]},"properties":{"id":"munich:osm:way:934198814","name":"Unbenannter Park 934198814","nameAddon":null,"objectNumber":"munich:osm:way:934198814","district":"München","locality":null,"type":"Park","areaM2":5630.3,"areaHa":0.56,"designation":null,"dedicated":null,"builtYear":null,"renovatedYear":null,"planningAreaId":null,"planningAreaName":null,"centroid":[11.518235,48.114643],"bounds":[11.51757,48.11438,11.5189,48.1149],"amenities":{},"sourceId":"parks"}},{"type":"Feature","id":"munich:osm:way:934324089","geometry":{"type":"Polygon","coordinates":[[[11.61803763,48.16630812],[11.61811288,48.1662846],[11.61821028,48.16634069],[11.61850688,48.16677854],[11.61835636,48.16675321],[11.61805238,48.1664004],[11.61803763,48.16630812]]]},"properties":{"id":"munich:osm:way:934324089","name":"Unbenannter Park 934324089","nameAddon":null,"objectNumber":"munich:osm:way:934324089","district":"München","locality":null,"type":"Park","areaM2":638,"areaHa":0.06,"designation":null,"dedicated":null,"builtYear":null,"renovatedYear":null,"planningAreaId":null,"planningAreaName":null,"centroid":[11.618249,48.166523],"bounds":[11.61804,48.16628,11.61851,48.16678],"amenities":{},"sourceId":"parks"}},{"type":"Feature","id":"munich:osm:way:936885713","geometry":{"type":"Polygon","coordinates":[[[11.53571919,48.11752307],[11.53572066,48.11702099],[11.53604973,48.11701918],[11.53612794,48.11737652],[11.53608367,48.11746065],[11.53611909,48.11771757],[11.53651013,48.11942102],[11.53600251,48.11947259],[11.53571919,48.11752307]]]},"properties":{"id":"munich:osm:way:936885713","name":"Unbenannter Park 936885713","nameAddon":null,"objectNumber":"munich:osm:way:936885713","district":"München","locality":null,"type":"Park","areaM2":8742.7,"areaHa":0.87,"designation":null,"dedicated":null,"builtYear":null,"renovatedYear":null,"planningAreaId":null,"planningAreaName":null,"centroid":[11.536054,48.118312],"bounds":[11.53572,48.11702,11.53651,48.11947],"amenities":{},"sourceId":"parks"}},{"type":"Feature","id":"munich:osm:way:938563458","geometry":{"type":"Polygon","coordinates":[[[11.58944715,48.13692962],[11.58945748,48.13688077],[11.58968768,48.1367894],[11.59002117,48.13708522],[11.58975851,48.13711417],[11.58944715,48.13692962]]]},"properties":{"id":"munich:osm:way:938563458","name":"Unbenannter Park 938563458","nameAddon":null,"objectNumber":"munich:osm:way:938563458","district":"München","locality":null,"type":"Park","areaM2":808.5,"areaHa":0.08,"designation":null,"dedicated":null,"builtYear":null,"renovatedYear":null,"planningAreaId":null,"planningAreaName":null,"centroid":[11.589716,48.136964],"bounds":[11.58945,48.13679,11.59002,48.13711],"amenities":{},"sourceId":"parks"}},{"type":"Feature","id":"munich:osm:way:93906041","geometry":{"type":"Polygon","coordinates":[[[11.471678,48.12241632],[11.47234646,48.12238375],[11.47235679,48.12276732],[11.47384719,48.12286503],[11.47579945,48.12292654],[11.47582602,48.12268771],[11.47652694,48.12274109],[11.47650776,48.12309028],[11.47780485,48.12309752],[11.47808227,48.12314366],[11.47884665,48.12281618],[11.47885993,48.12302063],[11.47863268,48.12322146],[11.47226973,48.12337073],[11.47192,48.12275466],[11.471678,48.12241632]]]},"properties":{"id":"munich:osm:way:93906041","name":"Unbenannter Park 93906041","nameAddon":null,"objectNumber":"munich:osm:way:93906041","district":"München","locality":null,"type":"Park","areaM2":23011.8,"areaHa":2.3,"designation":null,"dedicated":null,"builtYear":null,"renovatedYear":null,"planningAreaId":null,"planningAreaName":null,"centroid":[11.474589,48.123042],"bounds":[11.47168,48.12238,11.47886,48.12337],"amenities":{},"sourceId":"parks"}},{"type":"Feature","id":"munich:osm:way:944115992","geometry":{"type":"Polygon","coordinates":[[[11.48133309,48.1583454],[11.48147328,48.15731048],[11.48212551,48.15558079],[11.48210338,48.15550479],[11.48217126,48.15547856],[11.48285005,48.15384657],[11.48402023,48.15193776],[11.48468427,48.15111905],[11.48511663,48.15069658],[11.48621303,48.14982631],[11.48729319,48.14886647],[11.48753372,48.14900669],[11.48829073,48.1486376],[11.48835565,48.14870002],[11.48842944,48.14866926],[11.48850174,48.14870906],[11.48863307,48.14868373],[11.48872751,48.14862765],[11.48871866,48.14858332],[11.48896509,48.1489497],[11.490364,48.14912973],[11.49262172,48.14846119],[11.4928593,48.14823231],[11.49454743,48.14847205],[11.49424197,48.14881129],[11.49333593,48.14958567],[11.49335806,48.14968156],[11.49305703,48.14995205],[11.49291095,48.14994753],[11.49180717,48.15090284],[11.49103984,48.15168174],[11.49109296,48.15172607],[11.49090703,48.15190338],[11.49080964,48.15188529],[11.48926022,48.1529383],[11.48886327,48.15337073],[11.48816825,48.15370183],[11.48697888,48.15385743],[11.48670737,48.153852],[11.48410877,48.15423828],[11.48362328,48.15443278],[11.48340637,48.15492763],[11.48405712,48.15608648],[11.48405269,48.15619052],[11.48438619,48.15650805],[11.48419731,48.15854442],[11.48501924,48.15888547],[11.48500743,48.15902207],[11.48596807,48.15987335],[11.48609055,48.15987244],[11.48884114,48.16266781],[11.4897339,48.16399132],[11.4921569,48.16528316],[11.49209344,48.1653501],[11.49172306,48.16524606],[11.49001722,48.16451692],[11.48998181,48.16439569],[11.48890459,48.16321241],[11.48831286,48.16281979],[11.4878318,48.1626262],[11.48685198,48.16237109],[11.48595479,48.16229691],[11.48478904,48.16237018],[11.48370887,48.16257011],[11.48344621,48.16265605],[11.48258148,48.16169079],[11.48194696,48.16063868],[11.48161789,48.15991858],[11.48138917,48.15886647],[11.48133309,48.1583454]]]},"properties":{"id":"munich:osm:way:944115992","name":"Unbenannter Park 944115992","nameAddon":null,"objectNumber":"munich:osm:way:944115992","district":"München","locality":null,"type":"Park","areaM2":520420.7,"areaHa":52.04,"designation":null,"dedicated":null,"builtYear":null,"renovatedYear":null,"planningAreaId":null,"planningAreaName":null,"centroid":[11.486355,48.154998],"bounds":[11.48133,48.14823,11.49455,48.16535],"amenities":{},"sourceId":"parks"}},{"type":"Feature","id":"munich:osm:way:945536752","geometry":{"type":"Polygon","coordinates":[[[11.53561294,48.10489868],[11.53564098,48.10440203],[11.53595086,48.10438755],[11.53608515,48.10525421],[11.5359671,48.10620318],[11.53582839,48.10620499],[11.53582691,48.10491044],[11.53561294,48.10489868]]]},"properties":{"id":"munich:osm:way:945536752","name":"Unbenannter Park 945536752","nameAddon":null,"objectNumber":"munich:osm:way:945536752","district":"München","locality":null,"type":"Park","areaM2":3864.4,"areaHa":0.39,"designation":null,"dedicated":null,"builtYear":null,"renovatedYear":null,"planningAreaId":null,"planningAreaName":null,"centroid":[11.535884,48.105159],"bounds":[11.53561,48.10439,11.53609,48.1062],"amenities":{},"sourceId":"parks"}},{"type":"Feature","id":"munich:osm:way:946827939","geometry":{"type":"Polygon","coordinates":[[[11.5499281,48.10683915],[11.55003435,48.10678849],[11.55016716,48.10674959],[11.55023799,48.10677492],[11.55139931,48.10639678],[11.55145244,48.1076452],[11.55158967,48.10786774],[11.55124142,48.10797449],[11.55099646,48.10763344],[11.55051688,48.10734395],[11.55037817,48.10716392],[11.55013469,48.10723901],[11.54993105,48.10691514],[11.5499281,48.10683915]]]},"properties":{"id":"munich:osm:way:946827939","name":"Unbenannter Park 946827939","nameAddon":null,"objectNumber":"munich:osm:way:946827939","district":"München","locality":null,"type":"Park","areaM2":10753.8,"areaHa":1.08,"designation":null,"dedicated":null,"builtYear":null,"renovatedYear":null,"planningAreaId":null,"planningAreaName":null,"centroid":[11.550904,48.107109],"bounds":[11.54993,48.1064,11.55159,48.10797],"amenities":{},"sourceId":"parks"}},{"type":"Feature","id":"munich:osm:way:947403881","geometry":{"type":"Polygon","coordinates":[[[11.40640465,48.14572101],[11.40669535,48.14521621],[11.40825805,48.14566944],[11.40962597,48.14585399],[11.40961121,48.14590013],[11.40981632,48.14592727],[11.40984141,48.14584947],[11.41032837,48.1459146],[11.41054972,48.14610367],[11.41085665,48.14618238],[11.41084337,48.14622218],[11.41101749,48.14624661],[11.41070318,48.14707798],[11.41019114,48.14872625],[11.40997422,48.14888999],[11.40962302,48.14997648],[11.40964072,48.15016826],[11.40934412,48.15055907],[11.40907408,48.15052108],[11.40905342,48.15059797],[11.40915671,48.15070291],[11.40870074,48.15221639],[11.40786848,48.15210422],[11.40811196,48.15125204],[11.40770469,48.15120138],[11.40776962,48.15106839],[11.40814738,48.15111905],[11.40862844,48.1502732],[11.40825215,48.15018274],[11.4083156,48.15001267],[11.40875091,48.15002623],[11.40919656,48.14853809],[11.40880551,48.14848019],[11.40888372,48.14821874],[11.40904752,48.14827845],[11.40934117,48.14734757],[11.40887044,48.14725801],[11.40890438,48.14715397],[11.40939724,48.14722001],[11.40971598,48.14616881],[11.40640465,48.14572101]]]},"properties":{"id":"munich:osm:way:947403881","name":"Grünband Neuaubing Freiham","nameAddon":null,"objectNumber":"munich:osm:way:947403881","district":"München","locality":null,"type":"Park","areaM2":64681.7,"areaHa":6.47,"designation":null,"dedicated":null,"builtYear":null,"renovatedYear":null,"planningAreaId":null,"planningAreaName":null,"centroid":[11.409236,48.148338],"bounds":[11.4064,48.14522,11.41102,48.15222],"amenities":{},"sourceId":"parks"}},{"type":"Feature","id":"munich:osm:way:949470282","geometry":{"type":"Polygon","coordinates":[[[11.57038044,48.11024697],[11.57047931,48.11016193],[11.57177639,48.109649],[11.57188116,48.10972046],[11.57198003,48.10989416],[11.57207299,48.11026687],[11.57207299,48.11066492],[11.57153586,48.11061335],[11.57128795,48.11062692],[11.57081132,48.11072553],[11.57038044,48.11024697]]]},"properties":{"id":"munich:osm:way:949470282","name":"Unbenannter Park 949470282","nameAddon":null,"objectNumber":"munich:osm:way:949470282","district":"München","locality":null,"type":"Park","areaM2":9670.9,"areaHa":0.97,"designation":null,"dedicated":null,"builtYear":null,"renovatedYear":null,"planningAreaId":null,"planningAreaName":null,"centroid":[11.571352,48.110248],"bounds":[11.57038,48.10965,11.57207,48.11073],"amenities":{},"sourceId":"parks"}},{"type":"Feature","id":"munich:osm:way:953566347","geometry":{"type":"Polygon","coordinates":[[[11.46407404,48.1792419],[11.46412126,48.17909354],[11.46505976,48.17928714],[11.46498303,48.1794934],[11.46407404,48.1792419]]]},"properties":{"id":"munich:osm:way:953566347","name":"Unbenannter Park 953566347","nameAddon":null,"objectNumber":"munich:osm:way:953566347","district":"München","locality":null,"type":"Park","areaM2":1467.7,"areaHa":0.15,"designation":null,"dedicated":null,"builtYear":null,"renovatedYear":null,"planningAreaId":null,"planningAreaName":null,"centroid":[11.464586,48.179285],"bounds":[11.46407,48.17909,11.46506,48.17949],"amenities":{},"sourceId":"parks"}},{"type":"Feature","id":"munich:osm:way:96337255","geometry":{"type":"Polygon","coordinates":[[[11.47522396,48.15609915],[11.47525347,48.15541252],[11.47579503,48.15542971],[11.4757847,48.15610548],[11.47547629,48.1561082],[11.47522396,48.15609915]]]},"properties":{"id":"munich:osm:way:96337255","name":"Unbenannter Park 96337255","nameAddon":null,"objectNumber":"munich:osm:way:96337255","district":"München","locality":null,"type":"Park","areaM2":3123.3,"areaHa":0.31,"designation":null,"dedicated":null,"builtYear":null,"renovatedYear":null,"planningAreaId":null,"planningAreaName":null,"centroid":[11.475513,48.155765],"bounds":[11.47522,48.15541,11.4758,48.15611],"amenities":{},"sourceId":"parks"}},{"type":"Feature","id":"munich:osm:way:96391274","geometry":{"type":"Polygon","coordinates":[[[11.52048913,48.16651891],[11.52052455,48.16632893],[11.52086985,48.16629817],[11.52094363,48.16632169],[11.52099971,48.16649267],[11.52064555,48.16658133],[11.52048913,48.16651891]]]},"properties":{"id":"munich:osm:way:96391274","name":"Unbenannter Park 96391274","nameAddon":null,"objectNumber":"munich:osm:way:96391274","district":"München","locality":null,"type":"Park","areaM2":909.2,"areaHa":0.09,"designation":null,"dedicated":null,"builtYear":null,"renovatedYear":null,"planningAreaId":null,"planningAreaName":null,"centroid":[11.520734,48.166433],"bounds":[11.52049,48.1663,11.521,48.16658],"amenities":{},"sourceId":"parks"}},{"type":"Feature","id":"munich:osm:way:964627145","geometry":{"type":"Polygon","coordinates":[[[11.49442495,48.09608558],[11.49461088,48.09592274],[11.49467433,48.09595441],[11.49496503,48.09569296],[11.49455186,48.09562692],[11.49487502,48.09533472],[11.4951185,48.09545052],[11.49523655,48.09535553],[11.49559513,48.09554008],[11.49477468,48.0962638],[11.49442495,48.09608558]]]},"properties":{"id":"munich:osm:way:964627145","name":"Unbenannter Park 964627145","nameAddon":null,"objectNumber":"munich:osm:way:964627145","district":"München","locality":null,"type":"Park","areaM2":3981.9,"areaHa":0.4,"designation":null,"dedicated":null,"builtYear":null,"renovatedYear":null,"planningAreaId":null,"planningAreaName":null,"centroid":[11.49499,48.095749],"bounds":[11.49442,48.09533,11.4956,48.09626],"amenities":{},"sourceId":"parks"}},{"type":"Feature","id":"munich:osm:way:96585141","geometry":{"type":"Polygon","coordinates":[[[11.52411625,48.17881491],[11.52417675,48.17877963],[11.52436563,48.1787742],[11.52442466,48.17880496],[11.52443499,48.17888909],[11.52443942,48.17942374],[11.52412806,48.17940474],[11.52411625,48.17881491]]]},"properties":{"id":"munich:osm:way:96585141","name":"Seydlitzplatz","nameAddon":null,"objectNumber":"munich:osm:way:96585141","district":"München","locality":null,"type":"Park","areaM2":1737.6,"areaHa":0.17,"designation":null,"dedicated":null,"builtYear":null,"renovatedYear":null,"planningAreaId":null,"planningAreaName":null,"centroid":[11.52428,48.179098],"bounds":[11.52412,48.17877,11.52444,48.17942],"amenities":{},"sourceId":"parks"}},{"type":"Feature","id":"munich:osm:way:96594642","geometry":{"type":"Polygon","coordinates":[[[11.53282104,48.08561788],[11.5330778,48.08555184],[11.53387317,48.08623485],[11.53439702,48.08676226],[11.53381267,48.08699294],[11.53321798,48.08627556],[11.53282104,48.08561788]]]},"properties":{"id":"munich:osm:way:96594642","name":"Unbenannter Park 96594642","nameAddon":null,"objectNumber":"munich:osm:way:96594642","district":"München","locality":null,"type":"Park","areaM2":6618.7,"areaHa":0.66,"designation":null,"dedicated":null,"builtYear":null,"renovatedYear":null,"planningAreaId":null,"planningAreaName":null,"centroid":[11.533594,48.086317],"bounds":[11.53282,48.08555,11.5344,48.08699],"amenities":{},"sourceId":"parks"}},{"type":"Feature","id":"munich:osm:way:96712906","geometry":{"type":"Polygon","coordinates":[[[11.57969171,48.13497557],[11.5797832,48.13466618],[11.57997503,48.13473494],[11.58072466,48.13474941],[11.58139755,48.13481455],[11.58125441,48.13486068],[11.58119243,48.13494391],[11.58051512,48.13489958],[11.57982894,48.1349611],[11.57969171,48.13497557]]]},"properties":{"id":"munich:osm:way:96712906","name":"Unbenannter Park 96712906","nameAddon":null,"objectNumber":"munich:osm:way:96712906","district":"München","locality":null,"type":"Park","areaM2":2330.5,"areaHa":0.23,"designation":null,"dedicated":null,"builtYear":null,"renovatedYear":null,"planningAreaId":null,"planningAreaName":null,"centroid":[11.58042,48.134838],"bounds":[11.57969,48.13467,11.5814,48.13498],"amenities":{},"sourceId":"parks"}},{"type":"Feature","id":"munich:osm:way:968282493","geometry":{"type":"Polygon","coordinates":[[[11.47519149,48.10452325],[11.47547186,48.10451511],[11.47577142,48.1044545],[11.47715557,48.10382396],[11.47722197,48.10361408],[11.47690176,48.10352994],[11.47685011,48.10342681],[11.47735773,48.10353266],[11.47750086,48.10351728],[11.47752743,48.10334901],[11.47865481,48.10336077],[11.47880828,48.10326036],[11.47894994,48.1032296],[11.47933656,48.10325312],[11.47953724,48.10219016],[11.48303155,48.10278994],[11.48281906,48.10344129],[11.48265231,48.10374073],[11.48139064,48.10357789],[11.48049936,48.10340963],[11.4804669,48.10358603],[11.47852348,48.103463],[11.47553974,48.10504795],[11.47561943,48.1055066],[11.47538775,48.10552379],[11.47519149,48.10452325]]]},"properties":{"id":"munich:osm:way:968282493","name":"Unbenannter Park 968282493","nameAddon":null,"objectNumber":"munich:osm:way:968282493","district":"München","locality":null,"type":"Park","areaM2":46202,"areaHa":4.62,"designation":null,"dedicated":null,"builtYear":null,"renovatedYear":null,"planningAreaId":null,"planningAreaName":null,"centroid":[11.479763,48.103367],"bounds":[11.47519,48.10219,11.48303,48.10552],"amenities":{},"sourceId":"parks"}},{"type":"Feature","id":"munich:osm:way:97108220","geometry":{"type":"Polygon","coordinates":[[[11.55021142,48.11809571],[11.55023356,48.11773657],[11.55083414,48.11774833],[11.55082824,48.11810114],[11.55021142,48.11809571]]]},"properties":{"id":"munich:osm:way:97108220","name":"Unbenannter Park 97108220","nameAddon":null,"objectNumber":"munich:osm:way:97108220","district":"München","locality":null,"type":"Park","areaM2":1795.8,"areaHa":0.18,"designation":null,"dedicated":null,"builtYear":null,"renovatedYear":null,"planningAreaId":null,"planningAreaName":null,"centroid":[11.550526,48.117921],"bounds":[11.55021,48.11774,11.55083,48.1181],"amenities":{},"sourceId":"parks"}},{"type":"Feature","id":"munich:osm:way:97116558","geometry":{"type":"Polygon","coordinates":[[[11.51471792,48.17636059],[11.51520783,48.1764583],[11.51563429,48.17666637],[11.51608583,48.1772951],[11.51487286,48.17748779],[11.51487581,48.17712321],[11.51473562,48.1766736],[11.51471792,48.17636059]]]},"properties":{"id":"munich:osm:way:97116558","name":"Unbenannter Park 97116558","nameAddon":null,"objectNumber":"munich:osm:way:97116558","district":"München","locality":null,"type":"Park","areaM2":7783.6,"areaHa":0.78,"designation":null,"dedicated":null,"builtYear":null,"renovatedYear":null,"planningAreaId":null,"planningAreaName":null,"centroid":[11.515288,48.176961],"bounds":[11.51472,48.17636,11.51609,48.17749],"amenities":{},"sourceId":"parks"}},{"type":"Feature","id":"munich:osm:way:97116879","geometry":{"type":"Polygon","coordinates":[[[11.5089467,48.17804415],[11.51177697,48.1767695],[11.51200865,48.1772173],[11.51157481,48.17744617],[11.5116117,48.17748598],[11.5110967,48.17772209],[11.51105686,48.17768319],[11.50980552,48.17825403],[11.50979667,48.1783074],[11.50940562,48.17848019],[11.5089467,48.17804415]]]},"properties":{"id":"munich:osm:way:97116879","name":"Unbenannter Park 97116879","nameAddon":null,"objectNumber":"munich:osm:way:97116879","district":"München","locality":null,"type":"Park","areaM2":13786.3,"areaHa":1.38,"designation":null,"dedicated":null,"builtYear":null,"renovatedYear":null,"planningAreaId":null,"planningAreaName":null,"centroid":[11.51052,48.177636],"bounds":[11.50895,48.17677,11.51201,48.17848],"amenities":{},"sourceId":"parks"}},{"type":"Feature","id":"munich:osm:way:97117883","geometry":{"type":"Polygon","coordinates":[[[11.50956942,48.17389271],[11.50970665,48.17280261],[11.5096491,48.1725285],[11.50969485,48.17247422],[11.51012131,48.17252759],[11.51015229,48.17257735],[11.51018181,48.17389995],[11.51010065,48.1739307],[11.50962106,48.17394065],[11.50956942,48.17389271]]]},"properties":{"id":"munich:osm:way:97117883","name":"Unbenannter Park 97117883","nameAddon":null,"objectNumber":"munich:osm:way:97117883","district":"München","locality":null,"type":"Park","areaM2":6124.6,"areaHa":0.61,"designation":null,"dedicated":null,"builtYear":null,"renovatedYear":null,"planningAreaId":null,"planningAreaName":null,"centroid":[11.509902,48.173253],"bounds":[11.50957,48.17247,11.51018,48.17394],"amenities":{},"sourceId":"parks"}},{"type":"Feature","id":"munich:osm:way:978552287","geometry":{"type":"Polygon","coordinates":[[[11.63901234,48.12352904],[11.63922335,48.12349285],[11.63935764,48.1234232],[11.63951848,48.12494663],[11.63916138,48.12498914],[11.63912596,48.1247078],[11.63905808,48.12471232],[11.63912744,48.12463543],[11.63906841,48.12403293],[11.63902267,48.12399493],[11.63905218,48.12392256],[11.63901234,48.12352904]]]},"properties":{"id":"munich:osm:way:978552287","name":"Anne-Frank-Anger","nameAddon":null,"objectNumber":"munich:osm:way:978552287","district":"München","locality":null,"type":"Park","areaM2":4523.9,"areaHa":0.45,"designation":null,"dedicated":null,"builtYear":null,"renovatedYear":null,"planningAreaId":null,"planningAreaName":null,"centroid":[11.639263,48.124232],"bounds":[11.63901,48.12342,11.63952,48.12499],"amenities":{},"sourceId":"parks"}},{"type":"Feature","id":"munich:osm:way:980812037","geometry":{"type":"Polygon","coordinates":[[[11.55907705,48.16350733],[11.55935743,48.16348562],[11.55928512,48.16396418],[11.55913165,48.16397503],[11.55907705,48.16350733]]]},"properties":{"id":"munich:osm:way:980812037","name":"Unbenannter Park 980812037","nameAddon":null,"objectNumber":"munich:osm:way:980812037","district":"München","locality":null,"type":"Park","areaM2":839.4,"areaHa":0.08,"designation":null,"dedicated":null,"builtYear":null,"renovatedYear":null,"planningAreaId":null,"planningAreaName":null,"centroid":[11.559213,48.16371],"bounds":[11.55908,48.16349,11.55936,48.16398],"amenities":{},"sourceId":"parks"}},{"type":"Feature","id":"munich:osm:way:986612330","geometry":{"type":"Polygon","coordinates":[[[11.56663527,48.19791026],[11.56762542,48.19794192],[11.5675236,48.19805953],[11.56717978,48.1981898],[11.5669968,48.19820156],[11.56689203,48.19814909],[11.56678726,48.19801339],[11.56663527,48.19791026]]]},"properties":{"id":"munich:osm:way:986612330","name":"Unbenannter Park 986612330","nameAddon":null,"objectNumber":"munich:osm:way:986612330","district":"München","locality":null,"type":"Park","areaM2":1446.6,"areaHa":0.14,"designation":null,"dedicated":null,"builtYear":null,"renovatedYear":null,"planningAreaId":null,"planningAreaName":null,"centroid":[11.567136,48.198034],"bounds":[11.56664,48.19791,11.56763,48.1982],"amenities":{},"sourceId":"parks"}},{"type":"Feature","id":"munich:osm:way:99177020","geometry":{"type":"Polygon","coordinates":[[[11.52956578,48.154241],[11.52987566,48.15431156],[11.52972663,48.15439569],[11.52956578,48.154241]]]},"properties":{"id":"munich:osm:way:99177020","name":"Unbenannter Park 99177020","nameAddon":null,"objectNumber":"munich:osm:way:99177020","district":"München","locality":null,"type":"Park","areaM2":173.4,"areaHa":0.02,"designation":null,"dedicated":null,"builtYear":null,"renovatedYear":null,"planningAreaId":null,"planningAreaName":null,"centroid":[11.529723,48.154316],"bounds":[11.52957,48.15424,11.52988,48.1544],"amenities":{},"sourceId":"parks"}},{"type":"Feature","id":"munich:osm:way:99351573","geometry":{"type":"Polygon","coordinates":[[[11.63447328,48.13133888],[11.63462822,48.13130993],[11.63460313,48.1312448],[11.63566116,48.13103401],[11.63566412,48.1308947],[11.63526274,48.13089741],[11.63532029,48.1308359],[11.63521109,48.13065859],[11.63518158,48.13032477],[11.63597547,48.1303112],[11.63613927,48.13092365],[11.64043928,48.13008232],[11.64065915,48.1304279],[11.64030795,48.13049213],[11.64021646,48.13055907],[11.63501631,48.1314972],[11.63473004,48.13147367],[11.6345382,48.13151077],[11.63447328,48.13133888]]]},"properties":{"id":"munich:osm:way:99351573","name":"Unbenannter Park 99351573","nameAddon":null,"objectNumber":"munich:osm:way:99351573","district":"München","locality":null,"type":"Park","areaM2":23111.2,"areaHa":2.31,"designation":null,"dedicated":null,"builtYear":null,"renovatedYear":null,"planningAreaId":null,"planningAreaName":null,"centroid":[11.637326,48.130782],"bounds":[11.63447,48.13008,11.64066,48.13151],"amenities":{},"sourceId":"parks"}},{"type":"Feature","id":"munich:osm:way:99364843","geometry":{"type":"Polygon","coordinates":[[[11.6042655,48.13950516],[11.6050653,48.13941198],[11.60509481,48.1394355],[11.6051376,48.13961643],[11.60434961,48.13972046],[11.6042655,48.13950516]]]},"properties":{"id":"munich:osm:way:99364843","name":"Unbenannter Park 99364843","nameAddon":null,"objectNumber":"munich:osm:way:99364843","district":"München","locality":null,"type":"Park","areaM2":1457.7,"areaHa":0.15,"designation":null,"dedicated":null,"builtYear":null,"renovatedYear":null,"planningAreaId":null,"planningAreaName":null,"centroid":[11.604706,48.139563],"bounds":[11.60427,48.13941,11.60514,48.13972],"amenities":{},"sourceId":"parks"}},{"type":"Feature","id":"munich:osm:way:99825622","geometry":{"type":"Polygon","coordinates":[[[11.52514034,48.18191333],[11.52517871,48.18102859],[11.52555943,48.18102678],[11.52550925,48.18187353],[11.52545613,48.18191786],[11.52514034,48.18191333]]]},"properties":{"id":"munich:osm:way:99825622","name":"Claudiusplatz","nameAddon":null,"objectNumber":"munich:osm:way:99825622","district":"München","locality":null,"type":"Park","areaM2":2947.7,"areaHa":0.29,"designation":null,"dedicated":null,"builtYear":null,"renovatedYear":null,"planningAreaId":null,"planningAreaName":null,"centroid":[11.525346,48.181468],"bounds":[11.52514,48.18103,11.52556,48.18192],"amenities":{},"sourceId":"parks"}},{"type":"Feature","id":"munich:osm:way:99825623","geometry":{"type":"Polygon","coordinates":[[[11.52520675,48.18092003],[11.52522003,48.18034648],[11.52554024,48.18033201],[11.52559041,48.18038267],[11.52558156,48.18091189],[11.52520675,48.18092003]]]},"properties":{"id":"munich:osm:way:99825623","name":"Unbenannter Park 99825623","nameAddon":null,"objectNumber":"munich:osm:way:99825623","district":"München","locality":null,"type":"Park","areaM2":1880.9,"areaHa":0.19,"designation":null,"dedicated":null,"builtYear":null,"renovatedYear":null,"planningAreaId":null,"planningAreaName":null,"centroid":[11.525399,48.180629],"bounds":[11.52521,48.18033,11.52559,48.18092],"amenities":{},"sourceId":"parks"}},{"type":"Feature","id":"munich:osm:way:99837802","geometry":{"type":"Polygon","coordinates":[[[11.52768287,48.18021531],[11.52772123,48.17979917],[11.52789241,48.17978741],[11.52794258,48.17983807],[11.52790274,48.18019812],[11.52783486,48.18023883],[11.52768287,48.18021531]]]},"properties":{"id":"munich:osm:way:99837802","name":"Schöpferplatz","nameAddon":null,"objectNumber":"munich:osm:way:99837802","district":"München","locality":null,"type":"Park","areaM2":832,"areaHa":0.08,"designation":null,"dedicated":null,"builtYear":null,"renovatedYear":null,"planningAreaId":null,"planningAreaName":null,"centroid":[11.527812,48.18001],"bounds":[11.52768,48.17979,11.52794,48.18024],"amenities":{},"sourceId":"parks"}}]}
