{"type":"FeatureCollection","schemaVersion":1,"generatedAt":"2026-07-25T17:33:13.218Z","dataAsOf":null,"sourceId":"parks","features":[{"type":"Feature","id":"copenhagen:1","geometry":{"type":"Polygon","coordinates":[[[12.57030633,55.67239189],[12.57188673,55.6716139],[12.57218334,55.67191514],[12.57208004,55.67196761],[12.57319563,55.67268048],[12.57299346,55.6727827],[12.5729064,55.67268862],[12.57235746,55.67235933],[12.5724947,55.67229329],[12.5719133,55.6719269],[12.5712891,55.67220282],[12.57088035,55.67244255],[12.57134222,55.67275285],[12.57145732,55.67281165],[12.57160046,55.67275104],[12.57209775,55.67309028],[12.57225122,55.67314909],[12.57204758,55.67325222],[12.57132452,55.67279175],[12.57093052,55.67254207],[12.57081542,55.67259996],[12.57030633,55.67239189]]]},"properties":{"id":"copenhagen:1","name":"Glyptotekshaven","nameAddon":null,"objectNumber":"1","district":"Indre by","locality":null,"type":"Haveanlæg","areaM2":6071.3,"areaHa":0.61,"designation":null,"dedicated":null,"builtYear":null,"renovatedYear":null,"planningAreaId":null,"planningAreaName":null,"centroid":[12.571613,55.672329],"bounds":[12.57031,55.67161,12.5732,55.67325],"amenities":{"playground":{"status":"not-observed","count":0,"nearestMeters":null,"coverage":"community-mapped-observations"},"toilet":{"status":"observed-nearby","count":2,"nearestMeters":31,"coverage":"community-mapped-observations"},"drinkingFountain":{"status":"not-observed","count":0,"nearestMeters":null,"coverage":"community-mapped-observations"},"dogRun":{"status":"not-observed","count":0,"nearestMeters":null,"coverage":"community-mapped-observations"}},"sourceId":"parks"}},{"type":"Feature","id":"copenhagen:100","geometry":{"type":"Polygon","coordinates":[[[12.48690035,55.68492491],[12.48718367,55.6845332],[12.48741977,55.68458748],[12.48717924,55.68498914],[12.48690035,55.68492491]]]},"properties":{"id":"copenhagen:100","name":"Bogholder allé","nameAddon":null,"objectNumber":"100","district":"Vanløse","locality":null,"type":"Andet grønt område","areaM2":824.5,"areaHa":0.08,"designation":null,"dedicated":null,"builtYear":null,"renovatedYear":null,"planningAreaId":null,"planningAreaName":null,"centroid":[12.487167,55.684764],"bounds":[12.4869,55.68453,12.48742,55.68499],"amenities":{"playground":{"status":"not-observed","count":0,"nearestMeters":null,"coverage":"community-mapped-observations"},"toilet":{"status":"not-observed","count":0,"nearestMeters":null,"coverage":"community-mapped-observations"},"drinkingFountain":{"status":"not-observed","count":0,"nearestMeters":null,"coverage":"community-mapped-observations"},"dogRun":{"status":"not-observed","count":0,"nearestMeters":null,"coverage":"community-mapped-observations"}},"sourceId":"parks"}},{"type":"Feature","id":"copenhagen:101","geometry":{"type":"Polygon","coordinates":[[[12.49812995,55.70060973],[12.49823619,55.69993487],[12.49934735,55.69999005],[12.49924258,55.70066673],[12.49812995,55.70060973]]]},"properties":{"id":"copenhagen:101","name":"Brønshøj Vandtårn","nameAddon":null,"objectNumber":"101","district":"Brønshøj - Husum","locality":null,"type":"Andet grønt område","areaM2":5306.3,"areaHa":0.53,"designation":null,"dedicated":null,"builtYear":null,"renovatedYear":null,"planningAreaId":null,"planningAreaName":null,"centroid":[12.498739,55.7003],"bounds":[12.49813,55.69993,12.49935,55.70067],"amenities":{"playground":{"status":"not-observed","count":0,"nearestMeters":null,"coverage":"community-mapped-observations"},"toilet":{"status":"not-observed","count":0,"nearestMeters":null,"coverage":"community-mapped-observations"},"drinkingFountain":{"status":"not-observed","count":0,"nearestMeters":null,"coverage":"community-mapped-observations"},"dogRun":{"status":"not-observed","count":0,"nearestMeters":null,"coverage":"community-mapped-observations"}},"sourceId":"parks"}},{"type":"Feature","id":"copenhagen:103","geometry":{"type":"Polygon","coordinates":[[[12.4772969,55.71038448],[12.47733526,55.71011399],[12.47773221,55.71004433],[12.47922851,55.70953591],[12.47946313,55.7094545],[12.47971252,55.7096309],[12.47788273,55.71025873],[12.47737658,55.71039895],[12.4772969,55.71038448]]]},"properties":{"id":"copenhagen:103","name":"Frederikssundsvej - Husumvej - Korsager","nameAddon":null,"objectNumber":"103","district":"Brønshøj - Husum","locality":null,"type":"Andet grønt område","areaM2":3941.2,"areaHa":0.39,"designation":null,"dedicated":null,"builtYear":null,"renovatedYear":null,"planningAreaId":null,"planningAreaName":null,"centroid":[12.478443,55.709931],"bounds":[12.4773,55.70945,12.47971,55.7104],"amenities":{"playground":{"status":"not-observed","count":0,"nearestMeters":null,"coverage":"community-mapped-observations"},"toilet":{"status":"not-observed","count":0,"nearestMeters":null,"coverage":"community-mapped-observations"},"drinkingFountain":{"status":"not-observed","count":0,"nearestMeters":null,"coverage":"community-mapped-observations"},"dogRun":{"status":"observed-nearby","count":1,"nearestMeters":29,"coverage":"community-mapped-observations"}},"sourceId":"parks"}},{"type":"Feature","id":"copenhagen:105","geometry":{"type":"Polygon","coordinates":[[[12.5227303,55.69751674],[12.52275686,55.6974905],[12.52433284,55.69742718],[12.52439482,55.6975294],[12.52445532,55.69750859],[12.52351534,55.69824046],[12.52345189,55.69823865],[12.52290885,55.69773204],[12.5227303,55.69751674]]]},"properties":{"id":"copenhagen:105","name":"Gandhi's plæne","nameAddon":null,"objectNumber":"105","district":"Vanløse","locality":null,"type":"Andet grønt område","areaM2":5430.7,"areaHa":0.54,"designation":null,"dedicated":null,"builtYear":null,"renovatedYear":null,"planningAreaId":null,"planningAreaName":null,"centroid":[12.523561,55.697732],"bounds":[12.52273,55.69743,12.52446,55.69824],"amenities":{"playground":{"status":"observed-nearby","count":3,"nearestMeters":56,"coverage":"community-mapped-observations"},"toilet":{"status":"not-observed","count":0,"nearestMeters":null,"coverage":"community-mapped-observations"},"drinkingFountain":{"status":"not-observed","count":0,"nearestMeters":null,"coverage":"community-mapped-observations"},"dogRun":{"status":"not-observed","count":0,"nearestMeters":null,"coverage":"community-mapped-observations"}},"sourceId":"parks"}},{"type":"Feature","id":"copenhagen:106","geometry":{"type":"Polygon","coordinates":[[[12.53312764,55.71684458],[12.53329439,55.71684006],[12.53329734,55.7166736],[12.53356738,55.71672245],[12.53409123,55.7167324],[12.53410304,55.7166917],[12.53418862,55.71670979],[12.53419158,55.7166727],[12.53427569,55.71668084],[12.53431405,55.71663289],[12.53439817,55.71667089],[12.5344321,55.71659761],[12.53449998,55.71661209],[12.53443506,55.71654695],[12.53450146,55.71652976],[12.53437455,55.71650896],[12.53439964,55.71646915],[12.53430668,55.71650715],[12.53426388,55.71646101],[12.53418125,55.71647006],[12.53417239,55.71643568],[12.53409123,55.71645196],[12.534075,55.71641668],[12.5337297,55.71642301],[12.5337297,55.71645196],[12.53355558,55.71644563],[12.53328849,55.716499],[12.53327225,55.71637054],[12.53334161,55.71632441],[12.53456639,55.71633345],[12.53463427,55.71637326],[12.53465935,55.71674326],[12.53458852,55.71679483],[12.53418715,55.71681111],[12.5342447,55.71714402],[12.53418125,55.71719559],[12.5333298,55.71727881],[12.53318224,55.71721368],[12.53312764,55.71684458]]]},"properties":{"id":"copenhagen:106","name":"Grundtvigs Kirke","nameAddon":null,"objectNumber":"106","district":"Bispebjerg","locality":null,"type":"Andet grønt område","areaM2":5707.7,"areaHa":0.57,"designation":null,"dedicated":null,"builtYear":null,"renovatedYear":null,"planningAreaId":null,"planningAreaName":null,"centroid":[12.533842,55.71682],"bounds":[12.53313,55.71632,12.53466,55.71728],"amenities":{"playground":{"status":"not-observed","count":0,"nearestMeters":null,"coverage":"community-mapped-observations"},"toilet":{"status":"not-observed","count":0,"nearestMeters":null,"coverage":"community-mapped-observations"},"drinkingFountain":{"status":"not-observed","count":0,"nearestMeters":null,"coverage":"community-mapped-observations"},"dogRun":{"status":"observed-nearby","count":1,"nearestMeters":41,"coverage":"community-mapped-observations"}},"sourceId":"parks"}},{"type":"Feature","id":"copenhagen:108","geometry":{"type":"MultiPolygon","coordinates":[[[[12.48565343,55.67798354],[12.4856918,55.67794464],[12.48645618,55.67755473],[12.48664506,55.67740456],[12.48674836,55.67740727],[12.48702282,55.67779899],[12.48731943,55.67806767],[12.48901198,55.67912701],[12.48938532,55.67940112],[12.48682952,55.67833544],[12.48718514,55.67799258],[12.48697708,55.6778994],[12.48634993,55.6778008],[12.48613006,55.67789307],[12.48600168,55.67803601],[12.48637649,55.67813552],[12.48633665,55.67817984],[12.48565343,55.67798354]]],[[[12.48733713,55.67745341],[12.48813988,55.67764972],[12.4894473,55.67812557],[12.49028546,55.67849195],[12.49109853,55.67898046],[12.49151466,55.67917496],[12.49160911,55.67955491],[12.49304047,55.68209426],[12.49395832,55.68306224],[12.49382404,55.68307852],[12.49386978,55.68319432],[12.49396422,55.68318437],[12.49402177,55.68323141],[12.49359679,55.6836774],[12.49351268,55.68368012],[12.49255942,55.68290574],[12.49194408,55.68229962],[12.49140252,55.68164556],[12.49030021,55.68004704],[12.48999771,55.67968428],[12.4892835,55.67908449],[12.48780048,55.67814094],[12.48750683,55.67763163],[12.48733713,55.67745341]]],[[[12.49387273,55.68374525],[12.49448512,55.68312104],[12.49458989,55.68314728],[12.49476549,55.68330197],[12.4951226,55.68368554],[12.49547823,55.68431789],[12.49566711,55.68442736],[12.49567891,55.68453591],[12.49585304,55.68460557],[12.49587075,55.68452325],[12.49597847,55.68455039],[12.49582648,55.68411073],[12.49591797,55.68406278],[12.49820668,55.68529944],[12.49759577,55.68565316],[12.4962736,55.68518364],[12.49526869,55.68473313],[12.49453677,55.68435951],[12.49390815,55.68396689],[12.49387273,55.68374525]]],[[[12.49913781,55.68651529],[12.49913928,55.68644744],[12.4992352,55.68636421],[12.49939162,55.68644834],[12.49972954,55.686537],[12.49983874,55.68646644],[12.49975905,55.68641397],[12.50007336,55.68651891],[12.50035964,55.6866917],[12.50141324,55.68708793],[12.50204924,55.68752307],[12.50168033,55.68763253],[12.50131142,55.68767686],[12.50099416,55.68763434],[12.49966166,55.6868491],[12.4996956,55.68683553],[12.49913781,55.68651529]]],[[[12.50166853,55.68805048],[12.50167738,55.68800525],[12.50205367,55.68777366],[12.50219976,55.68762439],[12.50241963,55.68777456],[12.50396757,55.68825222],[12.50614856,55.68855527],[12.50672406,55.68858422],[12.50969452,55.68912068],[12.51050317,55.68929166],[12.51412881,55.6902144],[12.51493451,55.69049032],[12.51562363,55.69078885],[12.51560592,55.69084042],[12.51568413,55.69087661],[12.51553214,55.69095531],[12.51460101,55.6906034],[12.51208358,55.68989597],[12.51069205,55.68960014],[12.50905999,55.68936403],[12.50432025,55.68890809],[12.50360899,55.68878867],[12.50290511,55.68861769],[12.50240782,55.68863488],[12.50229715,55.688501],[12.50166853,55.68805048]]],[[[12.51586563,55.69108739],[12.51608403,55.69097883],[12.51697679,55.6913624],[12.51853949,55.69214221],[12.52178589,55.69388728],[12.52297968,55.69446535],[12.52496737,55.69515831],[12.52614935,55.69541976],[12.52730625,55.69556269],[12.52703326,55.69571467],[12.52695505,55.6957002],[12.52593096,55.69554731],[12.52489949,55.69532115],[12.52298263,55.69465895],[12.52218284,55.69425909],[12.52154389,55.69499367],[12.52127827,55.69491858],[12.52089461,55.69536186],[12.52020548,55.69467433],[12.51843177,55.69234304],[12.51790644,55.6920047],[12.51588777,55.69114167],[12.51586563,55.69108739]]],[[[12.51641162,55.69070563],[12.51651196,55.69063325],[12.51752573,55.69085128],[12.51880068,55.6915361],[12.52034419,55.69251945],[12.52064965,55.69281708],[12.52104365,55.6931129],[12.5204165,55.69276461],[12.52023942,55.69257192],[12.51936289,55.69199385],[12.51827092,55.69135878],[12.51741358,55.69091189],[12.51641162,55.69070563]]]]},"properties":{"id":"copenhagen:108","name":"Grøndalsparken","nameAddon":null,"objectNumber":"108","district":"Vanløse","locality":null,"type":"Lokale parker","areaM2":185142.6,"areaHa":18.51,"designation":null,"dedicated":null,"builtYear":null,"renovatedYear":null,"planningAreaId":null,"planningAreaName":null,"centroid":[12.502491,55.686152],"bounds":[12.48565,55.6774,12.52731,55.69571],"amenities":{"playground":{"status":"observed-nearby","count":2,"nearestMeters":0,"coverage":"community-mapped-observations"},"toilet":{"status":"observed-nearby","count":1,"nearestMeters":0,"coverage":"community-mapped-observations"},"drinkingFountain":{"status":"not-observed","count":0,"nearestMeters":null,"coverage":"community-mapped-observations"},"dogRun":{"status":"observed-nearby","count":2,"nearestMeters":0,"coverage":"community-mapped-observations"}},"sourceId":"parks"}},{"type":"Feature","id":"copenhagen:11","geometry":{"type":"Polygon","coordinates":[[[12.58116997,55.69236656],[12.58174694,55.69201737],[12.58195649,55.69209426],[12.58168939,55.69255564],[12.58116997,55.69236656]]]},"properties":{"id":"copenhagen:11","name":"Hjalmar Brantings Plads","nameAddon":null,"objectNumber":"11","district":"Indre by","locality":null,"type":"Andet grønt område","areaM2":1483.4,"areaHa":0.15,"designation":null,"dedicated":null,"builtYear":null,"renovatedYear":null,"planningAreaId":null,"planningAreaName":null,"centroid":[12.581611,55.692287],"bounds":[12.58117,55.69202,12.58196,55.69256],"amenities":{"playground":{"status":"not-observed","count":0,"nearestMeters":null,"coverage":"community-mapped-observations"},"toilet":{"status":"not-observed","count":0,"nearestMeters":null,"coverage":"community-mapped-observations"},"drinkingFountain":{"status":"not-observed","count":0,"nearestMeters":null,"coverage":"community-mapped-observations"},"dogRun":{"status":"not-observed","count":0,"nearestMeters":null,"coverage":"community-mapped-observations"}},"sourceId":"parks"}},{"type":"Feature","id":"copenhagen:110","geometry":{"type":"Polygon","coordinates":[[[12.48065545,55.68456848],[12.48066135,55.68451058],[12.48141835,55.68439208],[12.48135195,55.68459562],[12.48065545,55.68456848]]]},"properties":{"id":"copenhagen:110","name":"Hanstholmvej","nameAddon":null,"objectNumber":"110","district":"Vanløse","locality":null,"type":"Andet grønt område","areaM2":634.2,"areaHa":0.06,"designation":null,"dedicated":null,"builtYear":null,"renovatedYear":null,"planningAreaId":null,"planningAreaName":null,"centroid":[12.481089,55.684512],"bounds":[12.48066,55.68439,12.48142,55.6846],"amenities":{"playground":{"status":"not-observed","count":0,"nearestMeters":null,"coverage":"community-mapped-observations"},"toilet":{"status":"not-observed","count":0,"nearestMeters":null,"coverage":"community-mapped-observations"},"drinkingFountain":{"status":"not-observed","count":0,"nearestMeters":null,"coverage":"community-mapped-observations"},"dogRun":{"status":"not-observed","count":0,"nearestMeters":null,"coverage":"community-mapped-observations"}},"sourceId":"parks"}},{"type":"Feature","id":"copenhagen:111","geometry":{"type":"Polygon","coordinates":[[[12.51807319,55.69615071],[12.51812483,55.69588113],[12.5194352,55.69595441],[12.51935847,55.69622218],[12.51807319,55.69615071]]]},"properties":{"id":"copenhagen:111","name":"Hillerødgade-Abrikosvej","nameAddon":null,"objectNumber":"111","district":"Vanløse","locality":null,"type":"Andet grønt område","areaM2":2470.6,"areaHa":0.25,"designation":null,"dedicated":null,"builtYear":null,"renovatedYear":null,"planningAreaId":null,"planningAreaName":null,"centroid":[12.518748,55.696052],"bounds":[12.51807,55.69588,12.51944,55.69622],"amenities":{"playground":{"status":"not-observed","count":0,"nearestMeters":null,"coverage":"community-mapped-observations"},"toilet":{"status":"not-observed","count":0,"nearestMeters":null,"coverage":"community-mapped-observations"},"drinkingFountain":{"status":"not-observed","count":0,"nearestMeters":null,"coverage":"community-mapped-observations"},"dogRun":{"status":"not-observed","count":0,"nearestMeters":null,"coverage":"community-mapped-observations"}},"sourceId":"parks"}},{"type":"Feature","id":"copenhagen:112","geometry":{"type":"Polygon","coordinates":[[[12.54643051,55.69662294],[12.54767005,55.69615433],[12.54793714,55.69636783],[12.54774678,55.69643749],[12.54727753,55.69661299],[12.54743247,55.69675231],[12.54712259,55.69695495],[12.54643051,55.69662294]]]},"properties":{"id":"copenhagen:112","name":"Allersgade-Thorsgade","nameAddon":null,"objectNumber":"112","district":"Nørrebro","locality":null,"type":"Andet grønt område","areaM2":3278.8,"areaHa":0.33,"designation":null,"dedicated":null,"builtYear":null,"renovatedYear":null,"planningAreaId":null,"planningAreaName":null,"centroid":[12.547191,55.69655],"bounds":[12.54643,55.69615,12.54794,55.69695],"amenities":{"playground":{"status":"observed-nearby","count":3,"nearestMeters":0,"coverage":"community-mapped-observations"},"toilet":{"status":"not-observed","count":0,"nearestMeters":null,"coverage":"community-mapped-observations"},"drinkingFountain":{"status":"not-observed","count":0,"nearestMeters":null,"coverage":"community-mapped-observations"},"dogRun":{"status":"not-observed","count":0,"nearestMeters":null,"coverage":"community-mapped-observations"}},"sourceId":"parks"}},{"type":"Feature","id":"copenhagen:1126","geometry":{"type":"MultiPolygon","coordinates":[[[[12.61616471,55.66228153],[12.61632556,55.6621793],[12.61693352,55.66230052],[12.61856558,55.66262258],[12.61891678,55.66279718],[12.61897138,55.66275828],[12.61883267,55.6624706],[12.61893891,55.66245251],[12.61912632,55.6628406],[12.62190937,55.6633861],[12.62218679,55.66293197],[12.62321088,55.6631328],[12.62277409,55.66369278],[12.61877069,55.66290754],[12.61848737,55.66281618],[12.61851983,55.66278089],[12.61839883,55.66272752],[12.61616471,55.66228153]]],[[[12.62452125,55.66404288],[12.62456699,55.66392437],[12.62658124,55.66414239],[12.62700032,55.66419124],[12.6269044,55.66430523],[12.62511593,55.66410982],[12.62452125,55.66404288]]],[[[12.62705934,55.66435227],[12.62718772,55.66420843],[12.62965056,55.6644753],[12.62952809,55.66462186],[12.62705934,55.66435227]]]]},"properties":{"id":"copenhagen:1126","name":"Lergravsvej","nameAddon":null,"objectNumber":"1126","district":"Amager Øst","locality":null,"type":"Andet grønt område","areaM2":18114.3,"areaHa":1.81,"designation":null,"dedicated":null,"builtYear":null,"renovatedYear":null,"planningAreaId":null,"planningAreaName":null,"centroid":[12.622688,55.663442],"bounds":[12.61616,55.66218,12.62965,55.66462],"amenities":{"playground":{"status":"observed-nearby","count":3,"nearestMeters":0,"coverage":"community-mapped-observations"},"toilet":{"status":"observed-nearby","count":2,"nearestMeters":7,"coverage":"community-mapped-observations"},"drinkingFountain":{"status":"not-observed","count":0,"nearestMeters":null,"coverage":"community-mapped-observations"},"dogRun":{"status":"not-observed","count":0,"nearestMeters":null,"coverage":"community-mapped-observations"}},"sourceId":"parks"}},{"type":"Feature","id":"copenhagen:114","geometry":{"type":"Polygon","coordinates":[[[12.53529388,55.71635878],[12.53701299,55.71633979],[12.53708087,55.71628551],[12.53706464,55.71586665],[12.53738781,55.71612991],[12.53751028,55.71627103],[12.53809316,55.71671703],[12.53711186,55.71687263],[12.53710006,55.71676678],[12.53698348,55.71671069],[12.53531601,55.71673421],[12.53529388,55.71635878]]]},"properties":{"id":"copenhagen:114","name":"Jensen Klints Plads","nameAddon":null,"objectNumber":"114","district":"Bispebjerg","locality":null,"type":"Andet grønt område","areaM2":7995.4,"areaHa":0.8,"designation":null,"dedicated":null,"builtYear":null,"renovatedYear":null,"planningAreaId":null,"planningAreaName":null,"centroid":[12.536713,55.716515],"bounds":[12.53529,55.71587,12.53809,55.71687],"amenities":{"playground":{"status":"not-observed","count":0,"nearestMeters":null,"coverage":"community-mapped-observations"},"toilet":{"status":"not-observed","count":0,"nearestMeters":null,"coverage":"community-mapped-observations"},"drinkingFountain":{"status":"not-observed","count":0,"nearestMeters":null,"coverage":"community-mapped-observations"},"dogRun":{"status":"not-observed","count":0,"nearestMeters":null,"coverage":"community-mapped-observations"}},"sourceId":"parks"}},{"type":"Feature","id":"copenhagen:1142","geometry":{"type":"Polygon","coordinates":[[[12.53884574,55.70294464],[12.54060174,55.70265967],[12.54101787,55.70338972],[12.54158747,55.70414511],[12.5413558,55.70420029],[12.54133956,55.70424552],[12.54156976,55.70455944],[12.54186046,55.70540619],[12.54222495,55.70608468],[12.54235038,55.70615705],[12.54186489,55.70643116],[12.54110936,55.70579609],[12.53994509,55.70461371],[12.5392353,55.70367469],[12.53884574,55.70294464]]]},"properties":{"id":"copenhagen:1142","name":"Mimersparken","nameAddon":null,"objectNumber":"1142","district":"Nørrebro","locality":null,"type":"Lokale parker","areaM2":37225.8,"areaHa":3.72,"designation":null,"dedicated":null,"builtYear":null,"renovatedYear":null,"planningAreaId":null,"planningAreaName":null,"centroid":[12.540628,55.704283],"bounds":[12.53885,55.70266,12.54235,55.70643],"amenities":{"playground":{"status":"observed-nearby","count":2,"nearestMeters":0,"coverage":"community-mapped-observations"},"toilet":{"status":"observed-nearby","count":1,"nearestMeters":54,"coverage":"community-mapped-observations"},"drinkingFountain":{"status":"observed-nearby","count":1,"nearestMeters":0,"coverage":"community-mapped-observations"},"dogRun":{"status":"not-observed","count":0,"nearestMeters":null,"coverage":"community-mapped-observations"}},"sourceId":"parks"}},{"type":"Feature","id":"copenhagen:115","geometry":{"type":"Polygon","coordinates":[[[12.53368838,55.71769586],[12.53437751,55.7175493],[12.53450441,55.71796182],[12.53434357,55.71817532],[12.53489693,55.71993577],[12.53486004,55.71996472],[12.53462394,55.71993848],[12.53408238,55.71821241],[12.53378725,55.71802063],[12.53368838,55.71769586]]]},"properties":{"id":"copenhagen:115","name":"Jeppes Allé","nameAddon":null,"objectNumber":"115","district":"Bispebjerg","locality":null,"type":"Andet grønt område","areaM2":5940.8,"areaHa":0.59,"designation":null,"dedicated":null,"builtYear":null,"renovatedYear":null,"planningAreaId":null,"planningAreaName":null,"centroid":[12.534329,55.718551],"bounds":[12.53369,55.71755,12.5349,55.71996],"amenities":{"playground":{"status":"not-observed","count":0,"nearestMeters":null,"coverage":"community-mapped-observations"},"toilet":{"status":"not-observed","count":0,"nearestMeters":null,"coverage":"community-mapped-observations"},"drinkingFountain":{"status":"not-observed","count":0,"nearestMeters":null,"coverage":"community-mapped-observations"},"dogRun":{"status":"observed-nearby","count":1,"nearestMeters":0,"coverage":"community-mapped-observations"}},"sourceId":"parks"}},{"type":"Feature","id":"copenhagen:1152","geometry":{"type":"MultiPolygon","coordinates":[[[[12.59457023,55.66434141],[12.59502916,55.6644744],[12.59537003,55.66461643],[12.59576698,55.66485345],[12.59612851,55.66520083],[12.5966317,55.66596526],[12.59649151,55.66599964],[12.59598242,55.66522164],[12.59567696,55.66492672],[12.59513983,55.66462005],[12.59459975,55.66443731],[12.59457023,55.66434141]]],[[[12.59676746,55.66623937],[12.59690617,55.6662059],[12.59740788,55.66648544],[12.59802913,55.6666917],[12.59795535,55.66676588],[12.59751413,55.66663108],[12.59707734,55.66643477],[12.59676746,55.66623937]]]]},"properties":{"id":"copenhagen:1152","name":"Svinget","nameAddon":null,"objectNumber":"1152","district":"Amager Vest","locality":null,"type":"Lokale parker","areaM2":2967,"areaHa":0.3,"designation":null,"dedicated":null,"builtYear":null,"renovatedYear":null,"planningAreaId":null,"planningAreaName":null,"centroid":[12.596251,55.665512],"bounds":[12.59457,55.66434,12.59803,55.66677],"amenities":{"playground":{"status":"observed-nearby","count":1,"nearestMeters":43,"coverage":"community-mapped-observations"},"toilet":{"status":"not-observed","count":0,"nearestMeters":null,"coverage":"community-mapped-observations"},"drinkingFountain":{"status":"not-observed","count":0,"nearestMeters":null,"coverage":"community-mapped-observations"},"dogRun":{"status":"not-observed","count":0,"nearestMeters":null,"coverage":"community-mapped-observations"}},"sourceId":"parks"}},{"type":"Feature","id":"copenhagen:1153","geometry":{"type":"Polygon","coordinates":[[[12.59830802,55.66687263],[12.59839804,55.66678216],[12.60033998,55.6672562],[12.60127258,55.66752397],[12.60322632,55.66821784],[12.60322042,55.66826307],[12.60297547,55.66829112],[12.60276297,55.66819703],[12.60278806,55.66817804],[12.60078857,55.66748236],[12.59830802,55.66687263]]]},"properties":{"id":"copenhagen:1153","name":"Svinget","nameAddon":null,"objectNumber":"1153","district":"Amager Øst","locality":null,"type":"Lokale parker","areaM2":3554.7,"areaHa":0.36,"designation":null,"dedicated":null,"builtYear":null,"renovatedYear":null,"planningAreaId":null,"planningAreaName":null,"centroid":[12.600829,55.6675],"bounds":[12.59831,55.66678,12.60323,55.66829],"amenities":{"playground":{"status":"not-observed","count":0,"nearestMeters":null,"coverage":"community-mapped-observations"},"toilet":{"status":"not-observed","count":0,"nearestMeters":null,"coverage":"community-mapped-observations"},"drinkingFountain":{"status":"not-observed","count":0,"nearestMeters":null,"coverage":"community-mapped-observations"},"dogRun":{"status":"not-observed","count":0,"nearestMeters":null,"coverage":"community-mapped-observations"}},"sourceId":"parks"}},{"type":"Feature","id":"copenhagen:1156","geometry":{"type":"Polygon","coordinates":[[[12.58325062,55.72086213],[12.58337162,55.71968066],[12.58345131,55.71956939],[12.58447245,55.7198245],[12.58545079,55.71990682],[12.58545375,55.71993848],[12.58487972,55.71991949],[12.58412125,55.71982631],[12.58387186,55.72031301],[12.58325062,55.72086213]]]},"properties":{"id":"copenhagen:1156","name":"Svanemøllestranden","nameAddon":null,"objectNumber":"1156","district":"Østerbro","locality":null,"type":"Regionale parker","areaM2":5062.6,"areaHa":0.51,"designation":null,"dedicated":null,"builtYear":null,"renovatedYear":null,"planningAreaId":null,"planningAreaName":null,"centroid":[12.583739,55.720073],"bounds":[12.58325,55.71957,12.58545,55.72086],"amenities":{"playground":{"status":"not-observed","count":0,"nearestMeters":null,"coverage":"community-mapped-observations"},"toilet":{"status":"observed-nearby","count":1,"nearestMeters":27,"coverage":"community-mapped-observations"},"drinkingFountain":{"status":"not-observed","count":0,"nearestMeters":null,"coverage":"community-mapped-observations"},"dogRun":{"status":"not-observed","count":0,"nearestMeters":null,"coverage":"community-mapped-observations"}},"sourceId":"parks"}},{"type":"Feature","id":"copenhagen:116","geometry":{"type":"Polygon","coordinates":[[[12.48597955,55.69252397],[12.4859884,55.69243532],[12.48602087,55.69241451],[12.48758652,55.69275194],[12.48757324,55.69288221],[12.48597955,55.69252397]]]},"properties":{"id":"copenhagen:116","name":"Jyllingevej","nameAddon":null,"objectNumber":"116","district":"Vanløse","locality":null,"type":"Andet grønt område","areaM2":1443.8,"areaHa":0.14,"designation":null,"dedicated":null,"builtYear":null,"renovatedYear":null,"planningAreaId":null,"planningAreaName":null,"centroid":[12.4868,55.692645],"bounds":[12.48598,55.69241,12.48759,55.69288],"amenities":{"playground":{"status":"not-observed","count":0,"nearestMeters":null,"coverage":"community-mapped-observations"},"toilet":{"status":"not-observed","count":0,"nearestMeters":null,"coverage":"community-mapped-observations"},"drinkingFountain":{"status":"not-observed","count":0,"nearestMeters":null,"coverage":"community-mapped-observations"},"dogRun":{"status":"not-observed","count":0,"nearestMeters":null,"coverage":"community-mapped-observations"}},"sourceId":"parks"}},{"type":"Feature","id":"copenhagen:1161","geometry":{"type":"Polygon","coordinates":[[[12.52846315,55.66719197],[12.52895011,55.66625384],[12.53041099,55.66624751],[12.53064414,55.66691695],[12.52989009,55.66698209],[12.52984287,55.66700651],[12.52985763,55.66706351],[12.5297263,55.66707527],[12.52974696,55.66714583],[12.53018227,55.66709517],[12.53031655,55.66734666],[12.53027228,55.66735028],[12.53031212,55.66748598],[12.53012767,55.66750407],[12.53015718,55.66759906],[12.52846315,55.66719197]]]},"properties":{"id":"copenhagen:1161","name":"Carl Jacobsens Have","nameAddon":null,"objectNumber":"1161","district":"Vesterbro","locality":null,"type":"Haveanlæg","areaM2":13714.8,"areaHa":1.37,"designation":null,"dedicated":null,"builtYear":null,"renovatedYear":null,"planningAreaId":null,"planningAreaName":null,"centroid":[12.529579,55.666839],"bounds":[12.52846,55.66625,12.53064,55.6676],"amenities":{"playground":{"status":"not-observed","count":0,"nearestMeters":null,"coverage":"community-mapped-observations"},"toilet":{"status":"not-observed","count":0,"nearestMeters":null,"coverage":"community-mapped-observations"},"drinkingFountain":{"status":"not-observed","count":0,"nearestMeters":null,"coverage":"community-mapped-observations"},"dogRun":{"status":"not-observed","count":0,"nearestMeters":null,"coverage":"community-mapped-observations"}},"sourceId":"parks"}},{"type":"Feature","id":"copenhagen:1162","geometry":{"type":"Polygon","coordinates":[[[12.49281323,55.65973494],[12.49327953,55.65974489],[12.49324854,55.65991768],[12.49282946,55.65991225],[12.49281323,55.65973494]]]},"properties":{"id":"copenhagen:1162","name":"Vigerslev Allé/Langagervej","nameAddon":null,"objectNumber":"1162","district":"Valby","locality":null,"type":"Andet grønt område","areaM2":785.3,"areaHa":0.08,"designation":null,"dedicated":null,"builtYear":null,"renovatedYear":null,"planningAreaId":null,"planningAreaName":null,"centroid":[12.493042,55.659826],"bounds":[12.49281,55.65973,12.49328,55.65992],"amenities":{"playground":{"status":"observed-nearby","count":1,"nearestMeters":56,"coverage":"community-mapped-observations"},"toilet":{"status":"not-observed","count":0,"nearestMeters":null,"coverage":"community-mapped-observations"},"drinkingFountain":{"status":"not-observed","count":0,"nearestMeters":null,"coverage":"community-mapped-observations"},"dogRun":{"status":"not-observed","count":0,"nearestMeters":null,"coverage":"community-mapped-observations"}},"sourceId":"parks"}},{"type":"Feature","id":"copenhagen:1163","geometry":{"type":"Polygon","coordinates":[[[12.4985933,55.66098969],[12.49962624,55.66056993],[12.50020174,55.66067668],[12.50010878,55.66101049],[12.50024896,55.6611281],[12.50019289,55.66119595],[12.49930898,55.66149448],[12.49889433,55.66110729],[12.49869659,55.66108558],[12.4985933,55.66098969]]]},"properties":{"id":"copenhagen:1163","name":"Saxtorphsvej","nameAddon":null,"objectNumber":"1163","district":"Valby","locality":null,"type":"Andet grønt område","areaM2":5790.2,"areaHa":0.58,"designation":null,"dedicated":null,"builtYear":null,"renovatedYear":null,"planningAreaId":null,"planningAreaName":null,"centroid":[12.499525,55.661007],"bounds":[12.49859,55.66057,12.50025,55.66149],"amenities":{"playground":{"status":"not-observed","count":0,"nearestMeters":null,"coverage":"community-mapped-observations"},"toilet":{"status":"not-observed","count":0,"nearestMeters":null,"coverage":"community-mapped-observations"},"drinkingFountain":{"status":"not-observed","count":0,"nearestMeters":null,"coverage":"community-mapped-observations"},"dogRun":{"status":"not-observed","count":0,"nearestMeters":null,"coverage":"community-mapped-observations"}},"sourceId":"parks"}},{"type":"Feature","id":"copenhagen:1166","geometry":{"type":"Polygon","coordinates":[[[12.51760393,55.65451149],[12.51801711,55.65450968],[12.5180422,55.65621404],[12.51792562,55.65621494],[12.51792267,55.65634974],[12.5178061,55.65634612],[12.51780315,55.65617695],[12.51762459,55.65617152],[12.51760393,55.65451149]]]},"properties":{"id":"copenhagen:1166","name":"Karensgade","nameAddon":null,"objectNumber":"1166","district":"Valby","locality":null,"type":"Andet grønt område","areaM2":5046.1,"areaHa":0.5,"designation":null,"dedicated":null,"builtYear":null,"renovatedYear":null,"planningAreaId":null,"planningAreaName":null,"centroid":[12.517824,55.655376],"bounds":[12.5176,55.65451,12.51804,55.65635],"amenities":{"playground":{"status":"observed-nearby","count":1,"nearestMeters":0,"coverage":"community-mapped-observations"},"toilet":{"status":"not-observed","count":0,"nearestMeters":null,"coverage":"community-mapped-observations"},"drinkingFountain":{"status":"not-observed","count":0,"nearestMeters":null,"coverage":"community-mapped-observations"},"dogRun":{"status":"not-observed","count":0,"nearestMeters":null,"coverage":"community-mapped-observations"}},"sourceId":"parks"}},{"type":"Feature","id":"copenhagen:1169","geometry":{"type":"Polygon","coordinates":[[[12.52572732,55.72667089],[12.52597375,55.72643206],[12.52959201,55.72707527],[12.52953299,55.72714945],[12.52923786,55.72712955],[12.5274184,55.72683192],[12.52718672,55.7268862],[12.52572732,55.72667089]]]},"properties":{"id":"copenhagen:1169","name":"Rødkløvervej","nameAddon":null,"objectNumber":"1169","district":"Bispebjerg","locality":null,"type":"Andet grønt område","areaM2":4070.9,"areaHa":0.41,"designation":null,"dedicated":null,"builtYear":null,"renovatedYear":null,"planningAreaId":null,"planningAreaName":null,"centroid":[12.527341,55.726778],"bounds":[12.52573,55.72643,12.52959,55.72715],"amenities":{"playground":{"status":"not-observed","count":0,"nearestMeters":null,"coverage":"community-mapped-observations"},"toilet":{"status":"not-observed","count":0,"nearestMeters":null,"coverage":"community-mapped-observations"},"drinkingFountain":{"status":"not-observed","count":0,"nearestMeters":null,"coverage":"community-mapped-observations"},"dogRun":{"status":"not-observed","count":0,"nearestMeters":null,"coverage":"community-mapped-observations"}},"sourceId":"parks"}},{"type":"Feature","id":"copenhagen:1173","geometry":{"type":"Polygon","coordinates":[[[12.57959694,55.71241813],[12.57963826,55.71107563],[12.58006914,55.71108377],[12.5800839,55.71073005],[12.58046314,55.71072643],[12.58046166,55.71042609],[12.58144149,55.71043514],[12.58144149,55.71058169],[12.58302927,55.71058259],[12.58302927,55.71047042],[12.58374643,55.71047223],[12.58376119,55.71256197],[12.58156544,55.71246246],[12.57959694,55.71241813]]]},"properties":{"id":"copenhagen:1173","name":"Østerbro Lilleskole","nameAddon":null,"objectNumber":"1173","district":"Østerbro","locality":null,"type":"Naturområder","areaM2":54627.6,"areaHa":5.46,"designation":null,"dedicated":null,"builtYear":null,"renovatedYear":null,"planningAreaId":null,"planningAreaName":null,"centroid":[12.58178,55.711529],"bounds":[12.5796,55.71043,12.58376,55.71256],"amenities":{"playground":{"status":"observed-nearby","count":1,"nearestMeters":0,"coverage":"community-mapped-observations"},"toilet":{"status":"not-observed","count":0,"nearestMeters":null,"coverage":"community-mapped-observations"},"drinkingFountain":{"status":"observed-nearby","count":1,"nearestMeters":0,"coverage":"community-mapped-observations"},"dogRun":{"status":"not-observed","count":0,"nearestMeters":null,"coverage":"community-mapped-observations"}},"sourceId":"parks"}},{"type":"Feature","id":"copenhagen:1174","geometry":{"type":"Polygon","coordinates":[[[12.58717434,55.67601049],[12.5872673,55.67576986],[12.58750931,55.67571558],[12.58791363,55.67584675],[12.5877705,55.67598969],[12.58993231,55.67669712],[12.59070997,55.67703275],[12.59287178,55.67823684],[12.59362287,55.678852],[12.59331889,55.67893704],[12.59306213,55.67863579],[12.59290719,55.6786765],[12.59258993,55.67828569],[12.59222102,55.67807491],[12.59232284,55.67803329],[12.59232727,55.67797901],[12.59165142,55.67758458],[12.59154075,55.67758368],[12.59147287,55.67765243],[12.58978769,55.6768482],[12.58717434,55.67601049]]]},"properties":{"id":"copenhagen:1174","name":"Havnegade","nameAddon":null,"objectNumber":"1174","district":"Indre by","locality":null,"type":"Lokale parker","areaM2":9848.7,"areaHa":0.98,"designation":null,"dedicated":null,"builtYear":null,"renovatedYear":null,"planningAreaId":null,"planningAreaName":null,"centroid":[12.590189,55.677072],"bounds":[12.58717,55.67572,12.59362,55.67894],"amenities":{"playground":{"status":"not-observed","count":0,"nearestMeters":null,"coverage":"community-mapped-observations"},"toilet":{"status":"observed-nearby","count":1,"nearestMeters":0,"coverage":"community-mapped-observations"},"drinkingFountain":{"status":"observed-nearby","count":1,"nearestMeters":0,"coverage":"community-mapped-observations"},"dogRun":{"status":"not-observed","count":0,"nearestMeters":null,"coverage":"community-mapped-observations"}},"sourceId":"parks"}},{"type":"Feature","id":"copenhagen:1183","geometry":{"type":"Polygon","coordinates":[[[12.58590529,55.66028316],[12.58703268,55.66041523],[12.58741192,55.66095712],[12.58628748,55.66118871],[12.5862801,55.66116157],[12.58620927,55.66116971],[12.58622846,55.66106296],[12.58617386,55.6610693],[12.58590529,55.66028316]]]},"properties":{"id":"copenhagen:1183","name":"Eksercerpladsen","nameAddon":null,"objectNumber":"1183","district":"Amager Vest","locality":null,"type":"Lokale parker","areaM2":6058.3,"areaHa":0.61,"designation":null,"dedicated":null,"builtYear":null,"renovatedYear":null,"planningAreaId":null,"planningAreaName":null,"centroid":[12.586602,55.660727],"bounds":[12.58591,55.66028,12.58741,55.66119],"amenities":{"playground":{"status":"observed-nearby","count":3,"nearestMeters":0,"coverage":"community-mapped-observations"},"toilet":{"status":"not-observed","count":0,"nearestMeters":null,"coverage":"community-mapped-observations"},"drinkingFountain":{"status":"not-observed","count":0,"nearestMeters":null,"coverage":"community-mapped-observations"},"dogRun":{"status":"not-observed","count":0,"nearestMeters":null,"coverage":"community-mapped-observations"}},"sourceId":"parks"}},{"type":"Feature","id":"copenhagen:1184","geometry":{"type":"Polygon","coordinates":[[[12.52824181,55.66623485],[12.52842331,55.66602949],[12.52834953,55.66601592],[12.52836428,55.66592908],[12.52861219,55.66554279],[12.5286845,55.66555546],[12.52883796,55.66536729],[12.52916703,55.66542338],[12.52868745,55.66630179],[12.52824181,55.66623485]]]},"properties":{"id":"copenhagen:1184","name":"Carlsberg have","nameAddon":null,"objectNumber":"1184","district":"Valby","locality":null,"type":"Andet grønt område","areaM2":2645.4,"areaHa":0.26,"designation":null,"dedicated":null,"builtYear":null,"renovatedYear":null,"planningAreaId":null,"planningAreaName":null,"centroid":[12.528703,55.665839],"bounds":[12.52824,55.66537,12.52917,55.6663],"amenities":{"playground":{"status":"not-observed","count":0,"nearestMeters":null,"coverage":"community-mapped-observations"},"toilet":{"status":"not-observed","count":0,"nearestMeters":null,"coverage":"community-mapped-observations"},"drinkingFountain":{"status":"not-observed","count":0,"nearestMeters":null,"coverage":"community-mapped-observations"},"dogRun":{"status":"not-observed","count":0,"nearestMeters":null,"coverage":"community-mapped-observations"}},"sourceId":"parks"}},{"type":"Feature","id":"copenhagen:119","geometry":{"type":"Polygon","coordinates":[[[12.54005871,55.71075176],[12.54034941,55.71034558],[12.54050878,55.7098824],[12.5405073,55.70938936],[12.54034498,55.70892075],[12.54151369,55.70906369],[12.5418339,55.7082305],[12.54062536,55.70781437],[12.54138678,55.7071603],[12.5418398,55.70684096],[12.54278274,55.70735842],[12.54452399,55.70869369],[12.54468926,55.70863036],[12.54482354,55.70868102],[12.54476747,55.70871268],[12.54583583,55.70967252],[12.54711226,55.71027049],[12.54720227,55.7102723],[12.54737492,55.71016917],[12.54850083,55.71070382],[12.54857166,55.71066311],[12.54873989,55.71073548],[12.55037046,55.71152705],[12.54940097,55.71161118],[12.54908076,55.71146101],[12.5489509,55.71155147],[12.54814963,55.71118871],[12.54817472,55.71116971],[12.54791943,55.71104939],[12.54805076,55.7109345],[12.54736607,55.71060702],[12.54742067,55.71056631],[12.54684664,55.71027592],[12.54645117,55.71060069],[12.54654709,55.71082414],[12.54569417,55.71095802],[12.54388651,55.71239189],[12.54008675,55.71085761],[12.54005871,55.71075176]]]},"properties":{"id":"copenhagen:119","name":"Lersøparken","nameAddon":null,"objectNumber":"119","district":"Bispebjerg","locality":null,"type":"Regionale parker","areaM2":148819,"areaHa":14.88,"designation":null,"dedicated":null,"builtYear":null,"renovatedYear":null,"planningAreaId":null,"planningAreaName":null,"centroid":[12.543522,55.709947],"bounds":[12.54006,55.70684,12.55037,55.71239],"amenities":{"playground":{"status":"observed-nearby","count":2,"nearestMeters":0,"coverage":"community-mapped-observations"},"toilet":{"status":"observed-nearby","count":1,"nearestMeters":0,"coverage":"community-mapped-observations"},"drinkingFountain":{"status":"not-observed","count":0,"nearestMeters":null,"coverage":"community-mapped-observations"},"dogRun":{"status":"not-observed","count":0,"nearestMeters":null,"coverage":"community-mapped-observations"}},"sourceId":"parks"}},{"type":"Feature","id":"copenhagen:12","geometry":{"type":"Polygon","coordinates":[[[12.58561607,55.68038538],[12.58569723,55.68030939],[12.5858079,55.68027954],[12.58605728,55.68031391],[12.58626977,55.68044961],[12.58630519,55.68061426],[12.58616943,55.68074181],[12.58601744,55.68075991],[12.5858684,55.68073005],[12.58563525,55.6805844],[12.58561607,55.68038538]]]},"properties":{"id":"copenhagen:12","name":"Kongens Nytorv","nameAddon":null,"objectNumber":"12","district":"Indre by","locality":null,"type":"Andet grønt område","areaM2":1853.8,"areaHa":0.19,"designation":null,"dedicated":null,"builtYear":null,"renovatedYear":null,"planningAreaId":null,"planningAreaName":null,"centroid":[12.585953,55.680518],"bounds":[12.58562,55.68028,12.58631,55.68076],"amenities":{"playground":{"status":"not-observed","count":0,"nearestMeters":null,"coverage":"community-mapped-observations"},"toilet":{"status":"not-observed","count":0,"nearestMeters":null,"coverage":"community-mapped-observations"},"drinkingFountain":{"status":"not-observed","count":0,"nearestMeters":null,"coverage":"community-mapped-observations"},"dogRun":{"status":"not-observed","count":0,"nearestMeters":null,"coverage":"community-mapped-observations"}},"sourceId":"parks"}},{"type":"Feature","id":"copenhagen:1203","geometry":{"type":"Polygon","coordinates":[[[12.56549427,55.66631627],[12.56557838,55.66625656],[12.56554149,55.66624028],[12.56590155,55.66598516],[12.56616421,55.66599692],[12.56708353,55.66637507],[12.56724143,55.66629546],[12.56765313,55.66648182],[12.56716322,55.6668283],[12.56692121,55.66675593],[12.56658329,55.66686177],[12.56621586,55.66678487],[12.56599894,55.66678668],[12.56610519,55.6666935],[12.56607125,55.66665732],[12.56560937,55.66644834],[12.56564922,55.6664203],[12.56549427,55.66631627]]]},"properties":{"id":"copenhagen:1203","name":"TCC","nameAddon":null,"objectNumber":"1203","district":"Vesterbro","locality":null,"type":"Lokale parker","areaM2":7524.8,"areaHa":0.75,"designation":null,"dedicated":null,"builtYear":null,"renovatedYear":null,"planningAreaId":null,"planningAreaName":null,"centroid":[12.566495,55.666448],"bounds":[12.56549,55.66599,12.56765,55.66686],"amenities":{"playground":{"status":"observed-nearby","count":1,"nearestMeters":0,"coverage":"community-mapped-observations"},"toilet":{"status":"not-observed","count":0,"nearestMeters":null,"coverage":"community-mapped-observations"},"drinkingFountain":{"status":"not-observed","count":0,"nearestMeters":null,"coverage":"community-mapped-observations"},"dogRun":{"status":"not-observed","count":0,"nearestMeters":null,"coverage":"community-mapped-observations"}},"sourceId":"parks"}},{"type":"Feature","id":"copenhagen:1204","geometry":{"type":"Polygon","coordinates":[[[12.55488592,55.685351],[12.5550261,55.68529944],[12.55518399,55.68509137],[12.55580671,55.68486973],[12.55622284,55.68520536],[12.55592034,55.6853302],[12.55601921,55.68540528],[12.55607676,55.68554641],[12.55601625,55.68571286],[12.5560561,55.68582504],[12.55585246,55.68589741],[12.55577277,55.68583318],[12.55565472,55.68588384],[12.55573736,55.68595079],[12.55564734,55.68597069],[12.55543928,55.68587751],[12.55517514,55.68566763],[12.55517809,55.68561154],[12.55488592,55.685351]]]},"properties":{"id":"copenhagen:1204","name":"Korsgadehallen","nameAddon":null,"objectNumber":"1204","district":"Nørrebro","locality":null,"type":"Lokale parker","areaM2":5845.4,"areaHa":0.58,"designation":null,"dedicated":null,"builtYear":null,"renovatedYear":null,"planningAreaId":null,"planningAreaName":null,"centroid":[12.555597,55.685409],"bounds":[12.55489,55.68487,12.55622,55.68597],"amenities":{"playground":{"status":"observed-nearby","count":1,"nearestMeters":0,"coverage":"community-mapped-observations"},"toilet":{"status":"observed-nearby","count":1,"nearestMeters":73,"coverage":"community-mapped-observations"},"drinkingFountain":{"status":"not-observed","count":0,"nearestMeters":null,"coverage":"community-mapped-observations"},"dogRun":{"status":"not-observed","count":0,"nearestMeters":null,"coverage":"community-mapped-observations"}},"sourceId":"parks"}},{"type":"Feature","id":"copenhagen:1205","geometry":{"type":"Polygon","coordinates":[[[12.61101326,55.68737199],[12.61115935,55.68723087],[12.61157696,55.68704903],[12.61166549,55.68705808],[12.61166107,55.68714221],[12.61291683,55.68699204],[12.61744999,55.68717297],[12.6168199,55.68724353],[12.61608208,55.68726162],[12.61388043,55.68710422],[12.61351447,55.68711417],[12.61345544,55.68863036],[12.61323852,55.68878415],[12.61230887,55.68875249],[12.61127593,55.68857699],[12.61106343,55.68836168],[12.61101326,55.68737199]]]},"properties":{"id":"copenhagen:1205","name":"Refhalevej","nameAddon":null,"objectNumber":"1205","district":"Indre by","locality":null,"type":"Andet grønt område","areaM2":30746.8,"areaHa":3.07,"designation":null,"dedicated":null,"builtYear":null,"renovatedYear":null,"planningAreaId":null,"planningAreaName":null,"centroid":[12.612603,55.687812],"bounds":[12.61101,55.68699,12.61745,55.68878],"amenities":{"playground":{"status":"observed-nearby","count":1,"nearestMeters":9,"coverage":"community-mapped-observations"},"toilet":{"status":"not-observed","count":0,"nearestMeters":null,"coverage":"community-mapped-observations"},"drinkingFountain":{"status":"not-observed","count":0,"nearestMeters":null,"coverage":"community-mapped-observations"},"dogRun":{"status":"not-observed","count":0,"nearestMeters":null,"coverage":"community-mapped-observations"}},"sourceId":"parks"}},{"type":"Feature","id":"copenhagen:1216","geometry":{"type":"Polygon","coordinates":[[[12.53690822,55.69067668],[12.53763276,55.68990773],[12.53783788,55.68974941],[12.53833074,55.68955401],[12.54031104,55.68852904],[12.53986393,55.68893161],[12.53918218,55.68938755],[12.53842075,55.68986249],[12.53690822,55.69067668]]]},"properties":{"id":"copenhagen:1216","name":"Ågade","nameAddon":null,"objectNumber":"1216","district":"Nørrebro","locality":null,"type":"Lokale parker","areaM2":6509.8,"areaHa":0.65,"designation":null,"dedicated":null,"builtYear":null,"renovatedYear":null,"planningAreaId":null,"planningAreaName":null,"centroid":[12.538473,55.689644],"bounds":[12.53691,55.68853,12.54031,55.69068],"amenities":{"playground":{"status":"not-observed","count":0,"nearestMeters":null,"coverage":"community-mapped-observations"},"toilet":{"status":"not-observed","count":0,"nearestMeters":null,"coverage":"community-mapped-observations"},"drinkingFountain":{"status":"not-observed","count":0,"nearestMeters":null,"coverage":"community-mapped-observations"},"dogRun":{"status":"observed-nearby","count":1,"nearestMeters":0,"coverage":"community-mapped-observations"}},"sourceId":"parks"}},{"type":"Feature","id":"copenhagen:1217","geometry":{"type":"Polygon","coordinates":[[[12.52116317,55.64140944],[12.52228908,55.63745432],[12.52235844,55.63729238],[12.52259602,55.63700289],[12.52548974,55.63731319],[12.52611541,55.63708522],[12.52650055,55.63701285],[12.52686651,55.63735209],[12.52687832,55.63742989],[12.52703326,55.63748417],[12.52606819,55.64287407],[12.52612722,55.64312195],[12.52663189,55.64310747],[12.52657286,55.64327212],[12.52652121,55.64335444],[12.52625117,55.64343496],[12.52612574,55.6434232],[12.52607114,55.6435028],[12.52618919,55.64352452],[12.52615673,55.64355889],[12.52498802,55.64406369],[12.52383555,55.64468609],[12.52317447,55.64512936],[12.52311839,55.64526144],[12.52313462,55.64541885],[12.52301952,55.64545594],[12.52294574,55.64521893],[12.52299001,55.64500814],[12.52282179,55.64503709],[12.52226252,55.64411525],[12.52276424,55.64271214],[12.52269636,55.64218744],[12.52248092,55.64186629],[12.52224629,55.64169531],[12.52172834,55.6415171],[12.52116317,55.64140944]],[[12.52262553,55.64370364],[12.52357879,55.64389723],[12.52466338,55.64411887],[12.52580405,55.64358603],[12.52597375,55.64341686],[12.52601212,55.6431916],[12.52469585,55.64281346],[12.52495999,55.64230957],[12.52387982,55.64156233],[12.52358322,55.64153157],[12.52262553,55.64370364]]]},"properties":{"id":"copenhagen:1217","name":"Valbyparken","nameAddon":null,"objectNumber":"1217","district":"Vesterbro","locality":null,"type":"Regionale parker","areaM2":192404.8,"areaHa":19.24,"designation":null,"dedicated":null,"builtYear":null,"renovatedYear":null,"planningAreaId":null,"planningAreaName":null,"centroid":[12.524203,55.640159],"bounds":[12.52116,55.637,12.52703,55.64546],"amenities":{"playground":{"status":"observed-nearby","count":2,"nearestMeters":35,"coverage":"community-mapped-observations"},"toilet":{"status":"observed-nearby","count":1,"nearestMeters":0,"coverage":"community-mapped-observations"},"drinkingFountain":{"status":"not-observed","count":0,"nearestMeters":null,"coverage":"community-mapped-observations"},"dogRun":{"status":"observed-nearby","count":1,"nearestMeters":0,"coverage":"community-mapped-observations"}},"sourceId":"parks"}},{"type":"Feature","id":"copenhagen:1218","geometry":{"type":"Polygon","coordinates":[[[12.50443977,55.64224986],[12.50612348,55.6419269],[12.50939201,55.64188981],[12.51002359,55.6418102],[12.51057547,55.64163561],[12.51680857,55.63670979],[12.51129854,55.63532025],[12.51077321,55.63516646],[12.5105799,55.63505157],[12.50916624,55.6346698],[12.50858484,55.63509861],[12.50730399,55.63617333],[12.5072125,55.63614167],[12.50712543,55.63615886],[12.50667389,55.63603763],[12.50666356,55.63600416],[12.50643336,55.63602135],[12.50655879,55.63595079],[12.50685392,55.63596888],[12.50708559,55.63590827],[12.50884455,55.63451601],[12.50921936,55.63445631],[12.52003874,55.63733581],[12.52228908,55.63745432],[12.52116317,55.64140944],[12.52172834,55.6415171],[12.52224629,55.64169531],[12.52248092,55.64186629],[12.52269636,55.64218744],[12.52276424,55.64271214],[12.52226252,55.64411525],[12.52282179,55.64503709],[12.52299001,55.64500814],[12.52294574,55.64518274],[12.52301952,55.64545594],[12.52298558,55.64550118],[12.52296935,55.64561969],[12.5229059,55.6456622],[12.52273915,55.64563959],[12.52261963,55.64566673],[12.51114212,55.64472408],[12.51105358,55.64427628],[12.51069352,55.64381762],[12.51009589,55.64344581],[12.50932266,55.64319975],[12.508666,55.6424706],[12.50840038,55.64233219],[12.50735268,55.64221187],[12.50614118,55.64225439],[12.50506249,55.64244798],[12.50483082,55.64254659],[12.50465817,55.64269314],[12.50443977,55.64224986]],[[12.50990258,55.64262168],[12.51002063,55.64275828],[12.51070976,55.64315451],[12.51176484,55.64415687],[12.51336886,55.64429799],[12.51407864,55.64158676],[12.51244658,55.64145377],[12.51104178,55.64204179],[12.51006195,55.64236928],[12.50993062,55.64247512],[12.50990258,55.64262168]],[[12.51265907,55.6405066],[12.51275204,55.64056993],[12.51341165,55.64056269],[12.51490057,55.64067668],[12.51527538,55.64061697],[12.51551148,55.64050118],[12.51632013,55.63990139],[12.51702549,55.63959472],[12.51705057,55.63945992],[12.5168912,55.63935951],[12.51728077,55.63889995],[12.5153226,55.63836892],[12.51265907,55.6405066]],[[12.51647655,55.64034196],[12.51658279,55.64054822],[12.516782,55.64070744],[12.51719666,55.64086394],[12.51760836,55.64090917],[12.51785774,55.64088837],[12.51828568,55.64077257],[12.51866197,55.64046861],[12.51870033,55.64034648],[12.51867672,55.64015379],[12.51846128,55.63988963],[12.51811303,55.63971684],[12.51763345,55.63964538],[12.51706533,55.63971865],[12.51668756,55.63990139],[12.5164854,55.64016012],[12.51647655,55.64034196]]]},"properties":{"id":"copenhagen:1218","name":"Valbyparken","nameAddon":null,"objectNumber":"1218","district":"Valby","locality":null,"type":"Regionale parker","areaM2":500783,"areaHa":50.08,"designation":null,"dedicated":null,"builtYear":null,"renovatedYear":null,"planningAreaId":null,"planningAreaName":null,"centroid":[12.517086,55.641466],"bounds":[12.50444,55.63446,12.52302,55.64567],"amenities":{"playground":{"status":"observed-nearby","count":3,"nearestMeters":0,"coverage":"community-mapped-observations"},"toilet":{"status":"observed-nearby","count":4,"nearestMeters":0,"coverage":"community-mapped-observations"},"drinkingFountain":{"status":"not-observed","count":0,"nearestMeters":null,"coverage":"community-mapped-observations"},"dogRun":{"status":"observed-nearby","count":1,"nearestMeters":0,"coverage":"community-mapped-observations"}},"sourceId":"parks"}},{"type":"Feature","id":"copenhagen:123","geometry":{"type":"Polygon","coordinates":[[[12.52447008,55.70196761],[12.52506328,55.70146463],[12.52559451,55.70166365],[12.52497032,55.70215307],[12.52447008,55.70196761]]]},"properties":{"id":"copenhagen:123","name":"Rørsangervej","nameAddon":null,"objectNumber":"123","district":"Bispebjerg","locality":null,"type":"Andet grønt område","areaM2":2612.6,"areaHa":0.26,"designation":null,"dedicated":null,"builtYear":null,"renovatedYear":null,"planningAreaId":null,"planningAreaName":null,"centroid":[12.525028,55.70181],"bounds":[12.52447,55.70146,12.52559,55.70215],"amenities":{"playground":{"status":"observed-nearby","count":2,"nearestMeters":0,"coverage":"community-mapped-observations"},"toilet":{"status":"not-observed","count":0,"nearestMeters":null,"coverage":"community-mapped-observations"},"drinkingFountain":{"status":"not-observed","count":0,"nearestMeters":null,"coverage":"community-mapped-observations"},"dogRun":{"status":"not-observed","count":0,"nearestMeters":null,"coverage":"community-mapped-observations"}},"sourceId":"parks"}},{"type":"Feature","id":"copenhagen:124","geometry":{"type":"MultiPolygon","coordinates":[[[[12.49416196,55.69364212],[12.49459284,55.69323322],[12.49511374,55.69336258],[12.49526278,55.69348381],[12.49453825,55.69363126],[12.49416196,55.69364212]]],[[[12.49527164,55.6934639],[12.49533509,55.69338972],[12.49545904,55.69344491],[12.49528639,55.69347928],[12.49527164,55.6934639]]],[[[12.49551659,55.69343405],[12.49573646,55.69326398],[12.49570843,55.69339967],[12.49567744,55.69341143],[12.49551659,55.69343405]]]]},"properties":{"id":"copenhagen:124","name":"Sallingvej","nameAddon":null,"objectNumber":"124","district":"Vanløse","locality":null,"type":"Andet grønt område","areaM2":1821.3,"areaHa":0.18,"designation":null,"dedicated":null,"builtYear":null,"renovatedYear":null,"planningAreaId":null,"planningAreaName":null,"centroid":[12.494769,55.693453],"bounds":[12.49416,55.69323,12.49574,55.69364],"amenities":{"playground":{"status":"not-observed","count":0,"nearestMeters":null,"coverage":"community-mapped-observations"},"toilet":{"status":"not-observed","count":0,"nearestMeters":null,"coverage":"community-mapped-observations"},"drinkingFountain":{"status":"not-observed","count":0,"nearestMeters":null,"coverage":"community-mapped-observations"},"dogRun":{"status":"not-observed","count":0,"nearestMeters":null,"coverage":"community-mapped-observations"}},"sourceId":"parks"}},{"type":"Feature","id":"copenhagen:125","geometry":{"type":"Polygon","coordinates":[[[12.49550036,55.69238194],[12.49595191,55.69195857],[12.49643001,55.6921205],[12.49597847,55.69254388],[12.49550036,55.69238194]]]},"properties":{"id":"copenhagen:125","name":"Skibelundsvej","nameAddon":null,"objectNumber":"125","district":"Vanløse","locality":null,"type":"Andet grønt område","areaM2":1923.2,"areaHa":0.19,"designation":null,"dedicated":null,"builtYear":null,"renovatedYear":null,"planningAreaId":null,"planningAreaName":null,"centroid":[12.495965,55.692251],"bounds":[12.4955,55.69196,12.49643,55.69254],"amenities":{"playground":{"status":"observed-nearby","count":1,"nearestMeters":0,"coverage":"community-mapped-observations"},"toilet":{"status":"not-observed","count":0,"nearestMeters":null,"coverage":"community-mapped-observations"},"drinkingFountain":{"status":"not-observed","count":0,"nearestMeters":null,"coverage":"community-mapped-observations"},"dogRun":{"status":"not-observed","count":0,"nearestMeters":null,"coverage":"community-mapped-observations"}},"sourceId":"parks"}},{"type":"Feature","id":"copenhagen:1259","geometry":{"type":"Polygon","coordinates":[[[12.56233051,55.72083771],[12.56236887,55.72081418],[12.56350216,55.72182106],[12.56339297,55.72189253],[12.56233051,55.72083771]]]},"properties":{"id":"copenhagen:1259","name":"Ryvangens Naturpark","nameAddon":null,"objectNumber":"1259","district":"Bispebjerg","locality":null,"type":"Naturområder","areaM2":951.1,"areaHa":0.1,"designation":null,"dedicated":null,"builtYear":null,"renovatedYear":null,"planningAreaId":null,"planningAreaName":null,"centroid":[12.562988,55.721426],"bounds":[12.56233,55.72081,12.5635,55.72189],"amenities":{"playground":{"status":"not-observed","count":0,"nearestMeters":null,"coverage":"community-mapped-observations"},"toilet":{"status":"not-observed","count":0,"nearestMeters":null,"coverage":"community-mapped-observations"},"drinkingFountain":{"status":"not-observed","count":0,"nearestMeters":null,"coverage":"community-mapped-observations"},"dogRun":{"status":"not-observed","count":0,"nearestMeters":null,"coverage":"community-mapped-observations"}},"sourceId":"parks"}},{"type":"Feature","id":"copenhagen:1260","geometry":{"type":"Polygon","coordinates":[[[12.56223164,55.72069296],[12.56328672,55.72021983],[12.56376925,55.72058712],[12.56526407,55.71997196],[12.56726504,55.72191333],[12.56783168,55.72275647],[12.5680973,55.72331645],[12.56803532,55.72486883],[12.56827585,55.72485345],[12.56822715,55.7252533],[12.56705697,55.72528044],[12.56664084,55.72485526],[12.56609191,55.72489506],[12.56594877,55.72415325],[12.5656743,55.72415868],[12.56555773,55.72315813],[12.56582777,55.72307129],[12.56543672,55.72289578],[12.5654987,55.72284965],[12.56506486,55.72265696],[12.56493353,55.72268048],[12.56473875,55.72264067],[12.56431081,55.72267415],[12.56431081,55.72255021],[12.56440673,55.72253664],[12.56402897,55.72233128],[12.56372351,55.72209607],[12.56378401,55.72205808],[12.56371761,55.72193414],[12.56391977,55.72189615],[12.56401126,55.72182739],[12.56405995,55.72169441],[12.56402601,55.72162113],[12.56387402,55.7215569],[12.56368809,55.7215759],[12.56350216,55.72182106],[12.56223164,55.72069296]]]},"properties":{"id":"copenhagen:1260","name":"Ryvangens Naturpark","nameAddon":null,"objectNumber":"1260","district":"Østerbro","locality":null,"type":"Naturområder","areaM2":97465.9,"areaHa":9.75,"designation":null,"dedicated":null,"builtYear":null,"renovatedYear":null,"planningAreaId":null,"planningAreaName":null,"centroid":[12.56581,55.722441],"bounds":[12.56223,55.71997,12.56828,55.72528],"amenities":{"playground":{"status":"not-observed","count":0,"nearestMeters":null,"coverage":"community-mapped-observations"},"toilet":{"status":"not-observed","count":0,"nearestMeters":null,"coverage":"community-mapped-observations"},"drinkingFountain":{"status":"not-observed","count":0,"nearestMeters":null,"coverage":"community-mapped-observations"},"dogRun":{"status":"not-observed","count":0,"nearestMeters":null,"coverage":"community-mapped-observations"}},"sourceId":"parks"}},{"type":"Feature","id":"copenhagen:127","geometry":{"type":"Polygon","coordinates":[[[12.48181235,55.68686539],[12.48216798,55.68617785],[12.48246015,55.6862068],[12.48250442,55.68624118],[12.48227275,55.68692329],[12.48181235,55.68686539]]]},"properties":{"id":"copenhagen:127","name":"Ålekistevej, Lønstrupvej og Klitmøllevej","nameAddon":null,"objectNumber":"127","district":"Vanløse","locality":null,"type":"Andet grønt område","areaM2":2087.1,"areaHa":0.21,"designation":null,"dedicated":null,"builtYear":null,"renovatedYear":null,"planningAreaId":null,"planningAreaName":null,"centroid":[12.482184,55.686563],"bounds":[12.48181,55.68618,12.4825,55.68692],"amenities":{"playground":{"status":"not-observed","count":0,"nearestMeters":null,"coverage":"community-mapped-observations"},"toilet":{"status":"not-observed","count":0,"nearestMeters":null,"coverage":"community-mapped-observations"},"drinkingFountain":{"status":"not-observed","count":0,"nearestMeters":null,"coverage":"community-mapped-observations"},"dogRun":{"status":"not-observed","count":0,"nearestMeters":null,"coverage":"community-mapped-observations"}},"sourceId":"parks"}},{"type":"Feature","id":"copenhagen:1275","geometry":{"type":"Polygon","coordinates":[[[12.59058011,55.6913814],[12.5906657,55.6913036],[12.59196869,55.69071467],[12.59239514,55.69072824],[12.59256779,55.69061788],[12.59266076,55.69047494],[12.5929795,55.69021169],[12.59274044,55.68995386],[12.59304885,55.68909354],[12.59312411,55.68901755],[12.59325101,55.68899855],[12.59469271,55.68954496],[12.59477682,55.68978741],[12.59539512,55.68990682],[12.5958319,55.6899421],[12.59612556,55.68975032],[12.59774285,55.68968066],[12.59788452,55.68972589],[12.59791846,55.68983445],[12.5973946,55.69082052],[12.59730016,55.69087932],[12.59691797,55.69097702],[12.59688846,55.69153881],[12.59691207,55.69180478],[12.59735919,55.69195585],[12.59782844,55.69289578],[12.59785353,55.69308576],[12.59769121,55.69311471],[12.59597947,55.69302605],[12.59576845,55.69288674],[12.59564745,55.69286322],[12.5952387,55.69290483],[12.59472518,55.69298987],[12.5946632,55.69303148],[12.59459827,55.69324769],[12.59312854,55.69380224],[12.59297212,55.6937154],[12.59268142,55.69281889],[12.59290276,55.69263163],[12.5928762,55.69253121],[12.59238777,55.69208612],[12.59195245,55.6920816],[12.59066717,55.69149991],[12.59058011,55.6913814]],[[12.59263125,55.69160575],[12.59335283,55.69161932],[12.59335431,55.6916528],[12.59298245,55.69170527],[12.59298097,55.69182016],[12.59328643,55.69213588],[12.59327905,55.69222453],[12.59337054,55.69222272],[12.59350925,55.69233852],[12.59360369,55.69235661],[12.5935063,55.69238828],[12.59364796,55.69251402],[12.59370846,55.69249322],[12.59384274,55.69260811],[12.59395932,55.69264701],[12.59511917,55.69247603],[12.59507638,55.69225982],[12.59527854,55.69226072],[12.59529035,55.6918292],[12.59539807,55.69182649],[12.59539954,55.691556],[12.59594848,55.69154062],[12.59600898,55.69068301],[12.5961226,55.6904469],[12.59533166,55.69033743],[12.59534494,55.69023069],[12.59509409,55.69016917],[12.59493029,55.69016826],[12.59483732,55.69026506],[12.59408032,55.69015289],[12.59398441,55.69017279],[12.59335578,55.69065316],[12.59329381,55.69064863],[12.59326282,55.69067758],[12.59332332,55.69072372],[12.59306213,55.69095169],[12.59308722,55.69106477],[12.59342809,55.69112267],[12.59343252,55.69116338],[12.59266223,55.69116248],[12.59263125,55.69160575]]]},"properties":{"id":"copenhagen:1275","name":"Kastellet","nameAddon":null,"objectNumber":"1275","district":"Indre by","locality":null,"type":"Regionale parker","areaM2":94122.2,"areaHa":9.41,"designation":null,"dedicated":null,"builtYear":null,"renovatedYear":null,"planningAreaId":null,"planningAreaName":null,"centroid":[12.594693,55.691424],"bounds":[12.59058,55.689,12.59792,55.6938],"amenities":{"playground":{"status":"observed-nearby","count":1,"nearestMeters":69,"coverage":"community-mapped-observations"},"toilet":{"status":"observed-nearby","count":1,"nearestMeters":1,"coverage":"community-mapped-observations"},"drinkingFountain":{"status":"observed-nearby","count":3,"nearestMeters":0,"coverage":"community-mapped-observations"},"dogRun":{"status":"not-observed","count":0,"nearestMeters":null,"coverage":"community-mapped-observations"}},"sourceId":"parks"}},{"type":"Feature","id":"copenhagen:1286","geometry":{"type":"MultiPolygon","coordinates":[[[[12.59668925,55.68796906],[12.59732082,55.68779175],[12.59736214,55.68781889],[12.59727065,55.68806134],[12.59668925,55.68796906]]],[[[12.59738723,55.68807491],[12.59740051,55.68803781],[12.59771334,55.6880731],[12.59784467,55.68803691],[12.59788156,55.68792654],[12.59771629,55.68785688],[12.59755692,55.68789307],[12.5974979,55.68799258],[12.59742412,55.68798354],[12.59748609,55.68782251],[12.5975525,55.68779808],[12.59790222,55.68781889],[12.59797305,55.68777908],[12.59795535,55.68767234],[12.59815751,55.68762258],[12.59845559,55.68795549],[12.59858839,55.68792021],[12.59873448,55.68809843],[12.5982549,55.68803962],[12.59825047,55.688074],[12.59813242,55.68805953],[12.59810143,55.68815813],[12.59738723,55.68807491]]],[[[12.59777679,55.68774652],[12.59785058,55.68770852],[12.59791993,55.68775014],[12.59784172,55.68778994],[12.59777679,55.68774652]]]]},"properties":{"id":"copenhagen:1286","name":"Nordre Toldbod","nameAddon":null,"objectNumber":"1286","district":"Indre by","locality":null,"type":"Andet grønt område","areaM2":2765.8,"areaHa":0.28,"designation":null,"dedicated":null,"builtYear":null,"renovatedYear":null,"planningAreaId":null,"planningAreaName":null,"centroid":[12.59785,55.687927],"bounds":[12.59669,55.68762,12.59873,55.68816],"amenities":{"playground":{"status":"not-observed","count":0,"nearestMeters":null,"coverage":"community-mapped-observations"},"toilet":{"status":"not-observed","count":0,"nearestMeters":null,"coverage":"community-mapped-observations"},"drinkingFountain":{"status":"not-observed","count":0,"nearestMeters":null,"coverage":"community-mapped-observations"},"dogRun":{"status":"not-observed","count":0,"nearestMeters":null,"coverage":"community-mapped-observations"}},"sourceId":"parks"}},{"type":"Feature","id":"copenhagen:13","geometry":{"type":"MultiPolygon","coordinates":[[[[12.58897757,55.68214945],[12.59011824,55.68185001],[12.59020235,55.68195495],[12.58907053,55.68226162],[12.58897757,55.68214945]]],[[[12.59052108,55.68174055],[12.59101247,55.68160847],[12.59110396,55.68171341],[12.59060962,55.68184639],[12.59052108,55.68174055]]],[[[12.59139614,55.68150443],[12.59242613,55.6812258],[12.59252205,55.68134069],[12.59148468,55.68161209],[12.59139614,55.68150443]]]]},"properties":{"id":"copenhagen:13","name":"Sankt Annæ Plads","nameAddon":null,"objectNumber":"13","district":"Indre by","locality":null,"type":"Lokale parker","areaM2":2960.9,"areaHa":0.3,"designation":null,"dedicated":null,"builtYear":null,"renovatedYear":null,"planningAreaId":null,"planningAreaName":null,"centroid":[12.590748,55.681744],"bounds":[12.58898,55.68123,12.59252,55.68226],"amenities":{"playground":{"status":"observed-nearby","count":1,"nearestMeters":0,"coverage":"community-mapped-observations"},"toilet":{"status":"not-observed","count":0,"nearestMeters":null,"coverage":"community-mapped-observations"},"drinkingFountain":{"status":"not-observed","count":0,"nearestMeters":null,"coverage":"community-mapped-observations"},"dogRun":{"status":"not-observed","count":0,"nearestMeters":null,"coverage":"community-mapped-observations"}},"sourceId":"parks"}},{"type":"Feature","id":"copenhagen:130","geometry":{"type":"Polygon","coordinates":[[[12.55209991,55.67043695],[12.55215599,55.66994934],[12.55327009,55.66997467],[12.55318008,55.67038086],[12.55317122,55.67043966],[12.55209991,55.67043695]]]},"properties":{"id":"copenhagen:130","name":"Otto Krabbes Plads","nameAddon":null,"objectNumber":"130","district":"Vesterbro","locality":null,"type":"Lokale parker","areaM2":3594.8,"areaHa":0.36,"designation":null,"dedicated":null,"builtYear":null,"renovatedYear":null,"planningAreaId":null,"planningAreaName":null,"centroid":[12.552669,55.670198],"bounds":[12.5521,55.66995,12.55327,55.67044],"amenities":{"playground":{"status":"observed-nearby","count":3,"nearestMeters":1,"coverage":"community-mapped-observations"},"toilet":{"status":"observed-nearby","count":2,"nearestMeters":43,"coverage":"community-mapped-observations"},"drinkingFountain":{"status":"observed-nearby","count":1,"nearestMeters":61,"coverage":"community-mapped-observations"},"dogRun":{"status":"observed-nearby","count":3,"nearestMeters":0,"coverage":"community-mapped-observations"}},"sourceId":"parks"}},{"type":"Feature","id":"copenhagen:1302","geometry":{"type":"Polygon","coordinates":[[[12.5939062,55.69494301],[12.59428248,55.69490411],[12.59473551,55.6947666],[12.59511179,55.69460467],[12.59555006,55.69432242],[12.59575812,55.69411254],[12.59589388,55.69388547],[12.595947,55.69341686],[12.59631296,55.69341867],[12.59635871,55.69354713],[12.59664498,55.69390899],[12.59715703,55.69425547],[12.5986607,55.69479374],[12.59886139,55.69496743],[12.59873743,55.69499729],[12.59833901,55.69483988],[12.59846001,55.69475484],[12.59741084,55.69439208],[12.59735181,55.6944364],[12.5972795,55.69442555],[12.59696372,55.6942609],[12.59648856,55.69383391],[12.59632329,55.69382938],[12.59618015,55.69386647],[12.59615507,55.69393161],[12.59593225,55.69396689],[12.5959898,55.69417586],[12.59586584,55.694222],[12.5944448,55.6952343],[12.59452449,55.69537362],[12.59424412,55.69533201],[12.5939062,55.69494301]]]},"properties":{"id":"copenhagen:1302","name":"Langelinieanlægget","nameAddon":null,"objectNumber":"1302","district":"Østerbro","locality":null,"type":"Regionale parker","areaM2":6252.1,"areaHa":0.63,"designation":null,"dedicated":null,"builtYear":null,"renovatedYear":null,"planningAreaId":null,"planningAreaName":null,"centroid":[12.595784,55.694436],"bounds":[12.59391,55.69342,12.59886,55.69537],"amenities":{"playground":{"status":"not-observed","count":0,"nearestMeters":null,"coverage":"community-mapped-observations"},"toilet":{"status":"observed-nearby","count":1,"nearestMeters":13,"coverage":"community-mapped-observations"},"drinkingFountain":{"status":"not-observed","count":0,"nearestMeters":null,"coverage":"community-mapped-observations"},"dogRun":{"status":"not-observed","count":0,"nearestMeters":null,"coverage":"community-mapped-observations"}},"sourceId":"parks"}},{"type":"Feature","id":"copenhagen:1308","geometry":{"type":"Polygon","coordinates":[[[12.60319091,55.67570834],[12.60327502,55.67545594],[12.60433895,55.67518183],[12.60637386,55.67653157],[12.60667784,55.67695133],[12.60503546,55.67737471],[12.60395676,55.67605663],[12.60363065,55.67584947],[12.60319091,55.67570834]]]},"properties":{"id":"copenhagen:1308","name":"Arsenaløen","nameAddon":null,"objectNumber":"1308","district":"Indre by","locality":null,"type":"Naturområder","areaM2":23696.9,"areaHa":2.37,"designation":null,"dedicated":null,"builtYear":null,"renovatedYear":null,"planningAreaId":null,"planningAreaName":null,"centroid":[12.604955,55.676286],"bounds":[12.60319,55.67518,12.60668,55.67737],"amenities":{"playground":{"status":"observed-nearby","count":1,"nearestMeters":26,"coverage":"community-mapped-observations"},"toilet":{"status":"not-observed","count":0,"nearestMeters":null,"coverage":"community-mapped-observations"},"drinkingFountain":{"status":"observed-nearby","count":1,"nearestMeters":43,"coverage":"community-mapped-observations"},"dogRun":{"status":"not-observed","count":0,"nearestMeters":null,"coverage":"community-mapped-observations"}},"sourceId":"parks"}},{"type":"Feature","id":"copenhagen:132","geometry":{"type":"Polygon","coordinates":[[[12.57368111,55.7114601],[12.573718,55.71135969],[12.57526299,55.71160394],[12.57521282,55.7116935],[12.57368111,55.7114601]]]},"properties":{"id":"copenhagen:132","name":"Musholmgade","nameAddon":null,"objectNumber":"132","district":"Østerbro","locality":null,"type":"Andet grønt område","areaM2":1061.8,"areaHa":0.11,"designation":null,"dedicated":null,"builtYear":null,"renovatedYear":null,"planningAreaId":null,"planningAreaName":null,"centroid":[12.574458,55.711528],"bounds":[12.57368,55.71136,12.57526,55.71169],"amenities":{"playground":{"status":"observed-nearby","count":1,"nearestMeters":0,"coverage":"community-mapped-observations"},"toilet":{"status":"not-observed","count":0,"nearestMeters":null,"coverage":"community-mapped-observations"},"drinkingFountain":{"status":"observed-nearby","count":1,"nearestMeters":0,"coverage":"community-mapped-observations"},"dogRun":{"status":"not-observed","count":0,"nearestMeters":null,"coverage":"community-mapped-observations"}},"sourceId":"parks"}},{"type":"Feature","id":"copenhagen:135","geometry":{"type":"MultiPolygon","coordinates":[[[[12.47443269,55.69636783],[12.47459501,55.69574995],[12.47558221,55.69582595],[12.47537414,55.69643387],[12.47443269,55.69636783]]],[[[12.47558811,55.69645106],[12.47562205,55.69624751],[12.47589652,55.69624842],[12.47590537,55.69645558],[12.47558811,55.69645106]]]]},"properties":{"id":"copenhagen:135","name":"Nørager Plads","nameAddon":null,"objectNumber":"135","district":"Vanløse","locality":null,"type":"Andet grønt område","areaM2":4931.3,"areaHa":0.49,"designation":null,"dedicated":null,"builtYear":null,"renovatedYear":null,"planningAreaId":null,"planningAreaName":null,"centroid":[12.475065,55.696116],"bounds":[12.47443,55.69575,12.47591,55.69646],"amenities":{"playground":{"status":"observed-nearby","count":1,"nearestMeters":0,"coverage":"community-mapped-observations"},"toilet":{"status":"not-observed","count":0,"nearestMeters":null,"coverage":"community-mapped-observations"},"drinkingFountain":{"status":"not-observed","count":0,"nearestMeters":null,"coverage":"community-mapped-observations"},"dogRun":{"status":"not-observed","count":0,"nearestMeters":null,"coverage":"community-mapped-observations"}},"sourceId":"parks"}},{"type":"Feature","id":"copenhagen:1371","geometry":{"type":"MultiPolygon","coordinates":[[[[12.55542305,55.67420662],[12.55556914,55.67390085],[12.55732072,55.67418762],[12.55767192,55.67428352],[12.55764683,55.67432242],[12.55724989,55.67428985],[12.55564734,55.67400398],[12.55552192,55.67421115],[12.55570932,55.67491496],[12.55574769,55.67491315],[12.5564678,55.6777827],[12.5565829,55.67781437],[12.55923314,55.67757282],[12.55848647,55.67478107],[12.55857648,55.67472589],[12.55865912,55.67473494],[12.55950023,55.6776072],[12.55947515,55.67767143],[12.55638369,55.67795821],[12.55575654,55.67542247],[12.55566948,55.67535734],[12.5557226,55.67528316],[12.55542305,55.67420662]]],[[[12.55639107,55.6782296],[12.55946629,55.67795821],[12.55947515,55.67798534],[12.55952384,55.67798082],[12.56026019,55.68067306],[12.56026314,55.68082685],[12.55795377,55.68170979],[12.5573945,55.68169622],[12.55652535,55.6783852],[12.55643533,55.67837525],[12.55639107,55.6782296]],[[12.55661389,55.67833544],[12.55743287,55.68147006],[12.55745057,55.68152343],[12.55763503,55.68156324],[12.55794196,55.681537],[12.55848795,55.68141578],[12.55925233,55.68116157],[12.55998572,55.68083228],[12.56008901,55.68068934],[12.55940284,55.6780939],[12.55802755,55.67821151],[12.55661389,55.67833544]]],[[[12.55785933,55.68232947],[12.558091,55.68216845],[12.55873733,55.68191876],[12.55902655,55.68217749],[12.55917559,55.68219378],[12.55975109,55.68195314],[12.55943678,55.68164827],[12.56016427,55.68136874],[12.56027937,55.68137054],[12.56057007,55.68151619],[12.56167385,55.68251674],[12.56499256,55.68603582],[12.56500436,55.68607472],[12.56418243,55.68648001],[12.56256218,55.6870825],[12.56222574,55.68679302],[12.56255038,55.6868283],[12.56279828,55.68695043],[12.5644451,55.68630993],[12.56447903,55.68628822],[12.56437574,55.686167],[12.56434623,55.68600145],[12.56452035,55.68576624],[12.5605745,55.68156595],[12.55978503,55.68186991],[12.5598293,55.68194319],[12.55975847,55.68202189],[12.55921248,55.68223087],[12.55906935,55.68223991],[12.55895277,55.68218835],[12.55808657,55.68252126],[12.55785933,55.68232947]]],[[[12.56273188,55.68722634],[12.56469595,55.68645287],[12.5651593,55.68629727],[12.5652567,55.68632079],[12.56578793,55.68682649],[12.56612437,55.68702008],[12.56865066,55.68892528],[12.57066048,55.69024426],[12.57093052,55.69053103],[12.57097774,55.69061878],[12.57090691,55.69082052],[12.57068557,55.69102949],[12.5704111,55.69122761],[12.5692601,55.69185725],[12.56857098,55.69141035],[12.56926305,55.69171341],[12.5704834,55.69101954],[12.57080362,55.69071105],[12.57079919,55.69057717],[12.57039782,55.69027773],[12.57042143,55.69023973],[12.56865952,55.68909625],[12.56541606,55.68668446],[12.56507519,55.6866537],[12.5647417,55.68650262],[12.56469153,55.68651077],[12.56308603,55.6871395],[12.56316867,55.68736656],[12.56309489,55.68753392],[12.56273188,55.68722634]]],[[[12.5696054,55.6920816],[12.57070918,55.69151529],[12.57144552,55.69131265],[12.57195461,55.69121947],[12.5728577,55.69163018],[12.57479964,55.69283608],[12.5749959,55.69300344],[12.57597278,55.69419396],[12.57615575,55.69433418],[12.57889159,55.69565316],[12.57971204,55.69610367],[12.57865253,55.697704],[12.57848579,55.69762529],[12.57951726,55.69610186],[12.57589014,55.69436584],[12.57475537,55.69297087],[12.57343615,55.69214945],[12.57233828,55.69147006],[12.5722586,55.69148182],[12.57189411,55.69127284],[12.57087297,55.69154333],[12.56981494,55.69204994],[12.5702532,55.69246969],[12.57022812,55.69252578],[12.5696054,55.6920816]]]]},"properties":{"id":"copenhagen:1371","name":"Søerne","nameAddon":null,"objectNumber":"1371","district":"Indre by","locality":null,"type":"Regionale parker","areaM2":58708.4,"areaHa":5.87,"designation":null,"dedicated":null,"builtYear":null,"renovatedYear":null,"planningAreaId":null,"planningAreaName":null,"centroid":[12.564534,55.684756],"bounds":[12.55542,55.6739,12.57971,55.6977],"amenities":{"playground":{"status":"not-observed","count":0,"nearestMeters":null,"coverage":"community-mapped-observations"},"toilet":{"status":"observed-nearby","count":2,"nearestMeters":11,"coverage":"community-mapped-observations"},"drinkingFountain":{"status":"observed-nearby","count":3,"nearestMeters":4,"coverage":"community-mapped-observations"},"dogRun":{"status":"not-observed","count":0,"nearestMeters":null,"coverage":"community-mapped-observations"}},"sourceId":"parks"}},{"type":"Feature","id":"copenhagen:1372","geometry":{"type":"MultiPolygon","coordinates":[[[[12.58857029,55.69154243],[12.58859095,55.6914013],[12.58905578,55.69096617],[12.59295736,55.68779356],[12.59318166,55.68791026],[12.5932274,55.68780984],[12.59334398,55.68778904],[12.59513835,55.68799891],[12.5948934,55.68864664],[12.5950026,55.68880948],[12.5949052,55.68879862],[12.59470304,55.68865569],[12.59301491,55.6878985],[12.59294261,55.68789669],[12.59278914,55.68805048],[12.59284521,55.68811923],[12.59323773,55.68830288],[12.59325101,55.68842953],[12.59331594,55.68849014],[12.5944817,55.68891985],[12.59491111,55.68914692],[12.59503801,55.68913696],[12.59516639,55.68904559],[12.59570795,55.68882576],[12.59583338,55.68882576],[12.59619786,55.68941741],[12.5955412,55.68950063],[12.59543643,55.68948706],[12.59480634,55.68927447],[12.59338825,55.68868826],[12.59314034,55.68865479],[12.59280685,55.68872625],[12.59268142,55.68885109],[12.59225643,55.6899602],[12.59224168,55.69015922],[12.59214429,55.69031663],[12.5902776,55.69118147],[12.59014922,55.6913416],[12.5902053,55.69155147],[12.59038533,55.69168265],[12.59214576,55.69247331],[12.59255304,55.69390718],[12.59263272,55.69399765],[12.5928039,55.69405645],[12.59312263,55.69411435],[12.59341186,55.69406912],[12.59474141,55.69351637],[12.59543348,55.69328478],[12.59661104,55.69331826],[12.59764251,55.69344943],[12.59819883,55.69342591],[12.59851609,55.69327755],[12.59862971,55.69309028],[12.59842165,55.69183192],[12.59820178,55.69181473],[12.59791403,55.69166637],[12.59777237,55.69150805],[12.59774433,55.69138592],[12.59786533,55.69117333],[12.59834787,55.69090013],[12.59847625,55.69046409],[12.59843345,55.69022254],[12.59811767,55.68964809],[12.59815013,55.68954225],[12.59786828,55.68946354],[12.59770301,55.68951511],[12.59753479,55.68948435],[12.59735919,55.68926],[12.59735771,55.68930794],[12.59725885,55.68930432],[12.59728098,55.68917858],[12.59723228,55.68911616],[12.59742117,55.68902479],[12.59752446,55.68901755],[12.59824014,55.68906821],[12.598128,55.6893767],[12.59792731,55.68937036],[12.59792141,55.68940745],[12.59830802,55.68952325],[12.5985397,55.68941198],[12.59864742,55.68941017],[12.59927752,55.69016284],[12.59955936,55.69008232],[12.59946787,55.68970418],[12.59994598,55.68967071],[12.60005075,55.69015922],[12.59938671,55.69033291],[12.60002567,55.69109191],[12.5994664,55.69112991],[12.59914619,55.69125475],[12.59893812,55.69144111],[12.59873006,55.6918473],[12.59892632,55.69260449],[12.59899862,55.69269948],[12.59920964,55.69290845],[12.60032227,55.69347566],[12.60061592,55.69395875],[12.60059379,55.69401122],[12.60049492,55.69405464],[12.6003931,55.6940465],[12.60016142,55.69379229],[12.5997025,55.69343586],[12.59959773,55.69340691],[12.59812504,55.69367921],[12.59802175,55.6937543],[12.59803356,55.69426542],[12.59967446,55.69494572],[12.60014962,55.69486611],[12.60028685,55.69454587],[12.60035473,55.69453501],[12.60035621,55.69477203],[12.60020864,55.69503257],[12.60002271,55.69520083],[12.59996516,55.69535643],[12.59980284,55.69540981],[12.59965528,55.69544599],[12.59912405,55.69488782],[12.59902371,55.69492491],[12.59883188,55.69477293],[12.59861201,55.69467071],[12.59720277,55.69410168],[12.59699176,55.69393251],[12.59691207,55.69375611],[12.59692683,55.69363036],[12.59754659,55.69365298],[12.5976071,55.69369007],[12.59806159,55.69363669],[12.59905027,55.69343767],[12.59914766,55.69336349],[12.59909011,55.69321784],[12.59896173,55.69315361],[12.59884516,55.69314547],[12.59885549,55.69296635],[12.5986061,55.69180387],[12.5986061,55.69162475],[12.59871235,55.69162113],[12.59880531,55.69140583],[12.59870349,55.69118328],[12.59859872,55.69118419],[12.5986002,55.69103582],[12.59851019,55.69102859],[12.59843493,55.69108015],[12.59838771,55.69098697],[12.59815308,55.69105301],[12.59792436,55.69119776],[12.5978373,55.69135517],[12.59784467,55.69149448],[12.5979642,55.69163923],[12.59830655,55.69179935],[12.59839804,55.69181201],[12.59844378,55.69175954],[12.59848067,55.69178306],[12.59870202,55.69299801],[12.59861496,55.69325674],[12.59825638,55.6934621],[12.5979096,55.69350823],[12.59746986,55.69350823],[12.5965107,55.69342139],[12.59566516,55.69343676],[12.59541282,55.6935598],[12.59499964,55.69412973],[12.59488454,55.69420934],[12.59477977,55.69422743],[12.59462778,55.69418943],[12.59449793,55.69409806],[12.59445513,55.69395603],[12.5945422,55.69388095],[12.5954084,55.69347205],[12.59545267,55.69341867],[12.59542758,55.69333183],[12.59356385,55.69417134],[12.59320379,55.69425095],[12.59283488,55.69420572],[12.59028941,55.69259996],[12.59033958,55.69257192],[12.59193032,55.69355166],[12.59206165,55.69358694],[12.59209411,55.69355618],[12.59201886,55.69330197],[12.5920705,55.69320789],[12.59197459,55.69298534],[12.59105822,55.69292654],[12.59094902,55.69287317],[12.5909505,55.69279899],[12.59130317,55.69236566],[12.59127956,55.69232133],[12.59022596,55.69185544],[12.59002675,55.69171703],[12.58968587,55.69174778],[12.5888669,55.69140311],[12.58965931,55.69104758],[12.59004593,55.69104125],[12.59062733,55.69072915],[12.59133564,55.69045504],[12.59095492,55.68990139],[12.59104198,55.68985707],[12.59192442,55.6898245],[12.59203509,55.68978198],[12.5922284,55.68913787],[12.59242908,55.68870273],[12.59240252,55.68863669],[12.59226824,55.68856523],[12.5920587,55.68860413],[12.59184916,55.68880134],[12.59168389,55.6895323],[12.59158797,55.6895721],[12.59100362,55.68963271],[12.5908531,55.68969875],[12.59057568,55.68993487],[12.5907203,55.6902922],[12.59069521,55.69035734],[12.58972867,55.69074995],[12.58959143,55.69085851],[12.58922695,55.69096526],[12.58884771,55.69129184],[12.5887577,55.69143749],[12.58877836,55.691556],[12.58920924,55.69181111],[12.58908824,55.69187353],[12.58857029,55.69154243]]],[[[12.5931492,55.69443821],[12.59317428,55.69437308],[12.59348859,55.69432423],[12.59402425,55.69414149],[12.5942087,55.69411797],[12.59448317,55.69427538],[12.59448022,55.6944165],[12.59465435,55.69447621],[12.59385307,55.69471413],[12.59386783,55.69477384],[12.59450383,55.69461371],[12.59483142,55.69448073],[12.59511474,55.69430613],[12.59567991,55.69359236],[12.595947,55.69354261],[12.59589388,55.69388547],[12.59575812,55.69411254],[12.59537446,55.69445088],[12.59473551,55.6947666],[12.59428248,55.69490411],[12.5939062,55.69494301],[12.5931492,55.69443821]]],[[[12.59507343,55.68865479],[12.59528149,55.68812104],[12.59535822,55.68801158],[12.59561499,55.68804234],[12.59554415,55.68824136],[12.59607538,55.68833725],[12.59604144,55.68842591],[12.59639855,55.68847024],[12.59650332,55.68821241],[12.59715998,55.68899765],[12.59713784,55.68903564],[12.59679107,55.68900579],[12.59677041,55.68909535],[12.59654316,55.68907635],[12.59624656,55.68867921],[12.59595881,55.68855075],[12.59550431,55.68859508],[12.59532428,55.68870545],[12.59510294,55.68877872],[12.59507343,55.68865479]]],[[[12.59639117,55.69354623],[12.59672171,55.69359508],[12.59682206,55.69388638],[12.59713932,55.6941632],[12.59743887,55.69430704],[12.59842017,55.69466437],[12.59872563,55.6948254],[12.59746839,55.69438393],[12.59695929,55.69414872],[12.59664498,55.69390899],[12.59639117,55.69354623]]]]},"properties":{"id":"copenhagen:1372","name":"Langelinieanlægget","nameAddon":null,"objectNumber":"1372","district":"Indre by","locality":null,"type":"Regionale parker","areaM2":106448.2,"areaHa":10.64,"designation":null,"dedicated":null,"builtYear":null,"renovatedYear":null,"planningAreaId":null,"planningAreaName":null,"centroid":[12.594929,55.691309],"bounds":[12.58857,55.68779,12.60062,55.69545],"amenities":{"playground":{"status":"observed-nearby","count":2,"nearestMeters":0,"coverage":"community-mapped-observations"},"toilet":{"status":"observed-nearby","count":3,"nearestMeters":0,"coverage":"community-mapped-observations"},"drinkingFountain":{"status":"observed-nearby","count":2,"nearestMeters":0,"coverage":"community-mapped-observations"},"dogRun":{"status":"not-observed","count":0,"nearestMeters":null,"coverage":"community-mapped-observations"}},"sourceId":"parks"}},{"type":"Feature","id":"copenhagen:1377","geometry":{"type":"Polygon","coordinates":[[[12.56941062,55.69220192],[12.56946521,55.69215669],[12.5696054,55.6920816],[12.57022812,55.69252578],[12.57235746,55.69386286],[12.57338451,55.69508594],[12.57387589,55.69545685],[12.5786422,55.69769224],[12.57861859,55.69772571],[12.5785817,55.69777818],[12.57380801,55.6955256],[12.57331515,55.69516193],[12.57287689,55.69466799],[12.5727972,55.694649],[12.57250208,55.69429618],[12.57255077,55.694241],[12.57224236,55.6938909],[12.57179229,55.69360593],[12.57171999,55.69363398],[12.57170376,55.69356794],[12.57153996,55.69346662],[12.57151192,55.69349557],[12.57147356,55.69347747],[12.57150454,55.69341867],[12.57034765,55.69269314],[12.57020008,55.69261625],[12.57013958,55.69264067],[12.56984298,55.69247331],[12.56941062,55.69220192]]]},"properties":{"id":"copenhagen:1377","name":"Søerne","nameAddon":null,"objectNumber":"1377","district":"Østerbro","locality":null,"type":"Regionale parker","areaM2":8483.1,"areaHa":0.85,"designation":null,"dedicated":null,"builtYear":null,"renovatedYear":null,"planningAreaId":null,"planningAreaName":null,"centroid":[12.573747,55.694997],"bounds":[12.56941,55.69208,12.57864,55.69778],"amenities":{"playground":{"status":"not-observed","count":0,"nearestMeters":null,"coverage":"community-mapped-observations"},"toilet":{"status":"not-observed","count":0,"nearestMeters":null,"coverage":"community-mapped-observations"},"drinkingFountain":{"status":"observed-nearby","count":2,"nearestMeters":0,"coverage":"community-mapped-observations"},"dogRun":{"status":"not-observed","count":0,"nearestMeters":null,"coverage":"community-mapped-observations"}},"sourceId":"parks"}},{"type":"Feature","id":"copenhagen:1379","geometry":{"type":"MultiPolygon","coordinates":[[[[12.55778112,55.68237561],[12.55785933,55.68232947],[12.56172402,55.68631174],[12.56256218,55.6870825],[12.56243085,55.68709336],[12.56184797,55.6866139],[12.55778112,55.68237561]]],[[[12.56273188,55.68722634],[12.56647852,55.69008594],[12.56850015,55.69141849],[12.56857098,55.69141035],[12.5692601,55.69185725],[12.56908745,55.6919459],[12.56655673,55.69026325],[12.5649837,55.68908088],[12.56474317,55.68896779],[12.56474022,55.68888095],[12.56338854,55.68785146],[12.56273188,55.68727248],[12.56273188,55.68722634]]]]},"properties":{"id":"copenhagen:1379","name":"Søerne","nameAddon":null,"objectNumber":"1379","district":"Nørrebro","locality":null,"type":"Regionale parker","areaM2":9798,"areaHa":0.98,"designation":null,"dedicated":null,"builtYear":null,"renovatedYear":null,"planningAreaId":null,"planningAreaName":null,"centroid":[12.563503,55.687596],"bounds":[12.55778,55.68233,12.56926,55.69195],"amenities":{"playground":{"status":"observed-nearby","count":1,"nearestMeters":60,"coverage":"community-mapped-observations"},"toilet":{"status":"observed-nearby","count":1,"nearestMeters":8,"coverage":"community-mapped-observations"},"drinkingFountain":{"status":"observed-nearby","count":2,"nearestMeters":0,"coverage":"community-mapped-observations"},"dogRun":{"status":"not-observed","count":0,"nearestMeters":null,"coverage":"community-mapped-observations"}},"sourceId":"parks"}},{"type":"Feature","id":"copenhagen:138","geometry":{"type":"Polygon","coordinates":[[[12.49773005,55.66366836],[12.49895483,55.66364393],[12.49897401,55.66393704],[12.49774776,55.6639488],[12.49773005,55.66366836]]]},"properties":{"id":"copenhagen:138","name":"Carl Langes vej","nameAddon":null,"objectNumber":"138","district":"Valby","locality":null,"type":"Andet grønt område","areaM2":2491.7,"areaHa":0.25,"designation":null,"dedicated":null,"builtYear":null,"renovatedYear":null,"planningAreaId":null,"planningAreaName":null,"centroid":[12.498356,55.663799],"bounds":[12.49773,55.66364,12.49897,55.66395],"amenities":{"playground":{"status":"observed-nearby","count":1,"nearestMeters":0,"coverage":"community-mapped-observations"},"toilet":{"status":"not-observed","count":0,"nearestMeters":null,"coverage":"community-mapped-observations"},"drinkingFountain":{"status":"not-observed","count":0,"nearestMeters":null,"coverage":"community-mapped-observations"},"dogRun":{"status":"not-observed","count":0,"nearestMeters":null,"coverage":"community-mapped-observations"}},"sourceId":"parks"}},{"type":"Feature","id":"copenhagen:1395","geometry":{"type":"Polygon","coordinates":[[[12.56406438,55.68003076],[12.5641603,55.67985164],[12.56420752,55.67986973],[12.56566692,55.67930704],[12.56591483,55.67933146],[12.56906384,55.68178306],[12.5690181,55.68192238],[12.56793645,55.68234576],[12.56772396,55.68232224],[12.56760444,55.68238647],[12.56760296,55.68247603],[12.56648,55.68291478],[12.56623652,55.68287679],[12.56539098,55.68182739],[12.56406438,55.68003076]],[[12.56516078,55.67996653],[12.56524046,55.68013027],[12.56541459,55.68029944],[12.56533638,55.68049756],[12.56562561,55.68060612],[12.56567578,55.68066763],[12.56538212,55.68093541],[12.56531867,55.68114076],[12.56586466,55.68176316],[12.56629259,55.68198661],[12.56688285,55.68209879],[12.5672311,55.68212231],[12.56760444,55.68209607],[12.56794973,55.68201013],[12.56810468,55.68189615],[12.56814157,55.68175412],[12.56793793,55.68158404],[12.56759706,55.68152072],[12.56690351,55.68154243],[12.56655968,55.68151891],[12.56614946,55.68135788],[12.56608748,55.68125746],[12.5661288,55.68098245],[12.56603731,55.6806812],[12.56629997,55.68024606],[12.56628817,55.68004252],[12.56607567,55.67982902],[12.565844,55.67973222],[12.56552083,55.67971232],[12.56526998,55.6797865],[12.56516078,55.67996653]]]},"properties":{"id":"copenhagen:1395","name":"Ørstedsparken","nameAddon":null,"objectNumber":"1395","district":"Indre by","locality":null,"type":"Regionale parker","areaM2":46291.3,"areaHa":4.63,"designation":null,"dedicated":null,"builtYear":null,"renovatedYear":null,"planningAreaId":null,"planningAreaName":null,"centroid":[12.566453,55.681116],"bounds":[12.56406,55.67931,12.56906,55.68291],"amenities":{"playground":{"status":"observed-nearby","count":5,"nearestMeters":0,"coverage":"community-mapped-observations"},"toilet":{"status":"observed-nearby","count":2,"nearestMeters":0,"coverage":"community-mapped-observations"},"drinkingFountain":{"status":"observed-nearby","count":3,"nearestMeters":0,"coverage":"community-mapped-observations"},"dogRun":{"status":"observed-nearby","count":3,"nearestMeters":20,"coverage":"community-mapped-observations"}},"sourceId":"parks"}},{"type":"Feature","id":"copenhagen:14","geometry":{"type":"Polygon","coordinates":[[[12.54025792,55.66646644],[12.54314427,55.66610729],[12.5432815,55.66615252],[12.54404146,55.66751583],[12.54120085,55.6681898],[12.54025792,55.66646644]]]},"properties":{"id":"copenhagen:14","name":"Enghaven","nameAddon":null,"objectNumber":"14","district":"Vesterbro","locality":null,"type":"Lokale parker","areaM2":35953,"areaHa":3.6,"designation":null,"dedicated":null,"builtYear":null,"renovatedYear":null,"planningAreaId":null,"planningAreaName":null,"centroid":[12.542141,55.667076],"bounds":[12.54026,55.66611,12.54404,55.66819],"amenities":{"playground":{"status":"observed-nearby","count":1,"nearestMeters":0,"coverage":"community-mapped-observations"},"toilet":{"status":"observed-nearby","count":1,"nearestMeters":0,"coverage":"community-mapped-observations"},"drinkingFountain":{"status":"observed-nearby","count":1,"nearestMeters":0,"coverage":"community-mapped-observations"},"dogRun":{"status":"not-observed","count":0,"nearestMeters":null,"coverage":"community-mapped-observations"}},"sourceId":"parks"}},{"type":"Feature","id":"copenhagen:140","geometry":{"type":"Polygon","coordinates":[[[12.48720285,55.65885833],[12.48723384,55.65831826],[12.48784328,55.65832459],[12.48772228,55.65844129],[12.48782705,55.65863307],[12.48770752,55.65872987],[12.48774441,55.65877149],[12.48790526,55.65878325],[12.4878964,55.65886919],[12.48720285,55.65885833]]]},"properties":{"id":"copenhagen:140","name":"Kærskiftevej","nameAddon":null,"objectNumber":"140","district":"Valby","locality":null,"type":"Lokale parker","areaM2":2525.1,"areaHa":0.25,"designation":null,"dedicated":null,"builtYear":null,"renovatedYear":null,"planningAreaId":null,"planningAreaName":null,"centroid":[12.487508,55.658601],"bounds":[12.4872,55.65832,12.48791,55.65887],"amenities":{"playground":{"status":"observed-nearby","count":1,"nearestMeters":0,"coverage":"community-mapped-observations"},"toilet":{"status":"not-observed","count":0,"nearestMeters":null,"coverage":"community-mapped-observations"},"drinkingFountain":{"status":"not-observed","count":0,"nearestMeters":null,"coverage":"community-mapped-observations"},"dogRun":{"status":"not-observed","count":0,"nearestMeters":null,"coverage":"community-mapped-observations"}},"sourceId":"parks"}},{"type":"Feature","id":"copenhagen:1429","geometry":{"type":"Polygon","coordinates":[[[12.57470225,55.70844219],[12.57497524,55.70827755],[12.57542384,55.7085408],[12.57537662,55.70857337],[12.57470225,55.70844219]]]},"properties":{"id":"copenhagen:1429","name":"Jagtvej","nameAddon":null,"objectNumber":"1429","district":"Østerbro","locality":null,"type":"Andet grønt område","areaM2":626.2,"areaHa":0.06,"designation":null,"dedicated":null,"builtYear":null,"renovatedYear":null,"planningAreaId":null,"planningAreaName":null,"centroid":[12.575055,55.708436],"bounds":[12.5747,55.70828,12.57542,55.70857],"amenities":{"playground":{"status":"not-observed","count":0,"nearestMeters":null,"coverage":"community-mapped-observations"},"toilet":{"status":"not-observed","count":0,"nearestMeters":null,"coverage":"community-mapped-observations"},"drinkingFountain":{"status":"not-observed","count":0,"nearestMeters":null,"coverage":"community-mapped-observations"},"dogRun":{"status":"not-observed","count":0,"nearestMeters":null,"coverage":"community-mapped-observations"}},"sourceId":"parks"}},{"type":"Feature","id":"copenhagen:143","geometry":{"type":"Polygon","coordinates":[[[12.5164854,55.64016012],[12.51668756,55.63990139],[12.51706533,55.63971865],[12.51738997,55.63965533],[12.51785922,55.63965895],[12.5182842,55.63978469],[12.51858081,55.64000271],[12.51869738,55.6402533],[12.51866197,55.64046861],[12.51841258,55.64070201],[12.51806138,55.64084585],[12.51760836,55.64090917],[12.5173029,55.64088384],[12.51695908,55.64079428],[12.5166492,55.64061426],[12.51651344,55.64045142],[12.5164854,55.64016012]]]},"properties":{"id":"copenhagen:143","name":"Rosenhaven","nameAddon":null,"objectNumber":"143","district":"Valby","locality":null,"type":"Haveanlæg","areaM2":15144.9,"areaHa":1.51,"designation":null,"dedicated":null,"builtYear":null,"renovatedYear":null,"planningAreaId":null,"planningAreaName":null,"centroid":[12.517587,55.640277],"bounds":[12.51649,55.63966,12.5187,55.64091],"amenities":{"playground":{"status":"not-observed","count":0,"nearestMeters":null,"coverage":"community-mapped-observations"},"toilet":{"status":"observed-nearby","count":1,"nearestMeters":70,"coverage":"community-mapped-observations"},"drinkingFountain":{"status":"not-observed","count":0,"nearestMeters":null,"coverage":"community-mapped-observations"},"dogRun":{"status":"not-observed","count":0,"nearestMeters":null,"coverage":"community-mapped-observations"}},"sourceId":"parks"}},{"type":"Feature","id":"copenhagen:1434","geometry":{"type":"Polygon","coordinates":[[[12.55701231,55.70628913],[12.55725431,55.70546047],[12.55774718,55.70393885],[12.55790212,55.70371902],[12.55805558,55.70364303],[12.55723808,55.70632531],[12.55704772,55.70631446],[12.55701231,55.70628913]]]},"properties":{"id":"copenhagen:1434","name":"Lersø Parkallé","nameAddon":null,"objectNumber":"1434","district":"Østerbro","locality":null,"type":"Andet grønt område","areaM2":11554.9,"areaHa":1.16,"designation":null,"dedicated":null,"builtYear":null,"renovatedYear":null,"planningAreaId":null,"planningAreaName":null,"centroid":[12.557511,55.705052],"bounds":[12.55701,55.70364,12.55806,55.70633],"amenities":{"playground":{"status":"observed-nearby","count":1,"nearestMeters":20,"coverage":"community-mapped-observations"},"toilet":{"status":"not-observed","count":0,"nearestMeters":null,"coverage":"community-mapped-observations"},"drinkingFountain":{"status":"observed-nearby","count":1,"nearestMeters":39,"coverage":"community-mapped-observations"},"dogRun":{"status":"not-observed","count":0,"nearestMeters":null,"coverage":"community-mapped-observations"}},"sourceId":"parks"}},{"type":"Feature","id":"copenhagen:1437","geometry":{"type":"Polygon","coordinates":[[[12.55657847,55.70768681],[12.55684704,55.7068473],[12.55700346,55.70651981],[12.55716873,55.7064972],[12.55677768,55.70774199],[12.55670833,55.70780532],[12.55657847,55.70768681]]]},"properties":{"id":"copenhagen:1437","name":"Lersø Parkallé","nameAddon":null,"objectNumber":"1437","district":"Østerbro","locality":null,"type":"Andet grønt område","areaM2":11554.9,"areaHa":1.16,"designation":null,"dedicated":null,"builtYear":null,"renovatedYear":null,"planningAreaId":null,"planningAreaName":null,"centroid":[12.556861,55.707152],"bounds":[12.55658,55.7065,12.55717,55.70781],"amenities":{"playground":{"status":"not-observed","count":0,"nearestMeters":null,"coverage":"community-mapped-observations"},"toilet":{"status":"not-observed","count":0,"nearestMeters":null,"coverage":"community-mapped-observations"},"drinkingFountain":{"status":"not-observed","count":0,"nearestMeters":null,"coverage":"community-mapped-observations"},"dogRun":{"status":"not-observed","count":0,"nearestMeters":null,"coverage":"community-mapped-observations"}},"sourceId":"parks"}},{"type":"Feature","id":"copenhagen:1440","geometry":{"type":"Polygon","coordinates":[[[12.55409202,55.71092908],[12.55484165,55.71041252],[12.5553596,55.70990954],[12.5556075,55.70956939],[12.55591001,55.70899312],[12.55654601,55.70803962],[12.55685737,55.70819522],[12.55666111,55.70830197],[12.55652682,55.70825764],[12.55587754,55.7095332],[12.55562964,55.70988963],[12.55497741,55.71053374],[12.55428976,55.71100688],[12.55423959,55.7109915],[12.55409202,55.71092908]]]},"properties":{"id":"copenhagen:1440","name":"Lersø Parkallé","nameAddon":null,"objectNumber":"1440","district":"Østerbro","locality":null,"type":"Andet grønt område","areaM2":11554.9,"areaHa":1.16,"designation":null,"dedicated":null,"builtYear":null,"renovatedYear":null,"planningAreaId":null,"planningAreaName":null,"centroid":[12.555554,55.709617],"bounds":[12.55409,55.70804,12.55686,55.71101],"amenities":{"playground":{"status":"observed-nearby","count":5,"nearestMeters":37,"coverage":"community-mapped-observations"},"toilet":{"status":"not-observed","count":0,"nearestMeters":null,"coverage":"community-mapped-observations"},"drinkingFountain":{"status":"not-observed","count":0,"nearestMeters":null,"coverage":"community-mapped-observations"},"dogRun":{"status":"observed-nearby","count":1,"nearestMeters":55,"coverage":"community-mapped-observations"}},"sourceId":"parks"}},{"type":"Feature","id":"copenhagen:1444","geometry":{"type":"Polygon","coordinates":[[[12.56461774,55.71458838],[12.5646989,55.71454406],[12.564966,55.71398046],[12.56530392,55.7136186],[12.56813566,55.71428442],[12.56900629,55.71477655],[12.56800138,55.71583318],[12.56504125,55.7148842],[12.56496895,55.71485797],[12.56497485,55.71471775],[12.56461774,55.71458838]],[[12.56573185,55.71454858],[12.56575694,55.71466437],[12.56586909,55.71475484],[12.56655378,55.71496743],[12.5671706,55.71508956],[12.5675764,55.71526597],[12.56776528,55.71527954],[12.5679881,55.71520174],[12.56830094,55.71499548],[12.56840866,55.71486792],[12.56843079,55.71477746],[12.56836439,55.71468609],[12.56791727,55.71446626],[12.56744802,55.71437036],[12.56702451,55.71437851],[12.56645196,55.71423376],[12.56600189,55.7142609],[12.56573185,55.71454858]]]},"properties":{"id":"copenhagen:1444","name":"Kildevældsparken","nameAddon":null,"objectNumber":"1444","district":"Østerbro","locality":null,"type":"Lokale parker","areaM2":24555.4,"areaHa":2.46,"designation":null,"dedicated":null,"builtYear":null,"renovatedYear":null,"planningAreaId":null,"planningAreaName":null,"centroid":[12.566638,55.714676],"bounds":[12.56462,55.71362,12.56901,55.71583],"amenities":{"playground":{"status":"observed-nearby","count":2,"nearestMeters":0,"coverage":"community-mapped-observations"},"toilet":{"status":"not-observed","count":0,"nearestMeters":null,"coverage":"community-mapped-observations"},"drinkingFountain":{"status":"observed-nearby","count":1,"nearestMeters":0,"coverage":"community-mapped-observations"},"dogRun":{"status":"observed-nearby","count":1,"nearestMeters":0,"coverage":"community-mapped-observations"}},"sourceId":"parks"}},{"type":"Feature","id":"copenhagen:1445","geometry":{"type":"Polygon","coordinates":[[[12.5891694,55.70828117],[12.58919891,55.70815632],[12.58934353,55.708074],[12.58928598,55.70799801],[12.58932139,55.70788764],[12.58938189,55.70782251],[12.58942764,55.70785869],[12.58947633,55.70782794],[12.58945125,55.70762168],[12.58952946,55.70757102],[12.58983049,55.70760268],[12.58955749,55.70818889],[12.58931696,55.7083472],[12.5891694,55.70828117]]]},"properties":{"id":"copenhagen:1445","name":"Østbanegadeparken","nameAddon":null,"objectNumber":"1445","district":"Østerbro","locality":null,"type":"Andet grønt område","areaM2":1681.8,"areaHa":0.17,"designation":null,"dedicated":null,"builtYear":null,"renovatedYear":null,"planningAreaId":null,"planningAreaName":null,"centroid":[12.589497,55.707945],"bounds":[12.58917,55.70757,12.58983,55.70835],"amenities":{"playground":{"status":"not-observed","count":0,"nearestMeters":null,"coverage":"community-mapped-observations"},"toilet":{"status":"not-observed","count":0,"nearestMeters":null,"coverage":"community-mapped-observations"},"drinkingFountain":{"status":"not-observed","count":0,"nearestMeters":null,"coverage":"community-mapped-observations"},"dogRun":{"status":"not-observed","count":0,"nearestMeters":null,"coverage":"community-mapped-observations"}},"sourceId":"parks"}},{"type":"Feature","id":"copenhagen:145","geometry":{"type":"Polygon","coordinates":[[[12.50464784,55.65933689],[12.50542402,55.65907726],[12.50602018,55.65964809],[12.50566898,55.6597657],[12.50580474,55.65989506],[12.5057103,55.65992672],[12.50557159,55.65979826],[12.50524695,55.65990773],[12.50464784,55.65933689]]]},"properties":{"id":"copenhagen:145","name":"Vilhelm Thomsens Alle","nameAddon":null,"objectNumber":"145","district":"Valby","locality":null,"type":"Andet grønt område","areaM2":4305.8,"areaHa":0.43,"designation":null,"dedicated":null,"builtYear":null,"renovatedYear":null,"planningAreaId":null,"planningAreaName":null,"centroid":[12.505344,55.659502],"bounds":[12.50465,55.65908,12.50602,55.65993],"amenities":{"playground":{"status":"observed-nearby","count":6,"nearestMeters":0,"coverage":"community-mapped-observations"},"toilet":{"status":"not-observed","count":0,"nearestMeters":null,"coverage":"community-mapped-observations"},"drinkingFountain":{"status":"not-observed","count":0,"nearestMeters":null,"coverage":"community-mapped-observations"},"dogRun":{"status":"not-observed","count":0,"nearestMeters":null,"coverage":"community-mapped-observations"}},"sourceId":"parks"}},{"type":"Feature","id":"copenhagen:1450","geometry":{"type":"MultiPolygon","coordinates":[[[[12.54164945,55.69922652],[12.54229873,55.6987932],[12.54288013,55.69911073],[12.5425304,55.69923557],[12.5427606,55.69945902],[12.54273404,55.69948073],[12.54304392,55.69962457],[12.54273257,55.69973584],[12.54302622,55.70000633],[12.54282405,55.7000787],[12.54334348,55.70054098],[12.54267206,55.70063868],[12.54242121,55.70003528],[12.54201983,55.70008232],[12.54175274,55.69932151],[12.54164945,55.69922652]]],[[[12.54213051,55.70087932],[12.54291407,55.70078343],[12.54319149,55.70148091],[12.54311476,55.70156957],[12.54303507,55.70152524],[12.54295096,55.70153971],[12.54318559,55.70212321],[12.54344382,55.70259273],[12.54364894,55.70291207],[12.54370649,55.70290302],[12.54474681,55.70426723],[12.54493717,55.70447349],[12.54518803,55.70461643],[12.54495488,55.70467885],[12.54464794,55.70487064],[12.54397653,55.70414963],[12.54335086,55.70333273],[12.54305278,55.70267234],[12.54262484,55.70192962],[12.54254959,55.70194228],[12.54213051,55.70087932]]]]},"properties":{"id":"copenhagen:1450","name":"Superkilen","nameAddon":null,"objectNumber":"1450","district":"Nørrebro","locality":null,"type":"Regionale parker","areaM2":26503.5,"areaHa":2.65,"designation":null,"dedicated":null,"builtYear":null,"renovatedYear":null,"planningAreaId":null,"planningAreaName":null,"centroid":[12.5431,55.701668],"bounds":[12.54165,55.69879,12.54519,55.70487],"amenities":{"playground":{"status":"observed-nearby","count":2,"nearestMeters":0,"coverage":"community-mapped-observations"},"toilet":{"status":"not-observed","count":0,"nearestMeters":null,"coverage":"community-mapped-observations"},"drinkingFountain":{"status":"observed-nearby","count":1,"nearestMeters":0,"coverage":"community-mapped-observations"},"dogRun":{"status":"not-observed","count":0,"nearestMeters":null,"coverage":"community-mapped-observations"}},"sourceId":"parks"}},{"type":"Feature","id":"copenhagen:146","geometry":{"type":"Polygon","coordinates":[[[12.61247562,55.65901122],[12.61297291,55.65829835],[12.61420507,55.65851728],[12.6137004,55.65927809],[12.61247562,55.65901122]]]},"properties":{"id":"copenhagen:146","name":"Bredegrund","nameAddon":null,"objectNumber":"146","district":"Amager Øst","locality":null,"type":"Lokale parker","areaM2":7334.6,"areaHa":0.73,"designation":null,"dedicated":null,"builtYear":null,"renovatedYear":null,"planningAreaId":null,"planningAreaName":null,"centroid":[12.613344,55.658779],"bounds":[12.61248,55.6583,12.61421,55.65928],"amenities":{"playground":{"status":"observed-nearby","count":1,"nearestMeters":0,"coverage":"community-mapped-observations"},"toilet":{"status":"observed-nearby","count":1,"nearestMeters":0,"coverage":"community-mapped-observations"},"drinkingFountain":{"status":"not-observed","count":0,"nearestMeters":null,"coverage":"community-mapped-observations"},"dogRun":{"status":"observed-nearby","count":1,"nearestMeters":13,"coverage":"community-mapped-observations"}},"sourceId":"parks"}},{"type":"Feature","id":"copenhagen:1464","geometry":{"type":"MultiPolygon","coordinates":[[[[12.55365523,55.71071829],[12.5545539,55.71006785],[12.55497298,55.70960195],[12.55522679,55.70917586],[12.55531975,55.70919305],[12.5560561,55.70774833],[12.55621842,55.70784331],[12.55580081,55.70875792],[12.55532713,55.70963],[12.55475311,55.71025963],[12.55431337,55.71059164],[12.55389134,55.71083861],[12.55365523,55.71071829]]],[[[12.55611955,55.70747241],[12.5564619,55.70645558],[12.55667882,55.70648182],[12.5564132,55.70725529],[12.55629663,55.70748688],[12.55623908,55.70751131],[12.55611955,55.70747241]]],[[[12.55649879,55.7062837],[12.55727497,55.70385562],[12.55697099,55.70375882],[12.55681753,55.70349738],[12.55681605,55.7034431],[12.5569887,55.70343857],[12.55697837,55.70335535],[12.55675998,55.70324227],[12.55693705,55.70312918],[12.55733695,55.70332097],[12.55743434,55.70328388],[12.55780325,55.70349919],[12.55750222,55.70395061],[12.55686179,55.70594626],[12.55671571,55.70625294],[12.55661684,55.70629003],[12.55649879,55.7062837]]],[[[12.55750665,55.70324317],[12.55764978,55.70325312],[12.55833448,55.70299711],[12.55847909,55.70315361],[12.55784162,55.70340239],[12.55750665,55.70324317]]]]},"properties":{"id":"copenhagen:1464","name":"Lersø Parkallé","nameAddon":null,"objectNumber":"1464","district":"Nørrebro","locality":null,"type":"Andet grønt område","areaM2":17106.1,"areaHa":1.71,"designation":null,"dedicated":null,"builtYear":null,"renovatedYear":null,"planningAreaId":null,"planningAreaName":null,"centroid":[12.556282,55.706638],"bounds":[12.55366,55.703,12.55848,55.71084],"amenities":{"playground":{"status":"observed-nearby","count":7,"nearestMeters":0,"coverage":"community-mapped-observations"},"toilet":{"status":"not-observed","count":0,"nearestMeters":null,"coverage":"community-mapped-observations"},"drinkingFountain":{"status":"observed-nearby","count":1,"nearestMeters":0,"coverage":"community-mapped-observations"},"dogRun":{"status":"not-observed","count":0,"nearestMeters":null,"coverage":"community-mapped-observations"}},"sourceId":"parks"}},{"type":"Feature","id":"copenhagen:147","geometry":{"type":"Polygon","coordinates":[[[12.61281649,55.64463814],[12.61292716,55.64436222],[12.61379631,55.64444274],[12.61369597,55.64475303],[12.61323115,55.64470508],[12.61323852,55.64468156],[12.61281649,55.64463814]]]},"properties":{"id":"copenhagen:147","name":"Georginevej-Gyldenlakvej","nameAddon":null,"objectNumber":"147","district":"Amager Vest","locality":null,"type":"Andet grønt område","areaM2":1887,"areaHa":0.19,"designation":null,"dedicated":null,"builtYear":null,"renovatedYear":null,"planningAreaId":null,"planningAreaName":null,"centroid":[12.613319,55.644551],"bounds":[12.61282,55.64436,12.6138,55.64475],"amenities":{"playground":{"status":"observed-nearby","count":1,"nearestMeters":0,"coverage":"community-mapped-observations"},"toilet":{"status":"not-observed","count":0,"nearestMeters":null,"coverage":"community-mapped-observations"},"drinkingFountain":{"status":"not-observed","count":0,"nearestMeters":null,"coverage":"community-mapped-observations"},"dogRun":{"status":"not-observed","count":0,"nearestMeters":null,"coverage":"community-mapped-observations"}},"sourceId":"parks"}},{"type":"Feature","id":"copenhagen:1470","geometry":{"type":"Polygon","coordinates":[[[12.55405661,55.6875493],[12.55430009,55.68748417],[12.55420565,55.68732405],[12.55427057,55.68730595],[12.55424992,55.68728153],[12.55487411,55.68711145],[12.5553168,55.68752669],[12.55526958,55.68763253],[12.55517514,55.6876452],[12.55507627,55.68773566],[12.55492871,55.68773023],[12.55476934,55.68784422],[12.55458341,55.68780351],[12.55449487,55.68790031],[12.55441666,55.68791388],[12.55427205,55.6878795],[12.55429861,55.68781165],[12.55419974,55.68778632],[12.55425582,55.687723],[12.55405661,55.6875493]]]},"properties":{"id":"copenhagen:1470","name":"Folkets park","nameAddon":null,"objectNumber":"1470","district":"Nørrebro","locality":null,"type":"Lokale parker","areaM2":4161.2,"areaHa":0.42,"designation":null,"dedicated":null,"builtYear":null,"renovatedYear":null,"planningAreaId":null,"planningAreaName":null,"centroid":[12.554683,55.687516],"bounds":[12.55406,55.68711,12.55532,55.68791],"amenities":{"playground":{"status":"observed-nearby","count":4,"nearestMeters":0,"coverage":"community-mapped-observations"},"toilet":{"status":"observed-nearby","count":2,"nearestMeters":0,"coverage":"community-mapped-observations"},"drinkingFountain":{"status":"not-observed","count":0,"nearestMeters":null,"coverage":"community-mapped-observations"},"dogRun":{"status":"not-observed","count":0,"nearestMeters":null,"coverage":"community-mapped-observations"}},"sourceId":"parks"}},{"type":"Feature","id":"copenhagen:1471","geometry":{"type":"Polygon","coordinates":[[[12.55467785,55.68252397],[12.55529319,55.68236295],[12.55612545,55.68220735],[12.55621842,55.68234123],[12.55569309,55.68248145],[12.55512349,55.68258187],[12.55478262,55.68266419],[12.55467785,55.68252397]]]},"properties":{"id":"copenhagen:1471","name":"Herman Triers Plads","nameAddon":null,"objectNumber":"1471","district":"Nørrebro","locality":null,"type":"Andet grønt område","areaM2":1730.4,"areaHa":0.17,"designation":null,"dedicated":null,"builtYear":null,"renovatedYear":null,"planningAreaId":null,"planningAreaName":null,"centroid":[12.555452,55.682431],"bounds":[12.55468,55.68221,12.55622,55.68266],"amenities":{"playground":{"status":"not-observed","count":0,"nearestMeters":null,"coverage":"community-mapped-observations"},"toilet":{"status":"not-observed","count":0,"nearestMeters":null,"coverage":"community-mapped-observations"},"drinkingFountain":{"status":"not-observed","count":0,"nearestMeters":null,"coverage":"community-mapped-observations"},"dogRun":{"status":"not-observed","count":0,"nearestMeters":null,"coverage":"community-mapped-observations"}},"sourceId":"parks"}},{"type":"Feature","id":"copenhagen:1473","geometry":{"type":"Polygon","coordinates":[[[12.55307236,55.67106839],[12.55318008,55.67038086],[12.55332026,55.66976027],[12.55438567,55.6698453],[12.55394593,55.67141759],[12.55373197,55.67140492],[12.55374525,55.67134612],[12.55327304,55.67131446],[12.55329961,55.67115524],[12.55324353,55.67107834],[12.55307236,55.67106839]]]},"properties":{"id":"copenhagen:1473","name":"Skydebanehaven","nameAddon":null,"objectNumber":"1473","district":"Vesterbro","locality":null,"type":"Lokale parker","areaM2":10873,"areaHa":1.09,"designation":null,"dedicated":null,"builtYear":null,"renovatedYear":null,"planningAreaId":null,"planningAreaName":null,"centroid":[12.553692,55.670531],"bounds":[12.55307,55.66976,12.55439,55.67142],"amenities":{"playground":{"status":"observed-nearby","count":2,"nearestMeters":0,"coverage":"community-mapped-observations"},"toilet":{"status":"observed-nearby","count":1,"nearestMeters":0,"coverage":"community-mapped-observations"},"drinkingFountain":{"status":"observed-nearby","count":1,"nearestMeters":0,"coverage":"community-mapped-observations"},"dogRun":{"status":"observed-nearby","count":2,"nearestMeters":0,"coverage":"community-mapped-observations"}},"sourceId":"parks"}},{"type":"Feature","id":"copenhagen:1474","geometry":{"type":"Polygon","coordinates":[[[12.55078659,55.67159128],[12.55080283,55.67149539],[12.55097548,55.671499],[12.55123224,55.66990773],[12.55168378,55.66991949],[12.55148605,55.67162927],[12.55078659,55.67159128]]]},"properties":{"id":"copenhagen:1474","name":"Saxoparken","nameAddon":null,"objectNumber":"1474","district":"Vesterbro","locality":null,"type":"Lokale parker","areaM2":5919.4,"areaHa":0.59,"designation":null,"dedicated":null,"builtYear":null,"renovatedYear":null,"planningAreaId":null,"planningAreaName":null,"centroid":[12.551328,55.670802],"bounds":[12.55079,55.66991,12.55168,55.67163],"amenities":{"playground":{"status":"observed-nearby","count":3,"nearestMeters":0,"coverage":"community-mapped-observations"},"toilet":{"status":"observed-nearby","count":1,"nearestMeters":0,"coverage":"community-mapped-observations"},"drinkingFountain":{"status":"not-observed","count":0,"nearestMeters":null,"coverage":"community-mapped-observations"},"dogRun":{"status":"observed-nearby","count":1,"nearestMeters":0,"coverage":"community-mapped-observations"}},"sourceId":"parks"}},{"type":"Feature","id":"copenhagen:148","geometry":{"type":"Polygon","coordinates":[[[12.59580239,55.66372444],[12.59614474,55.66325041],[12.59670253,55.66337977],[12.59636904,55.66384657],[12.59627607,55.66384024],[12.59580239,55.66372444]]]},"properties":{"id":"copenhagen:148","name":"Norgesgade","nameAddon":null,"objectNumber":"148","district":"Amager Vest","locality":null,"type":"Andet grønt område","areaM2":2244.5,"areaHa":0.22,"designation":null,"dedicated":null,"builtYear":null,"renovatedYear":null,"planningAreaId":null,"planningAreaName":null,"centroid":[12.596252,55.663554],"bounds":[12.5958,55.66325,12.5967,55.66385],"amenities":{"playground":{"status":"observed-nearby","count":1,"nearestMeters":0,"coverage":"community-mapped-observations"},"toilet":{"status":"not-observed","count":0,"nearestMeters":null,"coverage":"community-mapped-observations"},"drinkingFountain":{"status":"not-observed","count":0,"nearestMeters":null,"coverage":"community-mapped-observations"},"dogRun":{"status":"not-observed","count":0,"nearestMeters":null,"coverage":"community-mapped-observations"}},"sourceId":"parks"}},{"type":"Feature","id":"copenhagen:149","geometry":{"type":"Polygon","coordinates":[[[12.54715062,55.70072372],[12.54741034,55.70062964],[12.54850231,55.70125384],[12.54824702,55.70137688],[12.54715062,55.70072372]]]},"properties":{"id":"copenhagen:149","name":"Baldersgade","nameAddon":null,"objectNumber":"149","district":"Nørrebro","locality":null,"type":"Andet grønt område","areaM2":2112.9,"areaHa":0.21,"designation":null,"dedicated":null,"builtYear":null,"renovatedYear":null,"planningAreaId":null,"planningAreaName":null,"centroid":[12.547836,55.701002],"bounds":[12.54715,55.70063,12.5485,55.70138],"amenities":{"playground":{"status":"observed-nearby","count":1,"nearestMeters":0,"coverage":"community-mapped-observations"},"toilet":{"status":"observed-nearby","count":1,"nearestMeters":0,"coverage":"community-mapped-observations"},"drinkingFountain":{"status":"not-observed","count":0,"nearestMeters":null,"coverage":"community-mapped-observations"},"dogRun":{"status":"not-observed","count":0,"nearestMeters":null,"coverage":"community-mapped-observations"}},"sourceId":"parks"}},{"type":"Feature","id":"copenhagen:1494","geometry":{"type":"MultiPolygon","coordinates":[[[[12.54261894,55.66385833],[12.54271043,55.66375792],[12.5447719,55.66409716],[12.54681713,55.66451873],[12.5481939,55.66489416],[12.54804781,55.66500724],[12.54546102,55.66437579],[12.54265583,55.66389271],[12.54261894,55.66385833]]],[[[12.54829867,55.66506513],[12.54842262,55.66494391],[12.54873398,55.66503528],[12.55114517,55.66586213],[12.55226518,55.66631807],[12.55227699,55.6663624],[12.55204679,55.66640764],[12.55041031,55.66577076],[12.54829867,55.66506513]]],[[[12.55227404,55.6664972],[12.55228142,55.66645196],[12.55246587,55.66641306],[12.55362572,55.66690881],[12.5555411,55.66781889],[12.55571522,55.66794373],[12.55554405,55.66807129],[12.55471474,55.6677049],[12.55458784,55.6675873],[12.5534575,55.66707165],[12.55338814,55.66699656],[12.55227404,55.6664972]]]]},"properties":{"id":"copenhagen:1494","name":"Sønder Boulevard","nameAddon":null,"objectNumber":"1494","district":"Vesterbro","locality":null,"type":"Lokale parker","areaM2":15720.5,"areaHa":1.57,"designation":null,"dedicated":null,"builtYear":null,"renovatedYear":null,"planningAreaId":null,"planningAreaName":null,"centroid":[12.5497,55.665685],"bounds":[12.54262,55.66376,12.55572,55.66807],"amenities":{"playground":{"status":"observed-nearby","count":2,"nearestMeters":0,"coverage":"community-mapped-observations"},"toilet":{"status":"observed-nearby","count":1,"nearestMeters":0,"coverage":"community-mapped-observations"},"drinkingFountain":{"status":"not-observed","count":0,"nearestMeters":null,"coverage":"community-mapped-observations"},"dogRun":{"status":"observed-nearby","count":1,"nearestMeters":0,"coverage":"community-mapped-observations"}},"sourceId":"parks"}},{"type":"Feature","id":"copenhagen:150","geometry":{"type":"Polygon","coordinates":[[[12.53542816,55.69498191],[12.53572771,55.69474579],[12.53595201,55.69516826],[12.53651128,55.69577076],[12.53676509,55.69580785],[12.53681821,55.69594355],[12.53678427,55.69607382],[12.536861,55.69621856],[12.53688904,55.69646463],[12.53657473,55.69612358],[12.5360981,55.69594355],[12.53579707,55.69569658],[12.53556539,55.69512122],[12.53542816,55.69498191]]]},"properties":{"id":"copenhagen:150","name":"Bispeengen","nameAddon":null,"objectNumber":"150","district":"Nørrebro","locality":null,"type":"Andet grønt område","areaM2":4812.4,"areaHa":0.48,"designation":null,"dedicated":null,"builtYear":null,"renovatedYear":null,"planningAreaId":null,"planningAreaName":null,"centroid":[12.536128,55.69559],"bounds":[12.53543,55.69475,12.53689,55.69646],"amenities":{"playground":{"status":"observed-nearby","count":2,"nearestMeters":0,"coverage":"community-mapped-observations"},"toilet":{"status":"not-observed","count":0,"nearestMeters":null,"coverage":"community-mapped-observations"},"drinkingFountain":{"status":"not-observed","count":0,"nearestMeters":null,"coverage":"community-mapped-observations"},"dogRun":{"status":"not-observed","count":0,"nearestMeters":null,"coverage":"community-mapped-observations"}},"sourceId":"parks"}},{"type":"Feature","id":"copenhagen:152","geometry":{"type":"Polygon","coordinates":[[[12.54954853,55.69724534],[12.55120568,55.69661209],[12.55133553,55.69672788],[12.54967839,55.69735933],[12.54954853,55.69724534]]]},"properties":{"id":"copenhagen:152","name":"Odinsgade","nameAddon":null,"objectNumber":"152","district":"Nørrebro","locality":null,"type":"Lokale parker","areaM2":1889.2,"areaHa":0.19,"designation":null,"dedicated":null,"builtYear":null,"renovatedYear":null,"planningAreaId":null,"planningAreaName":null,"centroid":[12.550444,55.696986],"bounds":[12.54955,55.69661,12.55134,55.69736],"amenities":{"playground":{"status":"observed-nearby","count":2,"nearestMeters":0,"coverage":"community-mapped-observations"},"toilet":{"status":"not-observed","count":0,"nearestMeters":null,"coverage":"community-mapped-observations"},"drinkingFountain":{"status":"not-observed","count":0,"nearestMeters":null,"coverage":"community-mapped-observations"},"dogRun":{"status":"not-observed","count":0,"nearestMeters":null,"coverage":"community-mapped-observations"}},"sourceId":"parks"}},{"type":"Feature","id":"copenhagen:1520","geometry":{"type":"MultiPolygon","coordinates":[[[[12.52730625,55.65002352],[12.52739184,55.64984621],[12.5278788,55.650019],[12.52730625,55.65002352]]],[[[12.52780649,55.64993848],[12.52792454,55.64961191],[12.52837904,55.64965171],[12.52853398,55.6498245],[12.52811343,55.6499602],[12.52780649,55.64993848]]],[[[12.52787732,55.64947802],[12.52806178,55.64884476],[12.5281636,55.64880224],[12.52813556,55.64873801],[12.52827575,55.64825041],[12.52888076,55.64830559],[12.52849266,55.64956939],[12.5279393,55.64951692],[12.52787732,55.64947802]]],[[[12.52832444,55.64808305],[12.52843511,55.64769857],[12.52907702,55.64748507],[12.52888961,55.64813461],[12.52832444,55.64808305]]],[[[12.52846315,55.64759725],[12.5285207,55.64740185],[12.528624,55.64704451],[12.52892207,55.64744617],[12.52846315,55.64759725]]]]},"properties":{"id":"copenhagen:1520","name":"Sjælør Boulevard","nameAddon":null,"objectNumber":"1520","district":"Vesterbro","locality":null,"type":"Andet grønt område","areaM2":10481.3,"areaHa":1.05,"designation":null,"dedicated":null,"builtYear":null,"renovatedYear":null,"planningAreaId":null,"planningAreaName":null,"centroid":[12.528411,55.648711],"bounds":[12.52731,55.64704,12.52908,55.65002],"amenities":{"playground":{"status":"observed-nearby","count":2,"nearestMeters":0,"coverage":"community-mapped-observations"},"toilet":{"status":"not-observed","count":0,"nearestMeters":null,"coverage":"community-mapped-observations"},"drinkingFountain":{"status":"not-observed","count":0,"nearestMeters":null,"coverage":"community-mapped-observations"},"dogRun":{"status":"observed-nearby","count":1,"nearestMeters":0,"coverage":"community-mapped-observations"}},"sourceId":"parks"}},{"type":"Feature","id":"copenhagen:1521","geometry":{"type":"Polygon","coordinates":[[[12.52779469,55.64565678],[12.52952709,55.64525873],[12.52975876,55.64551836],[12.53103814,55.64563235],[12.53080351,55.64682377],[12.52892207,55.64744617],[12.528624,55.64704451],[12.52890437,55.64607653],[12.52797029,55.64599059],[12.52800865,55.64586032],[12.52780649,55.64584132],[12.52785814,55.6456622],[12.52779469,55.64565678]]]},"properties":{"id":"copenhagen:1521","name":"Karens Minde Kulturhusq","nameAddon":null,"objectNumber":"1521","district":"Vesterbro","locality":null,"type":"Lokale parker","areaM2":28119.8,"areaHa":2.81,"designation":null,"dedicated":null,"builtYear":null,"renovatedYear":null,"planningAreaId":null,"planningAreaName":null,"centroid":[12.529587,55.646253],"bounds":[12.52779,55.64526,12.53104,55.64745],"amenities":{"playground":{"status":"observed-nearby","count":2,"nearestMeters":22,"coverage":"community-mapped-observations"},"toilet":{"status":"not-observed","count":0,"nearestMeters":null,"coverage":"community-mapped-observations"},"drinkingFountain":{"status":"not-observed","count":0,"nearestMeters":null,"coverage":"community-mapped-observations"},"dogRun":{"status":"not-observed","count":0,"nearestMeters":null,"coverage":"community-mapped-observations"}},"sourceId":"parks"}},{"type":"Feature","id":"copenhagen:1526","geometry":{"type":"Polygon","coordinates":[[[12.53049953,55.64700923],[12.53073858,55.64692509],[12.53091418,55.64691333],[12.53229686,55.6472562],[12.53051281,55.64708974],[12.53049953,55.64700923]]]},"properties":{"id":"copenhagen:1526","name":"Wagnersvej-Pumpehusvej","nameAddon":null,"objectNumber":"1526","district":"Vesterbro","locality":null,"type":"Andet grønt område","areaM2":1648,"areaHa":0.16,"designation":null,"dedicated":null,"builtYear":null,"renovatedYear":null,"planningAreaId":null,"planningAreaName":null,"centroid":[12.531178,55.647076],"bounds":[12.5305,55.64691,12.5323,55.64726],"amenities":{"playground":{"status":"not-observed","count":0,"nearestMeters":null,"coverage":"community-mapped-observations"},"toilet":{"status":"not-observed","count":0,"nearestMeters":null,"coverage":"community-mapped-observations"},"drinkingFountain":{"status":"not-observed","count":0,"nearestMeters":null,"coverage":"community-mapped-observations"},"dogRun":{"status":"not-observed","count":0,"nearestMeters":null,"coverage":"community-mapped-observations"}},"sourceId":"parks"}},{"type":"Feature","id":"copenhagen:153","geometry":{"type":"Polygon","coordinates":[[[12.57268358,55.70748145],[12.57317202,55.70721458],[12.57333434,55.70730867],[12.5728518,55.70757192],[12.57268358,55.70748145]]]},"properties":{"id":"copenhagen:153","name":"Ove Rodes Plads","nameAddon":null,"objectNumber":"153","district":"Østerbro","locality":null,"type":"Andet grønt område","areaM2":631.4,"areaHa":0.06,"designation":null,"dedicated":null,"builtYear":null,"renovatedYear":null,"planningAreaId":null,"planningAreaName":null,"centroid":[12.57301,55.707394],"bounds":[12.57268,55.70721,12.57333,55.70757],"amenities":{"playground":{"status":"not-observed","count":0,"nearestMeters":null,"coverage":"community-mapped-observations"},"toilet":{"status":"not-observed","count":0,"nearestMeters":null,"coverage":"community-mapped-observations"},"drinkingFountain":{"status":"not-observed","count":0,"nearestMeters":null,"coverage":"community-mapped-observations"},"dogRun":{"status":"not-observed","count":0,"nearestMeters":null,"coverage":"community-mapped-observations"}},"sourceId":"parks"}},{"type":"Feature","id":"copenhagen:1536","geometry":{"type":"MultiPolygon","coordinates":[[[[12.50066067,55.64153881],[12.50099564,55.64143477],[12.5011491,55.64131988],[12.50130109,55.64111634],[12.50180871,55.64035462],[12.50172755,55.64025421],[12.50256571,55.63905555],[12.50641122,55.63595621],[12.50652042,55.63597612],[12.50453421,55.63760177],[12.50437485,55.63765786],[12.50442207,55.63767415],[12.50440141,55.63773657],[12.50412841,55.63789488],[12.50406053,55.63800434],[12.50395576,55.63803781],[12.50272951,55.63902026],[12.5025421,55.63920843],[12.50215844,55.6397657],[12.50206842,55.64007056],[12.50194595,55.64010675],[12.50199612,55.6401357],[12.5018943,55.64026868],[12.5019061,55.64038448],[12.50131732,55.6412638],[12.50102662,55.64150986],[12.50075806,55.64162837],[12.50066067,55.64153881]]],[[[12.50081856,55.64168808],[12.50116828,55.64152072],[12.5014339,55.64128279],[12.50151801,55.64116338],[12.50236355,55.64181744],[12.50309399,55.64250498],[12.50184265,55.64274833],[12.50157851,55.64242446],[12.50081856,55.64168808]]],[[[12.5016095,55.64102587],[12.50205662,55.64033563],[12.50228239,55.64026235],[12.50231781,55.64020536],[12.50226321,55.64008775],[12.50232814,55.6400778],[12.50260703,55.63975032],[12.50287412,55.6393378],[12.50382738,55.63852271],[12.50429959,55.63869459],[12.50404135,55.63881129],[12.50361342,55.63915234],[12.5034629,55.63928442],[12.50329911,55.63963814],[12.50340535,55.63994029],[12.50308809,55.64018364],[12.50307333,55.64045775],[12.50327697,55.64064502],[12.50360161,55.6408368],[12.50392773,55.64077348],[12.50340388,55.64131174],[12.50315744,55.64123213],[12.50289773,55.64126741],[12.50248308,55.64157952],[12.50290806,55.64198118],[12.50310137,55.64187353],[12.50326664,55.64187172],[12.50341421,55.64176859],[12.50319581,55.64164013],[12.50337289,55.64149991],[12.503457,55.64133164],[12.50399118,55.640759],[12.50408119,55.64073277],[12.5045047,55.64086304],[12.50506839,55.64095079],[12.50521743,55.64184549],[12.50487804,55.6417704],[12.50464489,55.64185363],[12.50425532,55.64189434],[12.50439993,55.64219016],[12.5032327,55.64244165],[12.50255538,55.64180025],[12.5016095,55.64102587]]]]},"properties":{"id":"copenhagen:1536","name":"Damhusåen","nameAddon":null,"objectNumber":"1536","district":"Valby","locality":null,"type":"Lokale parker","areaM2":55433.9,"areaHa":5.54,"designation":null,"dedicated":null,"builtYear":null,"renovatedYear":null,"planningAreaId":null,"planningAreaName":null,"centroid":[12.503056,55.640939],"bounds":[12.50066,55.63596,12.50652,55.64275],"amenities":{"playground":{"status":"not-observed","count":0,"nearestMeters":null,"coverage":"community-mapped-observations"},"toilet":{"status":"not-observed","count":0,"nearestMeters":null,"coverage":"community-mapped-observations"},"drinkingFountain":{"status":"not-observed","count":0,"nearestMeters":null,"coverage":"community-mapped-observations"},"dogRun":{"status":"not-observed","count":0,"nearestMeters":null,"coverage":"community-mapped-observations"}},"sourceId":"parks"}},{"type":"Feature","id":"copenhagen:1561","geometry":{"type":"MultiPolygon","coordinates":[[[[12.4773087,55.65912611],[12.47734117,55.65852361],[12.47749316,55.65784241],[12.47780009,55.65720644],[12.47781337,55.6570816],[12.47810555,55.6567903],[12.47882713,55.65609824],[12.48165003,55.65409445],[12.4822757,55.65411706],[12.48256787,55.65405645],[12.48322601,55.65384386],[12.48377347,55.6535218],[12.48390038,55.65357156],[12.48355212,55.65378867],[12.48314485,55.65396327],[12.4816943,55.65434413],[12.48099632,55.65465352],[12.47873564,55.65632079],[12.47835493,55.65666998],[12.47804652,55.65703727],[12.47778681,55.65744708],[12.47749906,55.65832097],[12.47744741,55.65926452],[12.47766581,55.66033924],[12.47749758,55.66032115],[12.47738839,55.65999457],[12.4773087,55.65912611]]],[[[12.47750496,55.65923376],[12.47756399,55.6583065],[12.47784583,55.65745612],[12.4783992,55.65669531],[12.47879319,55.65633798],[12.48102731,55.65469242],[12.4816943,55.65439027],[12.48294121,55.65407726],[12.48360967,55.65384929],[12.48358606,55.65382757],[12.48397416,55.65360413],[12.48436668,55.65379591],[12.48484478,55.65413515],[12.47937755,55.65686267],[12.47899831,55.65751221],[12.47871941,55.65821332],[12.47836231,55.65982269],[12.47829295,55.66038719],[12.47773516,55.66034377],[12.47760973,55.65994029],[12.47750496,55.65923376]]],[[[12.47756104,55.66050932],[12.47773959,55.66053012],[12.47813506,55.66133888],[12.47822507,55.66164103],[12.47832247,55.66379229],[12.47817195,55.66348652],[12.47808046,55.66159761],[12.47756104,55.66050932]]],[[[12.47780747,55.66053555],[12.47877106,55.66063054],[12.47895551,55.66387371],[12.47845527,55.66393613],[12.47832247,55.66379229],[12.47841691,55.6637932],[12.47841691,55.66353718],[12.4782782,55.6616148],[12.47818523,55.66130812],[12.47780747,55.66053555]]],[[[12.47812325,55.66600959],[12.47826787,55.66589289],[12.47836378,55.66566944],[12.47834312,55.6655446],[12.47845527,55.66544599],[12.4785689,55.66553646],[12.47884484,55.66593631],[12.47895551,55.66592093],[12.4788596,55.66590917],[12.47859989,55.66551475],[12.47846118,55.66540981],[12.47845085,55.66498462],[12.47880795,55.66495567],[12.47889059,55.66497467],[12.47941591,55.66639135],[12.48000617,55.6661679],[12.48013307,55.66877149],[12.48062298,55.67014022],[12.48065692,55.67050118],[12.48016849,55.67051022],[12.48091073,55.67217659],[12.48092697,55.67250588],[12.47964021,55.67252669],[12.47961955,55.6720228],[12.47882123,55.67203275],[12.47877844,55.67054189],[12.47850692,55.67054369],[12.47847593,55.67036005],[12.47839625,55.66808214],[12.47831214,55.66769495],[12.47831951,55.6668093],[12.47812325,55.66600959]]],[[[12.47819556,55.6649991],[12.47840363,55.66498553],[12.47840953,55.66544509],[12.47831951,55.66553917],[12.47822507,55.66555184],[12.47819556,55.6649991]]],[[[12.48398301,55.65336439],[12.48474592,55.6528216],[12.48629533,55.65284512],[12.48628058,55.65296092],[12.48693724,55.65288402],[12.48779606,55.65289669],[12.48790378,55.65298082],[12.48721023,55.6538918],[12.48640748,55.65483083],[12.48615515,55.65484621],[12.4842442,55.65349738],[12.48398301,55.65336439]]],[[[12.48517237,55.65252126],[12.48613301,55.65198933],[12.4862127,55.65202642],[12.4854011,55.65244436],[12.48546898,55.65247784],[12.48627025,55.65205265],[12.48634846,55.65214764],[12.48642076,55.65252759],[12.48517237,55.65252126]]],[[[12.48627172,55.65188891],[12.4872604,55.65133617],[12.48767358,55.65092546],[12.48803659,55.65029401],[12.48815759,55.64997286],[12.48833467,55.64982902],[12.48863717,55.64936584],[12.48853093,55.64916048],[12.48875375,55.64894065],[12.4892289,55.64862584],[12.49013642,55.64750678],[12.49028251,55.64713678],[12.49032087,55.64678578],[12.49047582,55.64647096],[12.49073553,55.64635969],[12.49111477,55.64612177],[12.49158697,55.64594536],[12.49212263,55.64584223],[12.49335478,55.64571829],[12.49391258,55.64557445],[12.49430805,55.64540981],[12.494674,55.64518636],[12.4972121,55.64331464],[12.49720472,55.64304777],[12.4976843,55.6428008],[12.49866265,55.64258187],[12.50030799,55.64169984],[12.50037292,55.64176045],[12.49713389,55.64344762],[12.4944261,55.64542971],[12.49406014,55.64559435],[12.49352596,55.64575538],[12.49315115,55.64582323],[12.49219641,55.64589832],[12.4917611,55.64596707],[12.49126676,55.64613262],[12.49083882,55.64637688],[12.49054074,55.64671341],[12.49019397,55.64761353],[12.48885409,55.64922924],[12.48771342,55.65102406],[12.48753635,55.65121675],[12.48717481,55.65148996],[12.48636321,55.65194952],[12.48628058,55.65191605],[12.48627172,55.65188891]]],[[[12.48642076,55.65197033],[12.48730172,55.65148453],[12.48779016,55.65104216],[12.48893377,55.64925005],[12.49027513,55.64763253],[12.49062486,55.64672788],[12.49090965,55.64640673],[12.49132136,55.64617152],[12.49179651,55.6460123],[12.4933415,55.64584223],[12.49382404,55.64573819],[12.4943833,55.64553103],[12.49506062,55.64512936],[12.49730949,55.64343315],[12.50043489,55.64181744],[12.50117861,55.64269133],[12.501155,55.64277908],[12.49555496,55.64620318],[12.49422393,55.64603854],[12.49105722,55.64826307],[12.49155893,55.64840963],[12.49042269,55.6492211],[12.48788017,55.6521594],[12.48850879,55.65233219],[12.48830958,55.65251674],[12.48693871,55.65251855],[12.48687821,55.65248779],[12.48672179,55.65213316],[12.48642076,55.65197033]]]]},"properties":{"id":"copenhagen:1561","name":"Vigerslevparken","nameAddon":null,"objectNumber":"1561","district":"Valby","locality":null,"type":"Lokale parker","areaM2":368712.6,"areaHa":36.87,"designation":null,"dedicated":null,"builtYear":null,"renovatedYear":null,"planningAreaId":null,"planningAreaName":null,"centroid":[12.486151,55.655141],"bounds":[12.47731,55.6417,12.50118,55.67253],"amenities":{"playground":{"status":"observed-nearby","count":4,"nearestMeters":0,"coverage":"community-mapped-observations"},"toilet":{"status":"observed-nearby","count":2,"nearestMeters":0,"coverage":"community-mapped-observations"},"drinkingFountain":{"status":"observed-nearby","count":1,"nearestMeters":0,"coverage":"community-mapped-observations"},"dogRun":{"status":"observed-nearby","count":2,"nearestMeters":0,"coverage":"community-mapped-observations"}},"sourceId":"parks"}},{"type":"Feature","id":"copenhagen:1564","geometry":{"type":"Polygon","coordinates":[[[12.49011724,55.66042247],[12.49018069,55.66038267],[12.49072963,55.66037724],[12.49109116,55.66061335],[12.49109706,55.66065859],[12.49049647,55.66089922],[12.49014085,55.6606423],[12.49011724,55.66042247]]]},"properties":{"id":"copenhagen:1564","name":"Erstatningsarealer","nameAddon":null,"objectNumber":"1564","district":"Valby","locality":null,"type":"Andet grønt område","areaM2":2089.8,"areaHa":0.21,"designation":null,"dedicated":null,"builtYear":null,"renovatedYear":null,"planningAreaId":null,"planningAreaName":null,"centroid":[12.49056,55.6606],"bounds":[12.49012,55.66038,12.4911,55.6609],"amenities":{"playground":{"status":"not-observed","count":0,"nearestMeters":null,"coverage":"community-mapped-observations"},"toilet":{"status":"not-observed","count":0,"nearestMeters":null,"coverage":"community-mapped-observations"},"drinkingFountain":{"status":"not-observed","count":0,"nearestMeters":null,"coverage":"community-mapped-observations"},"dogRun":{"status":"not-observed","count":0,"nearestMeters":null,"coverage":"community-mapped-observations"}},"sourceId":"parks"}},{"type":"Feature","id":"copenhagen:1568","geometry":{"type":"MultiPolygon","coordinates":[[[[12.51191978,55.6666157],[12.51193011,55.66643477],[12.51243478,55.66642663],[12.51240969,55.66663289],[12.51209538,55.66664827],[12.51210128,55.66662385],[12.51191978,55.6666157]]],[[[12.51205111,55.66687353],[12.51209095,55.66667541],[12.51251594,55.6666546],[12.51291141,55.66669531],[12.5134087,55.66680749],[12.51341608,55.6669649],[12.51205111,55.66687353]]]]},"properties":{"id":"copenhagen:1568","name":"Gadekjærvej","nameAddon":null,"objectNumber":"1568","district":"Valby","locality":null,"type":"Andet grønt område","areaM2":2039,"areaHa":0.2,"designation":null,"dedicated":null,"builtYear":null,"renovatedYear":null,"planningAreaId":null,"planningAreaName":null,"centroid":[12.51258,55.666737],"bounds":[12.51192,55.66643,12.51342,55.66696],"amenities":{"playground":{"status":"not-observed","count":0,"nearestMeters":null,"coverage":"community-mapped-observations"},"toilet":{"status":"not-observed","count":0,"nearestMeters":null,"coverage":"community-mapped-observations"},"drinkingFountain":{"status":"not-observed","count":0,"nearestMeters":null,"coverage":"community-mapped-observations"},"dogRun":{"status":"not-observed","count":0,"nearestMeters":null,"coverage":"community-mapped-observations"}},"sourceId":"parks"}},{"type":"Feature","id":"copenhagen:158","geometry":{"type":"Polygon","coordinates":[[[12.47016662,55.70399493],[12.47020498,55.70395694],[12.47093247,55.70386376],[12.47097969,55.70411344],[12.47103872,55.70410711],[12.47113759,55.70425276],[12.47187245,55.70411978],[12.47167619,55.70376968],[12.47402541,55.70347747],[12.47409329,55.70384838],[12.4752797,55.70377963],[12.47536086,55.70476479],[12.47426889,55.7048245],[12.47431168,55.70507328],[12.47375832,55.70513932],[12.47380554,55.70541523],[12.47324037,55.70548037],[12.47309428,55.70521893],[12.47253502,55.70528677],[12.47240516,55.70505971],[12.47141796,55.70523792],[12.47079819,55.70431518],[12.47049568,55.70436946],[12.47042633,55.70437941],[12.47016662,55.70399493]]]},"properties":{"id":"copenhagen:158","name":"Husumparken","nameAddon":null,"objectNumber":"158","district":"Brønshøj - Husum","locality":null,"type":"Lokale parker","areaM2":43183,"areaHa":4.32,"designation":null,"dedicated":null,"builtYear":null,"renovatedYear":null,"planningAreaId":null,"planningAreaName":null,"centroid":[12.473041,55.704422],"bounds":[12.47017,55.70348,12.47536,55.70548],"amenities":{"playground":{"status":"observed-nearby","count":3,"nearestMeters":0,"coverage":"community-mapped-observations"},"toilet":{"status":"not-observed","count":0,"nearestMeters":null,"coverage":"community-mapped-observations"},"drinkingFountain":{"status":"not-observed","count":0,"nearestMeters":null,"coverage":"community-mapped-observations"},"dogRun":{"status":"observed-nearby","count":1,"nearestMeters":0,"coverage":"community-mapped-observations"}},"sourceId":"parks"}},{"type":"Feature","id":"copenhagen:1584","geometry":{"type":"MultiPolygon","coordinates":[[[[12.46940962,55.68036096],[12.4694229,55.68022345],[12.47039682,55.67879501],[12.47130138,55.67818799],[12.47200231,55.6776271],[12.47216463,55.67687443],[12.47273128,55.6760693],[12.47299394,55.67456305],[12.4730751,55.67442374],[12.47364322,55.67392166],[12.47371405,55.67359327],[12.47419658,55.67291116],[12.4742984,55.67295097],[12.47384095,55.67390447],[12.47319463,55.67454677],[12.47303378,55.67525059],[12.47294672,55.67605935],[12.47239335,55.67684277],[12.47223841,55.67759092],[12.47133532,55.67833725],[12.47051044,55.67890356],[12.46961916,55.68020626],[12.46959997,55.68036367],[12.46940962,55.68036096]]],[[[12.46966342,55.68036457],[12.46966933,55.6802343],[12.47056209,55.67892166],[12.47138254,55.67835806],[12.47229449,55.67760268],[12.47245238,55.67685272],[12.47300574,55.67606658],[12.47309281,55.67525421],[12.47325218,55.67455401],[12.47387047,55.67395513],[12.47435595,55.67296182],[12.47457435,55.6729962],[12.47562205,55.67291478],[12.48091516,55.67281527],[12.48168692,55.67285055],[12.48209419,55.67290845],[12.48367313,55.67358965],[12.48404056,55.67381762],[12.48415271,55.67400036],[12.48454375,55.67574995],[12.4847105,55.6759146],[12.48650488,55.67705898],[12.48536716,55.67772933],[12.48529043,55.67786684],[12.48371444,55.67750317],[12.48210157,55.67693233],[12.48165445,55.67658404],[12.48128702,55.67641487],[12.48058609,55.67638592],[12.4800888,55.67649086],[12.47963873,55.67677311],[12.47961217,55.67687443],[12.478926,55.67783789],[12.4785866,55.67846571],[12.47839477,55.67863126],[12.47753595,55.67917405],[12.47641447,55.68027863],[12.47618427,55.68042338],[12.47480012,55.6810123],[12.4741892,55.68133707],[12.47370372,55.68126199],[12.46997774,55.68049394],[12.46984198,55.68044418],[12.46981837,55.68036638],[12.46966342,55.68036457]],[[12.46985821,55.68040076],[12.4699438,55.68046047],[12.47039977,55.68056541],[12.47386752,55.68126561],[12.47449024,55.68094084],[12.47613114,55.68021712],[12.47726148,55.67907907],[12.47811735,55.67852904],[12.47831509,55.67835806],[12.4786899,55.67766691],[12.47929048,55.67678668],[12.47968153,55.676499],[12.48007257,55.6763226],[12.48048427,55.67624299],[12.48080154,55.6762258],[12.48119848,55.6762457],[12.48149066,55.6763027],[12.48176808,55.67643116],[12.4823303,55.67683825],[12.48379708,55.67734214],[12.48533765,55.67769767],[12.48641781,55.67709155],[12.48461901,55.67606477],[12.48430618,55.67580695],[12.48392841,55.67411706],[12.4838325,55.67389542],[12.48350638,55.67372173],[12.48250737,55.67341415],[12.48193335,55.67307943],[12.48145524,55.67294192],[12.48082515,55.67283517],[12.47617099,55.67292654],[12.47507459,55.67313823],[12.47472781,55.67329112],[12.4744017,55.67351276],[12.47409772,55.67402479],[12.47349418,55.67463904],[12.47322856,55.67613172],[12.47269734,55.67688348],[12.47252616,55.67767776],[12.47164373,55.67839787],[12.47074359,55.67902026],[12.46985821,55.68040076]]],[[[12.47540808,55.67881219],[12.47550252,55.67880586],[12.47547596,55.67877058],[12.47559549,55.67869007],[12.47575781,55.67866112],[12.47590242,55.67875792],[12.47582864,55.67884748],[12.47569878,55.67892618],[12.47544645,55.67891442],[12.47540808,55.67881219]]],[[[12.48292498,55.67487878],[12.48298548,55.67484802],[12.48306074,55.6748833],[12.48301057,55.67492401],[12.48292498,55.67487878]]],[[[12.48292941,55.67464266],[12.48294269,55.67452868],[12.48305926,55.67448344],[12.48313157,55.67454587],[12.48292941,55.67464266]]],[[[12.48301942,55.67510403],[12.4830814,55.67506785],[12.483257,55.67524516],[12.48321125,55.67528044],[12.48302237,55.67517731],[12.48301942,55.67510403]]]]},"properties":{"id":"copenhagen:1584","name":"Damhussøen","nameAddon":null,"objectNumber":"1584","district":"Vanløse","locality":null,"type":"Lokale parker","areaM2":62066.1,"areaHa":6.21,"designation":null,"dedicated":null,"builtYear":null,"renovatedYear":null,"planningAreaId":null,"planningAreaName":null,"centroid":[12.476839,55.676756],"bounds":[12.46941,55.67282,12.4865,55.68134],"amenities":{"playground":{"status":"observed-nearby","count":1,"nearestMeters":58,"coverage":"community-mapped-observations"},"toilet":{"status":"observed-nearby","count":1,"nearestMeters":42,"coverage":"community-mapped-observations"},"drinkingFountain":{"status":"observed-nearby","count":1,"nearestMeters":6,"coverage":"community-mapped-observations"},"dogRun":{"status":"not-observed","count":0,"nearestMeters":null,"coverage":"community-mapped-observations"}},"sourceId":"parks"}},{"type":"Feature","id":"copenhagen:1587","geometry":{"type":"Polygon","coordinates":[[[12.51703434,55.69936765],[12.51776183,55.69911887],[12.51774264,55.69907907],[12.5178666,55.69903745],[12.51752868,55.69870183],[12.51830781,55.69844853],[12.52193493,55.69814999],[12.52226547,55.69846119],[12.52011547,55.70015379],[12.51935552,55.70041252],[12.51895119,55.70006061],[12.51878592,55.7000778],[12.51805105,55.70032206],[12.51703434,55.69936765]]]},"properties":{"id":"copenhagen:1587","name":"Genforeningspladsen","nameAddon":null,"objectNumber":"1587","district":"Vanløse","locality":null,"type":"Lokale parker","areaM2":48705,"areaHa":4.87,"designation":null,"dedicated":null,"builtYear":null,"renovatedYear":null,"planningAreaId":null,"planningAreaName":null,"centroid":[12.519544,55.69918],"bounds":[12.51703,55.69815,12.52227,55.70041],"amenities":{"playground":{"status":"observed-nearby","count":2,"nearestMeters":0,"coverage":"community-mapped-observations"},"toilet":{"status":"not-observed","count":0,"nearestMeters":null,"coverage":"community-mapped-observations"},"drinkingFountain":{"status":"not-observed","count":0,"nearestMeters":null,"coverage":"community-mapped-observations"},"dogRun":{"status":"not-observed","count":0,"nearestMeters":null,"coverage":"community-mapped-observations"}},"sourceId":"parks"}},{"type":"Feature","id":"copenhagen:1591","geometry":{"type":"Polygon","coordinates":[[[12.51856753,55.70386919],[12.51945438,55.7025294],[12.51961375,55.70252578],[12.52001218,55.70294192],[12.52034862,55.70363126],[12.51856753,55.70386919]]]},"properties":{"id":"copenhagen:1591","name":"Bellahøjmarken","nameAddon":null,"objectNumber":"1591","district":"Bispebjerg","locality":null,"type":"Lokale parker","areaM2":8813,"areaHa":0.88,"designation":null,"dedicated":null,"builtYear":null,"renovatedYear":null,"planningAreaId":null,"planningAreaName":null,"centroid":[12.519511,55.703294],"bounds":[12.51857,55.70253,12.52035,55.70387],"amenities":{"playground":{"status":"not-observed","count":0,"nearestMeters":null,"coverage":"community-mapped-observations"},"toilet":{"status":"not-observed","count":0,"nearestMeters":null,"coverage":"community-mapped-observations"},"drinkingFountain":{"status":"not-observed","count":0,"nearestMeters":null,"coverage":"community-mapped-observations"},"dogRun":{"status":"not-observed","count":0,"nearestMeters":null,"coverage":"community-mapped-observations"}},"sourceId":"parks"}},{"type":"Feature","id":"copenhagen:1595","geometry":{"type":"MultiPolygon","coordinates":[[[[12.50746926,55.69764248],[12.50879438,55.69709607],[12.50932561,55.6975104],[12.50944071,55.69746517],[12.50948793,55.69750588],[12.50939496,55.69754116],[12.50955876,55.69768229],[12.50965025,55.69764791],[12.5101195,55.698055],[12.51002949,55.69808847],[12.51017558,55.69821332],[12.51028477,55.69819703],[12.51033199,55.69823774],[12.51174418,55.69960376],[12.51173828,55.69963362],[12.51026854,55.7001366],[12.51019181,55.70012665],[12.50746926,55.69764248]]],[[[12.50966796,55.69749231],[12.51256906,55.69640402],[12.5134146,55.69697123],[12.51037626,55.69810838],[12.50966796,55.69749231]]]]},"properties":{"id":"copenhagen:1595","name":"Rødkilde Park og Plads","nameAddon":null,"objectNumber":"1595","district":"Vanløse","locality":null,"type":"Lokale parker","areaM2":56441.7,"areaHa":5.64,"designation":null,"dedicated":null,"builtYear":null,"renovatedYear":null,"planningAreaId":null,"planningAreaName":null,"centroid":[12.510238,55.698179],"bounds":[12.50747,55.6964,12.51341,55.70014],"amenities":{"playground":{"status":"observed-nearby","count":2,"nearestMeters":0,"coverage":"community-mapped-observations"},"toilet":{"status":"observed-nearby","count":1,"nearestMeters":0,"coverage":"community-mapped-observations"},"drinkingFountain":{"status":"observed-nearby","count":1,"nearestMeters":0,"coverage":"community-mapped-observations"},"dogRun":{"status":"not-observed","count":0,"nearestMeters":null,"coverage":"community-mapped-observations"}},"sourceId":"parks"}},{"type":"Feature","id":"copenhagen:1598","geometry":{"type":"Polygon","coordinates":[[[12.49421213,55.68642301],[12.49469171,55.68616157],[12.49504586,55.68589922],[12.49543396,55.68551113],[12.49550184,55.68536548],[12.49492929,55.68511489],[12.49518457,55.68492039],[12.49597994,55.68526325],[12.4956981,55.68548399],[12.4954797,55.68585037],[12.49517129,55.68610639],[12.4949042,55.68630179],[12.49477435,55.68632441],[12.49453087,55.68649177],[12.4943774,55.68653881],[12.49421213,55.68642301]]]},"properties":{"id":"copenhagen:1598","name":"Grønvangen","nameAddon":null,"objectNumber":"1598","district":"Vanløse","locality":null,"type":"Andet grønt område","areaM2":4264.2,"areaHa":0.43,"designation":null,"dedicated":null,"builtYear":null,"renovatedYear":null,"planningAreaId":null,"planningAreaName":null,"centroid":[12.495203,55.685687],"bounds":[12.49421,55.68492,12.49598,55.68654],"amenities":{"playground":{"status":"not-observed","count":0,"nearestMeters":null,"coverage":"community-mapped-observations"},"toilet":{"status":"not-observed","count":0,"nearestMeters":null,"coverage":"community-mapped-observations"},"drinkingFountain":{"status":"not-observed","count":0,"nearestMeters":null,"coverage":"community-mapped-observations"},"dogRun":{"status":"not-observed","count":0,"nearestMeters":null,"coverage":"community-mapped-observations"}},"sourceId":"parks"}},{"type":"Feature","id":"copenhagen:16","geometry":{"type":"Polygon","coordinates":[[[12.54505522,55.66861227],[12.54531641,55.66857246],[12.54556579,55.6685788],[12.5454802,55.66897594],[12.54525443,55.66896327],[12.54505522,55.66861227]]]},"properties":{"id":"copenhagen:16","name":"Baggesen","nameAddon":null,"objectNumber":"16","district":"Vesterbro","locality":null,"type":"Andet grønt område","areaM2":1016.5,"areaHa":0.1,"designation":null,"dedicated":null,"builtYear":null,"renovatedYear":null,"planningAreaId":null,"planningAreaName":null,"centroid":[12.545337,55.668751],"bounds":[12.54506,55.66857,12.54557,55.66898],"amenities":{"playground":{"status":"observed-nearby","count":1,"nearestMeters":21,"coverage":"community-mapped-observations"},"toilet":{"status":"not-observed","count":0,"nearestMeters":null,"coverage":"community-mapped-observations"},"drinkingFountain":{"status":"not-observed","count":0,"nearestMeters":null,"coverage":"community-mapped-observations"},"dogRun":{"status":"not-observed","count":0,"nearestMeters":null,"coverage":"community-mapped-observations"}},"sourceId":"parks"}},{"type":"Feature","id":"copenhagen:1605","geometry":{"type":"MultiPolygon","coordinates":[[[[12.46345542,55.69685453],[12.46348641,55.69634521],[12.46371661,55.69599331],[12.46548885,55.69420481],[12.46637718,55.69340872],[12.46682135,55.69273476],[12.46699695,55.69182468],[12.46692464,55.69170165],[12.46717845,55.69168355],[12.46692612,55.69285779],[12.46673724,55.69321332],[12.46445295,55.69541795],[12.46377268,55.69609824],[12.46361184,55.69632441],[12.46357494,55.69672336],[12.46387597,55.69757916],[12.46426407,55.69910892],[12.46396894,55.70076714],[12.46379924,55.70079157],[12.46407961,55.69902388],[12.46345542,55.69685453]]],[[[12.46362807,55.69671883],[12.46366348,55.69633164],[12.46381842,55.69611181],[12.46449869,55.69543333],[12.46678593,55.69322598],[12.46698072,55.69286231],[12.46724486,55.69167903],[12.46772001,55.69164556],[12.46762262,55.69224625],[12.46791627,55.6922761],[12.46762705,55.69279175],[12.46751637,55.6932685],[12.46757835,55.69332821],[12.46805646,55.69349557],[12.46808892,55.69354532],[12.46650556,55.69499819],[12.46494876,55.69657952],[12.46492368,55.69671883],[12.46545638,55.6985028],[12.46552426,55.69890266],[12.4654977,55.69928533],[12.46523356,55.70054189],[12.46433342,55.70076624],[12.46426407,55.70077167],[12.46428915,55.7007201],[12.46402501,55.700759],[12.46431571,55.69905916],[12.46393795,55.69761263],[12.46362807,55.69671883]]]]},"properties":{"id":"copenhagen:1605","name":"Krogebjergparken","nameAddon":null,"objectNumber":"1605","district":"Vanløse","locality":null,"type":"Lokale parker","areaM2":88059.1,"areaHa":8.81,"designation":null,"dedicated":null,"builtYear":null,"renovatedYear":null,"planningAreaId":null,"planningAreaName":null,"centroid":[12.46535,55.696371],"bounds":[12.46346,55.69165,12.46809,55.70079],"amenities":{"playground":{"status":"observed-nearby","count":1,"nearestMeters":0,"coverage":"community-mapped-observations"},"toilet":{"status":"not-observed","count":0,"nearestMeters":null,"coverage":"community-mapped-observations"},"drinkingFountain":{"status":"not-observed","count":0,"nearestMeters":null,"coverage":"community-mapped-observations"},"dogRun":{"status":"observed-nearby","count":1,"nearestMeters":0,"coverage":"community-mapped-observations"}},"sourceId":"parks"}},{"type":"Feature","id":"copenhagen:1606","geometry":{"type":"MultiPolygon","coordinates":[[[[12.46601417,55.69020807],[12.46632996,55.68886105],[12.46699695,55.68666727],[12.46723748,55.68531663],[12.46751342,55.6844165],[12.46751932,55.68387281],[12.46792365,55.68280622],[12.46779527,55.6823928],[12.46808154,55.68216845],[12.46856555,55.68190067],[12.46929009,55.6813416],[12.46940224,55.68119595],[12.46940962,55.68036096],[12.46959997,55.68036367],[12.46958374,55.68065678],[12.46974163,55.68084042],[12.47187541,55.68152343],[12.47302788,55.68273747],[12.47306477,55.68284422],[12.47157733,55.68465804],[12.47144895,55.68534829],[12.47138549,55.68653248],[12.47139287,55.68682377],[12.47151092,55.68736023],[12.4713914,55.68764701],[12.47017104,55.68891261],[12.46840175,55.69023611],[12.46737471,55.6911281],[12.46721682,55.69140854],[12.46671953,55.69144473],[12.46622076,55.69087661],[12.4660791,55.69060702],[12.46601417,55.69020807]]],[[[12.46731273,55.6914013],[12.46742341,55.69114257],[12.46851243,55.69019902],[12.47008988,55.68904379],[12.47144747,55.68766058],[12.47157142,55.68736204],[12.47144747,55.68653338],[12.47150945,55.685351],[12.47163783,55.68466347],[12.47313265,55.68284784],[12.47308986,55.68272209],[12.47188573,55.68147277],[12.46975491,55.68079338],[12.46964719,55.68063597],[12.4696649,55.68036457],[12.46981837,55.68036638],[12.46984198,55.68044418],[12.46997774,55.68049394],[12.4741287,55.68133074],[12.47405787,55.68137235],[12.47344696,55.68290121],[12.47192115,55.68475213],[12.47185917,55.68510494],[12.47259994,55.68511941],[12.47262503,55.68523159],[12.47184147,55.68521621],[12.47174702,55.68677854],[12.47274308,55.68673602],[12.47264569,55.68711055],[12.47188869,55.68707617],[12.47191525,55.68729238],[12.47176031,55.6876072],[12.47077015,55.6887543],[12.4702463,55.68923648],[12.46878837,55.69021259],[12.46846226,55.69047313],[12.46796349,55.6909146],[12.46781002,55.69111724],[12.46776723,55.69137054],[12.46731273,55.6914013]]]]},"properties":{"id":"copenhagen:1606","name":"Damhusengen","nameAddon":null,"objectNumber":"1606","district":"Vanløse","locality":null,"type":"Lokale parker","areaM2":325555,"areaHa":32.56,"designation":null,"dedicated":null,"builtYear":null,"renovatedYear":null,"planningAreaId":null,"planningAreaName":null,"centroid":[12.469623,55.68555],"bounds":[12.46601,55.68036,12.47413,55.69144],"amenities":{"playground":{"status":"observed-nearby","count":2,"nearestMeters":0,"coverage":"community-mapped-observations"},"toilet":{"status":"observed-nearby","count":2,"nearestMeters":0,"coverage":"community-mapped-observations"},"drinkingFountain":{"status":"observed-nearby","count":2,"nearestMeters":0,"coverage":"community-mapped-observations"},"dogRun":{"status":"observed-nearby","count":2,"nearestMeters":0,"coverage":"community-mapped-observations"}},"sourceId":"parks"}},{"type":"Feature","id":"copenhagen:161","geometry":{"type":"Polygon","coordinates":[[[12.51906777,55.7178605],[12.51908695,55.71774561],[12.5195016,55.7168862],[12.52139042,55.71685996],[12.52175048,55.71707255],[12.52256355,55.71744889],[12.52341942,55.71776461],[12.52430333,55.71801429],[12.52678092,55.71860684],[12.52627921,55.71886195],[12.52071458,55.71849376],[12.52017597,55.71843134],[12.51946619,55.71821151],[12.51912532,55.71797539],[12.51906777,55.7178605]]]},"properties":{"id":"copenhagen:161","name":"Naturværkstedet Strejf","nameAddon":null,"objectNumber":"161","district":"Bispebjerg","locality":null,"type":"Naturområder","areaM2":54020,"areaHa":5.4,"designation":null,"dedicated":null,"builtYear":null,"renovatedYear":null,"planningAreaId":null,"planningAreaName":null,"centroid":[12.52208,55.717946],"bounds":[12.51907,55.71686,12.52678,55.71886],"amenities":{"playground":{"status":"not-observed","count":0,"nearestMeters":null,"coverage":"community-mapped-observations"},"toilet":{"status":"not-observed","count":0,"nearestMeters":null,"coverage":"community-mapped-observations"},"drinkingFountain":{"status":"observed-nearby","count":1,"nearestMeters":15,"coverage":"community-mapped-observations"},"dogRun":{"status":"not-observed","count":0,"nearestMeters":null,"coverage":"community-mapped-observations"}},"sourceId":"parks"}},{"type":"Feature","id":"copenhagen:162","geometry":{"type":"Polygon","coordinates":[[[12.63649162,55.65015922],[12.63963473,55.64631355],[12.64294606,55.6466347],[12.64075769,55.64967614],[12.6406662,55.64987244],[12.6402781,55.65071015],[12.64014972,55.650759],[12.63972031,55.65077257],[12.63740799,55.65067035],[12.63692693,55.65052289],[12.63649162,55.65015922]]]},"properties":{"id":"copenhagen:162","name":"Kastrup Fortet","nameAddon":null,"objectNumber":"162","district":"Amager Øst","locality":null,"type":"Regionale parker","areaM2":111170.2,"areaHa":11.12,"designation":null,"dedicated":null,"builtYear":null,"renovatedYear":null,"planningAreaId":null,"planningAreaName":null,"centroid":[12.639677,55.648611],"bounds":[12.63649,55.64631,12.64295,55.65077],"amenities":{"playground":{"status":"observed-nearby","count":1,"nearestMeters":0,"coverage":"community-mapped-observations"},"toilet":{"status":"observed-nearby","count":2,"nearestMeters":0,"coverage":"community-mapped-observations"},"drinkingFountain":{"status":"not-observed","count":0,"nearestMeters":null,"coverage":"community-mapped-observations"},"dogRun":{"status":"not-observed","count":0,"nearestMeters":null,"coverage":"community-mapped-observations"}},"sourceId":"parks"}},{"type":"Feature","id":"copenhagen:1630","geometry":{"type":"MultiPolygon","coordinates":[[[[12.45491886,55.7062647],[12.4550856,55.70611001],[12.45526858,55.70576081],[12.45579538,55.70501447],[12.45656567,55.70452958],[12.45678554,55.70443188],[12.45795277,55.70404379],[12.45872157,55.70389361],[12.46047906,55.70334268],[12.46112834,55.70321241],[12.46254938,55.70312104],[12.46325326,55.70305772],[12.46355871,55.70297811],[12.46371513,55.70289398],[12.46406486,55.70259363],[12.46428473,55.7021784],[12.46501664,55.70223901],[12.46502107,55.70214131],[12.46428768,55.70215397],[12.46412978,55.70147367],[12.46411503,55.70102497],[12.46430539,55.7009734],[12.46445442,55.70097793],[12.46430391,55.70101502],[12.46430243,55.70138411],[12.46447951,55.70212593],[12.46522028,55.70205356],[12.46524389,55.70212864],[12.46519667,55.70237652],[12.46445885,55.70226886],[12.46422423,55.70263434],[12.46383023,55.70297992],[12.46385679,55.70339063],[12.46420061,55.70364755],[12.46459461,55.70370364],[12.46443967,55.70404559],[12.46430834,55.70405555],[12.46365168,55.70383391],[12.46384204,55.70360413],[12.4632503,55.70316356],[12.46140281,55.70325583],[12.46056464,55.70343857],[12.46009982,55.70357065],[12.46044069,55.70396146],[12.4601618,55.70404107],[12.45982683,55.7036584],[12.4587924,55.70399403],[12.45801032,55.70414239],[12.45724003,55.70439931],[12.45758681,55.70478831],[12.45739497,55.70487154],[12.45694638,55.7045712],[12.45601378,55.70514565],[12.45555485,55.70579066],[12.45535122,55.70621947],[12.45585736,55.70633798],[12.4557644,55.70642754],[12.45557404,55.70649629],[12.45491886,55.7062647]]],[[[12.46124639,55.70316808],[12.46131574,55.7031527],[12.46152824,55.70314094],[12.46134378,55.70316175],[12.46124639,55.70316808]]],[[[12.46178647,55.70312647],[12.4628932,55.70306134],[12.46319571,55.70305048],[12.46223507,55.7031138],[12.46178647,55.70312647]]]]},"properties":{"id":"copenhagen:1630","name":"Krogebjergparken","nameAddon":null,"objectNumber":"1630","district":"Brønshøj - Husum","locality":null,"type":"Lokale parker","areaM2":19057.7,"areaHa":1.91,"designation":null,"dedicated":null,"builtYear":null,"renovatedYear":null,"planningAreaId":null,"planningAreaName":null,"centroid":[12.460276,55.703886],"bounds":[12.45492,55.70097,12.46524,55.7065],"amenities":{"playground":{"status":"not-observed","count":0,"nearestMeters":null,"coverage":"community-mapped-observations"},"toilet":{"status":"not-observed","count":0,"nearestMeters":null,"coverage":"community-mapped-observations"},"drinkingFountain":{"status":"not-observed","count":0,"nearestMeters":null,"coverage":"community-mapped-observations"},"dogRun":{"status":"observed-nearby","count":1,"nearestMeters":22,"coverage":"community-mapped-observations"}},"sourceId":"parks"}},{"type":"Feature","id":"copenhagen:1642","geometry":{"type":"MultiPolygon","coordinates":[[[[12.50687015,55.70597702],[12.50704722,55.70561969],[12.50965468,55.70598516],[12.50963844,55.70602135],[12.50984798,55.70605211],[12.50965763,55.70654967],[12.510453,55.70736385],[12.50991144,55.70753845],[12.50735416,55.70747422],[12.50738957,55.7071214],[12.50726562,55.70708703],[12.50734825,55.7066528],[12.50708854,55.70663018],[12.50706936,55.70651981],[12.50711658,55.70652614],[12.50701771,55.70600145],[12.50687015,55.70597702]],[[12.50769208,55.7070626],[12.50836792,55.70730957],[12.50899359,55.70727248],[12.50927691,55.70709155],[12.50932266,55.70692148],[12.50928724,55.70680568],[12.50888882,55.7066139],[12.50851844,55.70663923],[12.50842252,55.7066148],[12.50782341,55.70670074],[12.50772602,55.70679935],[12.50778357,55.70691153],[12.50769208,55.7070626]]],[[[12.5104161,55.70682468],[12.51136642,55.70694681],[12.51142397,55.70731409],[12.51097832,55.7073928],[12.5104161,55.70682468]]]]},"properties":{"id":"copenhagen:1642","name":"Brønshøjsparken","nameAddon":null,"objectNumber":"1642","district":"Brønshøj - Husum","locality":null,"type":"Lokale parker","areaM2":29151.3,"areaHa":2.92,"designation":null,"dedicated":null,"builtYear":null,"renovatedYear":null,"planningAreaId":null,"planningAreaName":null,"centroid":[12.508716,55.706635],"bounds":[12.50687,55.70562,12.51142,55.70754],"amenities":{"playground":{"status":"observed-nearby","count":1,"nearestMeters":0,"coverage":"community-mapped-observations"},"toilet":{"status":"observed-nearby","count":1,"nearestMeters":0,"coverage":"community-mapped-observations"},"drinkingFountain":{"status":"not-observed","count":0,"nearestMeters":null,"coverage":"community-mapped-observations"},"dogRun":{"status":"not-observed","count":0,"nearestMeters":null,"coverage":"community-mapped-observations"}},"sourceId":"parks"}},{"type":"Feature","id":"copenhagen:165","geometry":{"type":"Polygon","coordinates":[[[12.61358973,55.65522435],[12.61380369,55.6549421],[12.61439837,55.65507056],[12.61425671,55.65533563],[12.61358973,55.65522435]]]},"properties":{"id":"copenhagen:165","name":"Højdevej-Kirkegårdsvej","nameAddon":null,"objectNumber":"165","district":"Amager Øst","locality":null,"type":"Andet grønt område","areaM2":1516.6,"areaHa":0.15,"designation":null,"dedicated":null,"builtYear":null,"renovatedYear":null,"planningAreaId":null,"planningAreaName":null,"centroid":[12.614006,55.655144],"bounds":[12.61359,55.65494,12.6144,55.65534],"amenities":{"playground":{"status":"observed-nearby","count":1,"nearestMeters":0,"coverage":"community-mapped-observations"},"toilet":{"status":"not-observed","count":0,"nearestMeters":null,"coverage":"community-mapped-observations"},"drinkingFountain":{"status":"not-observed","count":0,"nearestMeters":null,"coverage":"community-mapped-observations"},"dogRun":{"status":"not-observed","count":0,"nearestMeters":null,"coverage":"community-mapped-observations"}},"sourceId":"parks"}},{"type":"Feature","id":"copenhagen:166","geometry":{"type":"Polygon","coordinates":[[[12.62168802,55.64795911],[12.62179279,55.64749322],[12.62219122,55.64755383],[12.62220745,55.6475882],[12.62173524,55.64796906],[12.62168802,55.64795911]]]},"properties":{"id":"copenhagen:166","name":"Kastrupvej m.fl.","nameAddon":null,"objectNumber":"166","district":"Amager Øst","locality":null,"type":"Andet grønt område","areaM2":776.3,"areaHa":0.08,"designation":null,"dedicated":null,"builtYear":null,"renovatedYear":null,"planningAreaId":null,"planningAreaName":null,"centroid":[12.621903,55.647688],"bounds":[12.62169,55.64749,12.62221,55.64797],"amenities":{"playground":{"status":"not-observed","count":0,"nearestMeters":null,"coverage":"community-mapped-observations"},"toilet":{"status":"not-observed","count":0,"nearestMeters":null,"coverage":"community-mapped-observations"},"drinkingFountain":{"status":"not-observed","count":0,"nearestMeters":null,"coverage":"community-mapped-observations"},"dogRun":{"status":"not-observed","count":0,"nearestMeters":null,"coverage":"community-mapped-observations"}},"sourceId":"parks"}},{"type":"Feature","id":"copenhagen:167","geometry":{"type":"Polygon","coordinates":[[[12.59557219,55.66532115],[12.59589978,55.66525059],[12.59612851,55.66561245],[12.5961226,55.66565949],[12.59580682,55.66573639],[12.59570205,55.66572915],[12.59557219,55.66532115]]]},"properties":{"id":"copenhagen:167","name":"Majporten","nameAddon":null,"objectNumber":"167","district":"Amager Vest","locality":null,"type":"Lokale parker","areaM2":1258.8,"areaHa":0.13,"designation":null,"dedicated":null,"builtYear":null,"renovatedYear":null,"planningAreaId":null,"planningAreaName":null,"centroid":[12.595838,55.665504],"bounds":[12.59557,55.66525,12.59613,55.66574],"amenities":{"playground":{"status":"observed-nearby","count":1,"nearestMeters":60,"coverage":"community-mapped-observations"},"toilet":{"status":"not-observed","count":0,"nearestMeters":null,"coverage":"community-mapped-observations"},"drinkingFountain":{"status":"not-observed","count":0,"nearestMeters":null,"coverage":"community-mapped-observations"},"dogRun":{"status":"not-observed","count":0,"nearestMeters":null,"coverage":"community-mapped-observations"}},"sourceId":"parks"}},{"type":"Feature","id":"copenhagen:169","geometry":{"type":"Polygon","coordinates":[[[12.60110436,55.65636331],[12.6016164,55.65621856],[12.60411613,55.6557979],[12.60427845,55.6560512],[12.60247375,55.65632893],[12.60134931,55.65662204],[12.60110436,55.65636331]]]},"properties":{"id":"copenhagen:169","name":"Sæterdalsgade","nameAddon":null,"objectNumber":"169","district":"Amager Vest","locality":null,"type":"Andet grønt område","areaM2":5848.1,"areaHa":0.58,"designation":null,"dedicated":null,"builtYear":null,"renovatedYear":null,"planningAreaId":null,"planningAreaName":null,"centroid":[12.602657,55.656188],"bounds":[12.6011,55.6558,12.60428,55.65662],"amenities":{"playground":{"status":"observed-nearby","count":1,"nearestMeters":0,"coverage":"community-mapped-observations"},"toilet":{"status":"not-observed","count":0,"nearestMeters":null,"coverage":"community-mapped-observations"},"drinkingFountain":{"status":"not-observed","count":0,"nearestMeters":null,"coverage":"community-mapped-observations"},"dogRun":{"status":"not-observed","count":0,"nearestMeters":null,"coverage":"community-mapped-observations"}},"sourceId":"parks"}},{"type":"Feature","id":"copenhagen:170","geometry":{"type":"Polygon","coordinates":[[[12.56678546,55.69366474],[12.56941062,55.69220192],[12.56984298,55.69247331],[12.56854146,55.69315994],[12.56881003,55.69335897],[12.56748343,55.69406278],[12.56686809,55.69373892],[12.56678546,55.69366474]]]},"properties":{"id":"copenhagen:170","name":"Fredens park","nameAddon":null,"objectNumber":"170","district":"Østerbro","locality":null,"type":"Lokale parker","areaM2":12506.4,"areaHa":1.25,"designation":null,"dedicated":null,"builtYear":null,"renovatedYear":null,"planningAreaId":null,"planningAreaName":null,"centroid":[12.56824,55.693197],"bounds":[12.56679,55.6922,12.56984,55.69406],"amenities":{"playground":{"status":"observed-nearby","count":1,"nearestMeters":0,"coverage":"community-mapped-observations"},"toilet":{"status":"not-observed","count":0,"nearestMeters":null,"coverage":"community-mapped-observations"},"drinkingFountain":{"status":"not-observed","count":0,"nearestMeters":null,"coverage":"community-mapped-observations"},"dogRun":{"status":"not-observed","count":0,"nearestMeters":null,"coverage":"community-mapped-observations"}},"sourceId":"parks"}},{"type":"Feature","id":"copenhagen:171","geometry":{"type":"MultiPolygon","coordinates":[[[[12.5551294,55.72030306],[12.55533303,55.71978107],[12.55564439,55.71983174],[12.5552622,55.72050389],[12.55521646,55.72049846],[12.55523712,55.72030487],[12.5551294,55.72030306]]],[[[12.55582737,55.71933599],[12.55605314,55.7187163],[12.55620956,55.71873801],[12.55624645,55.71877691],[12.55591886,55.71934865],[12.55582737,55.71933599]]]]},"properties":{"id":"copenhagen:171","name":"Lyngbyvej-Emdrupvej","nameAddon":null,"objectNumber":"171","district":"Bispebjerg","locality":null,"type":"Andet grønt område","areaM2":1823.9,"areaHa":0.18,"designation":null,"dedicated":null,"builtYear":null,"renovatedYear":null,"planningAreaId":null,"planningAreaName":null,"centroid":[12.555614,55.719676],"bounds":[12.55513,55.71872,12.55625,55.7205],"amenities":{"playground":{"status":"not-observed","count":0,"nearestMeters":null,"coverage":"community-mapped-observations"},"toilet":{"status":"not-observed","count":0,"nearestMeters":null,"coverage":"community-mapped-observations"},"drinkingFountain":{"status":"not-observed","count":0,"nearestMeters":null,"coverage":"community-mapped-observations"},"dogRun":{"status":"not-observed","count":0,"nearestMeters":null,"coverage":"community-mapped-observations"}},"sourceId":"parks"}},{"type":"Feature","id":"copenhagen:1716","geometry":{"type":"Polygon","coordinates":[[[12.46094241,55.70594626],[12.4618573,55.70573367],[12.4624269,55.70656866],[12.4615002,55.7067695],[12.46094241,55.70594626]]]},"properties":{"id":"copenhagen:1716","name":"Broager-Kransager","nameAddon":null,"objectNumber":"1716","district":"Brønshøj - Husum","locality":null,"type":"Andet grønt område","areaM2":5272.6,"areaHa":0.53,"designation":null,"dedicated":null,"builtYear":null,"renovatedYear":null,"planningAreaId":null,"planningAreaName":null,"centroid":[12.461683,55.706255],"bounds":[12.46094,55.70573,12.46243,55.70677],"amenities":{"playground":{"status":"not-observed","count":0,"nearestMeters":null,"coverage":"community-mapped-observations"},"toilet":{"status":"not-observed","count":0,"nearestMeters":null,"coverage":"community-mapped-observations"},"drinkingFountain":{"status":"not-observed","count":0,"nearestMeters":null,"coverage":"community-mapped-observations"},"dogRun":{"status":"not-observed","count":0,"nearestMeters":null,"coverage":"community-mapped-observations"}},"sourceId":"parks"}},{"type":"Feature","id":"copenhagen:173","geometry":{"type":"Polygon","coordinates":[[[12.55229765,55.72074543],[12.55305317,55.72068301],[12.55276542,55.72105301],[12.5524762,55.72087389],[12.55229765,55.72074543]]]},"properties":{"id":"copenhagen:173","name":"Egbækvej-Danstrupvej","nameAddon":null,"objectNumber":"173","district":"Bispebjerg","locality":null,"type":"Andet grønt område","areaM2":966.5,"areaHa":0.1,"designation":null,"dedicated":null,"builtYear":null,"renovatedYear":null,"planningAreaId":null,"planningAreaName":null,"centroid":[12.552702,55.720828],"bounds":[12.5523,55.72068,12.55305,55.72105],"amenities":{"playground":{"status":"not-observed","count":0,"nearestMeters":null,"coverage":"community-mapped-observations"},"toilet":{"status":"not-observed","count":0,"nearestMeters":null,"coverage":"community-mapped-observations"},"drinkingFountain":{"status":"not-observed","count":0,"nearestMeters":null,"coverage":"community-mapped-observations"},"dogRun":{"status":"not-observed","count":0,"nearestMeters":null,"coverage":"community-mapped-observations"}},"sourceId":"parks"}},{"type":"Feature","id":"copenhagen:174","geometry":{"type":"Polygon","coordinates":[[[12.52471208,55.71075629],[12.52487293,55.7098435],[12.52664369,55.71000995],[12.52630282,55.71090736],[12.52471208,55.71075629]]]},"properties":{"id":"copenhagen:174","name":"Degnestavnen","nameAddon":null,"objectNumber":"174","district":"Bispebjerg","locality":null,"type":"Andet grønt område","areaM2":10929.9,"areaHa":1.09,"designation":null,"dedicated":null,"builtYear":null,"renovatedYear":null,"planningAreaId":null,"planningAreaName":null,"centroid":[12.525635,55.710371],"bounds":[12.52471,55.70984,12.52664,55.71091],"amenities":{"playground":{"status":"observed-nearby","count":1,"nearestMeters":39,"coverage":"community-mapped-observations"},"toilet":{"status":"not-observed","count":0,"nearestMeters":null,"coverage":"community-mapped-observations"},"drinkingFountain":{"status":"not-observed","count":0,"nearestMeters":null,"coverage":"community-mapped-observations"},"dogRun":{"status":"not-observed","count":0,"nearestMeters":null,"coverage":"community-mapped-observations"}},"sourceId":"parks"}},{"type":"Feature","id":"copenhagen:1742","geometry":{"type":"MultiPolygon","coordinates":[[[[12.47341892,55.70635336],[12.47426004,55.70625565],[12.4744681,55.7066338],[12.4744017,55.70664737],[12.47453598,55.70687805],[12.47457877,55.70717116],[12.47489013,55.70785146],[12.47480159,55.70791297],[12.47397081,55.70771847],[12.4737657,55.70721096],[12.47369929,55.70721549],[12.47363141,55.70687443],[12.47341892,55.70635336]]],[[[12.4741228,55.7078985],[12.4750923,55.70812195],[12.47508197,55.70817623],[12.47485914,55.70821603],[12.47516755,55.70875792],[12.47504065,55.70878415],[12.4753402,55.70933056],[12.47462157,55.70939931],[12.4745345,55.70892528],[12.47442383,55.70893251],[12.47433382,55.70842681],[12.47421724,55.70842591],[12.4741228,55.7078985]]],[[[12.4747529,55.70947168],[12.47525609,55.70942464],[12.47555269,55.70994663],[12.4754435,55.70997467],[12.47569583,55.71041885],[12.47559844,55.71043966],[12.47583897,55.71084042],[12.47527527,55.71099783],[12.47519559,55.71055365],[12.47507901,55.71055998],[12.47498457,55.7100389],[12.474868,55.71004342],[12.4747529,55.70947168]]]]},"properties":{"id":"copenhagen:1742","name":"Husum Vænge","nameAddon":null,"objectNumber":"1742","district":"Brønshøj - Husum","locality":null,"type":"Andet grønt område","areaM2":21651.6,"areaHa":2.17,"designation":null,"dedicated":null,"builtYear":null,"renovatedYear":null,"planningAreaId":null,"planningAreaName":null,"centroid":[12.474626,55.70839],"bounds":[12.47342,55.70626,12.47584,55.711],"amenities":{"playground":{"status":"observed-nearby","count":1,"nearestMeters":59,"coverage":"community-mapped-observations"},"toilet":{"status":"not-observed","count":0,"nearestMeters":null,"coverage":"community-mapped-observations"},"drinkingFountain":{"status":"not-observed","count":0,"nearestMeters":null,"coverage":"community-mapped-observations"},"dogRun":{"status":"not-observed","count":0,"nearestMeters":null,"coverage":"community-mapped-observations"}},"sourceId":"parks"}},{"type":"Feature","id":"copenhagen:1743","geometry":{"type":"Polygon","coordinates":[[[12.47984827,55.69798715],[12.47988664,55.69794735],[12.48069086,55.69793197],[12.48075579,55.69796182],[12.48056691,55.69859056],[12.48069381,55.69860141],[12.48072628,55.69847295],[12.48079268,55.69845214],[12.48180645,55.69852723],[12.48152017,55.69879501],[12.48049903,55.69870816],[12.47984827,55.69798715]]]},"properties":{"id":"copenhagen:1743","name":"Tølløse vej","nameAddon":null,"objectNumber":"1743","district":"Brønshøj - Husum","locality":null,"type":"Andet grønt område","areaM2":4519.1,"areaHa":0.45,"designation":null,"dedicated":null,"builtYear":null,"renovatedYear":null,"planningAreaId":null,"planningAreaName":null,"centroid":[12.480711,55.698386],"bounds":[12.47985,55.69793,12.48181,55.6988],"amenities":{"playground":{"status":"not-observed","count":0,"nearestMeters":null,"coverage":"community-mapped-observations"},"toilet":{"status":"not-observed","count":0,"nearestMeters":null,"coverage":"community-mapped-observations"},"drinkingFountain":{"status":"not-observed","count":0,"nearestMeters":null,"coverage":"community-mapped-observations"},"dogRun":{"status":"not-observed","count":0,"nearestMeters":null,"coverage":"community-mapped-observations"}},"sourceId":"parks"}},{"type":"Feature","id":"copenhagen:1744","geometry":{"type":"Polygon","coordinates":[[[12.49386535,55.70355618],[12.49389339,55.70344853],[12.49413392,55.70328117],[12.49438921,55.70324498],[12.49640788,55.70322779],[12.49645362,55.70325222],[12.49639165,55.70380858],[12.49634147,55.70383391],[12.49462236,55.703871],[12.49416048,55.70381491],[12.4939111,55.70366926],[12.49386535,55.70355618]]]},"properties":{"id":"copenhagen:1744","name":"Liselundsvej","nameAddon":null,"objectNumber":"1744","district":"Brønshøj - Husum","locality":null,"type":"Andet grønt område","areaM2":10471.8,"areaHa":1.05,"designation":null,"dedicated":null,"builtYear":null,"renovatedYear":null,"planningAreaId":null,"planningAreaName":null,"centroid":[12.495208,55.703543],"bounds":[12.49387,55.70323,12.49645,55.70387],"amenities":{"playground":{"status":"observed-nearby","count":1,"nearestMeters":0,"coverage":"community-mapped-observations"},"toilet":{"status":"not-observed","count":0,"nearestMeters":null,"coverage":"community-mapped-observations"},"drinkingFountain":{"status":"not-observed","count":0,"nearestMeters":null,"coverage":"community-mapped-observations"},"dogRun":{"status":"not-observed","count":0,"nearestMeters":null,"coverage":"community-mapped-observations"}},"sourceId":"parks"}},{"type":"Feature","id":"copenhagen:1748","geometry":{"type":"MultiPolygon","coordinates":[[[[12.45370736,55.70720011],[12.45371621,55.70711417],[12.45406299,55.70704089],[12.45434483,55.70678306],[12.45509003,55.70733128],[12.45593705,55.70794554],[12.45605362,55.70794192],[12.45563897,55.70812285],[12.45458831,55.70737109],[12.45447321,55.70732766],[12.45438172,55.70733671],[12.45403052,55.70716211],[12.45370736,55.70720011]]],[[[12.45446288,55.7066727],[12.45466357,55.7064203],[12.4548436,55.70650443],[12.45505609,55.70674778],[12.4552066,55.70672064],[12.45529072,55.70674688],[12.45671471,55.7074127],[12.4569331,55.70756197],[12.45610084,55.70792111],[12.45614363,55.70780622],[12.456061,55.70766058],[12.45564339,55.70743441],[12.45446288,55.7066727]]],[[[12.45575997,55.7081717],[12.45610084,55.7080541],[12.45818739,55.70957391],[12.4603492,55.71118057],[12.46119769,55.71173874],[12.46046873,55.71222272],[12.46055874,55.71163108],[12.45891488,55.71044328],[12.45879683,55.71043333],[12.45577915,55.70823412],[12.45575997,55.7081717]]],[[[12.45618938,55.70798806],[12.45702902,55.7076271],[12.46017655,55.70983264],[12.46054694,55.71018364],[12.46114752,55.71044509],[12.46177614,55.7106224],[12.46228966,55.71085037],[12.46134378,55.71164194],[12.4611003,55.71145558],[12.46112096,55.71137326],[12.46106341,55.71126922],[12.46112391,55.71122037],[12.46112244,55.71105844],[12.46097044,55.71083318],[12.46083616,55.7107979],[12.46026361,55.7107979],[12.46007031,55.71070653],[12.45792473,55.70913335],[12.45717953,55.70846843],[12.45719872,55.70831102],[12.45678996,55.70800434],[12.45618938,55.70798806]]],[[[12.46033149,55.71264339],[12.46138805,55.71189343],[12.46272055,55.71285417],[12.46456215,55.71417315],[12.46408994,55.71434775],[12.46394976,55.71434684],[12.46298469,55.71470056],[12.46276482,55.71460557],[12.46262463,55.71420029],[12.46295665,55.71412792],[12.46310274,55.71370726],[12.46247855,55.71327121],[12.46127443,55.71254749],[12.46040675,55.71268319],[12.46033149,55.71264339]]],[[[12.46156513,55.71178759],[12.46256708,55.71104668],[12.46259069,55.71098064],[12.46281794,55.7111091],[12.46315144,55.71102587],[12.46435556,55.71237561],[12.46448394,55.71242356],[12.46400878,55.71262439],[12.46471119,55.71314366],[12.46554049,55.71334449],[12.46649818,55.7134639],[12.46481153,55.71408178],[12.46282089,55.71266148],[12.46156513,55.71178759]]],[[[12.46423898,55.71461552],[12.46430686,55.71453682],[12.46481005,55.71435227],[12.46620601,55.71535281],[12.46625765,55.71614257],[12.46633439,55.7163027],[12.46663099,55.71641125],[12.4671091,55.71637869],[12.4681686,55.71625656],[12.46950553,55.71660304],[12.46997626,55.71769767],[12.46958669,55.71763886],[12.46949815,55.71743803],[12.46934616,55.71740004],[12.46941257,55.71731229],[12.46916466,55.71725529],[12.46935207,55.71700923],[12.46759311,55.71658042],[12.46752375,55.71667089],[12.46742341,55.71664646],[12.46734077,55.71675502],[12.46690546,55.71679573],[12.46679921,55.7170047],[12.46578397,55.71682739],[12.4655523,55.71662927],[12.46554935,55.71620409],[12.46588579,55.71558531],[12.46514207,55.7150389],[12.46423898,55.71461552]]],[[[12.4650373,55.71427085],[12.46557886,55.71407002],[12.46593596,55.71441017],[12.46606582,55.71445902],[12.46612927,55.71443459],[12.46631668,55.71457391],[12.46705302,55.71463904],[12.46626798,55.71381581],[12.46641997,55.71376153],[12.4678779,55.71532929],[12.46904218,55.71555184],[12.46943323,55.71644201],[12.46718878,55.71584042],[12.4650373,55.71427085]]],[[[12.4664908,55.71584675],[12.46665312,55.71576805],[12.46682577,55.71579428],[12.4669453,55.71586846],[12.46711205,55.71586756],[12.46716369,55.71589289],[12.46716369,55.71596707],[12.46739832,55.71608829],[12.46731864,55.7162068],[12.46686562,55.71625656],[12.46662361,55.71625837],[12.4665395,55.71622761],[12.46650999,55.71615614],[12.4664908,55.71584675]]],[[[12.46940076,55.71562149],[12.46975491,55.71588294],[12.47282867,55.71648996],[12.47319905,55.71676859],[12.47624477,55.71736475],[12.47648382,55.71738285],[12.47767023,55.71705627],[12.47862054,55.7167306],[12.47935246,55.71663923],[12.48065545,55.71615524],[12.48149804,55.71605573],[12.48303418,55.71551113],[12.48325109,55.71564954],[12.48445374,55.7152343],[12.48520336,55.71514746],[12.48687969,55.71469242],[12.4871394,55.71502804],[12.48711874,55.71510494],[12.47889059,55.71746517],[12.47610753,55.71824317],[12.46980804,55.71653971],[12.46940076,55.71562149]]],[[[12.46988182,55.71670707],[12.47612229,55.71837887],[12.48129292,55.71689615],[12.48727221,55.71520716],[12.48747584,55.71546228],[12.48712464,55.71556088],[12.48700954,55.7154478],[12.48434159,55.7162249],[12.4844685,55.71634793],[12.48416304,55.71644834],[12.48379413,55.71667993],[12.48320683,55.71670979],[12.48321273,55.71654695],[12.48223586,55.71678578],[12.48038688,55.71730957],[12.48051674,55.71744617],[12.47981138,55.71763615],[12.47951183,55.71808757],[12.47911341,55.71832007],[12.47755809,55.71833454],[12.47751972,55.71816989],[12.47612229,55.71857065],[12.47373766,55.71793378],[12.47355468,55.71791026],[12.47351189,55.71804324],[12.47289212,55.71800253],[12.47240221,55.71770038],[12.472566,55.71760449],[12.47135008,55.71727519],[12.47124974,55.71741994],[12.4703009,55.71771305],[12.46988182,55.71670707]]]]},"properties":{"id":"copenhagen:1748","name":"Vestvolden","nameAddon":null,"objectNumber":"1748","district":"Brønshøj - Husum","locality":null,"type":"Naturområder","areaM2":277271.8,"areaHa":27.73,"designation":null,"dedicated":null,"builtYear":null,"renovatedYear":null,"planningAreaId":null,"planningAreaName":null,"centroid":[12.46933,55.71438],"bounds":[12.45371,55.70642,12.48748,55.71857],"amenities":{"playground":{"status":"observed-nearby","count":9,"nearestMeters":0,"coverage":"community-mapped-observations"},"toilet":{"status":"observed-nearby","count":1,"nearestMeters":0,"coverage":"community-mapped-observations"},"drinkingFountain":{"status":"observed-nearby","count":1,"nearestMeters":0,"coverage":"community-mapped-observations"},"dogRun":{"status":"observed-nearby","count":1,"nearestMeters":0,"coverage":"community-mapped-observations"}},"sourceId":"parks"}},{"type":"Feature","id":"copenhagen:175","geometry":{"type":"Polygon","coordinates":[[[12.52058177,55.7065958],[12.5210643,55.70652886],[12.52128417,55.70705265],[12.52058472,55.70714402],[12.52058177,55.7065958]]]},"properties":{"id":"copenhagen:175","name":"Møntmestervej","nameAddon":null,"objectNumber":"175","district":"Bispebjerg","locality":null,"type":"Andet grønt område","areaM2":2278.5,"areaHa":0.23,"designation":null,"dedicated":null,"builtYear":null,"renovatedYear":null,"planningAreaId":null,"planningAreaName":null,"centroid":[12.520883,55.706847],"bounds":[12.52058,55.70653,12.52128,55.70714],"amenities":{"playground":{"status":"not-observed","count":0,"nearestMeters":null,"coverage":"community-mapped-observations"},"toilet":{"status":"not-observed","count":0,"nearestMeters":null,"coverage":"community-mapped-observations"},"drinkingFountain":{"status":"not-observed","count":0,"nearestMeters":null,"coverage":"community-mapped-observations"},"dogRun":{"status":"not-observed","count":0,"nearestMeters":null,"coverage":"community-mapped-observations"}},"sourceId":"parks"}},{"type":"Feature","id":"copenhagen:178","geometry":{"type":"Polygon","coordinates":[[[12.55226518,55.71631355],[12.55327304,55.71611543],[12.55429714,55.71687263],[12.55275067,55.7171015],[12.55226518,55.71631355]]]},"properties":{"id":"copenhagen:178","name":"Emdrup Søgård","nameAddon":null,"objectNumber":"178","district":"Bispebjerg","locality":null,"type":"Andet grønt område","areaM2":8025.7,"areaHa":0.8,"designation":null,"dedicated":null,"builtYear":null,"renovatedYear":null,"planningAreaId":null,"planningAreaName":null,"centroid":[12.553178,55.716624],"bounds":[12.55227,55.71612,12.5543,55.7171],"amenities":{"playground":{"status":"not-observed","count":0,"nearestMeters":null,"coverage":"community-mapped-observations"},"toilet":{"status":"not-observed","count":0,"nearestMeters":null,"coverage":"community-mapped-observations"},"drinkingFountain":{"status":"not-observed","count":0,"nearestMeters":null,"coverage":"community-mapped-observations"},"dogRun":{"status":"observed-nearby","count":1,"nearestMeters":11,"coverage":"community-mapped-observations"}},"sourceId":"parks"}},{"type":"Feature","id":"copenhagen:179","geometry":{"type":"Polygon","coordinates":[[[12.5490055,55.69988601],[12.54944524,55.69958567],[12.55069658,55.70026144],[12.55040145,55.70044328],[12.55061395,55.70054912],[12.5503985,55.70067487],[12.54928144,55.70004252],[12.5490055,55.69988601]]]},"properties":{"id":"copenhagen:179","name":"Banannapark","nameAddon":null,"objectNumber":"179","district":"Nørrebro","locality":null,"type":"Lokale parker","areaM2":5122.3,"areaHa":0.51,"designation":null,"dedicated":null,"builtYear":null,"renovatedYear":null,"planningAreaId":null,"planningAreaName":null,"centroid":[12.549881,55.700108],"bounds":[12.54901,55.69959,12.5507,55.70067],"amenities":{"playground":{"status":"observed-nearby","count":2,"nearestMeters":0,"coverage":"community-mapped-observations"},"toilet":{"status":"observed-nearby","count":1,"nearestMeters":0,"coverage":"community-mapped-observations"},"drinkingFountain":{"status":"not-observed","count":0,"nearestMeters":null,"coverage":"community-mapped-observations"},"dogRun":{"status":"not-observed","count":0,"nearestMeters":null,"coverage":"community-mapped-observations"}},"sourceId":"parks"}},{"type":"Feature","id":"copenhagen:182","geometry":{"type":"Polygon","coordinates":[[[12.58369479,55.7046689],[12.58392499,55.70401574],[12.58423192,55.70404559],[12.5840268,55.70470147],[12.58369479,55.7046689]]]},"properties":{"id":"copenhagen:182","name":"Krauseparken","nameAddon":null,"objectNumber":"182","district":"Østerbro","locality":null,"type":"Lokale parker","areaM2":1570.4,"areaHa":0.16,"designation":null,"dedicated":null,"builtYear":null,"renovatedYear":null,"planningAreaId":null,"planningAreaName":null,"centroid":[12.583968,55.704362],"bounds":[12.58369,55.70402,12.58423,55.7047],"amenities":{"playground":{"status":"observed-nearby","count":1,"nearestMeters":69,"coverage":"community-mapped-observations"},"toilet":{"status":"not-observed","count":0,"nearestMeters":null,"coverage":"community-mapped-observations"},"drinkingFountain":{"status":"observed-nearby","count":1,"nearestMeters":70,"coverage":"community-mapped-observations"},"dogRun":{"status":"not-observed","count":0,"nearestMeters":null,"coverage":"community-mapped-observations"}},"sourceId":"parks"}},{"type":"Feature","id":"copenhagen:1837","geometry":{"type":"MultiPolygon","coordinates":[[[[12.54428051,55.70849919],[12.54465237,55.70829383],[12.54516146,55.7085218],[12.54647626,55.70903202],[12.55162033,55.71075991],[12.55297349,55.71136602],[12.55261048,55.71160847],[12.55208368,55.71181473],[12.55128536,55.71229329],[12.55109648,55.71217478],[12.55086333,55.71234214],[12.55077774,55.71231681],[12.54960313,55.71176859],[12.55011961,55.71172426],[12.55019339,55.7117514],[12.55063018,55.71173693],[12.55116878,55.71177764],[12.55178855,55.71187805],[12.5519066,55.7118283],[12.55200104,55.71170074],[12.5524762,55.71146915],[12.55234634,55.71140764],[12.55240684,55.71136602],[12.55107582,55.71081057],[12.54589928,55.70903022],[12.54552742,55.70937941],[12.54476747,55.70871268],[12.54482354,55.70868102],[12.54468926,55.70863036],[12.54452399,55.70869369],[12.54428051,55.70849919]]],[[[12.54457121,55.71185001],[12.54569417,55.71095802],[12.54654709,55.71082414],[12.54688206,55.71207346],[12.54728196,55.7122173],[12.54637296,55.71279808],[12.54645412,55.71245251],[12.54642904,55.71213859],[12.54539166,55.71166998],[12.54457121,55.71185001]]],[[[12.54727605,55.7124706],[12.5475638,55.7123349],[12.54777629,55.71243894],[12.54865873,55.71294011],[12.54939359,55.7133454],[12.54908961,55.71351276],[12.54773203,55.71276732],[12.54775121,55.71270038],[12.54727605,55.7124706]]],[[[12.54966363,55.71375158],[12.55009747,55.71339696],[12.55261491,55.71191062],[12.55313729,55.71203999],[12.55212205,55.71255111],[12.55246439,55.71277637],[12.55256326,55.71273657],[12.55276542,55.71286684],[12.55300595,55.71279175],[12.55551159,55.7145531],[12.55697837,55.71465171],[12.55730891,55.71471323],[12.55735761,55.714649],[12.5537969,55.71221006],[12.5548018,55.71252397],[12.55807477,55.71478922],[12.55724398,55.71668898],[12.55668177,55.71655509],[12.55635565,55.716556],[12.55609741,55.71714131],[12.55570637,55.71707708],[12.5549051,55.71706713],[12.55360211,55.71611634],[12.5520645,55.7148634],[12.54966363,55.71375158]],[[12.54996024,55.71363036],[12.55175019,55.71441017],[12.55202761,55.71433056],[12.55218697,55.71435589],[12.55262967,55.71459562],[12.55307088,55.71495296],[12.55429566,55.71461643],[12.55465867,55.7144554],[12.55261934,55.71320065],[12.55242455,55.71331373],[12.55181364,55.71287045],[12.55164394,55.71294192],[12.54996024,55.71363036]],[[12.5530458,55.71523159],[12.55348701,55.71568844],[12.55441224,55.71643658],[12.55559865,55.71608015],[12.55493166,55.71465352],[12.55325829,55.71513389],[12.55328042,55.71516284],[12.5530458,55.71523159]],[[12.55532566,55.71465623],[12.55534336,55.7148046],[12.55586574,55.71541343],[12.55557947,55.71554279],[12.55631138,55.71627103],[12.55714954,55.71635607],[12.55765716,55.71528677],[12.5575214,55.71515108],[12.55741663,55.71490682],[12.5573281,55.71483354],[12.55713479,55.71479103],[12.55532566,55.71465623]]],[[[12.55272706,55.71184458],[12.5530089,55.71154062],[12.55304284,55.7115768],[12.5531668,55.71147096],[12.5536818,55.71177221],[12.55448897,55.71230776],[12.55382936,55.71209879],[12.55272706,55.71184458]]]]},"properties":{"id":"copenhagen:1837","name":"Kolonihaveparken","nameAddon":null,"objectNumber":"1837","district":"Bispebjerg","locality":null,"type":"Lokale parker","areaM2":107986.4,"areaHa":10.8,"designation":null,"dedicated":null,"builtYear":null,"renovatedYear":null,"planningAreaId":null,"planningAreaName":null,"centroid":[12.551968,55.713246],"bounds":[12.54428,55.70829,12.55807,55.71714],"amenities":{"playground":{"status":"observed-nearby","count":1,"nearestMeters":31,"coverage":"community-mapped-observations"},"toilet":{"status":"not-observed","count":0,"nearestMeters":null,"coverage":"community-mapped-observations"},"drinkingFountain":{"status":"not-observed","count":0,"nearestMeters":null,"coverage":"community-mapped-observations"},"dogRun":{"status":"observed-nearby","count":1,"nearestMeters":0,"coverage":"community-mapped-observations"}},"sourceId":"parks"}},{"type":"Feature","id":"copenhagen:1838","geometry":{"type":"MultiPolygon","coordinates":[[[[12.53044641,55.71657138],[12.5305379,55.71642844],[12.53074154,55.71643477],[12.53091271,55.71637054],[12.53089205,55.71666365],[12.53097764,55.71696038],[12.53061611,55.71686177],[12.53045674,55.71669079],[12.53044641,55.71657138]]],[[[12.53131851,55.71650986],[12.53135983,55.71640221],[12.53157379,55.71624751],[12.53163577,55.71628189],[12.5316402,55.71691876],[12.53135688,55.71693686],[12.53131851,55.71650986]]]]},"properties":{"id":"copenhagen:1838","name":"Bispebjerg Torv","nameAddon":null,"objectNumber":"1838","district":"Bispebjerg","locality":null,"type":"Andet grønt område","areaM2":8677.8,"areaHa":0.87,"designation":null,"dedicated":null,"builtYear":null,"renovatedYear":null,"planningAreaId":null,"planningAreaName":null,"centroid":[12.53109,55.716639],"bounds":[12.53045,55.71625,12.53164,55.71696],"amenities":{"playground":{"status":"not-observed","count":0,"nearestMeters":null,"coverage":"community-mapped-observations"},"toilet":{"status":"not-observed","count":0,"nearestMeters":null,"coverage":"community-mapped-observations"},"drinkingFountain":{"status":"not-observed","count":0,"nearestMeters":null,"coverage":"community-mapped-observations"},"dogRun":{"status":"not-observed","count":0,"nearestMeters":null,"coverage":"community-mapped-observations"}},"sourceId":"parks"}},{"type":"Feature","id":"copenhagen:1839","geometry":{"type":"MultiPolygon","coordinates":[[[[12.54262042,55.71966528],[12.54561153,55.71572643],[12.54557759,55.71567939],[12.54521606,55.71553193],[12.54532083,55.71539533],[12.54587272,55.71561697],[12.545886,55.71569296],[12.54384077,55.71836077],[12.54382011,55.71845486],[12.54313984,55.71923014],[12.54318116,55.7192419],[12.5430941,55.71935227],[12.54305721,55.71933689],[12.54276503,55.71969694],[12.54262042,55.71966528]]],[[[12.5439175,55.71860413],[12.54574729,55.71618871],[12.54615309,55.71581961],[12.54623868,55.71580423],[12.54638182,55.71584494],[12.54591404,55.71637416],[12.54578418,55.71633707],[12.54520721,55.71707979],[12.5452928,55.71720554],[12.54494012,55.7175674],[12.54408868,55.71864755],[12.5439175,55.71860413]]],[[[12.54569417,55.715408],[12.54583288,55.71543966],[12.54895385,55.71356523],[12.54909109,55.71364212],[12.54849936,55.71407273],[12.54663563,55.71520445],[12.54635526,55.71529944],[12.54593913,55.7155455],[12.54569712,55.7154469],[12.54569417,55.715408]]],[[[12.54630361,55.71567306],[12.54630656,55.71558983],[12.54830605,55.71438031],[12.54876497,55.71411978],[12.54943786,55.71382396],[12.54969905,55.71394156],[12.54950279,55.71405283],[12.54931981,55.71396599],[12.54890368,55.71422924],[12.54896713,55.71427718],[12.54891254,55.71431066],[12.5488358,55.71427447],[12.54788254,55.71484169],[12.54790172,55.71486973],[12.54774383,55.71496924],[12.54769218,55.71494934],[12.547431,55.71515198],[12.54718751,55.71527501],[12.547158,55.71525692],[12.54671679,55.71552922],[12.54667399,55.71562059],[12.54651905,55.71573729],[12.54630361,55.71567306]]],[[[12.54908961,55.71351276],[12.54953378,55.71326126],[12.5496961,55.71311019],[12.55109648,55.71217478],[12.55128536,55.71229329],[12.55208368,55.71181473],[12.55261048,55.71160847],[12.55006206,55.71313823],[12.54962084,55.71328388],[12.54916487,55.71354623],[12.54908961,55.71351276]]],[[[12.55009747,55.71339696],[12.55041473,55.71312014],[12.5530089,55.71154062],[12.55272706,55.71184458],[12.55009747,55.71339696]]]]},"properties":{"id":"copenhagen:1839","name":"Lersø Parkallé","nameAddon":null,"objectNumber":"1839","district":"Bispebjerg","locality":null,"type":"Andet grønt område","areaM2":27291.3,"areaHa":2.73,"designation":null,"dedicated":null,"builtYear":null,"renovatedYear":null,"planningAreaId":null,"planningAreaName":null,"centroid":[12.54716,55.715318],"bounds":[12.54262,55.71154,12.55301,55.7197],"amenities":{"playground":{"status":"observed-nearby","count":5,"nearestMeters":30,"coverage":"community-mapped-observations"},"toilet":{"status":"not-observed","count":0,"nearestMeters":null,"coverage":"community-mapped-observations"},"drinkingFountain":{"status":"not-observed","count":0,"nearestMeters":null,"coverage":"community-mapped-observations"},"dogRun":{"status":"not-observed","count":0,"nearestMeters":null,"coverage":"community-mapped-observations"}},"sourceId":"parks"}},{"type":"Feature","id":"copenhagen:184","geometry":{"type":"Polygon","coordinates":[[[12.59323626,55.64234485],[12.59325397,55.64202189],[12.59344875,55.64199023],[12.59346646,55.64166727],[12.59395194,55.64168717],[12.59391505,55.64233762],[12.59323626,55.64234485]]]},"properties":{"id":"copenhagen:184","name":"Stenlandsparken","nameAddon":null,"objectNumber":"184","district":"Amager Vest","locality":null,"type":"Andet grønt område","areaM2":2730.7,"areaHa":0.27,"designation":null,"dedicated":null,"builtYear":null,"renovatedYear":null,"planningAreaId":null,"planningAreaName":null,"centroid":[12.593631,55.642037],"bounds":[12.59324,55.64167,12.59395,55.64234],"amenities":{"playground":{"status":"observed-nearby","count":1,"nearestMeters":0,"coverage":"community-mapped-observations"},"toilet":{"status":"not-observed","count":0,"nearestMeters":null,"coverage":"community-mapped-observations"},"drinkingFountain":{"status":"not-observed","count":0,"nearestMeters":null,"coverage":"community-mapped-observations"},"dogRun":{"status":"not-observed","count":0,"nearestMeters":null,"coverage":"community-mapped-observations"}},"sourceId":"parks"}},{"type":"Feature","id":"copenhagen:1845","geometry":{"type":"Polygon","coordinates":[[[12.62512183,55.6700579],[12.62531219,55.66978017],[12.62953842,55.66493667],[12.63004161,55.66500814],[12.62949415,55.66563778],[12.63205438,55.66634612],[12.63282318,55.66545052],[12.63412175,55.66565135],[12.63300764,55.66692509],[12.63278039,55.66685725],[12.63222112,55.66751402],[12.63243952,55.66757373],[12.63216948,55.66788402],[12.63195846,55.66783065],[12.63167071,55.66814004],[12.63131951,55.66855799],[12.63152905,55.66861589],[12.63097421,55.66925185],[12.63038838,55.66920119],[12.63075434,55.66879048],[12.62750646,55.66788855],[12.62659304,55.66892618],[12.62550402,55.6701954],[12.62515872,55.67011941],[12.62512183,55.6700579]],[[12.62778536,55.66756468],[12.63068203,55.66836982],[12.63209127,55.66675683],[12.62919902,55.66596074],[12.62902342,55.66616067],[12.62922115,55.6663027],[12.62932002,55.6664393],[12.62891127,55.66685634],[12.62873714,55.66696942],[12.62849809,55.66706713],[12.62824281,55.66704632],[12.62778536,55.66756468]]]},"properties":{"id":"copenhagen:1845","name":"Søstjernen","nameAddon":null,"objectNumber":"1845","district":"Amager Øst","locality":null,"type":"Lokale parker","areaM2":64006.2,"areaHa":6.4,"designation":null,"dedicated":null,"builtYear":null,"renovatedYear":null,"planningAreaId":null,"planningAreaName":null,"centroid":[12.630059,55.66724],"bounds":[12.62512,55.66494,12.63412,55.6702],"amenities":{"playground":{"status":"observed-nearby","count":1,"nearestMeters":48,"coverage":"community-mapped-observations"},"toilet":{"status":"observed-nearby","count":2,"nearestMeters":0,"coverage":"community-mapped-observations"},"drinkingFountain":{"status":"not-observed","count":0,"nearestMeters":null,"coverage":"community-mapped-observations"},"dogRun":{"status":"observed-nearby","count":1,"nearestMeters":0,"coverage":"community-mapped-observations"}},"sourceId":"parks"}},{"type":"Feature","id":"copenhagen:1846","geometry":{"type":"Polygon","coordinates":[[[12.61914845,55.66871721],[12.61930192,55.66852633],[12.61935947,55.66853447],[12.61929159,55.6686195],[12.619842,55.66867469],[12.62035552,55.6686765],[12.62074509,55.66864483],[12.62072443,55.6685996],[12.62114056,55.66854713],[12.6211627,55.66859598],[12.62137814,55.66856161],[12.62179279,55.66845667],[12.62187395,55.66836077],[12.62227533,55.6684431],[12.62276967,55.6682676],[12.62368161,55.66785327],[12.62400477,55.66762439],[12.62394132,55.66756106],[12.62447403,55.6670617],[12.62433827,55.66701375],[12.62510117,55.66615795],[12.62518676,55.66617062],[12.6255778,55.6657201],[12.6255055,55.66570925],[12.62582276,55.66535281],[12.6259172,55.66538719],[12.62602345,55.66530668],[12.62681882,55.66435589],[12.62704164,55.66440293],[12.62428662,55.66750136],[12.62353405,55.66805319],[12.62294527,55.66833635],[12.62232697,55.6685598],[12.62170426,55.66871268],[12.62026403,55.66895603],[12.61914845,55.66871721]]]},"properties":{"id":"copenhagen:1846","name":"Amagerbanen","nameAddon":null,"objectNumber":"1846","district":"Amager Øst","locality":null,"type":"Andet grønt område","areaM2":13490.9,"areaHa":1.35,"designation":null,"dedicated":null,"builtYear":null,"renovatedYear":null,"planningAreaId":null,"planningAreaName":null,"centroid":[12.623454,55.667269],"bounds":[12.61915,55.66436,12.62704,55.66896],"amenities":{"playground":{"status":"observed-nearby","count":3,"nearestMeters":24,"coverage":"community-mapped-observations"},"toilet":{"status":"not-observed","count":0,"nearestMeters":null,"coverage":"community-mapped-observations"},"drinkingFountain":{"status":"not-observed","count":0,"nearestMeters":null,"coverage":"community-mapped-observations"},"dogRun":{"status":"not-observed","count":0,"nearestMeters":null,"coverage":"community-mapped-observations"}},"sourceId":"parks"}},{"type":"Feature","id":"copenhagen:1847","geometry":{"type":"Polygon","coordinates":[[[12.61632556,55.6621793],[12.61798565,55.66113624],[12.61962951,55.66131627],[12.62108301,55.66141668],[12.62138404,55.66203546],[12.62267818,55.66210512],[12.62270769,55.66216664],[12.62241699,55.662296],[12.62215728,55.662334],[12.61899794,55.66235933],[12.6189212,55.66241632],[12.61893891,55.66245251],[12.61883267,55.6624706],[12.61897138,55.66275828],[12.61891678,55.66279718],[12.61856558,55.66262258],[12.61632556,55.6621793]]]},"properties":{"id":"copenhagen:1847","name":"Lergravsparken","nameAddon":null,"objectNumber":"1847","district":"Amager Øst","locality":null,"type":"Lokale parker","areaM2":36346.4,"areaHa":3.63,"designation":null,"dedicated":null,"builtYear":null,"renovatedYear":null,"planningAreaId":null,"planningAreaName":null,"centroid":[12.619185,55.661908],"bounds":[12.61633,55.66114,12.62271,55.6628],"amenities":{"playground":{"status":"observed-nearby","count":2,"nearestMeters":0,"coverage":"community-mapped-observations"},"toilet":{"status":"observed-nearby","count":2,"nearestMeters":0,"coverage":"community-mapped-observations"},"drinkingFountain":{"status":"not-observed","count":0,"nearestMeters":null,"coverage":"community-mapped-observations"},"dogRun":{"status":"not-observed","count":0,"nearestMeters":null,"coverage":"community-mapped-observations"}},"sourceId":"parks"}},{"type":"Feature","id":"copenhagen:1848","geometry":{"type":"Polygon","coordinates":[[[12.61354988,55.66190881],[12.61361924,55.66179121],[12.61406045,55.66187715],[12.61397192,55.66199113],[12.61354988,55.66190881]]]},"properties":{"id":"copenhagen:1848","name":"Moselgade","nameAddon":null,"objectNumber":"1848","district":"Amager Øst","locality":null,"type":"Andet grønt område","areaM2":400.6,"areaHa":0.04,"designation":null,"dedicated":null,"builtYear":null,"renovatedYear":null,"planningAreaId":null,"planningAreaName":null,"centroid":[12.613801,55.661892],"bounds":[12.61355,55.66179,12.61406,55.66199],"amenities":{"playground":{"status":"not-observed","count":0,"nearestMeters":null,"coverage":"community-mapped-observations"},"toilet":{"status":"not-observed","count":0,"nearestMeters":null,"coverage":"community-mapped-observations"},"drinkingFountain":{"status":"not-observed","count":0,"nearestMeters":null,"coverage":"community-mapped-observations"},"dogRun":{"status":"not-observed","count":0,"nearestMeters":null,"coverage":"community-mapped-observations"}},"sourceId":"parks"}},{"type":"Feature","id":"copenhagen:1854","geometry":{"type":"MultiPolygon","coordinates":[[[[12.63160431,55.66262439],[12.63190829,55.66231952],[12.63203667,55.66235571],[12.63181975,55.66261444],[12.63168104,55.66264701],[12.63160431,55.66262439]]],[[[12.63195551,55.66215035],[12.63352559,55.66037814],[12.63593973,55.65792111],[12.63649309,55.65746065],[12.63653589,55.65741451],[12.63647391,55.65739461],[12.6379038,55.6558956],[12.64022941,55.65143297],[12.64033565,55.65130541],[12.64045075,55.65132169],[12.64061603,55.65096978],[12.64076211,55.65097612],[12.64223332,55.65102497],[12.64201493,55.65119414],[12.6420046,55.65129274],[12.6401571,55.65443731],[12.63967309,55.6553691],[12.63903119,55.65633074],[12.63817532,55.65744979],[12.63791118,55.6577049],[12.63791561,55.65777818],[12.63600613,55.65995658],[12.63527127,55.66118238],[12.6352329,55.66136602],[12.63549409,55.6631138],[12.63543211,55.66329835],[12.63200863,55.66229329],[12.63195551,55.66215035]]],[[[12.63699186,55.66279718],[12.63719697,55.66226524],[12.63727076,55.66228334],[12.63717631,55.6625104],[12.63721911,55.66251583],[12.63745669,55.66243622],[12.63763819,55.66229872],[12.63773115,55.66213136],[12.63777985,55.66184549],[12.63773853,55.66180206],[12.63782855,55.6616157],[12.63884379,55.6605057],[12.63895888,55.66048308],[12.63883198,55.66070653],[12.63837158,55.66118328],[12.63803661,55.66144925],[12.63792299,55.66164375],[12.63810597,55.66165099],[12.63829042,55.66128189],[12.63851177,55.66126651],[12.63880099,55.66085942],[12.63904004,55.66067035],[12.63907841,55.66043242],[12.63937649,55.66029763],[12.63945765,55.66018998],[12.63962882,55.66010042],[12.63999626,55.65963271],[12.64021023,55.65924552],[12.64020432,55.65909716],[12.64033123,55.65870816],[12.64021465,55.65790574],[12.64024712,55.65781437],[12.64054815,55.65773476],[12.64155306,55.65769405],[12.64249009,55.65751312],[12.64270996,55.65730414],[12.64311576,55.65708793],[12.64399671,55.65651619],[12.64397605,55.6566347],[12.64411476,55.65659399],[12.64481717,55.65618147],[12.64551367,55.65571739],[12.64565385,55.65559435],[12.64573796,55.65538538],[12.64614967,55.65510494],[12.64630018,55.65493215],[12.64636363,55.65474489],[12.64634593,55.65462819],[12.64625001,55.65462547],[12.64625296,55.65448344],[12.64640643,55.65448797],[12.64641233,55.65440836],[12.64663368,55.65436313],[12.64664843,55.65408178],[12.64654219,55.65374796],[12.64635773,55.65345848],[12.64602424,55.65310204],[12.64537053,55.65262529],[12.64387571,55.65187624],[12.64313937,55.65145015],[12.64292983,55.65127646],[12.64284719,55.65106025],[12.64351418,55.65109915],[12.64370749,55.6511471],[12.64425347,55.65180749],[12.64596964,55.65275375],[12.64654514,55.65329202],[12.64673254,55.65356794],[12.64695684,55.65409445],[12.64699963,55.65442012],[12.64823917,55.65442917],[12.64755447,55.65357427],[12.64691405,55.65363126],[12.64630756,55.65291116],[12.64586044,55.65258187],[12.6442579,55.65171612],[12.64407492,55.65147096],[12.64403065,55.65132079],[12.64424167,55.65094807],[12.64408968,55.65084947],[12.64423429,55.6505835],[12.64698045,55.64885743],[12.6474497,55.64884386],[12.64754267,55.64853628],[12.64708965,55.6485806],[12.64677239,55.64878777],[12.64685797,55.64883843],[12.64586044,55.64940836],[12.64393031,55.65064502],[12.6438034,55.65087027],[12.64368683,55.65091912],[12.64285162,55.65089832],[12.64306854,55.65076533],[12.64322348,55.65075357],[12.64712654,55.64831192],[12.64833951,55.64819975],[12.64832328,55.6481518],[12.64857266,55.64812828],[12.6486553,55.64839425],[12.65002026,55.64825945],[12.65044082,55.64816266],[12.65057658,55.64808214],[12.65070791,55.64789217],[12.65081268,55.64789398],[12.6506902,55.64810838],[12.65040983,55.64825764],[12.64894157,55.64843857],[12.64867153,55.64880677],[12.64804438,55.6501755],[12.64787026,55.65106115],[12.64791158,55.65120138],[12.64808128,55.65142211],[12.64810784,55.65156233],[12.64802963,55.65201827],[12.64904044,55.65357427],[12.6498122,55.65421476],[12.65052198,55.65451873],[12.65208173,55.65455763],[12.65205369,55.65464447],[12.65048656,55.65462819],[12.64989926,55.65476479],[12.64774188,55.65602587],[12.64682403,55.65662204],[12.64511672,55.65781075],[12.64337842,55.65918491],[12.64220381,55.66023521],[12.6415324,55.66093088],[12.64086836,55.66171431],[12.6393942,55.6636195],[12.63901791,55.66403022],[12.63888068,55.66442645],[12.63957865,55.66518003],[12.63961112,55.66547132],[12.63946208,55.66551475],[12.63937501,55.66545594],[12.63943552,55.66536729],[12.63929681,55.6650787],[12.63699186,55.66279718]]],[[[12.64071784,55.65075719],[12.64111922,55.6499032],[12.64147632,55.64936403],[12.64144681,55.64932332],[12.64351123,55.64646825],[12.64390817,55.64574362],[12.64790715,55.6463027],[12.64819342,55.6469848],[12.64862283,55.64753392],[12.65007634,55.64738918],[12.65043492,55.64745793],[12.65073595,55.64765515],[12.65064741,55.64768229],[12.65026227,55.64748779],[12.64981072,55.64745974],[12.64841772,55.64762258],[12.6484915,55.64786593],[12.64824507,55.64789036],[12.64823179,55.64784512],[12.64799864,55.6478605],[12.64649349,55.64801882],[12.64322938,55.65010132],[12.64256534,55.65060612],[12.6422835,55.65076624],[12.64222742,55.65081871],[12.64225398,55.65086575],[12.64071784,55.65075719]]]]},"properties":{"id":"copenhagen:1854","name":"Amager Strandpark","nameAddon":null,"objectNumber":"1854","district":"Amager Øst","locality":null,"type":"Regionale parker","areaM2":631322.8,"areaHa":63.13,"designation":null,"dedicated":null,"builtYear":null,"renovatedYear":null,"planningAreaId":null,"planningAreaName":null,"centroid":[12.642415,55.654783],"bounds":[12.6316,55.64574,12.65208,55.66551],"amenities":{"playground":{"status":"observed-nearby","count":4,"nearestMeters":0,"coverage":"community-mapped-observations"},"toilet":{"status":"observed-nearby","count":9,"nearestMeters":0,"coverage":"community-mapped-observations"},"drinkingFountain":{"status":"observed-nearby","count":4,"nearestMeters":0,"coverage":"community-mapped-observations"},"dogRun":{"status":"not-observed","count":0,"nearestMeters":null,"coverage":"community-mapped-observations"}},"sourceId":"parks"}},{"type":"Feature","id":"copenhagen:1859","geometry":{"type":"MultiPolygon","coordinates":[[[[12.62047948,55.64523883],[12.62055769,55.64509227],[12.62170721,55.64533563],[12.62527087,55.64609463],[12.6250451,55.64620138],[12.62047948,55.64523883]]],[[[12.62531662,55.64633164],[12.62566634,55.64616248],[12.62809229,55.64659128],[12.62795948,55.64683373],[12.62573422,55.64644834],[12.62531662,55.64633164]]],[[[12.62816755,55.64705265],[12.62831216,55.64676407],[12.63024525,55.64709246],[12.63007112,55.64738737],[12.62816755,55.64705265]]],[[[12.63010063,55.6473937],[12.63027476,55.64709336],[12.63218866,55.64742356],[12.63256642,55.64749231],[12.6323923,55.64779627],[12.63010063,55.6473937]]],[[[12.63370709,55.64831011],[12.63393581,55.64790121],[12.63417044,55.6479953],[12.63393434,55.64833725],[12.63370709,55.64831011]]],[[[12.63451574,55.64853899],[12.63483005,55.64855437],[12.63568149,55.64924281],[12.6357597,55.64923557],[12.63588956,55.64900398],[12.63598843,55.64902298],[12.63567854,55.649592],[12.63549556,55.64947892],[12.63451574,55.64853899]]],[[[12.63613599,55.64997557],[12.63633668,55.64991044],[12.63649162,55.65015922],[12.63672182,55.65038176],[12.63692693,55.65052289],[12.63719402,55.65062602],[12.63756441,55.65068572],[12.63972031,55.65077257],[12.63933665,55.6508956],[12.63881132,55.65090465],[12.63674986,55.65082685],[12.63658311,55.65066763],[12.63667165,55.65057898],[12.63665541,55.65045142],[12.63613599,55.64997557]]],[[[12.63922302,55.65119142],[12.63924368,55.65100597],[12.63941338,55.6510114],[12.63974245,55.65089741],[12.6399092,55.65088475],[12.64013644,55.65092455],[12.63978819,55.65093541],[12.63978229,55.65098878],[12.63984279,55.65100145],[12.63979852,55.65121133],[12.63922302,55.65119142]]]]},"properties":{"id":"copenhagen:1859","name":"Greisvej","nameAddon":null,"objectNumber":"1859","district":"Amager Øst","locality":null,"type":"Andet grønt område","areaM2":28853.1,"areaHa":2.89,"designation":null,"dedicated":null,"builtYear":null,"renovatedYear":null,"planningAreaId":null,"planningAreaName":null,"centroid":[12.630463,55.647722],"bounds":[12.62048,55.64509,12.64014,55.65121],"amenities":{"playground":{"status":"not-observed","count":0,"nearestMeters":null,"coverage":"community-mapped-observations"},"toilet":{"status":"observed-nearby","count":1,"nearestMeters":46,"coverage":"community-mapped-observations"},"drinkingFountain":{"status":"not-observed","count":0,"nearestMeters":null,"coverage":"community-mapped-observations"},"dogRun":{"status":"not-observed","count":0,"nearestMeters":null,"coverage":"community-mapped-observations"}},"sourceId":"parks"}},{"type":"Feature","id":"copenhagen:186","geometry":{"type":"Polygon","coordinates":[[[12.56090504,55.69640764],[12.56102162,55.69618961],[12.56130641,55.69607201],[12.5612769,55.69626199],[12.56120607,55.69631174],[12.56090504,55.69640764]]]},"properties":{"id":"copenhagen:186","name":"Frederik Bajers Plads","nameAddon":null,"objectNumber":"186","district":"Nørrebro","locality":null,"type":"Andet grønt område","areaM2":502,"areaHa":0.05,"designation":null,"dedicated":null,"builtYear":null,"renovatedYear":null,"planningAreaId":null,"planningAreaName":null,"centroid":[12.561127,55.696243],"bounds":[12.56091,55.69607,12.56131,55.69641],"amenities":{"playground":{"status":"not-observed","count":0,"nearestMeters":null,"coverage":"community-mapped-observations"},"toilet":{"status":"not-observed","count":0,"nearestMeters":null,"coverage":"community-mapped-observations"},"drinkingFountain":{"status":"not-observed","count":0,"nearestMeters":null,"coverage":"community-mapped-observations"},"dogRun":{"status":"not-observed","count":0,"nearestMeters":null,"coverage":"community-mapped-observations"}},"sourceId":"parks"}},{"type":"Feature","id":"copenhagen:187","geometry":{"type":"Polygon","coordinates":[[[12.54442365,55.72101049],[12.54625934,55.72036638],[12.5464069,55.7204478],[12.54672416,55.72046861],[12.5473823,55.72090827],[12.54545954,55.72185725],[12.54538429,55.72185091],[12.54442365,55.72101049]]]},"properties":{"id":"copenhagen:187","name":"Emdrupborg Have","nameAddon":null,"objectNumber":"187","district":"Bispebjerg","locality":null,"type":"Andet grønt område","areaM2":15715.6,"areaHa":1.57,"designation":null,"dedicated":null,"builtYear":null,"renovatedYear":null,"planningAreaId":null,"planningAreaName":null,"centroid":[12.545876,55.721057],"bounds":[12.54442,55.72037,12.54738,55.72186],"amenities":{"playground":{"status":"observed-nearby","count":1,"nearestMeters":44,"coverage":"community-mapped-observations"},"toilet":{"status":"not-observed","count":0,"nearestMeters":null,"coverage":"community-mapped-observations"},"drinkingFountain":{"status":"not-observed","count":0,"nearestMeters":null,"coverage":"community-mapped-observations"},"dogRun":{"status":"not-observed","count":0,"nearestMeters":null,"coverage":"community-mapped-observations"}},"sourceId":"parks"}},{"type":"Feature","id":"copenhagen:1877","geometry":{"type":"Polygon","coordinates":[[[12.5764317,55.64111543],[12.58185024,55.6408558],[12.58202879,55.64224715],[12.58075974,55.64230324],[12.58123637,55.64467614],[12.57810802,55.64502081],[12.57875583,55.64701194],[12.58223538,55.64666546],[12.58254526,55.64740818],[12.58582118,55.64699023],[12.58845372,55.65370816],[12.58856144,55.65422019],[12.58850094,55.65466166],[12.58826779,55.65481002],[12.58822794,55.6549213],[12.58832091,55.65508323],[12.58809366,55.65540528],[12.58774689,55.6557391],[12.58705039,55.65620861],[12.58685117,55.65622309],[12.58668148,55.65628189],[12.58658556,55.6563814],[12.58657966,55.65651167],[12.58503171,55.65751583],[12.58375676,55.65728605],[12.5833126,55.65715216],[12.58319454,55.65708341],[12.58315765,55.65699837],[12.58326685,55.65689524],[12.58345573,55.65681563],[12.58648079,55.65603944],[12.58740159,55.65574815],[12.58786346,55.65552922],[12.58791511,55.65541976],[12.58774689,55.65534105],[12.58532537,55.65490139],[12.58497416,55.65480821],[12.58480742,55.65469604],[12.58486054,55.65459834],[12.58509812,55.65452777],[12.58752407,55.65427085],[12.58802431,55.65419124],[12.58838141,55.65408088],[12.58843306,55.65395603],[12.58829287,55.65380767],[12.58698988,55.65306857],[12.58687921,55.65313552],[12.58778378,55.65364212],[12.58796085,55.65379772],[12.58800955,55.65391713],[12.58794757,55.65401031],[12.58776902,55.65409173],[12.58698988,55.65423648],[12.58489153,55.65443098],[12.58444884,55.65450425],[12.58426586,55.65458929],[12.5842998,55.6547078],[12.58456984,55.65482812],[12.58471002,55.6548064],[12.58708875,55.65527954],[12.58744143,55.6553691],[12.58759342,55.65548942],[12.5874975,55.65559074],[12.58722746,55.65572191],[12.5862624,55.65604125],[12.58519108,55.65632169],[12.58338785,55.65669441],[12.58298353,55.65682287],[12.58270316,55.65697847],[12.58266332,55.65704994],[12.58269873,55.65713136],[12.58303075,55.65728424],[12.584893,55.65759996],[12.58416256,55.65811833],[12.58361067,55.6587543],[12.58334949,55.65888276],[12.58332883,55.65903112],[12.5834336,55.65914511],[12.58335982,55.65965352],[12.58327275,55.65962005],[12.58303075,55.65900941],[12.58230031,55.65902207],[12.58118915,55.65916139],[12.58115521,55.65911616],[12.58138984,55.65909264],[12.58127917,55.65881039],[12.57922951,55.65483445],[12.58196239,55.6548833],[12.58183253,55.65473584],[12.58155659,55.65412611],[12.5812895,55.65334087],[12.58099732,55.65336439],[12.58095158,55.65328297],[12.5808291,55.65326126],[12.58068744,55.65311833],[12.580714,55.6528207],[12.58048085,55.65231409],[12.57976959,55.65024154],[12.57974893,55.650038],[12.57978877,55.64998824],[12.57995257,55.6499421],[12.57998946,55.64970508],[12.57984485,55.64940655],[12.57934313,55.64910168],[12.57877944,55.64761444],[12.57749416,55.64348923],[12.57696883,55.64271214],[12.57694817,55.64232043],[12.57672683,55.64194228],[12.5764317,55.64111543]],[[12.58352214,55.65113081],[12.58368741,55.65125384],[12.58365199,55.65128732],[12.58375529,55.65157138],[12.58379218,55.65183192],[12.5836638,55.6520436],[12.58375824,55.65209517],[12.58379808,55.65218473],[12.58376709,55.65240727],[12.584015,55.65251674],[12.58413157,55.65272752],[12.58440309,55.65268319],[12.58461854,55.6525095],[12.58483103,55.65251402],[12.58493432,55.65258097],[12.58489743,55.65266872],[12.58466576,55.65273385],[12.58461263,55.65278632],[12.5848812,55.6528406],[12.58503319,55.65295549],[12.58515567,55.65295911],[12.5855777,55.65308124],[12.5860381,55.65312647],[12.58628453,55.65307943],[12.58643209,55.65300163],[12.58642914,55.65268952],[12.58633618,55.65250678],[12.5862196,55.6525104],[12.58597907,55.65240094],[12.5860381,55.65206441],[12.5858079,55.65194409],[12.58572674,55.65197214],[12.58560869,55.65189886],[12.58566919,55.65168265],[12.58560574,55.65163651],[12.58572821,55.65155781],[12.58571493,55.65148544],[12.58559541,55.65144111],[12.58561607,55.65132803],[12.58540948,55.65103221],[12.58549359,55.65096798],[12.58544047,55.65094445],[12.58535488,55.65099783],[12.58521469,55.65086756],[12.58523978,55.65071739],[12.58497416,55.6506233],[12.58487972,55.65053374],[12.58490333,55.65048037],[12.58482808,55.65044237],[12.58476757,55.65019721],[12.58455066,55.65007237],[12.5844695,55.65004252],[12.58425996,55.6501746],[12.58412715,55.65014836],[12.58401647,55.65007056],[12.58395302,55.65009499],[12.58395893,55.65028587],[12.58369331,55.65054098],[12.58389547,55.65056812],[12.58399582,55.6506812],[12.58380103,55.65101773],[12.58374791,55.65099331],[12.58352214,55.65113081]]]},"properties":{"id":"copenhagen:1877","name":"Amager Fælled","nameAddon":null,"objectNumber":"1877","district":"Amager Vest","locality":null,"type":"Naturområder","areaM2":630366.8,"areaHa":63.04,"designation":null,"dedicated":null,"builtYear":null,"renovatedYear":null,"planningAreaId":null,"planningAreaName":null,"centroid":[12.582678,55.650747],"bounds":[12.57643,55.64086,12.58856,55.65965],"amenities":{"playground":{"status":"observed-nearby","count":1,"nearestMeters":27,"coverage":"community-mapped-observations"},"toilet":{"status":"not-observed","count":0,"nearestMeters":null,"coverage":"community-mapped-observations"},"drinkingFountain":{"status":"not-observed","count":0,"nearestMeters":null,"coverage":"community-mapped-observations"},"dogRun":{"status":"observed-nearby","count":2,"nearestMeters":0,"coverage":"community-mapped-observations"}},"sourceId":"parks"}},{"type":"Feature","id":"copenhagen:189","geometry":{"type":"Polygon","coordinates":[[[12.58314585,55.70967614],[12.58315323,55.70939841],[12.58333325,55.7093975],[12.58333325,55.70974489],[12.58314585,55.70967614]]]},"properties":{"id":"copenhagen:189","name":"Svendborggade","nameAddon":null,"objectNumber":"189","district":"Østerbro","locality":null,"type":"Lokale parker","areaM2":416.9,"areaHa":0.04,"designation":null,"dedicated":null,"builtYear":null,"renovatedYear":null,"planningAreaId":null,"planningAreaName":null,"centroid":[12.583245,55.709556],"bounds":[12.58315,55.7094,12.58333,55.70974],"amenities":{"playground":{"status":"not-observed","count":0,"nearestMeters":null,"coverage":"community-mapped-observations"},"toilet":{"status":"not-observed","count":0,"nearestMeters":null,"coverage":"community-mapped-observations"},"drinkingFountain":{"status":"not-observed","count":0,"nearestMeters":null,"coverage":"community-mapped-observations"},"dogRun":{"status":"not-observed","count":0,"nearestMeters":null,"coverage":"community-mapped-observations"}},"sourceId":"parks"}},{"type":"Feature","id":"copenhagen:1890","geometry":{"type":"Polygon","coordinates":[[[12.58535635,55.66413787],[12.58810252,55.66378596],[12.58805825,55.66388095],[12.58769376,55.66391442],[12.58787379,55.66443459],[12.58842863,55.66437489],[12.58839469,55.66427809],[12.58867064,55.66424552],[12.58873261,55.66441831],[12.58991165,55.66429166],[12.58966226,55.66360955],[12.59006954,55.66356342],[12.59035581,55.6644934],[12.58862489,55.66466257],[12.58746799,55.66481455],[12.58741192,55.66479736],[12.58722451,55.66493758],[12.58693086,55.66534739],[12.58671542,55.66550027],[12.58699874,55.66607472],[12.58605728,55.6654469],[12.58584922,55.66526778],[12.58566034,55.66499367],[12.58535635,55.66413787]]]},"properties":{"id":"copenhagen:1890","name":"Ny Tøjhus","nameAddon":null,"objectNumber":"1890","district":"Amager Vest","locality":null,"type":"Andet grønt område","areaM2":28518.8,"areaHa":2.85,"designation":null,"dedicated":null,"builtYear":null,"renovatedYear":null,"planningAreaId":null,"planningAreaName":null,"centroid":[12.587274,55.664581],"bounds":[12.58536,55.66356,12.59036,55.66607],"amenities":{"playground":{"status":"not-observed","count":0,"nearestMeters":null,"coverage":"community-mapped-observations"},"toilet":{"status":"not-observed","count":0,"nearestMeters":null,"coverage":"community-mapped-observations"},"drinkingFountain":{"status":"not-observed","count":0,"nearestMeters":null,"coverage":"community-mapped-observations"},"dogRun":{"status":"not-observed","count":0,"nearestMeters":null,"coverage":"community-mapped-observations"}},"sourceId":"parks"}},{"type":"Feature","id":"copenhagen:1891","geometry":{"type":"Polygon","coordinates":[[[12.60396119,55.65783246],[12.60407777,55.65777637],[12.60465622,55.65756106],[12.60467688,55.65765605],[12.6049115,55.65782974],[12.6049543,55.65783879],[12.6049602,55.65779899],[12.60543535,55.65816175],[12.60572605,55.65842591],[12.6057231,55.65849466],[12.6051904,55.65874977],[12.60511957,55.65874706],[12.60511071,55.65866474],[12.60485395,55.658463],[12.60478755,55.65848923],[12.60396119,55.65783246]]]},"properties":{"id":"copenhagen:1891","name":"Skotlands Plads","nameAddon":null,"objectNumber":"1891","district":"Amager Vest","locality":null,"type":"Lokale parker","areaM2":5281.4,"areaHa":0.53,"designation":null,"dedicated":null,"builtYear":null,"renovatedYear":null,"planningAreaId":null,"planningAreaName":null,"centroid":[12.604882,55.658152],"bounds":[12.60396,55.65756,12.60573,55.65875],"amenities":{"playground":{"status":"observed-nearby","count":1,"nearestMeters":0,"coverage":"community-mapped-observations"},"toilet":{"status":"not-observed","count":0,"nearestMeters":null,"coverage":"community-mapped-observations"},"drinkingFountain":{"status":"not-observed","count":0,"nearestMeters":null,"coverage":"community-mapped-observations"},"dogRun":{"status":"observed-nearby","count":1,"nearestMeters":17,"coverage":"community-mapped-observations"}},"sourceId":"parks"}},{"type":"Feature","id":"copenhagen:19","geometry":{"type":"Polygon","coordinates":[[[12.48358902,55.66107201],[12.48368641,55.66074724],[12.48375281,55.66070744],[12.48409073,55.66076081],[12.48408335,55.66113805],[12.48358902,55.66107201]]]},"properties":{"id":"copenhagen:19","name":"Højsager Plads","nameAddon":null,"objectNumber":"19","district":"Valby","locality":null,"type":"Andet grønt område","areaM2":1190.3,"areaHa":0.12,"designation":null,"dedicated":null,"builtYear":null,"renovatedYear":null,"planningAreaId":null,"planningAreaName":null,"centroid":[12.483865,55.660926],"bounds":[12.48359,55.66071,12.48409,55.66114],"amenities":{"playground":{"status":"not-observed","count":0,"nearestMeters":null,"coverage":"community-mapped-observations"},"toilet":{"status":"not-observed","count":0,"nearestMeters":null,"coverage":"community-mapped-observations"},"drinkingFountain":{"status":"not-observed","count":0,"nearestMeters":null,"coverage":"community-mapped-observations"},"dogRun":{"status":"not-observed","count":0,"nearestMeters":null,"coverage":"community-mapped-observations"}},"sourceId":"parks"}},{"type":"Feature","id":"copenhagen:1903","geometry":{"type":"MultiPolygon","coordinates":[[[[12.58369479,55.65950968],[12.5837966,55.65919396],[12.58400319,55.65912068],[12.58484283,55.65932151],[12.58473954,55.65944274],[12.58414781,55.65961643],[12.58384678,55.65974851],[12.58377004,55.65987787],[12.58389547,55.6599991],[12.5843544,55.66010584],[12.58427028,55.66046318],[12.58427766,55.66090103],[12.5846628,55.6622761],[12.5837848,55.66015831],[12.58370659,55.65987697],[12.58369479,55.65950968]]],[[[12.58397663,55.65880315],[12.58421864,55.65843043],[12.5845846,55.65810024],[12.58525453,55.65765334],[12.58644242,55.65785236],[12.58705481,55.65799168],[12.58574297,55.65864212],[12.58536226,55.65887552],[12.58492399,55.65923467],[12.58409764,55.65901574],[12.5840814,55.65889633],[12.58397663,55.65880315]]],[[[12.58423044,55.65986792],[12.5843057,55.65972046],[12.58460083,55.65959924],[12.58441047,55.65998914],[12.58423044,55.65986792]]],[[[12.58515567,55.65929347],[12.58568247,55.65888276],[12.58620927,55.65857699],[12.58715663,55.65814094],[12.5874252,55.658093],[12.58786789,55.65825855],[12.58807005,55.65839877],[12.58807448,55.65850823],[12.58763916,55.65869278],[12.58521027,55.65932785],[12.58515567,55.65929347]]],[[[12.58530028,55.65940112],[12.5880789,55.65872444],[12.58839174,55.65862855],[12.58855554,55.65852994],[12.58856291,55.65862855],[12.58833567,55.65868464],[12.58823827,55.6587751],[12.58822794,55.658871],[12.58843748,55.65907816],[12.58848323,55.65922743],[12.58876065,55.65919667],[12.58887722,55.65951692],[12.58864703,55.65961914],[12.58847142,55.65962638],[12.58850536,55.65994934],[12.58841092,55.65995567],[12.58844191,55.66028225],[12.5888728,55.66027682],[12.58887427,55.66031029],[12.58910595,55.66030668],[12.58911923,55.66034377],[12.58917383,55.66033834],[12.58918416,55.6603691],[12.58911038,55.66037814],[12.58918121,55.66049665],[12.58889936,55.6607581],[12.58899232,55.66100416],[12.58919891,55.6611471],[12.58957963,55.66126289],[12.58969473,55.6612837],[12.58991312,55.66124118],[12.59000756,55.66143206],[12.58908972,55.66152886],[12.58914727,55.66169803],[12.58825008,55.66180025],[12.58831943,55.66169079],[12.58823975,55.66163018],[12.58816154,55.66129365],[12.58794462,55.66129998],[12.58787084,55.6612258],[12.58693971,55.66133888],[12.58853193,55.6609734],[12.58885214,55.6608368],[12.58884329,55.66072191],[12.58864998,55.66060792],[12.58826631,55.66049665],[12.587195,55.66034739],[12.58705186,55.66014836],[12.58609417,55.66003619],[12.58593333,55.65964266],[12.5866682,55.65946535],[12.58646013,55.65919305],[12.58537406,55.6594554],[12.58530028,55.65940112]]],[[[12.58537849,55.65757192],[12.58685265,55.6566546],[12.58719352,55.65662113],[12.58727173,55.65665099],[12.58599826,55.65743622],[12.58629486,55.65760268],[12.58740601,55.65781437],[12.58720385,55.6579184],[12.58537849,55.65757192]]],[[[12.58567509,55.66187172],[12.58574002,55.66173512],[12.58589053,55.66160937],[12.58648227,55.66143658],[12.58620042,55.66158495],[12.58618714,55.66168446],[12.58607942,55.66169712],[12.58588021,55.66182287],[12.58585807,55.66193776],[12.58592743,55.66214492],[12.58585069,55.6622182],[12.58576511,55.66223449],[12.58567509,55.66187172]]],[[[12.58726288,55.66044599],[12.58808186,55.6605835],[12.58834157,55.66068934],[12.58837403,55.66080423],[12.58824418,55.66090194],[12.58790921,55.66102316],[12.58794019,55.66106568],[12.58773951,55.66110639],[12.58726288,55.66044599]]],[[[12.58747242,55.65798715],[12.58792396,55.65773204],[12.58835042,55.65800615],[12.58845372,55.65836077],[12.5880066,55.65815542],[12.58747242,55.65798715]]]]},"properties":{"id":"copenhagen:1903","name":"Ørestad Nord","nameAddon":null,"objectNumber":"1903","district":"Amager Vest","locality":null,"type":"Andet grønt område","areaM2":74475.3,"areaHa":7.45,"designation":null,"dedicated":null,"builtYear":null,"renovatedYear":null,"planningAreaId":null,"planningAreaName":null,"centroid":[12.586696,55.659345],"bounds":[12.58369,55.65662,12.59001,55.66228],"amenities":{"playground":{"status":"observed-nearby","count":9,"nearestMeters":0,"coverage":"community-mapped-observations"},"toilet":{"status":"not-observed","count":0,"nearestMeters":null,"coverage":"community-mapped-observations"},"drinkingFountain":{"status":"not-observed","count":0,"nearestMeters":null,"coverage":"community-mapped-observations"},"dogRun":{"status":"observed-nearby","count":1,"nearestMeters":0,"coverage":"community-mapped-observations"}},"sourceId":"parks"}},{"type":"Feature","id":"copenhagen:1927","geometry":{"type":"MultiPolygon","coordinates":[[[[12.52302838,55.61548942],[12.56521833,55.61549756],[12.57033141,55.6279175],[12.56915976,55.62799439],[12.56830241,55.62814818],[12.56736095,55.62826307],[12.56729012,55.6282685],[12.56726209,55.62818527],[12.56698172,55.62819975],[12.56701861,55.62829112],[12.56213425,55.62865117],[12.558848,55.62881943],[12.55297349,55.62906912],[12.55180774,55.62909083],[12.55081611,55.62905102],[12.54873398,55.62885743],[12.54774088,55.62883572],[12.5468127,55.62890899],[12.5458196,55.62909897],[12.54499472,55.62937579],[12.54481764,55.62936403],[12.54304835,55.62917225],[12.54143696,55.62889542],[12.53989787,55.62852542],[12.53861701,55.62812376],[12.53784378,55.62732766],[12.53729337,55.62685996],[12.53660424,55.62650896],[12.53464755,55.62566039],[12.53381676,55.62517912],[12.5333844,55.62485797],[12.53237064,55.62393523],[12.53114291,55.62263886],[12.53009373,55.62132531],[12.52936034,55.62025873],[12.5281754,55.61884838],[12.52739479,55.61807943],[12.52653597,55.61738375],[12.52572584,55.61683644],[12.52475045,55.61627194],[12.52302838,55.61548942]],[[12.55980422,55.61637235],[12.55983668,55.61649267],[12.56001818,55.61670436],[12.56031331,55.61688167],[12.56019969,55.61714854],[12.5602292,55.61720916],[12.56033692,55.61722634],[12.56177567,55.61707436],[12.56193356,55.61702008],[12.56240134,55.61670979],[12.56293847,55.61660756],[12.56293109,55.61644563],[12.56264777,55.6158748],[12.56250168,55.61573186],[12.56241609,55.61570834],[12.56214753,55.61579519],[12.56137282,55.61596255],[12.56069107,55.61619957],[12.5605745,55.61610005],[12.56043431,55.61610186],[12.56011262,55.61615162],[12.55991341,55.6162448],[12.55980422,55.61637235]]],[[[12.54521754,55.63202913],[12.54525,55.63167541],[12.54538429,55.63132984],[12.54567204,55.63093541],[12.54601143,55.63064411],[12.54643051,55.63038538],[12.54709603,55.63010765],[12.54765677,55.62995658],[12.54828982,55.62985345],[12.55464834,55.62939208],[12.55965813,55.62913515],[12.56750704,55.62883029],[12.56917009,55.62888095],[12.57053948,55.62884567],[12.57069147,55.62889995],[12.57077853,55.62910078],[12.56749966,55.62975032],[12.56622914,55.63007599],[12.56504863,55.63042338],[12.56327639,55.6310114],[12.5612769,55.63180206],[12.55941612,55.63266962],[12.5577944,55.63355799],[12.55556914,55.63506513],[12.5533424,55.63692148],[12.55115993,55.63572191],[12.55073495,55.63597702],[12.54782942,55.63441741],[12.54777925,55.63434775],[12.54652791,55.63361408],[12.54579599,55.63308395],[12.54542856,55.63264972],[12.54524558,55.63223177],[12.54521754,55.63202913]]]]},"properties":{"id":"copenhagen:1927","name":"Kalvebod Fælled","nameAddon":null,"objectNumber":"1927","district":"Amager Vest","locality":null,"type":"Naturområder","areaM2":4034681.3,"areaHa":403.47,"designation":null,"dedicated":null,"builtYear":null,"renovatedYear":null,"planningAreaId":null,"planningAreaName":null,"centroid":[12.550057,55.623484],"bounds":[12.52303,55.61549,12.57078,55.63692],"amenities":{"playground":{"status":"observed-nearby","count":1,"nearestMeters":38,"coverage":"community-mapped-observations"},"toilet":{"status":"observed-nearby","count":1,"nearestMeters":0,"coverage":"community-mapped-observations"},"drinkingFountain":{"status":"not-observed","count":0,"nearestMeters":null,"coverage":"community-mapped-observations"},"dogRun":{"status":"observed-nearby","count":1,"nearestMeters":0,"coverage":"community-mapped-observations"}},"sourceId":"parks"}},{"type":"Feature","id":"copenhagen:1928","geometry":{"type":"MultiPolygon","coordinates":[[[[12.59622442,55.665019],[12.59675123,55.66490139],[12.59683386,55.66503347],[12.59630411,55.66514293],[12.59622442,55.665019]]],[[[12.59693863,55.66483897],[12.59805126,55.66508232],[12.59801585,55.66519902],[12.59795092,55.66521078],[12.59704635,55.66500452],[12.59693863,55.66483897]]],[[[12.59839361,55.66530849],[12.59846444,55.66520988],[12.5985943,55.66523792],[12.59868431,55.66538176],[12.59846887,55.66542066],[12.59839361,55.66530849]]],[[[12.59852937,55.66547132],[12.59872858,55.66542338],[12.59875219,55.66545413],[12.59854855,55.66550118],[12.59852937,55.66547132]]]]},"properties":{"id":"copenhagen:1928","name":"Under Elmene","nameAddon":null,"objectNumber":"1928","district":"Amager Vest","locality":null,"type":"Andet grønt område","areaM2":2062.1,"areaHa":0.21,"designation":null,"dedicated":null,"builtYear":null,"renovatedYear":null,"planningAreaId":null,"planningAreaName":null,"centroid":[12.59741,55.665084],"bounds":[12.59622,55.66484,12.59875,55.6655],"amenities":{"playground":{"status":"observed-nearby","count":2,"nearestMeters":0,"coverage":"community-mapped-observations"},"toilet":{"status":"not-observed","count":0,"nearestMeters":null,"coverage":"community-mapped-observations"},"drinkingFountain":{"status":"not-observed","count":0,"nearestMeters":null,"coverage":"community-mapped-observations"},"dogRun":{"status":"not-observed","count":0,"nearestMeters":null,"coverage":"community-mapped-observations"}},"sourceId":"parks"}},{"type":"Feature","id":"copenhagen:194","geometry":{"type":"Polygon","coordinates":[[[12.46860982,55.70971142],[12.46867327,55.70950244],[12.46886215,55.70957934],[12.46951291,55.70985073],[12.46917942,55.70995115],[12.46881936,55.7099023],[12.46860982,55.70971142]]]},"properties":{"id":"copenhagen:194","name":"Terløsevej","nameAddon":null,"objectNumber":"194","district":"Brønshøj - Husum","locality":null,"type":"Andet grønt område","areaM2":2001.4,"areaHa":0.2,"designation":null,"dedicated":null,"builtYear":null,"renovatedYear":null,"planningAreaId":null,"planningAreaName":null,"centroid":[12.468982,55.709765],"bounds":[12.46861,55.7095,12.46951,55.70995],"amenities":{"playground":{"status":"not-observed","count":0,"nearestMeters":null,"coverage":"community-mapped-observations"},"toilet":{"status":"not-observed","count":0,"nearestMeters":null,"coverage":"community-mapped-observations"},"drinkingFountain":{"status":"not-observed","count":0,"nearestMeters":null,"coverage":"community-mapped-observations"},"dogRun":{"status":"not-observed","count":0,"nearestMeters":null,"coverage":"community-mapped-observations"}},"sourceId":"parks"}},{"type":"Feature","id":"copenhagen:1940","geometry":{"type":"MultiPolygon","coordinates":[[[[12.53260084,55.62440565],[12.53263478,55.62439388],[12.53328849,55.62499186],[12.5341783,55.62560612],[12.53656293,55.62667451],[12.53701742,55.62691424],[12.53746159,55.62723087],[12.5382481,55.62800887],[12.53662933,55.62733128],[12.53513303,55.62651167],[12.53381824,55.62555998],[12.53260084,55.62440565]]],[[[12.53446309,55.6264782],[12.53449261,55.62646282],[12.53568492,55.62720101],[12.53710006,55.6278994],[12.53842223,55.62849557],[12.53861849,55.62842862],[12.53970456,55.62960919],[12.5403922,55.63024064],[12.54144433,55.63100959],[12.54269567,55.63178126],[12.54275618,55.63188891],[12.53982113,55.63022707],[12.53818022,55.62920391],[12.53586347,55.62758097],[12.534953,55.62687896],[12.53446309,55.6264782]]],[[[12.53891509,55.62852723],[12.54111379,55.62911163],[12.54257762,55.62937489],[12.54451366,55.62960105],[12.54388356,55.629981],[12.54326379,55.63054731],[12.54286242,55.63123032],[12.54277093,55.63167722],[12.54161108,55.6309734],[12.54059584,55.63023883],[12.53992148,55.6296309],[12.53891509,55.62852723]],[[12.54022988,55.62921295],[12.5402771,55.62940022],[12.5411433,55.63019269],[12.54195638,55.63075719],[12.54226774,55.63094717],[12.54238136,55.63094807],[12.54248318,55.63090103],[12.54291407,55.63034377],[12.54346891,55.62988963],[12.54341726,55.62976208],[12.5403258,55.62920029],[12.54022988,55.62921295]]],[[[12.54294506,55.63176588],[12.54296424,55.63152072],[12.54311328,55.63107744],[12.54330069,55.63075267],[12.54361352,55.630389],[12.54412852,55.6299801],[12.54469369,55.62964447],[12.54505227,55.62964719],[12.54689977,55.62970961],[12.54881514,55.62968247],[12.54762725,55.6298453],[12.54675368,55.63009951],[12.54600405,55.63047585],[12.54545807,55.63093088],[12.54516589,55.63131355],[12.54509359,55.63149448],[12.54500652,55.63190338],[12.5450198,55.63212502],[12.54523377,55.63269767],[12.54569712,55.63321784],[12.54564252,55.63324498],[12.54294506,55.63176588]]],[[[12.54298047,55.63215849],[12.54696617,55.63433146],[12.54828096,55.63504342],[12.54753872,55.63480912],[12.54552742,55.63432332],[12.54458006,55.6339307],[12.54413147,55.63366021],[12.54351465,55.63313823],[12.54312804,55.63256468],[12.54298047,55.63215849]]],[[[12.54525591,55.62940565],[12.54632132,55.62911254],[12.5469219,55.62901031],[12.54763316,55.62895061],[12.54866758,55.62896418],[12.55163509,55.62921205],[12.54764939,55.6294165],[12.54619441,55.62943459],[12.54525591,55.62940565]]],[[[12.55399906,55.64081961],[12.55461292,55.64026054],[12.55499954,55.63960738],[12.55493166,55.63893523],[12.55466457,55.63845033],[12.55543633,55.63889633],[12.5580364,55.64056541],[12.55887899,55.64091641],[12.55700346,55.64076624],[12.55607823,55.64073458],[12.55399906,55.64081961]],[[12.55477819,55.64049032],[12.55486673,55.64054098],[12.55499069,55.64056902],[12.55517219,55.64052108],[12.55550568,55.6405066],[12.55573441,55.64055726],[12.55629367,55.64056269],[12.55637041,55.64059707],[12.55678654,55.64055817],[12.55706838,55.64048218],[12.55787408,55.64074815],[12.5584481,55.64081599],[12.55823266,55.64069568],[12.55811461,55.64069025],[12.55777374,55.64056179],[12.55756567,55.64043061],[12.55732957,55.64049484],[12.5572794,55.64034919],[12.5571702,55.64027863],[12.55719234,55.64020445],[12.55707576,55.6401556],[12.55696214,55.64003166],[12.55632319,55.63965533],[12.55533746,55.63895784],[12.5552504,55.63892799],[12.5550748,55.63894427],[12.55512202,55.6395531],[12.55492723,55.64012484],[12.55510726,55.64022254],[12.5551412,55.64028496],[12.55508808,55.64033472],[12.55487854,55.64037181],[12.55480033,55.64042699],[12.55477819,55.64049032]]]]},"properties":{"id":"copenhagen:1940","name":"Restarealer","nameAddon":null,"objectNumber":"1940","district":"Amager Vest","locality":null,"type":"Andet grønt område","areaM2":156687.7,"areaHa":15.67,"designation":null,"dedicated":null,"builtYear":null,"renovatedYear":null,"planningAreaId":null,"planningAreaName":null,"centroid":[12.543748,55.631098],"bounds":[12.5326,55.62439,12.55888,55.64092],"amenities":{"playground":{"status":"not-observed","count":0,"nearestMeters":null,"coverage":"community-mapped-observations"},"toilet":{"status":"not-observed","count":0,"nearestMeters":null,"coverage":"community-mapped-observations"},"drinkingFountain":{"status":"not-observed","count":0,"nearestMeters":null,"coverage":"community-mapped-observations"},"dogRun":{"status":"not-observed","count":0,"nearestMeters":null,"coverage":"community-mapped-observations"}},"sourceId":"parks"}},{"type":"Feature","id":"copenhagen:1944","geometry":{"type":"MultiPolygon","coordinates":[[[[12.55382346,55.64122037],[12.55391347,55.64109463],[12.55453029,55.64102768],[12.55469261,55.64106387],[12.55483574,55.64119957],[12.55499954,55.64156324],[12.55503938,55.64184096],[12.55662569,55.64100145],[12.55680424,55.64101954],[12.55668472,55.64104397],[12.5560133,55.64139949],[12.55612398,55.64181744],[12.56114705,55.6416139],[12.56092718,55.6414402],[12.56339149,55.6416148],[12.5634756,55.64173512],[12.56313325,55.6417125],[12.56293109,55.64164465],[12.56174615,55.64167903],[12.55499659,55.64200561],[12.55442847,55.64152795],[12.55382346,55.64122037]]],[[[12.55495527,55.64394789],[12.5556621,55.64376968],[12.5557831,55.64367378],[12.55579934,55.64232314],[12.55588345,55.64226886],[12.56340182,55.64190972],[12.56356709,55.64187624],[12.56373679,55.64198028],[12.56406881,55.64246879],[12.56722372,55.64837615],[12.56739342,55.64889542],[12.56713961,55.64911344],[12.56678546,55.64914692],[12.56655083,55.64909716],[12.56639589,55.64899041],[12.56633391,55.64887642],[12.56635457,55.64876425],[12.56476826,55.64857246],[12.56475645,55.64853537],[12.5641662,55.64844491],[12.56403044,55.64874254],[12.56357594,55.64866383],[12.56360251,55.64838791],[12.5632513,55.64832459],[12.56323212,55.64860141],[12.56317605,55.64859689],[12.56306095,55.64858332],[12.56266253,55.64829745],[12.56232018,55.64853447],[12.56205899,55.64865117],[12.56188486,55.64867197],[12.56155875,55.64883662],[12.56128871,55.64904379],[12.56112934,55.64904288],[12.56101571,55.6493197],[12.56129166,55.64935318],[12.56119574,55.64954768],[12.56122821,55.6496888],[12.56143922,55.64990411],[12.56151448,55.64988873],[12.56192766,55.65039443],[12.5623792,55.65075086],[12.56204128,55.6507979],[12.56149972,55.65104035],[12.5610408,55.65107111],[12.56142742,55.65141306],[12.56082831,55.65155238],[12.5586724,55.64874616],[12.55836252,55.64845033],[12.55495527,55.64394789]],[[12.55664783,55.64465533],[12.55672604,55.64503347],[12.55697542,55.64534919],[12.55707133,55.6453302],[12.5575096,55.64578705],[12.55754797,55.64577528],[12.5578062,55.64600235],[12.55806591,55.64608287],[12.55825332,55.64618781],[12.55836842,55.64615795],[12.55844958,55.64624932],[12.55827988,55.64636331],[12.55819725,55.64648724],[12.55821053,55.64668446],[12.55835809,55.64695766],[12.55865469,55.6471603],[12.55890113,55.64749412],[12.55888194,55.64759273],[12.55899557,55.64781437],[12.55928184,55.64807219],[12.55957697,55.64815451],[12.56102309,55.64782251],[12.56124591,55.64767053],[12.56134331,55.64751945],[12.56140381,55.64734395],[12.56123558,55.64710964],[12.56136839,55.64707436],[12.56135806,55.64698299],[12.56142447,55.64695314],[12.56156465,55.64697304],[12.56177714,55.64725529],[12.56211654,55.64753573],[12.56253562,55.64774109],[12.56278795,55.64779446],[12.5630757,55.64780441],[12.56345642,55.64775647],[12.56372941,55.64768048],[12.56402454,55.64747331],[12.56412636,55.64712412],[12.56373531,55.64670798],[12.5626699,55.64602135],[12.56196898,55.64526144],[12.56193061,55.6452723],[12.56181698,55.64516374],[12.56186125,55.64514836],[12.56170926,55.64499367],[12.5616281,55.64497467],[12.56133445,55.64466257],[12.56111458,55.64429347],[12.56105408,55.64430704],[12.56076781,55.6435987],[12.56056269,55.64343586],[12.56031331,55.64332821],[12.55994293,55.64322508],[12.5597688,55.64321874],[12.55882439,55.64327755],[12.55807772,55.64357337],[12.55758043,55.64392256],[12.55710823,55.64417767],[12.55682048,55.6444364],[12.55672013,55.64465895],[12.55664783,55.64465533]]],[[[12.56393157,55.64178487],[12.56394633,55.64169803],[12.5641603,55.64164646],[12.56480663,55.64160937],[12.57419021,55.64117604],[12.57479227,55.64115976],[12.57481588,55.64120047],[12.5764317,55.64111543],[12.57672683,55.64194228],[12.57694817,55.64232043],[12.57696883,55.64271214],[12.57749416,55.64348923],[12.57877944,55.64761444],[12.57934313,55.64910168],[12.57984485,55.64940655],[12.57998946,55.64970508],[12.57995257,55.6499421],[12.57978877,55.64998824],[12.57974893,55.650038],[12.57976959,55.65024154],[12.58048085,55.65231409],[12.580714,55.6528207],[12.58068744,55.65311833],[12.5808291,55.65326126],[12.58095158,55.65328297],[12.58099732,55.65336439],[12.5812895,55.65334087],[12.58155659,55.65412611],[12.58183253,55.65473584],[12.58196239,55.6548833],[12.57922951,55.65483445],[12.58127917,55.65881039],[12.58138984,55.65909264],[12.58115521,55.65911616],[12.581229,55.65917677],[12.58144444,55.65914149],[12.58257773,55.66140854],[12.5823431,55.66142754],[12.58189303,55.6616157],[12.58242721,55.66261625],[12.58173071,55.66300163],[12.58162152,55.66294192],[12.58170415,55.66275647],[12.58168054,55.66234757],[12.58162594,55.66225077],[12.57795456,55.66037091],[12.5774853,55.66067215],[12.57797669,55.6609345],[12.57773469,55.66106568],[12.57679766,55.66062059],[12.57693046,55.66048399],[12.57578094,55.66012846],[12.57535153,55.6603302],[12.57499885,55.66038267],[12.5745296,55.66086756],[12.57385966,55.66065949],[12.57404412,55.66047132],[12.57348485,55.6596689],[12.57287246,55.65990501],[12.57276326,55.65981997],[12.57317497,55.65964719],[12.57284147,55.65917225],[12.57234566,55.65827121],[12.57084493,55.65711055],[12.56980461,55.65755021],[12.5693206,55.65718111],[12.57007613,55.65705717],[12.57012925,55.65703999],[12.56960392,55.6560702],[12.56885282,55.65596978],[12.568903,55.65518364],[12.56884249,55.65474579],[12.56921288,55.65374616],[12.5691996,55.65346571],[12.56908598,55.65316899],[12.56900629,55.65302877],[12.56820945,55.65323593],[12.56812386,55.65311109],[12.56800433,55.65309843],[12.56796892,55.6528786],[12.56642393,55.65002262],[12.56642835,55.64989687],[12.56652722,55.64977384],[12.56760591,55.6490275],[12.5676974,55.64878144],[12.56430048,55.64243894],[12.5641057,55.64199656],[12.56393157,55.64178487]]]]},"properties":{"id":"copenhagen:1944","name":"Amager Fælled","nameAddon":null,"objectNumber":"1944","district":"Amager Vest","locality":null,"type":"Naturområder","areaM2":1909375.6,"areaHa":190.94,"designation":null,"dedicated":null,"builtYear":null,"renovatedYear":null,"planningAreaId":null,"planningAreaName":null,"centroid":[12.571606,55.649755],"bounds":[12.55382,55.641,12.58258,55.663],"amenities":{"playground":{"status":"observed-nearby","count":9,"nearestMeters":0,"coverage":"community-mapped-observations"},"toilet":{"status":"observed-nearby","count":1,"nearestMeters":0,"coverage":"community-mapped-observations"},"drinkingFountain":{"status":"observed-nearby","count":1,"nearestMeters":42,"coverage":"community-mapped-observations"},"dogRun":{"status":"not-observed","count":0,"nearestMeters":null,"coverage":"community-mapped-observations"}},"sourceId":"parks"}},{"type":"Feature","id":"copenhagen:196","geometry":{"type":"Polygon","coordinates":[[[12.46892708,55.70828297],[12.46935502,55.70780622],[12.4694347,55.70780261],[12.46970474,55.70800253],[12.46919417,55.70839425],[12.46892708,55.70828297]]]},"properties":{"id":"copenhagen:196","name":"Gisingevej - Grevingevej","nameAddon":null,"objectNumber":"196","district":"Brønshøj - Husum","locality":null,"type":"Andet grønt område","areaM2":1500.8,"areaHa":0.15,"designation":null,"dedicated":null,"builtYear":null,"renovatedYear":null,"planningAreaId":null,"planningAreaName":null,"centroid":[12.469315,55.708098],"bounds":[12.46893,55.7078,12.4697,55.70839],"amenities":{"playground":{"status":"observed-nearby","count":2,"nearestMeters":0,"coverage":"community-mapped-observations"},"toilet":{"status":"not-observed","count":0,"nearestMeters":null,"coverage":"community-mapped-observations"},"drinkingFountain":{"status":"not-observed","count":0,"nearestMeters":null,"coverage":"community-mapped-observations"},"dogRun":{"status":"not-observed","count":0,"nearestMeters":null,"coverage":"community-mapped-observations"}},"sourceId":"parks"}},{"type":"Feature","id":"copenhagen:1970","geometry":{"type":"Polygon","coordinates":[[[12.57527185,55.68927447],[12.57671207,55.68849828],[12.57668551,55.68848109],[12.57834117,55.68771305],[12.57867319,55.68771214],[12.58039821,55.68856613],[12.580199,55.68870816],[12.58180154,55.68950606],[12.58179416,55.68961733],[12.58613697,55.69226886],[12.58502286,55.69285055],[12.5848812,55.69290212],[12.57764025,55.69023521],[12.57803424,55.68989416],[12.57727871,55.68961552],[12.57688324,55.68995748],[12.57529251,55.68936946],[12.57527185,55.68927447]],[[12.57697473,55.68896418],[12.57774354,55.68902388],[12.57789553,55.68904921],[12.57789553,55.68910078],[12.57971942,55.68909806],[12.5797268,55.68906369],[12.57957923,55.68905283],[12.57959251,55.68899855],[12.57952463,55.68899312],[12.5796176,55.68891171],[12.57969876,55.68859146],[12.57953201,55.68857789],[12.57872189,55.68851547],[12.57862745,55.68844219],[12.5782364,55.68841234],[12.57810507,55.68846843],[12.5771341,55.68839153],[12.57705147,55.68874525],[12.57719903,55.6888321],[12.57717985,55.68891171],[12.57698211,55.68893251],[12.57697473,55.68896418]],[[12.57781142,55.68934684],[12.5778306,55.68940384],[12.57798259,55.68944364],[12.57843414,55.68944093],[12.57958366,55.68954225],[12.57980943,55.68952777],[12.58004701,55.68945631],[12.58015621,55.68932965],[12.58011784,55.68925005],[12.57999389,55.68921205],[12.57852268,55.68919305],[12.5778911,55.68927176],[12.57781142,55.68934684]],[[12.58008095,55.68967523],[12.58016801,55.68972861],[12.58014735,55.68998643],[12.58018129,55.69009861],[12.58031115,55.69022164],[12.58034066,55.69045052],[12.58064612,55.69104578],[12.58096043,55.69112267],[12.58168939,55.69115071],[12.58335539,55.6909734],[12.58357821,55.69083952],[12.58336277,55.69068934],[12.58319602,55.69065316],[12.58259691,55.69069477],[12.58156101,55.69085218],[12.58111242,55.69085218],[12.58092797,55.69068301],[12.58087927,55.69033201],[12.580714,55.68995386],[12.5806535,55.68962728],[12.58034952,55.68949521],[12.58024032,55.68951239],[12.58008095,55.68967523]],[[12.58286843,55.69197666],[12.58293188,55.69201918],[12.58307059,55.6920427],[12.58329636,55.69200832],[12.58424815,55.69177764],[12.58457131,55.69213136],[12.58469822,55.69222815],[12.58491514,55.692296],[12.58531799,55.692296],[12.58583594,55.69222815],[12.58583446,55.69217116],[12.58494465,55.69195404],[12.58477053,55.69176135],[12.58481332,55.69169079],[12.58457869,55.69156233],[12.5843603,55.69131627],[12.58423044,55.69127917],[12.58378628,55.69093088],[12.58369626,55.6909535],[12.58369183,55.69103221],[12.58393974,55.69121314],[12.58406517,55.69156776],[12.58404009,55.69162656],[12.58290237,55.691888],[12.58286843,55.69197666]]]},"properties":{"id":"copenhagen:1970","name":"Østre Anlæg","nameAddon":null,"objectNumber":"1970","district":"Indre by","locality":null,"type":"Regionale parker","areaM2":103515.9,"areaHa":10.35,"designation":null,"dedicated":null,"builtYear":null,"renovatedYear":null,"planningAreaId":null,"planningAreaName":null,"centroid":[12.580506,55.690232],"bounds":[12.57527,55.68771,12.58614,55.6929],"amenities":{"playground":{"status":"observed-nearby","count":2,"nearestMeters":0,"coverage":"community-mapped-observations"},"toilet":{"status":"observed-nearby","count":3,"nearestMeters":0,"coverage":"community-mapped-observations"},"drinkingFountain":{"status":"observed-nearby","count":2,"nearestMeters":0,"coverage":"community-mapped-observations"},"dogRun":{"status":"observed-nearby","count":1,"nearestMeters":25,"coverage":"community-mapped-observations"}},"sourceId":"parks"}},{"type":"Feature","id":"copenhagen:1978","geometry":{"type":"Polygon","coordinates":[[[12.52131074,55.70462909],[12.52138009,55.70459381],[12.52250748,55.70444726],[12.52242927,55.70428895],[12.52282326,55.70422924],[12.52259897,55.70360593],[12.52307707,55.70340963],[12.523263,55.70348381],[12.52318627,55.7035806],[12.52359207,55.70372263],[12.52400968,55.70340691],[12.52384588,55.70300344],[12.52440662,55.70274833],[12.52416757,55.70297087],[12.52444647,55.70308124],[12.52486702,55.7027429],[12.525807,55.70306676],[12.52580848,55.703112],[12.52479619,55.70349285],[12.52496884,55.70363398],[12.52284983,55.70443278],[12.52271554,55.70442917],[12.5226211,55.70454406],[12.52294132,55.70532386],[12.52304018,55.70535734],[12.52310659,55.70552017],[12.52177999,55.70580333],[12.52131074,55.70462909]]]},"properties":{"id":"copenhagen:1978","name":"Hulgårds Plads","nameAddon":null,"objectNumber":"1978","district":"Bispebjerg","locality":null,"type":"Lokale parker","areaM2":23456.8,"areaHa":2.35,"designation":null,"dedicated":null,"builtYear":null,"renovatedYear":null,"planningAreaId":null,"planningAreaName":null,"centroid":[12.523233,55.704219],"bounds":[12.52131,55.70274,12.52581,55.7058],"amenities":{"playground":{"status":"observed-nearby","count":3,"nearestMeters":0,"coverage":"community-mapped-observations"},"toilet":{"status":"not-observed","count":0,"nearestMeters":null,"coverage":"community-mapped-observations"},"drinkingFountain":{"status":"observed-nearby","count":1,"nearestMeters":0,"coverage":"community-mapped-observations"},"dogRun":{"status":"not-observed","count":0,"nearestMeters":null,"coverage":"community-mapped-observations"}},"sourceId":"parks"}},{"type":"Feature","id":"copenhagen:1979","geometry":{"type":"MultiPolygon","coordinates":[[[[12.59720867,55.67115976],[12.59722048,55.67113081],[12.59784762,55.67149448],[12.59809848,55.6715569],[12.59813537,55.6716736],[12.59831688,55.67173783],[12.59846297,55.67210602],[12.59857511,55.67218473],[12.59891599,55.67231138],[12.59939114,55.67235752],[12.60019094,55.67251402],[12.60036506,55.67248598],[12.60100401,55.67209336],[12.6020045,55.67193143],[12.60223322,55.67185634],[12.60233061,55.67187263],[12.60243686,55.67193595],[12.60248998,55.67208703],[12.60273789,55.67236747],[12.60280134,55.67263705],[12.6027187,55.67287045],[12.60290168,55.67308667],[12.60353473,55.67329926],[12.60383429,55.67347386],[12.60422828,55.67356432],[12.60427993,55.67362946],[12.60461637,55.67361769],[12.60521696,55.67342048],[12.60608021,55.67355618],[12.60630745,55.67355256],[12.60650371,55.67362946],[12.60664685,55.67396779],[12.6067044,55.67432061],[12.60666161,55.67442826],[12.60641665,55.67467704],[12.60642993,55.67477565],[12.60649191,55.67478288],[12.60656274,55.67498553],[12.6068136,55.67521169],[12.60709692,55.67545685],[12.6073404,55.67557264],[12.60736549,55.67562149],[12.60744517,55.6755835],[12.60783917,55.67565587],[12.60834679,55.6755636],[12.60883375,55.67572191],[12.60914068,55.67572824],[12.60960846,55.67587118],[12.60951844,55.67620952],[12.60961731,55.67624661],[12.6095937,55.67646191],[12.60951106,55.67664918],[12.6089518,55.67705265],[12.60890163,55.67718925],[12.60924545,55.6775493],[12.60929414,55.67767324],[12.60946827,55.67779808],[12.60958632,55.6779962],[12.6097693,55.67803872],[12.61047465,55.67808576],[12.61112984,55.67831011],[12.61158729,55.6785607],[12.61113279,55.67911797],[12.61108704,55.67937217],[12.6108657,55.67945992],[12.61068862,55.67947349],[12.61035365,55.67969513],[12.61055877,55.67973946],[12.61054696,55.68003528],[12.61075798,55.68035462],[12.61102507,55.68057083],[12.61128921,55.68070834],[12.61155187,55.68073729],[12.61176289,55.68082052],[12.61191488,55.68105211],[12.61217016,55.68121766],[12.61239889,55.68146372],[12.6121495,55.68174597],[12.61193554,55.68181292],[12.61169206,55.68196852],[12.61161385,55.68205989],[12.61165812,55.68214312],[12.61152678,55.68224172],[12.61101179,55.68242356],[12.6109321,55.68265243],[12.61084947,55.68337073],[12.6109749,55.68345486],[12.61151203,55.68360051],[12.61209048,55.68421748],[12.61229412,55.68432965],[12.61269254,55.68444816],[12.61280616,55.68440203],[12.61283567,55.68432604],[12.61283567,55.68335173],[12.61274271,55.68299891],[12.61293749,55.68234395],[12.61304817,55.68122309],[12.61291831,55.68074453],[12.61276927,55.68052198],[12.61279436,55.68036819],[12.61290355,55.68033382],[12.6127309,55.68028496],[12.61256858,55.67994934],[12.6126645,55.67961191],[12.61258629,55.67951511],[12.61259072,55.67940565],[12.61245496,55.67928261],[12.61251399,55.6791822],[12.61250513,55.67902026],[12.612362,55.6787751],[12.61217902,55.67824498],[12.61193554,55.67808124],[12.61191193,55.67787498],[12.61181453,55.67782613],[12.61161237,55.67754749],[12.6116286,55.67747422],[12.61130839,55.67721639],[12.61102654,55.67679211],[12.61071961,55.67650896],[12.61070043,55.67639497],[12.61050122,55.67618871],[12.61051745,55.6760503],[12.61025478,55.67581961],[12.60986964,55.67536638],[12.60942695,55.6751167],[12.60928234,55.67495296],[12.60916872,55.67491406],[12.608031,55.67411887],[12.60768865,55.67382215],[12.6075706,55.6736376],[12.60743632,55.67361136],[12.60735073,55.67349738],[12.60678261,55.67314094],[12.60619531,55.67290302],[12.60590461,55.67285508],[12.60524204,55.67254478],[12.60473443,55.67237561],[12.6046872,55.67229691],[12.60451456,55.67227158],[12.60386527,55.67194228],[12.60319238,55.67166817],[12.60288102,55.67160213],[12.60257114,55.67140583],[12.60130062,55.67114619],[12.6007989,55.67079428],[12.60072069,55.67065316],[12.60025882,55.67043242],[12.59956822,55.67030396],[12.59943098,55.67019179],[12.59924063,55.6702325],[12.5984733,55.66994572],[12.59732968,55.66971775],[12.59745658,55.66947802],[12.59918603,55.66984078],[12.60000058,55.66970418],[12.60016142,55.66971956],[12.60033555,55.66984802],[12.6005687,55.67017822],[12.60096712,55.67031844],[12.60177725,55.6707201],[12.60327059,55.67134702],[12.60342849,55.67135155],[12.60389479,55.67125475],[12.60423861,55.67132079],[12.60436256,55.67143206],[12.60436847,55.67171522],[12.60446438,55.67183915],[12.6073891,55.67299891],[12.60869356,55.67397051],[12.60881456,55.67400941],[12.609424,55.67400489],[12.60970585,55.67411525],[12.60977225,55.67423286],[12.6096055,55.67463904],[12.61067091,55.67541433],[12.61143087,55.6763814],[12.61146776,55.67641035],[12.61229854,55.676518],[12.61256563,55.67670165],[12.6126099,55.67680749],[12.61256858,55.67697395],[12.61242545,55.67706803],[12.61217164,55.67737199],[12.61290503,55.67839334],[12.61315589,55.67932423],[12.61390994,55.67957934],[12.61408259,55.67970237],[12.61416375,55.67982721],[12.61414457,55.67994753],[12.61404127,55.68007328],[12.6135366,55.68037724],[12.61350561,55.68044237],[12.61355283,55.68071286],[12.6136517,55.68088294],[12.61362957,55.68096255],[12.61374172,55.68111091],[12.61375795,55.68139768],[12.61363547,55.68246246],[12.61367384,55.68252216],[12.61408406,55.6827049],[12.61418441,55.68279446],[12.61419031,55.68288583],[12.61411505,55.68304234],[12.61333592,55.68332007],[12.61340675,55.68339696],[12.6142936,55.68307581],[12.61442641,55.68291569],[12.61436886,55.68265696],[12.61388485,55.68236837],[12.61401766,55.68129546],[12.61409734,55.68128279],[12.61413719,55.68141216],[12.6142331,55.68135155],[12.61419326,55.68112448],[12.61414014,55.68125113],[12.61402651,55.68126018],[12.6139911,55.68123304],[12.61393798,55.6809734],[12.61401766,55.68086123],[12.61388043,55.68084856],[12.61380812,55.68055907],[12.61439542,55.68016646],[12.61454889,55.67989506],[12.61444412,55.67964719],[12.61421835,55.67942283],[12.61333592,55.67912882],[12.61311309,55.67830378],[12.61255825,55.67748869],[12.61294782,55.67708612],[12.61303636,55.67687082],[12.61298767,55.67668355],[12.61278403,55.67645287],[12.61238561,55.67629184],[12.61151941,55.67616609],[12.61100293,55.67543785],[12.60991244,55.67460557],[12.61001278,55.67414149],[12.60988588,55.67401031],[12.6095332,55.67384838],[12.60880276,55.67379591],[12.60750272,55.67287407],[12.60464884,55.67173512],[12.60452931,55.67164103],[12.60449094,55.67133979],[12.60437142,55.67124208],[12.60404383,55.67115433],[12.60359966,55.67122218],[12.60344177,55.67121314],[12.60183332,55.67051565],[12.60111616,55.67027139],[12.60073102,55.67004342],[12.60053476,55.66969694],[12.60018503,55.66954225],[12.59984416,55.66954225],[12.59928637,55.6696499],[12.59761152,55.66930794],[12.59754659,55.66929799],[12.59766317,55.66912882],[12.59824162,55.66924914],[12.59814865,55.66939388],[12.5992421,55.66961643],[12.5994059,55.66962005],[12.59997107,55.66949611],[12.60036506,55.66953591],[12.60066904,55.66972227],[12.60082546,55.67004523],[12.60345062,55.67118419],[12.6039848,55.67114257],[12.6041663,55.67116067],[12.60434928,55.67121223],[12.60453521,55.67135788],[12.60458539,55.67163108],[12.60485838,55.67159309],[12.60767094,55.67274561],[12.60759864,55.67280622],[12.60802657,55.67300706],[12.60801772,55.67304777],[12.60816823,55.67317532],[12.60842352,55.6732884],[12.60841909,55.67334178],[12.60887506,55.67362584],[12.6091392,55.67371178],[12.60949336,55.67371178],[12.60974274,55.67378415],[12.60980472,55.67373982],[12.61007476,55.67384024],[12.60996556,55.67395513],[12.61027102,55.67414149],[12.61032119,55.67424371],[12.61018986,55.67436222],[12.61019428,55.67442102],[12.6102902,55.67444997],[12.610181,55.67455672],[12.6103389,55.67467433],[12.61029315,55.67470327],[12.61103982,55.67521259],[12.61134085,55.67547766],[12.61140136,55.67563145],[12.611726,55.67603673],[12.61189569,55.67609191],[12.61192226,55.67606477],[12.61238561,55.67613986],[12.61243283,55.67610367],[12.61270287,55.67617514],[12.61301423,55.67632169],[12.61296996,55.67635607],[12.61309686,55.67640402],[12.61323852,55.67657952],[12.61302898,55.6766148],[12.61308801,55.67672517],[12.61308801,55.67694409],[12.61273828,55.67738194],[12.61270287,55.6775095],[12.61322082,55.67835173],[12.61333592,55.67873259],[12.61360448,55.67888366],[12.6136399,55.67902388],[12.61414604,55.67916591],[12.61460201,55.67938122],[12.61484992,55.67966347],[12.61489714,55.67984169],[12.61486172,55.68004433],[12.61475991,55.68014293],[12.61467284,55.6801366],[12.61456512,55.6802343],[12.61464333,55.68026054],[12.61415785,55.68062421],[12.61417555,55.68068753],[12.61409144,55.68069568],[12.61412243,55.68081238],[12.61407078,55.68081961],[12.61408554,55.68100959],[12.61415194,55.68100959],[12.61414752,55.68108015],[12.61422573,55.68108377],[12.61426114,55.68128913],[12.61435706,55.68142573],[12.61425671,55.68222182],[12.61450019,55.68276823],[12.61449429,55.68293287],[12.6142759,55.68314366],[12.61351004,55.6834051],[12.61324738,55.68357608],[12.61313375,55.68377239],[12.61309834,55.68439841],[12.61299062,55.68460014],[12.61293307,55.68461191],[12.61285781,55.68451149],[12.61276337,55.68453139],[12.61222919,55.68435137],[12.61200489,55.68418582],[12.61148547,55.68361589],[12.61083028,55.68340963],[12.61081258,55.68327121],[12.61096752,55.68244255],[12.61102064,55.68238828],[12.61146923,55.68224806],[12.61126117,55.68211688],[12.61049531,55.6822173],[12.61013969,55.68222996],[12.61019133,55.68135426],[12.6098844,55.68022073],[12.60939154,55.67895151],[12.60802952,55.67705989],[12.60831137,55.67692238],[12.60825234,55.67689343],[12.60863896,55.67664013],[12.6086788,55.67666003],[12.60874078,55.67662747],[12.60870684,55.67659671],[12.60884998,55.67650534],[12.60894589,55.67634341],[12.6090064,55.67605844],[12.60877472,55.67599421],[12.60826415,55.67592727],[12.60742304,55.67604487],[12.60716332,55.67602225],[12.60569064,55.67493487],[12.60564342,55.67495477],[12.60557849,55.67489868],[12.60588395,55.67468518],[12.60584558,55.67467071],[12.6059533,55.67454225],[12.6059961,55.67455582],[12.60604627,55.67450697],[12.60600495,55.6744943],[12.60614366,55.67434051],[12.60622629,55.67434503],[12.60620711,55.67418672],[12.6061348,55.67419577],[12.60612152,55.67413968],[12.60608021,55.67414239],[12.60601085,55.67387462],[12.60584706,55.67383572],[12.60514465,55.67382124],[12.60436256,55.67411887],[12.60420615,55.67411525],[12.60305515,55.67364393],[12.60297251,55.67360322],[12.60302711,55.67351728],[12.60210041,55.67312285],[12.60223027,55.67263796],[12.60199712,55.67227248],[12.60119732,55.6723937],[12.60063953,55.67279899],[12.60016142,55.67272028],[12.60014962,55.6727429],[12.59994598,55.67270852],[12.59991794,55.67275737],[12.59816931,55.6724706],[12.59864742,55.67224534],[12.59846887,55.67221096],[12.59827113,55.67175593],[12.59720867,55.67115976]]],[[[12.59905027,55.6714592],[12.59932179,55.67118419],[12.59997549,55.67090013],[12.6004049,55.67140221],[12.60044622,55.67148001],[12.60041376,55.67160756],[12.60020717,55.67165189],[12.59986482,55.67166184],[12.59967742,55.67160304],[12.59930555,55.6715768],[12.59908864,55.67150986],[12.59905027,55.6714592]]]]},"properties":{"id":"copenhagen:1979","name":"Christianshavns Voldanlæg","nameAddon":null,"objectNumber":"1979","district":"Indre by","locality":null,"type":"Regionale parker","areaM2":231845.1,"areaHa":23.18,"designation":null,"dedicated":null,"builtYear":null,"renovatedYear":null,"planningAreaId":null,"planningAreaName":null,"centroid":[12.608377,55.676515],"bounds":[12.59721,55.66913,12.6149,55.68461],"amenities":{"playground":{"status":"observed-nearby","count":4,"nearestMeters":0,"coverage":"community-mapped-observations"},"toilet":{"status":"observed-nearby","count":4,"nearestMeters":2,"coverage":"community-mapped-observations"},"drinkingFountain":{"status":"not-observed","count":0,"nearestMeters":null,"coverage":"community-mapped-observations"},"dogRun":{"status":"not-observed","count":0,"nearestMeters":null,"coverage":"community-mapped-observations"}},"sourceId":"parks"}},{"type":"Feature","id":"copenhagen:1981","geometry":{"type":"MultiPolygon","coordinates":[[[[12.60903296,55.68597159],[12.6095996,55.68477565],[12.60972208,55.68479103],[12.61074175,55.68468428],[12.61145153,55.68431337],[12.61126412,55.68406912],[12.61096604,55.68383752],[12.61021347,55.68363307],[12.61020904,55.68349104],[12.61034775,55.683444],[12.61126117,55.68370906],[12.61188536,55.68438393],[12.6128401,55.68471594],[12.61289913,55.68477746],[12.61218639,55.68611453],[12.6120167,55.68637326],[12.6118529,55.68647367],[12.61180273,55.68664103],[12.61154892,55.68689976],[12.61108409,55.68714945],[12.61074027,55.68715126],[12.60978553,55.68727972],[12.60968962,55.68710693],[12.60975307,55.68706893],[12.60985046,55.68708431],[12.60990653,55.68697576],[12.60975602,55.68664737],[12.60954795,55.68657228],[12.60960698,55.68643477],[12.60968371,55.68640583],[12.60958189,55.68636331],[12.60905657,55.68629094],[12.60906985,55.68626108],[12.60915248,55.68627465],[12.60928824,55.6860114],[12.60903296,55.68597159]],[[12.60914215,55.68585308],[12.60951106,55.68593088],[12.60959075,55.68608377],[12.60976782,55.68623937],[12.61024446,55.68651529],[12.6102902,55.68668989],[12.61046433,55.68696671],[12.61086275,55.68707165],[12.61107671,55.68705175],[12.61130249,55.68696942],[12.61148104,55.68688167],[12.61162418,55.68673693],[12.61178797,55.68646825],[12.61180273,55.68634069],[12.61197243,55.68625023],[12.61206687,55.68604578],[12.61216278,55.68597069],[12.61217164,55.68570382],[12.61268368,55.68481364],[12.61259957,55.68469242],[12.61196948,55.6844744],[12.61135413,55.68473856],[12.61076978,55.68500271],[12.6103507,55.68497648],[12.61014559,55.68503438],[12.60994195,55.68518726],[12.60964977,55.68576624],[12.60953172,55.68578524],[12.60922479,55.68574634],[12.60914215,55.68585308]]],[[[12.61010575,55.68324679],[12.61013969,55.68222996],[12.61049531,55.6822173],[12.61126117,55.68211688],[12.61146923,55.68224806],[12.61102064,55.68238828],[12.61096752,55.68244255],[12.61083028,55.68340963],[12.61148547,55.68361589],[12.61200489,55.68418582],[12.61222919,55.68435137],[12.61276337,55.68453139],[12.61285781,55.68451149],[12.61293307,55.68461191],[12.61207425,55.68432694],[12.61142201,55.68363488],[12.61010575,55.68324679]]]]},"properties":{"id":"copenhagen:1981","name":"Christianshavns Voldanlæg","nameAddon":null,"objectNumber":"1981","district":"Indre by","locality":null,"type":"Regionale parker","areaM2":26928.6,"areaHa":2.69,"designation":null,"dedicated":null,"builtYear":null,"renovatedYear":null,"planningAreaId":null,"planningAreaName":null,"centroid":[12.61065,55.684683],"bounds":[12.60903,55.68212,12.61293,55.68728],"amenities":{"playground":{"status":"not-observed","count":0,"nearestMeters":null,"coverage":"community-mapped-observations"},"toilet":{"status":"not-observed","count":0,"nearestMeters":null,"coverage":"community-mapped-observations"},"drinkingFountain":{"status":"not-observed","count":0,"nearestMeters":null,"coverage":"community-mapped-observations"},"dogRun":{"status":"not-observed","count":0,"nearestMeters":null,"coverage":"community-mapped-observations"}},"sourceId":"parks"}},{"type":"Feature","id":"copenhagen:1982","geometry":{"type":"MultiPolygon","coordinates":[[[[12.58058857,55.66990863],[12.5809383,55.66961191],[12.58165841,55.66928895],[12.58237557,55.66914601],[12.58249804,55.66903474],[12.58257183,55.66876968],[12.58300861,55.66864755],[12.58751521,55.6678596],[12.59053732,55.66771847],[12.59511917,55.66838791],[12.59546152,55.6684829],[12.59545562,55.66912882],[12.59507638,55.66984892],[12.59472813,55.67024968],[12.59447874,55.67046409],[12.59405966,55.67072824],[12.5940936,55.67080785],[12.59386783,55.67096255],[12.59258698,55.6702533],[12.59209116,55.67027682],[12.59020825,55.66994391],[12.58994854,55.66985073],[12.58985557,55.66916048],[12.58969768,55.66905916],[12.58949994,55.66900217],[12.58932287,55.66903474],[12.58913546,55.66917315],[12.58896429,55.6697467],[12.58870458,55.66987154],[12.58733518,55.66997557],[12.58650735,55.67008323],[12.58589496,55.66938393],[12.58557622,55.66928895],[12.58531946,55.66938031],[12.58508484,55.66958296],[12.58492252,55.67026959],[12.58482955,55.67031753],[12.58332735,55.67047313],[12.58264561,55.67058079],[12.58184581,55.6700009],[12.58161561,55.66991134],[12.58148723,55.66990049],[12.58139427,55.66995929],[12.58126294,55.67021259],[12.5815374,55.67053917],[12.58151232,55.67058893],[12.58139427,55.67060883],[12.580593,55.67007237],[12.58058857,55.66990863]],[[12.58141197,55.66944093],[12.58143116,55.66951511],[12.58226784,55.6696689],[12.58248476,55.66978017],[12.58279612,55.67005247],[12.58296877,55.67015198],[12.58312519,55.67018545],[12.58392499,55.67006333],[12.58419503,55.66997919],[12.58426291,55.66986068],[12.58433816,55.66941198],[12.58504204,55.66891532],[12.58530618,55.66878958],[12.58647784,55.66908088],[12.58689397,55.66955853],[12.58704448,55.66965352],[12.58720975,55.6696698],[12.58796823,55.66958296],[12.58810694,55.66953591],[12.58830468,55.66936403],[12.58837993,55.66907364],[12.58848766,55.66896689],[12.58956782,55.66851637],[12.58965046,55.66851185],[12.58983049,55.66857337],[12.590617,55.66903564],[12.59073358,55.6694934],[12.59070997,55.66958024],[12.59096673,55.66969875],[12.5914168,55.66981997],[12.5917798,55.66981274],[12.59203361,55.66974308],[12.59242318,55.66938393],[12.59344285,55.66922291],[12.59393571,55.66919848],[12.5940877,55.66954587],[12.59406409,55.66959291],[12.59427363,55.66987154],[12.59429872,55.67010675],[12.59409803,55.67041704],[12.59422051,55.67051113],[12.59445661,55.67043333],[12.59526526,55.66938303],[12.59507638,55.66924552],[12.59503358,55.66912158],[12.59438578,55.6686964],[12.59412902,55.66859598],[12.58971096,55.66790664],[12.58628305,55.66810928],[12.58325947,55.66862403],[12.58301304,55.66874163],[12.58273267,55.66881129],[12.58249067,55.66915234],[12.58219849,55.66924552],[12.58165545,55.66934232],[12.58141197,55.66944093]]],[[[12.59424855,55.67129184],[12.59434003,55.6712448],[12.59425592,55.67111453],[12.59481076,55.67076986],[12.59525345,55.6703691],[12.59583486,55.67052108],[12.59590126,55.67044599],[12.59597209,55.67036548],[12.59595438,55.67023611],[12.5958747,55.67013751],[12.5957109,55.67010403],[12.59571238,55.67000633],[12.59558695,55.66997829],[12.59588355,55.66947892],[12.59609309,55.66929166],[12.59678221,55.66903655],[12.59771039,55.66909806],[12.59839951,55.66907002],[12.59828146,55.66925095],[12.59766317,55.66912882],[12.59754659,55.66929799],[12.59698733,55.66918762],[12.59678517,55.66915234],[12.59652545,55.66925457],[12.59681763,55.66936765],[12.59745658,55.66947802],[12.59732968,55.66971775],[12.59720867,55.66969966],[12.59690617,55.66974398],[12.59658005,55.66957572],[12.59606948,55.66956305],[12.59596619,55.66973946],[12.59625689,55.6697666],[12.59635133,55.66984802],[12.59622,55.67024426],[12.59597504,55.6705636],[12.595826,55.67060883],[12.5952933,55.67046137],[12.59497603,55.67073729],[12.59490225,55.67075629],[12.59492439,55.67082866],[12.59498341,55.6708956],[12.59520328,55.67098607],[12.59551759,55.6709336],[12.59561646,55.67098969],[12.59587175,55.67102135],[12.59722048,55.67113081],[12.59720867,55.67115976],[12.59827113,55.67175593],[12.59846887,55.67221096],[12.59864742,55.67224534],[12.5981339,55.67248598],[12.59789927,55.67240004],[12.59785353,55.6720825],[12.59747429,55.67174055],[12.59661842,55.67150715],[12.59642954,55.6713615],[12.59602079,55.67133345],[12.59570647,55.67135788],[12.59544971,55.67140402],[12.59548513,55.67146825],[12.59541577,55.67148724],[12.59487864,55.67154695],[12.59453629,55.67150353],[12.59425297,55.67137054],[12.59424855,55.67129184]]],[[[12.61301128,55.68458838],[12.61305997,55.68450335],[12.61302013,55.68458024],[12.61301128,55.68458838]]],[[[12.61307768,55.68446535],[12.61312933,55.68378777],[12.61316179,55.68369549],[12.61318245,55.6836584],[12.61321639,55.68361227],[12.61313818,55.68379501],[12.61307768,55.68446535]]],[[[12.61325918,55.68356613],[12.61351004,55.6834051],[12.61421982,55.68316899],[12.61442936,55.68302967],[12.61451052,55.68281798],[12.61434378,55.68243532],[12.61453413,55.68279537],[12.61444264,55.68304505],[12.61425524,55.68316808],[12.61354251,55.68341234],[12.61325918,55.68356613]]]]},"properties":{"id":"copenhagen:1982","name":"Christianshavns Voldanlæg","nameAddon":null,"objectNumber":"1982","district":"Indre by","locality":null,"type":"Regionale parker","areaM2":111250.3,"areaHa":11.13,"designation":null,"dedicated":null,"builtYear":null,"renovatedYear":null,"planningAreaId":null,"planningAreaName":null,"centroid":[12.59069,55.66972],"bounds":[12.58059,55.66772,12.61453,55.68459],"amenities":{"playground":{"status":"observed-nearby","count":4,"nearestMeters":0,"coverage":"community-mapped-observations"},"toilet":{"status":"observed-nearby","count":2,"nearestMeters":0,"coverage":"community-mapped-observations"},"drinkingFountain":{"status":"observed-nearby","count":1,"nearestMeters":0,"coverage":"community-mapped-observations"},"dogRun":{"status":"observed-nearby","count":1,"nearestMeters":0,"coverage":"community-mapped-observations"}},"sourceId":"parks"}},{"type":"Feature","id":"copenhagen:1983","geometry":{"type":"Polygon","coordinates":[[[12.46278105,55.71712231],[12.46347313,55.71685272],[12.46372989,55.71689705],[12.46401321,55.71712412],[12.46398812,55.71716392],[12.46366348,55.71726524],[12.46278105,55.71712231]]]},"properties":{"id":"copenhagen:1983","name":"Kagsløkke","nameAddon":null,"objectNumber":"1983","district":"Brønshøj-Husum","locality":null,"type":"Andet grønt område","areaM2":2101.5,"areaHa":0.21,"designation":null,"dedicated":null,"builtYear":null,"renovatedYear":null,"planningAreaId":null,"planningAreaName":null,"centroid":[12.463476,55.717072],"bounds":[12.46278,55.71685,12.46401,55.71727],"amenities":{"playground":{"status":"not-observed","count":0,"nearestMeters":null,"coverage":"community-mapped-observations"},"toilet":{"status":"not-observed","count":0,"nearestMeters":null,"coverage":"community-mapped-observations"},"drinkingFountain":{"status":"not-observed","count":0,"nearestMeters":null,"coverage":"community-mapped-observations"},"dogRun":{"status":"not-observed","count":0,"nearestMeters":null,"coverage":"community-mapped-observations"}},"sourceId":"parks"}},{"type":"Feature","id":"copenhagen:1985","geometry":{"type":"Polygon","coordinates":[[[12.47473667,55.71316447],[12.47516903,55.71306948],[12.47533873,55.71328478],[12.47495063,55.71352904],[12.47473667,55.71316447]]]},"properties":{"id":"copenhagen:1985","name":"Toftagervej - Nord","nameAddon":null,"objectNumber":"1985","district":"Brønshøj-Husum","locality":null,"type":"Andet grønt område","areaM2":1044.1,"areaHa":0.1,"designation":null,"dedicated":null,"builtYear":null,"renovatedYear":null,"planningAreaId":null,"planningAreaName":null,"centroid":[12.475035,55.713271],"bounds":[12.47474,55.71307,12.47534,55.71353],"amenities":{"playground":{"status":"not-observed","count":0,"nearestMeters":null,"coverage":"community-mapped-observations"},"toilet":{"status":"not-observed","count":0,"nearestMeters":null,"coverage":"community-mapped-observations"},"drinkingFountain":{"status":"not-observed","count":0,"nearestMeters":null,"coverage":"community-mapped-observations"},"dogRun":{"status":"not-observed","count":0,"nearestMeters":null,"coverage":"community-mapped-observations"}},"sourceId":"parks"}},{"type":"Feature","id":"copenhagen:1987","geometry":{"type":"Polygon","coordinates":[[[12.47461271,55.71292926],[12.47500966,55.71288945],[12.47501704,55.71300615],[12.47468502,55.71307852],[12.47461271,55.71292926]]]},"properties":{"id":"copenhagen:1987","name":"Toftagervej - Syd","nameAddon":null,"objectNumber":"1987","district":"Brønshøj-Husum","locality":null,"type":"Andet grønt område","areaM2":398.5,"areaHa":0.04,"designation":null,"dedicated":null,"builtYear":null,"renovatedYear":null,"planningAreaId":null,"planningAreaName":null,"centroid":[12.474821,55.712976],"bounds":[12.47461,55.71289,12.47502,55.71308],"amenities":{"playground":{"status":"not-observed","count":0,"nearestMeters":null,"coverage":"community-mapped-observations"},"toilet":{"status":"not-observed","count":0,"nearestMeters":null,"coverage":"community-mapped-observations"},"drinkingFountain":{"status":"not-observed","count":0,"nearestMeters":null,"coverage":"community-mapped-observations"},"dogRun":{"status":"not-observed","count":0,"nearestMeters":null,"coverage":"community-mapped-observations"}},"sourceId":"parks"}},{"type":"Feature","id":"copenhagen:199","geometry":{"type":"MultiPolygon","coordinates":[[[[12.50688638,55.71019269],[12.50712248,55.7101547],[12.50727152,55.71020626],[12.50705608,55.71038448],[12.50697639,55.71037724],[12.50688638,55.71019269]]],[[[12.50849778,55.70963633],[12.50903196,55.70941921],[12.50911017,55.70965985],[12.50899211,55.7097268],[12.50887554,55.7096698],[12.50876929,55.70974127],[12.50849778,55.70963633]]],[[[12.5112764,55.70883391],[12.51177074,55.70875068],[12.511846,55.70876696],[12.51188584,55.70880858],[12.51140921,55.70896056],[12.5112764,55.70883391]]]]},"properties":{"id":"copenhagen:199","name":"Hareskovvej","nameAddon":null,"objectNumber":"199","district":"Brønshøj - Husum","locality":null,"type":"Andet grønt område","areaM2":1479.6,"areaHa":0.15,"designation":null,"dedicated":null,"builtYear":null,"renovatedYear":null,"planningAreaId":null,"planningAreaName":null,"centroid":[12.509193,55.709545],"bounds":[12.50689,55.70875,12.51189,55.71038],"amenities":{"playground":{"status":"not-observed","count":0,"nearestMeters":null,"coverage":"community-mapped-observations"},"toilet":{"status":"not-observed","count":0,"nearestMeters":null,"coverage":"community-mapped-observations"},"drinkingFountain":{"status":"not-observed","count":0,"nearestMeters":null,"coverage":"community-mapped-observations"},"dogRun":{"status":"observed-nearby","count":1,"nearestMeters":73,"coverage":"community-mapped-observations"}},"sourceId":"parks"}},{"type":"Feature","id":"copenhagen:1990","geometry":{"type":"Polygon","coordinates":[[[12.46712976,55.70687172],[12.46732749,55.70654333],[12.46855079,55.70673693],[12.46842241,55.7070427],[12.46779822,55.70691876],[12.46776576,55.70697666],[12.46712976,55.70687172]]]},"properties":{"id":"copenhagen:1990","name":"Korsager Alle","nameAddon":null,"objectNumber":"1990","district":"Brønshøj-Husum","locality":null,"type":"Andet grønt område","areaM2":2968.8,"areaHa":0.3,"designation":null,"dedicated":null,"builtYear":null,"renovatedYear":null,"planningAreaId":null,"planningAreaName":null,"centroid":[12.467838,55.706795],"bounds":[12.46713,55.70654,12.46855,55.70704],"amenities":{"playground":{"status":"not-observed","count":0,"nearestMeters":null,"coverage":"community-mapped-observations"},"toilet":{"status":"not-observed","count":0,"nearestMeters":null,"coverage":"community-mapped-observations"},"drinkingFountain":{"status":"not-observed","count":0,"nearestMeters":null,"coverage":"community-mapped-observations"},"dogRun":{"status":"not-observed","count":0,"nearestMeters":null,"coverage":"community-mapped-observations"}},"sourceId":"parks"}},{"type":"Feature","id":"copenhagen:1992","geometry":{"type":"Polygon","coordinates":[[[12.47586848,55.70528135],[12.47592308,55.7052524],[12.47650891,55.70530668],[12.47629642,55.70601411],[12.4759216,55.7059526],[12.47586848,55.70528135]]]},"properties":{"id":"copenhagen:1992","name":"Smørumvej","nameAddon":null,"objectNumber":"1992","district":"Brønshøj-Husum","locality":null,"type":"Andet grønt område","areaM2":2571.6,"areaHa":0.26,"designation":null,"dedicated":null,"builtYear":null,"renovatedYear":null,"planningAreaId":null,"planningAreaName":null,"centroid":[12.476154,55.705601],"bounds":[12.47587,55.70525,12.47651,55.70601],"amenities":{"playground":{"status":"not-observed","count":0,"nearestMeters":null,"coverage":"community-mapped-observations"},"toilet":{"status":"not-observed","count":0,"nearestMeters":null,"coverage":"community-mapped-observations"},"drinkingFountain":{"status":"not-observed","count":0,"nearestMeters":null,"coverage":"community-mapped-observations"},"dogRun":{"status":"not-observed","count":0,"nearestMeters":null,"coverage":"community-mapped-observations"}},"sourceId":"parks"}},{"type":"Feature","id":"copenhagen:1994","geometry":{"type":"Polygon","coordinates":[[[12.46696301,55.7021594],[12.46710467,55.70164375],[12.46714451,55.70123032],[12.46748243,55.70127194],[12.46753113,55.70131717],[12.46717255,55.70224172],[12.46713271,55.70231409],[12.46696301,55.7021594]]]},"properties":{"id":"copenhagen:1994","name":"Dyssevænget","nameAddon":null,"objectNumber":"1994","district":"Brønshøj-Husum","locality":null,"type":"Andet grønt område","areaM2":2218.6,"areaHa":0.22,"designation":null,"dedicated":null,"builtYear":null,"renovatedYear":null,"planningAreaId":null,"planningAreaName":null,"centroid":[12.467226,55.701703],"bounds":[12.46696,55.70123,12.46753,55.70231],"amenities":{"playground":{"status":"not-observed","count":0,"nearestMeters":null,"coverage":"community-mapped-observations"},"toilet":{"status":"not-observed","count":0,"nearestMeters":null,"coverage":"community-mapped-observations"},"drinkingFountain":{"status":"not-observed","count":0,"nearestMeters":null,"coverage":"community-mapped-observations"},"dogRun":{"status":"not-observed","count":0,"nearestMeters":null,"coverage":"community-mapped-observations"}},"sourceId":"parks"}},{"type":"Feature","id":"copenhagen:1996","geometry":{"type":"Polygon","coordinates":[[[12.46925615,55.70180206],[12.46944946,55.70136512],[12.47045732,55.70149267],[12.47048978,55.70152162],[12.47029942,55.70195223],[12.46925615,55.70180206]]]},"properties":{"id":"copenhagen:1996","name":"Stenløsevej/Veksøvej","nameAddon":null,"objectNumber":"1996","district":"Brønshøj-Husum","locality":null,"type":"Andet grønt område","areaM2":3527.9,"areaHa":0.35,"designation":null,"dedicated":null,"builtYear":null,"renovatedYear":null,"planningAreaId":null,"planningAreaName":null,"centroid":[12.469879,55.701655],"bounds":[12.46926,55.70137,12.47049,55.70195],"amenities":{"playground":{"status":"not-observed","count":0,"nearestMeters":null,"coverage":"community-mapped-observations"},"toilet":{"status":"not-observed","count":0,"nearestMeters":null,"coverage":"community-mapped-observations"},"drinkingFountain":{"status":"not-observed","count":0,"nearestMeters":null,"coverage":"community-mapped-observations"},"dogRun":{"status":"not-observed","count":0,"nearestMeters":null,"coverage":"community-mapped-observations"}},"sourceId":"parks"}},{"type":"Feature","id":"copenhagen:1999","geometry":{"type":"Polygon","coordinates":[[[12.48176218,55.70699023],[12.48231111,55.70640311],[12.48301057,55.70661751],[12.48247196,55.70719739],[12.48176218,55.70699023]]]},"properties":{"id":"copenhagen:1999","name":"Kildebrøndvej/Sørupvej","nameAddon":null,"objectNumber":"1999","district":"Brønshøj-Husum","locality":null,"type":"Andet grønt område","areaM2":3621.7,"areaHa":0.36,"designation":null,"dedicated":null,"builtYear":null,"renovatedYear":null,"planningAreaId":null,"planningAreaName":null,"centroid":[12.482388,55.706802],"bounds":[12.48176,55.7064,12.48301,55.7072],"amenities":{"playground":{"status":"not-observed","count":0,"nearestMeters":null,"coverage":"community-mapped-observations"},"toilet":{"status":"not-observed","count":0,"nearestMeters":null,"coverage":"community-mapped-observations"},"drinkingFountain":{"status":"not-observed","count":0,"nearestMeters":null,"coverage":"community-mapped-observations"},"dogRun":{"status":"not-observed","count":0,"nearestMeters":null,"coverage":"community-mapped-observations"}},"sourceId":"parks"}},{"type":"Feature","id":"copenhagen:2","geometry":{"type":"MultiPolygon","coordinates":[[[[12.56903728,55.67530758],[12.57053358,55.67455763],[12.57067819,55.6746499],[12.56918042,55.67539986],[12.56903728,55.67530758]]],[[[12.56995217,55.67517279],[12.57013368,55.67508142],[12.57024287,55.6750968],[12.57019861,55.67504885],[12.57051587,55.67489054],[12.57098217,55.67518907],[12.57066491,55.67534739],[12.57055866,55.6753311],[12.57059998,55.67537905],[12.570417,55.67547132],[12.57034469,55.67542428],[12.56995217,55.67517279]]]]},"properties":{"id":"copenhagen:2","name":"Rådhusgården og Rådhushaven","nameAddon":null,"objectNumber":"2","district":"Indre by","locality":null,"type":"Haveanlæg","areaM2":3675.5,"areaHa":0.37,"designation":null,"dedicated":null,"builtYear":null,"renovatedYear":null,"planningAreaId":null,"planningAreaName":null,"centroid":[12.570191,55.675089],"bounds":[12.56904,55.67456,12.57098,55.67547],"amenities":{"playground":{"status":"not-observed","count":0,"nearestMeters":null,"coverage":"community-mapped-observations"},"toilet":{"status":"observed-nearby","count":2,"nearestMeters":41,"coverage":"community-mapped-observations"},"drinkingFountain":{"status":"not-observed","count":0,"nearestMeters":null,"coverage":"community-mapped-observations"},"dogRun":{"status":"not-observed","count":0,"nearestMeters":null,"coverage":"community-mapped-observations"}},"sourceId":"parks"}},{"type":"Feature","id":"copenhagen:20","geometry":{"type":"Polygon","coordinates":[[[12.50187216,55.6493586],[12.50313974,55.64945811],[12.50313826,55.6495133],[12.50306005,55.64954496],[12.50305563,55.64987968],[12.50313088,55.64990592],[12.50312498,55.65018274],[12.50222189,55.65027139],[12.50194299,55.64971323],[12.50188102,55.64971232],[12.50187216,55.6493586]]]},"properties":{"id":"copenhagen:20","name":"Kirsebærhaven","nameAddon":null,"objectNumber":"20","district":"Valby","locality":null,"type":"Andet grønt område","areaM2":6308.4,"areaHa":0.63,"designation":null,"dedicated":null,"builtYear":null,"renovatedYear":null,"planningAreaId":null,"planningAreaName":null,"centroid":[12.502522,55.649797],"bounds":[12.50187,55.64936,12.50314,55.65027],"amenities":{"playground":{"status":"observed-nearby","count":2,"nearestMeters":0,"coverage":"community-mapped-observations"},"toilet":{"status":"not-observed","count":0,"nearestMeters":null,"coverage":"community-mapped-observations"},"drinkingFountain":{"status":"not-observed","count":0,"nearestMeters":null,"coverage":"community-mapped-observations"},"dogRun":{"status":"not-observed","count":0,"nearestMeters":null,"coverage":"community-mapped-observations"}},"sourceId":"parks"}},{"type":"Feature","id":"copenhagen:2001","geometry":{"type":"Polygon","coordinates":[[[12.48009766,55.70563506],[12.48027916,55.70535734],[12.48047099,55.70506333],[12.48080154,55.70516284],[12.48046657,55.70570925],[12.48009766,55.70563506]]]},"properties":{"id":"copenhagen:2001","name":"Tryggevældevej","nameAddon":null,"objectNumber":"2001","district":"Brønshøj-Husum","locality":null,"type":"Andet grønt område","areaM2":1706.3,"areaHa":0.17,"designation":null,"dedicated":null,"builtYear":null,"renovatedYear":null,"planningAreaId":null,"planningAreaName":null,"centroid":[12.480456,55.705395],"bounds":[12.4801,55.70506,12.4808,55.70571],"amenities":{"playground":{"status":"not-observed","count":0,"nearestMeters":null,"coverage":"community-mapped-observations"},"toilet":{"status":"not-observed","count":0,"nearestMeters":null,"coverage":"community-mapped-observations"},"drinkingFountain":{"status":"not-observed","count":0,"nearestMeters":null,"coverage":"community-mapped-observations"},"dogRun":{"status":"not-observed","count":0,"nearestMeters":null,"coverage":"community-mapped-observations"}},"sourceId":"parks"}},{"type":"Feature","id":"copenhagen:2003","geometry":{"type":"Polygon","coordinates":[[[12.48102141,55.7017306],[12.48106568,55.70139135],[12.48185957,55.70142392],[12.48177251,55.7021006],[12.48171791,55.70209879],[12.48176365,55.70176226],[12.48102141,55.7017306]]]},"properties":{"id":"copenhagen:2003","name":"Skippingevej","nameAddon":null,"objectNumber":"2003","district":"Brønshøj-Husum","locality":null,"type":"Andet grønt område","areaM2":2003.2,"areaHa":0.2,"designation":null,"dedicated":null,"builtYear":null,"renovatedYear":null,"planningAreaId":null,"planningAreaName":null,"centroid":[12.481461,55.7016],"bounds":[12.48102,55.70139,12.48186,55.7021],"amenities":{"playground":{"status":"not-observed","count":0,"nearestMeters":null,"coverage":"community-mapped-observations"},"toilet":{"status":"not-observed","count":0,"nearestMeters":null,"coverage":"community-mapped-observations"},"drinkingFountain":{"status":"not-observed","count":0,"nearestMeters":null,"coverage":"community-mapped-observations"},"dogRun":{"status":"not-observed","count":0,"nearestMeters":null,"coverage":"community-mapped-observations"}},"sourceId":"parks"}},{"type":"Feature","id":"copenhagen:2007","geometry":{"type":"Polygon","coordinates":[[[12.48174299,55.69969423],[12.48191417,55.69916048],[12.48293974,55.69970418],[12.48291612,55.69973856],[12.48174299,55.69969423]]]},"properties":{"id":"copenhagen:2007","name":"Bjernedevej/Tølløsevej","nameAddon":null,"objectNumber":"2007","district":"Brønshøj-Husum","locality":null,"type":"Andet grønt område","areaM2":2278.9,"areaHa":0.23,"designation":null,"dedicated":null,"builtYear":null,"renovatedYear":null,"planningAreaId":null,"planningAreaName":null,"centroid":[12.482219,55.699531],"bounds":[12.48174,55.69916,12.48294,55.69974],"amenities":{"playground":{"status":"not-observed","count":0,"nearestMeters":null,"coverage":"community-mapped-observations"},"toilet":{"status":"not-observed","count":0,"nearestMeters":null,"coverage":"community-mapped-observations"},"drinkingFountain":{"status":"not-observed","count":0,"nearestMeters":null,"coverage":"community-mapped-observations"},"dogRun":{"status":"not-observed","count":0,"nearestMeters":null,"coverage":"community-mapped-observations"}},"sourceId":"parks"}},{"type":"Feature","id":"copenhagen:2009","geometry":{"type":"Polygon","coordinates":[[[12.49898877,55.70221368],[12.49940195,55.70231229],[12.49926029,55.70252035],[12.49939752,55.70259273],[12.49936063,55.70261625],[12.4989932,55.70244708],[12.49910682,55.70230414],[12.49898877,55.70221368]]]},"properties":{"id":"copenhagen:2009","name":"Engleholmvej","nameAddon":null,"objectNumber":"2009","district":"Brønshøj-Husum","locality":null,"type":"Andet grønt område","areaM2":521.4,"areaHa":0.05,"designation":null,"dedicated":null,"builtYear":null,"renovatedYear":null,"planningAreaId":null,"planningAreaName":null,"centroid":[12.499199,55.7024],"bounds":[12.49899,55.70221,12.4994,55.70262],"amenities":{"playground":{"status":"observed-nearby","count":1,"nearestMeters":73,"coverage":"community-mapped-observations"},"toilet":{"status":"not-observed","count":0,"nearestMeters":null,"coverage":"community-mapped-observations"},"drinkingFountain":{"status":"not-observed","count":0,"nearestMeters":null,"coverage":"community-mapped-observations"},"dogRun":{"status":"not-observed","count":0,"nearestMeters":null,"coverage":"community-mapped-observations"}},"sourceId":"parks"}},{"type":"Feature","id":"copenhagen:2011","geometry":{"type":"Polygon","coordinates":[[[12.50007779,55.70388819],[12.50099416,55.70359689],[12.50121551,55.7039877],[12.50090119,55.70399132],[12.50013681,55.70395875],[12.50007779,55.70388819]]]},"properties":{"id":"copenhagen:2011","name":"Rostgaardsvej","nameAddon":null,"objectNumber":"2011","district":"Brønshøj-Husum","locality":null,"type":"Andet grønt område","areaM2":1780.8,"areaHa":0.18,"designation":null,"dedicated":null,"builtYear":null,"renovatedYear":null,"planningAreaId":null,"planningAreaName":null,"centroid":[12.500721,55.703846],"bounds":[12.50008,55.7036,12.50122,55.70399],"amenities":{"playground":{"status":"not-observed","count":0,"nearestMeters":null,"coverage":"community-mapped-observations"},"toilet":{"status":"not-observed","count":0,"nearestMeters":null,"coverage":"community-mapped-observations"},"drinkingFountain":{"status":"not-observed","count":0,"nearestMeters":null,"coverage":"community-mapped-observations"},"dogRun":{"status":"not-observed","count":0,"nearestMeters":null,"coverage":"community-mapped-observations"}},"sourceId":"parks"}},{"type":"Feature","id":"copenhagen:2013","geometry":{"type":"Polygon","coordinates":[[[12.5071638,55.70816808],[12.50719626,55.70785236],[12.50770979,55.70786684],[12.50768618,55.70817804],[12.5071638,55.70816808]]]},"properties":{"id":"copenhagen:2013","name":"Bytinget","nameAddon":null,"objectNumber":"2013","district":"Brønshøj-Husum","locality":null,"type":"Andet grønt område","areaM2":1161,"areaHa":0.12,"designation":null,"dedicated":null,"builtYear":null,"renovatedYear":null,"planningAreaId":null,"planningAreaName":null,"centroid":[12.507438,55.708017],"bounds":[12.50716,55.70785,12.50771,55.70818],"amenities":{"playground":{"status":"not-observed","count":0,"nearestMeters":null,"coverage":"community-mapped-observations"},"toilet":{"status":"not-observed","count":0,"nearestMeters":null,"coverage":"community-mapped-observations"},"drinkingFountain":{"status":"not-observed","count":0,"nearestMeters":null,"coverage":"community-mapped-observations"},"dogRun":{"status":"not-observed","count":0,"nearestMeters":null,"coverage":"community-mapped-observations"}},"sourceId":"parks"}},{"type":"Feature","id":"copenhagen:2014","geometry":{"type":"Polygon","coordinates":[[[12.51060941,55.71286141],[12.51101521,55.71188077],[12.51163498,55.7119658],[12.51123066,55.71293921],[12.51060941,55.71286141]]]},"properties":{"id":"copenhagen:2014","name":"Enemærket/Mosebakken","nameAddon":null,"objectNumber":"2014","district":"Brønshøj - Husum","locality":null,"type":"Andet grønt område","areaM2":4477.9,"areaHa":0.45,"designation":null,"dedicated":null,"builtYear":null,"renovatedYear":null,"planningAreaId":null,"planningAreaName":null,"centroid":[12.511122,55.712412],"bounds":[12.51061,55.71188,12.51163,55.71294],"amenities":{"playground":{"status":"observed-nearby","count":1,"nearestMeters":0,"coverage":"community-mapped-observations"},"toilet":{"status":"not-observed","count":0,"nearestMeters":null,"coverage":"community-mapped-observations"},"drinkingFountain":{"status":"not-observed","count":0,"nearestMeters":null,"coverage":"community-mapped-observations"},"dogRun":{"status":"not-observed","count":0,"nearestMeters":null,"coverage":"community-mapped-observations"}},"sourceId":"parks"}},{"type":"Feature","id":"copenhagen:2017","geometry":{"type":"Polygon","coordinates":[[[12.49416639,55.68722544],[12.49477435,55.68711959],[12.49496175,55.68740275],[12.49482157,55.68751945],[12.49421213,55.68753573],[12.49416639,55.68722544]]]},"properties":{"id":"copenhagen:2017","name":"Jupitervej","nameAddon":null,"objectNumber":"2017","district":"Vanløse","locality":null,"type":"Andet grønt område","areaM2":1699,"areaHa":0.17,"designation":null,"dedicated":null,"builtYear":null,"renovatedYear":null,"planningAreaId":null,"planningAreaName":null,"centroid":[12.494549,55.687348],"bounds":[12.49417,55.68712,12.49496,55.68754],"amenities":{"playground":{"status":"not-observed","count":0,"nearestMeters":null,"coverage":"community-mapped-observations"},"toilet":{"status":"not-observed","count":0,"nearestMeters":null,"coverage":"community-mapped-observations"},"drinkingFountain":{"status":"not-observed","count":0,"nearestMeters":null,"coverage":"community-mapped-observations"},"dogRun":{"status":"not-observed","count":0,"nearestMeters":null,"coverage":"community-mapped-observations"}},"sourceId":"parks"}},{"type":"Feature","id":"copenhagen:2018","geometry":{"type":"Polygon","coordinates":[[[12.47074064,55.69115614],[12.4707613,55.69105573],[12.47149617,55.69032839],[12.47156405,55.69032658],[12.47189459,55.69070201],[12.47208937,55.69104578],[12.47074064,55.69115614]]]},"properties":{"id":"copenhagen:2018","name":"Krogebjerg/Jyllingevej","nameAddon":null,"objectNumber":"2018","district":"Vanløse","locality":null,"type":"Andet grønt område","areaM2":3691.4,"areaHa":0.37,"designation":null,"dedicated":null,"builtYear":null,"renovatedYear":null,"planningAreaId":null,"planningAreaName":null,"centroid":[12.471446,55.690827],"bounds":[12.47074,55.69033,12.47209,55.69116],"amenities":{"playground":{"status":"not-observed","count":0,"nearestMeters":null,"coverage":"community-mapped-observations"},"toilet":{"status":"not-observed","count":0,"nearestMeters":null,"coverage":"community-mapped-observations"},"drinkingFountain":{"status":"not-observed","count":0,"nearestMeters":null,"coverage":"community-mapped-observations"},"dogRun":{"status":"not-observed","count":0,"nearestMeters":null,"coverage":"community-mapped-observations"}},"sourceId":"parks"}},{"type":"Feature","id":"copenhagen:2020","geometry":{"type":"Polygon","coordinates":[[[12.47812768,55.68867378],[12.47962988,55.68885019],[12.47853053,55.689222],[12.47849512,55.68923557],[12.47812768,55.68867378]]]},"properties":{"id":"copenhagen:2020","name":"Lyngholmvej","nameAddon":null,"objectNumber":"2020","district":"Vanløse","locality":null,"type":"Andet grønt område","areaM2":2710.3,"areaHa":0.27,"designation":null,"dedicated":null,"builtYear":null,"renovatedYear":null,"planningAreaId":null,"planningAreaName":null,"centroid":[12.478751,55.688919],"bounds":[12.47813,55.68867,12.47963,55.68924],"amenities":{"playground":{"status":"not-observed","count":0,"nearestMeters":null,"coverage":"community-mapped-observations"},"toilet":{"status":"not-observed","count":0,"nearestMeters":null,"coverage":"community-mapped-observations"},"drinkingFountain":{"status":"not-observed","count":0,"nearestMeters":null,"coverage":"community-mapped-observations"},"dogRun":{"status":"not-observed","count":0,"nearestMeters":null,"coverage":"community-mapped-observations"}},"sourceId":"parks"}},{"type":"Feature","id":"copenhagen:2022","geometry":{"type":"Polygon","coordinates":[[[12.49292095,55.69162927],[12.49306851,55.69130179],[12.49402915,55.69144654],[12.49404096,55.69148453],[12.49330756,55.69186901],[12.49324854,55.69184006],[12.49292095,55.69162927]]]},"properties":{"id":"copenhagen:2022","name":"Bangsbo Plads","nameAddon":null,"objectNumber":"2022","district":"Vanløse","locality":null,"type":"Andet grønt område","areaM2":2237.4,"areaHa":0.22,"designation":null,"dedicated":null,"builtYear":null,"renovatedYear":null,"planningAreaId":null,"planningAreaName":null,"centroid":[12.493397,55.691557],"bounds":[12.49292,55.6913,12.49404,55.69187],"amenities":{"playground":{"status":"not-observed","count":0,"nearestMeters":null,"coverage":"community-mapped-observations"},"toilet":{"status":"not-observed","count":0,"nearestMeters":null,"coverage":"community-mapped-observations"},"drinkingFountain":{"status":"not-observed","count":0,"nearestMeters":null,"coverage":"community-mapped-observations"},"dogRun":{"status":"not-observed","count":0,"nearestMeters":null,"coverage":"community-mapped-observations"}},"sourceId":"parks"}},{"type":"Feature","id":"copenhagen:2024","geometry":{"type":"Polygon","coordinates":[[[12.48770457,55.69751493],[12.48784623,55.69734485],[12.48814283,55.69737561],[12.48816792,55.69754297],[12.48770457,55.69751493]]]},"properties":{"id":"copenhagen:2024","name":"Fuglsang Alle - Nord","nameAddon":null,"objectNumber":"2024","district":"Vanløse","locality":null,"type":"Andet grønt område","areaM2":443.9,"areaHa":0.04,"designation":null,"dedicated":null,"builtYear":null,"renovatedYear":null,"planningAreaId":null,"planningAreaName":null,"centroid":[12.48796,55.69745],"bounds":[12.4877,55.69734,12.48817,55.69754],"amenities":{"playground":{"status":"not-observed","count":0,"nearestMeters":null,"coverage":"community-mapped-observations"},"toilet":{"status":"not-observed","count":0,"nearestMeters":null,"coverage":"community-mapped-observations"},"drinkingFountain":{"status":"not-observed","count":0,"nearestMeters":null,"coverage":"community-mapped-observations"},"dogRun":{"status":"not-observed","count":0,"nearestMeters":null,"coverage":"community-mapped-observations"}},"sourceId":"parks"}},{"type":"Feature","id":"copenhagen:2026","geometry":{"type":"Polygon","coordinates":[[[12.48107158,55.6795531],[12.48113503,55.67951873],[12.48192155,55.6795133],[12.48200271,55.67956758],[12.48194663,55.67964176],[12.48112913,55.67964447],[12.48107158,55.67967523],[12.48107158,55.6795531]]]},"properties":{"id":"copenhagen:2026","name":"Åbjergvej","nameAddon":null,"objectNumber":"2026","district":"Vanløse","locality":null,"type":"Andet grønt område","areaM2":844.4,"areaHa":0.08,"designation":null,"dedicated":null,"builtYear":null,"renovatedYear":null,"planningAreaId":null,"planningAreaName":null,"centroid":[12.481523,55.679581],"bounds":[12.48107,55.67951,12.482,55.67968],"amenities":{"playground":{"status":"observed-nearby","count":1,"nearestMeters":68,"coverage":"community-mapped-observations"},"toilet":{"status":"not-observed","count":0,"nearestMeters":null,"coverage":"community-mapped-observations"},"drinkingFountain":{"status":"not-observed","count":0,"nearestMeters":null,"coverage":"community-mapped-observations"},"dogRun":{"status":"not-observed","count":0,"nearestMeters":null,"coverage":"community-mapped-observations"}},"sourceId":"parks"}},{"type":"Feature","id":"copenhagen:2028","geometry":{"type":"Polygon","coordinates":[[[12.47722459,55.68039171],[12.47756841,55.6800968],[12.47825163,55.68027773],[12.47802291,55.68059255],[12.47722459,55.68039171]]]},"properties":{"id":"copenhagen:2028","name":"Risagervej/Rødtjørnevej","nameAddon":null,"objectNumber":"2028","district":"Vanløse","locality":null,"type":"Andet grønt område","areaM2":2050.9,"areaHa":0.21,"designation":null,"dedicated":null,"builtYear":null,"renovatedYear":null,"planningAreaId":null,"planningAreaName":null,"centroid":[12.477762,55.680343],"bounds":[12.47722,55.6801,12.47825,55.68059],"amenities":{"playground":{"status":"not-observed","count":0,"nearestMeters":null,"coverage":"community-mapped-observations"},"toilet":{"status":"not-observed","count":0,"nearestMeters":null,"coverage":"community-mapped-observations"},"drinkingFountain":{"status":"not-observed","count":0,"nearestMeters":null,"coverage":"community-mapped-observations"},"dogRun":{"status":"not-observed","count":0,"nearestMeters":null,"coverage":"community-mapped-observations"}},"sourceId":"parks"}},{"type":"Feature","id":"copenhagen:2029","geometry":{"type":"Polygon","coordinates":[[[12.48754077,55.69692871],[12.48757619,55.6969459],[12.48852945,55.69700651],[12.48837746,55.69723901],[12.48765292,55.69720282],[12.48754077,55.69692871]]]},"properties":{"id":"copenhagen:2029","name":"Fuglsang Alle - Syd","nameAddon":null,"objectNumber":"2029","district":"Vanløse","locality":null,"type":"Andet grønt område","areaM2":1522.7,"areaHa":0.15,"designation":null,"dedicated":null,"builtYear":null,"renovatedYear":null,"planningAreaId":null,"planningAreaName":null,"centroid":[12.488024,55.697092],"bounds":[12.48754,55.69693,12.48853,55.69724],"amenities":{"playground":{"status":"not-observed","count":0,"nearestMeters":null,"coverage":"community-mapped-observations"},"toilet":{"status":"not-observed","count":0,"nearestMeters":null,"coverage":"community-mapped-observations"},"drinkingFountain":{"status":"not-observed","count":0,"nearestMeters":null,"coverage":"community-mapped-observations"},"dogRun":{"status":"not-observed","count":0,"nearestMeters":null,"coverage":"community-mapped-observations"}},"sourceId":"parks"}},{"type":"Feature","id":"copenhagen:203","geometry":{"type":"Polygon","coordinates":[[[12.54309262,55.66506875],[12.5432756,55.66503619],[12.54335676,55.66517822],[12.54317378,55.66521169],[12.54309262,55.66506875]]]},"properties":{"id":"copenhagen:203","name":"Enghavevej-Bevtoftgade","nameAddon":null,"objectNumber":"203","district":"Vesterbro","locality":null,"type":"Andet grønt område","areaM2":223.4,"areaHa":0.02,"designation":null,"dedicated":null,"builtYear":null,"renovatedYear":null,"planningAreaId":null,"planningAreaName":null,"centroid":[12.543225,55.665124],"bounds":[12.54309,55.66504,12.54336,55.66521],"amenities":{"playground":{"status":"not-observed","count":0,"nearestMeters":null,"coverage":"community-mapped-observations"},"toilet":{"status":"not-observed","count":0,"nearestMeters":null,"coverage":"community-mapped-observations"},"drinkingFountain":{"status":"not-observed","count":0,"nearestMeters":null,"coverage":"community-mapped-observations"},"dogRun":{"status":"not-observed","count":0,"nearestMeters":null,"coverage":"community-mapped-observations"}},"sourceId":"parks"}},{"type":"Feature","id":"copenhagen:2031","geometry":{"type":"Polygon","coordinates":[[[12.48381036,55.66820156],[12.4844198,55.66819975],[12.48444489,55.66851728],[12.48408926,55.66853175],[12.48381036,55.66820156]]]},"properties":{"id":"copenhagen:2031","name":"Vestervang - Øst","nameAddon":null,"objectNumber":"2031","district":"Valby","locality":null,"type":"Andet grønt område","areaM2":1088.5,"areaHa":0.11,"designation":null,"dedicated":null,"builtYear":null,"renovatedYear":null,"planningAreaId":null,"planningAreaName":null,"centroid":[12.484183,55.668349],"bounds":[12.48381,55.6682,12.48444,55.66853],"amenities":{"playground":{"status":"not-observed","count":0,"nearestMeters":null,"coverage":"community-mapped-observations"},"toilet":{"status":"not-observed","count":0,"nearestMeters":null,"coverage":"community-mapped-observations"},"drinkingFountain":{"status":"not-observed","count":0,"nearestMeters":null,"coverage":"community-mapped-observations"},"dogRun":{"status":"not-observed","count":0,"nearestMeters":null,"coverage":"community-mapped-observations"}},"sourceId":"parks"}},{"type":"Feature","id":"copenhagen:2033","geometry":{"type":"Polygon","coordinates":[[[12.48328799,55.66831826],[12.48369674,55.66832097],[12.48395055,55.6685996],[12.48393579,55.66863579],[12.48331897,55.66865207],[12.48328799,55.66831826]]]},"properties":{"id":"copenhagen:2033","name":"Vestervang Vest","nameAddon":null,"objectNumber":"2033","district":"Valby","locality":null,"type":"Andet grønt område","areaM2":1206.5,"areaHa":0.12,"designation":null,"dedicated":null,"builtYear":null,"renovatedYear":null,"planningAreaId":null,"planningAreaName":null,"centroid":[12.483574,55.668494],"bounds":[12.48329,55.66832,12.48395,55.66865],"amenities":{"playground":{"status":"not-observed","count":0,"nearestMeters":null,"coverage":"community-mapped-observations"},"toilet":{"status":"not-observed","count":0,"nearestMeters":null,"coverage":"community-mapped-observations"},"drinkingFountain":{"status":"not-observed","count":0,"nearestMeters":null,"coverage":"community-mapped-observations"},"dogRun":{"status":"not-observed","count":0,"nearestMeters":null,"coverage":"community-mapped-observations"}},"sourceId":"parks"}},{"type":"Feature","id":"copenhagen:2035","geometry":{"type":"Polygon","coordinates":[[[12.48538339,55.66866474],[12.48723236,55.66791026],[12.4874301,55.66807038],[12.48558113,55.66882215],[12.48538339,55.66866474]]]},"properties":{"id":"copenhagen:2035","name":"Harrestrupvang","nameAddon":null,"objectNumber":"2035","district":"Valby","locality":null,"type":"Andet grønt område","areaM2":3161.5,"areaHa":0.32,"designation":null,"dedicated":null,"builtYear":null,"renovatedYear":null,"planningAreaId":null,"planningAreaName":null,"centroid":[12.486408,55.668366],"bounds":[12.48538,55.66791,12.48743,55.66882],"amenities":{"playground":{"status":"not-observed","count":0,"nearestMeters":null,"coverage":"community-mapped-observations"},"toilet":{"status":"not-observed","count":0,"nearestMeters":null,"coverage":"community-mapped-observations"},"drinkingFountain":{"status":"not-observed","count":0,"nearestMeters":null,"coverage":"community-mapped-observations"},"dogRun":{"status":"not-observed","count":0,"nearestMeters":null,"coverage":"community-mapped-observations"}},"sourceId":"parks"}},{"type":"Feature","id":"copenhagen:2039","geometry":{"type":"Polygon","coordinates":[[[12.48969078,55.6671006],[12.49017036,55.66690429],[12.49033858,55.66706351],[12.48987966,55.66724896],[12.48969078,55.6671006]]]},"properties":{"id":"copenhagen:2039","name":"Maribovej/Nystedvej Nord","nameAddon":null,"objectNumber":"2039","district":"Valby","locality":null,"type":"Andet grønt område","areaM2":771.8,"areaHa":0.08,"designation":null,"dedicated":null,"builtYear":null,"renovatedYear":null,"planningAreaId":null,"planningAreaName":null,"centroid":[12.49002,55.667079],"bounds":[12.48969,55.6669,12.49034,55.66725],"amenities":{"playground":{"status":"not-observed","count":0,"nearestMeters":null,"coverage":"community-mapped-observations"},"toilet":{"status":"not-observed","count":0,"nearestMeters":null,"coverage":"community-mapped-observations"},"drinkingFountain":{"status":"not-observed","count":0,"nearestMeters":null,"coverage":"community-mapped-observations"},"dogRun":{"status":"not-observed","count":0,"nearestMeters":null,"coverage":"community-mapped-observations"}},"sourceId":"parks"}},{"type":"Feature","id":"copenhagen:2041","geometry":{"type":"Polygon","coordinates":[[[12.48939712,55.66685815],[12.48987523,55.66666184],[12.49010543,55.66681111],[12.48961404,55.66701285],[12.48939712,55.66685815]]]},"properties":{"id":"copenhagen:2041","name":"Nystedvej/Maribovej syd","nameAddon":null,"objectNumber":"2041","district":"Valby","locality":null,"type":"Andet grønt område","areaM2":788.8,"areaHa":0.08,"designation":null,"dedicated":null,"builtYear":null,"renovatedYear":null,"planningAreaId":null,"planningAreaName":null,"centroid":[12.489748,55.666836],"bounds":[12.4894,55.66666,12.49011,55.66701],"amenities":{"playground":{"status":"not-observed","count":0,"nearestMeters":null,"coverage":"community-mapped-observations"},"toilet":{"status":"not-observed","count":0,"nearestMeters":null,"coverage":"community-mapped-observations"},"drinkingFountain":{"status":"not-observed","count":0,"nearestMeters":null,"coverage":"community-mapped-observations"},"dogRun":{"status":"not-observed","count":0,"nearestMeters":null,"coverage":"community-mapped-observations"}},"sourceId":"parks"}},{"type":"Feature","id":"copenhagen:2043","geometry":{"type":"Polygon","coordinates":[[[12.52086362,55.66012665],[12.52174015,55.66017098],[12.52172539,55.6602144],[12.52153946,55.66035915],[12.52121187,55.66039262],[12.52095363,55.66030125],[12.52086362,55.66012665]]]},"properties":{"id":"copenhagen:2043","name":"Kjeldsgårdvej","nameAddon":null,"objectNumber":"2043","district":"Valby","locality":null,"type":"Andet grønt område","areaM2":1424.3,"areaHa":0.14,"designation":null,"dedicated":null,"builtYear":null,"renovatedYear":null,"planningAreaId":null,"planningAreaName":null,"centroid":[12.521288,55.660249],"bounds":[12.52086,55.66013,12.52174,55.66039],"amenities":{"playground":{"status":"not-observed","count":0,"nearestMeters":null,"coverage":"community-mapped-observations"},"toilet":{"status":"not-observed","count":0,"nearestMeters":null,"coverage":"community-mapped-observations"},"drinkingFountain":{"status":"not-observed","count":0,"nearestMeters":null,"coverage":"community-mapped-observations"},"dogRun":{"status":"not-observed","count":0,"nearestMeters":null,"coverage":"community-mapped-observations"}},"sourceId":"parks"}},{"type":"Feature","id":"copenhagen:2044","geometry":{"type":"Polygon","coordinates":[[[12.5212945,55.6568283],[12.52134468,55.65645649],[12.52140075,55.65642844],[12.52236877,55.65648815],[12.52230384,55.65686358],[12.5212945,55.6568283]]]},"properties":{"id":"copenhagen:2044","name":"Erstatningsarealer","nameAddon":null,"objectNumber":"2044","district":"Valby","locality":null,"type":"Andet grønt område","areaM2":2857,"areaHa":0.29,"designation":null,"dedicated":null,"builtYear":null,"renovatedYear":null,"planningAreaId":null,"planningAreaName":null,"centroid":[12.521824,55.656651],"bounds":[12.52129,55.65643,12.52237,55.65686],"amenities":{"playground":{"status":"observed-nearby","count":1,"nearestMeters":0,"coverage":"community-mapped-observations"},"toilet":{"status":"not-observed","count":0,"nearestMeters":null,"coverage":"community-mapped-observations"},"drinkingFountain":{"status":"not-observed","count":0,"nearestMeters":null,"coverage":"community-mapped-observations"},"dogRun":{"status":"not-observed","count":0,"nearestMeters":null,"coverage":"community-mapped-observations"}},"sourceId":"parks"}},{"type":"Feature","id":"copenhagen:2045","geometry":{"type":"Polygon","coordinates":[[[12.58968292,55.65303872],[12.59019497,55.65304143],[12.5902112,55.65335535],[12.58991017,55.65336349],[12.58979064,55.6533264],[12.58968292,55.65303872]]]},"properties":{"id":"copenhagen:2045","name":"Hegningen","nameAddon":null,"objectNumber":"2045","district":"Amager Vest","locality":null,"type":"Andet grønt område","areaM2":1005.1,"areaHa":0.1,"designation":null,"dedicated":null,"builtYear":null,"renovatedYear":null,"planningAreaId":null,"planningAreaName":null,"centroid":[12.589973,55.653192],"bounds":[12.58968,55.65304,12.59021,55.65336],"amenities":{"playground":{"status":"not-observed","count":0,"nearestMeters":null,"coverage":"community-mapped-observations"},"toilet":{"status":"not-observed","count":0,"nearestMeters":null,"coverage":"community-mapped-observations"},"drinkingFountain":{"status":"not-observed","count":0,"nearestMeters":null,"coverage":"community-mapped-observations"},"dogRun":{"status":"not-observed","count":0,"nearestMeters":null,"coverage":"community-mapped-observations"}},"sourceId":"parks"}},{"type":"Feature","id":"copenhagen:2046","geometry":{"type":"Polygon","coordinates":[[[12.58930368,55.65203275],[12.58989984,55.65199837],[12.58989394,55.65232766],[12.58940845,55.65233671],[12.58930368,55.65203275]]]},"properties":{"id":"copenhagen:2046","name":"Oldensti","nameAddon":null,"objectNumber":"2046","district":"Amager Vest","locality":null,"type":"Andet grønt område","areaM2":1237,"areaHa":0.12,"designation":null,"dedicated":null,"builtYear":null,"renovatedYear":null,"planningAreaId":null,"planningAreaName":null,"centroid":[12.589629,55.652168],"bounds":[12.5893,55.652,12.5899,55.65234],"amenities":{"playground":{"status":"not-observed","count":0,"nearestMeters":null,"coverage":"community-mapped-observations"},"toilet":{"status":"not-observed","count":0,"nearestMeters":null,"coverage":"community-mapped-observations"},"drinkingFountain":{"status":"not-observed","count":0,"nearestMeters":null,"coverage":"community-mapped-observations"},"dogRun":{"status":"not-observed","count":0,"nearestMeters":null,"coverage":"community-mapped-observations"}},"sourceId":"parks"}},{"type":"Feature","id":"copenhagen:2048","geometry":{"type":"Polygon","coordinates":[[[12.58988804,55.65024426],[12.59094459,55.65022616],[12.5910656,55.65046951],[12.58995887,55.65049394],[12.58988804,55.65024426]]]},"properties":{"id":"copenhagen:2048","name":"Fælledfold","nameAddon":null,"objectNumber":"2048","district":"Amager Vest","locality":null,"type":"Andet grønt område","areaM2":1820,"areaHa":0.18,"designation":null,"dedicated":null,"builtYear":null,"renovatedYear":null,"planningAreaId":null,"planningAreaName":null,"centroid":[12.590463,55.650359],"bounds":[12.58989,55.65023,12.59107,55.65049],"amenities":{"playground":{"status":"observed-nearby","count":1,"nearestMeters":0,"coverage":"community-mapped-observations"},"toilet":{"status":"not-observed","count":0,"nearestMeters":null,"coverage":"community-mapped-observations"},"drinkingFountain":{"status":"not-observed","count":0,"nearestMeters":null,"coverage":"community-mapped-observations"},"dogRun":{"status":"not-observed","count":0,"nearestMeters":null,"coverage":"community-mapped-observations"}},"sourceId":"parks"}},{"type":"Feature","id":"copenhagen:2050","geometry":{"type":"Polygon","coordinates":[[[12.59067012,55.64226615],[12.59074095,55.64224715],[12.5910833,55.64179935],[12.59107592,55.64199928],[12.59116741,55.64231229],[12.59067012,55.64226615]]]},"properties":{"id":"copenhagen:2050","name":"Røde Mellemvej/Vejlands Alle","nameAddon":null,"objectNumber":"2050","district":"Amager Vest","locality":null,"type":"Andet grønt område","areaM2":794.5,"areaHa":0.08,"designation":null,"dedicated":null,"builtYear":null,"renovatedYear":null,"planningAreaId":null,"planningAreaName":null,"centroid":[12.590977,55.642138],"bounds":[12.59067,55.6418,12.59117,55.64231],"amenities":{"playground":{"status":"not-observed","count":0,"nearestMeters":null,"coverage":"community-mapped-observations"},"toilet":{"status":"observed-nearby","count":1,"nearestMeters":57,"coverage":"community-mapped-observations"},"drinkingFountain":{"status":"not-observed","count":0,"nearestMeters":null,"coverage":"community-mapped-observations"},"dogRun":{"status":"not-observed","count":0,"nearestMeters":null,"coverage":"community-mapped-observations"}},"sourceId":"parks"}},{"type":"Feature","id":"copenhagen:2052","geometry":{"type":"Polygon","coordinates":[[[12.58830468,55.64098426],[12.58899675,55.64095441],[12.58916497,55.64114076],[12.58910447,55.64115614],[12.58897904,55.64116519],[12.58830468,55.64098426]]]},"properties":{"id":"copenhagen:2052","name":"Hyttehusvej","nameAddon":null,"objectNumber":"2052","district":"Amager Vest","locality":null,"type":"Andet grønt område","areaM2":645.8,"areaHa":0.06,"designation":null,"dedicated":null,"builtYear":null,"renovatedYear":null,"planningAreaId":null,"planningAreaName":null,"centroid":[12.588822,55.641046],"bounds":[12.5883,55.64095,12.58916,55.64117],"amenities":{"playground":{"status":"not-observed","count":0,"nearestMeters":null,"coverage":"community-mapped-observations"},"toilet":{"status":"not-observed","count":0,"nearestMeters":null,"coverage":"community-mapped-observations"},"drinkingFountain":{"status":"not-observed","count":0,"nearestMeters":null,"coverage":"community-mapped-observations"},"dogRun":{"status":"not-observed","count":0,"nearestMeters":null,"coverage":"community-mapped-observations"}},"sourceId":"parks"}},{"type":"Feature","id":"copenhagen:2054","geometry":{"type":"Polygon","coordinates":[[[12.60338127,55.64314275],[12.60343586,55.64278904],[12.60367934,55.64279989],[12.60371476,55.64282251],[12.6036336,55.6431708],[12.60338127,55.64314275]]]},"properties":{"id":"copenhagen:2054","name":"Vejlands alle","nameAddon":null,"objectNumber":"2054","district":"Amager Vest","locality":null,"type":"Andet grønt område","areaM2":699.3,"areaHa":0.07,"designation":null,"dedicated":null,"builtYear":null,"renovatedYear":null,"planningAreaId":null,"planningAreaName":null,"centroid":[12.603544,55.642974],"bounds":[12.60338,55.64279,12.60371,55.64317],"amenities":{"playground":{"status":"not-observed","count":0,"nearestMeters":null,"coverage":"community-mapped-observations"},"toilet":{"status":"not-observed","count":0,"nearestMeters":null,"coverage":"community-mapped-observations"},"drinkingFountain":{"status":"not-observed","count":0,"nearestMeters":null,"coverage":"community-mapped-observations"},"dogRun":{"status":"not-observed","count":0,"nearestMeters":null,"coverage":"community-mapped-observations"}},"sourceId":"parks"}},{"type":"Feature","id":"copenhagen:2056","geometry":{"type":"Polygon","coordinates":[[[12.60115896,55.64051475],[12.60122093,55.64028677],[12.60125782,55.64005157],[12.60149835,55.64009408],[12.60183332,55.6405256],[12.60177577,55.64056812],[12.60115896,55.64051475]]]},"properties":{"id":"copenhagen:2056","name":"Kingstonvej/Oxford Alle","nameAddon":null,"objectNumber":"2056","district":"Amager Vest","locality":null,"type":"Andet grønt område","areaM2":1515.9,"areaHa":0.15,"designation":null,"dedicated":null,"builtYear":null,"renovatedYear":null,"planningAreaId":null,"planningAreaName":null,"centroid":[12.601455,55.640347],"bounds":[12.60116,55.64005,12.60183,55.64057],"amenities":{"playground":{"status":"not-observed","count":0,"nearestMeters":null,"coverage":"community-mapped-observations"},"toilet":{"status":"not-observed","count":0,"nearestMeters":null,"coverage":"community-mapped-observations"},"drinkingFountain":{"status":"not-observed","count":0,"nearestMeters":null,"coverage":"community-mapped-observations"},"dogRun":{"status":"not-observed","count":0,"nearestMeters":null,"coverage":"community-mapped-observations"}},"sourceId":"parks"}},{"type":"Feature","id":"copenhagen:2058","geometry":{"type":"Polygon","coordinates":[[[12.60040048,55.63956939],[12.60053181,55.63922652],[12.60081513,55.63926],[12.60094499,55.63934051],[12.60117371,55.63965623],[12.60040048,55.63956939]]]},"properties":{"id":"copenhagen:2058","name":"Oxford Alle","nameAddon":null,"objectNumber":"2058","district":"Amager Vest","locality":null,"type":"Andet grønt område","areaM2":1483,"areaHa":0.15,"designation":null,"dedicated":null,"builtYear":null,"renovatedYear":null,"planningAreaId":null,"planningAreaName":null,"centroid":[12.600752,55.639454],"bounds":[12.6004,55.63923,12.60117,55.63966],"amenities":{"playground":{"status":"not-observed","count":0,"nearestMeters":null,"coverage":"community-mapped-observations"},"toilet":{"status":"not-observed","count":0,"nearestMeters":null,"coverage":"community-mapped-observations"},"drinkingFountain":{"status":"not-observed","count":0,"nearestMeters":null,"coverage":"community-mapped-observations"},"dogRun":{"status":"not-observed","count":0,"nearestMeters":null,"coverage":"community-mapped-observations"}},"sourceId":"parks"}},{"type":"Feature","id":"copenhagen:2060","geometry":{"type":"Polygon","coordinates":[[[12.58968292,55.65303872],[12.59019497,55.65304143],[12.5902112,55.65335535],[12.58991017,55.65336349],[12.58979064,55.6533264],[12.58968292,55.65303872]]]},"properties":{"id":"copenhagen:2060","name":"Hegningen","nameAddon":null,"objectNumber":"2060","district":"Amager Vest","locality":null,"type":"Andet grønt område","areaM2":1005.1,"areaHa":0.1,"designation":null,"dedicated":null,"builtYear":null,"renovatedYear":null,"planningAreaId":null,"planningAreaName":null,"centroid":[12.589973,55.653192],"bounds":[12.58968,55.65304,12.59021,55.65336],"amenities":{"playground":{"status":"not-observed","count":0,"nearestMeters":null,"coverage":"community-mapped-observations"},"toilet":{"status":"not-observed","count":0,"nearestMeters":null,"coverage":"community-mapped-observations"},"drinkingFountain":{"status":"not-observed","count":0,"nearestMeters":null,"coverage":"community-mapped-observations"},"dogRun":{"status":"not-observed","count":0,"nearestMeters":null,"coverage":"community-mapped-observations"}},"sourceId":"parks"}},{"type":"Feature","id":"copenhagen:2062","geometry":{"type":"Polygon","coordinates":[[[12.58845372,55.63462367],[12.58967407,55.63450606],[12.58967997,55.63469423],[12.58847733,55.63479284],[12.58845372,55.63462367]]]},"properties":{"id":"copenhagen:2062","name":"Kanadavej","nameAddon":null,"objectNumber":"2062","district":"Amager Vest","locality":null,"type":"Andet grønt område","areaM2":1322.1,"areaHa":0.13,"designation":null,"dedicated":null,"builtYear":null,"renovatedYear":null,"planningAreaId":null,"planningAreaName":null,"centroid":[12.589081,55.634653],"bounds":[12.58845,55.63451,12.58968,55.63479],"amenities":{"playground":{"status":"not-observed","count":0,"nearestMeters":null,"coverage":"community-mapped-observations"},"toilet":{"status":"not-observed","count":0,"nearestMeters":null,"coverage":"community-mapped-observations"},"drinkingFountain":{"status":"not-observed","count":0,"nearestMeters":null,"coverage":"community-mapped-observations"},"dogRun":{"status":"not-observed","count":0,"nearestMeters":null,"coverage":"community-mapped-observations"}},"sourceId":"parks"}},{"type":"Feature","id":"copenhagen:2064","geometry":{"type":"Polygon","coordinates":[[[12.59166766,55.64315723],[12.59222987,55.64316356],[12.59237301,55.6433065],[12.59233169,55.64334449],[12.59168241,55.64333725],[12.59166766,55.64315723]]]},"properties":{"id":"copenhagen:2064","name":"Vestermarksvej","nameAddon":null,"objectNumber":"2064","district":"Amager Vest","locality":null,"type":"Andet grønt område","areaM2":802.5,"areaHa":0.08,"designation":null,"dedicated":null,"builtYear":null,"renovatedYear":null,"planningAreaId":null,"planningAreaName":null,"centroid":[12.591995,55.643254],"bounds":[12.59167,55.64316,12.59237,55.64334],"amenities":{"playground":{"status":"not-observed","count":0,"nearestMeters":null,"coverage":"community-mapped-observations"},"toilet":{"status":"observed-nearby","count":1,"nearestMeters":67,"coverage":"community-mapped-observations"},"drinkingFountain":{"status":"not-observed","count":0,"nearestMeters":null,"coverage":"community-mapped-observations"},"dogRun":{"status":"not-observed","count":0,"nearestMeters":null,"coverage":"community-mapped-observations"}},"sourceId":"parks"}},{"type":"Feature","id":"copenhagen:2066","geometry":{"type":"Polygon","coordinates":[[[12.60671768,55.6524127],[12.60726662,55.65237471],[12.60737286,55.65283065],[12.60683721,55.65286684],[12.60671768,55.6524127]]]},"properties":{"id":"copenhagen:2066","name":"Højdevangs Alle","nameAddon":null,"objectNumber":"2066","district":"Amager Vest","locality":null,"type":"Andet grønt område","areaM2":1660.8,"areaHa":0.17,"designation":null,"dedicated":null,"builtYear":null,"renovatedYear":null,"planningAreaId":null,"planningAreaName":null,"centroid":[12.607048,55.65262],"bounds":[12.60672,55.65237,12.60737,55.65287],"amenities":{"playground":{"status":"not-observed","count":0,"nearestMeters":null,"coverage":"community-mapped-observations"},"toilet":{"status":"not-observed","count":0,"nearestMeters":null,"coverage":"community-mapped-observations"},"drinkingFountain":{"status":"not-observed","count":0,"nearestMeters":null,"coverage":"community-mapped-observations"},"dogRun":{"status":"not-observed","count":0,"nearestMeters":null,"coverage":"community-mapped-observations"}},"sourceId":"parks"}},{"type":"Feature","id":"copenhagen:2067","geometry":{"type":"Polygon","coordinates":[[[12.6051358,55.65369821],[12.60567441,55.6536584],[12.6057777,55.65409445],[12.60523909,55.65413787],[12.6051358,55.65369821]]]},"properties":{"id":"copenhagen:2067","name":"Erstatningsarealer","nameAddon":null,"objectNumber":"2067","district":"Amager Vest","locality":null,"type":"Andet grønt område","areaM2":1468.6,"areaHa":0.15,"designation":null,"dedicated":null,"builtYear":null,"renovatedYear":null,"planningAreaId":null,"planningAreaName":null,"centroid":[12.605456,55.653897],"bounds":[12.60514,55.65366,12.60578,55.65414],"amenities":{"playground":{"status":"not-observed","count":0,"nearestMeters":null,"coverage":"community-mapped-observations"},"toilet":{"status":"not-observed","count":0,"nearestMeters":null,"coverage":"community-mapped-observations"},"drinkingFountain":{"status":"not-observed","count":0,"nearestMeters":null,"coverage":"community-mapped-observations"},"dogRun":{"status":"not-observed","count":0,"nearestMeters":null,"coverage":"community-mapped-observations"}},"sourceId":"parks"}},{"type":"Feature","id":"copenhagen:2069","geometry":{"type":"Polygon","coordinates":[[[12.58539029,55.63378506],[12.58544637,55.63374073],[12.58599678,55.63368645],[12.58604253,55.63390899],[12.58543456,55.63395151],[12.58539029,55.63378506]]]},"properties":{"id":"copenhagen:2069","name":"Landehjælpvej","nameAddon":null,"objectNumber":"2069","district":"Amager Vest","locality":null,"type":"Andet grønt område","areaM2":915.5,"areaHa":0.09,"designation":null,"dedicated":null,"builtYear":null,"renovatedYear":null,"planningAreaId":null,"planningAreaName":null,"centroid":[12.585721,55.633823],"bounds":[12.58539,55.63369,12.58604,55.63395],"amenities":{"playground":{"status":"not-observed","count":0,"nearestMeters":null,"coverage":"community-mapped-observations"},"toilet":{"status":"not-observed","count":0,"nearestMeters":null,"coverage":"community-mapped-observations"},"drinkingFountain":{"status":"not-observed","count":0,"nearestMeters":null,"coverage":"community-mapped-observations"},"dogRun":{"status":"not-observed","count":0,"nearestMeters":null,"coverage":"community-mapped-observations"}},"sourceId":"parks"}},{"type":"Feature","id":"copenhagen:2072","geometry":{"type":"Polygon","coordinates":[[[12.59554268,55.63906821],[12.59565335,55.63874525],[12.59603554,55.63874254],[12.59591897,55.63906912],[12.59554268,55.63906821]]]},"properties":{"id":"copenhagen:2072","name":"Erstatningsarealer","nameAddon":null,"objectNumber":"2072","district":"Amager Vest","locality":null,"type":"Andet grønt område","areaM2":4844.5,"areaHa":0.48,"designation":null,"dedicated":null,"builtYear":null,"renovatedYear":null,"planningAreaId":null,"planningAreaName":null,"centroid":[12.595788,55.638906],"bounds":[12.59554,55.63874,12.59604,55.63907],"amenities":{"playground":{"status":"not-observed","count":0,"nearestMeters":null,"coverage":"community-mapped-observations"},"toilet":{"status":"not-observed","count":0,"nearestMeters":null,"coverage":"community-mapped-observations"},"drinkingFountain":{"status":"not-observed","count":0,"nearestMeters":null,"coverage":"community-mapped-observations"},"dogRun":{"status":"not-observed","count":0,"nearestMeters":null,"coverage":"community-mapped-observations"}},"sourceId":"parks"}},{"type":"Feature","id":"copenhagen:2073","geometry":{"type":"Polygon","coordinates":[[[12.62763189,55.65787045],[12.62797276,55.65738194],[12.6282915,55.65740908],[12.62801556,55.65795006],[12.62763189,55.65787045]]]},"properties":{"id":"copenhagen:2073","name":"Strandlodsvej","nameAddon":null,"objectNumber":"2073","district":"Amager Øst","locality":null,"type":"Andet grønt område","areaM2":1375.8,"areaHa":0.14,"designation":null,"dedicated":null,"builtYear":null,"renovatedYear":null,"planningAreaId":null,"planningAreaName":null,"centroid":[12.627974,55.657664],"bounds":[12.62763,55.65738,12.62829,55.65795],"amenities":{"playground":{"status":"not-observed","count":0,"nearestMeters":null,"coverage":"community-mapped-observations"},"toilet":{"status":"not-observed","count":0,"nearestMeters":null,"coverage":"community-mapped-observations"},"drinkingFountain":{"status":"not-observed","count":0,"nearestMeters":null,"coverage":"community-mapped-observations"},"dogRun":{"status":"not-observed","count":0,"nearestMeters":null,"coverage":"community-mapped-observations"}},"sourceId":"parks"}},{"type":"Feature","id":"copenhagen:2074","geometry":{"type":"Polygon","coordinates":[[[12.63031165,55.65366202],[12.63045921,55.65336349],[12.63107751,55.65347928],[12.63088715,55.65375972],[12.63031165,55.65366202]]]},"properties":{"id":"copenhagen:2074","name":"Samosvej/Engvej","nameAddon":null,"objectNumber":"2074","district":"Amager Øst","locality":null,"type":"Andet grønt område","areaM2":1335.1,"areaHa":0.13,"designation":null,"dedicated":null,"builtYear":null,"renovatedYear":null,"planningAreaId":null,"planningAreaName":null,"centroid":[12.630683,55.653564],"bounds":[12.63031,55.65336,12.63108,55.65376],"amenities":{"playground":{"status":"not-observed","count":0,"nearestMeters":null,"coverage":"community-mapped-observations"},"toilet":{"status":"not-observed","count":0,"nearestMeters":null,"coverage":"community-mapped-observations"},"drinkingFountain":{"status":"not-observed","count":0,"nearestMeters":null,"coverage":"community-mapped-observations"},"dogRun":{"status":"not-observed","count":0,"nearestMeters":null,"coverage":"community-mapped-observations"}},"sourceId":"parks"}},{"type":"Feature","id":"copenhagen:2075","geometry":{"type":"Polygon","coordinates":[[[12.62763189,55.65787045],[12.62797276,55.65738194],[12.6282915,55.65740908],[12.62801556,55.65795006],[12.62763189,55.65787045]]]},"properties":{"id":"copenhagen:2075","name":"Standlodsvej","nameAddon":null,"objectNumber":"2075","district":"Amager Øst","locality":null,"type":"Andet grønt område","areaM2":1385.4,"areaHa":0.14,"designation":null,"dedicated":null,"builtYear":null,"renovatedYear":null,"planningAreaId":null,"planningAreaName":null,"centroid":[12.627974,55.657664],"bounds":[12.62763,55.65738,12.62829,55.65795],"amenities":{"playground":{"status":"not-observed","count":0,"nearestMeters":null,"coverage":"community-mapped-observations"},"toilet":{"status":"not-observed","count":0,"nearestMeters":null,"coverage":"community-mapped-observations"},"drinkingFountain":{"status":"not-observed","count":0,"nearestMeters":null,"coverage":"community-mapped-observations"},"dogRun":{"status":"not-observed","count":0,"nearestMeters":null,"coverage":"community-mapped-observations"}},"sourceId":"parks"}},{"type":"Feature","id":"copenhagen:2076","geometry":{"type":"Polygon","coordinates":[[[12.61865706,55.64341686],[12.61875741,55.64325041],[12.61882234,55.6432305],[12.61928716,55.64332549],[12.61918239,55.64347747],[12.61909238,55.64350642],[12.61865706,55.64341686]]]},"properties":{"id":"copenhagen:2076","name":"Adriansvej - Nord","nameAddon":null,"objectNumber":"2076","district":"Amager Øst","locality":null,"type":"Andet grønt område","areaM2":901.8,"areaHa":0.09,"designation":null,"dedicated":null,"builtYear":null,"renovatedYear":null,"planningAreaId":null,"planningAreaName":null,"centroid":[12.618968,55.643369],"bounds":[12.61866,55.64323,12.61929,55.64351],"amenities":{"playground":{"status":"not-observed","count":0,"nearestMeters":null,"coverage":"community-mapped-observations"},"toilet":{"status":"not-observed","count":0,"nearestMeters":null,"coverage":"community-mapped-observations"},"drinkingFountain":{"status":"not-observed","count":0,"nearestMeters":null,"coverage":"community-mapped-observations"},"dogRun":{"status":"not-observed","count":0,"nearestMeters":null,"coverage":"community-mapped-observations"}},"sourceId":"parks"}},{"type":"Feature","id":"copenhagen:2077","geometry":{"type":"Polygon","coordinates":[[[12.62124091,55.64288674],[12.62137519,55.64261444],[12.62172491,55.64265967],[12.62159801,55.64296092],[12.62124091,55.64288674]]]},"properties":{"id":"copenhagen:2077","name":"Grækenlandsvej","nameAddon":null,"objectNumber":"2077","district":"Amager Øst","locality":null,"type":"Andet grønt område","areaM2":760.7,"areaHa":0.08,"designation":null,"dedicated":null,"builtYear":null,"renovatedYear":null,"planningAreaId":null,"planningAreaName":null,"centroid":[12.621487,55.642782],"bounds":[12.62124,55.64261,12.62172,55.64296],"amenities":{"playground":{"status":"not-observed","count":0,"nearestMeters":null,"coverage":"community-mapped-observations"},"toilet":{"status":"not-observed","count":0,"nearestMeters":null,"coverage":"community-mapped-observations"},"drinkingFountain":{"status":"not-observed","count":0,"nearestMeters":null,"coverage":"community-mapped-observations"},"dogRun":{"status":"not-observed","count":0,"nearestMeters":null,"coverage":"community-mapped-observations"}},"sourceId":"parks"}},{"type":"Feature","id":"copenhagen:2079","geometry":{"type":"Polygon","coordinates":[[[12.62230632,55.64190881],[12.62246126,55.64166275],[12.62362849,55.64189434],[12.62349125,55.6421395],[12.62230632,55.64190881]]]},"properties":{"id":"copenhagen:2079","name":"Grækenlandsvej/Ægnavej","nameAddon":null,"objectNumber":"2079","district":"Amager Øst","locality":null,"type":"Andet grønt område","areaM2":2452.2,"areaHa":0.25,"designation":null,"dedicated":null,"builtYear":null,"renovatedYear":null,"planningAreaId":null,"planningAreaName":null,"centroid":[12.62297,55.641901],"bounds":[12.62231,55.64166,12.62363,55.64214],"amenities":{"playground":{"status":"observed-nearby","count":1,"nearestMeters":0,"coverage":"community-mapped-observations"},"toilet":{"status":"not-observed","count":0,"nearestMeters":null,"coverage":"community-mapped-observations"},"drinkingFountain":{"status":"not-observed","count":0,"nearestMeters":null,"coverage":"community-mapped-observations"},"dogRun":{"status":"not-observed","count":0,"nearestMeters":null,"coverage":"community-mapped-observations"}},"sourceId":"parks"}},{"type":"Feature","id":"copenhagen:2081","geometry":{"type":"Polygon","coordinates":[[[12.62218679,55.64083047],[12.62229599,55.64064411],[12.62277704,55.64075448],[12.6226767,55.64092274],[12.62218679,55.64083047]]]},"properties":{"id":"copenhagen:2081","name":"Grækenlandsvej/Theisvej","nameAddon":null,"objectNumber":"2081","district":"Amager Øst","locality":null,"type":"Andet grønt område","areaM2":704.6,"areaHa":0.07,"designation":null,"dedicated":null,"builtYear":null,"renovatedYear":null,"planningAreaId":null,"planningAreaName":null,"centroid":[12.62248,55.640787],"bounds":[12.62219,55.64064,12.62278,55.64092],"amenities":{"playground":{"status":"not-observed","count":0,"nearestMeters":null,"coverage":"community-mapped-observations"},"toilet":{"status":"not-observed","count":0,"nearestMeters":null,"coverage":"community-mapped-observations"},"drinkingFountain":{"status":"not-observed","count":0,"nearestMeters":null,"coverage":"community-mapped-observations"},"dogRun":{"status":"not-observed","count":0,"nearestMeters":null,"coverage":"community-mapped-observations"}},"sourceId":"parks"}},{"type":"Feature","id":"copenhagen:2084","geometry":{"type":"Polygon","coordinates":[[[12.62530038,55.64164827],[12.62540663,55.6414601],[12.62639826,55.64164556],[12.62631267,55.64185725],[12.62530038,55.64164827]]]},"properties":{"id":"copenhagen:2084","name":"Pindosvej","nameAddon":null,"objectNumber":"2084","district":"Amager Øst","locality":null,"type":"Andet grønt område","areaM2":1612.5,"areaHa":0.16,"designation":null,"dedicated":null,"builtYear":null,"renovatedYear":null,"planningAreaId":null,"planningAreaName":null,"centroid":[12.625862,55.641655],"bounds":[12.6253,55.64146,12.6264,55.64186],"amenities":{"playground":{"status":"not-observed","count":0,"nearestMeters":null,"coverage":"community-mapped-observations"},"toilet":{"status":"not-observed","count":0,"nearestMeters":null,"coverage":"community-mapped-observations"},"drinkingFountain":{"status":"not-observed","count":0,"nearestMeters":null,"coverage":"community-mapped-observations"},"dogRun":{"status":"not-observed","count":0,"nearestMeters":null,"coverage":"community-mapped-observations"}},"sourceId":"parks"}},{"type":"Feature","id":"copenhagen:2086","geometry":{"type":"Polygon","coordinates":[[[12.62555715,55.6441053],[12.6257357,55.64383843],[12.62652074,55.64401122],[12.62653844,55.64406459],[12.62638203,55.64428352],[12.62555715,55.6441053]]]},"properties":{"id":"copenhagen:2086","name":"Helikonsvej","nameAddon":null,"objectNumber":"2086","district":"Amager Øst","locality":null,"type":"Andet grønt område","areaM2":1745.6,"areaHa":0.17,"designation":null,"dedicated":null,"builtYear":null,"renovatedYear":null,"planningAreaId":null,"planningAreaName":null,"centroid":[12.626058,55.644062],"bounds":[12.62556,55.64384,12.62654,55.64428],"amenities":{"playground":{"status":"not-observed","count":0,"nearestMeters":null,"coverage":"community-mapped-observations"},"toilet":{"status":"not-observed","count":0,"nearestMeters":null,"coverage":"community-mapped-observations"},"drinkingFountain":{"status":"not-observed","count":0,"nearestMeters":null,"coverage":"community-mapped-observations"},"dogRun":{"status":"not-observed","count":0,"nearestMeters":null,"coverage":"community-mapped-observations"}},"sourceId":"parks"}},{"type":"Feature","id":"copenhagen:2088","geometry":{"type":"Polygon","coordinates":[[[12.62265014,55.64483535],[12.62277557,55.64463],[12.62329352,55.64472951],[12.62315333,55.64493667],[12.62265014,55.64483535]]]},"properties":{"id":"copenhagen:2088","name":"Athensvej","nameAddon":null,"objectNumber":"2088","district":"Amager Øst","locality":null,"type":"Andet grønt område","areaM2":782,"areaHa":0.08,"designation":null,"dedicated":null,"builtYear":null,"renovatedYear":null,"planningAreaId":null,"planningAreaName":null,"centroid":[12.622969,55.644783],"bounds":[12.62265,55.64463,12.62329,55.64494],"amenities":{"playground":{"status":"not-observed","count":0,"nearestMeters":null,"coverage":"community-mapped-observations"},"toilet":{"status":"not-observed","count":0,"nearestMeters":null,"coverage":"community-mapped-observations"},"drinkingFountain":{"status":"not-observed","count":0,"nearestMeters":null,"coverage":"community-mapped-observations"},"dogRun":{"status":"not-observed","count":0,"nearestMeters":null,"coverage":"community-mapped-observations"}},"sourceId":"parks"}},{"type":"Feature","id":"copenhagen:2090","geometry":{"type":"Polygon","coordinates":[[[12.62875042,55.64553917],[12.62882126,55.64521802],[12.62926985,55.64528768],[12.62911343,55.64559888],[12.62875042,55.64553917]]]},"properties":{"id":"copenhagen:2090","name":"Borneovej","nameAddon":null,"objectNumber":"2090","district":"Amager Øst","locality":null,"type":"Andet grønt område","areaM2":977.8,"areaHa":0.1,"designation":null,"dedicated":null,"builtYear":null,"renovatedYear":null,"planningAreaId":null,"planningAreaName":null,"centroid":[12.628991,55.645406],"bounds":[12.62875,55.64522,12.62927,55.6456],"amenities":{"playground":{"status":"not-observed","count":0,"nearestMeters":null,"coverage":"community-mapped-observations"},"toilet":{"status":"not-observed","count":0,"nearestMeters":null,"coverage":"community-mapped-observations"},"drinkingFountain":{"status":"not-observed","count":0,"nearestMeters":null,"coverage":"community-mapped-observations"},"dogRun":{"status":"not-observed","count":0,"nearestMeters":null,"coverage":"community-mapped-observations"}},"sourceId":"parks"}},{"type":"Feature","id":"copenhagen:2092","geometry":{"type":"Polygon","coordinates":[[[12.61884152,55.64310657],[12.61897138,55.64288945],[12.61899941,55.64292292],[12.61950703,55.64302786],[12.61935652,55.64325312],[12.61886218,55.64314999],[12.61884152,55.64310657]]]},"properties":{"id":"copenhagen:2092","name":"Adriansvej - Syd","nameAddon":null,"objectNumber":"2092","district":"Amager Øst","locality":null,"type":"Andet grønt område","areaM2":918.5,"areaHa":0.09,"designation":null,"dedicated":null,"builtYear":null,"renovatedYear":null,"planningAreaId":null,"planningAreaName":null,"centroid":[12.619162,55.643083],"bounds":[12.61884,55.64289,12.61951,55.64325],"amenities":{"playground":{"status":"not-observed","count":0,"nearestMeters":null,"coverage":"community-mapped-observations"},"toilet":{"status":"not-observed","count":0,"nearestMeters":null,"coverage":"community-mapped-observations"},"drinkingFountain":{"status":"not-observed","count":0,"nearestMeters":null,"coverage":"community-mapped-observations"},"dogRun":{"status":"not-observed","count":0,"nearestMeters":null,"coverage":"community-mapped-observations"}},"sourceId":"parks"}},{"type":"Feature","id":"copenhagen:2094","geometry":{"type":"Polygon","coordinates":[[[12.52952413,55.69742627],[12.52970121,55.69728876],[12.5310042,55.69781889],[12.5308286,55.69795821],[12.52952413,55.69742627]]]},"properties":{"id":"copenhagen:2094","name":"Mejsevænget","nameAddon":null,"objectNumber":"2094","district":"Bispebjerg","locality":null,"type":"Andet grønt område","areaM2":1986.5,"areaHa":0.2,"designation":null,"dedicated":null,"builtYear":null,"renovatedYear":null,"planningAreaId":null,"planningAreaName":null,"centroid":[12.530265,55.697623],"bounds":[12.52952,55.69729,12.531,55.69796],"amenities":{"playground":{"status":"not-observed","count":0,"nearestMeters":null,"coverage":"community-mapped-observations"},"toilet":{"status":"not-observed","count":0,"nearestMeters":null,"coverage":"community-mapped-observations"},"drinkingFountain":{"status":"not-observed","count":0,"nearestMeters":null,"coverage":"community-mapped-observations"},"dogRun":{"status":"not-observed","count":0,"nearestMeters":null,"coverage":"community-mapped-observations"}},"sourceId":"parks"}},{"type":"Feature","id":"copenhagen:2095","geometry":{"type":"Polygon","coordinates":[[[12.52922753,55.63618781],[12.52932345,55.63601049],[12.52959792,55.63585761],[12.53004799,55.63576624],[12.53060873,55.63578795],[12.53087139,55.63574724],[12.53106027,55.63559616],[12.53123292,55.63531572],[12.53125653,55.63516012],[12.53113258,55.63432513],[12.53090681,55.63369188],[12.53095108,55.63327031],[12.53088025,55.63307581],[12.53087877,55.63281075],[12.53075924,55.6326072],[12.5307194,55.63235571],[12.5308345,55.63207979],[12.53080499,55.6320427],[12.53086401,55.63203637],[12.53104404,55.63185906],[12.53134655,55.63174507],[12.53181137,55.63176678],[12.53212421,55.63183553],[12.53263625,55.63202551],[12.53304796,55.63178668],[12.53322356,55.63177402],[12.53326635,55.63186901],[12.53277201,55.63219559],[12.53282366,55.63227972],[12.53321913,55.63255383],[12.53394367,55.63275285],[12.53464607,55.63312195],[12.53484528,55.63316627],[12.5350076,55.63329293],[12.53507991,55.63343676],[12.53546062,55.63374887],[12.53587233,55.63397232],[12.53631797,55.63413154],[12.53664409,55.63430161],[12.53676804,55.63428261],[12.53726238,55.63399765],[12.53746011,55.63400941],[12.53746011,55.63409264],[12.53708825,55.63428804],[12.5369038,55.6344355],[12.53694364,55.63451058],[12.53724615,55.63468518],[12.53736125,55.63482178],[12.53790428,55.63497648],[12.53868637,55.63530034],[12.53972374,55.63563959],[12.53991262,55.63567668],[12.54020923,55.63565406],[12.54034794,55.63567396],[12.54064897,55.63581599],[12.54055305,55.63600235],[12.54085113,55.63621223],[12.54100164,55.63622399],[12.54125988,55.6360901],[12.54139121,55.63614167],[12.54079505,55.63653157],[12.54082014,55.63656414],[12.54029186,55.63695766],[12.53252853,55.63626922],[12.5323485,55.63617243],[12.53136721,55.63623394],[12.53059102,55.6362249],[12.52987976,55.63627917],[12.52929689,55.63624932],[12.52922753,55.63618781]]]},"properties":{"id":"copenhagen:2095","name":"Tippen","nameAddon":null,"objectNumber":"2095","district":"Vesterbro","locality":null,"type":"Naturområder","areaM2":417817.4,"areaHa":41.78,"designation":null,"dedicated":null,"builtYear":null,"renovatedYear":null,"planningAreaId":null,"planningAreaName":null,"centroid":[12.5346,55.634857],"bounds":[12.52923,55.63175,12.54139,55.63696],"amenities":{"playground":{"status":"not-observed","count":0,"nearestMeters":null,"coverage":"community-mapped-observations"},"toilet":{"status":"not-observed","count":0,"nearestMeters":null,"coverage":"community-mapped-observations"},"drinkingFountain":{"status":"not-observed","count":0,"nearestMeters":null,"coverage":"community-mapped-observations"},"dogRun":{"status":"not-observed","count":0,"nearestMeters":null,"coverage":"community-mapped-observations"}},"sourceId":"parks"}},{"type":"Feature","id":"copenhagen:2097","geometry":{"type":"Polygon","coordinates":[[[12.53090238,55.64245974],[12.53097026,55.6420626],[12.5311193,55.64194138],[12.5313067,55.64186267],[12.5315369,55.64139587],[12.53151329,55.64118057],[12.53165791,55.64082685],[12.53165053,55.64067487],[12.53172283,55.64056541],[12.5317125,55.64039081],[12.53178038,55.64021259],[12.53170365,55.63997286],[12.5317494,55.63966528],[12.53191172,55.63930794],[12.53208732,55.63906821],[12.53215667,55.63845124],[12.53209469,55.63815904],[12.53206518,55.63807491],[12.53222308,55.63783517],[12.53224226,55.63762168],[12.53217881,55.6375493],[12.53217438,55.63732043],[12.53198845,55.63724444],[12.53204747,55.63703727],[12.53196631,55.63703003],[12.53198255,55.6369848],[12.53206076,55.63699385],[12.53207846,55.636926],[12.53215077,55.63691153],[12.53236031,55.63671974],[12.53237654,55.63660485],[12.53249017,55.63649358],[12.53252853,55.63626922],[12.53694659,55.63664646],[12.53530273,55.6423738],[12.53519648,55.64236385],[12.53521272,55.64228243],[12.53497809,55.64226162],[12.53492349,55.64233762],[12.53323241,55.64218021],[12.53320437,55.6422761],[12.53492054,55.6424507],[12.53489988,55.64250678],[12.53385365,55.64244889],[12.53385808,55.64240185],[12.53349507,55.64238375],[12.53272037,55.64237652],[12.5314705,55.64245251],[12.5313067,55.64240908],[12.53090238,55.64245974]]]},"properties":{"id":"copenhagen:2097","name":"Tippen","nameAddon":null,"objectNumber":"2097","district":"Vesterbro","locality":null,"type":"Naturområder","areaM2":417817.4,"areaHa":41.78,"designation":null,"dedicated":null,"builtYear":null,"renovatedYear":null,"planningAreaId":null,"planningAreaName":null,"centroid":[12.533972,55.639359],"bounds":[12.5309,55.63627,12.53695,55.64251],"amenities":{"playground":{"status":"observed-nearby","count":2,"nearestMeters":31,"coverage":"community-mapped-observations"},"toilet":{"status":"not-observed","count":0,"nearestMeters":null,"coverage":"community-mapped-observations"},"drinkingFountain":{"status":"not-observed","count":0,"nearestMeters":null,"coverage":"community-mapped-observations"},"dogRun":{"status":"observed-nearby","count":1,"nearestMeters":1,"coverage":"community-mapped-observations"}},"sourceId":"parks"}},{"type":"Feature","id":"copenhagen:2098","geometry":{"type":"MultiPolygon","coordinates":[[[[12.52650055,55.63701285],[12.52776665,55.63652976],[12.52793782,55.63649991],[12.52957431,55.63666456],[12.5305925,55.63670798],[12.53107208,55.63679935],[12.5317671,55.63686539],[12.53188368,55.63690791],[12.53187187,55.63697576],[12.53198255,55.6369848],[12.53196631,55.63703003],[12.53185712,55.63702008],[12.53176415,55.63724715],[12.53159445,55.63731229],[12.53084335,55.63723087],[12.53076515,55.63717297],[12.53061758,55.63715307],[12.53042575,55.63718744],[12.52999929,55.6371214],[12.52946511,55.63709155],[12.52877451,55.63697395],[12.5282787,55.6369658],[12.52757334,55.63707798],[12.5271941,55.637277],[12.52696833,55.63723629],[12.52679863,55.637296],[12.52650055,55.63701285]]],[[[12.5414886,55.64045052],[12.54160223,55.64019631],[12.54183095,55.63921115],[12.54201393,55.63904921],[12.54203754,55.6389696],[12.54281373,55.63850461],[12.54290964,55.63852361],[12.54501538,55.63962909],[12.54517917,55.63956305],[12.54558055,55.63974851],[12.54447972,55.64030758],[12.54446939,55.64046047],[12.54429379,55.64046228],[12.54426428,55.64041343],[12.54395734,55.64041704],[12.54368288,55.64028225],[12.54287128,55.64036186],[12.54261304,55.64034558],[12.54261451,55.6404288],[12.5414886,55.64045052]]]]},"properties":{"id":"copenhagen:2098","name":"Tippen","nameAddon":null,"objectNumber":"2098","district":"Vesterbro","locality":null,"type":"Naturområder","areaM2":417817.4,"areaHa":41.78,"designation":null,"dedicated":null,"builtYear":null,"renovatedYear":null,"planningAreaId":null,"planningAreaName":null,"centroid":[12.538586,55.638742],"bounds":[12.5265,55.6365,12.54558,55.64046],"amenities":{"playground":{"status":"not-observed","count":0,"nearestMeters":null,"coverage":"community-mapped-observations"},"toilet":{"status":"not-observed","count":0,"nearestMeters":null,"coverage":"community-mapped-observations"},"drinkingFountain":{"status":"not-observed","count":0,"nearestMeters":null,"coverage":"community-mapped-observations"},"dogRun":{"status":"observed-nearby","count":1,"nearestMeters":33,"coverage":"community-mapped-observations"}},"sourceId":"parks"}},{"type":"Feature","id":"copenhagen:21","geometry":{"type":"Polygon","coordinates":[[[12.55126618,55.66785598],[12.5512706,55.66781618],[12.55132963,55.66746608],[12.55309597,55.6675683],[12.55301038,55.66794283],[12.55126618,55.66785598]]]},"properties":{"id":"copenhagen:21","name":"Litauens Plads","nameAddon":null,"objectNumber":"21","district":"Vesterbro","locality":null,"type":"Lokale parker","areaM2":4915,"areaHa":0.49,"designation":null,"dedicated":null,"builtYear":null,"renovatedYear":null,"planningAreaId":null,"planningAreaName":null,"centroid":[12.55217,55.667708],"bounds":[12.55127,55.66747,12.5531,55.66794],"amenities":{"playground":{"status":"observed-nearby","count":2,"nearestMeters":27,"coverage":"community-mapped-observations"},"toilet":{"status":"not-observed","count":0,"nearestMeters":null,"coverage":"community-mapped-observations"},"drinkingFountain":{"status":"observed-nearby","count":1,"nearestMeters":0,"coverage":"community-mapped-observations"},"dogRun":{"status":"not-observed","count":0,"nearestMeters":null,"coverage":"community-mapped-observations"}},"sourceId":"parks"}},{"type":"Feature","id":"copenhagen:213","geometry":{"type":"Polygon","coordinates":[[[12.53604498,55.70146191],[12.53707202,55.70130541],[12.53719007,55.70162475],[12.53668835,55.70164827],[12.53676656,55.70192871],[12.53682411,55.70193233],[12.53684625,55.7019839],[12.53648177,55.7020228],[12.53641093,55.7019848],[12.53629141,55.70175864],[12.53618959,55.70177221],[12.53604498,55.70146191]]]},"properties":{"id":"copenhagen:213","name":"Alexandravej","nameAddon":null,"objectNumber":"213","district":"Bispebjerg","locality":null,"type":"Andet grønt område","areaM2":3208.1,"areaHa":0.32,"designation":null,"dedicated":null,"builtYear":null,"renovatedYear":null,"planningAreaId":null,"planningAreaName":null,"centroid":[12.536602,55.701622],"bounds":[12.53604,55.70131,12.53719,55.70202],"amenities":{"playground":{"status":"not-observed","count":0,"nearestMeters":null,"coverage":"community-mapped-observations"},"toilet":{"status":"observed-nearby","count":1,"nearestMeters":68,"coverage":"community-mapped-observations"},"drinkingFountain":{"status":"not-observed","count":0,"nearestMeters":null,"coverage":"community-mapped-observations"},"dogRun":{"status":"not-observed","count":0,"nearestMeters":null,"coverage":"community-mapped-observations"}},"sourceId":"parks"}},{"type":"Feature","id":"copenhagen:2159","geometry":{"type":"Polygon","coordinates":[[[12.56435803,55.70098064],[12.564451,55.70093993],[12.5645174,55.70096074],[12.56443919,55.70103944],[12.56435803,55.70098064]]]},"properties":{"id":"copenhagen:2159","name":"Fælledparken","nameAddon":null,"objectNumber":"2159","district":"Østerbro","locality":null,"type":"Regionale parker","areaM2":561310.4,"areaHa":56.13,"designation":null,"dedicated":null,"builtYear":null,"renovatedYear":null,"planningAreaId":null,"planningAreaName":null,"centroid":[12.564439,55.700984],"bounds":[12.56436,55.70094,12.56452,55.70104],"amenities":{"playground":{"status":"observed-nearby","count":1,"nearestMeters":33,"coverage":"community-mapped-observations"},"toilet":{"status":"observed-nearby","count":3,"nearestMeters":55,"coverage":"community-mapped-observations"},"drinkingFountain":{"status":"observed-nearby","count":1,"nearestMeters":58,"coverage":"community-mapped-observations"},"dogRun":{"status":"not-observed","count":0,"nearestMeters":null,"coverage":"community-mapped-observations"}},"sourceId":"parks"}},{"type":"Feature","id":"copenhagen:2160","geometry":{"type":"MultiPolygon","coordinates":[[[[12.56212982,55.69860413],[12.5622464,55.69859508],[12.56442886,55.69975665],[12.56470628,55.69996472],[12.5648686,55.70021621],[12.56489221,55.70048851],[12.5648081,55.70071648],[12.563421,55.70214854],[12.56324098,55.70241994],[12.56272598,55.70243894],[12.56259465,55.70242898],[12.56255775,55.70238194],[12.56212982,55.69860413]],[[12.56435803,55.70098064],[12.56443919,55.70103944],[12.5645174,55.70096074],[12.564451,55.70093993],[12.56435803,55.70098064]]],[[[12.56259465,55.70264158],[12.562664,55.70257644],[12.56314063,55.70256468],[12.5631849,55.70258368],[12.5632513,55.70306043],[12.56359365,55.70349557],[12.56571267,55.70478107],[12.56425916,55.70557083],[12.56392272,55.70556179],[12.5632513,55.70541795],[12.56300635,55.7053302],[12.56281894,55.70473132],[12.56259465,55.70264158]]],[[[12.56320408,55.70565225],[12.56352577,55.70566763],[12.56410275,55.70577438],[12.56454101,55.70576443],[12.56462807,55.70581418],[12.57022222,55.7028406],[12.57302593,55.70462186],[12.57286951,55.70477293],[12.57282819,55.70493125],[12.5729064,55.70511489],[12.57307462,55.70524426],[12.57339189,55.70507328],[12.5744691,55.70509951],[12.57456207,55.70513298],[12.57456059,55.70519179],[12.57015581,55.70757192],[12.5633605,55.70631807],[12.56330885,55.70627737],[12.56320408,55.70565225]]],[[[12.56354201,55.70282703],[12.56354791,55.70256197],[12.56371318,55.70222092],[12.56500584,55.70088927],[12.56516078,55.70064502],[12.56520652,55.70040438],[12.56515488,55.70015198],[12.56502059,55.69993487],[12.56480515,55.69973765],[12.57067081,55.69622218],[12.5709925,55.69639316],[12.57078739,55.6965171],[12.570811,55.69691605],[12.57101611,55.6970237],[12.57089806,55.69709426],[12.5729123,55.69817442],[12.57315283,55.69803058],[12.57455616,55.69877601],[12.57459158,55.69875611],[12.57473029,55.69882938],[12.574869,55.69874977],[12.57499148,55.69881491],[12.57514052,55.69873801],[12.57523938,55.69879048],[12.57522905,55.69952054],[12.57535448,55.69959743],[12.57526299,55.69964628],[12.57507854,55.69950244],[12.57501804,55.69950063],[12.57480259,55.69961552],[12.57439827,55.69961371],[12.57037273,55.7017713],[12.570811,55.70203094],[12.56597238,55.70464085],[12.56398912,55.70345848],[12.56369252,55.7031708],[12.56354201,55.70282703]],[[12.56478597,55.70112991],[12.56496747,55.70127013],[12.56506781,55.70149539],[12.56540721,55.70185091],[12.56524932,55.70214312],[12.56536589,55.70232947],[12.56528621,55.70272661],[12.56573185,55.70296544],[12.56583957,55.70307852],[12.56611994,55.70324227],[12.56613322,55.7035797],[12.56585285,55.7037552],[12.56590745,55.70409445],[12.56607567,55.70416682],[12.56617307,55.70416682],[12.56633391,55.70406821],[12.56651099,55.70377149],[12.56681497,55.70366112],[12.56686071,55.70373892],[12.56690498,55.70366021],[12.56692417,55.70342772],[12.56659215,55.70306134],[12.56688137,55.70277547],[12.56689023,55.70260539],[12.56677365,55.70240727],[12.56623209,55.70214764],[12.56611699,55.70191876],[12.56581154,55.70172336],[12.56595762,55.70141125],[12.56588532,55.70117243],[12.56575251,55.70109463],[12.5653777,55.70104035],[12.56508995,55.7010892],[12.56488336,55.70103221],[12.56478597,55.70112991]]],[[[12.56526998,55.70120952],[12.56532753,55.70114348],[12.56551051,55.70113081],[12.56571562,55.70121585],[12.56581891,55.70137235],[12.56578497,55.70147729],[12.56564036,55.70152976],[12.56551198,55.70150353],[12.5654928,55.70130451],[12.56526998,55.70120952]]]]},"properties":{"id":"copenhagen:2160","name":"Fælledparken","nameAddon":null,"objectNumber":"2160","district":"Østerbro","locality":null,"type":"Regionale parker","areaM2":561310.4,"areaHa":56.13,"designation":null,"dedicated":null,"builtYear":null,"renovatedYear":null,"planningAreaId":null,"planningAreaName":null,"centroid":[12.568271,55.702234],"bounds":[12.56213,55.69622,12.57535,55.70757],"amenities":{"playground":{"status":"observed-nearby","count":9,"nearestMeters":0,"coverage":"community-mapped-observations"},"toilet":{"status":"observed-nearby","count":14,"nearestMeters":0,"coverage":"community-mapped-observations"},"drinkingFountain":{"status":"observed-nearby","count":7,"nearestMeters":0,"coverage":"community-mapped-observations"},"dogRun":{"status":"observed-nearby","count":2,"nearestMeters":0,"coverage":"community-mapped-observations"}},"sourceId":"parks"}},{"type":"Feature","id":"copenhagen:2161","geometry":{"type":"Polygon","coordinates":[[[12.56019969,55.7007011],[12.56028085,55.70069839],[12.56028527,55.70074362],[12.56020411,55.70074634],[12.56019969,55.7007011]]]},"properties":{"id":"copenhagen:2161","name":"Universitetsparken","nameAddon":null,"objectNumber":"2161","district":"Nørrebro","locality":null,"type":"Andet grønt område","areaM2":18505.2,"areaHa":1.85,"designation":null,"dedicated":null,"builtYear":null,"renovatedYear":null,"planningAreaId":null,"planningAreaName":null,"centroid":[12.560242,55.700722],"bounds":[12.5602,55.7007,12.56029,55.70075],"amenities":{"playground":{"status":"not-observed","count":0,"nearestMeters":null,"coverage":"community-mapped-observations"},"toilet":{"status":"not-observed","count":0,"nearestMeters":null,"coverage":"community-mapped-observations"},"drinkingFountain":{"status":"not-observed","count":0,"nearestMeters":null,"coverage":"community-mapped-observations"},"dogRun":{"status":"not-observed","count":0,"nearestMeters":null,"coverage":"community-mapped-observations"}},"sourceId":"parks"}},{"type":"Feature","id":"copenhagen:2162","geometry":{"type":"MultiPolygon","coordinates":[[[[12.55843335,55.70097521],[12.55886571,55.70082504],[12.5590723,55.70100416],[12.55997391,55.70067939],[12.55970092,55.70044871],[12.56027789,55.70019721],[12.56029265,55.7002334],[12.56033692,55.7005844],[12.56076928,55.70056902],[12.56086372,55.70140402],[12.55994883,55.70146191],[12.55916379,55.7016338],[12.55843335,55.70097521]],[[12.56019969,55.7007011],[12.56020411,55.70074634],[12.56028527,55.70074362],[12.56028085,55.70069839],[12.56019969,55.7007011]]],[[[12.55921986,55.7016926],[12.55970682,55.70154876],[12.56025428,55.70148001],[12.56032659,55.7014981],[12.56037971,55.70157409],[12.56060106,55.70242175],[12.55999605,55.70254659],[12.55921986,55.7016926]]]]},"properties":{"id":"copenhagen:2162","name":"Universitetsparken","nameAddon":null,"objectNumber":"2162","district":"Nørrebro","locality":null,"type":"Andet grønt område","areaM2":18505.2,"areaHa":1.85,"designation":null,"dedicated":null,"builtYear":null,"renovatedYear":null,"planningAreaId":null,"planningAreaName":null,"centroid":[12.559902,55.70136],"bounds":[12.55843,55.7002,12.56086,55.70255],"amenities":{"playground":{"status":"not-observed","count":0,"nearestMeters":null,"coverage":"community-mapped-observations"},"toilet":{"status":"not-observed","count":0,"nearestMeters":null,"coverage":"community-mapped-observations"},"drinkingFountain":{"status":"not-observed","count":0,"nearestMeters":null,"coverage":"community-mapped-observations"},"dogRun":{"status":"not-observed","count":0,"nearestMeters":null,"coverage":"community-mapped-observations"}},"sourceId":"parks"}},{"type":"Feature","id":"copenhagen:2181","geometry":{"type":"Polygon","coordinates":[[[12.54477042,55.68961733],[12.54513785,55.68963724],[12.54544774,55.68957843],[12.54557022,55.6895323],[12.54550676,55.6894545],[12.54728491,55.6887932],[12.54938474,55.6880161],[12.54947475,55.68808576],[12.5496415,55.68802424],[12.55028193,55.68857337],[12.54850673,55.68926723],[12.54486781,55.69068392],[12.54478223,55.69060069],[12.54558055,55.69028949],[12.54477042,55.68961733]],[[12.54514376,55.68979374],[12.5453105,55.68993215],[12.54536215,55.68991315],[12.54521016,55.68976841],[12.54514376,55.68979374]],[[12.54528394,55.68976931],[12.54538871,55.68985526],[12.54558202,55.68978107],[12.54547873,55.68969332],[12.54528394,55.68976931]],[[12.54555694,55.68964085],[12.54572959,55.6897856],[12.54577976,55.6897657],[12.54560711,55.68962186],[12.54555694,55.68964085]],[[12.54782942,55.68869549],[12.54785155,55.68871359],[12.54788697,55.68870002],[12.54786631,55.68868193],[12.54782942,55.68869549]],[[12.54797846,55.6886584],[12.54800059,55.68868554],[12.54805962,55.68862403],[12.54799174,55.68861589],[12.54797846,55.6886584]],[[12.54921947,55.68832007],[12.54924603,55.68834178],[12.54937146,55.68829473],[12.54934637,55.68827302],[12.54921947,55.68832007]],[[12.54960313,55.68819341],[12.54976988,55.68833002],[12.54983924,55.68830469],[12.54966659,55.68816899],[12.54960313,55.68819341]]]},"properties":{"id":"copenhagen:2181","name":"Hans Tavsens Park","nameAddon":null,"objectNumber":"2181","district":"Nørrebro","locality":null,"type":"Lokale parker","areaM2":31140,"areaHa":3.11,"designation":null,"dedicated":null,"builtYear":null,"renovatedYear":null,"planningAreaId":null,"planningAreaName":null,"centroid":[12.547527,55.689189],"bounds":[12.54477,55.68802,12.55028,55.69068],"amenities":{"playground":{"status":"not-observed","count":0,"nearestMeters":null,"coverage":"community-mapped-observations"},"toilet":{"status":"observed-nearby","count":1,"nearestMeters":0,"coverage":"community-mapped-observations"},"drinkingFountain":{"status":"observed-nearby","count":1,"nearestMeters":47,"coverage":"community-mapped-observations"},"dogRun":{"status":"observed-nearby","count":1,"nearestMeters":66,"coverage":"community-mapped-observations"}},"sourceId":"parks"}},{"type":"Feature","id":"copenhagen:22","geometry":{"type":"Polygon","coordinates":[[[12.53268052,55.64962638],[12.53331357,55.6495522],[12.53377545,55.64993758],[12.53365887,55.64998281],[12.53325897,55.64993939],[12.53307157,55.65001176],[12.53281776,55.64979826],[12.53274693,55.6498064],[12.53268052,55.64962638]]]},"properties":{"id":"copenhagen:22","name":"Louis Pios Plæne","nameAddon":null,"objectNumber":"22","district":"Vesterbro","locality":null,"type":"Andet grønt område","areaM2":2028.1,"areaHa":0.2,"designation":null,"dedicated":null,"builtYear":null,"renovatedYear":null,"planningAreaId":null,"planningAreaName":null,"centroid":[12.5332,55.64978],"bounds":[12.53268,55.64955,12.53378,55.65001],"amenities":{"playground":{"status":"observed-nearby","count":4,"nearestMeters":0,"coverage":"community-mapped-observations"},"toilet":{"status":"not-observed","count":0,"nearestMeters":null,"coverage":"community-mapped-observations"},"drinkingFountain":{"status":"not-observed","count":0,"nearestMeters":null,"coverage":"community-mapped-observations"},"dogRun":{"status":"not-observed","count":0,"nearestMeters":null,"coverage":"community-mapped-observations"}},"sourceId":"parks"}},{"type":"Feature","id":"copenhagen:2212","geometry":{"type":"MultiPolygon","coordinates":[[[[12.5406711,55.69585851],[12.54076259,55.69485887],[12.54108575,55.69379139],[12.54118167,55.69376696],[12.54148122,55.69323593],[12.54327855,55.69504161],[12.54309557,55.6951158],[12.54300408,55.69563959],[12.54296867,55.69633345],[12.54305425,55.69741361],[12.54084965,55.69715216],[12.5406711,55.69585851]]],[[[12.54080391,55.69734847],[12.54161551,55.69744889],[12.54172471,55.69757735],[12.54148122,55.69762529],[12.54149893,55.69779537],[12.54181324,55.69867288],[12.5419372,55.69873259],[12.54149598,55.69902298],[12.54124512,55.69862674],[12.54080391,55.69734847]],[[12.54140006,55.69882667],[12.54141777,55.69883572],[12.54144138,55.69881672],[12.54140006,55.69882667]]],[[[12.54146794,55.69293107],[12.54175864,55.69284241],[12.54356335,55.68989597],[12.54402818,55.6902913],[12.54238727,55.69292473],[12.54207296,55.6933074],[12.54191064,55.69339967],[12.54146794,55.69293107]]],[[[12.54330511,55.68929347],[12.54402965,55.68904559],[12.54434396,55.68852452],[12.54484125,55.68832097],[12.54412999,55.68989416],[12.54403555,55.68994572],[12.54330511,55.68929347]]],[[[12.5443661,55.68831554],[12.5447291,55.6874317],[12.54481321,55.68703365],[12.54481617,55.68661118],[12.54539019,55.68631446],[12.54549496,55.68634883],[12.54551267,55.68713045],[12.54516884,55.68802786],[12.5443661,55.68831554]]]]},"properties":{"id":"copenhagen:2212","name":"Nørrebroparken","nameAddon":null,"objectNumber":"2212","district":"Nørrebro","locality":null,"type":"Regionale parker","areaM2":90205.6,"areaHa":9.02,"designation":null,"dedicated":null,"builtYear":null,"renovatedYear":null,"planningAreaId":null,"planningAreaName":null,"centroid":[12.542445,55.693872],"bounds":[12.54067,55.68631,12.54551,55.69902],"amenities":{"playground":{"status":"observed-nearby","count":2,"nearestMeters":0,"coverage":"community-mapped-observations"},"toilet":{"status":"observed-nearby","count":2,"nearestMeters":0,"coverage":"community-mapped-observations"},"drinkingFountain":{"status":"observed-nearby","count":3,"nearestMeters":0,"coverage":"community-mapped-observations"},"dogRun":{"status":"observed-nearby","count":2,"nearestMeters":0,"coverage":"community-mapped-observations"}},"sourceId":"parks"}},{"type":"Feature","id":"copenhagen:224","geometry":{"type":"Polygon","coordinates":[[[12.48788607,55.6553691],[12.48885557,55.65506152],[12.49415901,55.65746336],[12.49348464,55.65789398],[12.48906953,55.65590646],[12.48788607,55.6553691]]]},"properties":{"id":"copenhagen:224","name":"Kulbanevej","nameAddon":null,"objectNumber":"224","district":"Valby","locality":null,"type":"Andet grønt område","areaM2":28982.6,"areaHa":2.9,"designation":null,"dedicated":null,"builtYear":null,"renovatedYear":null,"planningAreaId":null,"planningAreaName":null,"centroid":[12.491084,55.656446],"bounds":[12.48789,55.65506,12.49416,55.65789],"amenities":{"playground":{"status":"observed-nearby","count":1,"nearestMeters":0,"coverage":"community-mapped-observations"},"toilet":{"status":"observed-nearby","count":1,"nearestMeters":0,"coverage":"community-mapped-observations"},"drinkingFountain":{"status":"not-observed","count":0,"nearestMeters":null,"coverage":"community-mapped-observations"},"dogRun":{"status":"not-observed","count":0,"nearestMeters":null,"coverage":"community-mapped-observations"}},"sourceId":"parks"}},{"type":"Feature","id":"copenhagen:2249","geometry":{"type":"Polygon","coordinates":[[[12.56950063,55.68575538],[12.57335499,55.68472318],[12.57350551,55.68474127],[12.57704409,55.68702913],[12.57634611,55.68735209],[12.57692604,55.68775375],[12.57533973,55.68848743],[12.57450747,55.6879175],[12.57375047,55.6882676],[12.57358962,55.68815904],[12.57361471,55.68813642],[12.57329597,55.68797811],[12.57292706,55.68814637],[12.5699448,55.68611634],[12.56950063,55.68575538]],[[12.57325022,55.6857581],[12.57327531,55.68600054],[12.57340664,55.68607653],[12.57363832,55.68610548],[12.57390688,55.68601773],[12.57408543,55.68604487],[12.57423447,55.686167],[12.57417692,55.68621856],[12.57420644,55.68653519],[12.57400427,55.68677764],[12.57408101,55.68681473],[12.57407068,55.68691333],[12.57425366,55.6871603],[12.57423743,55.68724896],[12.5741179,55.68727519],[12.57427874,55.6874118],[12.57437023,55.68743622],[12.57451337,55.68740365],[12.57456797,55.68732314],[12.57432006,55.6869061],[12.57431268,55.68679573],[12.57461519,55.68651257],[12.57473324,55.68631898],[12.57474947,55.6861082],[12.57458863,55.68590103],[12.57431711,55.68573819],[12.57414298,55.68569929],[12.57388032,55.68572101],[12.57379473,55.68561245],[12.57363389,55.68559074],[12.57352322,55.68561335],[12.57325022,55.6857581]],[[12.57451927,55.68751855],[12.5745842,55.68753031],[12.57477013,55.68744436],[12.57477013,55.68740365],[12.57469635,55.68737652],[12.57463142,55.68747241],[12.57451927,55.68751855]]]},"properties":{"id":"copenhagen:2249","name":"Botanisk Have","nameAddon":null,"objectNumber":"2249","district":"Indre by","locality":null,"type":"Regionale parker","areaM2":100530,"areaHa":10.05,"designation":null,"dedicated":null,"builtYear":null,"renovatedYear":null,"planningAreaId":null,"planningAreaName":null,"centroid":[12.573458,55.686617],"bounds":[12.5695,55.68472,12.57704,55.68849],"amenities":{"playground":{"status":"not-observed","count":0,"nearestMeters":null,"coverage":"community-mapped-observations"},"toilet":{"status":"observed-nearby","count":4,"nearestMeters":0,"coverage":"community-mapped-observations"},"drinkingFountain":{"status":"not-observed","count":0,"nearestMeters":null,"coverage":"community-mapped-observations"},"dogRun":{"status":"observed-nearby","count":1,"nearestMeters":14,"coverage":"community-mapped-observations"}},"sourceId":"parks"}},{"type":"Feature","id":"copenhagen:225","geometry":{"type":"Polygon","coordinates":[[[12.5006282,55.66769405],[12.50153424,55.66750317],[12.50148702,55.66794011],[12.50200497,55.66821151],[12.50312941,55.66887281],[12.50360751,55.66875701],[12.50371966,55.6691433],[12.50307186,55.66911073],[12.50289331,55.66894789],[12.50197693,55.66840782],[12.5006282,55.66769405]]]},"properties":{"id":"copenhagen:225","name":"Hj. Bergstrøms vej","nameAddon":null,"objectNumber":"225","district":"Valby","locality":null,"type":"Andet grønt område","areaM2":5282.5,"areaHa":0.53,"designation":null,"dedicated":null,"builtYear":null,"renovatedYear":null,"planningAreaId":null,"planningAreaName":null,"centroid":[12.502166,55.668355],"bounds":[12.50063,55.6675,12.50372,55.66914],"amenities":{"playground":{"status":"observed-nearby","count":2,"nearestMeters":0,"coverage":"community-mapped-observations"},"toilet":{"status":"not-observed","count":0,"nearestMeters":null,"coverage":"community-mapped-observations"},"drinkingFountain":{"status":"not-observed","count":0,"nearestMeters":null,"coverage":"community-mapped-observations"},"dogRun":{"status":"not-observed","count":0,"nearestMeters":null,"coverage":"community-mapped-observations"}},"sourceId":"parks"}},{"type":"Feature","id":"copenhagen:228","geometry":{"type":"Polygon","coordinates":[[[12.56445247,55.72516826],[12.56461774,55.72515831],[12.56451888,55.72419577],[12.56595025,55.72414601],[12.56609191,55.72489506],[12.56664084,55.72485526],[12.56705697,55.72528044],[12.56819617,55.72525421],[12.56773282,55.72687353],[12.56780955,55.72687896],[12.5676856,55.72733671],[12.56768707,55.7273937],[12.56530687,55.72764972],[12.56445247,55.72516826]]]},"properties":{"id":"copenhagen:228","name":"Mindelunden","nameAddon":null,"objectNumber":"228","district":"Østerbro","locality":null,"type":"Lokale parker","areaM2":60834.7,"areaHa":6.08,"designation":null,"dedicated":null,"builtYear":null,"renovatedYear":null,"planningAreaId":null,"planningAreaName":null,"centroid":[12.56617,55.725976],"bounds":[12.56445,55.72415,12.5682,55.72765],"amenities":{"playground":{"status":"not-observed","count":0,"nearestMeters":null,"coverage":"community-mapped-observations"},"toilet":{"status":"not-observed","count":0,"nearestMeters":null,"coverage":"community-mapped-observations"},"drinkingFountain":{"status":"observed-nearby","count":3,"nearestMeters":0,"coverage":"community-mapped-observations"},"dogRun":{"status":"not-observed","count":0,"nearestMeters":null,"coverage":"community-mapped-observations"}},"sourceId":"parks"}},{"type":"Feature","id":"copenhagen:2299","geometry":{"type":"Polygon","coordinates":[[[12.57037421,55.66765062],[12.57044946,55.66759635],[12.57083608,55.66777185],[12.5707682,55.66779175],[12.57055128,55.66776099],[12.57037421,55.66765062]]]},"properties":{"id":"copenhagen:2299","name":"SEB-Rigsarkivet","nameAddon":null,"objectNumber":"2299","district":"Vesterbro","locality":null,"type":"Lokale parker","areaM2":11680.3,"areaHa":1.17,"designation":null,"dedicated":null,"builtYear":null,"renovatedYear":null,"planningAreaId":null,"planningAreaName":null,"centroid":[12.570583,55.667705],"bounds":[12.57037,55.6676,12.57084,55.66779],"amenities":{"playground":{"status":"not-observed","count":0,"nearestMeters":null,"coverage":"community-mapped-observations"},"toilet":{"status":"not-observed","count":0,"nearestMeters":null,"coverage":"community-mapped-observations"},"drinkingFountain":{"status":"not-observed","count":0,"nearestMeters":null,"coverage":"community-mapped-observations"},"dogRun":{"status":"not-observed","count":0,"nearestMeters":null,"coverage":"community-mapped-observations"}},"sourceId":"parks"}},{"type":"Feature","id":"copenhagen:2300","geometry":{"type":"Polygon","coordinates":[[[12.56740818,55.66706441],[12.56757787,55.66679211],[12.57023992,55.66799258],[12.57044504,55.66801701],[12.57059408,55.66791931],[12.57053062,55.668093],[12.57074312,55.66813371],[12.57081985,55.66820156],[12.57106776,55.66816718],[12.57101168,55.66799077],[12.57110022,55.66798263],[12.57156357,55.66819341],[12.57152963,55.66834268],[12.57117253,55.66858875],[12.57093495,55.66865931],[12.57078001,55.66849195],[12.57036388,55.66858875],[12.57007318,55.668463],[12.56987249,55.66857789],[12.56990348,55.668463],[12.56980461,55.6682486],[12.5698961,55.66817804],[12.56870378,55.6676461],[12.56849867,55.66777999],[12.56836882,55.6677239],[12.56857393,55.66758458],[12.56740818,55.66706441]]]},"properties":{"id":"copenhagen:2300","name":"SEB-Rigsarkivet","nameAddon":null,"objectNumber":"2300","district":"Vesterbro","locality":null,"type":"Lokale parker","areaM2":11680.3,"areaHa":1.17,"designation":null,"dedicated":null,"builtYear":null,"renovatedYear":null,"planningAreaId":null,"planningAreaName":null,"centroid":[12.569629,55.667869],"bounds":[12.56741,55.66679,12.57156,55.66866],"amenities":{"playground":{"status":"observed-nearby","count":1,"nearestMeters":44,"coverage":"community-mapped-observations"},"toilet":{"status":"not-observed","count":0,"nearestMeters":null,"coverage":"community-mapped-observations"},"drinkingFountain":{"status":"not-observed","count":0,"nearestMeters":null,"coverage":"community-mapped-observations"},"dogRun":{"status":"not-observed","count":0,"nearestMeters":null,"coverage":"community-mapped-observations"}},"sourceId":"parks"}},{"type":"Feature","id":"copenhagen:231","geometry":{"type":"Polygon","coordinates":[[[12.54984661,55.71814728],[12.55091202,55.7179383],[12.55136947,55.71862493],[12.55037637,55.71882034],[12.55028488,55.71886557],[12.54984661,55.71814728]]]},"properties":{"id":"copenhagen:231","name":"Keldsøvej-Børskovvej","nameAddon":null,"objectNumber":"231","district":"Bispebjerg","locality":null,"type":"Lokale parker","areaM2":6367.1,"areaHa":0.64,"designation":null,"dedicated":null,"builtYear":null,"renovatedYear":null,"planningAreaId":null,"planningAreaName":null,"centroid":[12.5506,55.718391],"bounds":[12.54985,55.71794,12.55137,55.71887],"amenities":{"playground":{"status":"not-observed","count":0,"nearestMeters":null,"coverage":"community-mapped-observations"},"toilet":{"status":"not-observed","count":0,"nearestMeters":null,"coverage":"community-mapped-observations"},"drinkingFountain":{"status":"observed-nearby","count":1,"nearestMeters":31,"coverage":"community-mapped-observations"},"dogRun":{"status":"not-observed","count":0,"nearestMeters":null,"coverage":"community-mapped-observations"}},"sourceId":"parks"}},{"type":"Feature","id":"copenhagen:2322","geometry":{"type":"Polygon","coordinates":[[[12.50274869,55.69843496],[12.50304677,55.6982287],[12.50405758,55.69839967],[12.50450323,55.69857246],[12.50506102,55.69884567],[12.50562766,55.69925547],[12.50539894,55.69933327],[12.50657502,55.70053284],[12.50644959,55.70111453],[12.50660453,55.70135155],[12.50697787,55.7016546],[12.51010917,55.70049575],[12.51172204,55.70196761],[12.51207915,55.70256468],[12.50756665,55.70386286],[12.50744417,55.70373982],[12.50713429,55.70369459],[12.50659863,55.70312647],[12.50666503,55.70293197],[12.50701624,55.70267143],[12.50708116,55.70257373],[12.50700591,55.70251312],[12.50647173,55.70244617],[12.50648648,55.70241994],[12.50705313,55.7024715],[12.50655731,55.70160304],[12.50598919,55.70103582],[12.50587409,55.70105482],[12.50569997,55.70088475],[12.50538123,55.70085399],[12.50524547,55.70079971],[12.50473195,55.70042609],[12.50417416,55.70024606],[12.50389379,55.70002985],[12.50360899,55.70012756],[12.50355734,55.7000787],[12.5038569,55.69997738],[12.50365621,55.69972137],[12.50359423,55.69952777],[12.503699,55.69907726],[12.50371228,55.6987353],[12.50274869,55.69843496]],[[12.50377131,55.69947983],[12.50384214,55.69970961],[12.50407824,55.7],[12.50430106,55.70016284],[12.505244,55.70056722],[12.5053591,55.7006613],[12.50575014,55.70080062],[12.50590213,55.70078252],[12.50598477,55.70073096],[12.50600542,55.70065135],[12.50556568,55.70045232],[12.50553617,55.70031391],[12.50505659,55.69985345],[12.50480721,55.69929075],[12.50443092,55.69895965],[12.50405168,55.69875339],[12.50395724,55.69877239],[12.50377131,55.69947983]],[[12.50615004,55.70090375],[12.5062312,55.70092274],[12.50632564,55.70086846],[12.50616774,55.70082956],[12.50615004,55.70090375]]]},"properties":{"id":"copenhagen:2322","name":"Bellahøjparken & Degnemosen","nameAddon":null,"objectNumber":"2322","district":"Brønshøj - Husum","locality":null,"type":"Lokale parker","areaM2":97702.1,"areaHa":9.77,"designation":null,"dedicated":null,"builtYear":null,"renovatedYear":null,"planningAreaId":null,"planningAreaName":null,"centroid":[12.50823,55.701687],"bounds":[12.50275,55.69823,12.51208,55.70386],"amenities":{"playground":{"status":"observed-nearby","count":2,"nearestMeters":8,"coverage":"community-mapped-observations"},"toilet":{"status":"not-observed","count":0,"nearestMeters":null,"coverage":"community-mapped-observations"},"drinkingFountain":{"status":"observed-nearby","count":1,"nearestMeters":0,"coverage":"community-mapped-observations"},"dogRun":{"status":"not-observed","count":0,"nearestMeters":null,"coverage":"community-mapped-observations"}},"sourceId":"parks"}},{"type":"Feature","id":"copenhagen:2323","geometry":{"type":"Polygon","coordinates":[[[12.50615742,55.70083318],[12.50632564,55.70086846],[12.50629317,55.70090917],[12.50617217,55.70091912],[12.50615742,55.70083318]]]},"properties":{"id":"copenhagen:2323","name":"Bellahøjparken & Degnemosen","nameAddon":null,"objectNumber":"2323","district":"Brønshøj - Husum","locality":null,"type":"Lokale parker","areaM2":97702.1,"areaHa":9.77,"designation":null,"dedicated":null,"builtYear":null,"renovatedYear":null,"planningAreaId":null,"planningAreaName":null,"centroid":[12.50623,55.70088],"bounds":[12.50616,55.70083,12.50633,55.70092],"amenities":{"playground":{"status":"not-observed","count":0,"nearestMeters":null,"coverage":"community-mapped-observations"},"toilet":{"status":"not-observed","count":0,"nearestMeters":null,"coverage":"community-mapped-observations"},"drinkingFountain":{"status":"not-observed","count":0,"nearestMeters":null,"coverage":"community-mapped-observations"},"dogRun":{"status":"not-observed","count":0,"nearestMeters":null,"coverage":"community-mapped-observations"}},"sourceId":"parks"}},{"type":"Feature","id":"copenhagen:238","geometry":{"type":"Polygon","coordinates":[[[12.47008693,55.70685815],[12.47024925,55.70646463],[12.47075982,55.70653157],[12.47083065,55.70666908],[12.47062702,55.70697395],[12.47008693,55.70685815]]]},"properties":{"id":"copenhagen:238","name":"Erstatningsarealer","nameAddon":null,"objectNumber":"238","district":"Brønshøj - Husum","locality":null,"type":"Andet grønt område","areaM2":1800.8,"areaHa":0.18,"designation":null,"dedicated":null,"builtYear":null,"renovatedYear":null,"planningAreaId":null,"planningAreaName":null,"centroid":[12.470463,55.706712],"bounds":[12.47009,55.70646,12.47083,55.70697],"amenities":{"playground":{"status":"not-observed","count":0,"nearestMeters":null,"coverage":"community-mapped-observations"},"toilet":{"status":"not-observed","count":0,"nearestMeters":null,"coverage":"community-mapped-observations"},"drinkingFountain":{"status":"not-observed","count":0,"nearestMeters":null,"coverage":"community-mapped-observations"},"dogRun":{"status":"not-observed","count":0,"nearestMeters":null,"coverage":"community-mapped-observations"}},"sourceId":"parks"}},{"type":"Feature","id":"copenhagen:24","geometry":{"type":"Polygon","coordinates":[[[12.53129047,55.66194047],[12.53140852,55.66172336],[12.53168889,55.66164375],[12.5315192,55.66182649],[12.53198992,55.66195766],[12.53205633,55.66187986],[12.53291662,55.66211598],[12.53302582,55.66200651],[12.53449998,55.66240818],[12.53421961,55.66260358],[12.5341783,55.66257011],[12.53401007,55.66263072],[12.53374593,55.66266238],[12.53375479,55.66269767],[12.53334604,55.66272842],[12.5333121,55.66280351],[12.53344195,55.66285236],[12.5334449,55.66288764],[12.53225997,55.66292202],[12.53225111,55.66278813],[12.53246065,55.66277999],[12.53248869,55.6627429],[12.53220242,55.66265062],[12.53210798,55.66247693],[12.53208437,55.66220101],[12.53202386,55.66214131],[12.53129047,55.66194047]]]},"properties":{"id":"copenhagen:24","name":"Rektorparken","nameAddon":null,"objectNumber":"24","district":"Vesterbro","locality":null,"type":"Lokale parker","areaM2":11398.8,"areaHa":1.14,"designation":null,"dedicated":null,"builtYear":null,"renovatedYear":null,"planningAreaId":null,"planningAreaName":null,"centroid":[12.532902,55.662391],"bounds":[12.53129,55.66164,12.5345,55.66292],"amenities":{"playground":{"status":"observed-nearby","count":1,"nearestMeters":0,"coverage":"community-mapped-observations"},"toilet":{"status":"observed-nearby","count":1,"nearestMeters":14,"coverage":"community-mapped-observations"},"drinkingFountain":{"status":"not-observed","count":0,"nearestMeters":null,"coverage":"community-mapped-observations"},"dogRun":{"status":"not-observed","count":0,"nearestMeters":null,"coverage":"community-mapped-observations"}},"sourceId":"parks"}},{"type":"Feature","id":"copenhagen:245","geometry":{"type":"Polygon","coordinates":[[[12.52982812,55.70928985],[12.53141295,55.70929075],[12.53142033,55.70982721],[12.52983549,55.70982631],[12.52982812,55.70928985]]]},"properties":{"id":"copenhagen:245","name":"Landfogedvej","nameAddon":null,"objectNumber":"245","district":"Bispebjerg","locality":null,"type":"Andet grønt område","areaM2":5922.4,"areaHa":0.59,"designation":null,"dedicated":null,"builtYear":null,"renovatedYear":null,"planningAreaId":null,"planningAreaName":null,"centroid":[12.530624,55.709559],"bounds":[12.52983,55.70929,12.53142,55.70983],"amenities":{"playground":{"status":"observed-nearby","count":1,"nearestMeters":1,"coverage":"community-mapped-observations"},"toilet":{"status":"not-observed","count":0,"nearestMeters":null,"coverage":"community-mapped-observations"},"drinkingFountain":{"status":"not-observed","count":0,"nearestMeters":null,"coverage":"community-mapped-observations"},"dogRun":{"status":"not-observed","count":0,"nearestMeters":null,"coverage":"community-mapped-observations"}},"sourceId":"parks"}},{"type":"Feature","id":"copenhagen:247","geometry":{"type":"Polygon","coordinates":[[[12.57312479,55.63341143],[12.58019457,55.63255292],[12.58103716,55.63471956],[12.5794966,55.63491406],[12.57918081,55.63418401],[12.57374751,55.63487697],[12.57312479,55.63341143]]]},"properties":{"id":"copenhagen:247","name":"Ørestad City Park","nameAddon":null,"objectNumber":"247","district":"Amager Vest","locality":null,"type":"Lokale parker","areaM2":83520.5,"areaHa":8.35,"designation":null,"dedicated":null,"builtYear":null,"renovatedYear":null,"planningAreaId":null,"planningAreaName":null,"centroid":[12.577258,55.633782],"bounds":[12.57312,55.63255,12.58104,55.63491],"amenities":{"playground":{"status":"observed-nearby","count":10,"nearestMeters":0,"coverage":"community-mapped-observations"},"toilet":{"status":"observed-nearby","count":1,"nearestMeters":0,"coverage":"community-mapped-observations"},"drinkingFountain":{"status":"not-observed","count":0,"nearestMeters":null,"coverage":"community-mapped-observations"},"dogRun":{"status":"observed-nearby","count":1,"nearestMeters":0,"coverage":"community-mapped-observations"}},"sourceId":"parks"}},{"type":"Feature","id":"copenhagen:25","geometry":{"type":"Polygon","coordinates":[[[12.5036326,55.66226162],[12.50363408,55.66192871],[12.50373737,55.66180025],[12.50394986,55.6616926],[12.5039779,55.66187172],[12.50414907,55.66201556],[12.50416383,55.66230143],[12.5037477,55.66230505],[12.5036326,55.66226162]]]},"properties":{"id":"copenhagen:25","name":"Steins Plads","nameAddon":null,"objectNumber":"25","district":"Valby","locality":null,"type":"Lokale parker","areaM2":1688.8,"areaHa":0.17,"designation":null,"dedicated":null,"builtYear":null,"renovatedYear":null,"planningAreaId":null,"planningAreaName":null,"centroid":[12.503882,55.66206],"bounds":[12.50363,55.66169,12.50416,55.66231],"amenities":{"playground":{"status":"observed-nearby","count":1,"nearestMeters":0,"coverage":"community-mapped-observations"},"toilet":{"status":"not-observed","count":0,"nearestMeters":null,"coverage":"community-mapped-observations"},"drinkingFountain":{"status":"not-observed","count":0,"nearestMeters":null,"coverage":"community-mapped-observations"},"dogRun":{"status":"observed-nearby","count":1,"nearestMeters":0,"coverage":"community-mapped-observations"}},"sourceId":"parks"}},{"type":"Feature","id":"copenhagen:2535","geometry":{"type":"Polygon","coordinates":[[[12.48679115,55.71019088],[12.48679262,55.71015379],[12.48686493,55.71017912],[12.4868546,55.71020174],[12.48679115,55.71019088]]]},"properties":{"id":"copenhagen:2535","name":"Utterslev Mose","nameAddon":null,"objectNumber":"2535","district":"Brønshøj - Husum","locality":null,"type":"Naturområder","areaM2":1023347.5,"areaHa":102.33,"designation":null,"dedicated":null,"builtYear":null,"renovatedYear":null,"planningAreaId":null,"planningAreaName":null,"centroid":[12.486824,55.71018],"bounds":[12.48679,55.71015,12.48686,55.7102],"amenities":{"playground":{"status":"not-observed","count":0,"nearestMeters":null,"coverage":"community-mapped-observations"},"toilet":{"status":"not-observed","count":0,"nearestMeters":null,"coverage":"community-mapped-observations"},"drinkingFountain":{"status":"not-observed","count":0,"nearestMeters":null,"coverage":"community-mapped-observations"},"dogRun":{"status":"not-observed","count":0,"nearestMeters":null,"coverage":"community-mapped-observations"}},"sourceId":"parks"}},{"type":"Feature","id":"copenhagen:255","geometry":{"type":"Polygon","coordinates":[[[12.5321006,55.6649801],[12.53218028,55.66420843],[12.53214487,55.66373349],[12.5343539,55.66362674],[12.53453097,55.66377872],[12.53466821,55.66399222],[12.53467854,55.66418401],[12.53455753,55.66440565],[12.53486004,55.6644943],[12.53495743,55.66460105],[12.53504892,55.66500271],[12.53505187,55.66503076],[12.53456344,55.66504704],[12.53241491,55.66506333],[12.53241048,55.6649801],[12.5321006,55.6649801]]]},"properties":{"id":"copenhagen:255","name":"J.C. Jacobsens Have","nameAddon":null,"objectNumber":"255","district":"Vesterbro","locality":null,"type":"Haveanlæg","areaM2":25365.5,"areaHa":2.54,"designation":null,"dedicated":null,"builtYear":null,"renovatedYear":null,"planningAreaId":null,"planningAreaName":null,"centroid":[12.533481,55.664391],"bounds":[12.5321,55.66363,12.53505,55.66506],"amenities":{"playground":{"status":"not-observed","count":0,"nearestMeters":null,"coverage":"community-mapped-observations"},"toilet":{"status":"not-observed","count":0,"nearestMeters":null,"coverage":"community-mapped-observations"},"drinkingFountain":{"status":"not-observed","count":0,"nearestMeters":null,"coverage":"community-mapped-observations"},"dogRun":{"status":"not-observed","count":0,"nearestMeters":null,"coverage":"community-mapped-observations"}},"sourceId":"parks"}},{"type":"Feature","id":"copenhagen:2562","geometry":{"type":"Polygon","coordinates":[[[12.50756812,55.71784331],[12.50760059,55.71783879],[12.50762125,55.71785417],[12.50758436,55.71786684],[12.50756812,55.71784331]]]},"properties":{"id":"copenhagen:2562","name":"Utterslev Mose","nameAddon":null,"objectNumber":"2562","district":"Brønshøj - Husum","locality":null,"type":"Naturområder","areaM2":1023347.5,"areaHa":102.33,"designation":null,"dedicated":null,"builtYear":null,"renovatedYear":null,"planningAreaId":null,"planningAreaName":null,"centroid":[12.507593,55.717851],"bounds":[12.50757,55.71784,12.50762,55.71787],"amenities":{"playground":{"status":"not-observed","count":0,"nearestMeters":null,"coverage":"community-mapped-observations"},"toilet":{"status":"not-observed","count":0,"nearestMeters":null,"coverage":"community-mapped-observations"},"drinkingFountain":{"status":"not-observed","count":0,"nearestMeters":null,"coverage":"community-mapped-observations"},"dogRun":{"status":"not-observed","count":0,"nearestMeters":null,"coverage":"community-mapped-observations"}},"sourceId":"parks"}},{"type":"Feature","id":"copenhagen:2564","geometry":{"type":"Polygon","coordinates":[[[12.50747959,55.71781075],[12.50751205,55.71779537],[12.50756222,55.71781618],[12.50751057,55.71784693],[12.50747959,55.71781075]]]},"properties":{"id":"copenhagen:2564","name":"Utterslev Mose","nameAddon":null,"objectNumber":"2564","district":"Brønshøj - Husum","locality":null,"type":"Naturområder","areaM2":1023347.5,"areaHa":102.33,"designation":null,"dedicated":null,"builtYear":null,"renovatedYear":null,"planningAreaId":null,"planningAreaName":null,"centroid":[12.507518,55.717819],"bounds":[12.50748,55.7178,12.50756,55.71785],"amenities":{"playground":{"status":"not-observed","count":0,"nearestMeters":null,"coverage":"community-mapped-observations"},"toilet":{"status":"not-observed","count":0,"nearestMeters":null,"coverage":"community-mapped-observations"},"drinkingFountain":{"status":"not-observed","count":0,"nearestMeters":null,"coverage":"community-mapped-observations"},"dogRun":{"status":"not-observed","count":0,"nearestMeters":null,"coverage":"community-mapped-observations"}},"sourceId":"parks"}},{"type":"Feature","id":"copenhagen:2570","geometry":{"type":"MultiPolygon","coordinates":[[[[12.45304627,55.71222996],[12.45340485,55.70994029],[12.45863156,55.71041795],[12.45812542,55.71002714],[12.45821395,55.70999548],[12.45879683,55.71043333],[12.45891488,55.71044328],[12.46055874,55.71163108],[12.46046873,55.71222272],[12.45880716,55.71326036],[12.45724003,55.71406821],[12.45699803,55.71397684],[12.45563602,55.71363036],[12.45485835,55.71333363],[12.45304627,55.71222996]],[[12.4533414,55.71167993],[12.45338419,55.71198752],[12.4534624,55.71214402],[12.4536985,55.71236204],[12.45382393,55.71241451],[12.45422826,55.71240456],[12.4546798,55.71248869],[12.45492476,55.71269043],[12.45530842,55.71267867],[12.45574816,55.71273476],[12.45599017,55.71288312],[12.45611265,55.71290574],[12.45622332,55.71302515],[12.45616134,55.71321422],[12.45630153,55.71325222],[12.45665568,55.71320065],[12.4568239,55.71311109],[12.45684309,55.7130152],[12.4570482,55.71298715],[12.45728578,55.71279718],[12.45767387,55.71279265],[12.45798818,55.71266419],[12.45823609,55.71269586],[12.45863746,55.71265515],[12.45873633,55.71261082],[12.45875551,55.71254388],[12.45868616,55.71251312],[12.4586655,55.71242356],[12.45881601,55.71209969],[12.45871272,55.71179211],[12.45893849,55.71142301],[12.45900194,55.71113805],[12.45886914,55.71086575],[12.45830692,55.71076805],[12.45797047,55.71078343],[12.45761632,55.71067035],[12.45690506,55.71068572],[12.45648893,55.71051656],[12.45633989,55.71049756],[12.45611265,55.7105446],[12.45574226,55.71071739],[12.45556076,55.71070925],[12.45538811,55.71061154],[12.45516086,55.71025963],[12.45477424,55.71030668],[12.45432417,55.7101357],[12.45420465,55.7101357],[12.45411463,55.71017822],[12.45408069,55.71015379],[12.45404823,55.71018817],[12.45395379,55.71017731],[12.45384312,55.71026144],[12.4537531,55.71054008],[12.4538077,55.71057445],[12.45388738,55.71055365],[12.45390362,55.71062421],[12.45356717,55.71068482],[12.45342256,55.71101321],[12.45344322,55.71143297],[12.4533414,55.71167993]],[[12.45347273,55.71055365],[12.45352143,55.71057898],[12.45369408,55.71014384],[12.4536262,55.71011308],[12.45353471,55.71017369],[12.45348011,55.71035734],[12.45347273,55.71055365]]],[[[12.45348158,55.71171341],[12.45353766,55.7116537],[12.45359816,55.71132441],[12.45355094,55.7111082],[12.45357012,55.71094174],[12.45362325,55.7108947],[12.45403642,55.71075629],[12.45410725,55.71083228],[12.45443485,55.71091822],[12.45450125,55.71120228],[12.45487459,55.71137688],[12.45530105,55.71129908],[12.45539106,55.71123213],[12.45535564,55.71116338],[12.4552007,55.71111543],[12.45509888,55.71116881],[12.45496608,55.71116971],[12.45475211,55.71110458],[12.45470784,55.71075448],[12.45448649,55.71065949],[12.4543891,55.71044599],[12.45417366,55.71031934],[12.45417218,55.71026144],[12.45431827,55.71024606],[12.45487016,55.71039262],[12.45505757,55.71033201],[12.45513725,55.71034558],[12.45527006,55.7106414],[12.45517414,55.71078433],[12.45520218,55.71082956],[12.45538663,55.71079247],[12.45551501,55.71080152],[12.4555401,55.71083771],[12.45590015,55.71075719],[12.45619085,55.71059888],[12.45637974,55.71057898],[12.45666158,55.71069206],[12.45692425,55.71074],[12.45753073,55.71074181],[12.45793506,55.71086756],[12.45871567,55.71090013],[12.45884258,55.71120409],[12.45865812,55.71133345],[12.45869058,55.71141306],[12.45854155,55.71152253],[12.45865074,55.71160847],[12.45856811,55.71176859],[12.45868173,55.71211055],[12.45856811,55.71233942],[12.45840431,55.71242627],[12.45836299,55.71252759],[12.45824199,55.71257554],[12.45786275,55.71260991],[12.45711903,55.71276732],[12.45690949,55.71277908],[12.45641368,55.71294735],[12.45608313,55.71277004],[12.45561978,55.71259996],[12.4552494,55.71259544],[12.45527891,55.71244436],[12.45519037,55.71236928],[12.45496312,55.71239642],[12.45454552,55.71224625],[12.45407627,55.71225891],[12.45377524,55.71223177],[12.45365423,55.71218021],[12.45358488,55.71212231],[12.45348158,55.71171341]]],[[[12.45405413,55.71052198],[12.45412791,55.71045956],[12.45423121,55.71049122],[12.45418399,55.71055274],[12.45405413,55.71052198]]]]},"properties":{"id":"copenhagen:2570","name":"Kagsmosen","nameAddon":null,"objectNumber":"2570","district":"Brønshøj - Husum","locality":null,"type":"Naturområder","areaM2":132204,"areaHa":13.22,"designation":null,"dedicated":null,"builtYear":null,"renovatedYear":null,"planningAreaId":null,"planningAreaName":null,"centroid":[12.456706,55.711882],"bounds":[12.45305,55.70994,12.46056,55.71407],"amenities":{"playground":{"status":"not-observed","count":0,"nearestMeters":null,"coverage":"community-mapped-observations"},"toilet":{"status":"not-observed","count":0,"nearestMeters":null,"coverage":"community-mapped-observations"},"drinkingFountain":{"status":"not-observed","count":0,"nearestMeters":null,"coverage":"community-mapped-observations"},"dogRun":{"status":"not-observed","count":0,"nearestMeters":null,"coverage":"community-mapped-observations"}},"sourceId":"parks"}},{"type":"Feature","id":"copenhagen:2571","geometry":{"type":"MultiPolygon","coordinates":[[[[12.4533414,55.71167993],[12.45344322,55.71143297],[12.45340042,55.71123394],[12.45345945,55.71085489],[12.45353766,55.71079428],[12.45356717,55.71068482],[12.45390362,55.71062421],[12.45388738,55.71055365],[12.4538077,55.71057445],[12.4537531,55.71054008],[12.45386377,55.71023883],[12.45395379,55.71017731],[12.45404823,55.71018817],[12.45406741,55.7101565],[12.45411463,55.71017822],[12.45422088,55.71013841],[12.45432417,55.7101357],[12.45477424,55.71030668],[12.45516086,55.71025963],[12.45538811,55.71061154],[12.45556076,55.71070925],[12.45574226,55.71071739],[12.45611265,55.7105446],[12.45633989,55.71049756],[12.45648893,55.71051656],[12.45690506,55.71068572],[12.45761632,55.71067035],[12.45797047,55.71078343],[12.45830692,55.71076805],[12.45886914,55.71086575],[12.45900194,55.71113805],[12.45893849,55.71142301],[12.45871272,55.71179211],[12.45881601,55.71209969],[12.4586655,55.71242356],[12.45868616,55.71251312],[12.45875551,55.71254388],[12.45873633,55.71261082],[12.45863746,55.71265515],[12.45823609,55.71269586],[12.45798818,55.71266419],[12.45767387,55.71279265],[12.45728578,55.71279718],[12.4570482,55.71298715],[12.45684309,55.7130152],[12.4568239,55.71311109],[12.45665568,55.71320065],[12.45630153,55.71325222],[12.45616134,55.71321422],[12.45622332,55.71302515],[12.45611265,55.71290574],[12.45599017,55.71288312],[12.45574816,55.71273476],[12.45530842,55.71267867],[12.45492476,55.71269043],[12.4546798,55.71248869],[12.45422826,55.71240456],[12.45382393,55.71241451],[12.4536985,55.71236204],[12.4534624,55.71214402],[12.45335468,55.71183282],[12.4533414,55.71167993]],[[12.45348158,55.71171341],[12.45358488,55.71212231],[12.45365423,55.71218021],[12.45377524,55.71223177],[12.45407627,55.71225891],[12.45454552,55.71224625],[12.45496312,55.71239642],[12.45519037,55.71236928],[12.45527891,55.71244436],[12.4552494,55.71259544],[12.45561978,55.71259996],[12.45608313,55.71277004],[12.45641368,55.71294735],[12.45690949,55.71277908],[12.45711903,55.71276732],[12.45786275,55.71260991],[12.45824199,55.71257554],[12.45836299,55.71252759],[12.45840431,55.71242627],[12.45856811,55.71233942],[12.45868173,55.71211055],[12.45856811,55.71176859],[12.45865074,55.71160847],[12.45854155,55.71152253],[12.45869058,55.71141306],[12.45865812,55.71133345],[12.45884258,55.71120409],[12.45871567,55.71090013],[12.45793506,55.71086756],[12.45753073,55.71074181],[12.45692425,55.71074],[12.45666158,55.71069206],[12.45637974,55.71057898],[12.45619085,55.71059888],[12.45590015,55.71075719],[12.4555401,55.71083771],[12.45551501,55.71080152],[12.45538663,55.71079247],[12.45520218,55.71082956],[12.45517414,55.71078433],[12.45527006,55.7106414],[12.45513725,55.71034558],[12.45505757,55.71033201],[12.45487016,55.71039262],[12.45423121,55.71024968],[12.45417218,55.71026144],[12.45417366,55.71031934],[12.4543891,55.71044599],[12.45448649,55.71065949],[12.45470784,55.71075448],[12.45475211,55.71110458],[12.45496608,55.71116971],[12.45509888,55.71116881],[12.4552007,55.71111543],[12.45535564,55.71116338],[12.45539106,55.71123213],[12.45530105,55.71129908],[12.45487459,55.71137688],[12.45450125,55.71120228],[12.45443485,55.71091822],[12.45410725,55.71083228],[12.45403642,55.71075629],[12.45362325,55.7108947],[12.45357012,55.71094174],[12.45355094,55.7111082],[12.45359816,55.71132441],[12.45353766,55.7116537],[12.45348158,55.71171341]],[[12.45405413,55.71052198],[12.45418399,55.71055274],[12.45423121,55.71049122],[12.45412791,55.71045956],[12.45405413,55.71052198]]],[[[12.45347273,55.71055365],[12.45348011,55.71035734],[12.45353471,55.71017369],[12.4536262,55.71011308],[12.45369408,55.71014384],[12.45352143,55.71057898],[12.45347273,55.71055365]]]]},"properties":{"id":"copenhagen:2571","name":"Kagsmosen","nameAddon":null,"objectNumber":"2571","district":"Brønshøj - Husum","locality":null,"type":"Naturområder","areaM2":132204,"areaHa":13.22,"designation":null,"dedicated":null,"builtYear":null,"renovatedYear":null,"planningAreaId":null,"planningAreaName":null,"centroid":[12.455715,55.711577],"bounds":[12.45334,55.71011,12.459,55.71325],"amenities":{"playground":{"status":"not-observed","count":0,"nearestMeters":null,"coverage":"community-mapped-observations"},"toilet":{"status":"not-observed","count":0,"nearestMeters":null,"coverage":"community-mapped-observations"},"drinkingFountain":{"status":"not-observed","count":0,"nearestMeters":null,"coverage":"community-mapped-observations"},"dogRun":{"status":"not-observed","count":0,"nearestMeters":null,"coverage":"community-mapped-observations"}},"sourceId":"parks"}},{"type":"Feature","id":"copenhagen:259","geometry":{"type":"MultiPolygon","coordinates":[[[[12.57108546,55.66341777],[12.57175835,55.6631328],[12.5744691,55.66517822],[12.57379621,55.66546318],[12.57108546,55.66341777]]],[[[12.57162112,55.66279084],[12.57194133,55.66265424],[12.57164325,55.66243622],[12.57213907,55.66222634],[12.57190297,55.6620436],[12.5720343,55.66197666],[12.57208742,55.66201285],[12.57233385,55.66195314],[12.57216563,55.66182558],[12.57232057,55.66176135],[12.57226302,55.6617125],[12.57257586,55.66158042],[12.57216563,55.66126741],[12.5723855,55.66117152],[12.57249765,55.66126018],[12.57273228,55.661167],[12.57278392,55.6612068],[12.57282524,55.66119052],[12.57257291,55.66099692],[12.57297133,55.66082414],[12.57247109,55.66044056],[12.57274851,55.66031482],[12.57314693,55.66061607],[12.57334171,55.66055003],[12.5736516,55.66078795],[12.57414151,55.66093993],[12.57309233,55.66138502],[12.57407806,55.66212864],[12.5740574,55.66219739],[12.57381097,55.66230233],[12.57367668,55.66229057],[12.57315431,55.66187715],[12.57292706,55.66197395],[12.57286951,55.66220373],[12.57274556,55.66225529],[12.57293886,55.66240094],[12.57275589,55.66248055],[12.57333138,55.66291659],[12.57305101,55.66306224],[12.57298461,55.66300796],[12.57293001,55.66302786],[12.57259357,55.66276371],[12.57241649,55.66283517],[12.57254634,55.66293287],[12.57207709,55.6631319],[12.57162112,55.66279084]]]]},"properties":{"id":"copenhagen:259","name":"Havnestaden","nameAddon":null,"objectNumber":"259","district":"Amager Vest","locality":null,"type":"Andet grønt område","areaM2":35079.8,"areaHa":3.51,"designation":null,"dedicated":null,"builtYear":null,"renovatedYear":null,"planningAreaId":null,"planningAreaName":null,"centroid":[12.572805,55.662897],"bounds":[12.57109,55.66031,12.57447,55.66546],"amenities":{"playground":{"status":"observed-nearby","count":4,"nearestMeters":0,"coverage":"community-mapped-observations"},"toilet":{"status":"observed-nearby","count":2,"nearestMeters":0,"coverage":"community-mapped-observations"},"drinkingFountain":{"status":"observed-nearby","count":1,"nearestMeters":44,"coverage":"community-mapped-observations"},"dogRun":{"status":"not-observed","count":0,"nearestMeters":null,"coverage":"community-mapped-observations"}},"sourceId":"parks"}},{"type":"Feature","id":"copenhagen:2600","geometry":{"type":"MultiPolygon","coordinates":[[[[12.51309144,55.7178017],[12.51313275,55.71777728],[12.51382335,55.7177628],[12.5144077,55.71769495],[12.51604123,55.71726072],[12.51731028,55.71701375],[12.51828125,55.71689162],[12.51937175,55.71683192],[12.51949865,55.71683011],[12.5195016,55.7168862],[12.51906777,55.7178605],[12.51912532,55.71797539],[12.51931567,55.71812918],[12.51988675,55.71836258],[12.52071458,55.71849376],[12.52627921,55.71886195],[12.52679421,55.71860503],[12.52750104,55.7187932],[12.52807653,55.7190076],[12.52899733,55.71948797],[12.5296171,55.71999186],[12.52969236,55.72020988],[12.52956545,55.72098516],[12.5289929,55.7209535],[12.52889699,55.72106568],[12.52810605,55.72118057],[12.52798209,55.72088113],[12.52751874,55.72088565],[12.52715426,55.72082685],[12.52689602,55.72071648],[12.52653007,55.72048308],[12.52623789,55.72037091],[12.52578044,55.72028949],[12.52519904,55.72034558],[12.52501901,55.72042157],[12.52443171,55.72096526],[12.52424578,55.72094898],[12.52410412,55.72106206],[12.52413511,55.72111996],[12.52358912,55.72163561],[12.52357879,55.72168627],[12.52364519,55.72171883],[12.52338991,55.7219269],[12.52298411,55.72246969],[12.52302395,55.72250769],[12.52257093,55.7224706],[12.52265504,55.72228695],[12.52258126,55.72197666],[12.52305051,55.72182739],[12.52391966,55.72074815],[12.5246501,55.72023702],[12.52475635,55.71990139],[12.52515625,55.71993487],[12.52540415,55.7198842],[12.52618624,55.72006152],[12.52626298,55.72013479],[12.52631167,55.72008232],[12.52653597,55.72012213],[12.52698604,55.72030849],[12.52722362,55.72053284],[12.52741102,55.72063778],[12.52759105,55.72068844],[12.52771353,55.72068392],[12.52775485,55.72073186],[12.52780059,55.72072282],[12.52778583,55.72065949],[12.52841741,55.72040981],[12.52869483,55.72018636],[12.52877303,55.71999186],[12.52873614,55.71979284],[12.5289929,55.71976389],[12.52900766,55.71971504],[12.52861662,55.71965171],[12.52830231,55.71937941],[12.52802046,55.71922291],[12.52752022,55.71903926],[12.52705392,55.71901936],[12.52648137,55.71905012],[12.52474012,55.71897413],[12.52378538,55.71885381],[12.52238648,55.71883029],[12.52171211,55.71873168],[12.52056997,55.71865026],[12.51998857,55.71856975],[12.51930092,55.71833997],[12.51874608,55.71798715],[12.51864131,55.7173937],[12.51897628,55.71721096],[12.51904563,55.71710693],[12.51898808,55.7170626],[12.51834323,55.71739642],[12.51752425,55.71754388],[12.51734865,55.71752578],[12.51723798,55.7174326],[12.51720256,55.717296],[12.51704614,55.71721639],[12.51693842,55.71719287],[12.51656066,55.71727248],[12.51646032,55.71735119],[12.51654443,55.71770128],[12.51524734,55.71804143],[12.51511158,55.71814909],[12.51424834,55.71852542],[12.51393255,55.71885471],[12.51337771,55.71884748],[12.51329655,55.71837525],[12.51309144,55.7178017]]],[[[12.51310914,55.71985073],[12.51330835,55.71935589],[12.51335853,55.71897051],[12.51365808,55.71901845],[12.51376875,55.71908269],[12.51369054,55.71931066],[12.51378499,55.71976931],[12.51374957,55.71980188],[12.51384549,55.71983897],[12.51431474,55.72035824],[12.51442394,55.7207002],[12.51473382,55.7213036],[12.51521635,55.72146191],[12.51620208,55.7220436],[12.51605894,55.72218473],[12.51538458,55.72248417],[12.51538162,55.72255925],[12.51626996,55.72217297],[12.51698269,55.72241542],[12.51774117,55.72249412],[12.51801859,55.72242265],[12.51984543,55.72236023],[12.52059948,55.72218563],[12.52155864,55.72222363],[12.52219317,55.72215669],[12.52230827,55.72222182],[12.52242779,55.72246427],[12.52139485,55.72246246],[12.51464971,55.72269767],[12.51472349,55.72214131],[12.51445788,55.72153519],[12.51418341,55.72111634],[12.51384844,55.72082956],[12.51354151,55.72042157],[12.51348543,55.72013298],[12.5135843,55.71996743],[12.5134751,55.71986792],[12.51310914,55.71985073]]],[[[12.51384106,55.71929528],[12.51392074,55.71909173],[12.51402109,55.7190863],[12.51454346,55.7192021],[12.51514405,55.71940474],[12.51564724,55.71962367],[12.51571217,55.71969061],[12.51589072,55.71973584],[12.51629357,55.71997738],[12.51630537,55.7200398],[12.51661526,55.72029492],[12.51692809,55.72078885],[12.51743276,55.72139949],[12.51766739,55.72203275],[12.51788873,55.72226705],[12.51785627,55.72232585],[12.51772936,55.72236023],[12.51730438,55.72235933],[12.51678643,55.72226886],[12.51495664,55.72117333],[12.5144018,55.72023159],[12.51389271,55.71962095],[12.51384106,55.71929528]]],[[[12.51411848,55.71891713],[12.51413176,55.71881672],[12.51429408,55.71860232],[12.51514405,55.71822779],[12.51538753,55.71806948],[12.51669199,55.71777999],[12.51685874,55.7181916],[12.51683218,55.7183264],[12.51669937,55.71850914],[12.51637325,55.71862312],[12.51614158,55.71878867],[12.51582874,55.71882757],[12.51574758,55.71881581],[12.51570184,55.71876153],[12.51538162,55.7188131],[12.51507469,55.71879139],[12.51481646,55.71893251],[12.5146261,55.71896599],[12.51411848,55.71891713]]],[[[12.51507764,55.71359417],[12.51620651,55.71290845],[12.51669642,55.71265967],[12.51809975,55.71390809],[12.51881248,55.71471232],[12.51881986,55.71479645],[12.51872542,55.71489416],[12.51751245,55.71532206],[12.5173029,55.71549032],[12.51700187,55.716186],[12.51708303,55.71624299],[12.51855129,55.71668265],[12.51877559,55.71679663],[12.51803482,55.71685996],[12.51660493,55.71710241],[12.51614305,55.71486792],[12.51579038,55.71407092],[12.51507764,55.71359417]]],[[[12.51539786,55.72286412],[12.52185672,55.72264791],[12.5223791,55.72266058],[12.52163685,55.72358332],[12.52177409,55.7243188],[12.52237024,55.72512936],[12.52255175,55.72569206],[12.52286753,55.72606025],[12.52333679,55.7264583],[12.52335154,55.72734123],[12.52331023,55.72742084],[12.52318184,55.72745884],[12.52123548,55.7277628],[12.51967425,55.72750678],[12.519084,55.7271983],[12.51847013,55.72676316],[12.5178061,55.72606387],[12.51546574,55.7228994],[12.51539786,55.72286412]],[[12.51725864,55.72287588],[12.51737521,55.72292835],[12.51741063,55.72305772],[12.51750802,55.72309481],[12.51755081,55.72320246],[12.51767034,55.72324407],[12.51770871,55.72332097],[12.51779872,55.72330921],[12.51781052,55.72312466],[12.51788283,55.72308033],[12.51829896,55.72306586],[12.5183816,55.72300706],[12.51825764,55.72291207],[12.51794333,55.72283336],[12.51740472,55.72282613],[12.51725864,55.72287588]],[[12.51749031,55.72478198],[12.51791529,55.72493396],[12.51799498,55.72502804],[12.51798613,55.72511308],[12.51822961,55.72509408],[12.51829601,55.72500181],[12.51806876,55.72467614],[12.51809385,55.72457391],[12.51798613,55.72445088],[12.51781495,55.72442555],[12.51753015,55.72461552],[12.51749031,55.72478198]],[[12.52009481,55.72659218],[12.52012285,55.72667632],[12.52021876,55.72670074],[12.52029845,55.72669622],[12.52038256,55.7266338],[12.52026598,55.72653429],[12.52011842,55.72655238],[12.52009481,55.72659218]],[[12.52019073,55.72556993],[12.52026746,55.72564502],[12.52045487,55.72559345],[12.52040617,55.72551656],[12.52030435,55.72549846],[12.52019073,55.72556993]],[[12.52040765,55.72316175],[12.52048143,55.72328117],[12.52086952,55.72337615],[12.52096839,55.72336258],[12.52101561,55.72330921],[12.52099052,55.72321332],[12.52121925,55.72303148],[12.52115137,55.72293287],[12.52100675,55.72292111],[12.52078393,55.72303691],[12.52078688,55.72316356],[12.52063785,55.72314818],[12.52071015,55.72310114],[12.52067474,55.72302786],[12.52047553,55.72306314],[12.52040765,55.72316175]],[[12.52080312,55.72593722],[12.52101266,55.72598245],[12.52108939,55.72585399],[12.52103627,55.72580333],[12.52094773,55.72579609],[12.52083706,55.72584042],[12.52080312,55.72593722]],[[12.5208164,55.72644201],[12.520871,55.72652253],[12.52106578,55.72650624],[12.52107021,55.7264004],[12.52097724,55.72635697],[12.5208164,55.72644201]]],[[[12.51740177,55.71769405],[12.5183934,55.71750588],[12.51848341,55.71755745],[12.51852768,55.71771395],[12.51854096,55.71812828],[12.51918582,55.71848109],[12.52017892,55.71876153],[12.52002398,55.71895603],[12.51953997,55.71916772],[12.51935257,55.71916048],[12.51879477,55.71903474],[12.51850555,55.71905916],[12.51836536,55.71903383],[12.51812188,55.71893704],[12.5179758,55.71877963],[12.51740177,55.71769405]]],[[[12.51870033,55.72135064],[12.51876821,55.72125746],[12.51889807,55.72122128],[12.51929059,55.72125746],[12.51964031,55.72140311],[12.51994872,55.72128098],[12.52028222,55.7213027],[12.52068507,55.72144292],[12.52127975,55.72154967],[12.52149814,55.72166637],[12.52159849,55.72166275],[12.52199691,55.7218482],[12.52213414,55.7220047],[12.5219733,55.72206984],[12.52153208,55.72214945],[12.52053308,55.72206622],[12.51994872,55.72223268],[12.51932158,55.72223991],[12.51926403,55.72217026],[12.51935552,55.72201104],[12.51934666,55.72175231],[12.51928173,55.72174236],[12.51916664,55.72162927],[12.51907957,55.72148091],[12.51881838,55.72147367],[12.51870033,55.72135064]]],[[[12.51901464,55.72018636],[12.51904416,55.72011037],[12.51913122,55.72009499],[12.51908843,55.72007961],[12.51933633,55.7199032],[12.51968016,55.71974489],[12.5198956,55.71971051],[12.52033239,55.71977384],[12.5203501,55.71981093],[12.52027041,55.71983716],[12.52038404,55.7198435],[12.52032206,55.71986792],[12.52046224,55.71990954],[12.52042535,55.71998914],[12.5203014,55.72001357],[12.52051094,55.72005157],[12.52055521,55.72017098],[12.52047257,55.7201954],[12.52037076,55.72033472],[12.52018335,55.72042338],[12.52021286,55.7204469],[12.52005644,55.72050208],[12.51980263,55.7205256],[12.51941602,55.72043061],[12.51924632,55.72032929],[12.51921386,55.7202325],[12.51913417,55.72024697],[12.51901464,55.72018636]]],[[[12.52066146,55.72073277],[12.52074409,55.72053012],[12.52124138,55.72012303],[12.52180212,55.71993125],[12.52238648,55.7198643],[12.52358322,55.72004704],[12.52438892,55.72002895],[12.52453205,55.72004252],[12.52455566,55.72007509],[12.52442138,55.72024968],[12.52380309,55.7206613],[12.52293984,55.72170979],[12.52281294,55.72178306],[12.5225001,55.72185725],[12.52091674,55.72105392],[12.52066146,55.72073277]]],[[[12.52223891,55.71905916],[12.52228171,55.71902479],[12.52279818,55.71906097],[12.52325563,55.71899041],[12.523536,55.71901122],[12.5232025,55.71909806],[12.52296197,55.71922652],[12.52279818,55.71925005],[12.52256503,55.71921657],[12.52223891,55.71905916]]],[[[12.52304904,55.72601773],[12.52317152,55.72598788],[12.52329252,55.72603492],[12.52555172,55.72634883],[12.52532152,55.72660213],[12.52375292,55.7263416],[12.52370127,55.72748236],[12.52341647,55.72752669],[12.52349911,55.72743441],[12.52351681,55.72658857],[12.52347402,55.72640764],[12.52304904,55.72601773]]],[[[12.52459993,55.71912611],[12.52465896,55.7190854],[12.52567272,55.71909083],[12.52582914,55.7191433],[12.52483751,55.71921386],[12.52476373,55.71924914],[12.52459993,55.71912611]]],[[[12.52569486,55.71980098],[12.52578487,55.71977746],[12.5260313,55.71982178],[12.52614788,55.7197666],[12.52626888,55.71979736],[12.52640906,55.71994663],[12.52626298,55.71997377],[12.52610508,55.71989506],[12.52592505,55.71988059],[12.52569486,55.71980098]]],[[[12.52673961,55.71925457],[12.52676322,55.71919848],[12.52703621,55.71915053],[12.5275335,55.71917405],[12.52784486,55.719241],[12.52820491,55.71943731],[12.5283938,55.71962728],[12.52805292,55.71964085],[12.52765745,55.71956939],[12.52746414,55.71951058],[12.52716311,55.71933327],[12.52673961,55.71925457]]],[[[12.52723099,55.72034196],[12.52725165,55.72029944],[12.52750841,55.72038357],[12.52761614,55.7205066],[12.52762351,55.72059797],[12.52736675,55.72049303],[12.52723099,55.72034196]]],[[[12.52770025,55.72030306],[12.5280662,55.72008685],[12.52815917,55.71980369],[12.52833625,55.71976931],[12.52850742,55.71977474],[12.52860776,55.71984711],[12.52861367,55.72011037],[12.52819754,55.72039714],[12.52778288,55.72055003],[12.52770025,55.72030306]]],[[[12.53205043,55.72501447],[12.53354525,55.72497286],[12.53357623,55.72520807],[12.53636224,55.72511218],[12.53809169,55.72478017],[12.53746454,55.72642754],[12.53754422,55.72656957],[12.53810202,55.72643839],[12.53825105,55.7263425],[12.53826876,55.72627284],[12.53838239,55.72622309],[12.53894756,55.72485797],[12.53899625,55.72478107],[12.53906708,55.72478288],[12.53840157,55.72641578],[12.53576756,55.72703275],[12.535105,55.72711417],[12.53317339,55.72697937],[12.53224669,55.72702099],[12.53205043,55.72501447]]]]},"properties":{"id":"copenhagen:2600","name":"Utterslev Mose","nameAddon":null,"objectNumber":"2600","district":"Bispebjerg","locality":null,"type":"Naturområder","areaM2":540333.1,"areaHa":54.03,"designation":null,"dedicated":null,"builtYear":null,"renovatedYear":null,"planningAreaId":null,"planningAreaName":null,"centroid":[12.521658,55.722077],"bounds":[12.51309,55.71266,12.53907,55.72776],"amenities":{"playground":{"status":"observed-nearby","count":4,"nearestMeters":0,"coverage":"community-mapped-observations"},"toilet":{"status":"observed-nearby","count":1,"nearestMeters":0,"coverage":"community-mapped-observations"},"drinkingFountain":{"status":"observed-nearby","count":2,"nearestMeters":0,"coverage":"community-mapped-observations"},"dogRun":{"status":"not-observed","count":0,"nearestMeters":null,"coverage":"community-mapped-observations"}},"sourceId":"parks"}},{"type":"Feature","id":"copenhagen:2603","geometry":{"type":"Polygon","coordinates":[[[12.51146233,55.71123394],[12.5122518,55.71093722],[12.51234329,55.71094084],[12.51248938,55.71059164],[12.51256906,55.71012484],[12.51245248,55.70953863],[12.51222229,55.7091243],[12.5118578,55.70872987],[12.51196257,55.70870545],[12.51249823,55.70941741],[12.51265907,55.71008594],[12.51255873,55.71067487],[12.51210276,55.71173512],[12.51200537,55.71172788],[12.51146233,55.71123394]]]},"properties":{"id":"copenhagen:2603","name":"Hyrdevangen","nameAddon":null,"objectNumber":"2603","district":"Brønshøj - Husum","locality":null,"type":"Andet grønt område","areaM2":4311,"areaHa":0.43,"designation":null,"dedicated":null,"builtYear":null,"renovatedYear":null,"planningAreaId":null,"planningAreaName":null,"centroid":[12.51214,55.71081],"bounds":[12.51146,55.70871,12.51266,55.71174],"amenities":{"playground":{"status":"not-observed","count":0,"nearestMeters":null,"coverage":"community-mapped-observations"},"toilet":{"status":"not-observed","count":0,"nearestMeters":null,"coverage":"community-mapped-observations"},"drinkingFountain":{"status":"not-observed","count":0,"nearestMeters":null,"coverage":"community-mapped-observations"},"dogRun":{"status":"not-observed","count":0,"nearestMeters":null,"coverage":"community-mapped-observations"}},"sourceId":"parks"}},{"type":"Feature","id":"copenhagen:2604","geometry":{"type":"Polygon","coordinates":[[[12.49787024,55.70451511],[12.4979027,55.7035797],[12.49836752,55.70356975],[12.4984354,55.70353175],[12.49844868,55.70336982],[12.49853132,55.70337163],[12.49857264,55.70318618],[12.49792778,55.70317351],[12.4979027,55.70276823],[12.49803108,55.70277275],[12.49886629,55.7031138],[12.49903009,55.70321513],[12.49907436,55.7033273],[12.49899172,55.70395875],[12.49890761,55.70397684],[12.49888842,55.70403745],[12.49897991,55.704222],[12.49896073,55.70432785],[12.49843836,55.70437941],[12.49787024,55.70451511]],[[12.49803698,55.70305229],[12.49819045,55.70312828],[12.49847377,55.70312195],[12.49852394,55.70308667],[12.49812257,55.70292383],[12.49804436,55.70294916],[12.49803698,55.70305229]]]},"properties":{"id":"copenhagen:2604","name":"Brønshøj Torv","nameAddon":null,"objectNumber":"2604","district":"Brønshøj - Husum","locality":null,"type":"Lokale parker","areaM2":9780.5,"areaHa":0.98,"designation":null,"dedicated":null,"builtYear":null,"renovatedYear":null,"planningAreaId":null,"planningAreaName":null,"centroid":[12.498457,55.703746],"bounds":[12.49787,55.70277,12.49907,55.70452],"amenities":{"playground":{"status":"observed-nearby","count":1,"nearestMeters":0,"coverage":"community-mapped-observations"},"toilet":{"status":"observed-nearby","count":1,"nearestMeters":0,"coverage":"community-mapped-observations"},"drinkingFountain":{"status":"observed-nearby","count":1,"nearestMeters":0,"coverage":"community-mapped-observations"},"dogRun":{"status":"not-observed","count":0,"nearestMeters":null,"coverage":"community-mapped-observations"}},"sourceId":"parks"}},{"type":"Feature","id":"copenhagen:2605","geometry":{"type":"Polygon","coordinates":[[[12.49802813,55.70297811],[12.49807535,55.70292926],[12.4981447,55.70292926],[12.49849,55.70305138],[12.49851509,55.70310838],[12.4983026,55.7031319],[12.49809158,55.70310747],[12.49802813,55.70297811]]]},"properties":{"id":"copenhagen:2605","name":"Brønshøj Torv","nameAddon":null,"objectNumber":"2605","district":"Brønshøj - Husum","locality":null,"type":"Lokale parker","areaM2":9780.5,"areaHa":0.98,"designation":null,"dedicated":null,"builtYear":null,"renovatedYear":null,"planningAreaId":null,"planningAreaName":null,"centroid":[12.498244,55.703042],"bounds":[12.49803,55.70293,12.49852,55.70313],"amenities":{"playground":{"status":"observed-nearby","count":1,"nearestMeters":14,"coverage":"community-mapped-observations"},"toilet":{"status":"not-observed","count":0,"nearestMeters":null,"coverage":"community-mapped-observations"},"drinkingFountain":{"status":"not-observed","count":0,"nearestMeters":null,"coverage":"community-mapped-observations"},"dogRun":{"status":"not-observed","count":0,"nearestMeters":null,"coverage":"community-mapped-observations"}},"sourceId":"parks"}},{"type":"Feature","id":"copenhagen:2623","geometry":{"type":"MultiPolygon","coordinates":[[[[12.54560711,55.7220626],[12.54561891,55.72201646],[12.54655447,55.72155057],[12.54894352,55.72148363],[12.54945262,55.72153157],[12.55005911,55.72166817],[12.54972414,55.72174236],[12.54946737,55.72163289],[12.54916782,55.72157952],[12.54854805,55.72170255],[12.54810093,55.72173783],[12.54731737,55.72164194],[12.54704438,55.72166456],[12.54678319,55.72229962],[12.5468732,55.72269224],[12.54628442,55.72272028],[12.54616047,55.72275737],[12.54560711,55.7220626]]],[[[12.54618851,55.72279356],[12.5463464,55.72274652],[12.54686583,55.72274742],[12.54697945,55.72292654],[12.54706356,55.72297087],[12.54750478,55.72300977],[12.54779695,55.72297901],[12.54817324,55.72303239],[12.54875464,55.72333544],[12.54933014,55.72357065],[12.54956624,55.72369097],[12.54955296,55.72372897],[12.54941573,55.72370092],[12.54877973,55.72341505],[12.54811126,55.72306495],[12.54786926,55.72302334],[12.54738082,55.72305138],[12.5469824,55.72300796],[12.54681123,55.72279899],[12.54630508,55.7228017],[12.54625786,55.72286684],[12.54618851,55.72279356]]],[[[12.54861593,55.72320517],[12.54862921,55.72312737],[12.5487148,55.72314366],[12.54872513,55.72319522],[12.54861593,55.72320517]]],[[[12.54874431,55.72274199],[12.54874579,55.72270762],[12.54878858,55.72271395],[12.5488299,55.72274742],[12.54874431,55.72274199]]],[[[12.55243341,55.72249141],[12.55290266,55.72256649],[12.55291151,55.72253935],[12.55348258,55.72257102],[12.55406103,55.72256378],[12.55405366,55.72249322],[12.55418056,55.72249502],[12.55413039,55.722666],[12.55406841,55.72263072],[12.55336896,55.72267234],[12.55263262,55.72263886],[12.55243488,55.72265062],[12.55243341,55.72249141]]]]},"properties":{"id":"copenhagen:2623","name":"Emdrup Søpark","nameAddon":null,"objectNumber":"2623","district":"Bispebjerg","locality":null,"type":"Lokale parker","areaM2":13601.6,"areaHa":1.36,"designation":null,"dedicated":null,"builtYear":null,"renovatedYear":null,"planningAreaId":null,"planningAreaName":null,"centroid":[12.54766,55.722168],"bounds":[12.54561,55.72148,12.55418,55.72373],"amenities":{"playground":{"status":"not-observed","count":0,"nearestMeters":null,"coverage":"community-mapped-observations"},"toilet":{"status":"not-observed","count":0,"nearestMeters":null,"coverage":"community-mapped-observations"},"drinkingFountain":{"status":"not-observed","count":0,"nearestMeters":null,"coverage":"community-mapped-observations"},"dogRun":{"status":"not-observed","count":0,"nearestMeters":null,"coverage":"community-mapped-observations"}},"sourceId":"parks"}},{"type":"Feature","id":"copenhagen:2626","geometry":{"type":"Polygon","coordinates":[[[12.4864975,55.66280894],[12.48721613,55.66249774],[12.48766473,55.66282703],[12.48668785,55.66294102],[12.4864975,55.66280894]]]},"properties":{"id":"copenhagen:2626","name":"Danshøjsvej","nameAddon":null,"objectNumber":"2626","district":"Valby","locality":null,"type":"Andet grønt område","areaM2":1913.6,"areaHa":0.19,"designation":null,"dedicated":null,"builtYear":null,"renovatedYear":null,"planningAreaId":null,"planningAreaName":null,"centroid":[12.487076,55.662753],"bounds":[12.4865,55.6625,12.48766,55.66294],"amenities":{"playground":{"status":"not-observed","count":0,"nearestMeters":null,"coverage":"community-mapped-observations"},"toilet":{"status":"not-observed","count":0,"nearestMeters":null,"coverage":"community-mapped-observations"},"drinkingFountain":{"status":"not-observed","count":0,"nearestMeters":null,"coverage":"community-mapped-observations"},"dogRun":{"status":"not-observed","count":0,"nearestMeters":null,"coverage":"community-mapped-observations"}},"sourceId":"parks"}},{"type":"Feature","id":"copenhagen:2644","geometry":{"type":"MultiPolygon","coordinates":[[[[12.4752192,55.72026687],[12.47606622,55.71997648],[12.47610901,55.71988149],[12.47765695,55.71934051],[12.478169,55.71903383],[12.4785202,55.71896508],[12.47867957,55.71897413],[12.47890387,55.71946354],[12.47845527,55.71954044],[12.4781085,55.71951239],[12.47773369,55.71994572],[12.47729247,55.72035915],[12.47787977,55.72047946],[12.47840953,55.72050751],[12.47887731,55.72047856],[12.47947641,55.72037091],[12.48037508,55.72150081],[12.48162937,55.72277456],[12.48215322,55.72265334],[12.48343555,55.72333906],[12.48359049,55.72333363],[12.48345178,55.72338158],[12.48364804,55.72348833],[12.48370412,55.72337796],[12.48359197,55.72333363],[12.48365689,55.72333183],[12.4837174,55.72337887],[12.48368051,55.72347205],[12.48442423,55.72385562],[12.4849894,55.72397865],[12.48667162,55.72366293],[12.48664801,55.72359779],[12.48795248,55.7232495],[12.4881871,55.72354532],[12.48902231,55.72310747],[12.48902231,55.72296273],[12.48994163,55.72267324],[12.49040794,55.72276371],[12.49056288,55.72275375],[12.48873899,55.72376244],[12.48713202,55.72454496],[12.4843165,55.72476479],[12.48396235,55.72458205],[12.48392251,55.72461462],[12.48109519,55.72353537],[12.47751086,55.72209969],[12.47711097,55.72103401],[12.4752192,55.72026687]],[[12.47941739,55.72250678],[12.47948084,55.72259815],[12.47952659,55.72259092],[12.47957971,55.72246065],[12.47984385,55.72238828],[12.47993976,55.72244889],[12.47976564,55.72259182],[12.47978482,55.72265696],[12.47990878,55.72269405],[12.48003716,55.72266691],[12.48008143,55.72261444],[12.48003568,55.72241089],[12.47994862,55.72233671],[12.4795074,55.72239642],[12.47941739,55.72250678]],[[12.48205435,55.72333544],[12.48215027,55.72355346],[12.48221372,55.72351276],[12.48235391,55.72354261],[12.48248376,55.72350914],[12.48251328,55.72344491],[12.48210748,55.72331464],[12.48205435,55.72333544]],[[12.48464705,55.72425185],[12.48493922,55.72442374],[12.48495841,55.72451692],[12.48508531,55.72460738],[12.48514139,55.72460195],[12.48510154,55.72444816],[12.48484036,55.72424914],[12.48468541,55.7242211],[12.48464705,55.72425185]]],[[[12.48553833,55.71094898],[12.48557817,55.71024426],[12.48571246,55.70930794],[12.48579362,55.70928985],[12.48599873,55.70873439],[12.48605628,55.70876606],[12.48650045,55.70873078],[12.48691363,55.70875701],[12.48758209,55.70890899],[12.48808381,55.70908359],[12.48912266,55.71054189],[12.48946943,55.71082775],[12.48983686,55.71099331],[12.49034301,55.71110458],[12.49143793,55.71113624],[12.49188062,55.71110277],[12.49259336,55.71098335],[12.49314377,55.71096888],[12.49362335,55.71103763],[12.49388749,55.71112267],[12.49420328,55.71130993],[12.49459432,55.71188077],[12.49489978,55.71213769],[12.49530115,55.71234123],[12.49565825,55.71244436],[12.49633115,55.71249502],[12.49713389,55.71236475],[12.49766217,55.71220192],[12.49810634,55.7120047],[12.49869659,55.71166184],[12.49911862,55.71154062],[12.49949934,55.71150624],[12.50112106,55.7115361],[12.50246389,55.71144654],[12.50284313,55.71149629],[12.50319138,55.71165008],[12.50337289,55.7118482],[12.50342749,55.7121594],[12.50352783,55.71233309],[12.50381853,55.71250498],[12.50431582,55.71262168],[12.50437485,55.71270852],[12.50405758,55.71298806],[12.50403988,55.71311471],[12.50391149,55.71327302],[12.50277378,55.71432604],[12.50053524,55.71614891],[12.49970888,55.71664013],[12.4979514,55.71742627],[12.49704093,55.71797811],[12.49698338,55.71798987],[12.49684909,55.71788945],[12.49676203,55.71791297],[12.49253433,55.71696399],[12.49128151,55.71685363],[12.48903117,55.71678759],[12.48894853,55.71674869],[12.48876703,55.71650443],[12.48867554,55.71652524],[12.48846452,55.71632712],[12.48754225,55.71512756],[12.48870062,55.71479826],[12.48908872,55.71486792],[12.48930859,55.71497829],[12.48995344,55.71497829],[12.4911974,55.71517279],[12.49209164,55.71546861],[12.49277191,55.71577709],[12.49336954,55.7158368],[12.49516982,55.71646101],[12.49595338,55.71656414],[12.4963459,55.71654876],[12.49660857,55.71650986],[12.49707929,55.71627103],[12.49730802,55.71620861],[12.49839409,55.7161281],[12.49886039,55.71593993],[12.49892384,55.71598245],[12.49917027,55.71596164],[12.49971478,55.71613805],[12.50008812,55.71615162],[12.50014272,55.7162068],[12.50030356,55.71608558],[12.50017961,55.71607291],[12.50128043,55.71524968],[12.50116681,55.71520626],[12.50029618,55.71583771],[12.49995236,55.71602859],[12.49947278,55.71585128],[12.49915552,55.7156812],[12.49908321,55.71557355],[12.4991142,55.71549032],[12.49891204,55.71539986],[12.49891499,55.71532115],[12.49853575,55.71522888],[12.49860068,55.71509046],[12.49848115,55.715],[12.49850328,55.71483626],[12.49856821,55.71480821],[12.49873201,55.7148245],[12.49887367,55.71463],[12.49906107,55.7145142],[12.49941228,55.71440926],[12.49956574,55.7142989],[12.50010435,55.71418129],[12.50061787,55.71419396],[12.50086135,55.7142609],[12.50097645,55.71436403],[12.50109303,55.71436132],[12.50127158,55.71446897],[12.50135864,55.71495658],[12.50124797,55.7151167],[12.50135569,55.71516465],[12.50153867,55.71498281],[12.5013793,55.71389452],[12.50123469,55.71357156],[12.50091005,55.71322779],[12.50055737,55.71313733],[12.50018551,55.71295911],[12.49985054,55.71287226],[12.49981217,55.7128406],[12.49989186,55.71272842],[12.49981217,55.71270309],[12.49971626,55.7127827],[12.4994167,55.71271757],[12.49917322,55.71272481],[12.4988781,55.71298987],[12.49873791,55.71305048],[12.49854755,55.71307219],[12.49821406,55.71306405],[12.49764004,55.71283155],[12.49724161,55.71275556],[12.4971457,55.71267143],[12.49697895,55.71269133],[12.49645805,55.71265424],[12.49578368,55.71279084],[12.49550922,55.71277908],[12.49512703,55.71265877],[12.49487026,55.71250769],[12.49447774,55.71210964],[12.49413687,55.71144654],[12.49373697,55.71128641],[12.49242808,55.71117876],[12.49109706,55.71130903],[12.49077389,55.71131084],[12.4896834,55.71109734],[12.48923185,55.71090284],[12.48795838,55.71056722],[12.4874847,55.71023973],[12.48726778,55.71002081],[12.4872663,55.70993034],[12.48716006,55.70990049],[12.48664949,55.70929528],[12.48635436,55.70903293],[12.48626287,55.70900489],[12.48611678,55.70906007],[12.48589691,55.70924462],[12.48590429,55.70931156],[12.48624959,55.70963633],[12.48627615,55.70973041],[12.48624811,55.70995839],[12.4861094,55.71012575],[12.48602234,55.71037724],[12.48602382,55.71081509],[12.48604743,55.71091189],[12.48612269,55.71096164],[12.48607399,55.71098155],[12.4861035,55.71104578],[12.48640601,55.71145196],[12.48653291,55.71179483],[12.48686346,55.71208069],[12.48726926,55.71227067],[12.48745371,55.71244979],[12.48843058,55.71290754],[12.48851174,55.71296906],[12.4885383,55.71307219],[12.48874932,55.71314275],[12.48900608,55.71333906],[12.48914479,55.71353266],[12.48913446,55.71386738],[12.48919054,55.71397232],[12.48970406,55.71436313],[12.48984572,55.71455763],[12.49002132,55.71462276],[12.48983391,55.71472408],[12.48965241,55.71475936],[12.489465,55.71474851],[12.48902231,55.71463724],[12.48876998,55.71465442],[12.48745961,55.71500724],[12.48652553,55.71376606],[12.48617876,55.71321603],[12.48582903,55.71245703],[12.4856372,55.71180206],[12.48553833,55.71094898]]],[[[12.48677787,55.71018274],[12.48680886,55.71015289],[12.48685755,55.71016917],[12.4868546,55.71020174],[12.48677787,55.71018274]]],[[[12.48815316,55.72451692],[12.4883568,55.72436222],[12.49011428,55.72342229],[12.49111477,55.72282974],[12.49740393,55.71870273],[12.49773743,55.71898317],[12.49788942,55.71928623],[12.49802813,55.71925728],[12.49825685,55.71957934],[12.49855936,55.72018183],[12.49877923,55.72116157],[12.4941413,55.72297539],[12.49234397,55.722704],[12.49031645,55.72380858],[12.4887021,55.72449159],[12.48815316,55.72451692]],[[12.49222445,55.7225683],[12.49240743,55.72263886],[12.49376796,55.72281165],[12.49422689,55.72268952],[12.49430067,55.72263705],[12.49425787,55.72245341],[12.49430362,55.72235752],[12.49343742,55.72230957],[12.49335774,55.72231681],[12.49325149,55.72241813],[12.49290619,55.72240908],[12.49230708,55.72251855],[12.49222445,55.7225683]],[[12.49502078,55.72090827],[12.49505029,55.72111091],[12.49512112,55.7210892],[12.49523032,55.7208947],[12.49513588,55.72082052],[12.49502078,55.72090827]],[[12.49554168,55.7213805],[12.4956981,55.72145739],[12.49583533,55.72137688],[12.49574679,55.72129274],[12.49554168,55.7213805]]],[[[12.4896952,55.71415053],[12.48971586,55.71405012],[12.48983244,55.71401574],[12.48998295,55.71405464],[12.4899859,55.71415777],[12.49014085,55.71426723],[12.49020873,55.71443098],[12.49014232,55.71450968],[12.49005083,55.71451511],[12.48994754,55.71446083],[12.48984129,55.71420119],[12.48976161,55.71420662],[12.4896952,55.71415053]]],[[[12.49012609,55.71393975],[12.49020873,55.71388185],[12.49033415,55.7139298],[12.49053632,55.71412068],[12.49071339,55.71421476],[12.4907252,55.71425909],[12.49058796,55.71434322],[12.49045811,55.71432423],[12.49021168,55.71411163],[12.49012609,55.71393975]]],[[[12.49053779,55.71375339],[12.49057911,55.71370364],[12.49081521,55.71362222],[12.49095097,55.71344581],[12.49085948,55.71296363],[12.49110444,55.71261353],[12.4911856,55.71258278],[12.49130217,55.7126271],[12.49193965,55.7126651],[12.49272321,55.7126452],[12.49279994,55.71272661],[12.49277633,55.71279084],[12.49286782,55.71285508],[12.49281618,55.71300434],[12.49227314,55.71309119],[12.49205622,55.71317984],[12.49197359,55.7132694],[12.49186882,55.71364393],[12.49169764,55.71382667],[12.49178175,55.71396056],[12.49178028,55.71407635],[12.49191751,55.71421657],[12.49164009,55.7143378],[12.49123282,55.71428985],[12.49053779,55.71375339]]],[[[12.49276305,55.7156414],[12.49299325,55.71569206],[12.49306556,55.71572734],[12.49286045,55.71572101],[12.49276305,55.7156414]]],[[[12.49340938,55.71572372],[12.49354662,55.71563597],[12.49380043,55.71557536],[12.49416639,55.71557536],[12.49450283,55.71562783],[12.49473451,55.71585037],[12.49482304,55.7158748],[12.49505177,55.71586665],[12.49514473,55.71579428],[12.49530115,55.71582052],[12.49532771,55.71587299],[12.49521114,55.71588656],[12.49516687,55.7161091],[12.49533361,55.71628732],[12.49532771,55.7163805],[12.49508866,55.71635336],[12.49340938,55.71572372]]],[[[12.49375468,55.7149222],[12.49387273,55.7148453],[12.49421951,55.71482359],[12.49456038,55.71470599],[12.49459284,55.71466347],[12.49476697,55.71472227],[12.49479648,55.71478379],[12.49464154,55.71478198],[12.49441872,55.71488782],[12.49447922,55.71493848],[12.49459432,55.71494934],[12.49468581,55.7150778],[12.49431542,55.71511218],[12.49390815,55.71501267],[12.49375468,55.7149222]]],[[[12.49665579,55.71626199],[12.49685057,55.71599421],[12.49709257,55.71589289],[12.49743935,55.71584494],[12.49808125,55.71584856],[12.49857707,55.71590375],[12.49862133,55.71593631],[12.49828341,55.71607111],[12.49773153,55.71609101],[12.49719882,55.71615795],[12.4966853,55.71635517],[12.49665579,55.71626199]]],[[[12.49706454,55.71508413],[12.49717373,55.71497105],[12.49729031,55.7149801],[12.49741721,55.71504342],[12.49740688,55.7150977],[12.49724014,55.71512936],[12.49710881,55.71512756],[12.49706454,55.71508413]]],[[[12.49741279,55.71443912],[12.49755002,55.71419938],[12.49764446,55.71412068],[12.49775809,55.71410982],[12.49794254,55.71423557],[12.49820225,55.71432242],[12.49806649,55.71446988],[12.49778317,55.71458657],[12.49762823,55.714592],[12.49747476,55.71456215],[12.49741279,55.71443912]]],[[[12.49835129,55.71901122],[12.49841475,55.71891623],[12.49889138,55.71858241],[12.49906993,55.7183843],[12.49995236,55.71717026],[12.50157409,55.71578885],[12.50403102,55.71346119],[12.50477917,55.71287136],[12.50494887,55.71283698],[12.50518202,55.71295821],[12.50598477,55.71407816],[12.50613823,55.71417858],[12.50632711,55.71420753],[12.5069336,55.71452868],[12.50725381,55.71464809],[12.50773635,55.7147268],[12.50975059,55.71485616],[12.51050317,55.71518455],[12.51061679,55.71529763],[12.51108752,55.71663651],[12.51139298,55.71728062],[12.51165859,55.7174715],[12.51207915,55.71763977],[12.51279926,55.71776461],[12.51303389,55.71829473],[12.51313866,55.7187941],[12.51252627,55.71865388],[12.51246577,55.7185996],[12.51207767,55.71849828],[12.51077911,55.71769767],[12.5107437,55.71760991],[12.51059761,55.71761806],[12.51050907,55.71753483],[12.5103379,55.7175104],[12.50914706,55.71703275],[12.50847269,55.71666365],[12.50847121,55.7165379],[12.50937873,55.71580242],[12.50915886,55.71522164],[12.50891391,55.7149023],[12.50878405,55.71493215],[12.50881209,55.71502804],[12.50874273,55.71508413],[12.50796655,55.71541162],[12.50784259,55.71540438],[12.50752533,55.71524245],[12.5075578,55.71535734],[12.50767585,55.71548218],[12.50777619,55.71552017],[12.50786768,55.71569387],[12.5074427,55.71572101],[12.50634335,55.71600959],[12.50588147,55.71611001],[12.50566455,55.71612086],[12.50534434,55.71620861],[12.5043173,55.7162457],[12.50352488,55.71597702],[12.50266753,55.71575448],[12.50202711,55.71574543],[12.50117566,55.71643206],[12.50110188,55.71640402],[12.50101482,55.71648272],[12.5010886,55.71651077],[12.50076986,55.7167695],[12.50013386,55.7174127],[12.49959378,55.71824227],[12.4995746,55.71831464],[12.49966904,55.71843496],[12.50064001,55.71879591],[12.50129519,55.71874796],[12.50174231,55.71884024],[12.50231928,55.71889452],[12.50273836,55.71872083],[12.50284904,55.71849647],[12.50286379,55.71819975],[12.50304972,55.71801429],[12.50324451,55.71799077],[12.5034629,55.71811109],[12.5036872,55.71847838],[12.50388936,55.71864303],[12.50389084,55.7187552],[12.50370786,55.71903564],[12.50351307,55.71962547],[12.50359718,55.71963724],[12.50371228,55.71948525],[12.50382296,55.71916229],[12.50392478,55.71913606],[12.50473047,55.71926452],[12.50567193,55.71954858],[12.50650567,55.71964085],[12.50691442,55.7197856],[12.50769503,55.71995386],[12.50809198,55.72000362],[12.50866747,55.72000995],[12.50879438,55.72006604],[12.50887701,55.72005971],[12.50889767,55.72001719],[12.51033642,55.71991315],[12.51072304,55.71971232],[12.51095324,55.71964176],[12.51110228,55.71968247],[12.51128083,55.71980279],[12.51139593,55.71981636],[12.51226803,55.71962547],[12.51264137,55.71948706],[12.51284943,55.71926995],[12.51298962,55.71896418],[12.5131357,55.71893251],[12.51317997,55.7189488],[12.51314161,55.71926814],[12.51290551,55.71984078],[12.51222671,55.71982359],[12.51194339,55.71994843],[12.51130591,55.72006785],[12.5090777,55.72018183],[12.508272,55.72026687],[12.5075578,55.72018907],[12.50686277,55.71994663],[12.50658535,55.71989506],[12.50633892,55.71990682],[12.50591246,55.71983083],[12.50541369,55.71999095],[12.50503888,55.71998281],[12.50484852,55.71990139],[12.50435714,55.71985435],[12.503699,55.72005247],[12.50295233,55.72038357],[12.50278706,55.72045232],[12.50327107,55.72022797],[12.50333304,55.72014384],[12.50294495,55.72012303],[12.50266606,55.7202135],[12.50259523,55.7204288],[12.50209351,55.72045323],[12.50179543,55.72040076],[12.50151654,55.72040076],[12.50116533,55.72045775],[12.50162721,55.72052832],[12.50098531,55.72044418],[12.49997302,55.72073096],[12.49908911,55.7210304],[12.49880136,55.71964538],[12.49873496,55.71949611],[12.49840442,55.71913787],[12.49835129,55.71901122]]],[[[12.49902713,55.70972318],[12.49985349,55.70967523],[12.49984464,55.70973041],[12.50178215,55.7097277],[12.50178363,55.70946626],[12.50318696,55.70926814],[12.50348061,55.70890537],[12.50358538,55.70886828],[12.50390707,55.70904379],[12.50477179,55.70924643],[12.50507872,55.70936855],[12.50590656,55.71010403],[12.50614709,55.71052198],[12.50678309,55.71061064],[12.50500347,55.71216121],[12.50454012,55.71252126],[12.50446191,55.71253031],[12.50402659,55.71244979],[12.50376541,55.71234214],[12.50361637,55.71216845],[12.50350422,55.71174236],[12.50323418,55.71152253],[12.50286674,55.71138954],[12.5023119,55.71134702],[12.50077577,55.7114393],[12.49954066,55.71139497],[12.49937539,55.7110313],[12.49952147,55.71103492],[12.49976938,55.71039352],[12.49980332,55.71000271],[12.49973544,55.71000633],[12.49977528,55.70978922],[12.49904632,55.70981817],[12.49902713,55.70972318]]],[[[12.49975758,55.71829926],[12.50015452,55.71761715],[12.50092776,55.71679844],[12.50129224,55.71657319],[12.50162868,55.71668808],[12.50177772,55.71685363],[12.50176149,55.71732947],[12.50166262,55.71737561],[12.50170247,55.71742084],[12.50158589,55.71755564],[12.50136307,55.717704],[12.50128043,55.71789217],[12.50102072,55.71790935],[12.50106794,55.71806586],[12.50071674,55.71850733],[12.50056032,55.71860684],[12.50002909,55.71846029],[12.49981365,55.71837253],[12.49975758,55.71829926]]],[[[12.5013734,55.71862946],[12.50240192,55.71779175],[12.5025303,55.71774471],[12.50262917,55.71761534],[12.50311465,55.71753664],[12.50360161,55.71754388],[12.50396904,55.717666],[12.50393068,55.71771576],[12.50419334,55.71771847],[12.504214,55.71764248],[12.50428188,55.71766329],[12.50428631,55.71773295],[12.50425827,55.7177818],[12.50417563,55.71779627],[12.50338027,55.7177049],[12.50310875,55.71779989],[12.50272951,55.71810295],[12.50267491,55.71818346],[12.50266458,55.71857065],[12.50241815,55.71873801],[12.50223517,55.71878777],[12.50204186,55.71878958],[12.50140144,55.71866293],[12.5013734,55.71862946]]],[[[12.50160212,55.71637235],[12.50192381,55.71606658],[12.50199612,55.71609824],[12.50199169,55.71615976],[12.50177477,55.71631536],[12.50160212,55.71637235]]],[[[12.50213778,55.71583137],[12.50221451,55.71581057],[12.50226763,55.71581418],[12.50236208,55.71584675],[12.50215254,55.71586575],[12.50213778,55.71583137]]],[[[12.50217172,55.72055184],[12.50225288,55.72055093],[12.50220713,55.72055274],[12.50217172,55.72055184]]],[[[12.50252735,55.72053646],[12.50264097,55.72051294],[12.50259375,55.72053284],[12.50252735,55.72053646]]],[[[12.50278263,55.7159725],[12.50286232,55.71592093],[12.50350127,55.71607382],[12.50423909,55.71634431],[12.50477474,55.71634521],[12.50544616,55.71627194],[12.50547272,55.71631355],[12.5052012,55.71644292],[12.50499461,55.71636693],[12.50455045,55.71641035],[12.50415055,55.71638411],[12.50312203,55.71604758],[12.50278263,55.7159725]]],[[[12.50316777,55.71788945],[12.50322237,55.71784422],[12.5034511,55.71779627],[12.50376098,55.71783517],[12.50381558,55.71803058],[12.50357062,55.71806134],[12.50319876,55.71793197],[12.50316777,55.71788945]]],[[[12.50360014,55.7181138],[12.50365621,55.71809843],[12.50380672,55.71810476],[12.50384214,55.71814366],[12.50386132,55.7183463],[12.50378311,55.71837706],[12.50371228,55.71835444],[12.50360014,55.71816718],[12.50360014,55.7181138]]],[[[12.50378164,55.71845395],[12.50389084,55.71837434],[12.50401774,55.718444],[12.50397642,55.71852452],[12.50389379,55.71853899],[12.50378164,55.71845395]]],[[[12.50388788,55.7180731],[12.50396904,55.71788402],[12.50413874,55.71791931],[12.50419482,55.71798625],[12.50405316,55.71831826],[12.50399561,55.71835444],[12.50393511,55.71831916],[12.50388788,55.7180731]]],[[[12.50389821,55.71902388],[12.50441616,55.71786141],[12.50454307,55.71769676],[12.50466702,55.7176262],[12.50502708,55.71769043],[12.50529564,55.71788945],[12.5053709,55.71805138],[12.50558044,55.71821332],[12.50576194,55.71807943],[12.50579293,55.71799801],[12.50608954,55.71800796],[12.50636843,55.71804957],[12.50703837,55.71831011],[12.50737482,55.71836349],[12.50780275,55.71850642],[12.50803738,55.71848923],[12.50811411,55.71856523],[12.50812444,55.71851185],[12.50819232,55.71851095],[12.50823364,55.71860684],[12.50813329,55.7186774],[12.50830152,55.71859236],[12.50837087,55.71860141],[12.50843432,55.7186575],[12.50838268,55.71880315],[12.50848302,55.71890899],[12.50867043,55.71887642],[12.50864534,55.71884114],[12.50876782,55.718852],[12.5089567,55.71879862],[12.50922231,55.71885019],[12.50935365,55.71882124],[12.50954695,55.71865117],[12.50997784,55.71874887],[12.51031724,55.71877601],[12.51118491,55.7189696],[12.51199356,55.71879591],[12.512209,55.71878596],[12.51283025,55.71891894],[12.51277122,55.71918853],[12.51258382,55.71940655],[12.51245396,55.71946626],[12.51204226,55.7195911],[12.51147709,55.71969785],[12.51097832,55.71954858],[12.51065073,55.71962276],[12.51027592,55.71983897],[12.50973584,55.71989687],[12.50897883,55.71993758],[12.50829119,55.71993215],[12.50756075,55.7198453],[12.50661191,55.71958748],[12.50565422,55.71945992],[12.50495329,55.71923105],[12.50389821,55.71902388]]],[[[12.50550076,55.71626199],[12.50564094,55.71624208],[12.50566603,55.71628008],[12.50550223,55.71632169],[12.50550076,55.71626199]]],[[[12.50578555,55.71626018],[12.50596263,55.71618057],[12.50608511,55.7162068],[12.5059405,55.71628098],[12.50578555,55.71626018]]],[[[12.50623858,55.71614619],[12.50735711,55.71582414],[12.50780718,55.71579066],[12.5079636,55.715797],[12.50810526,55.71585037],[12.50860255,55.71626108],[12.50821888,55.7165958],[12.50778799,55.71649267],[12.50749287,55.71647548],[12.50746926,55.7163615],[12.50764928,55.71634069],[12.50769798,55.7162647],[12.50753861,55.71610729],[12.50739105,55.71614257],[12.50747073,55.71605935],[12.50741613,55.71600416],[12.50719626,55.71604939],[12.50689081,55.71603582],[12.50642598,55.71614891],[12.50623858,55.71614619]]],[[[12.50696902,55.71779446],[12.50700738,55.71777547],[12.50705608,55.71781708],[12.50698525,55.71783879],[12.50696902,55.71779446]]],[[[12.50713429,55.71789036],[12.5072184,55.71786141],[12.50726709,55.71791478],[12.50719922,55.71793378],[12.50713429,55.71789036]]],[[[12.50747959,55.71781075],[12.50751205,55.71779537],[12.50756222,55.71781618],[12.50751057,55.71784693],[12.50747959,55.71781075]]],[[[12.50756812,55.71785236],[12.50758731,55.71783789],[12.50762125,55.71785417],[12.50759616,55.71786955],[12.50756812,55.71785236]]],[[[12.50786768,55.71773114],[12.50789719,55.71771214],[12.50830152,55.71777456],[12.5084299,55.71792292],[12.50861878,55.71792654],[12.50866305,55.71796816],[12.50854205,55.71802334],[12.50808312,55.71804053],[12.50803,55.71811652],[12.50796064,55.71811561],[12.50795474,55.71798444],[12.50806837,55.71793921],[12.50794294,55.71790121],[12.50788096,55.71781346],[12.50794441,55.71778994],[12.50786768,55.71773114]]],[[[12.50795917,55.71555003],[12.50873683,55.71517098],[12.50889915,55.71513932],[12.50899802,55.71522707],[12.50920756,55.71577528],[12.50874126,55.71616971],[12.50859517,55.71611996],[12.50795917,55.71555003]]],[[[12.50868223,55.71804324],[12.50868666,55.71798715],[12.50877815,55.71800434],[12.50877077,55.71804596],[12.50868223,55.71804324]]],[[[12.51390008,55.71739099],[12.51410963,55.71707346],[12.51413028,55.71671974],[12.51457888,55.71664646],[12.51441508,55.71619504],[12.51420849,55.71514565],[12.51437229,55.71400217],[12.51507764,55.71359417],[12.51579038,55.71407092],[12.51614305,55.71486792],[12.51660493,55.71710241],[12.51461872,55.71762348],[12.51394878,55.7177239],[12.51390008,55.71739099]]]]},"properties":{"id":"copenhagen:2644","name":"Utterslev Mose","nameAddon":null,"objectNumber":"2644","district":"Brønshøj - Husum","locality":null,"type":"Naturområder","areaM2":1023347.5,"areaHa":102.33,"designation":null,"dedicated":null,"builtYear":null,"renovatedYear":null,"planningAreaId":null,"planningAreaName":null,"centroid":[12.498316,55.716618],"bounds":[12.47522,55.70873,12.5166,55.72476],"amenities":{"playground":{"status":"observed-nearby","count":7,"nearestMeters":0,"coverage":"community-mapped-observations"},"toilet":{"status":"observed-nearby","count":3,"nearestMeters":0,"coverage":"community-mapped-observations"},"drinkingFountain":{"status":"observed-nearby","count":2,"nearestMeters":0,"coverage":"community-mapped-observations"},"dogRun":{"status":"observed-nearby","count":2,"nearestMeters":0,"coverage":"community-mapped-observations"}},"sourceId":"parks"}},{"type":"Feature","id":"copenhagen:2661","geometry":{"type":"Polygon","coordinates":[[[12.51041315,55.70034558],[12.51324638,55.69938484],[12.51396796,55.70005971],[12.51384549,55.70009951],[12.51534769,55.70146282],[12.51691039,55.70092998],[12.51739882,55.70138592],[12.5183388,55.70108377],[12.51880806,55.70171793],[12.51901169,55.70191605],[12.51840225,55.70240546],[12.51830634,55.70231952],[12.51741505,55.70147729],[12.51690743,55.70163923],[12.5180363,55.70268771],[12.51734422,55.70337977],[12.51677758,55.70424552],[12.51501124,55.70401936],[12.51391632,55.70438755],[12.51396796,55.70449249],[12.51352232,55.70453411],[12.51231082,55.70214764],[12.5120275,55.70182106],[12.51041315,55.70034558]]]},"properties":{"id":"copenhagen:2661","name":"Bellahøjmarken","nameAddon":null,"objectNumber":"2661","district":"Vanløse","locality":null,"type":"Lokale parker","areaM2":144277.2,"areaHa":14.43,"designation":null,"dedicated":null,"builtYear":null,"renovatedYear":null,"planningAreaId":null,"planningAreaName":null,"centroid":[12.51456,55.702047],"bounds":[12.51041,55.69938,12.51901,55.70453],"amenities":{"playground":{"status":"observed-nearby","count":1,"nearestMeters":67,"coverage":"community-mapped-observations"},"toilet":{"status":"observed-nearby","count":1,"nearestMeters":32,"coverage":"community-mapped-observations"},"drinkingFountain":{"status":"observed-nearby","count":1,"nearestMeters":42,"coverage":"community-mapped-observations"},"dogRun":{"status":"observed-nearby","count":1,"nearestMeters":0,"coverage":"community-mapped-observations"}},"sourceId":"parks"}},{"type":"Feature","id":"copenhagen:27","geometry":{"type":"Polygon","coordinates":[[[12.51887446,55.66114257],[12.5193806,55.66115162],[12.51933781,55.66156776],[12.51893791,55.66152343],[12.51887446,55.66114257]]]},"properties":{"id":"copenhagen:27","name":"Trekronergade - Vigerslev alle","nameAddon":null,"objectNumber":"27","district":"Valby","locality":null,"type":"Lokale parker","areaM2":1348.1,"areaHa":0.13,"designation":null,"dedicated":null,"builtYear":null,"renovatedYear":null,"planningAreaId":null,"planningAreaName":null,"centroid":[12.519136,55.661339],"bounds":[12.51887,55.66114,12.51938,55.66157],"amenities":{"playground":{"status":"observed-nearby","count":1,"nearestMeters":0,"coverage":"community-mapped-observations"},"toilet":{"status":"not-observed","count":0,"nearestMeters":null,"coverage":"community-mapped-observations"},"drinkingFountain":{"status":"not-observed","count":0,"nearestMeters":null,"coverage":"community-mapped-observations"},"dogRun":{"status":"observed-nearby","count":1,"nearestMeters":0,"coverage":"community-mapped-observations"}},"sourceId":"parks"}},{"type":"Feature","id":"copenhagen:2700","geometry":{"type":"Polygon","coordinates":[[[12.57810802,55.64502081],[12.58123637,55.64467614],[12.58075974,55.64230324],[12.58202879,55.64224715],[12.58185024,55.6408558],[12.58340999,55.64091731],[12.58582118,55.64699023],[12.58254526,55.64740818],[12.58223538,55.64666546],[12.57875583,55.64701194],[12.57810802,55.64502081]]]},"properties":{"id":"copenhagen:2700","name":"Amager Fælled","nameAddon":null,"objectNumber":"2700","district":"Amager Vest","locality":null,"type":"Naturområder","areaM2":630366.8,"areaHa":63.04,"designation":null,"dedicated":null,"builtYear":null,"renovatedYear":null,"planningAreaId":null,"planningAreaName":null,"centroid":[12.582338,55.644761],"bounds":[12.57811,55.64086,12.58582,55.64741],"amenities":{"playground":{"status":"not-observed","count":0,"nearestMeters":null,"coverage":"community-mapped-observations"},"toilet":{"status":"not-observed","count":0,"nearestMeters":null,"coverage":"community-mapped-observations"},"drinkingFountain":{"status":"not-observed","count":0,"nearestMeters":null,"coverage":"community-mapped-observations"},"dogRun":{"status":"not-observed","count":0,"nearestMeters":null,"coverage":"community-mapped-observations"}},"sourceId":"parks"}},{"type":"Feature","id":"copenhagen:28","geometry":{"type":"Polygon","coordinates":[[[12.48661112,55.65707165],[12.48685608,55.65660847],[12.48803216,55.65778361],[12.48785361,55.65784151],[12.48733861,55.65775285],[12.48746552,55.65752397],[12.48696675,55.65743894],[12.48711136,55.65715849],[12.48661112,55.65707165]]]},"properties":{"id":"copenhagen:28","name":"Vigerslev Allé","nameAddon":null,"objectNumber":"28","district":"Valby","locality":null,"type":"Andet grønt område","areaM2":3753.1,"areaHa":0.38,"designation":null,"dedicated":null,"builtYear":null,"renovatedYear":null,"planningAreaId":null,"planningAreaName":null,"centroid":[12.487282,55.657289],"bounds":[12.48661,55.65661,12.48803,55.65784],"amenities":{"playground":{"status":"observed-nearby","count":1,"nearestMeters":0,"coverage":"community-mapped-observations"},"toilet":{"status":"not-observed","count":0,"nearestMeters":null,"coverage":"community-mapped-observations"},"drinkingFountain":{"status":"not-observed","count":0,"nearestMeters":null,"coverage":"community-mapped-observations"},"dogRun":{"status":"not-observed","count":0,"nearestMeters":null,"coverage":"community-mapped-observations"}},"sourceId":"parks"}},{"type":"Feature","id":"copenhagen:32","geometry":{"type":"Polygon","coordinates":[[[12.57379621,55.66546318],[12.5744691,55.66517822],[12.57923098,55.66877782],[12.57942282,55.66900308],[12.57970319,55.66964085],[12.579442,55.66977112],[12.57943019,55.66971413],[12.57379621,55.66546318]]]},"properties":{"id":"copenhagen:32","name":"Havneparken","nameAddon":null,"objectNumber":"32","district":"Amager Vest","locality":null,"type":"Regionale parker","areaM2":31057.4,"areaHa":3.11,"designation":null,"dedicated":null,"builtYear":null,"renovatedYear":null,"planningAreaId":null,"planningAreaName":null,"centroid":[12.576835,55.667372],"bounds":[12.5738,55.66518,12.5797,55.66977],"amenities":{"playground":{"status":"observed-nearby","count":2,"nearestMeters":0,"coverage":"community-mapped-observations"},"toilet":{"status":"observed-nearby","count":4,"nearestMeters":0,"coverage":"community-mapped-observations"},"drinkingFountain":{"status":"observed-nearby","count":2,"nearestMeters":0,"coverage":"community-mapped-observations"},"dogRun":{"status":"not-observed","count":0,"nearestMeters":null,"coverage":"community-mapped-observations"}},"sourceId":"parks"}},{"type":"Feature","id":"copenhagen:33","geometry":{"type":"Polygon","coordinates":[[[12.59389734,55.65063054],[12.59625394,55.65033563],[12.59656677,55.65113443],[12.59731935,55.65104306],[12.5975643,55.65168898],[12.59792436,55.65164646],[12.59801437,55.65184006],[12.59761595,55.651888],[12.59784615,55.65247422],[12.5986061,55.65237923],[12.59876252,55.65280351],[12.59871235,55.65281437],[12.59875072,55.65290031],[12.59867546,55.65291207],[12.59870054,55.65306857],[12.59755102,55.65321151],[12.59736509,55.65273566],[12.5962318,55.65287769],[12.59553235,55.65108829],[12.59414377,55.65126108],[12.59389734,55.65063054]]]},"properties":{"id":"copenhagen:33","name":"Remiseparken","nameAddon":null,"objectNumber":"33","district":"Amager Vest","locality":null,"type":"Lokale parker","areaM2":38652.6,"areaHa":3.87,"designation":null,"dedicated":null,"builtYear":null,"renovatedYear":null,"planningAreaId":null,"planningAreaName":null,"centroid":[12.596503,55.651721],"bounds":[12.5939,55.65034,12.59876,55.65321],"amenities":{"playground":{"status":"observed-nearby","count":7,"nearestMeters":0,"coverage":"community-mapped-observations"},"toilet":{"status":"observed-nearby","count":2,"nearestMeters":0,"coverage":"community-mapped-observations"},"drinkingFountain":{"status":"not-observed","count":0,"nearestMeters":null,"coverage":"community-mapped-observations"},"dogRun":{"status":"not-observed","count":0,"nearestMeters":null,"coverage":"community-mapped-observations"}},"sourceId":"parks"}},{"type":"Feature","id":"copenhagen:34","geometry":{"type":"Polygon","coordinates":[[[12.61065468,55.66138864],[12.61187503,55.66016193],[12.61218197,55.66023159],[12.61161385,55.66162204],[12.61147219,55.66164646],[12.61079339,55.66152072],[12.61065468,55.66138864]]]},"properties":{"id":"copenhagen:34","name":"Rødegårdsparken","nameAddon":null,"objectNumber":"34","district":"Amager Øst","locality":null,"type":"Lokale parker","areaM2":7119.9,"areaHa":0.71,"designation":null,"dedicated":null,"builtYear":null,"renovatedYear":null,"planningAreaId":null,"planningAreaName":null,"centroid":[12.611479,55.661],"bounds":[12.61065,55.66016,12.61218,55.66165],"amenities":{"playground":{"status":"observed-nearby","count":2,"nearestMeters":0,"coverage":"community-mapped-observations"},"toilet":{"status":"observed-nearby","count":1,"nearestMeters":0,"coverage":"community-mapped-observations"},"drinkingFountain":{"status":"not-observed","count":0,"nearestMeters":null,"coverage":"community-mapped-observations"},"dogRun":{"status":"not-observed","count":0,"nearestMeters":null,"coverage":"community-mapped-observations"}},"sourceId":"parks"}},{"type":"Feature","id":"copenhagen:35","geometry":{"type":"Polygon","coordinates":[[[12.60000353,55.65049756],[12.60355834,55.650408],[12.6030035,55.65179302],[12.60240882,55.6525104],[12.60214173,55.65253392],[12.60018503,55.65071648],[12.60000353,55.65049756]]]},"properties":{"id":"copenhagen:35","name":"Sundbyvesterparken og Birkestien","nameAddon":null,"objectNumber":"35","district":"Amager Vest","locality":null,"type":"Lokale parker","areaM2":30136.2,"areaHa":3.01,"designation":null,"dedicated":null,"builtYear":null,"renovatedYear":null,"planningAreaId":null,"planningAreaName":null,"centroid":[12.601993,55.651211],"bounds":[12.6,55.65041,12.60356,55.65253],"amenities":{"playground":{"status":"observed-nearby","count":2,"nearestMeters":0,"coverage":"community-mapped-observations"},"toilet":{"status":"observed-nearby","count":1,"nearestMeters":0,"coverage":"community-mapped-observations"},"drinkingFountain":{"status":"not-observed","count":0,"nearestMeters":null,"coverage":"community-mapped-observations"},"dogRun":{"status":"not-observed","count":0,"nearestMeters":null,"coverage":"community-mapped-observations"}},"sourceId":"parks"}},{"type":"Feature","id":"copenhagen:36","geometry":{"type":"Polygon","coordinates":[[[12.57609083,55.66134883],[12.57679766,55.66062059],[12.57921918,55.66176135],[12.57881485,55.66212321],[12.5781095,55.6619269],[12.57609083,55.66134883]]]},"properties":{"id":"copenhagen:36","name":"Artillerivej 69","nameAddon":null,"objectNumber":"36","district":"Amager Vest","locality":null,"type":"Andet grønt område","areaM2":13683.5,"areaHa":1.37,"designation":null,"dedicated":null,"builtYear":null,"renovatedYear":null,"planningAreaId":null,"planningAreaName":null,"centroid":[12.577595,55.661413],"bounds":[12.57609,55.66062,12.57922,55.66212],"amenities":{"playground":{"status":"observed-nearby","count":5,"nearestMeters":1,"coverage":"community-mapped-observations"},"toilet":{"status":"not-observed","count":0,"nearestMeters":null,"coverage":"community-mapped-observations"},"drinkingFountain":{"status":"not-observed","count":0,"nearestMeters":null,"coverage":"community-mapped-observations"},"dogRun":{"status":"not-observed","count":0,"nearestMeters":null,"coverage":"community-mapped-observations"}},"sourceId":"parks"}},{"type":"Feature","id":"copenhagen:37","geometry":{"type":"Polygon","coordinates":[[[12.61622521,55.65401936],[12.61666791,55.65340782],[12.61680514,55.65340691],[12.6189699,55.6537941],[12.61898023,55.65384024],[12.61875888,55.65411797],[12.61841211,55.65444907],[12.61833095,55.65447168],[12.617813,55.65437308],[12.61782776,55.65432785],[12.61632261,55.65404017],[12.616299,55.65408269],[12.61624145,55.65406821],[12.61622521,55.65401936]]]},"properties":{"id":"copenhagen:37","name":"Filipsparken","nameAddon":null,"objectNumber":"37","district":"Amager Øst","locality":null,"type":"Lokale parker","areaM2":11974.1,"areaHa":1.2,"designation":null,"dedicated":null,"builtYear":null,"renovatedYear":null,"planningAreaId":null,"planningAreaName":null,"centroid":[12.617608,55.653921],"bounds":[12.61623,55.65341,12.61898,55.65447],"amenities":{"playground":{"status":"observed-nearby","count":1,"nearestMeters":0,"coverage":"community-mapped-observations"},"toilet":{"status":"observed-nearby","count":2,"nearestMeters":0,"coverage":"community-mapped-observations"},"drinkingFountain":{"status":"not-observed","count":0,"nearestMeters":null,"coverage":"community-mapped-observations"},"dogRun":{"status":"not-observed","count":0,"nearestMeters":null,"coverage":"community-mapped-observations"}},"sourceId":"parks"}},{"type":"Feature","id":"copenhagen:371","geometry":{"type":"Polygon","coordinates":[[[12.5159645,55.71061697],[12.51605747,55.71026054],[12.51600582,55.70972046],[12.51622274,55.70968518],[12.51616371,55.70956939],[12.51688973,55.70954315],[12.51701958,55.71044147],[12.51601615,55.71063416],[12.5159645,55.71061697]],[[12.51632308,55.70985616],[12.51632603,55.70993577],[12.51642933,55.7100199],[12.51687645,55.7099231],[12.51684693,55.70981636],[12.51667281,55.70973856],[12.51645441,55.70975574],[12.51632308,55.70985616]],[[12.51645736,55.71003076],[12.51651639,55.71004614],[12.51673626,55.71003257],[12.51686612,55.7099421],[12.51645736,55.71003076]]]},"properties":{"id":"copenhagen:371","name":"Utterslev Torv","nameAddon":null,"objectNumber":"371","district":"Bispebjerg","locality":null,"type":"Lokale parker","areaM2":5219.2,"areaHa":0.52,"designation":null,"dedicated":null,"builtYear":null,"renovatedYear":null,"planningAreaId":null,"planningAreaName":null,"centroid":[12.51647,55.710104],"bounds":[12.51596,55.70954,12.51702,55.71063],"amenities":{"playground":{"status":"not-observed","count":0,"nearestMeters":null,"coverage":"community-mapped-observations"},"toilet":{"status":"not-observed","count":0,"nearestMeters":null,"coverage":"community-mapped-observations"},"drinkingFountain":{"status":"not-observed","count":0,"nearestMeters":null,"coverage":"community-mapped-observations"},"dogRun":{"status":"not-observed","count":0,"nearestMeters":null,"coverage":"community-mapped-observations"}},"sourceId":"parks"}},{"type":"Feature","id":"copenhagen:372","geometry":{"type":"Polygon","coordinates":[[[12.52724132,55.69643839],[12.52819901,55.69633345],[12.53013948,55.69623575],[12.53038443,55.69647187],[12.52724132,55.69643839]]]},"properties":{"id":"copenhagen:372","name":"Hillerødsgade 85-87","nameAddon":null,"objectNumber":"372","district":"Bispebjerg","locality":null,"type":"Andet grønt område","areaM2":3329.9,"areaHa":0.33,"designation":null,"dedicated":null,"builtYear":null,"renovatedYear":null,"planningAreaId":null,"planningAreaName":null,"centroid":[12.52916,55.696376],"bounds":[12.52724,55.69624,12.53038,55.69647],"amenities":{"playground":{"status":"not-observed","count":0,"nearestMeters":null,"coverage":"community-mapped-observations"},"toilet":{"status":"not-observed","count":0,"nearestMeters":null,"coverage":"community-mapped-observations"},"drinkingFountain":{"status":"not-observed","count":0,"nearestMeters":null,"coverage":"community-mapped-observations"},"dogRun":{"status":"not-observed","count":0,"nearestMeters":null,"coverage":"community-mapped-observations"}},"sourceId":"parks"}},{"type":"Feature","id":"copenhagen:373","geometry":{"type":"Polygon","coordinates":[[[12.52717787,55.69608377],[12.52732543,55.6958757],[12.52780797,55.69560973],[12.52972482,55.69583409],[12.52982221,55.69592998],[12.52823,55.6960512],[12.52763237,55.69601592],[12.52717787,55.69608377]]]},"properties":{"id":"copenhagen:373","name":"Bispeengbuen","nameAddon":null,"objectNumber":"373","district":"Bispebjerg","locality":null,"type":"Andet grønt område","areaM2":5003.9,"areaHa":0.5,"designation":null,"dedicated":null,"builtYear":null,"renovatedYear":null,"planningAreaId":null,"planningAreaName":null,"centroid":[12.528363,55.695865],"bounds":[12.52718,55.69561,12.52982,55.69608],"amenities":{"playground":{"status":"not-observed","count":0,"nearestMeters":null,"coverage":"community-mapped-observations"},"toilet":{"status":"not-observed","count":0,"nearestMeters":null,"coverage":"community-mapped-observations"},"drinkingFountain":{"status":"not-observed","count":0,"nearestMeters":null,"coverage":"community-mapped-observations"},"dogRun":{"status":"not-observed","count":0,"nearestMeters":null,"coverage":"community-mapped-observations"}},"sourceId":"parks"}},{"type":"Feature","id":"copenhagen:39","geometry":{"type":"MultiPolygon","coordinates":[[[[12.60182889,55.66627465],[12.60206057,55.66620952],[12.60290906,55.66528406],[12.60296366,55.66528316],[12.6036823,55.66543785],[12.60370738,55.66540076],[12.61886365,55.66866474],[12.61881348,55.6687543],[12.61872937,55.66879048],[12.61833242,55.6687932],[12.61822028,55.66869007],[12.618055,55.66862674],[12.61257301,55.6674516],[12.61213475,55.66732314],[12.61064288,55.66705175],[12.60302416,55.66539081],[12.60212992,55.66636421],[12.60191301,55.66637145],[12.60182889,55.66627465]]],[[[12.61911746,55.66882667],[12.61914845,55.66871721],[12.61969296,55.66883481],[12.62485032,55.66993758],[12.62474112,55.67002352],[12.61911746,55.66882667]]]]},"properties":{"id":"copenhagen:39","name":"Prags Boulevard","nameAddon":null,"objectNumber":"39","district":"Amager Øst","locality":null,"type":"Lokale parker","areaM2":21178.2,"areaHa":2.12,"designation":null,"dedicated":null,"builtYear":null,"renovatedYear":null,"planningAreaId":null,"planningAreaName":null,"centroid":[12.612604,55.667434],"bounds":[12.60183,55.66528,12.62485,55.67002],"amenities":{"playground":{"status":"observed-nearby","count":3,"nearestMeters":0,"coverage":"community-mapped-observations"},"toilet":{"status":"not-observed","count":0,"nearestMeters":null,"coverage":"community-mapped-observations"},"drinkingFountain":{"status":"not-observed","count":0,"nearestMeters":null,"coverage":"community-mapped-observations"},"dogRun":{"status":"not-observed","count":0,"nearestMeters":null,"coverage":"community-mapped-observations"}},"sourceId":"parks"}},{"type":"Feature","id":"copenhagen:4","geometry":{"type":"Polygon","coordinates":[[[12.58695004,55.67032025],[12.58696037,55.67028044],[12.58739568,55.67023702],[12.58752702,55.67031844],[12.58720828,55.67047946],[12.58695004,55.67032025]]]},"properties":{"id":"copenhagen:4","name":"Amandas Plads","nameAddon":null,"objectNumber":"4","district":"Indre by","locality":null,"type":"Andet grønt område","areaM2":533.7,"areaHa":0.05,"designation":null,"dedicated":null,"builtYear":null,"renovatedYear":null,"planningAreaId":null,"planningAreaName":null,"centroid":[12.587234,55.670338],"bounds":[12.58695,55.67024,12.58753,55.67048],"amenities":{"playground":{"status":"not-observed","count":0,"nearestMeters":null,"coverage":"community-mapped-observations"},"toilet":{"status":"not-observed","count":0,"nearestMeters":null,"coverage":"community-mapped-observations"},"drinkingFountain":{"status":"not-observed","count":0,"nearestMeters":null,"coverage":"community-mapped-observations"},"dogRun":{"status":"not-observed","count":0,"nearestMeters":null,"coverage":"community-mapped-observations"}},"sourceId":"parks"}},{"type":"Feature","id":"copenhagen:41","geometry":{"type":"MultiPolygon","coordinates":[[[[12.60463408,55.66092003],[12.60487018,55.66072824],[12.60492183,55.66074995],[12.60489675,55.66078795],[12.60468868,55.66095893],[12.60463408,55.66092003]]],[[[12.60473738,55.66097612],[12.60491445,55.66083952],[12.6050266,55.66088113],[12.60503988,55.66096436],[12.60493511,55.66104758],[12.60473738,55.66097612]]],[[[12.60489084,55.66071196],[12.60511219,55.66053193],[12.60519187,55.66052651],[12.60500594,55.66069929],[12.60494692,55.66073367],[12.60489084,55.66071196]]],[[[12.60505907,55.66089018],[12.60510333,55.66085399],[12.60518154,55.66091098],[12.605093,55.66098426],[12.60505907,55.66089018]]],[[[12.60510333,55.66069025],[12.60525237,55.66055726],[12.60590461,55.66087027],[12.60570097,55.66100054],[12.60542355,55.66088294],[12.60544716,55.66082775],[12.60533501,55.66078433],[12.60524942,55.6608169],[12.60518007,55.66078976],[12.60523614,55.66074362],[12.60510333,55.66069025]]]]},"properties":{"id":"copenhagen:41","name":"Sundby Kirke","nameAddon":null,"objectNumber":"41","district":"Amager Øst","locality":null,"type":"Andet grønt område","areaM2":1498.6,"areaHa":0.15,"designation":null,"dedicated":null,"builtYear":null,"renovatedYear":null,"planningAreaId":null,"planningAreaName":null,"centroid":[12.605287,55.660809],"bounds":[12.60463,55.66053,12.6059,55.66105],"amenities":{"playground":{"status":"not-observed","count":0,"nearestMeters":null,"coverage":"community-mapped-observations"},"toilet":{"status":"not-observed","count":0,"nearestMeters":null,"coverage":"community-mapped-observations"},"drinkingFountain":{"status":"not-observed","count":0,"nearestMeters":null,"coverage":"community-mapped-observations"},"dogRun":{"status":"not-observed","count":0,"nearestMeters":null,"coverage":"community-mapped-observations"}},"sourceId":"parks"}},{"type":"Feature","id":"copenhagen:42","geometry":{"type":"Polygon","coordinates":[[[12.56191733,55.69661751],[12.56207817,55.69642844],[12.5630698,55.69574453],[12.56555773,55.69427447],[12.56598419,55.69406007],[12.56640917,55.69405102],[12.56650509,55.69399855],[12.56699205,55.69426271],[12.56699205,55.69435679],[12.56708796,55.69440836],[12.56217852,55.69735119],[12.56213277,55.69737561],[12.56199701,55.69731319],[12.56191733,55.69661751]]]},"properties":{"id":"copenhagen:42","name":"Amorparken","nameAddon":null,"objectNumber":"42","district":"Østerbro","locality":null,"type":"Lokale parker","areaM2":34110.9,"areaHa":3.41,"designation":null,"dedicated":null,"builtYear":null,"renovatedYear":null,"planningAreaId":null,"planningAreaName":null,"centroid":[12.564328,55.695557],"bounds":[12.56192,55.694,12.56709,55.69738],"amenities":{"playground":{"status":"observed-nearby","count":2,"nearestMeters":64,"coverage":"community-mapped-observations"},"toilet":{"status":"not-observed","count":0,"nearestMeters":null,"coverage":"community-mapped-observations"},"drinkingFountain":{"status":"not-observed","count":0,"nearestMeters":null,"coverage":"community-mapped-observations"},"dogRun":{"status":"not-observed","count":0,"nearestMeters":null,"coverage":"community-mapped-observations"}},"sourceId":"parks"}},{"type":"Feature","id":"copenhagen:43","geometry":{"type":"Polygon","coordinates":[[[12.55193759,55.69495205],[12.5520645,55.6947476],[12.55267098,55.69488873],[12.55261491,55.6950009],[12.55193759,55.69495205]]]},"properties":{"id":"copenhagen:43","name":"Asnæsgade","nameAddon":null,"objectNumber":"43","district":"Nørrebro","locality":null,"type":"Andet grønt område","areaM2":772.8,"areaHa":0.08,"designation":null,"dedicated":null,"builtYear":null,"renovatedYear":null,"planningAreaId":null,"planningAreaName":null,"centroid":[12.55229,55.694893],"bounds":[12.55194,55.69475,12.55267,55.695],"amenities":{"playground":{"status":"observed-nearby","count":1,"nearestMeters":62,"coverage":"community-mapped-observations"},"toilet":{"status":"not-observed","count":0,"nearestMeters":null,"coverage":"community-mapped-observations"},"drinkingFountain":{"status":"not-observed","count":0,"nearestMeters":null,"coverage":"community-mapped-observations"},"dogRun":{"status":"not-observed","count":0,"nearestMeters":null,"coverage":"community-mapped-observations"}},"sourceId":"parks"}},{"type":"Feature","id":"copenhagen:48","geometry":{"type":"Polygon","coordinates":[[[12.55331436,55.69672336],[12.55442847,55.69669984],[12.55447274,55.69721368],[12.55438715,55.6975674],[12.55398283,55.69769405],[12.55341175,55.69716121],[12.55331436,55.69672336]]]},"properties":{"id":"copenhagen:48","name":"Guldbergs Plads","nameAddon":null,"objectNumber":"48","district":"Nørrebro","locality":null,"type":"Lokale parker","areaM2":6127.7,"areaHa":0.61,"designation":null,"dedicated":null,"builtYear":null,"renovatedYear":null,"planningAreaId":null,"planningAreaName":null,"centroid":[12.55396,55.697118],"bounds":[12.55331,55.6967,12.55447,55.69769],"amenities":{"playground":{"status":"observed-nearby","count":2,"nearestMeters":0,"coverage":"community-mapped-observations"},"toilet":{"status":"not-observed","count":0,"nearestMeters":null,"coverage":"community-mapped-observations"},"drinkingFountain":{"status":"observed-nearby","count":1,"nearestMeters":0,"coverage":"community-mapped-observations"},"dogRun":{"status":"observed-nearby","count":1,"nearestMeters":0,"coverage":"community-mapped-observations"}},"sourceId":"parks"}},{"type":"Feature","id":"copenhagen:51","geometry":{"type":"Polygon","coordinates":[[[12.53859488,55.6965949],[12.53874097,55.69662927],[12.53874539,55.69670798],[12.53905675,55.69670346],[12.53907151,55.69695404],[12.53872326,55.69690881],[12.5386421,55.69685544],[12.53859488,55.6965949]]]},"properties":{"id":"copenhagen:51","name":"Hillerødgade","nameAddon":null,"objectNumber":"51","district":"Nørrebro","locality":null,"type":"Andet grønt område","areaM2":726.4,"areaHa":0.07,"designation":null,"dedicated":null,"builtYear":null,"renovatedYear":null,"planningAreaId":null,"planningAreaName":null,"centroid":[12.538838,55.696796],"bounds":[12.53859,55.69659,12.53907,55.69695],"amenities":{"playground":{"status":"observed-nearby","count":1,"nearestMeters":48,"coverage":"community-mapped-observations"},"toilet":{"status":"not-observed","count":0,"nearestMeters":null,"coverage":"community-mapped-observations"},"drinkingFountain":{"status":"not-observed","count":0,"nearestMeters":null,"coverage":"community-mapped-observations"},"dogRun":{"status":"not-observed","count":0,"nearestMeters":null,"coverage":"community-mapped-observations"}},"sourceId":"parks"}},{"type":"Feature","id":"copenhagen:52","geometry":{"type":"Polygon","coordinates":[[[12.54520721,55.71707979],[12.54578418,55.71633707],[12.54718309,55.71674959],[12.54746641,55.71691424],[12.54770399,55.71721006],[12.54891106,55.71697123],[12.54959871,55.71810385],[12.54955886,55.71814818],[12.54803306,55.71844581],[12.54731147,55.71728967],[12.54558497,55.71763344],[12.54520721,55.71707979]]]},"properties":{"id":"copenhagen:52","name":"Keldsøvej-Bredelandsvej","nameAddon":null,"objectNumber":"52","district":"Bispebjerg","locality":null,"type":"Andet grønt område","areaM2":27764.5,"areaHa":2.78,"designation":null,"dedicated":null,"builtYear":null,"renovatedYear":null,"planningAreaId":null,"planningAreaName":null,"centroid":[12.547439,55.717382],"bounds":[12.54521,55.71634,12.5496,55.71845],"amenities":{"playground":{"status":"observed-nearby","count":4,"nearestMeters":45,"coverage":"community-mapped-observations"},"toilet":{"status":"not-observed","count":0,"nearestMeters":null,"coverage":"community-mapped-observations"},"drinkingFountain":{"status":"observed-nearby","count":1,"nearestMeters":4,"coverage":"community-mapped-observations"},"dogRun":{"status":"not-observed","count":0,"nearestMeters":null,"coverage":"community-mapped-observations"}},"sourceId":"parks"}},{"type":"Feature","id":"copenhagen:56","geometry":{"type":"Polygon","coordinates":[[[12.55545846,55.72293559],[12.5556503,55.72244798],[12.5557654,55.72244436],[12.5557713,55.72254116],[12.55591739,55.72257735],[12.55604872,55.7225683],[12.55609299,55.72253031],[12.55650617,55.7225104],[12.55654453,55.7228985],[12.55545846,55.72293559]]]},"properties":{"id":"copenhagen:56","name":"Lundehusskoven","nameAddon":null,"objectNumber":"56","district":"Bispebjerg","locality":null,"type":"Andet grønt område","areaM2":2811.7,"areaHa":0.28,"designation":null,"dedicated":null,"builtYear":null,"renovatedYear":null,"planningAreaId":null,"planningAreaName":null,"centroid":[12.556021,55.722726],"bounds":[12.55546,55.72244,12.55654,55.72294],"amenities":{"playground":{"status":"not-observed","count":0,"nearestMeters":null,"coverage":"community-mapped-observations"},"toilet":{"status":"not-observed","count":0,"nearestMeters":null,"coverage":"community-mapped-observations"},"drinkingFountain":{"status":"not-observed","count":0,"nearestMeters":null,"coverage":"community-mapped-observations"},"dogRun":{"status":"not-observed","count":0,"nearestMeters":null,"coverage":"community-mapped-observations"}},"sourceId":"parks"}},{"type":"Feature","id":"copenhagen:57","geometry":{"type":"Polygon","coordinates":[[[12.54468041,55.68950516],[12.5448324,55.68921386],[12.54516294,55.68949792],[12.54526919,55.68945902],[12.54531788,55.68949792],[12.54501685,55.68955401],[12.54468041,55.68950516]]]},"properties":{"id":"copenhagen:57","name":"Metropolitanskolen","nameAddon":null,"objectNumber":"57","district":"Nørrebro","locality":null,"type":"Andet grønt område","areaM2":674.8,"areaHa":0.07,"designation":null,"dedicated":null,"builtYear":null,"renovatedYear":null,"planningAreaId":null,"planningAreaName":null,"centroid":[12.544926,55.68943],"bounds":[12.54468,55.68921,12.54532,55.68955],"amenities":{"playground":{"status":"not-observed","count":0,"nearestMeters":null,"coverage":"community-mapped-observations"},"toilet":{"status":"not-observed","count":0,"nearestMeters":null,"coverage":"community-mapped-observations"},"drinkingFountain":{"status":"observed-nearby","count":1,"nearestMeters":19,"coverage":"community-mapped-observations"},"dogRun":{"status":"not-observed","count":0,"nearestMeters":null,"coverage":"community-mapped-observations"}},"sourceId":"parks"}},{"type":"Feature","id":"copenhagen:58","geometry":{"type":"Polygon","coordinates":[[[12.55324648,55.69276642],[12.55364933,55.69250498],[12.55407136,55.69273928],[12.55366999,55.69300796],[12.55344127,55.69287679],[12.55324648,55.69276642]]]},"properties":{"id":"copenhagen:58","name":"Prinsesse Charlottes Gade","nameAddon":null,"objectNumber":"58","district":"Nørrebro","locality":null,"type":"Andet grønt område","areaM2":1445.3,"areaHa":0.14,"designation":null,"dedicated":null,"builtYear":null,"renovatedYear":null,"planningAreaId":null,"planningAreaName":null,"centroid":[12.553659,55.692755],"bounds":[12.55325,55.6925,12.55407,55.69301],"amenities":{"playground":{"status":"observed-nearby","count":3,"nearestMeters":0,"coverage":"community-mapped-observations"},"toilet":{"status":"not-observed","count":0,"nearestMeters":null,"coverage":"community-mapped-observations"},"drinkingFountain":{"status":"not-observed","count":0,"nearestMeters":null,"coverage":"community-mapped-observations"},"dogRun":{"status":"not-observed","count":0,"nearestMeters":null,"coverage":"community-mapped-observations"}},"sourceId":"parks"}},{"type":"Feature","id":"copenhagen:59","geometry":{"type":"Polygon","coordinates":[[[12.56272303,55.68969785],[12.56297979,55.68956486],[12.56326311,55.68975665],[12.56299159,55.6898842],[12.56272303,55.68969785]]]},"properties":{"id":"copenhagen:59","name":"Ravnsborggade","nameAddon":null,"objectNumber":"59","district":"Nørrebro","locality":null,"type":"Andet grønt område","areaM2":601.1,"areaHa":0.06,"designation":null,"dedicated":null,"builtYear":null,"renovatedYear":null,"planningAreaId":null,"planningAreaName":null,"centroid":[12.562991,55.689726],"bounds":[12.56272,55.68956,12.56326,55.68988],"amenities":{"playground":{"status":"not-observed","count":0,"nearestMeters":null,"coverage":"community-mapped-observations"},"toilet":{"status":"not-observed","count":0,"nearestMeters":null,"coverage":"community-mapped-observations"},"drinkingFountain":{"status":"not-observed","count":0,"nearestMeters":null,"coverage":"community-mapped-observations"},"dogRun":{"status":"not-observed","count":0,"nearestMeters":null,"coverage":"community-mapped-observations"}},"sourceId":"parks"}},{"type":"Feature","id":"copenhagen:6","geometry":{"type":"Polygon","coordinates":[[[12.58987033,55.68132441],[12.58994264,55.68124389],[12.59008134,55.68134069],[12.5900415,55.68136602],[12.58987033,55.68132441]]]},"properties":{"id":"copenhagen:6","name":"Store Strandstræde","nameAddon":null,"objectNumber":"6","district":"Indre by","locality":null,"type":"Andet grønt område","areaM2":104.9,"areaHa":0.01,"designation":null,"dedicated":null,"builtYear":null,"renovatedYear":null,"planningAreaId":null,"planningAreaName":null,"centroid":[12.589973,55.681313],"bounds":[12.58987,55.68124,12.59008,55.68137],"amenities":{"playground":{"status":"observed-nearby","count":1,"nearestMeters":52,"coverage":"community-mapped-observations"},"toilet":{"status":"not-observed","count":0,"nearestMeters":null,"coverage":"community-mapped-observations"},"drinkingFountain":{"status":"not-observed","count":0,"nearestMeters":null,"coverage":"community-mapped-observations"},"dogRun":{"status":"not-observed","count":0,"nearestMeters":null,"coverage":"community-mapped-observations"}},"sourceId":"parks"}},{"type":"Feature","id":"copenhagen:61","geometry":{"type":"Polygon","coordinates":[[[12.53945665,55.69264429],[12.53995984,55.69264158],[12.5399687,55.69368102],[12.53946698,55.69368283],[12.53946698,55.69352452],[12.53945665,55.69264429]]]},"properties":{"id":"copenhagen:61","name":"Rungsted Plads","nameAddon":null,"objectNumber":"61","district":"Nørrebro","locality":null,"type":"Lokale parker","areaM2":3424.3,"areaHa":0.34,"designation":null,"dedicated":null,"builtYear":null,"renovatedYear":null,"planningAreaId":null,"planningAreaName":null,"centroid":[12.539713,55.693162],"bounds":[12.53946,55.69264,12.53997,55.69368],"amenities":{"playground":{"status":"not-observed","count":0,"nearestMeters":null,"coverage":"community-mapped-observations"},"toilet":{"status":"not-observed","count":0,"nearestMeters":null,"coverage":"community-mapped-observations"},"drinkingFountain":{"status":"not-observed","count":0,"nearestMeters":null,"coverage":"community-mapped-observations"},"dogRun":{"status":"not-observed","count":0,"nearestMeters":null,"coverage":"community-mapped-observations"}},"sourceId":"parks"}},{"type":"Feature","id":"copenhagen:62","geometry":{"type":"Polygon","coordinates":[[[12.53942271,55.69549937],[12.53943599,55.69509499],[12.53960864,55.69509499],[12.53961454,55.69550932],[12.53942271,55.69549937]]]},"properties":{"id":"copenhagen:62","name":"Sandbjerggade","nameAddon":null,"objectNumber":"62","district":"Nørrebro","locality":null,"type":"Andet grønt område","areaM2":552.9,"areaHa":0.06,"designation":null,"dedicated":null,"builtYear":null,"renovatedYear":null,"planningAreaId":null,"planningAreaName":null,"centroid":[12.539521,55.695303],"bounds":[12.53942,55.69509,12.53961,55.69551],"amenities":{"playground":{"status":"not-observed","count":0,"nearestMeters":null,"coverage":"community-mapped-observations"},"toilet":{"status":"not-observed","count":0,"nearestMeters":null,"coverage":"community-mapped-observations"},"drinkingFountain":{"status":"not-observed","count":0,"nearestMeters":null,"coverage":"community-mapped-observations"},"dogRun":{"status":"not-observed","count":0,"nearestMeters":null,"coverage":"community-mapped-observations"}},"sourceId":"parks"}},{"type":"Feature","id":"copenhagen:63","geometry":{"type":"Polygon","coordinates":[[[12.56393895,55.68929528],[12.56426359,55.68914149],[12.56438312,55.68923195],[12.56406586,55.68938122],[12.56393895,55.68929528]]]},"properties":{"id":"copenhagen:63","name":"Sankt Hans Gade","nameAddon":null,"objectNumber":"63","district":"Nørrebro","locality":null,"type":"Andet grønt område","areaM2":328.6,"areaHa":0.03,"designation":null,"dedicated":null,"builtYear":null,"renovatedYear":null,"planningAreaId":null,"planningAreaName":null,"centroid":[12.564163,55.689262],"bounds":[12.56394,55.68914,12.56438,55.68938],"amenities":{"playground":{"status":"not-observed","count":0,"nearestMeters":null,"coverage":"community-mapped-observations"},"toilet":{"status":"not-observed","count":0,"nearestMeters":null,"coverage":"community-mapped-observations"},"drinkingFountain":{"status":"not-observed","count":0,"nearestMeters":null,"coverage":"community-mapped-observations"},"dogRun":{"status":"not-observed","count":0,"nearestMeters":null,"coverage":"community-mapped-observations"}},"sourceId":"parks"}},{"type":"Feature","id":"copenhagen:64","geometry":{"type":"Polygon","coordinates":[[[12.5610467,55.6912457],[12.56111606,55.69104125],[12.56193061,55.69148996],[12.56159711,55.69164465],[12.56120902,55.69168808],[12.56111606,55.6915569],[12.5610467,55.6912457]]]},"properties":{"id":"copenhagen:64","name":"Sankt Johannes Kirke","nameAddon":null,"objectNumber":"64","district":"Nørrebro","locality":null,"type":"Andet grønt område","areaM2":2213,"areaHa":0.22,"designation":null,"dedicated":null,"builtYear":null,"renovatedYear":null,"planningAreaId":null,"planningAreaName":null,"centroid":[12.56139,55.691416],"bounds":[12.56105,55.69104,12.56193,55.69169],"amenities":{"playground":{"status":"not-observed","count":0,"nearestMeters":null,"coverage":"community-mapped-observations"},"toilet":{"status":"observed-nearby","count":1,"nearestMeters":0,"coverage":"community-mapped-observations"},"drinkingFountain":{"status":"not-observed","count":0,"nearestMeters":null,"coverage":"community-mapped-observations"},"dogRun":{"status":"not-observed","count":0,"nearestMeters":null,"coverage":"community-mapped-observations"}},"sourceId":"parks"}},{"type":"Feature","id":"copenhagen:65","geometry":{"type":"Polygon","coordinates":[[[12.57800768,55.72152614],[12.57860826,55.72126922],[12.57887093,55.72119233],[12.57902439,55.72130089],[12.57901406,55.72154062],[12.57859646,55.72153519],[12.57859056,55.72162656],[12.57802096,55.72162566],[12.57800768,55.72152614]]]},"properties":{"id":"copenhagen:65","name":"Scherfigsvej","nameAddon":null,"objectNumber":"65","district":"Østerbro","locality":null,"type":"Andet grønt område","areaM2":1857.8,"areaHa":0.19,"designation":null,"dedicated":null,"builtYear":null,"renovatedYear":null,"planningAreaId":null,"planningAreaName":null,"centroid":[12.578579,55.721444],"bounds":[12.57801,55.72119,12.57902,55.72163],"amenities":{"playground":{"status":"not-observed","count":0,"nearestMeters":null,"coverage":"community-mapped-observations"},"toilet":{"status":"not-observed","count":0,"nearestMeters":null,"coverage":"community-mapped-observations"},"drinkingFountain":{"status":"not-observed","count":0,"nearestMeters":null,"coverage":"community-mapped-observations"},"dogRun":{"status":"observed-nearby","count":1,"nearestMeters":0,"coverage":"community-mapped-observations"}},"sourceId":"parks"}},{"type":"Feature","id":"copenhagen:67","geometry":{"type":"MultiPolygon","coordinates":[[[[12.55409645,55.69469061],[12.55424696,55.69452325],[12.55502905,55.69490139],[12.55498183,55.69503528],[12.55409645,55.69469061]]],[[[12.55520613,55.69506333],[12.55524745,55.69500814],[12.55564587,55.69520083],[12.5556016,55.6952325],[12.55520613,55.69506333]]],[[[12.55565325,55.69525511],[12.55569456,55.69522526],[12.55599855,55.69539081],[12.55598231,55.69539624],[12.55565325,55.69525511]]]]},"properties":{"id":"copenhagen:67","name":"Sjællandsgade","nameAddon":null,"objectNumber":"67","district":"Nørrebro","locality":null,"type":"Andet grønt område","areaM2":1489.5,"areaHa":0.15,"designation":null,"dedicated":null,"builtYear":null,"renovatedYear":null,"planningAreaId":null,"planningAreaName":null,"centroid":[12.554732,55.694847],"bounds":[12.5541,55.69452,12.556,55.6954],"amenities":{"playground":{"status":"observed-nearby","count":2,"nearestMeters":19,"coverage":"community-mapped-observations"},"toilet":{"status":"not-observed","count":0,"nearestMeters":null,"coverage":"community-mapped-observations"},"drinkingFountain":{"status":"not-observed","count":0,"nearestMeters":null,"coverage":"community-mapped-observations"},"dogRun":{"status":"not-observed","count":0,"nearestMeters":null,"coverage":"community-mapped-observations"}},"sourceId":"parks"}},{"type":"Feature","id":"copenhagen:68","geometry":{"type":"MultiPolygon","coordinates":[[[[12.58440309,55.71569568],[12.58449015,55.7155645],[12.58470707,55.71560973],[12.58499187,55.71560069],[12.58487234,55.71572462],[12.58470117,55.71565044],[12.58440309,55.71569568]]],[[[12.58453737,55.71550389],[12.58573854,55.71413696],[12.58589644,55.71418582],[12.58601744,55.71427628],[12.58602039,55.71438574],[12.58593038,55.71441017],[12.58494022,55.71543423],[12.58496531,55.71549756],[12.58478676,55.71554731],[12.58453737,55.71550389]]]]},"properties":{"id":"copenhagen:68","name":"Strandvænget","nameAddon":null,"objectNumber":"68","district":"Østerbro","locality":null,"type":"Andet grønt område","areaM2":4096.4,"areaHa":0.41,"designation":null,"dedicated":null,"builtYear":null,"renovatedYear":null,"planningAreaId":null,"planningAreaName":null,"centroid":[12.585273,55.714896],"bounds":[12.5844,55.71414,12.58602,55.71572],"amenities":{"playground":{"status":"not-observed","count":0,"nearestMeters":null,"coverage":"community-mapped-observations"},"toilet":{"status":"not-observed","count":0,"nearestMeters":null,"coverage":"community-mapped-observations"},"drinkingFountain":{"status":"not-observed","count":0,"nearestMeters":null,"coverage":"community-mapped-observations"},"dogRun":{"status":"not-observed","count":0,"nearestMeters":null,"coverage":"community-mapped-observations"}},"sourceId":"parks"}},{"type":"Feature","id":"copenhagen:71","geometry":{"type":"Polygon","coordinates":[[[12.55335125,55.69452506],[12.55370393,55.69422472],[12.55401972,55.69441198],[12.55382493,55.69463995],[12.55335125,55.69452506]]]},"properties":{"id":"copenhagen:71","name":"Udbygade","nameAddon":null,"objectNumber":"71","district":"Nørrebro","locality":null,"type":"Andet grønt område","areaM2":1060.5,"areaHa":0.11,"designation":null,"dedicated":null,"builtYear":null,"renovatedYear":null,"planningAreaId":null,"planningAreaName":null,"centroid":[12.55371,55.694449],"bounds":[12.55335,55.69422,12.55402,55.69464],"amenities":{"playground":{"status":"observed-nearby","count":2,"nearestMeters":0,"coverage":"community-mapped-observations"},"toilet":{"status":"not-observed","count":0,"nearestMeters":null,"coverage":"community-mapped-observations"},"drinkingFountain":{"status":"not-observed","count":0,"nearestMeters":null,"coverage":"community-mapped-observations"},"dogRun":{"status":"not-observed","count":0,"nearestMeters":null,"coverage":"community-mapped-observations"}},"sourceId":"parks"}},{"type":"Feature","id":"copenhagen:73","geometry":{"type":"Polygon","coordinates":[[[12.5768921,55.70880858],[12.576898,55.70842862],[12.57696883,55.70839967],[12.57713115,55.70839515],[12.57713115,55.70882757],[12.5768921,55.70880858]]]},"properties":{"id":"copenhagen:73","name":"P.H.'s Plads","nameAddon":null,"objectNumber":"73","district":"Østerbro","locality":null,"type":"Andet grønt område","areaM2":705.4,"areaHa":0.07,"designation":null,"dedicated":null,"builtYear":null,"renovatedYear":null,"planningAreaId":null,"planningAreaName":null,"centroid":[12.577015,55.708611],"bounds":[12.57689,55.7084,12.57713,55.70883],"amenities":{"playground":{"status":"not-observed","count":0,"nearestMeters":null,"coverage":"community-mapped-observations"},"toilet":{"status":"not-observed","count":0,"nearestMeters":null,"coverage":"community-mapped-observations"},"drinkingFountain":{"status":"not-observed","count":0,"nearestMeters":null,"coverage":"community-mapped-observations"},"dogRun":{"status":"not-observed","count":0,"nearestMeters":null,"coverage":"community-mapped-observations"}},"sourceId":"parks"}},{"type":"Feature","id":"copenhagen:74","geometry":{"type":"Polygon","coordinates":[[[12.58250542,55.70644292],[12.5835059,55.70655238],[12.58297763,55.70695043],[12.58295402,55.70694952],[12.58250542,55.70644292]]]},"properties":{"id":"copenhagen:74","name":"Århus plads","nameAddon":null,"objectNumber":"74","district":"Østerbro","locality":null,"type":"Lokale parker","areaM2":1674.1,"areaHa":0.17,"designation":null,"dedicated":null,"builtYear":null,"renovatedYear":null,"planningAreaId":null,"planningAreaName":null,"centroid":[12.582992,55.706652],"bounds":[12.58251,55.70644,12.58351,55.70695],"amenities":{"playground":{"status":"observed-nearby","count":1,"nearestMeters":0,"coverage":"community-mapped-observations"},"toilet":{"status":"not-observed","count":0,"nearestMeters":null,"coverage":"community-mapped-observations"},"drinkingFountain":{"status":"observed-nearby","count":1,"nearestMeters":0,"coverage":"community-mapped-observations"},"dogRun":{"status":"not-observed","count":0,"nearestMeters":null,"coverage":"community-mapped-observations"}},"sourceId":"parks"}},{"type":"Feature","id":"copenhagen:75","geometry":{"type":"Polygon","coordinates":[[[12.58767015,55.69786774],[12.58804939,55.69737109],[12.58832534,55.69743984],[12.58843158,55.69729962],[12.58988951,55.69765515],[12.58978179,55.69779627],[12.58995444,55.69783608],[12.58987918,55.69840872],[12.58767015,55.69786774]]]},"properties":{"id":"copenhagen:75","name":"Classens Have","nameAddon":null,"objectNumber":"75","district":"Indre by","locality":null,"type":"Lokale parker","areaM2":10325.7,"areaHa":1.03,"designation":null,"dedicated":null,"builtYear":null,"renovatedYear":null,"planningAreaId":null,"planningAreaName":null,"centroid":[12.588923,55.697823],"bounds":[12.58767,55.6973,12.58995,55.69841],"amenities":{"playground":{"status":"observed-nearby","count":1,"nearestMeters":0,"coverage":"community-mapped-observations"},"toilet":{"status":"not-observed","count":0,"nearestMeters":null,"coverage":"community-mapped-observations"},"drinkingFountain":{"status":"not-observed","count":0,"nearestMeters":null,"coverage":"community-mapped-observations"},"dogRun":{"status":"not-observed","count":0,"nearestMeters":null,"coverage":"community-mapped-observations"}},"sourceId":"parks"}},{"type":"Feature","id":"copenhagen:76","geometry":{"type":"Polygon","coordinates":[[[12.59383094,55.68248507],[12.59444333,55.68232405],[12.5944994,55.68239099],[12.59643839,55.68473041],[12.59582895,55.68489597],[12.59383094,55.68248507]]]},"properties":{"id":"copenhagen:76","name":"Amaliehaven","nameAddon":null,"objectNumber":"76","district":"Indre by","locality":null,"type":"Haveanlæg","areaM2":12428,"areaHa":1.24,"designation":null,"dedicated":null,"builtYear":null,"renovatedYear":null,"planningAreaId":null,"planningAreaName":null,"centroid":[12.595135,55.683609],"bounds":[12.59383,55.68232,12.59644,55.6849],"amenities":{"playground":{"status":"not-observed","count":0,"nearestMeters":null,"coverage":"community-mapped-observations"},"toilet":{"status":"not-observed","count":0,"nearestMeters":null,"coverage":"community-mapped-observations"},"drinkingFountain":{"status":"not-observed","count":0,"nearestMeters":null,"coverage":"community-mapped-observations"},"dogRun":{"status":"not-observed","count":0,"nearestMeters":null,"coverage":"community-mapped-observations"}},"sourceId":"parks"}},{"type":"Feature","id":"copenhagen:78","geometry":{"type":"Polygon","coordinates":[[[12.58046757,55.67473403],[12.58116259,55.67414149],[12.58146657,55.67425457],[12.58142526,55.67429437],[12.58152117,55.67433327],[12.58168939,55.67439208],[12.58173957,55.67434865],[12.58214979,55.67450335],[12.58146067,55.6750977],[12.58046757,55.67473403]]]},"properties":{"id":"copenhagen:78","name":"Det Kongelige Biblioteks Have","nameAddon":null,"objectNumber":"78","district":"Indre by","locality":null,"type":"Haveanlæg","areaM2":5370.7,"areaHa":0.54,"designation":null,"dedicated":null,"builtYear":null,"renovatedYear":null,"planningAreaId":null,"planningAreaName":null,"centroid":[12.581305,55.674625],"bounds":[12.58047,55.67414,12.58215,55.6751],"amenities":{"playground":{"status":"not-observed","count":0,"nearestMeters":null,"coverage":"community-mapped-observations"},"toilet":{"status":"observed-nearby","count":2,"nearestMeters":28,"coverage":"community-mapped-observations"},"drinkingFountain":{"status":"not-observed","count":0,"nearestMeters":null,"coverage":"community-mapped-observations"},"dogRun":{"status":"not-observed","count":0,"nearestMeters":null,"coverage":"community-mapped-observations"}},"sourceId":"parks"}},{"type":"Feature","id":"copenhagen:79","geometry":{"type":"Polygon","coordinates":[[[12.57585768,55.68581057],[12.57664714,55.68545323],[12.57688177,55.68562964],[12.57742628,55.68537814],[12.57734954,55.68533201],[12.57762106,55.68516917],[12.57807113,55.68563325],[12.5781641,55.68560612],[12.57851235,55.68576172],[12.57816557,55.68586575],[12.57805638,55.68580604],[12.57775092,55.68601049],[12.57793832,55.6861281],[12.57872927,55.68579881],[12.577655,55.68498914],[12.57770665,55.68496743],[12.57646564,55.68394427],[12.58055758,55.6828786],[12.58079516,55.68295549],[12.58085566,55.6829383],[12.58343212,55.68596345],[12.58337015,55.68606387],[12.5788119,55.68729781],[12.57870861,55.68726705],[12.57837069,55.68726072],[12.57672092,55.68640673],[12.57585768,55.68581057]]]},"properties":{"id":"copenhagen:79","name":"Kongens have","nameAddon":null,"objectNumber":"79","district":"Indre by","locality":null,"type":"Regionale parker","areaM2":134793.6,"areaHa":13.48,"designation":null,"dedicated":null,"builtYear":null,"renovatedYear":null,"planningAreaId":null,"planningAreaName":null,"centroid":[12.579681,55.685189],"bounds":[12.57586,55.68288,12.58343,55.6873],"amenities":{"playground":{"status":"observed-nearby","count":1,"nearestMeters":0,"coverage":"community-mapped-observations"},"toilet":{"status":"observed-nearby","count":3,"nearestMeters":0,"coverage":"community-mapped-observations"},"drinkingFountain":{"status":"not-observed","count":0,"nearestMeters":null,"coverage":"community-mapped-observations"},"dogRun":{"status":"not-observed","count":0,"nearestMeters":null,"coverage":"community-mapped-observations"}},"sourceId":"parks"}},{"type":"Feature","id":"copenhagen:898","geometry":{"type":"MultiPolygon","coordinates":[[[[12.62294527,55.65506875],[12.6230279,55.65495748],[12.62410364,55.65516374],[12.62534908,55.65542157],[12.62527825,55.65553284],[12.62409184,55.6552913],[12.62294527,55.65506875]]],[[[12.62532252,55.6555446],[12.6253963,55.65543152],[12.62659895,55.65567939],[12.62654287,55.65577709],[12.6264322,55.65576533],[12.62532252,55.6555446]]],[[[12.62668306,55.65581418],[12.62675389,55.65570925],[12.62941741,55.65617243],[12.62935396,55.65629094],[12.62750794,55.65595531],[12.62668306,55.65581418]]],[[[12.629503,55.65654514],[12.62970369,55.65622309],[12.63011539,55.65623575],[12.6301449,55.65628189],[12.63131803,55.65644111],[12.63126344,55.65654243],[12.63026443,55.65640583],[12.629503,55.65654514]]],[[[12.63186107,55.65660937],[12.63192305,55.65652253],[12.6352816,55.65698661],[12.6352388,55.65707617],[12.63487727,55.65702642],[12.63195846,55.65664737],[12.63186107,55.65660937]]],[[[12.63537899,55.65706713],[12.63540998,55.65703456],[12.63566821,55.65701918],[12.63624076,55.65709336],[12.63614042,55.65720825],[12.63543211,55.65710241],[12.63537899,55.65706713]]]]},"properties":{"id":"copenhagen:898","name":"Italiensvej","nameAddon":null,"objectNumber":"898","district":"Amager Øst","locality":null,"type":"Andet grønt område","areaM2":10124.2,"areaHa":1.01,"designation":null,"dedicated":null,"builtYear":null,"renovatedYear":null,"planningAreaId":null,"planningAreaName":null,"centroid":[12.629241,55.656135],"bounds":[12.62295,55.65496,12.63624,55.65721],"amenities":{"playground":{"status":"not-observed","count":0,"nearestMeters":null,"coverage":"community-mapped-observations"},"toilet":{"status":"observed-nearby","count":1,"nearestMeters":53,"coverage":"community-mapped-observations"},"drinkingFountain":{"status":"observed-nearby","count":1,"nearestMeters":42,"coverage":"community-mapped-observations"},"dogRun":{"status":"not-observed","count":0,"nearestMeters":null,"coverage":"community-mapped-observations"}},"sourceId":"parks"}},{"type":"Feature","id":"copenhagen:9","geometry":{"type":"MultiPolygon","coordinates":[[[[12.57428907,55.68903836],[12.57430383,55.68900217],[12.57474652,55.68879139],[12.57496639,55.68893523],[12.57454878,55.68915777],[12.57445434,55.68915596],[12.57428907,55.68903836]]],[[[12.57483949,55.68875249],[12.57772288,55.68738737],[12.57774059,55.68744889],[12.57742923,55.6876461],[12.57744546,55.68769043],[12.57639923,55.68836439],[12.57511248,55.68894337],[12.57483949,55.68875249]]]]},"properties":{"id":"copenhagen:9","name":"Sølvgade","nameAddon":null,"objectNumber":"9","district":"Indre by","locality":null,"type":"Andet grønt område","areaM2":6803.9,"areaHa":0.68,"designation":null,"dedicated":null,"builtYear":null,"renovatedYear":null,"planningAreaId":null,"planningAreaName":null,"centroid":[12.575955,55.68837],"bounds":[12.57429,55.68739,12.57774,55.68916],"amenities":{"playground":{"status":"not-observed","count":0,"nearestMeters":null,"coverage":"community-mapped-observations"},"toilet":{"status":"observed-nearby","count":2,"nearestMeters":45,"coverage":"community-mapped-observations"},"drinkingFountain":{"status":"observed-nearby","count":1,"nearestMeters":67,"coverage":"community-mapped-observations"},"dogRun":{"status":"observed-nearby","count":1,"nearestMeters":0,"coverage":"community-mapped-observations"}},"sourceId":"parks"}},{"type":"Feature","id":"copenhagen:97","geometry":{"type":"Polygon","coordinates":[[[12.49395537,55.69419486],[12.49435527,55.69407002],[12.49487469,55.69420119],[12.49492191,55.69424281],[12.49485993,55.69442555],[12.49395537,55.69419486]]]},"properties":{"id":"copenhagen:97","name":"Bellahøjvej-Slotsherrensvej","nameAddon":null,"objectNumber":"97","district":"Vanløse","locality":null,"type":"Andet grønt område","areaM2":1282.1,"areaHa":0.13,"designation":null,"dedicated":null,"builtYear":null,"renovatedYear":null,"planningAreaId":null,"planningAreaName":null,"centroid":[12.494515,55.694233],"bounds":[12.49396,55.69407,12.49492,55.69443],"amenities":{"playground":{"status":"not-observed","count":0,"nearestMeters":null,"coverage":"community-mapped-observations"},"toilet":{"status":"not-observed","count":0,"nearestMeters":null,"coverage":"community-mapped-observations"},"drinkingFountain":{"status":"not-observed","count":0,"nearestMeters":null,"coverage":"community-mapped-observations"},"dogRun":{"status":"not-observed","count":0,"nearestMeters":null,"coverage":"community-mapped-observations"}},"sourceId":"parks"}},{"type":"Feature","id":"copenhagen:98","geometry":{"type":"MultiPolygon","coordinates":[[[[12.52969088,55.71975213],[12.53135983,55.71983354],[12.53125801,55.72023611],[12.52998306,55.72017098],[12.52991075,55.72005157],[12.52969088,55.71975213]]],[[[12.53165791,55.7202533],[12.53175973,55.71985345],[12.5356923,55.72004252],[12.53646553,55.72002804],[12.53729779,55.71995296],[12.53872473,55.7196879],[12.53954666,55.71943278],[12.54032137,55.7191252],[12.54038335,55.71916953],[12.54072717,55.71940474],[12.54071832,55.71944274],[12.54016053,55.7196879],[12.53941091,55.71994482],[12.53874244,55.72012303],[12.53785263,55.72029311],[12.53715761,55.72038357],[12.53551227,55.72044599],[12.53165791,55.7202533]]]]},"properties":{"id":"copenhagen:98","name":"Bispebjerg Parkallé","nameAddon":null,"objectNumber":"98","district":"Bispebjerg","locality":null,"type":"Lokale parker","areaM2":30281.5,"areaHa":3.03,"designation":null,"dedicated":null,"builtYear":null,"renovatedYear":null,"planningAreaId":null,"planningAreaName":null,"centroid":[12.53548,55.720017],"bounds":[12.52969,55.71913,12.54073,55.72045],"amenities":{"playground":{"status":"observed-nearby","count":2,"nearestMeters":0,"coverage":"community-mapped-observations"},"toilet":{"status":"not-observed","count":0,"nearestMeters":null,"coverage":"community-mapped-observations"},"drinkingFountain":{"status":"not-observed","count":0,"nearestMeters":null,"coverage":"community-mapped-observations"},"dogRun":{"status":"observed-nearby","count":1,"nearestMeters":8,"coverage":"community-mapped-observations"}},"sourceId":"parks"}},{"type":"Feature","id":"copenhagen:99","geometry":{"type":"MultiPolygon","coordinates":[[[[12.53326635,55.7135417],[12.53328553,55.71342229],[12.53346409,55.71318799],[12.53364411,55.71295187],[12.5336692,55.71253845],[12.53373856,55.71245703],[12.53421223,55.71277094],[12.53408238,55.71287317],[12.53403811,55.71322055],[12.53409861,55.71332368],[12.53407795,55.71353356],[12.53395105,55.71386466],[12.53390235,55.71422381],[12.5340632,55.71430523],[12.53363526,55.71468609],[12.53365592,55.71430794],[12.53326635,55.7135417]]],[[[12.53362346,55.71204632],[12.53365592,55.71201737],[12.53369576,55.71194047],[12.53374003,55.71026778],[12.53447785,55.71028406],[12.53410894,55.7122562],[12.53362346,55.71204632]]]]},"properties":{"id":"copenhagen:99","name":"Bispeparken","nameAddon":null,"objectNumber":"99","district":"Bispebjerg","locality":null,"type":"Lokale parker","areaM2":15308.9,"areaHa":1.53,"designation":null,"dedicated":null,"builtYear":null,"renovatedYear":null,"planningAreaId":null,"planningAreaName":null,"centroid":[12.53389,55.712269],"bounds":[12.53327,55.71027,12.53448,55.71469],"amenities":{"playground":{"status":"observed-nearby","count":1,"nearestMeters":39,"coverage":"community-mapped-observations"},"toilet":{"status":"not-observed","count":0,"nearestMeters":null,"coverage":"community-mapped-observations"},"drinkingFountain":{"status":"not-observed","count":0,"nearestMeters":null,"coverage":"community-mapped-observations"},"dogRun":{"status":"not-observed","count":0,"nearestMeters":null,"coverage":"community-mapped-observations"}},"sourceId":"parks"}}]}
